method,epoch,mse,teacher_match@32,current_graph_recall_sampled,replace_pct
dense,1,0.07815118134021759,0.00460625,1.0,
dense,2,0.07418236136436462,0.006121875,1.0,21.335312500000004
dense,3,0.07150428742170334,0.008375,1.0,22.050000000000004
dense,4,0.06969504058361053,0.0117,1.0,21.859375000000004
dense,5,0.06846576184034348,0.016059375,1.0,20.733437499999997
dense,6,0.06761519610881805,0.021828125,1.0,19.1653125
dense,7,0.06699938327074051,0.029784375,1.0,17.360624999999995
dense,8,0.06650955975055695,0.040303125,1.0,15.575000000000006
dense,9,0.06605368852615356,0.05441875,1.0,14.275000000000004
dense,10,0.0655401423573494,0.073175,1.0,13.369374999999994
dense,11,0.06486696749925613,0.098625,1.0,12.944374999999997
dense,12,0.06390080600976944,0.131446875,1.0,12.733125000000001
dense,13,0.06246618926525116,0.172215625,1.0,12.598125000000005
dense,14,0.06039905920624733,0.220646875,1.0,12.544687499999995
dense,15,0.057543229311704636,0.274475,1.0,12.31375
dense,16,0.053801458328962326,0.331046875,1.0,11.930937500000006
dense,17,0.04924247786402702,0.3866,1.0,11.3371875
dense,18,0.04420746490359306,0.434240625,1.0,10.354062500000005
dense,19,0.0391363762319088,0.47299375,1.0,9.409062499999997
dense,20,0.034372419118881226,0.500621875,1.0,8.498125000000002
dense,21,0.030074505135416985,0.52080625,1.0,7.822499999999999
dense,22,0.02628321386873722,0.535171875,1.0,7.266249999999996
dense,23,0.022982116788625717,0.54603125,1.0,6.9200000000000035
dense,24,0.020141147077083588,0.554540625,1.0,6.6131249999999975
dense,25,0.017756083980202675,0.561971875,1.0,6.351874999999996
dense,26,0.015793878585100174,0.5684625,1.0,6.129375000000003
dense,27,0.01416625827550888,0.574234375,1.0,5.919062500000005
dense,28,0.012781067751348019,0.57890625,1.0,5.723124999999996
dense,29,0.011584552936255932,0.583015625,1.0,5.488437499999998
dense,30,0.010552954860031605,0.58686875,1.0,5.284687499999996
dense,31,0.009672921150922775,0.59029375,1.0,5.063750000000001
dense,32,0.008928253315389156,0.59404375,1.0,4.967187500000003
dense,33,0.00829280260950327,0.597990625,1.0,4.808124999999997
dense,34,0.007734614424407482,0.60210625,1.0,4.6268749999999965
dense,35,0.007228926755487919,0.60609375,1.0,4.515312500000002
dense,36,0.006763509940356016,0.610703125,1.0,4.320000000000002
dense,37,0.006331976968795061,0.61560625,1.0,4.200625000000002
dense,38,0.005927489139139652,0.620609375,1.0,3.996250000000001
dense,39,0.005544452462345362,0.625775,1.0,3.8675000000000015
dense,40,0.005181900691241026,0.63129375,1.0,3.7662500000000043
dense,41,0.0048421332612633705,0.637025,1.0,3.656875000000004
dense,42,0.0045270612463355064,0.6426375,1.0,3.53
dense,43,0.004237102344632149,0.648234375,1.0,3.437187500000005
dense,44,0.0039721098728477955,0.6537,1.0,3.3084375000000055
dense,45,0.0037312789354473352,0.6590125,1.0,3.2256249999999986
dense,46,0.0035123061388731003,0.664409375,1.0,3.1334375000000025
dense,47,0.00331161729991436,0.6696875,1.0,3.0606249999999946
dense,48,0.0031254233326762915,0.674978125,1.0,2.945624999999996
dense,49,0.0029506965074688196,0.68003125,1.0,2.8553124999999957
dense,50,0.0027857550885528326,0.684696875,1.0,2.747812500000002
dense,51,0.0026302500627934933,0.68984375,1.0,2.688437499999996
dense,52,0.002484471770003438,0.69475625,1.0,2.5968749999999985
dense,53,0.0023485820274800062,0.699584375,1.0,2.5306249999999975
dense,54,0.0022223677951842546,0.704421875,1.0,2.4193750000000014
dense,55,0.0021054346580058336,0.70900625,1.0,2.3778124999999983
dense,56,0.0019973956514149904,0.7137625,1.0,2.2974999999999968
dense,57,0.0018978179432451725,0.718409375,1.0,2.280625000000003
dense,58,0.0018060291185975075,0.722825,1.0,2.1771874999999996
dense,59,0.0017210723599418998,0.72740625,1.0,2.093437499999995
dense,60,0.0016419400926679373,0.731615625,1.0,2.023750000000002
dense,61,0.0015678873751312494,0.73589375,1.0,1.9378125000000024
dense,62,0.0014985419111326337,0.74011875,1.0,1.8968749999999979
dense,63,0.0014337763423100114,0.744034375,1.0,1.852187500000002
dense,64,0.0013735004467889667,0.748246875,1.0,1.7750000000000044
dense,65,0.001317513408139348,0.751996875,1.0,1.7259374999999966
dense,66,0.001265441533178091,0.755809375,1.0,1.617500000000005
dense,67,0.0012167830718681216,0.7593125,1.0,1.607499999999995
dense,68,0.0011710514081642032,0.76261875,1.0,1.5134375000000033
dense,69,0.0011279309401288629,0.7661375,1.0,1.471562500000001
dense,70,0.001087311888113618,0.76943125,1.0,1.4353124999999967
dense,71,0.0010491382563486695,0.7724,1.0,1.3887500000000053
dense,72,0.0010132251773029566,0.775496875,1.0,1.3465625000000037
dense,73,0.0009792494820430875,0.7786,1.0,1.279687500000004
dense,74,0.0009469369542784989,0.781459375,1.0,1.2624999999999997
dense,75,0.0009162210044451058,0.784328125,1.0,1.232500000000003
dense,76,0.0008871949976310134,0.78700625,1.0,1.1803125000000025
dense,77,0.0008599143475294113,0.78990625,1.0,1.1506250000000051
dense,78,0.0008342647342942655,0.792534375,1.0,1.1340624999999993
dense,79,0.0008100062259472907,0.79495625,1.0,1.0778124999999972
dense,80,0.0007869151304475963,0.797653125,1.0,1.0759375000000015
dense,81,0.0007648708997294307,0.800028125,1.0,1.0065624999999967
dense,82,0.000743841053918004,0.802540625,1.0,1.020312499999998
dense,83,0.0007238156395033002,0.804890625,1.0,0.963124999999998
dense,84,0.0007047696271911263,0.80726875,1.0,0.9453124999999951
dense,85,0.0006866594776511192,0.809721875,1.0,0.9000000000000008
dense,86,0.0006694294861517847,0.8121,1.0,0.8731249999999968
dense,87,0.0006530173122882843,0.814365625,1.0,0.8662500000000017
dense,88,0.0006373639334924519,0.816684375,1.0,0.8387499999999992
dense,89,0.0006224261014722288,0.819046875,1.0,0.834062499999999
dense,90,0.0006081715691834688,0.82133125,1.0,0.8021874999999956
dense,91,0.0005945579614490271,0.82346875,1.0,0.767812499999998
dense,92,0.0005815213080495596,0.825659375,1.0,0.7737499999999953
dense,93,0.0005689924000762403,0.827675,1.0,0.7237500000000008
dense,94,0.0005569247296079993,0.829615625,1.0,0.7099999999999995
dense,95,0.0005453007761389017,0.8318,1.0,0.6962499999999983
dense,96,0.0005341085488907993,0.8339,1.0,0.6753125000000026
dense,97,0.0005233157426118851,0.8359375,1.0,0.6462500000000038
dense,98,0.0005128753837198019,0.838040625,1.0,0.6509375000000039
dense,99,0.0005027501028962433,0.840065625,1.0,0.6225000000000036
dense,100,0.0004929276183247566,0.841775,1.0,0.5931250000000055
dense,101,0.00048340673674829304,0.84374375,1.0,0.5974999999999953
dense,102,0.0004741773591376841,0.8456875,1.0,0.5646875000000051
dense,103,0.00046521174954250455,0.847353125,1.0,0.5493749999999964
dense,104,0.00045647562365047634,0.849140625,1.0,0.5393749999999975
dense,105,0.00044793938286602497,0.85098125,1.0,0.52875
dense,106,0.0004395815194584429,0.852825,1.0,0.538749999999999
dense,107,0.00043138908222317696,0.85453125,1.0,0.5178125000000033
dense,108,0.00042335662874393165,0.85630625,1.0,0.5024999999999946
dense,109,0.00041548593435436487,0.85815,1.0,0.5121875000000053
dense,110,0.00040777891990728676,0.86008125,1.0,0.5043750000000014
dense,111,0.00040022950270213187,0.861796875,1.0,0.48562500000000064
dense,112,0.0003928257501684129,0.86365625,1.0,0.48906250000000373
dense,113,0.00038555808714590967,0.865303125,1.0,0.470312500000003
dense,114,0.00037842613528482616,0.867071875,1.0,0.4684374999999963
dense,115,0.0003714354243129492,0.8687125,1.0,0.468124999999997
dense,116,0.0003645893302746117,0.8703875,1.0,0.4574999999999996
dense,117,0.0003578882897272706,0.872128125,1.0,0.45093750000000377
dense,118,0.0003513322735670954,0.8738,1.0,0.46093750000000266
dense,119,0.0003449262003414333,0.875525,1.0,0.45093750000000377
dense,120,0.0003386782482266426,0.87718125,1.0,0.43999999999999595
dense,121,0.0003325963334646076,0.87891875,1.0,0.4384374999999996
dense,122,0.00032668813946656883,0.880503125,1.0,0.4393749999999974
dense,123,0.0003209614078514278,0.882078125,1.0,0.4353124999999958
dense,124,0.0003154256846755743,0.883584375,1.0,0.43687500000000323
dense,125,0.000310090952552855,0.885171875,1.0,0.42093749999999597
dense,126,0.0003049675142392516,0.88673125,1.0,0.43906249999999813
dense,127,0.0003000640426762402,0.888203125,1.0,0.4249999999999976
dense,128,0.0002953875809907913,0.88980625,1.0,0.42562499999999615
dense,129,0.00029094438650645316,0.891240625,1.0,0.41781250000000325
dense,130,0.0002867384464479983,0.892753125,1.0,0.4262499999999947
dense,131,0.0002827742719091475,0.89416875,1.0,0.4193749999999996
dense,132,0.0002790556463878602,0.89554375,1.0,0.40124999999999744
dense,133,0.0002755841996986419,0.896875,1.0,0.40999999999999925
dense,134,0.00027235870948061347,0.89810625,1.0,0.3931250000000053
dense,135,0.00026937530492432415,0.899184375,1.0,0.3853125000000013
dense,136,0.00026662927120923996,0.90019375,1.0,0.385000000000002
dense,137,0.0002641140599735081,0.90111875,1.0,0.363749999999996
dense,138,0.0002618216385599226,0.90203125,1.0,0.37437500000000457
dense,139,0.0002597416751086712,0.9028625,1.0,0.35562500000000385
dense,140,0.00025786241167224944,0.9037,1.0,0.34031249999999513
dense,141,0.00025617145001888275,0.904434375,1.0,0.3428125000000004
dense,142,0.00025465586804784834,0.905115625,1.0,0.31999999999999806
dense,143,0.0002533017541281879,0.90568125,1.0,0.3196874999999988
dense,144,0.00025209467275999486,0.9062125,1.0,0.28562500000000046
dense,145,0.00025102010113187134,0.906790625,1.0,0.31124999999999625
dense,146,0.0002500641858205199,0.90719375,1.0,0.2618750000000003
dense,147,0.00024921356816776097,0.907578125,1.0,0.2509375000000036
dense,148,0.0002484559081494808,0.908040625,1.0,0.26781249999999757
dense,149,0.0002477794769220054,0.908325,1.0,0.24374999999999813
dense,150,0.00024717318592593074,0.9087,1.0,0.23906249999999796
dense,151,0.00024662705254741013,0.90898125,1.0,0.2162499999999956
dense,152,0.00024613202549517155,0.9091625,1.0,0.21218750000000508
dense,153,0.0002456799556966871,0.909384375,1.0,0.21593749999999634
dense,154,0.00024526409106329083,0.909540625,1.0,0.19062499999999982
dense,155,0.0002448782615829259,0.90968125,1.0,0.1865624999999982
dense,156,0.0002445171703584492,0.90985,1.0,0.1696875000000042
dense,157,0.0002441761316731572,0.910034375,1.0,0.17218749999999838
dense,158,0.0002438513038214296,0.9102125,1.0,0.15781249999999858
dense,159,0.00024353963090106845,0.910375,1.0,0.15343749999999767
dense,160,0.00024323830439243466,0.91046875,1.0,0.14250000000000096
dense,161,0.0002429448504699394,0.910640625,1.0,0.13406249999999842
dense,162,0.00024265758111141622,0.910725,1.0,0.12812500000000115
dense,163,0.0002423750120215118,0.91094375,1.0,0.13250000000000206
dense,164,0.0002420957462163642,0.910953125,1.0,0.11531249999999771
dense,165,0.00024181889602914453,0.911025,1.0,0.1387499999999986
dense,166,0.00024154353013727814,0.911153125,1.0,0.11781250000000298
dense,167,0.00024126881908159703,0.911171875,1.0,0.11812500000000226
dense,168,0.00024099420988932252,0.911240625,1.0,0.11406250000000062
dense,169,0.0002407190768280998,0.911328125,1.0,0.10468750000000027
dense,170,0.00024044291058089584,0.911378125,1.0,0.098750000000003
dense,171,0.00024016527459025383,0.911478125,1.0,0.10687499999999517
dense,172,0.00023988565953914076,0.91160625,1.0,0.10531249999999881
dense,173,0.0002396034833509475,0.911715625,1.0,0.09562499999999918
dense,174,0.00023931838222779334,0.911821875,1.0,0.10499999999999954
dense,175,0.00023902983230073005,0.911853125,1.0,0.090937499999999
dense,176,0.00023873741156421602,0.911953125,1.0,0.09531249999999991
dense,177,0.00023844046518206596,0.912025,1.0,0.09843750000000373
dense,178,0.0002381384838372469,0.91216875,1.0,0.09593749999999845
dense,179,0.00023783097276464105,0.912265625,1.0,0.08343750000000538
dense,180,0.000237517204368487,0.912371875,1.0,0.09624999999999773
dense,181,0.00023719650926068425,0.91253125,1.0,0.08593749999999956
dense,182,0.00023686813074164093,0.912590625,1.0,0.08031250000000156
dense,183,0.00023653155949432403,0.912728125,1.0,0.098750000000003
dense,184,0.00023618566046934575,0.912859375,1.0,0.08500000000000174
dense,185,0.00023582973517477512,0.9129625,1.0,0.08749999999999591
dense,186,0.00023546280863229185,0.91306875,1.0,0.0887500000000041
dense,187,0.00023508364392910153,0.9131625,1.0,0.08531250000000101
dense,188,0.00023469151346944273,0.91331875,1.0,0.09531249999999991
dense,189,0.0002342852094443515,0.91348125,1.0,0.08843750000000483
dense,190,0.00023386334942188114,0.9136625,1.0,0.09562499999999918
dense,191,0.00023342468193732202,0.913834375,1.0,0.08687499999999737
dense,192,0.00023296770814340562,0.914009375,1.0,0.08468750000000247
dense,193,0.00023249114747159183,0.914184375,1.0,0.08843750000000483
dense,194,0.00023199328279588372,0.91434375,1.0,0.09968750000000082
dense,195,0.00023147239699028432,0.9145,1.0,0.08749999999999591
dense,196,0.00023092670016922057,0.914634375,1.0,0.08343750000000538
dense,197,0.00023035440244711936,0.914778125,1.0,0.08406250000000393
dense,198,0.0002297533501405269,0.914946875,1.0,0.09281249999999464
dense,199,0.00022912127315066755,0.915175,1.0,0.09749999999999481
dense,200,0.00022845601779408753,0.9154,1.0,0.09718749999999554
dense,201,0.00022775496472604573,0.91563125,1.0,0.09031250000000046
dense,202,0.00022701549460180104,0.915871875,1.0,0.09812500000000446
dense,203,0.00022623484255746007,0.91625,1.0,0.09906250000000227
dense,204,0.00022541005455423146,0.916484375,1.0,0.09187499999999682
dense,205,0.0002245379873784259,0.916740625,1.0,0.09249999999999536
dense,206,0.00022361513401847333,0.917015625,1.0,0.09406250000000282
dense,207,0.00022263826394919306,0.91733125,1.0,0.10937500000000044
dense,208,0.0002216035354649648,0.917675,1.0,0.09968750000000082
dense,209,0.00022050713596399873,0.917959375,1.0,0.10406250000000172
dense,210,0.0002193450345657766,0.918309375,1.0,0.10000000000000009
dense,211,0.00021811322949361056,0.918759375,1.0,0.10562499999999808
dense,212,0.00021680741338059306,0.91919375,1.0,0.11375000000000135
dense,213,0.00021542329341173172,0.91968125,1.0,0.12343750000000098
dense,214,0.00021395663497969508,0.9201625,1.0,0.13374999999999915
dense,215,0.00021240331989247352,0.92063125,1.0,0.11499999999999844
dense,216,0.0002107592736138031,0.92115,1.0,0.12937499999999824
dense,217,0.00020902068354189396,0.921725,1.0,0.14062500000000533
dense,218,0.00020718421728815883,0.9222625,1.0,0.13281250000000133
dense,219,0.00020524710998870432,0.923015625,1.0,0.15687500000000076
dense,220,0.0002032073971349746,0.923609375,1.0,0.14125000000000387
dense,221,0.0002010639145737514,0.9242625,1.0,0.15187500000000131
dense,222,0.00019881674961652607,0.924975,1.0,0.15843749999999712
dense,223,0.00019646748842205852,0.925678125,1.0,0.15906249999999567
dense,224,0.00019401940517127514,0.92655625,1.0,0.19624999999999782
dense,225,0.00019147768034599721,0.927440625,1.0,0.17781249999999638
dense,226,0.00018884982273448259,0.928328125,1.0,0.17718749999999783
dense,227,0.00018614558211993426,0.929221875,1.0,0.20156249999999654
dense,228,0.0001833774585975334,0.930278125,1.0,0.20999999999999908
dense,229,0.00018056048429571092,0.931246875,1.0,0.2140625000000007
dense,230,0.00017771226703189313,0.93233125,1.0,0.23374999999999924
dense,231,0.00017485277203377336,0.933471875,1.0,0.2396874999999965
dense,232,0.00017200392903760076,0.934615625,1.0,0.25374999999999703
dense,233,0.00016918937035370618,0.93579375,1.0,0.24874999999999758
dense,234,0.0001664331357460469,0.93705625,1.0,0.2662500000000012
dense,235,0.0001637594250496477,0.938271875,1.0,0.2765624999999994
dense,236,0.00016119166684802622,0.93973125,1.0,0.291874999999997
dense,237,0.00015875107783358544,0.941065625,1.0,0.2840625000000041
dense,238,0.00015645644452888519,0.942340625,1.0,0.29906250000000245
dense,239,0.0001543229300295934,0.94355625,1.0,0.3162499999999957
dense,240,0.0001523618120700121,0.944775,1.0,0.29218749999999627
dense,241,0.0001505799446022138,0.945865625,1.0,0.2840625000000041
dense,242,0.00014897994697093964,0.94685,1.0,0.2771874999999979
dense,243,0.00014756026212126017,0.947715625,1.0,0.299687500000001
dense,244,0.00014631559315603226,0.948590625,1.0,0.2809375000000003
dense,245,0.0001452374126529321,0.94955,1.0,0.26812499999999684
dense,246,0.0001443147921236232,0.9504,1.0,0.27812499999999574
dense,247,0.00014353482401929796,0.951215625,1.0,0.27000000000000357
dense,248,0.00014288353850133717,0.9516875,1.0,0.25781249999999867
dense,249,0.0001423464564140886,0.95220625,1.0,0.24343749999999886
dense,250,0.00014190898218657821,0.952659375,1.0,0.22812500000000124
dense,251,0.00014155707322061062,0.953053125,1.0,0.2175000000000038
dense,252,0.00014127747272141278,0.953375,1.0,0.22031249999999725
dense,253,0.00014105801528785378,0.953803125,1.0,0.19500000000000073
dense,254,0.00014088764146436006,0.953965625,1.0,0.18562500000000037
dense,255,0.00014075677609071136,0.954165625,1.0,0.19031250000000055
dense,256,0.00014065696450416,0.954415625,1.0,0.16718749999999893
dense,257,0.00014058113447390497,0.9544875,1.0,0.1475000000000004
dense,258,0.00014052337792236358,0.954609375,1.0,0.15406249999999622
dense,259,0.00014047889271751046,0.95474375,1.0,0.13906249999999787
dense,260,0.0001404437207384035,0.954759375,1.0,0.11531249999999771
dense,261,0.00014041487884242088,0.954746875,1.0,0.11124999999999607
dense,262,0.00014039008237887174,0.954809375,1.0,0.10343750000000318
dense,263,0.00014036762877367437,0.9548,1.0,0.09031250000000046
dense,264,0.00014034622290637344,0.954809375,1.0,0.08593749999999956
dense,265,0.00014032513718120754,0.954875,1.0,0.0821874999999972
dense,266,0.0001403037749696523,0.954846875,1.0,0.08843750000000483
dense,267,0.00014028199075255543,0.95484375,1.0,0.06593750000000176
dense,268,0.00014025963901076466,0.954859375,1.0,0.06593750000000176
dense,269,0.00014023674884811044,0.954840625,1.0,0.07562500000000139
dense,270,0.00014021346578374505,0.954846875,1.0,0.0543749999999954
dense,271,0.00014019000809639692,0.954815625,1.0,0.05906249999999558
dense,272,0.0001401664485456422,0.9548625,1.0,0.05906249999999558
dense,273,0.0001401430636178702,0.954878125,1.0,0.05031250000000487
dense,274,0.00014012004248797894,0.954890625,1.0,0.053437499999997584
dense,275,0.00014009758888278157,0.95488125,1.0,0.055000000000005045
dense,276,0.00014007584832143039,0.954921875,1.0,0.046875000000001776
dense,277,0.0001400549808749929,0.9549,1.0,0.05093750000000341
dense,278,0.00014003513206262141,0.954934375,1.0,0.04562500000000469
dense,279,0.00014001637464389205,0.9549625,1.0,0.04937499999999595
dense,280,0.00013999878137838095,0.954975,1.0,0.0443749999999965
dense,281,0.00013998245412949473,0.9550375,1.0,0.040312499999994866
dense,282,0.00013996729103382677,0.9550625,1.0,0.043437499999998685
dense,283,0.00013995339395478368,0.955053125,1.0,0.03937499999999705
dense,284,0.00013994076289236546,0.955071875,1.0,0.03531249999999542
dense,285,0.0001399292959831655,0.95509375,1.0,0.0343749999999976
dense,286,0.0001399189786752686,0.95506875,1.0,0.02687500000000398
dense,287,0.00013990972365718335,0.955053125,1.0,0.03281250000000124
dense,288,0.00013990141451358795,0.95501875,1.0,0.033125000000000515
dense,289,0.00013989412400405854,0.955009375,1.0,0.03093749999999451
dense,290,0.00013988766295369714,0.955015625,1.0,0.03281250000000124
dense,291,0.00013988197315484285,0.955009375,1.0,0.028125000000001066
dense,292,0.00013987701095174998,0.95500625,1.0,0.02906249999999888
dense,293,0.0001398726599290967,0.955021875,1.0,0.023437500000000888
dense,294,0.000139868920086883,0.95504375,1.0,0.02531249999999652
dense,295,0.00013986570411361754,0.955040625,1.0,0.024999999999997247
dense,296,0.0001398629101458937,0.95504375,1.0,0.019687499999998526
dense,297,0.00013986049452796578,0.955053125,1.0,0.0221875000000038
dense,298,0.0001398584572598338,0.955046875,1.0,0.02062499999999634
dense,299,0.0001398567110300064,0.9550375,1.0,0.022500000000003073
dense,300,0.00013985519763082266,0.955028125,1.0,0.017500000000003624
dense,301,0.0001398538879584521,0.955009375,1.0,0.013125000000002718
dense,302,0.00013985276746097952,0.955040625,1.0,0.014374999999999805
dense,303,0.00013985182158648968,0.955034375,1.0,0.017812500000002895
dense,304,0.00013985103578306735,0.95506875,1.0,0.015624999999996891
dense,305,0.00013985027908347547,0.955075,1.0,0.01531249999999762
dense,306,0.00013984966790303588,0.955078125,1.0,0.010937499999996714
dense,307,0.00013984915858600289,0.9550625,1.0,0.013125000000002718
dense,308,0.00013984862016513944,0.955078125,1.0,0.007500000000004725
dense,309,0.0001398481399519369,0.955075,1.0,0.009999999999998899
dense,310,0.00013984776160214096,0.955071875,1.0,0.005312499999998721
dense,311,0.00013984744146000594,0.9550625,1.0,0.007812500000003997
dense,312,0.00013984706311021,0.955040625,1.0,0.010624999999997442
dense,313,0.00013984672841615975,0.955040625,1.0,0.005624999999997993
dense,314,0.00013984642282593995,0.955025,1.0,0.006249999999996536
dense,315,0.00013984611723572016,0.95501875,1.0,0.0068749999999950795
dense,316,0.0001398458261974156,0.955021875,1.0,0.008750000000001812
dense,317,0.00013984560791868716,0.95500625,1.0,0.0068749999999950795
dense,318,0.00013984534598421305,0.955025,1.0,0.005624999999997993
dense,319,0.00013984512770548463,0.955021875,1.0,0.005624999999997993
dense,320,0.00013984496763441712,0.95501875,1.0,0.004999999999999449
dense,321,0.000139844705699943,0.955040625,1.0,0.004062500000001634
dense,322,0.00013984453107696027,0.95504375,1.0,0.006249999999996536
dense,323,0.00013984438555780798,0.955059375,1.0,0.0068749999999950795
dense,324,0.0001398442400386557,0.955053125,1.0,0.0037500000000023626
dense,325,0.00013984407996758819,0.955053125,1.0,0.003125000000003819
dense,326,0.00013984396355226636,0.955040625,1.0,0.004999999999999449
dense,327,0.00013984384713694453,0.955034375,1.0,0.005937499999997264
dense,328,0.00013984375982545316,0.95505625,1.0,0.004375000000000906
dense,329,0.0001398436288582161,0.955053125,1.0,0.003437500000003091
dense,330,0.00013984355609863997,0.9550625,1.0,0.0037500000000023626
dense,331,0.00013984348333906382,0.95504375,1.0,0.005312499999998721
dense,332,0.00013984343968331814,0.95503125,1.0,0.004375000000000906
dense,333,0.0001398433232679963,0.9550375,1.0,0.0015624999999963585
dense,334,0.00013984330871608108,0.955040625,1.0,0.0018749999999956302
dense,335,0.00013984323595650494,0.95503125,1.0,0.0012499999999970868
dense,336,0.00013984325050842017,0.955025,1.0,0.004375000000000906
dense,337,0.00013984313409309834,0.955025,1.0,0.0037500000000023626
dense,338,0.00013984310498926789,0.955025,1.0,0.002187499999994902
dense,339,0.00013984310498926789,0.95501875,1.0,0.002187499999994902
dense,340,0.0001398430613335222,0.95503125,1.0,0.003125000000003819
dense,341,0.0001398430613335222,0.95503125,1.0,0.0009374999999978151
dense,342,0.00013984301767777652,0.95504375,1.0,0.002187499999994902
dense,343,0.00013984301767777652,0.955046875,1.0,0.0006249999999985434
dense,344,0.00013984298857394606,0.955053125,1.0,0.0018749999999956302
dense,345,0.0001398429594701156,0.955065625,1.0,0.0012499999999970868
dense,346,0.00013984297402203083,0.955065625,1.0,0.0028125000000045475
dense,347,0.00013984293036628515,0.95505625,1.0,0.004062500000001634
dense,348,0.00013984293036628515,0.95505625,1.0,0.0006249999999985434
dense,349,0.00013984293036628515,0.955053125,1.0,0.0015624999999963585
dense,350,0.00013984294491820037,0.95505,1.0,0.0015624999999963585
dense,351,0.00013984291581436992,0.955053125,1.0,0.0003124999999992717
dense,352,0.00013984293036628515,0.955053125,1.0,0.0009374999999978151
dense,353,0.00013984293036628515,0.95505,1.0,0.0006249999999985434
dense,354,0.0001398429012624547,0.95505,1.0,0.0012499999999970868
dense,355,0.00013984291581436992,0.95505,1.0,0.0
dense,356,0.00013984287215862423,0.95505,1.0,0.0006249999999985434
dense,357,0.00013984287215862423,0.955053125,1.0,0.0009374999999978151
dense,358,0.00013984291581436992,0.955053125,1.0,0.002187499999994902
dense,359,0.00013984288671053946,0.95505625,1.0,0.0006249999999985434
dense,360,0.000139842857606709,0.9550625,1.0,0.0009374999999978151
dense,361,0.00013984288671053946,0.955059375,1.0,0.0003124999999992717
dense,362,0.00013984287215862423,0.955059375,1.0,0.0
dense,363,0.00013984288671053946,0.955059375,1.0,0.0003124999999992717
dense,364,0.00013984288671053946,0.95505625,1.0,0.0006249999999985434
dense,365,0.00013984287215862423,0.95505625,1.0,0.0003124999999992717
dense,366,0.000139842857606709,0.955059375,1.0,0.0003124999999992717
dense,367,0.000139842857606709,0.955059375,1.0,0.0006249999999985434
dense,368,0.00013984284305479378,0.95505625,1.0,0.0009374999999978151
dense,369,0.000139842857606709,0.955059375,1.0,0.0003124999999992717
dense,370,0.0001398429012624547,0.955059375,1.0,0.0003124999999992717
dense,371,0.00013984287215862423,0.9550625,1.0,0.0003124999999992717
dense,372,0.000139842857606709,0.955065625,1.0,0.0009374999999978151
dense,373,0.000139842857606709,0.955065625,1.0,0.0
dense,374,0.000139842857606709,0.95506875,1.0,0.0003124999999992717
dense,375,0.00013984284305479378,0.95506875,1.0,0.0003124999999992717
dense,376,0.000139842857606709,0.95506875,1.0,0.0003124999999992717
dense,377,0.000139842857606709,0.95506875,1.0,0.0009374999999978151
dense,378,0.000139842857606709,0.95506875,1.0,0.0
dense,379,0.00013984284305479378,0.95506875,1.0,0.0
dense,380,0.00013984284305479378,0.955065625,1.0,0.0003124999999992717
dense,381,0.00013984282850287855,0.95506875,1.0,0.0006249999999985434
dense,382,0.00013984281395096332,0.9550625,1.0,0.0006249999999985434
dense,383,0.00013984284305479378,0.955065625,1.0,0.0006249999999985434
dense,384,0.0001398429012624547,0.955065625,1.0,0.0
dense,385,0.00013984288671053946,0.9550625,1.0,0.0012499999999970868
dense,386,0.00013984284305479378,0.955065625,1.0,0.0003124999999992717
dense,387,0.00013984287215862423,0.955065625,1.0,0.0
dense,388,0.00013984282850287855,0.9550625,1.0,0.0009374999999978151
dense,389,0.00013984282850287855,0.9550625,1.0,0.0006249999999985434
dense,390,0.000139842857606709,0.955059375,1.0,0.0003124999999992717
dense,391,0.00013984284305479378,0.955059375,1.0,0.0
dense,392,0.00013984284305479378,0.955059375,1.0,0.0003124999999992717
dense,393,0.00013984287215862423,0.9550625,1.0,0.0003124999999992717
dense,394,0.00013984284305479378,0.9550625,1.0,0.0003124999999992717
dense,395,0.000139842857606709,0.9550625,1.0,0.0
dense,396,0.00013984284305479378,0.9550625,1.0,0.0
dense,397,0.00013984284305479378,0.9550625,1.0,0.0
dense,398,0.00013984282850287855,0.9550625,1.0,0.0003124999999992717
dense,399,0.00013984281395096332,0.9550625,1.0,0.0003124999999992717
dense,400,0.00013984284305479378,0.9550625,1.0,0.0
dense,401,0.00013984284305479378,0.9550625,1.0,0.0
dense,402,0.00013984282850287855,0.9550625,1.0,0.0
dense,403,0.000139842857606709,0.9550625,1.0,0.0
dense,404,0.000139842857606709,0.9550625,1.0,0.0
dense,405,0.000139842857606709,0.9550625,1.0,0.0
dense,406,0.00013984281395096332,0.9550625,1.0,0.0003124999999992717
dense,407,0.00013984282850287855,0.9550625,1.0,0.0
dense,408,0.00013984284305479378,0.9550625,1.0,0.0
dense,409,0.00013984284305479378,0.9550625,1.0,0.0
dense,410,0.000139842857606709,0.9550625,1.0,0.0
dense,411,0.000139842857606709,0.9550625,1.0,0.0
dense,412,0.000139842857606709,0.9550625,1.0,0.0
dense,413,0.00013984284305479378,0.9550625,1.0,0.0003124999999992717
dense,414,0.00013984284305479378,0.9550625,1.0,0.0
dense,415,0.00013984284305479378,0.955059375,1.0,0.0003124999999992717
dense,416,0.00013984284305479378,0.9550625,1.0,0.0003124999999992717
dense,417,0.00013984284305479378,0.9550625,1.0,0.0
dense,418,0.000139842857606709,0.9550625,1.0,0.0
dense,419,0.000139842857606709,0.9550625,1.0,0.0
dense,420,0.000139842857606709,0.9550625,1.0,0.0
dense,421,0.000139842857606709,0.9550625,1.0,0.0003124999999992717
dense,422,0.00013984284305479378,0.955065625,1.0,0.0003124999999992717
dense,423,0.000139842857606709,0.955065625,1.0,0.0003124999999992717
dense,424,0.00013984284305479378,0.955065625,1.0,0.0003124999999992717
dense,425,0.00013984284305479378,0.955065625,1.0,0.0
dense,426,0.00013984281395096332,0.955065625,1.0,0.0
dense,427,0.00013984284305479378,0.955065625,1.0,0.0
dense,428,0.000139842857606709,0.955065625,1.0,0.0003124999999992717
dense,429,0.000139842857606709,0.955065625,1.0,0.0003124999999992717
dense,430,0.00013984288671053946,0.955065625,1.0,0.0003124999999992717
dense,431,0.00013984288671053946,0.9550625,1.0,0.0003124999999992717
dense,432,0.00013984287215862423,0.9550625,1.0,0.0003124999999992717
dense,433,0.00013984288671053946,0.9550625,1.0,0.0003124999999992717
dense,434,0.00013984288671053946,0.955065625,1.0,0.0003124999999992717
dense,435,0.00013984287215862423,0.955065625,1.0,0.0
dense,436,0.000139842857606709,0.955065625,1.0,0.0
dense,437,0.00013984287215862423,0.955065625,1.0,0.0
dense,438,0.000139842857606709,0.955065625,1.0,0.0
dense,439,0.000139842857606709,0.955065625,1.0,0.0
dense,440,0.000139842857606709,0.955065625,1.0,0.0
dense,441,0.00013984291581436992,0.9550625,1.0,0.0003124999999992717
dense,442,0.0001398429012624547,0.955065625,1.0,0.0003124999999992717
dense,443,0.0001398429012624547,0.9550625,1.0,0.0003124999999992717
dense,444,0.000139842857606709,0.9550625,1.0,0.0
dense,445,0.000139842857606709,0.9550625,1.0,0.0
dense,446,0.00013984287215862423,0.9550625,1.0,0.0
dense,447,0.000139842857606709,0.9550625,1.0,0.0003124999999992717
dense,448,0.000139842857606709,0.9550625,1.0,0.0
dense,449,0.00013984284305479378,0.9550625,1.0,0.0003124999999992717
dense,450,0.000139842857606709,0.9550625,1.0,0.0
dense,451,0.000139842857606709,0.9550625,1.0,0.0
dense,452,0.000139842857606709,0.955065625,1.0,0.0003124999999992717
dense,453,0.00013984284305479378,0.9550625,1.0,0.0003124999999992717
dense,454,0.000139842857606709,0.955065625,1.0,0.0003124999999992717
dense,455,0.000139842857606709,0.955065625,1.0,0.0
dense,456,0.000139842857606709,0.955065625,1.0,0.0
dense,457,0.00013984284305479378,0.955065625,1.0,0.0
dense,458,0.00013984284305479378,0.9550625,1.0,0.0003124999999992717
dense,459,0.00013984284305479378,0.9550625,1.0,0.0
dense,460,0.000139842857606709,0.9550625,1.0,0.0
dense,461,0.000139842857606709,0.9550625,1.0,0.0
dense,462,0.000139842857606709,0.955065625,1.0,0.0003124999999992717
dense,463,0.000139842857606709,0.955065625,1.0,0.0
dense,464,0.00013984288671053946,0.955065625,1.0,0.0
dense,465,0.00013984288671053946,0.9550625,1.0,0.0003124999999992717
dense,466,0.000139842857606709,0.9550625,1.0,0.0
dense,467,0.00013984287215862423,0.9550625,1.0,0.0
dense,468,0.00013984287215862423,0.9550625,1.0,0.0
dense,469,0.000139842857606709,0.955065625,1.0,0.0003124999999992717
dense,470,0.00013984284305479378,0.955065625,1.0,0.0
dense,471,0.00013984284305479378,0.955065625,1.0,0.0
dense,472,0.00013984284305479378,0.955065625,1.0,0.0
dense,473,0.00013984287215862423,0.955065625,1.0,0.0
dense,474,0.00013984284305479378,0.955065625,1.0,0.0
dense,475,0.00013984284305479378,0.955065625,1.0,0.0
dense,476,0.000139842857606709,0.955065625,1.0,0.0
dense,477,0.000139842857606709,0.955065625,1.0,0.0
dense,478,0.000139842857606709,0.955065625,1.0,0.0
dense,479,0.000139842857606709,0.955065625,1.0,0.0
dense,480,0.000139842857606709,0.955065625,1.0,0.0
dense,481,0.000139842857606709,0.955065625,1.0,0.0
dense,482,0.000139842857606709,0.955065625,1.0,0.0
dense,483,0.00013984287215862423,0.955065625,1.0,0.0
dense,484,0.000139842857606709,0.955065625,1.0,0.0
dense,485,0.000139842857606709,0.955065625,1.0,0.0
dense,486,0.00013984284305479378,0.955065625,1.0,0.0
dense,487,0.00013984284305479378,0.955065625,1.0,0.0
dense,488,0.000139842857606709,0.955065625,1.0,0.0
dense,489,0.000139842857606709,0.955065625,1.0,0.0
dense,490,0.00013984287215862423,0.9550625,1.0,0.0003124999999992717
dense,491,0.00013984287215862423,0.9550625,1.0,0.0003124999999992717
dense,492,0.00013984284305479378,0.9550625,1.0,0.0003124999999992717
dense,493,0.000139842857606709,0.9550625,1.0,0.0
dense,494,0.000139842857606709,0.9550625,1.0,0.0
dense,495,0.00013984287215862423,0.955065625,1.0,0.0003124999999992717
dense,496,0.000139842857606709,0.955065625,1.0,0.0
dense,497,0.000139842857606709,0.955065625,1.0,0.0
dense,498,0.000139842857606709,0.955065625,1.0,0.0
dense,499,0.00013984284305479378,0.955065625,1.0,0.0003124999999992717
dense,500,0.000139842857606709,0.955065625,1.0,0.0003124999999992717
exact_topk,1,0.1664455235004425,0.00380625,1.0,
exact_topk,2,0.1476496309041977,0.004278125,1.0,21.695937499999996
exact_topk,3,0.13273650407791138,0.004521875,1.0,19.945625
exact_topk,4,0.121552973985672,0.00498125,1.0,17.807812499999997
exact_topk,5,0.11340469866991043,0.005459375,1.0,15.959374999999998
exact_topk,6,0.10768701881170273,0.006053125,1.0,14.28625
exact_topk,7,0.10369701683521271,0.006753125,1.0,13.058749999999996
exact_topk,8,0.10089574009180069,0.00779375,1.0,12.0140625
exact_topk,9,0.0989595279097557,0.009021875,1.0,11.124687499999997
exact_topk,10,0.09746406972408295,0.01045625,1.0,10.500312499999998
exact_topk,11,0.09629055857658386,0.012,1.0,9.945000000000004
exact_topk,12,0.09512082487344742,0.0138625,1.0,9.595624999999997
exact_topk,13,0.09401021152734756,0.016028125,1.0,9.210312499999995
exact_topk,14,0.09285879880189896,0.0186625,1.0,9.178750000000003
exact_topk,15,0.09170109778642654,0.021659375,1.0,9.138437499999997
exact_topk,16,0.09046345949172974,0.02560625,1.0,9.220312500000006
exact_topk,17,0.08919918537139893,0.030390625,1.0,9.304999999999996
exact_topk,18,0.08782242983579636,0.0366625,1.0,9.367812499999994
exact_topk,19,0.08627283573150635,0.0447375,1.0,9.472812500000005
exact_topk,20,0.0844976082444191,0.055565625,1.0,9.734062499999997
exact_topk,21,0.08232990652322769,0.07054375,1.0,10.2465625
exact_topk,22,0.07949290424585342,0.092453125,1.0,11.051562500000001
exact_topk,23,0.07533924281597137,0.124890625,1.0,12.094062500000003
exact_topk,24,0.06928738951683044,0.173609375,1.0,13.774375000000006
exact_topk,25,0.060440268367528915,0.242215625,1.0,15.535937499999996
exact_topk,26,0.04878481477499008,0.327590625,1.0,16.896875
exact_topk,27,0.03566534444689751,0.415125,1.0,16.84375
exact_topk,28,0.02402103878557682,0.484621875,1.0,15.059687499999995
exact_topk,29,0.01604491099715233,0.527584375,1.0,12.704062500000003
exact_topk,30,0.011834400705993176,0.55076875,1.0,10.531250000000004
exact_topk,31,0.009610936045646667,0.565434375,1.0,9.129062499999996
exact_topk,32,0.008391831070184708,0.57648125,1.0,8.138749999999995
exact_topk,33,0.007665836252272129,0.584325,1.0,7.241874999999998
exact_topk,34,0.007194053381681442,0.590203125,1.0,6.492187500000002
exact_topk,35,0.006834796629846096,0.594465625,1.0,5.8734375000000005
exact_topk,36,0.006506449077278376,0.597528125,1.0,5.404687500000005
exact_topk,37,0.00617421418428421,0.60025625,1.0,4.982500000000001
exact_topk,38,0.005831593181937933,0.602665625,1.0,4.668125000000001
exact_topk,39,0.0054896376095712185,0.605009375,1.0,4.450312499999997
exact_topk,40,0.0051594991236925125,0.607559375,1.0,4.252187500000004
exact_topk,41,0.00484628789126873,0.609975,1.0,4.153437500000001
exact_topk,42,0.00454945582896471,0.612975,1.0,3.947500000000004
exact_topk,43,0.004268614575266838,0.615875,1.0,3.8490625
exact_topk,44,0.0040077283047139645,0.61873125,1.0,3.7746874999999958
exact_topk,45,0.0037698387168347836,0.622265625,1.0,3.661250000000005
exact_topk,46,0.0035526647698134184,0.62596875,1.0,3.601874999999999
exact_topk,47,0.0033486303873360157,0.6297625,1.0,3.4084374999999945
exact_topk,48,0.0031512884888798,0.633934375,1.0,3.383437499999997
exact_topk,49,0.002959421370178461,0.637915625,1.0,3.2578125000000013
exact_topk,50,0.0027767077554017305,0.642425,1.0,3.194375000000005
exact_topk,51,0.0026087425649166107,0.647146875,1.0,3.106874999999998
exact_topk,52,0.0024580657482147217,0.651315625,1.0,3.014062500000003
exact_topk,53,0.0023237220011651516,0.65626875,1.0,2.937500000000004
exact_topk,54,0.0022017108276486397,0.660953125,1.0,2.8334375000000023
exact_topk,55,0.002088201930746436,0.665496875,1.0,2.7396874999999987
exact_topk,56,0.0019802714232355356,0.670321875,1.0,2.665625000000005
exact_topk,57,0.0018781337421387434,0.674725,1.0,2.5587499999999985
exact_topk,58,0.0017839135834947228,0.67885,1.0,2.485000000000004
exact_topk,59,0.0016988650895655155,0.683515625,1.0,2.454687499999997
exact_topk,60,0.0016233562491834164,0.68790625,1.0,2.3653125000000053
exact_topk,61,0.001554784714244306,0.69235625,1.0,2.2503124999999957
exact_topk,62,0.0014920298708602786,0.69659375,1.0,2.147500000000002
exact_topk,63,0.0014329906553030014,0.70079375,1.0,2.0818749999999997
exact_topk,64,0.001377863110974431,0.705178125,1.0,2.028437500000002
exact_topk,65,0.0013263759901747108,0.709234375,1.0,1.9481250000000006
exact_topk,66,0.001278452342376113,0.713321875,1.0,1.8912499999999999
exact_topk,67,0.0012333720223978162,0.717346875,1.0,1.765625000000004
exact_topk,68,0.0011906370054930449,0.72145625,1.0,1.747812500000001
exact_topk,69,0.0011498238891363144,0.725525,1.0,1.6896875000000033
exact_topk,70,0.0011108439648523927,0.72939375,1.0,1.6393749999999985
exact_topk,71,0.0010737970005720854,0.733078125,1.0,1.607499999999995
exact_topk,72,0.0010386279318481684,0.736878125,1.0,1.570312500000004
exact_topk,73,0.0010056388564407825,0.740071875,1.0,1.4656250000000037
exact_topk,74,0.0009748142911121249,0.743765625,1.0,1.4634374999999977
exact_topk,75,0.0009458326385356486,0.7470375,1.0,1.406562499999997
exact_topk,76,0.0009186944807879627,0.75023125,1.0,1.3293749999999993
exact_topk,77,0.0008929937030188739,0.75336875,1.0,1.315624999999998
exact_topk,78,0.0008684400236234069,0.756396875,1.0,1.2490624999999977
exact_topk,79,0.0008451931062154472,0.75910625,1.0,1.1962499999999987
exact_topk,80,0.0008229861850850284,0.761984375,1.0,1.1803125000000025
exact_topk,81,0.0008019630331546068,0.764853125,1.0,1.1237500000000011
exact_topk,82,0.0007817770820111036,0.767625,1.0,1.105624999999999
exact_topk,83,0.0007623137207701802,0.770175,1.0,1.0375000000000023
exact_topk,84,0.000743473821785301,0.772665625,1.0,1.0187500000000016
exact_topk,85,0.000725405931007117,0.775225,1.0,0.9837500000000055
exact_topk,86,0.0007082174997776747,0.777753125,1.0,0.9634374999999973
exact_topk,87,0.0006918858853168786,0.780203125,1.0,0.9353124999999962
exact_topk,88,0.0006762949051335454,0.782671875,1.0,0.9156249999999977
exact_topk,89,0.0006614188896492124,0.78510625,1.0,0.8671874999999996
exact_topk,90,0.0006471614469774067,0.787228125,1.0,0.8693749999999945
exact_topk,91,0.0006334965000860393,0.78943125,1.0,0.8240625000000001
exact_topk,92,0.0006203980883583426,0.791603125,1.0,0.7959374999999991
exact_topk,93,0.00060771539574489,0.793665625,1.0,0.7824999999999971
exact_topk,94,0.0005954077350907028,0.79593125,1.0,0.7568750000000013
exact_topk,95,0.0005834421026520431,0.798078125,1.0,0.7484374999999988
exact_topk,96,0.0005718959728255868,0.80015,1.0,0.7162499999999961
exact_topk,97,0.0005607411148957908,0.802234375,1.0,0.7031250000000044
exact_topk,98,0.0005499786348082125,0.80414375,1.0,0.665625000000003
exact_topk,99,0.0005395938060246408,0.80595625,1.0,0.6774999999999975
exact_topk,100,0.0005295163136906922,0.807903125,1.0,0.6506250000000047
exact_topk,101,0.0005197781720198691,0.80969375,1.0,0.631875000000004
exact_topk,102,0.0005103161674924195,0.811396875,1.0,0.616249999999996
exact_topk,103,0.0005011300672776997,0.8132375,1.0,0.6181250000000027
exact_topk,104,0.00049221096560359,0.815109375,1.0,0.6040625000000022
exact_topk,105,0.0004835441941395402,0.816940625,1.0,0.5865624999999985
exact_topk,106,0.00047512113815173507,0.8188125,1.0,0.5743750000000047
exact_topk,107,0.00046691877651028335,0.820490625,1.0,0.553437499999998
exact_topk,108,0.00045891894842498004,0.822196875,1.0,0.5437499999999984
exact_topk,109,0.00045112823136150837,0.823890625,1.0,0.5478125
exact_topk,110,0.0004434965376276523,0.8257375,1.0,0.5353124999999959
exact_topk,111,0.0004360342281870544,0.827525,1.0,0.5362500000000048
exact_topk,112,0.0004287546908017248,0.829290625,1.0,0.5090625000000015
exact_topk,113,0.0004216224479023367,0.83105625,1.0,0.5000000000000004
exact_topk,114,0.00041463287197984755,0.832765625,1.0,0.5087500000000023
exact_topk,115,0.000407766317948699,0.83450625,1.0,0.500624999999999
exact_topk,116,0.00040102022467181087,0.836171875,1.0,0.4593749999999952
exact_topk,117,0.0003943995398003608,0.838003125,1.0,0.48093750000000046
exact_topk,118,0.000387869484256953,0.8398,1.0,0.4718749999999994
exact_topk,119,0.0003814465017057955,0.841325,1.0,0.43999999999999595
exact_topk,120,0.00037509133107960224,0.84305,1.0,0.4349999999999965
exact_topk,121,0.00036881957203149796,0.84461875,1.0,0.4418750000000027
exact_topk,122,0.0003626203106250614,0.846290625,1.0,0.4296874999999978
exact_topk,123,0.0003564665385056287,0.848015625,1.0,0.43687500000000323
exact_topk,124,0.0003503647749312222,0.84981875,1.0,0.4425000000000012
exact_topk,125,0.0003443023015279323,0.851475,1.0,0.40999999999999925
exact_topk,126,0.00033828572486527264,0.8533,1.0,0.4318750000000038
exact_topk,127,0.00033229682594537735,0.854975,1.0,0.4218750000000049
exact_topk,128,0.00032632186776027083,0.856678125,1.0,0.40999999999999925
exact_topk,129,0.0003203690575901419,0.8583625,1.0,0.4162499999999958
exact_topk,130,0.00031443708576261997,0.860196875,1.0,0.4106249999999978
exact_topk,131,0.0003085009811911732,0.861959375,1.0,0.40218749999999526
exact_topk,132,0.0003025722107850015,0.8637125,1.0,0.4015624999999967
exact_topk,133,0.0002966392785310745,0.865546875,1.0,0.4118749999999949
exact_topk,134,0.0002906962181441486,0.86751875,1.0,0.4071874999999947
exact_topk,135,0.00028474023565649986,0.86946875,1.0,0.4053124999999991
exact_topk,136,0.0002787830599118024,0.871275,1.0,0.38781249999999545
exact_topk,137,0.00027281208895146847,0.873171875,1.0,0.4006249999999989
exact_topk,138,0.00026682831230573356,0.875171875,1.0,0.3996875000000011
exact_topk,139,0.0002608399372547865,0.8771875,1.0,0.41562499999999725
exact_topk,140,0.0002548540069255978,0.879240625,1.0,0.41093749999999707
exact_topk,141,0.00024886749451979995,0.88111875,1.0,0.40249999999999453
exact_topk,142,0.00024289300199598074,0.88306875,1.0,0.4031250000000042
exact_topk,143,0.00023692809918429703,0.88499375,1.0,0.39875000000000327
exact_topk,144,0.00023098387464415282,0.887015625,1.0,0.404062500000002
exact_topk,145,0.00022509097470901906,0.889215625,1.0,0.4031250000000042
exact_topk,146,0.00021924905013293028,0.8912875,1.0,0.4031250000000042
exact_topk,147,0.00021346272842492908,0.89333125,1.0,0.4003124999999996
exact_topk,148,0.000207758232136257,0.89553125,1.0,0.4093750000000007
exact_topk,149,0.00020213238894939423,0.89758125,1.0,0.3937500000000038
exact_topk,150,0.00019660551333799958,0.8997375,1.0,0.41218750000000526
exact_topk,151,0.00019119246280752122,0.90189375,1.0,0.3971874999999958
exact_topk,152,0.00018590240506455302,0.904159375,1.0,0.4171875000000047
exact_topk,153,0.00018075172556564212,0.906425,1.0,0.4181250000000025
exact_topk,154,0.00017574586672708392,0.908671875,1.0,0.4203124999999974
exact_topk,155,0.00017090268374886364,0.911084375,1.0,0.43312500000000087
exact_topk,156,0.00016623749979771674,0.9133625,1.0,0.41906250000000034
exact_topk,157,0.00016175131895579398,0.91576875,1.0,0.44343749999999904
exact_topk,158,0.00015745543350931257,0.917909375,1.0,0.4128125000000038
exact_topk,159,0.00015335518401116133,0.91995,1.0,0.4006249999999989
exact_topk,160,0.0001494568568887189,0.92206875,1.0,0.3974999999999951
exact_topk,161,0.0001457704056520015,0.924225,1.0,0.4131250000000031
exact_topk,162,0.00014228724467102438,0.92626875,1.0,0.398437500000004
exact_topk,163,0.00013901738566346467,0.928384375,1.0,0.40124999999999744
exact_topk,164,0.00013595519703812897,0.9303875,1.0,0.398437500000004
exact_topk,165,0.00013310063513927162,0.93234375,1.0,0.4003124999999996
exact_topk,166,0.00013045052764937282,0.9340625,1.0,0.37249999999999783
exact_topk,167,0.0001279991993214935,0.9358625,1.0,0.36906249999999474
exact_topk,168,0.00012574247375596315,0.937453125,1.0,0.36249999999999893
exact_topk,169,0.00012367514136712998,0.93906875,1.0,0.35250000000000004
exact_topk,170,0.00012178692850284278,0.94050625,1.0,0.34437499999999677
exact_topk,171,0.00012006943870801479,0.94180625,1.0,0.3231250000000019
exact_topk,172,0.00011851280578412116,0.94319375,1.0,0.33687500000000314
exact_topk,173,0.00011710669787134975,0.944396875,1.0,0.3118749999999948
exact_topk,174,0.00011584431922528893,0.94565,1.0,0.30250000000000554
exact_topk,175,0.00011471448669908568,0.946728125,1.0,0.2950000000000008
exact_topk,176,0.00011370742868166417,0.94773125,1.0,0.27906250000000465
exact_topk,177,0.00011281557090114802,0.94855,1.0,0.2587499999999965
exact_topk,178,0.00011202663881704211,0.949321875,1.0,0.2496874999999954
exact_topk,179,0.00011133036605315283,0.95001875,1.0,0.2543749999999956
exact_topk,180,0.0001107228163164109,0.9506875,1.0,0.22281250000000252
exact_topk,181,0.0001101933085010387,0.951325,1.0,0.22999999999999687
exact_topk,182,0.0001097357235266827,0.951821875,1.0,0.21124999999999616
exact_topk,183,0.0001093382597900927,0.952265625,1.0,0.1974999999999949
exact_topk,184,0.00010899445624090731,0.952646875,1.0,0.19687499999999636
exact_topk,185,0.00010870258847717196,0.952965625,1.0,0.18124999999999947
exact_topk,186,0.00010845038923434913,0.953221875,1.0,0.16000000000000458
exact_topk,187,0.00010823716002050787,0.953528125,1.0,0.18031250000000165
exact_topk,188,0.00010805536294355989,0.953821875,1.0,0.16812499999999675
exact_topk,189,0.0001079016292351298,0.953971875,1.0,0.15593750000000295
exact_topk,190,0.00010777005809359252,0.954146875,1.0,0.1353124999999955
exact_topk,191,0.00010765952902147546,0.9543125,1.0,0.1287499999999997
exact_topk,192,0.00010756582923932001,0.9544,1.0,0.1265625000000048
exact_topk,193,0.00010748755448730662,0.95459375,1.0,0.1309374999999946
exact_topk,194,0.00010741996811702847,0.954665625,1.0,0.10531249999999881
exact_topk,195,0.00010736312833614647,0.95475,1.0,0.08718749999999664
exact_topk,196,0.0001073149178409949,0.95480625,1.0,0.09249999999999536
exact_topk,197,0.00010727363405749202,0.954890625,1.0,0.08749999999999591
exact_topk,198,0.00010723887680796906,0.95493125,1.0,0.0787500000000052
exact_topk,199,0.00010720921272877604,0.95495,1.0,0.08500000000000174
exact_topk,200,0.00010718371777329594,0.95503125,1.0,0.08062500000000083
exact_topk,201,0.00010716167162172496,0.9550375,1.0,0.07593750000000066
exact_topk,202,0.000107141888292972,0.955046875,1.0,0.06562500000000249
exact_topk,203,0.0001071233709808439,0.95505625,1.0,0.06156250000000085
exact_topk,204,0.00010710825881687924,0.955090625,1.0,0.053749999999996856
exact_topk,205,0.00010709319758461788,0.95513125,1.0,0.05968750000000522
exact_topk,206,0.00010707888577599078,0.9551375,1.0,0.05531250000000432
exact_topk,207,0.00010706662578741089,0.9550875,1.0,0.0443749999999965
exact_topk,208,0.0001070546277333051,0.955075,1.0,0.03687500000000288
exact_topk,209,0.00010704245505621657,0.9551,1.0,0.039999999999995595
exact_topk,210,0.00010703266889322549,0.955125,1.0,0.040312499999994866
exact_topk,211,0.00010702218423830345,0.9551375,1.0,0.03562499999999469
exact_topk,212,0.00010701267456170171,0.955103125,1.0,0.04250000000000087
exact_topk,213,0.00010700347047531977,0.9551375,1.0,0.033125000000000515
exact_topk,214,0.00010699431732064113,0.955190625,1.0,0.027500000000002522
exact_topk,215,0.00010698613914428279,0.9551875,1.0,0.03593750000000506
exact_topk,216,0.0001069788631866686,0.9551875,1.0,0.031250000000004885
exact_topk,217,0.00010697104880819097,0.955259375,1.0,0.03250000000000197
exact_topk,218,0.00010696489334804937,0.95529375,1.0,0.02718750000000325
exact_topk,219,0.00010695868695620447,0.955321875,1.0,0.028125000000001066
exact_topk,220,0.0001069528516381979,0.95533125,1.0,0.02562499999999579
exact_topk,221,0.00010694720549508929,0.95535625,1.0,0.02906249999999888
exact_topk,222,0.00010694219963625073,0.955359375,1.0,0.020937499999995612
exact_topk,223,0.0001069377176463604,0.955365625,1.0,0.02593749999999506
exact_topk,224,0.00010693319927668199,0.95533125,1.0,0.02031249999999707
exact_topk,225,0.00010692924115573987,0.9553375,1.0,0.022500000000003073
exact_topk,226,0.0001069251520675607,0.9553625,1.0,0.01843750000000144
exact_topk,227,0.00010692179057514295,0.955375,1.0,0.017500000000003624
exact_topk,228,0.00010691872739698738,0.95536875,1.0,0.01687500000000508
exact_topk,229,0.00010691554052755237,0.955365625,1.0,0.01843750000000144
exact_topk,230,0.00010691306670196354,0.95535625,1.0,0.01875000000000071
exact_topk,231,0.00010691084753489122,0.95533125,1.0,0.01687500000000508
exact_topk,232,0.0001069090430974029,0.95534375,1.0,0.018125000000002167
exact_topk,233,0.00010690722410799935,0.95533125,1.0,0.014999999999998348
exact_topk,234,0.0001069052450475283,0.955334375,1.0,0.01531249999999762
exact_topk,235,0.00010690377530409023,0.95534375,1.0,0.01343750000000199
exact_topk,236,0.00010690280032576993,0.955359375,1.0,0.016562499999994706
exact_topk,237,0.00010690172348404303,0.955365625,1.0,0.009062500000001084
exact_topk,238,0.00010690041381167248,0.955353125,1.0,0.01343750000000199
exact_topk,239,0.00010689983173506334,0.955334375,1.0,0.009375000000000355
exact_topk,240,0.00010689882037695497,0.955315625,1.0,0.013125000000002718
exact_topk,241,0.00010689809278119355,0.95531875,1.0,0.00843750000000254
exact_topk,242,0.00010689723421819508,0.955315625,1.0,0.007500000000004725
exact_topk,243,0.0001068970886990428,0.955315625,1.0,0.009687499999999627
exact_topk,244,0.00010689677583286539,0.95533125,1.0,0.009999999999998899
exact_topk,245,0.00010689615010051057,0.955334375,1.0,0.008125000000003268
exact_topk,246,0.00010689592454582453,0.9553625,1.0,0.00843750000000254
exact_topk,247,0.00010689585178624839,0.955346875,1.0,0.006249999999996536
exact_topk,248,0.00010689532791730016,0.95536875,1.0,0.006249999999996536
exact_topk,249,0.0001068947312887758,0.955384375,1.0,0.005937499999997264
exact_topk,250,0.00010689428745536134,0.95538125,1.0,0.0068749999999950795
exact_topk,251,0.00010689394548535347,0.955375,1.0,0.004375000000000906
exact_topk,252,0.0001068937053787522,0.955371875,1.0,0.004687500000000178
exact_topk,253,0.00010689371265470982,0.95538125,1.0,0.005312499999998721
exact_topk,254,0.00010689361079130322,0.95539375,1.0,0.004375000000000906
exact_topk,255,0.0001068934507202357,0.955378125,1.0,0.005624999999997993
exact_topk,256,0.00010689339251257479,0.955378125,1.0,0.004062500000001634
exact_topk,257,0.00010689357441151515,0.955384375,1.0,0.004375000000000906
exact_topk,258,0.00010689355985959992,0.955378125,1.0,0.004687500000000178
exact_topk,259,0.00010689348710002378,0.955384375,1.0,0.0015624999999963585
exact_topk,260,0.00010689327609725296,0.955390625,1.0,0.004687500000000178
exact_topk,261,0.00010689315240597352,0.955396875,1.0,0.003437500000003091
exact_topk,262,0.00010689301416277885,0.955409375,1.0,0.0025000000000052758
exact_topk,263,0.00010689307237043977,0.955415625,1.0,0.004375000000000906
exact_topk,264,0.0001068932397174649,0.9554125,1.0,0.002187499999994902
exact_topk,265,0.00010689331975299865,0.95540625,1.0,0.002187499999994902
exact_topk,266,0.00010689316695788875,0.955409375,1.0,0.0025000000000052758
exact_topk,267,0.00010689294140320271,0.955409375,1.0,0.002187499999994902
exact_topk,268,0.00010689284681575373,0.9554,1.0,0.003125000000003819
exact_topk,269,0.00010689277405617759,0.955390625,1.0,0.002187499999994902
exact_topk,270,0.00010689282498788089,0.9554,1.0,0.0025000000000052758
exact_topk,271,0.00010689284681575373,0.95540625,1.0,0.003125000000003819
exact_topk,272,0.00010689292685128748,0.955403125,1.0,0.0015624999999963585
exact_topk,273,0.00010689286864362657,0.955403125,1.0,0.002187499999994902
exact_topk,274,0.00010689286864362657,0.9554,1.0,0.0015624999999963585
exact_topk,275,0.00010689282498788089,0.95540625,1.0,0.0018749999999956302
exact_topk,276,0.00010689268674468622,0.9554,1.0,0.0025000000000052758
exact_topk,277,0.00010689271584851667,0.955403125,1.0,0.0009374999999978151
exact_topk,278,0.00010689265764085576,0.955403125,1.0,0.0003124999999992717
exact_topk,279,0.00010689253394957632,0.955396875,1.0,0.0012499999999970868
exact_topk,280,0.00010689236660255119,0.955396875,1.0,0.0009374999999978151
exact_topk,281,0.00010689249029383063,0.955403125,1.0,0.002187499999994902
exact_topk,282,0.0001068924757419154,0.9554125,1.0,0.0009374999999978151
exact_topk,283,0.00010689255577744916,0.9554125,1.0,0.0006249999999985434
exact_topk,284,0.00010689258488127962,0.9554125,1.0,0.0006249999999985434
exact_topk,285,0.00010689265764085576,0.9554125,1.0,0.0018749999999956302
exact_topk,286,0.0001068926794687286,0.9554125,1.0,0.0012499999999970868
exact_topk,287,0.00010689270129660144,0.95540625,1.0,0.0006249999999985434
exact_topk,288,0.00010689266491681337,0.955409375,1.0,0.0009374999999978151
exact_topk,289,0.00010689260670915246,0.95540625,1.0,0.0012499999999970868
exact_topk,290,0.00010689246119000018,0.955409375,1.0,0.0018749999999956302
exact_topk,291,0.00010689249756978825,0.9554125,1.0,0.0003124999999992717
exact_topk,292,0.00010689253394957632,0.9554125,1.0,0.0006249999999985434
exact_topk,293,0.00010689258488127962,0.955409375,1.0,0.0018749999999956302
exact_topk,294,0.00010689259215723723,0.95540625,1.0,0.0015624999999963585
exact_topk,295,0.00010689260670915246,0.95540625,1.0,0.0009374999999978151
exact_topk,296,0.00010689255577744916,0.955403125,1.0,0.0003124999999992717
exact_topk,297,0.00010689270129660144,0.955409375,1.0,0.0009374999999978151
exact_topk,298,0.00010689258488127962,0.955403125,1.0,0.0009374999999978151
exact_topk,299,0.00010689258488127962,0.955396875,1.0,0.0006249999999985434
exact_topk,300,0.00010689260670915246,0.95539375,1.0,0.0009374999999978151
exact_topk,301,0.00010689260670915246,0.95539375,1.0,0.0006249999999985434
exact_topk,302,0.00010689249029383063,0.955384375,1.0,0.0012499999999970868
exact_topk,303,0.00010689260670915246,0.95538125,1.0,0.0025000000000052758
exact_topk,304,0.00010689251212170348,0.955375,1.0,0.0009374999999978151
exact_topk,305,0.00010689243936212733,0.955384375,1.0,0.0015624999999963585
exact_topk,306,0.00010689236660255119,0.955390625,1.0,0.0012499999999970868
exact_topk,307,0.00010689238115446642,0.95539375,1.0,0.0009374999999978151
exact_topk,308,0.00010689243936212733,0.9553875,1.0,0.0009374999999978151
exact_topk,309,0.00010689251212170348,0.95539375,1.0,0.0009374999999978151
exact_topk,310,0.00010689243936212733,0.95538125,1.0,0.0015624999999963585
exact_topk,311,0.00010689232294680551,0.9553875,1.0,0.0009374999999978151
exact_topk,312,0.00010689240298233926,0.9553875,1.0,0.0003124999999992717
exact_topk,313,0.00010689243936212733,0.9553875,1.0,0.0015624999999963585
exact_topk,314,0.00010689243936212733,0.955384375,1.0,0.0015624999999963585
exact_topk,315,0.00010689246119000018,0.9553875,1.0,0.0012499999999970868
exact_topk,316,0.00010689238115446642,0.9553875,1.0,0.0012499999999970868
exact_topk,317,0.00010689241753425449,0.9553875,1.0,0.0003124999999992717
exact_topk,318,0.00010689253394957632,0.955396875,1.0,0.0018749999999956302
exact_topk,319,0.00010689257032936439,0.955384375,1.0,0.0018749999999956302
exact_topk,320,0.00010689246119000018,0.955390625,1.0,0.0006249999999985434
exact_topk,321,0.00010689255577744916,0.9553875,1.0,0.0006249999999985434
exact_topk,322,0.00010689249029383063,0.955390625,1.0,0.0009374999999978151
exact_topk,323,0.00010689258488127962,0.955390625,1.0,0.0015624999999963585
exact_topk,324,0.00010689241753425449,0.95539375,1.0,0.0009374999999978151
exact_topk,325,0.00010689253394957632,0.9553875,1.0,0.0006249999999985434
exact_topk,326,0.00010689253394957632,0.9553875,1.0,0.0
exact_topk,327,0.00010689255577744916,0.955390625,1.0,0.0009374999999978151
exact_topk,328,0.00010689246119000018,0.95539375,1.0,0.0012499999999970868
exact_topk,329,0.0001068925266736187,0.955390625,1.0,0.0003124999999992717
exact_topk,330,0.00010689258488127962,0.95538125,1.0,0.0015624999999963585
exact_topk,331,0.0001068924757419154,0.955384375,1.0,0.0006249999999985434
exact_topk,332,0.00010689251212170348,0.9553875,1.0,0.0015624999999963585
exact_topk,333,0.0001068925266736187,0.9553875,1.0,0.0
exact_topk,334,0.0001068925266736187,0.955384375,1.0,0.0006249999999985434
exact_topk,335,0.00010689268674468622,0.955384375,1.0,0.0015624999999963585
exact_topk,336,0.00010689249756978825,0.9553875,1.0,0.0009374999999978151
exact_topk,337,0.00010689253394957632,0.955384375,1.0,0.0006249999999985434
exact_topk,338,0.0001068925266736187,0.955384375,1.0,0.0006249999999985434
exact_topk,339,0.00010689246119000018,0.9553875,1.0,0.0006249999999985434
exact_topk,340,0.00010689251212170348,0.9553875,1.0,0.0009374999999978151
exact_topk,341,0.00010689257032936439,0.955390625,1.0,0.0006249999999985434
exact_topk,342,0.00010689255577744916,0.955384375,1.0,0.0009374999999978151
exact_topk,343,0.00010689249029383063,0.9553875,1.0,0.0003124999999992717
exact_topk,344,0.00010689243936212733,0.955390625,1.0,0.0006249999999985434
exact_topk,345,0.00010689251212170348,0.9553875,1.0,0.0006249999999985434
exact_topk,346,0.00010689254850149155,0.9553875,1.0,0.0006249999999985434
exact_topk,347,0.00010689260670915246,0.95538125,1.0,0.0009374999999978151
exact_topk,348,0.00010689254850149155,0.9553875,1.0,0.0012499999999970868
exact_topk,349,0.00010689243936212733,0.955390625,1.0,0.0006249999999985434
exact_topk,350,0.00010689253394957632,0.955384375,1.0,0.0009374999999978151
exact_topk,351,0.00010689259215723723,0.95538125,1.0,0.0009374999999978151
exact_topk,352,0.0001068925266736187,0.955390625,1.0,0.0012499999999970868
exact_topk,353,0.00010689258488127962,0.955384375,1.0,0.0006249999999985434
exact_topk,354,0.00010689245391404256,0.955390625,1.0,0.0006249999999985434
exact_topk,355,0.0001068925266736187,0.95538125,1.0,0.0009374999999978151
exact_topk,356,0.00010689255577744916,0.955384375,1.0,0.0003124999999992717
exact_topk,357,0.00010689243936212733,0.9553875,1.0,0.0012499999999970868
exact_topk,358,0.00010689245391404256,0.955390625,1.0,0.0012499999999970868
exact_topk,359,0.00010689266491681337,0.955384375,1.0,0.0009374999999978151
exact_topk,360,0.00010689255577744916,0.95538125,1.0,0.0006249999999985434
exact_topk,361,0.0001068926794687286,0.955384375,1.0,0.0009374999999978151
exact_topk,362,0.00010689254850149155,0.9553875,1.0,0.0015624999999963585
exact_topk,363,0.00010689251212170348,0.95538125,1.0,0.0006249999999985434
exact_topk,364,0.00010689241753425449,0.955384375,1.0,0.0006249999999985434
exact_topk,365,0.00010689255577744916,0.95538125,1.0,0.0012499999999970868
exact_topk,366,0.00010689260670915246,0.95538125,1.0,0.0003124999999992717
exact_topk,367,0.00010689253394957632,0.95538125,1.0,0.0009374999999978151
exact_topk,368,0.00010689253394957632,0.955378125,1.0,0.0003124999999992717
exact_topk,369,0.00010689245391404256,0.9553875,1.0,0.0009374999999978151
exact_topk,370,0.00010689243936212733,0.9553875,1.0,0.0
exact_topk,371,0.00010689275222830474,0.95538125,1.0,0.0015624999999963585
exact_topk,372,0.00010689253394957632,0.95538125,1.0,0.0015624999999963585
exact_topk,373,0.0001068924757419154,0.95538125,1.0,0.0009374999999978151
exact_topk,374,0.0001068925266736187,0.955384375,1.0,0.0006249999999985434
exact_topk,375,0.00010689262126106769,0.95538125,1.0,0.0006249999999985434
exact_topk,376,0.00010689251212170348,0.955384375,1.0,0.0006249999999985434
exact_topk,377,0.00010689249029383063,0.955384375,1.0,0.0006249999999985434
exact_topk,378,0.00010689249029383063,0.955384375,1.0,0.0006249999999985434
exact_topk,379,0.00010689249756978825,0.955384375,1.0,0.0009374999999978151
exact_topk,380,0.00010689258488127962,0.95538125,1.0,0.0006249999999985434
exact_topk,381,0.0001068926794687286,0.95538125,1.0,0.0006249999999985434
exact_topk,382,0.0001068924757419154,0.95538125,1.0,0.0012499999999970868
exact_topk,383,0.00010689251212170348,0.9553875,1.0,0.0009374999999978151
exact_topk,384,0.00010689253394957632,0.955384375,1.0,0.0012499999999970868
exact_topk,385,0.0001068926285370253,0.95538125,1.0,0.0006249999999985434
exact_topk,386,0.00010689260670915246,0.95538125,1.0,0.0
exact_topk,387,0.00010689255577744916,0.95538125,1.0,0.0006249999999985434
exact_topk,388,0.00010689246119000018,0.955390625,1.0,0.0012499999999970868
exact_topk,389,0.00010689249029383063,0.955384375,1.0,0.0009374999999978151
exact_topk,390,0.00010689259215723723,0.955378125,1.0,0.0012499999999970868
exact_topk,391,0.00010689258488127962,0.95538125,1.0,0.0006249999999985434
exact_topk,392,0.00010689255577744916,0.95538125,1.0,0.0
exact_topk,393,0.00010689241753425449,0.955390625,1.0,0.0012499999999970868
exact_topk,394,0.00010689257032936439,0.9553875,1.0,0.0012499999999970868
exact_topk,395,0.00010689260670915246,0.95538125,1.0,0.0009374999999978151
exact_topk,396,0.00010689253394957632,0.955378125,1.0,0.0006249999999985434
exact_topk,397,0.0001068926285370253,0.95538125,1.0,0.0006249999999985434
exact_topk,398,0.00010689246119000018,0.955390625,1.0,0.0012499999999970868
exact_topk,399,0.00010689251212170348,0.9553875,1.0,0.0006249999999985434
exact_topk,400,0.00010689255577744916,0.95538125,1.0,0.0012499999999970868
exact_topk,401,0.00010689257032936439,0.95538125,1.0,0.0003124999999992717
exact_topk,402,0.00010689259215723723,0.95538125,1.0,0.0
exact_topk,403,0.00010689249756978825,0.955384375,1.0,0.0009374999999978151
exact_topk,404,0.00010689251212170348,0.955384375,1.0,0.0009374999999978151
exact_topk,405,0.00010689255577744916,0.955384375,1.0,0.0012499999999970868
exact_topk,406,0.00010689268674468622,0.95538125,1.0,0.0006249999999985434
exact_topk,407,0.00010689253394957632,0.955384375,1.0,0.0012499999999970868
exact_topk,408,0.00010689253394957632,0.955384375,1.0,0.0009374999999978151
exact_topk,409,0.00010689243936212733,0.955384375,1.0,0.0006249999999985434
exact_topk,410,0.00010689251212170348,0.955384375,1.0,0.0006249999999985434
exact_topk,411,0.00010689262126106769,0.95538125,1.0,0.0006249999999985434
exact_topk,412,0.00010689255577744916,0.955384375,1.0,0.0006249999999985434
exact_topk,413,0.00010689246119000018,0.95538125,1.0,0.0012499999999970868
exact_topk,414,0.00010689255577744916,0.9553875,1.0,0.0015624999999963585
exact_topk,415,0.00010689266491681337,0.95538125,1.0,0.0015624999999963585
exact_topk,416,0.00010689258488127962,0.95538125,1.0,0.0003124999999992717
exact_topk,417,0.00010689249756978825,0.9553875,1.0,0.0006249999999985434
exact_topk,418,0.00010689243936212733,0.9553875,1.0,0.0006249999999985434
exact_topk,419,0.00010689253394957632,0.955384375,1.0,0.0015624999999963585
exact_topk,420,0.00010689258488127962,0.95538125,1.0,0.0009374999999978151
exact_topk,421,0.00010689258488127962,0.95538125,1.0,0.0
exact_topk,422,0.00010689251212170348,0.955384375,1.0,0.0003124999999992717
exact_topk,423,0.00010689249029383063,0.9553875,1.0,0.0012499999999970868
exact_topk,424,0.00010689253394957632,0.95538125,1.0,0.0012499999999970868
exact_topk,425,0.00010689254850149155,0.95538125,1.0,0.0012499999999970868
exact_topk,426,0.0001068926794687286,0.95538125,1.0,0.0006249999999985434
exact_topk,427,0.00010689249756978825,0.9553875,1.0,0.0012499999999970868
exact_topk,428,0.00010689255577744916,0.955384375,1.0,0.0012499999999970868
exact_topk,429,0.00010689243936212733,0.955384375,1.0,0.0012499999999970868
exact_topk,430,0.00010689257032936439,0.95538125,1.0,0.0009374999999978151
exact_topk,431,0.00010689258488127962,0.95538125,1.0,0.0006249999999985434
exact_topk,432,0.00010689255577744916,0.955384375,1.0,0.0012499999999970868
exact_topk,433,0.00010689251212170348,0.9553875,1.0,0.0006249999999985434
exact_topk,434,0.0001068924757419154,0.95538125,1.0,0.0012499999999970868
exact_topk,435,0.00010689253394957632,0.955378125,1.0,0.0003124999999992717
exact_topk,436,0.00010689253394957632,0.955384375,1.0,0.0009374999999978151
exact_topk,437,0.00010689253394957632,0.955384375,1.0,0.0009374999999978151
exact_topk,438,0.00010689259215723723,0.9553875,1.0,0.0006249999999985434
exact_topk,439,0.00010689258488127962,0.95538125,1.0,0.0015624999999963585
exact_topk,440,0.00010689243936212733,0.95538125,1.0,0.0009374999999978151
exact_topk,441,0.00010689255577744916,0.955384375,1.0,0.0009374999999978151
exact_topk,442,0.00010689253394957632,0.955384375,1.0,0.0009374999999978151
exact_topk,443,0.00010689253394957632,0.9553875,1.0,0.0003124999999992717
exact_topk,444,0.00010689259215723723,0.955378125,1.0,0.0012499999999970868
exact_topk,445,0.00010689254850149155,0.955378125,1.0,0.0003124999999992717
exact_topk,446,0.00010689246119000018,0.9553875,1.0,0.0009374999999978151
exact_topk,447,0.00010689254850149155,0.955384375,1.0,0.0006249999999985434
exact_topk,448,0.00010689265764085576,0.9553875,1.0,0.0012499999999970868
exact_topk,449,0.00010689262126106769,0.95538125,1.0,0.0018749999999956302
exact_topk,450,0.00010689255577744916,0.955378125,1.0,0.0009374999999978151
exact_topk,451,0.00010689241753425449,0.955384375,1.0,0.0006249999999985434
exact_topk,452,0.00010689251212170348,0.955384375,1.0,0.0006249999999985434
exact_topk,453,0.00010689257032936439,0.9553875,1.0,0.0012499999999970868
exact_topk,454,0.00010689258488127962,0.95538125,1.0,0.0009374999999978151
exact_topk,455,0.00010689258488127962,0.95538125,1.0,0.0006249999999985434
exact_topk,456,0.00010689243936212733,0.955384375,1.0,0.0009374999999978151
exact_topk,457,0.00010689251212170348,0.9553875,1.0,0.0006249999999985434
exact_topk,458,0.00010689265764085576,0.955384375,1.0,0.0015624999999963585
exact_topk,459,0.0001068926285370253,0.95538125,1.0,0.0009374999999978151
exact_topk,460,0.00010689254850149155,0.95538125,1.0,0.0006249999999985434
exact_topk,461,0.00010689249029383063,0.95538125,1.0,0.0009374999999978151
exact_topk,462,0.00010689243936212733,0.9553875,1.0,0.0006249999999985434
exact_topk,463,0.00010689253394957632,0.9553875,1.0,0.0009374999999978151
exact_topk,464,0.00010689260670915246,0.95538125,1.0,0.0006249999999985434
exact_topk,465,0.00010689258488127962,0.955384375,1.0,0.0009374999999978151
exact_topk,466,0.0001068925266736187,0.955378125,1.0,0.0012499999999970868
exact_topk,467,0.00010689243936212733,0.955384375,1.0,0.0009374999999978151
exact_topk,468,0.00010689258488127962,0.95538125,1.0,0.0009374999999978151
exact_topk,469,0.0001068926285370253,0.9553875,1.0,0.0012499999999970868
exact_topk,470,0.00010689253394957632,0.955384375,1.0,0.0015624999999963585
exact_topk,471,0.00010689251212170348,0.955384375,1.0,0.0003124999999992717
exact_topk,472,0.00010689253394957632,0.955378125,1.0,0.0009374999999978151
exact_topk,473,0.00010689260670915246,0.955384375,1.0,0.0012499999999970868
exact_topk,474,0.00010689251212170348,0.9553875,1.0,0.0009374999999978151
exact_topk,475,0.00010689257032936439,0.955384375,1.0,0.0012499999999970868
exact_topk,476,0.00010689253394957632,0.955384375,1.0,0.0003124999999992717
exact_topk,477,0.00010689251212170348,0.955378125,1.0,0.0009374999999978151
exact_topk,478,0.00010689258488127962,0.95538125,1.0,0.0006249999999985434
exact_topk,479,0.00010689257032936439,0.9553875,1.0,0.0009374999999978151
exact_topk,480,0.00010689254850149155,0.9553875,1.0,0.0012499999999970868
exact_topk,481,0.00010689253394957632,0.95538125,1.0,0.0012499999999970868
exact_topk,482,0.00010689253394957632,0.95538125,1.0,0.0012499999999970868
exact_topk,483,0.00010689257032936439,0.95538125,1.0,0.0003124999999992717
exact_topk,484,0.00010689251212170348,0.9553875,1.0,0.0006249999999985434
exact_topk,485,0.00010689246119000018,0.955384375,1.0,0.0012499999999970868
exact_topk,486,0.00010689251212170348,0.955384375,1.0,0.0009374999999978151
exact_topk,487,0.00010689253394957632,0.95538125,1.0,0.0006249999999985434
exact_topk,488,0.00010689264308894053,0.95538125,1.0,0.0006249999999985434
exact_topk,489,0.00010689257032936439,0.95538125,1.0,0.0012499999999970868
exact_topk,490,0.00010689245391404256,0.9553875,1.0,0.0015624999999963585
exact_topk,491,0.00010689251212170348,0.955384375,1.0,0.0006249999999985434
exact_topk,492,0.00010689259215723723,0.95538125,1.0,0.0018749999999956302
exact_topk,493,0.00010689258488127962,0.95538125,1.0,0.0006249999999985434
exact_topk,494,0.00010689257032936439,0.955384375,1.0,0.0003124999999992717
exact_topk,495,0.00010689251212170348,0.9553875,1.0,0.0012499999999970868
exact_topk,496,0.00010689249756978825,0.9553875,1.0,0.0006249999999985434
exact_topk,497,0.00010689253394957632,0.955378125,1.0,0.0012499999999970868
exact_topk,498,0.00010689258488127962,0.95538125,1.0,0.0003124999999992717
exact_topk,499,0.00010689251212170348,0.95538125,1.0,0.0009374999999978151
exact_topk,500,0.00010689246119000018,0.9553875,1.0,0.0015624999999963585
ariad,1,0.13863925635814667,0.003490625,0.01184375,
ariad,2,0.1346493661403656,0.00333125,0.0265,51.3646875
ariad,3,0.13347627222537994,0.003546875,0.04475,38.48125
ariad,4,0.1314893662929535,0.00365,0.07221875,31.395625000000006
ariad,5,0.1284562349319458,0.003925,0.09590625,27.130625
ariad,6,0.12469328194856644,0.004065625,0.12265625,25.003125000000004
ariad,7,0.12030813843011856,0.00436875,0.147125,23.873124999999995
ariad,8,0.11609938740730286,0.004590625,0.174125,23.272499999999997
ariad,9,0.11215966194868088,0.004775,0.20703125,22.8328125
ariad,10,0.1090206503868103,0.005128125,0.2434375,22.180625
ariad,11,0.10644914209842682,0.005353125,0.278375,21.319062499999998
ariad,12,0.1045902818441391,0.005584375,0.3303125,20.1315625
ariad,13,0.10294828563928604,0.00581875,0.37846875,18.851562499999996
ariad,14,0.10173111408948898,0.00599375,0.41915625,17.12
ariad,15,0.10069460421800613,0.006246875,0.471625,15.788437499999997
ariad,16,0.09969290345907211,0.0064875,0.51590625,14.317187499999996
ariad,17,0.09864191710948944,0.006853125,0.55040625,13.215937499999997
ariad,18,0.09762024879455566,0.007284375,0.58103125,12.194375
ariad,19,0.096586212515831,0.007565625,0.6046875,11.3475
ariad,20,0.09557726234197617,0.007990625,0.63190625,10.7853125
ariad,21,0.09461364150047302,0.008525,0.6521875,10.264375000000003
ariad,22,0.09362152963876724,0.009125,0.65684375,9.719999999999995
ariad,23,0.0926971286535263,0.009834375,0.67453125,9.387812500000003
ariad,24,0.09177248179912567,0.0106625,0.6879375,9.005937500000005
ariad,25,0.09090923517942429,0.011603125,0.6980625,8.763750000000003
ariad,26,0.09007763117551804,0.012759375,0.7045625,8.379375
ariad,27,0.08916864544153214,0.014090625,0.71071875,8.144375000000004
ariad,28,0.08840582519769669,0.01568125,0.72290625,7.925625000000003
ariad,29,0.08769165724515915,0.017425,0.72521875,7.794687499999997
ariad,30,0.08691177517175674,0.019478125,0.72496875,7.719687500000005
ariad,31,0.08606775850057602,0.02183125,0.729,7.523749999999996
ariad,32,0.08530307561159134,0.024565625,0.7381875,7.477500000000004
ariad,33,0.08451264351606369,0.02755,0.73453125,7.4150000000000045
ariad,34,0.08370234817266464,0.03109375,0.7380625,7.425937500000002
ariad,35,0.08283466845750809,0.035084375,0.7363125,7.423437499999997
ariad,36,0.08190178871154785,0.039884375,0.73884375,7.322499999999998
ariad,37,0.0809243842959404,0.045471875,0.730625,7.494687499999997
ariad,38,0.07978586107492447,0.0521,0.73225,7.534687500000004
ariad,39,0.07850892841815948,0.059625,0.7145,7.679374999999999
ariad,40,0.0771004855632782,0.068828125,0.713,7.907187500000001
ariad,41,0.07541302591562271,0.08001875,0.695375,8.278125000000003
ariad,42,0.07338716834783554,0.09369375,0.679625,8.587187500000004
ariad,43,0.0709812119603157,0.110334375,0.65796875,8.891875000000004
ariad,44,0.0680890902876854,0.130640625,0.635,9.530312500000004
ariad,45,0.06468354165554047,0.15515,0.618,10.068750000000005
ariad,46,0.06056762486696243,0.1846625,0.60034375,10.8753125
ariad,47,0.05571367219090462,0.219190625,0.595375,11.585625
ariad,48,0.05023664981126785,0.258228125,0.6006875,12.168437499999996
ariad,49,0.044281765818595886,0.300696875,0.598875,12.660312500000003
ariad,50,0.03804122656583786,0.344546875,0.62075,12.854687499999995
ariad,51,0.03203427791595459,0.387659375,0.66409375,12.726562500000005
ariad,52,0.026207033544778824,0.429284375,0.6894375,12.258749999999996
ariad,53,0.020715344697237015,0.467271875,0.722625,11.378437500000004
ariad,54,0.01600022055208683,0.49941875,0.746375,10.403125000000003
ariad,55,0.012320478446781635,0.526365625,0.777375,9.379375000000001
ariad,56,0.00949830748140812,0.54754375,0.79221875,8.454375000000002
ariad,57,0.00757322832942009,0.563803125,0.80671875,7.544375000000003
ariad,58,0.006204677280038595,0.576159375,0.82159375,6.924375000000005
ariad,59,0.005235895048826933,0.5861,0.8295,6.428124999999996
ariad,60,0.004572911188006401,0.594184375,0.836,5.989374999999997
ariad,61,0.004108279477804899,0.6009625,0.84803125,5.569374999999999
ariad,62,0.003761286148801446,0.607478125,0.8506875,5.231249999999998
ariad,63,0.0034853031393140554,0.613309375,0.85553125,4.936874999999996
ariad,64,0.003250598907470703,0.619015625,0.86465625,4.74
ariad,65,0.0030411924235522747,0.624640625,0.8711875,4.548437500000002
ariad,66,0.0028600061777979136,0.630059375,0.8733125,4.260624999999996
ariad,67,0.0026961052790284157,0.63556875,0.87753125,4.074374999999996
ariad,68,0.0025485469959676266,0.64113125,0.88271875,3.9156250000000004
ariad,69,0.002409831853583455,0.646890625,0.884375,3.731249999999997
ariad,70,0.002281955210492015,0.652271875,0.89021875,3.5725000000000007
ariad,71,0.002162494696676731,0.657721875,0.8961875,3.465937500000005
ariad,72,0.002050419570878148,0.6628,0.90003125,3.2896875000000048
ariad,73,0.0019465957302600145,0.6677875,0.9043125,3.1578125000000012
ariad,74,0.0018485542386770248,0.67261875,0.9063125,3.0590624999999982
ariad,75,0.0017569735646247864,0.67751875,0.9110625,2.9718750000000016
ariad,76,0.0016724731540307403,0.6821625,0.91140625,2.7765625000000016
ariad,77,0.0015946674393489957,0.686959375,0.91640625,2.7609375000000047
ariad,78,0.0015232616569846869,0.691678125,0.9216875,2.626874999999995
ariad,79,0.001456273254007101,0.696075,0.9220625,2.540312499999997
ariad,80,0.0013924712548032403,0.7005625,0.92221875,2.451562500000004
ariad,81,0.0013317784760147333,0.704665625,0.92696875,2.3665625000000023
ariad,82,0.0012743063271045685,0.708903125,0.93,2.2746875000000055
ariad,83,0.0012210834538564086,0.71264375,0.93409375,2.180000000000004
ariad,84,0.0011721745831891894,0.716725,0.932125,2.085625000000002
ariad,85,0.0011271302355453372,0.720259375,0.93521875,2.0006250000000003
ariad,86,0.0010852414416149259,0.724003125,0.94109375,1.9275000000000042
ariad,87,0.0010459641925990582,0.7278125,0.93884375,1.8915624999999991
ariad,88,0.0010084375971928239,0.7316125,0.94346875,1.8137500000000029
ariad,89,0.000972844660282135,0.73561875,0.94246875,1.7365625000000051
ariad,90,0.0009391095954924822,0.7393125,0.943375,1.6671875000000003
ariad,91,0.0009068027138710022,0.742871875,0.94853125,1.6143750000000012
ariad,92,0.0008759456686675549,0.7465,0.94875,1.571562500000001
ariad,93,0.0008466348517686129,0.7502,0.9511875,1.5000000000000013
ariad,94,0.0008191581582650542,0.753609375,0.949,1.4665625000000015
ariad,95,0.0007933108136057854,0.757165625,0.951,1.4125000000000054
ariad,96,0.0007689679623581469,0.760584375,0.95140625,1.3834374999999954
ariad,97,0.0007458635373041034,0.763846875,0.95546875,1.3490624999999978
ariad,98,0.0007235155790112913,0.767134375,0.95496875,1.2815624999999997
ariad,99,0.0007018542382866144,0.770440625,0.95603125,1.2546874999999957
ariad,100,0.0006808229372836649,0.774009375,0.95871875,1.2275000000000036
ariad,101,0.0006605961825698614,0.777034375,0.95859375,1.1631249999999982
ariad,102,0.0006411598878912628,0.7799,0.960375,1.1099999999999999
ariad,103,0.0006226483965292573,0.78321875,0.95921875,1.0931249999999948
ariad,104,0.0006050466326996684,0.7864,0.96265625,1.0824999999999974
ariad,105,0.0005881731631234288,0.789109375,0.9640625,1.048437499999999
ariad,106,0.0005720261833630502,0.792221875,0.96353125,1.0084375000000034
ariad,107,0.0005564576131291687,0.7949125,0.96396875,0.9853125000000018
ariad,108,0.00054145697504282,0.797846875,0.9634375,0.9609375000000031
ariad,109,0.0005269402172416449,0.800534375,0.96565625,0.9346874999999977
ariad,110,0.0005129117053002119,0.803378125,0.96628125,0.9156249999999977
ariad,111,0.0004993389011360705,0.80605,0.96740625,0.8803125000000023
ariad,112,0.0004862216883338988,0.808603125,0.96746875,0.8978124999999948
ariad,113,0.00047355322749353945,0.811484375,0.96846875,0.8434374999999994
ariad,114,0.0004613521450664848,0.814309375,0.96953125,0.8603125000000045
ariad,115,0.0004495259199757129,0.817046875,0.96978125,0.8196874999999992
ariad,116,0.00043799809645861387,0.819678125,0.96971875,0.773437499999996
ariad,117,0.0004267006879672408,0.822159375,0.97065625,0.7525000000000004
ariad,118,0.0004156923678237945,0.82488125,0.972375,0.7668750000000002
ariad,119,0.00040501097100786865,0.827621875,0.97225,0.7546874999999953
ariad,120,0.0003946275101043284,0.830240625,0.97278125,0.7156249999999975
ariad,121,0.0003845621831715107,0.8328375,0.97165625,0.7334375000000004
ariad,122,0.00037476563011296093,0.835378125,0.97203125,0.6637499999999963
ariad,123,0.0003651994629763067,0.83805625,0.97390625,0.6940625000000034
ariad,124,0.00035585183650255203,0.84073125,0.97475,0.7043750000000015
ariad,125,0.0003467271744739264,0.84325625,0.97459375,0.6506250000000047
ariad,126,0.0003378206747584045,0.84556875,0.975375,0.6393749999999976
ariad,127,0.0003291342582087964,0.848040625,0.97603125,0.6328125000000018
ariad,128,0.00032064467086456716,0.8504125,0.97340625,0.6009374999999983
ariad,129,0.00031236629001796246,0.852965625,0.974625,0.6225000000000036
ariad,130,0.00030430167680606246,0.855378125,0.97634375,0.6018749999999962
ariad,131,0.0002964487939607352,0.857859375,0.97659375,0.6028125000000051
ariad,132,0.0002888313902076334,0.86025,0.9768125,0.6071874999999949
ariad,133,0.0002814438776113093,0.862553125,0.97621875,0.5887500000000045
ariad,134,0.0002742487413343042,0.865059375,0.9755625,0.5774999999999975
ariad,135,0.00026728128432296216,0.8674625,0.9775,0.5690624999999949
ariad,136,0.0002605317858979106,0.86996875,0.9769375,0.5568750000000011
ariad,137,0.0002539876732043922,0.872278125,0.97790625,0.5562500000000026
ariad,138,0.0002476518275216222,0.874646875,0.976625,0.5600000000000049
ariad,139,0.00024154693528544158,0.87705,0.97803125,0.5390624999999982
ariad,140,0.0002356734621571377,0.8791875,0.9790625,0.5149999999999988
ariad,141,0.00023001818044576794,0.88150625,0.97859375,0.527500000000003
ariad,142,0.00022458047897089273,0.8837375,0.977375,0.5328125000000017
ariad,143,0.00021934951655566692,0.885934375,0.98021875,0.5075000000000052
ariad,144,0.0002143199380952865,0.88811875,0.97946875,0.5181250000000026
ariad,145,0.00020949200552422553,0.89019375,0.9793125,0.5175000000000041
ariad,146,0.00020486043649725616,0.892221875,0.97940625,0.4862499999999992
ariad,147,0.00020040592062287033,0.894234375,0.97965625,0.48312499999999536
ariad,148,0.00019611880998127162,0.89638125,0.97890625,0.47437500000000465
ariad,149,0.0001919852220453322,0.89825625,0.97859375,0.4606250000000034
ariad,150,0.00018799799727275968,0.900059375,0.98078125,0.4581249999999981
ariad,151,0.00018413689394947141,0.901834375,0.9814375,0.46687499999999993
ariad,152,0.00018037900736089796,0.90356875,0.9813125,0.44093750000000487
ariad,153,0.0001767344947438687,0.90509375,0.98109375,0.41218750000000526
ariad,154,0.00017318472964689136,0.906834375,0.9803125,0.43343750000000014
ariad,155,0.00016970743308775127,0.90849375,0.98184375,0.41906250000000034
ariad,156,0.0001663033035583794,0.910103125,0.9823125,0.4137500000000016
ariad,157,0.00016296302783302963,0.911884375,0.98228125,0.4184375000000018
ariad,158,0.00015968017396517098,0.913340625,0.9813125,0.38468750000000274
ariad,159,0.00015645628445781767,0.915009375,0.98290625,0.3881249999999947
ariad,160,0.00015328721201512963,0.91648125,0.98340625,0.38124999999999964
ariad,161,0.00015017890837043524,0.918040625,0.98384375,0.3759375000000009
ariad,162,0.00014713506971020252,0.919628125,0.98246875,0.37562500000000165
ariad,163,0.00014416231715586036,0.921146875,0.9834375,0.377187499999998
ariad,164,0.00014126882888376713,0.9226625,0.983875,0.3693750000000051
ariad,165,0.00013845579815097153,0.924215625,0.98375,0.36437499999999456
ariad,166,0.00013574470358435065,0.92561875,0.98478125,0.3515625000000022
ariad,167,0.0001331342209596187,0.92705625,0.984625,0.3415625000000033
ariad,168,0.00013063702499493957,0.928471875,0.9844375,0.3284375000000006
ariad,169,0.00012826817692257464,0.92991875,0.985125,0.32999999999999696
ariad,170,0.00012603343930095434,0.931334375,0.984875,0.33593750000000533
ariad,171,0.00012393706128932536,0.932846875,0.98346875,0.3493749999999962
ariad,172,0.00012199135380797088,0.934265625,0.985875,0.3471875000000013
ariad,173,0.00012018864072160795,0.935671875,0.98484375,0.32999999999999696
ariad,174,0.00011853687465190887,0.9369875,0.985625,0.32437499999999897
ariad,175,0.00011703469499479979,0.938378125,0.98578125,0.3328125000000015
ariad,176,0.00011567858018679544,0.93963125,0.9855625,0.31812500000000243
ariad,177,0.00011446835560491309,0.940834375,0.9855,0.31124999999999625
ariad,178,0.00011339457705616951,0.942059375,0.9865625,0.31437500000000007
ariad,179,0.00011245042696828023,0.943234375,0.98584375,0.31906250000000025
ariad,180,0.00011162631562910974,0.944265625,0.98615625,0.28000000000000247
ariad,181,0.00011090927000623196,0.945309375,0.98678125,0.28562500000000046
ariad,182,0.00011029591405531392,0.946159375,0.98715625,0.2893750000000028
ariad,183,0.00010977043712045997,0.947078125,0.9870625,0.2850000000000019
ariad,184,0.00010932893201243132,0.947815625,0.987375,0.27125000000000066
ariad,185,0.00010895847663050517,0.948434375,0.9881875,0.2706250000000021
ariad,186,0.00010864754585782066,0.94908125,0.98775,0.25031250000000504
ariad,187,0.00010838949674507603,0.949803125,0.9878125,0.2528124999999992
ariad,188,0.00010817754082381725,0.950246875,0.98853125,0.21250000000000435
ariad,189,0.00010800464224303141,0.950696875,0.9888125,0.21812500000000234
ariad,190,0.00010786372149595991,0.951134375,0.98909375,0.21937499999999943
ariad,191,0.00010774843394756317,0.951425,0.9900625,0.1909374999999991
ariad,192,0.00010765499609988183,0.951759375,0.98990625,0.18406250000000401
ariad,193,0.0001075767504516989,0.9520375,0.9905625,0.1718749999999991
ariad,194,0.00010751457011792809,0.952271875,0.99121875,0.16062500000000313
ariad,195,0.00010746249608928338,0.952478125,0.9913125,0.15593750000000295
ariad,196,0.00010741802543634549,0.952609375,0.991125,0.1618750000000002
ariad,197,0.00010738091077655554,0.95281875,0.9916875,0.1396874999999964
ariad,198,0.0001073486273526214,0.9529375,0.991375,0.1375000000000015
ariad,199,0.00010731919610407203,0.953109375,0.99303125,0.12218750000000389
ariad,200,0.00010729276982601732,0.953303125,0.992875,0.11250000000000426
ariad,201,0.00010726791515480727,0.9534,0.99278125,0.10218749999999499
ariad,202,0.00010724457388278097,0.953571875,0.9930625,0.10781250000000409
ariad,203,0.00010722282604547217,0.953621875,0.9938125,0.09843750000000373
ariad,204,0.00010720226418925449,0.95369375,0.993375,0.08406250000000393
ariad,205,0.00010718373960116878,0.953725,0.9934375,0.08562500000000028
ariad,206,0.00010716413089539856,0.953825,0.9945625,0.07593750000000066
ariad,207,0.00010714456584537402,0.953896875,0.9936875,0.07093750000000121
ariad,208,0.00010712716175476089,0.95394375,0.9945,0.07500000000000284
ariad,209,0.0001071108563337475,0.95398125,0.9951875,0.06625000000000103
ariad,210,0.00010709569323807955,0.954028125,0.99475,0.05812499999999776
ariad,211,0.00010707980254665017,0.954078125,0.994875,0.05749999999999922
ariad,212,0.00010706505418056622,0.954096875,0.9946875,0.05125000000000268
ariad,213,0.0001070513462764211,0.9541875,0.9954375,0.05906249999999558
ariad,214,0.00010703798034228384,0.9542625,0.99496875,0.05031250000000487
ariad,215,0.00010702473809942603,0.9542875,0.995875,0.0521875000000005
ariad,216,0.00010701295832404867,0.9543375,0.9949375,0.04531250000000542
ariad,217,0.00010700210987124592,0.954390625,0.99540625,0.04187500000000233
ariad,218,0.00010699236008804291,0.954428125,0.9954375,0.04250000000000087
ariad,219,0.00010698244295781478,0.954446875,0.99534375,0.04625000000000323
ariad,220,0.00010697283141780645,0.9544875,0.996,0.0443749999999965
ariad,221,0.00010696565732359886,0.9545375,0.996,0.03781250000000069
ariad,222,0.00010695846140151843,0.954521875,0.99609375,0.034999999999996145
ariad,223,0.00010695153468986973,0.954575,0.9964375,0.03718750000000215
ariad,224,0.00010694539378164336,0.954578125,0.99625,0.03874999999999851
ariad,225,0.000106939667603001,0.954578125,0.996375,0.026562500000004707
ariad,226,0.00010693467629607767,0.954596875,0.9956875,0.03187500000000343
ariad,227,0.00010693070362322032,0.9546,0.99615625,0.0343749999999976
ariad,228,0.00010692603245843202,0.954621875,0.996125,0.028125000000001066
ariad,229,0.00010692218347685412,0.95461875,0.996625,0.03187500000000343
ariad,230,0.0001069184290827252,0.954621875,0.997125,0.029374999999998153
ariad,231,0.00010691518400562927,0.954615625,0.996375,0.02593749999999506
ariad,232,0.0001069129939423874,0.954603125,0.99690625,0.02593749999999506
ariad,233,0.0001069108911906369,0.9546375,0.99675,0.024687499999997975
ariad,234,0.00010690922499634326,0.954653125,0.996875,0.024374999999998703
ariad,235,0.0001069078643922694,0.954659375,0.99659375,0.01687500000000508
ariad,236,0.00010690590715967119,0.954684375,0.9966875,0.01875000000000071
ariad,237,0.00010690509952837601,0.954659375,0.99684375,0.019999999999997797
ariad,238,0.00010690390627132729,0.9546875,0.9969375,0.0221875000000038
ariad,239,0.00010690304770832881,0.954703125,0.99690625,0.02062499999999634
ariad,240,0.00010690277849789709,0.954690625,0.99715625,0.017500000000003624
ariad,241,0.00010690173803595826,0.9547125,0.99746875,0.019999999999997797
ariad,242,0.00010690106137190014,0.954725,0.99775,0.01531249999999762
ariad,243,0.00010690013732528314,0.954728125,0.99725,0.011562499999995257
ariad,244,0.0001068992933141999,0.95473125,0.99721875,0.012812500000003446
ariad,245,0.00010689928603824228,0.95471875,0.9971875,0.01031249999999817
ariad,246,0.00010689867485780269,0.95470625,0.99753125,0.011874999999994529
ariad,247,0.00010689813643693924,0.9546875,0.997375,0.01343750000000199
ariad,248,0.0001068979108822532,0.954690625,0.99728125,0.013750000000001261
ariad,249,0.00010689759074011818,0.954684375,0.99775,0.011562499999995257
ariad,250,0.00010689746704883873,0.954671875,0.99759375,0.013125000000002718
ariad,251,0.00010689718328649178,0.954659375,0.9975,0.011249999999995985
ariad,252,0.00010689732880564407,0.954678125,0.99765625,0.009999999999998899
ariad,253,0.00010689701593946666,0.95469375,0.99796875,0.005312499999998721
ariad,254,0.00010689648479456082,0.95470625,0.99796875,0.009687499999999627
ariad,255,0.00010689667396945879,0.95471875,0.99771875,0.009375000000000355
ariad,256,0.00010689615737646818,0.95471875,0.9976875,0.008125000000003268
ariad,257,0.00010689607734093443,0.954740625,0.9978125,0.007187500000005453
ariad,258,0.00010689596820157021,0.95474375,0.99803125,0.008750000000001812
ariad,259,0.00010689634655136615,0.954759375,0.99790625,0.005937499999997264
ariad,260,0.00010689641931094229,0.954765625,0.99803125,0.009375000000000355
ariad,261,0.00010689630289562047,0.954771875,0.99775,0.006249999999996536
ariad,262,0.00010689585178624839,0.954771875,0.99771875,0.007500000000004725
ariad,263,0.00010689566988730803,0.9547875,0.997875,0.006562499999995808
ariad,264,0.00010689551709219813,0.954778125,0.998,0.006562499999995808
ariad,265,0.00010689539340091869,0.95478125,0.99809375,0.004687500000000178
ariad,266,0.00010689512419048697,0.95479375,0.99825,0.006249999999996536
ariad,267,0.00010689457121770829,0.954803125,0.99803125,0.004687500000000178
ariad,268,0.00010689430200727656,0.954821875,0.9980625,0.004687500000000178
ariad,269,0.00010689408372854814,0.954821875,0.9978125,0.003437500000003091
ariad,270,0.00010689417104003951,0.954825,0.9979375,0.0025000000000052758
ariad,271,0.00010689398914109915,0.954828125,0.99759375,0.005624999999997993
ariad,272,0.00010689396731322631,0.95483125,0.99859375,0.003437500000003091
ariad,273,0.00010689388000173494,0.954825,0.99753125,0.006562499999995808
ariad,274,0.00010689430200727656,0.9548375,0.99821875,0.004375000000000906
ariad,275,0.00010689456394175068,0.95484375,0.99809375,0.0037500000000023626
ariad,276,0.00010689436021493748,0.9548375,0.99846875,0.004062500000001634
ariad,277,0.00010689441842259839,0.954859375,0.998,0.003437500000003091
ariad,278,0.00010689451301004738,0.95486875,0.99853125,0.0009374999999978151
ariad,279,0.00010689453483792022,0.95486875,0.9985625,0.0025000000000052758
ariad,280,0.00010689456394175068,0.954871875,0.99846875,0.002187499999994902
ariad,281,0.00010689449118217453,0.95486875,0.998375,0.003437500000003091
ariad,282,0.00010689446935430169,0.954871875,0.9981875,0.004999999999999449
ariad,283,0.0001068943747668527,0.95486875,0.99875,0.0009374999999978151
ariad,284,0.00010689432383514941,0.954875,0.9976875,0.0015624999999963585
ariad,285,0.00010689425107557327,0.954875,0.9985625,0.0015624999999963585
ariad,286,0.00010689420741982758,0.954871875,0.9988125,0.0018749999999956302
ariad,287,0.00010689415648812428,0.954865625,0.9981875,0.0018749999999956302
ariad,288,0.00010689422924770042,0.95488125,0.9986875,0.002187499999994902
ariad,289,0.00010689434566302225,0.954884375,0.99859375,0.0012499999999970868
ariad,290,0.00010689441842259839,0.95489375,0.99821875,0.0025000000000052758
ariad,291,0.0001068943747668527,0.954896875,0.9983125,0.003125000000003819
ariad,292,0.00010689432383514941,0.9549,0.9985625,0.0009374999999978151
ariad,293,0.00010689444025047123,0.954903125,0.9985,0.002187499999994902
ariad,294,0.00010689443297451362,0.954896875,0.99875,0.002187499999994902
ariad,295,0.00010689456394175068,0.954896875,0.998375,0.0015624999999963585
ariad,296,0.00010689449118217453,0.95489375,0.99834375,0.0006249999999985434
ariad,297,0.00010689444025047123,0.954903125,0.99834375,0.0012499999999970868
ariad,298,0.00010689441842259839,0.95490625,0.99834375,0.0012499999999970868
ariad,299,0.00010689444025047123,0.954909375,0.998625,0.0015624999999963585
ariad,300,0.00010689432383514941,0.954909375,0.99840625,0.0028125000000045475
ariad,301,0.00010689441842259839,0.954903125,0.9983125,0.0012499999999970868
ariad,302,0.00010689443297451362,0.954896875,0.99859375,0.0012499999999970868
ariad,303,0.00010689445480238646,0.954896875,0.99871875,0.0015624999999963585
ariad,304,0.00010689454938983545,0.9549,0.99871875,0.002187499999994902
ariad,305,0.00010689451301004738,0.954896875,0.99865625,0.0012499999999970868
ariad,306,0.00010689443297451362,0.9549,0.99878125,0.0015624999999963585
ariad,307,0.00010689445480238646,0.9549,0.99875,0.0
ariad,308,0.00010689463670132682,0.95489375,0.99853125,0.0012499999999970868
ariad,309,0.00010689462214941159,0.9548875,0.99875,0.0015624999999963585
ariad,310,0.0001068946803570725,0.954890625,0.998875,0.0006249999999985434
ariad,311,0.00010689450573408976,0.95489375,0.9986875,0.0012499999999970868
ariad,312,0.00010689449118217453,0.95489375,0.998875,0.0015624999999963585
ariad,313,0.0001068943747668527,0.9549,0.9989375,0.0015624999999963585
ariad,314,0.0001068943747668527,0.95490625,0.998875,0.0012499999999970868
ariad,315,0.00010689427290344611,0.954903125,0.99884375,0.0018749999999956302
ariad,316,0.00010689434566302225,0.954915625,0.99846875,0.0015624999999963585
ariad,317,0.0001068942656274885,0.954915625,0.9984375,0.0015624999999963585
ariad,318,0.0001068943747668527,0.95491875,0.998625,0.0006249999999985434
ariad,319,0.00010689428745536134,0.954921875,0.9989375,0.0006249999999985434
ariad,320,0.00010689440387068316,0.95491875,0.99825,0.0009374999999978151
ariad,321,0.00010689430200727656,0.95491875,0.99871875,0.0015624999999963585
ariad,322,0.0001068942656274885,0.95491875,0.99890625,0.0
ariad,323,0.00010689436021493748,0.954915625,0.9985,0.0006249999999985434
ariad,324,0.0001068943747668527,0.95491875,0.9989375,0.0009374999999978151
ariad,325,0.0001068943747668527,0.954921875,0.99859375,0.0012499999999970868
ariad,326,0.00010689444025047123,0.954925,0.99878125,0.0012499999999970868
ariad,327,0.00010689440387068316,0.954921875,0.9986875,0.0003124999999992717
ariad,328,0.00010689439659472555,0.95491875,0.99828125,0.0018749999999956302
ariad,329,0.0001068944766302593,0.95491875,0.9985625,0.0006249999999985434
ariad,330,0.00010689439659472555,0.95491875,0.99865625,0.0009374999999978151
ariad,331,0.00010689433838706464,0.95491875,0.99878125,0.0006249999999985434
ariad,332,0.00010689432383514941,0.95491875,0.99909375,0.0
ariad,333,0.00010689432383514941,0.954921875,0.99890625,0.0006249999999985434
ariad,334,0.00010689440387068316,0.954915625,0.99865625,0.0009374999999978151
ariad,335,0.00010689453483792022,0.95491875,0.99865625,0.0012499999999970868
ariad,336,0.00010689434566302225,0.954925,0.99859375,0.0018749999999956302
ariad,337,0.00010689427290344611,0.95493125,0.99871875,0.0006249999999985434
ariad,338,0.00010689420741982758,0.954940625,0.99871875,0.0009374999999978151
ariad,339,0.00010689420741982758,0.954940625,0.99878125,0.0012499999999970868
ariad,340,0.00010689425107557327,0.95494375,0.99853125,0.0006249999999985434
ariad,341,0.00010689410555642098,0.954946875,0.99859375,0.0006249999999985434
ariad,342,0.00010689413466025144,0.95495,0.99859375,0.0006249999999985434
ariad,343,0.0001068942656274885,0.95495,0.99871875,0.0009374999999978151
ariad,344,0.00010689413466025144,0.954946875,0.998625,0.0015624999999963585
ariad,345,0.00010689420741982758,0.95495,0.99871875,0.0003124999999992717
ariad,346,0.00010689425107557327,0.95495,0.9984375,0.0003124999999992717
ariad,347,0.00010689417831599712,0.954946875,0.998875,0.0003124999999992717
ariad,348,0.00010689417104003951,0.954940625,0.9989375,0.0006249999999985434
ariad,349,0.00010689410555642098,0.95494375,0.99846875,0.0003124999999992717
ariad,350,0.00010689398914109915,0.954940625,0.99865625,0.0009374999999978151
ariad,351,0.0001068940619006753,0.95494375,0.9985,0.0006249999999985434
ariad,352,0.00010689412010833621,0.954940625,0.9988125,0.0009374999999978151
ariad,353,0.00010689412010833621,0.954940625,0.9985,0.0
ariad,354,0.00010689414193620905,0.95494375,0.9988125,0.0003124999999992717
ariad,355,0.00010689412010833621,0.954946875,0.99875,0.0006249999999985434
ariad,356,0.00010689396731322631,0.954946875,0.9985625,0.0012499999999970868
ariad,357,0.00010689394548535347,0.954946875,0.9993125,0.0
ariad,358,0.00010689398914109915,0.95494375,0.998625,0.0003124999999992717
ariad,359,0.00010689396731322631,0.95494375,0.99875,0.0003124999999992717
ariad,360,0.00010689398914109915,0.95494375,0.99875,0.0
ariad,361,0.00010689395276131108,0.95494375,0.99853125,0.0003124999999992717
ariad,362,0.0001068939091055654,0.954946875,0.998875,0.0003124999999992717
ariad,363,0.0001068939091055654,0.954946875,0.99884375,0.0
ariad,364,0.00010689398914109915,0.954946875,0.99896875,0.0003124999999992717
ariad,365,0.00010689400369301438,0.95494375,0.99903125,0.0003124999999992717
ariad,366,0.000106894010968972,0.95494375,0.9985,0.0003124999999992717
ariad,367,0.00010689407645259053,0.95495,0.998625,0.0006249999999985434
ariad,368,0.00010689410555642098,0.954946875,0.99875,0.0003124999999992717
ariad,369,0.00010689408372854814,0.95495,0.9989375,0.0006249999999985434
ariad,370,0.00010689407645259053,0.95495,0.998625,0.0
ariad,371,0.00010689408372854814,0.954953125,0.99884375,0.0003124999999992717
ariad,372,0.00010689404734876007,0.95495,0.9985625,0.0009374999999978151
ariad,373,0.00010689393093343824,0.95495625,0.99846875,0.0006249999999985434
ariad,374,0.0001068939091055654,0.95495625,0.998875,0.0
ariad,375,0.00010689394548535347,0.95495625,0.99915625,0.0009374999999978151
ariad,376,0.00010689394548535347,0.95495625,0.999,0.0003124999999992717
ariad,377,0.0001068940619006753,0.954953125,0.99878125,0.0006249999999985434
ariad,378,0.00010689408372854814,0.954953125,0.99875,0.0003124999999992717
ariad,379,0.00010689408372854814,0.95495,0.9985625,0.0003124999999992717
ariad,380,0.00010689408372854814,0.95495,0.9985,0.0
ariad,381,0.00010689404007280245,0.954953125,0.99859375,0.0009374999999978151
ariad,382,0.00010689402552088723,0.95495625,0.99853125,0.0006249999999985434
ariad,383,0.000106894010968972,0.95495625,0.9988125,0.0
ariad,384,0.0001068940619006753,0.95495625,0.9986875,0.0003124999999992717
ariad,385,0.00010689404007280245,0.95495625,0.9988125,0.0003124999999992717
ariad,386,0.00010689415648812428,0.954953125,0.999125,0.0006249999999985434
ariad,387,0.00010689417104003951,0.954953125,0.99821875,0.0
ariad,388,0.00010689408372854814,0.954953125,0.9986875,0.0003124999999992717
ariad,389,0.00010689404007280245,0.95495,0.9986875,0.0006249999999985434
ariad,390,0.00010689398914109915,0.95495625,0.99875,0.0006249999999985434
ariad,391,0.00010689391638152301,0.9549625,0.99871875,0.0009374999999978151
ariad,392,0.00010689396731322631,0.954965625,0.9989375,0.0006249999999985434
ariad,393,0.00010689394548535347,0.954965625,0.99859375,0.0
ariad,394,0.00010689394548535347,0.95496875,0.9988125,0.0006249999999985434
ariad,395,0.00010689402552088723,0.95496875,0.99846875,0.0012499999999970868
ariad,396,0.00010689398914109915,0.954965625,0.998875,0.0006249999999985434
ariad,397,0.00010689404007280245,0.9549625,0.9988125,0.0012499999999970868
ariad,398,0.00010689394548535347,0.954959375,0.99884375,0.0012499999999970868
ariad,399,0.00010689391638152301,0.954965625,0.99896875,0.0015624999999963585
ariad,400,0.00010689387272577733,0.954965625,0.99853125,0.0012499999999970868
ariad,401,0.00010689389455365017,0.9549625,0.9985625,0.0012499999999970868
ariad,402,0.00010689383634598926,0.95496875,0.99865625,0.0009374999999978151
ariad,403,0.00010689382179407403,0.95496875,0.99878125,0.0
ariad,404,0.00010689384362194687,0.954965625,0.99875,0.0006249999999985434
ariad,405,0.00010689389455365017,0.954971875,0.9990625,0.0006249999999985434
ariad,406,0.00010689394548535347,0.954978125,0.999,0.0009374999999978151
ariad,407,0.00010689394548535347,0.954978125,0.9989375,0.0
ariad,408,0.00010689389455365017,0.954978125,0.99890625,0.0006249999999985434
ariad,409,0.00010689389455365017,0.954971875,0.99890625,0.0006249999999985434
ariad,410,0.00010689391638152301,0.95496875,0.99878125,0.0003124999999992717
ariad,411,0.00010689391638152301,0.954971875,0.999,0.0003124999999992717
ariad,412,0.00010689391638152301,0.954971875,0.998875,0.0
ariad,413,0.0001068939091055654,0.954971875,0.99903125,0.0006249999999985434
ariad,414,0.00010689400369301438,0.954975,0.9986875,0.0006249999999985434
ariad,415,0.00010689412010833621,0.954971875,0.99896875,0.0006249999999985434
ariad,416,0.00010689384362194687,0.954975,0.99871875,0.0015624999999963585
ariad,417,0.00010689384362194687,0.954971875,0.998625,0.0012499999999970868
ariad,418,0.00010689398914109915,0.954978125,0.99890625,0.0012499999999970868
ariad,419,0.0001068940619006753,0.954975,0.99896875,0.0009374999999978151
ariad,420,0.00010689398914109915,0.954975,0.9985,0.0009374999999978151
ariad,421,0.00010689391638152301,0.954975,0.99878125,0.0003124999999992717
ariad,422,0.00010689393093343824,0.95498125,0.99903125,0.0006249999999985434
ariad,423,0.00010689396731322631,0.954984375,0.99884375,0.0012499999999970868
ariad,424,0.00010689398914109915,0.954984375,0.99859375,0.0006249999999985434
ariad,425,0.00010689400369301438,0.954984375,0.998875,0.0
ariad,426,0.0001068940619006753,0.95498125,0.999,0.0009374999999978151
ariad,427,0.00010689412010833621,0.95498125,0.9986875,0.0006249999999985434
ariad,428,0.00010689404007280245,0.95498125,0.99878125,0.0009374999999978151
ariad,429,0.00010689397458918393,0.954984375,0.99909375,0.0003124999999992717
ariad,430,0.00010689393093343824,0.9549875,0.99890625,0.0009374999999978151
ariad,431,0.00010689391638152301,0.9549875,0.99903125,0.0
ariad,432,0.00010689397458918393,0.954984375,0.99903125,0.0003124999999992717
ariad,433,0.00010689396731322631,0.954984375,0.999,0.0
ariad,434,0.00010689391638152301,0.9549875,0.9989375,0.0006249999999985434
ariad,435,0.0001068938581738621,0.9549875,0.99903125,0.0009374999999978151
ariad,436,0.00010689387272577733,0.9549875,0.9988125,0.0
ariad,437,0.00010689396731322631,0.9549875,0.998625,0.0006249999999985434
ariad,438,0.000106894010968972,0.9549875,0.9990625,0.0006249999999985434
ariad,439,0.00010689402552088723,0.954984375,0.99921875,0.0003124999999992717
ariad,440,0.00010689389455365017,0.954984375,0.99871875,0.0009374999999978151
ariad,441,0.00010689389455365017,0.954984375,0.99871875,0.0
ariad,442,0.0001068940619006753,0.95498125,0.99890625,0.0009374999999978151
ariad,443,0.00010689413466025144,0.95498125,0.9988125,0.0003124999999992717
ariad,444,0.00010689415648812428,0.95498125,0.99871875,0.0006249999999985434
ariad,445,0.00010689415648812428,0.95498125,0.9989375,0.0
ariad,446,0.00010689407645259053,0.95498125,0.9988125,0.0015624999999963585
ariad,447,0.00010689408372854814,0.95498125,0.998625,0.0
ariad,448,0.00010689402552088723,0.954984375,0.99921875,0.0009374999999978151
ariad,449,0.000106894010968972,0.95498125,0.99896875,0.0003124999999992717
ariad,450,0.00010689396731322631,0.954984375,0.999,0.0006249999999985434
ariad,451,0.00010689397458918393,0.95498125,0.9991875,0.0006249999999985434
ariad,452,0.000106894010968972,0.95498125,0.99865625,0.0006249999999985434
ariad,453,0.00010689404007280245,0.95498125,0.99875,0.0
ariad,454,0.000106894010968972,0.95498125,0.999,0.0
ariad,455,0.00010689404734876007,0.954984375,0.99865625,0.0006249999999985434
ariad,456,0.0001068940619006753,0.954984375,0.99890625,0.0
ariad,457,0.00010689397458918393,0.9549875,0.99875,0.0009374999999978151
ariad,458,0.00010689395276131108,0.95498125,0.998875,0.0009374999999978151
ariad,459,0.00010689394548535347,0.95498125,0.99878125,0.0
ariad,460,0.0001068939091055654,0.954984375,0.99878125,0.0003124999999992717
ariad,461,0.00010689391638152301,0.954984375,0.99890625,0.0
ariad,462,0.0001068939091055654,0.954984375,0.99884375,0.0
ariad,463,0.00010689398914109915,0.954984375,0.99875,0.0003124999999992717
ariad,464,0.0001068939091055654,0.95498125,0.99871875,0.0006249999999985434
ariad,465,0.00010689396731322631,0.954978125,0.99878125,0.0006249999999985434
ariad,466,0.00010689393093343824,0.95498125,0.99859375,0.0003124999999992717
ariad,467,0.00010689407645259053,0.95498125,0.99859375,0.0006249999999985434
ariad,468,0.000106894010968972,0.95498125,0.999125,0.0003124999999992717
ariad,469,0.000106894010968972,0.954984375,0.99884375,0.0003124999999992717
ariad,470,0.00010689404007280245,0.954984375,0.998625,0.0003124999999992717
ariad,471,0.00010689396731322631,0.95498125,0.9989375,0.0009374999999978151
ariad,472,0.0001068940619006753,0.95498125,0.99896875,0.0003124999999992717
ariad,473,0.00010689410555642098,0.95498125,0.9990625,0.0003124999999992717
ariad,474,0.000106894010968972,0.95498125,0.99896875,0.0003124999999992717
ariad,475,0.000106894010968972,0.954984375,0.99896875,0.0003124999999992717
ariad,476,0.00010689400369301438,0.9549875,0.9985625,0.0006249999999985434
ariad,477,0.00010689400369301438,0.954984375,0.9988125,0.0003124999999992717
ariad,478,0.00010689396731322631,0.9549875,0.9986875,0.0009374999999978151
ariad,479,0.00010689404007280245,0.9549875,0.9988125,0.0003124999999992717
ariad,480,0.00010689396731322631,0.9549875,0.9988125,0.0003124999999992717
ariad,481,0.00010689396731322631,0.9549875,0.99846875,0.0
ariad,482,0.000106894010968972,0.954984375,0.998375,0.0003124999999992717
ariad,483,0.000106894010968972,0.954984375,0.99853125,0.0003124999999992717
ariad,484,0.00010689404734876007,0.954984375,0.9985625,0.0003124999999992717
ariad,485,0.00010689407645259053,0.954984375,0.99853125,0.0
ariad,486,0.0001068942146957852,0.9549875,0.9990625,0.0006249999999985434
ariad,487,0.00010689407645259053,0.954990625,0.9986875,0.0009374999999978151
ariad,488,0.000106894010968972,0.954990625,0.9985625,0.0006249999999985434
ariad,489,0.000106894010968972,0.954990625,0.99884375,0.0
ariad,490,0.00010689398914109915,0.9549875,0.999,0.0003124999999992717
ariad,491,0.00010689398914109915,0.9549875,0.9988125,0.0
ariad,492,0.000106894010968972,0.954984375,0.9986875,0.0003124999999992717
ariad,493,0.000106894010968972,0.9549875,0.9990625,0.0003124999999992717
ariad,494,0.00010689400369301438,0.9549875,0.9990625,0.0
ariad,495,0.000106894010968972,0.954990625,0.99871875,0.0003124999999992717
ariad,496,0.00010689410555642098,0.954990625,0.999125,0.0003124999999992717
ariad,497,0.00010689412010833621,0.9549875,0.99884375,0.0006249999999985434
ariad,498,0.00010689404007280245,0.9549875,0.99925,0.0009374999999978151
ariad,499,0.00010689398914109915,0.954990625,0.9990625,0.0009374999999978151
ariad,500,0.00010689396731322631,0.954990625,0.9989375,0.0
