method,n,k,seed,epoch,mse,teacher_match,match_exhaustive,attn_scores,search_scores,total_scores,c_scored,est_flops,step_time_s,search_time_s,peak_mem_mb,scale,c_o2,c_i1,k_rev,c_oi,c_rand
ariad,10000,32,0,1,0.231753408908844,0.00445,0.004153125,320000,460000,780000,46.0,1287680000,0.4297089000001506,0.2218923000000359,345.87646484375,0.125,10,4,4,0,0
ariad,10000,32,0,2,0.18116800487041473,0.005725,0.005134375,320000,460000,780000,46.0,1287680000,0.006689099999675818,0.0027319000000716187,353.65771484375,0.125,10,4,4,0,0
ariad,10000,32,0,3,0.15776750445365906,0.0071625,0.006421875,320000,460000,780000,46.0,1287680000,0.005282299999635143,0.002552599999944505,354.12646484375,0.125,10,4,4,0,0
ariad,10000,32,0,4,0.14517027139663696,0.008440625,0.0078375,320000,460000,780000,46.0,1287680000,0.008525499999450403,0.005849599999237398,354.31201171875,0.125,10,4,4,0,0
ariad,10000,32,0,5,0.13738569617271423,0.00973125,0.00979375,320000,460000,780000,46.0,1287680000,0.005332300000191026,0.0025790999998207553,354.31201171875,0.125,10,4,4,0,0
ariad,10000,32,0,6,0.1317833513021469,0.011234375,0.0119,320000,460000,780000,46.0,1287680000,0.005339899999853515,0.0026078999999299413,354.12646484375,0.125,10,4,4,0,0
ariad,10000,32,0,7,0.12759633362293243,0.01253125,0.014175,320000,460000,780000,46.0,1287680000,0.00519570000051317,0.002499100000022736,354.12646484375,0.125,10,4,4,0,0
ariad,10000,32,0,8,0.12426501512527466,0.01385625,0.0169375,320000,460000,780000,46.0,1287680000,0.005286700000397104,0.002610800000184099,354.12646484375,0.125,10,4,4,0,0
ariad,10000,32,0,9,0.12172598391771317,0.015221875,0.019946875,320000,460000,780000,46.0,1287680000,0.005249499999990803,0.002596799999992072,354.12646484375,0.125,10,4,4,0,0
ariad,10000,32,0,10,0.11955177783966064,0.016540625,0.023234375,320000,460000,780000,46.0,1287680000,0.006014500000674161,0.0026072999999087187,354.31201171875,0.125,10,4,4,0,0
ariad,10000,32,0,11,0.1179300993680954,0.018034375,0.0268,320000,460000,780000,46.0,1287680000,0.005640399999720103,0.00291060000017751,354.12646484375,0.125,10,4,4,0,0
ariad,10000,32,0,12,0.11658605933189392,0.019496875,0.030384375,320000,460000,780000,46.0,1287680000,0.005250299999715935,0.002560399999310903,354.12646484375,0.125,10,4,4,0,0
ariad,10000,32,0,13,0.11546215415000916,0.020909375,0.0343625,320000,460000,780000,46.0,1287680000,0.005218199999944773,0.002557699999670149,354.12646484375,0.125,10,4,4,0,0
ariad,10000,32,0,14,0.1144702360033989,0.022365625,0.03838125,320000,460000,780000,46.0,1287680000,0.005292300000292016,0.00258880000001227,354.12646484375,0.125,10,4,4,0,0
ariad,10000,32,0,15,0.11363857239484787,0.0238125,0.04248125,320000,460000,780000,46.0,1287680000,0.005332300000191026,0.002604799999971874,354.12646484375,0.125,10,4,4,0,0
ariad,10000,32,0,16,0.11294745653867722,0.025071875,0.047253125,320000,460000,780000,46.0,1287680000,0.005443300000479212,0.0027073000001109904,354.31201171875,0.125,10,4,4,0,0
ariad,10000,32,0,17,0.11240292340517044,0.026696875,0.052034375,320000,460000,780000,46.0,1287680000,0.005283899999994901,0.00253439999960392,354.12646484375,0.125,10,4,4,0,0
ariad,10000,32,0,18,0.11192182451486588,0.02843125,0.057371875,320000,460000,780000,46.0,1287680000,0.005465499999445456,0.002782600000500679,354.12646484375,0.125,10,4,4,0,0
ariad,10000,32,0,19,0.11151144653558731,0.029878125,0.062915625,320000,460000,780000,46.0,1287680000,0.0052857000000585685,0.002588100000139093,354.12646484375,0.125,10,4,4,0,0
ariad,10000,32,0,20,0.11115429550409317,0.03130625,0.068775,320000,460000,780000,46.0,1287680000,0.005244199999651755,0.0025165999995806487,354.12646484375,0.125,10,4,4,0,0
ariad,10000,32,0,21,0.11085287481546402,0.032875,0.07471875,320000,460000,780000,46.0,1287680000,0.0052237999998396845,0.0025061999995159567,354.12646484375,0.125,10,4,4,0,0
ariad,10000,32,0,22,0.11060421913862228,0.034421875,0.080409375,320000,460000,780000,46.0,1287680000,0.005264200000056007,0.002552300000388641,354.31201171875,0.125,10,4,4,0,0
ariad,10000,32,0,23,0.1103963851928711,0.036109375,0.087121875,320000,460000,780000,46.0,1287680000,0.005293100000017148,0.002551800000219373,354.12646484375,0.125,10,4,4,0,0
ariad,10000,32,0,24,0.11021270602941513,0.0378125,0.093721875,320000,460000,780000,46.0,1287680000,0.00607529999979306,0.003385600000001432,354.12646484375,0.125,10,4,4,0,0
ariad,10000,32,0,25,0.11003497242927551,0.039615625,0.100715625,320000,460000,780000,46.0,1287680000,0.005258299999695737,0.0025330999997095205,354.12646484375,0.125,10,4,4,0,0
ariad,10000,32,0,26,0.10988783836364746,0.041365625,0.1074625,320000,460000,780000,46.0,1287680000,0.005329399999936868,0.002531000000089989,354.12646484375,0.125,10,4,4,0,0
ariad,10000,32,0,27,0.10973205417394638,0.0432375,0.1151125,320000,460000,780000,46.0,1287680000,0.005796299999929033,0.0027984999996988336,354.12646484375,0.125,10,4,4,0,0
ariad,10000,32,0,28,0.10957283526659012,0.04534375,0.12315,320000,460000,780000,46.0,1287680000,0.005316499999935331,0.0025616000002628425,354.31201171875,0.125,10,4,4,0,0
ariad,10000,32,0,29,0.10941284149885178,0.047371875,0.131446875,320000,460000,780000,46.0,1287680000,0.005369100000280014,0.0026387999996586586,354.12646484375,0.125,10,4,4,0,0
ariad,10000,32,0,30,0.10929416120052338,0.049553125,0.13954375,320000,460000,780000,46.0,1287680000,0.005372999999963213,0.002541199999541277,354.12646484375,0.125,10,4,4,0,0
ariad,10000,32,0,31,0.10915038734674454,0.051659375,0.147965625,320000,460000,780000,46.0,1287680000,0.005521799999769428,0.0026143999994019396,354.12646484375,0.125,10,4,4,0,0
ariad,10000,32,0,32,0.10901229828596115,0.053859375,0.15668125,320000,460000,780000,46.0,1287680000,0.00534700000025623,0.0025483999997959472,354.12646484375,0.125,10,4,4,0,0
ariad,10000,32,0,33,0.10886331647634506,0.056165625,0.16576875,320000,460000,780000,46.0,1287680000,0.005333299999620067,0.0025592000001779525,354.12646484375,0.125,10,4,4,0,0
ariad,10000,32,0,34,0.10871952772140503,0.05845625,0.1748375,320000,460000,780000,46.0,1287680000,0.005354500000066764,0.002548700000261306,354.31201171875,0.125,10,4,4,0,0
ariad,10000,32,0,35,0.10855983942747116,0.06098125,0.183978125,320000,460000,780000,46.0,1287680000,0.005318800000168267,0.002534199999900011,354.12646484375,0.125,10,4,4,0,0
ariad,10000,32,0,36,0.10839907079935074,0.063446875,0.19370625,320000,460000,780000,46.0,1287680000,0.005212400000345951,0.002471499999955995,354.12646484375,0.125,10,4,4,0,0
ariad,10000,32,0,37,0.10825390368700027,0.06629375,0.2032875,320000,460000,780000,46.0,1287680000,0.0061605999999301275,0.003267799999775889,354.12646484375,0.125,10,4,4,0,0
ariad,10000,32,0,38,0.1080898866057396,0.069375,0.21324375,320000,460000,780000,46.0,1287680000,0.005301799999870127,0.002485300000444113,354.12646484375,0.125,10,4,4,0,0
ariad,10000,32,0,39,0.10793697088956833,0.07238125,0.22299375,320000,460000,780000,46.0,1287680000,0.00535310000032041,0.0025335000000268337,354.12646484375,0.125,10,4,4,0,0
ariad,10000,32,0,40,0.10774528235197067,0.075603125,0.232890625,320000,460000,780000,46.0,1287680000,0.0053285000003597816,0.002479499999935797,354.31201171875,0.125,10,4,4,0,0
ariad,10000,32,0,41,0.10757796466350555,0.0788625,0.242790625,320000,460000,780000,46.0,1287680000,0.0053469000004042755,0.002503200000319339,354.12646484375,0.125,10,4,4,0,0
ariad,10000,32,0,42,0.10739082098007202,0.08251875,0.252478125,320000,460000,780000,46.0,1287680000,0.005349799999748939,0.0025062999993679114,354.12646484375,0.125,10,4,4,0,0
ariad,10000,32,0,43,0.1071920394897461,0.08636875,0.261803125,320000,460000,780000,46.0,1287680000,0.005341899999621091,0.0024786000003587105,354.12646484375,0.125,10,4,4,0,0
ariad,10000,32,0,44,0.10696923732757568,0.0902875,0.271303125,320000,460000,780000,46.0,1287680000,0.00546550000035495,0.0026141999996980303,354.12646484375,0.125,10,4,4,0,0
ariad,10000,32,0,45,0.10674731433391571,0.09458125,0.280228125,320000,460000,780000,46.0,1287680000,0.005527299999812385,0.002636500000335218,354.12646484375,0.125,10,4,4,0,0
ariad,10000,32,0,46,0.10650239139795303,0.09879375,0.28888125,320000,460000,780000,46.0,1287680000,0.005425999999715714,0.0025716000000102213,354.31201171875,0.125,10,4,4,0,0
ariad,10000,32,0,47,0.10622446238994598,0.1033125,0.2972,320000,460000,780000,46.0,1287680000,0.005380000000513974,0.0025298999998994987,354.12646484375,0.125,10,4,4,0,0
ariad,10000,32,0,48,0.10594191402196884,0.10815625,0.304853125,320000,460000,780000,46.0,1287680000,0.005504500000824919,0.0026830999995581806,354.12646484375,0.125,10,4,4,0,0
ariad,10000,32,0,49,0.10564933717250824,0.113428125,0.31151875,320000,460000,780000,46.0,1287680000,0.00550189999921713,0.0026295999996364117,354.12646484375,0.125,10,4,4,0,0
ariad,10000,32,0,50,0.10532011091709137,0.119028125,0.31778125,320000,460000,780000,46.0,1287680000,0.005443799999738985,0.002540200000112236,354.12646484375,0.125,10,4,4,0,0
ariad,10000,32,0,51,0.10494573414325714,0.124828125,0.3233875,320000,460000,780000,46.0,1287680000,0.005479499999637483,0.0025832000001173583,354.12646484375,0.125,10,4,4,0,0
ariad,10000,32,0,52,0.10453212261199951,0.1308625,0.327675,320000,460000,780000,46.0,1287680000,0.005402200000389712,0.0025516000005154638,354.31201171875,0.125,10,4,4,0,0
ariad,10000,32,0,53,0.10408841073513031,0.1372,0.331196875,320000,460000,780000,46.0,1287680000,0.00531550000050629,0.0024898000001485343,354.12646484375,0.125,10,4,4,0,0
ariad,10000,32,0,54,0.10357211530208588,0.14385,0.33359375,320000,460000,780000,46.0,1287680000,0.005324400000063179,0.0024837000000843545,354.12646484375,0.125,10,4,4,0,0
ariad,10000,32,0,55,0.10295373201370239,0.151284375,0.33583125,320000,460000,780000,46.0,1287680000,0.005408999999417574,0.0025688999994599726,354.12646484375,0.125,10,4,4,0,0
ariad,10000,32,0,56,0.10226695239543915,0.15886875,0.33723125,320000,460000,780000,46.0,1287680000,0.006088799999815819,0.0025645999994594604,354.12646484375,0.125,10,4,4,0,0
ariad,10000,32,0,57,0.10149887204170227,0.166928125,0.3383375,320000,460000,780000,46.0,1287680000,0.005725400000301306,0.0026818999995157355,354.12646484375,0.125,10,4,4,0,0
ariad,10000,32,0,58,0.1005874052643776,0.175309375,0.339303125,320000,460000,780000,46.0,1287680000,0.005465799999910814,0.0026305999999749474,354.31201171875,0.125,10,4,4,0,0
ariad,10000,32,0,59,0.09956298768520355,0.1839875,0.33988125,320000,460000,780000,46.0,1287680000,0.005314800000633113,0.00247750000016822,354.12646484375,0.125,10,4,4,0,0
ariad,10000,32,0,60,0.09838010370731354,0.193234375,0.34156875,320000,460000,780000,46.0,1287680000,0.005421700000624696,0.0026112000005014124,354.12646484375,0.125,10,4,4,0,0
ariad,10000,32,0,61,0.09701163321733475,0.2032125,0.342809375,320000,460000,780000,46.0,1287680000,0.005361799999263894,0.002528100000745326,354.12646484375,0.125,10,4,4,0,0
ariad,10000,32,0,62,0.09543051570653915,0.2134625,0.34521875,320000,460000,780000,46.0,1287680000,0.005336199999874225,0.0025340000001961016,354.12646484375,0.125,10,4,4,0,0
ariad,10000,32,0,63,0.09368579089641571,0.2236625,0.3475875,320000,460000,780000,46.0,1287680000,0.005357800000638235,0.002550399999563524,354.12646484375,0.125,10,4,4,0,0
ariad,10000,32,0,64,0.09167729318141937,0.23483125,0.351021875,320000,460000,780000,46.0,1287680000,0.005340000000614964,0.0025531999999657273,354.31201171875,0.125,10,4,4,0,0
ariad,10000,32,0,65,0.08947183191776276,0.246096875,0.35516875,320000,460000,780000,46.0,1287680000,0.005357799999728741,0.002569299999777286,354.12646484375,0.125,10,4,4,0,0
ariad,10000,32,0,66,0.087034672498703,0.258609375,0.36106875,320000,460000,780000,46.0,1287680000,0.005341400000361318,0.002525500000047032,354.12646484375,0.125,10,4,4,0,0
ariad,10000,32,0,67,0.08443057537078857,0.2707875,0.367403125,320000,460000,780000,46.0,1287680000,0.005501200000253448,0.0026688999996622442,354.12646484375,0.125,10,4,4,0,0
ariad,10000,32,0,68,0.08173376321792603,0.28339375,0.375284375,320000,460000,780000,46.0,1287680000,0.0071523000005981885,0.0034023999996861676,354.12646484375,0.125,10,4,4,0,0
ariad,10000,32,0,69,0.07896484434604645,0.2958125,0.38338125,320000,460000,780000,46.0,1287680000,0.005339700000149605,0.002552399999331101,354.12646484375,0.125,10,4,4,0,0
ariad,10000,32,0,70,0.07628696411848068,0.3084875,0.392375,320000,460000,780000,46.0,1287680000,0.005318700000316312,0.002563199999713106,354.31201171875,0.125,10,4,4,0,0
ariad,10000,32,0,71,0.0736784040927887,0.321125,0.401928125,320000,460000,780000,46.0,1287680000,0.005329499999788823,0.002539000000069791,354.12646484375,0.125,10,4,4,0,0
ariad,10000,32,0,72,0.07100936025381088,0.3343,0.412653125,320000,460000,780000,46.0,1287680000,0.005374100000153703,0.0026078999999299413,354.12646484375,0.125,10,4,4,0,0
ariad,10000,32,0,73,0.06844020634889603,0.34715,0.424309375,320000,460000,780000,46.0,1287680000,0.00526590000026772,0.0025226999996448285,354.12646484375,0.125,10,4,4,0,0
ariad,10000,32,0,74,0.0658540427684784,0.36038125,0.436703125,320000,460000,780000,46.0,1287680000,0.005242700000053446,0.002456299999721523,354.12646484375,0.125,10,4,4,0,0
ariad,10000,32,0,75,0.06330740451812744,0.3738,0.44989375,320000,460000,780000,46.0,1287680000,0.007372399999439949,0.004592199999933655,354.12646484375,0.125,10,4,4,0,0
ariad,10000,32,0,76,0.06098683923482895,0.3867625,0.4628625,320000,460000,780000,46.0,1287680000,0.005248399999800313,0.002526199999920209,354.31201171875,0.125,10,4,4,0,0
ariad,10000,32,0,77,0.05853329971432686,0.400153125,0.476365625,320000,460000,780000,46.0,1287680000,0.006205100000443053,0.0026686000001063803,354.12646484375,0.125,10,4,4,0,0
ariad,10000,32,0,78,0.056193675845861435,0.41310625,0.489075,320000,460000,780000,46.0,1287680000,0.005307600000378443,0.0025144000001091626,354.12646484375,0.125,10,4,4,0,0
ariad,10000,32,0,79,0.053892944008111954,0.426021875,0.501565625,320000,460000,780000,46.0,1287680000,0.005294399999911548,0.0025819000002229586,354.12646484375,0.125,10,4,4,0,0
ariad,10000,32,0,80,0.05168155953288078,0.438428125,0.513359375,320000,460000,780000,46.0,1287680000,0.00521039999966888,0.0024675000004208414,354.12646484375,0.125,10,4,4,0,0
ariad,10000,32,0,81,0.04952356964349747,0.450703125,0.525215625,320000,460000,780000,46.0,1287680000,0.005307499999616994,0.0025691000000733766,354.12646484375,0.125,10,4,4,0,0
ariad,10000,32,0,82,0.04731583595275879,0.463125,0.53731875,320000,460000,780000,46.0,1287680000,0.005268900000373833,0.0025573000002623303,354.31201171875,0.125,10,4,4,0,0
ariad,10000,32,0,83,0.04515763744711876,0.475153125,0.54853125,320000,460000,780000,46.0,1287680000,0.005354099999749451,0.0025632999995650607,354.12646484375,0.125,10,4,4,0,0
ariad,10000,32,0,84,0.04306695610284805,0.48668125,0.558965625,320000,460000,780000,46.0,1287680000,0.005227999999988242,0.0024991999998746905,354.12646484375,0.125,10,4,4,0,0
ariad,10000,32,0,85,0.04092270880937576,0.49818125,0.5695625,320000,460000,780000,46.0,1287680000,0.005317099999956554,0.002614999999423162,354.12646484375,0.125,10,4,4,0,0
ariad,10000,32,0,86,0.03889138251543045,0.5091375,0.5791375,320000,460000,780000,46.0,1287680000,0.0052131000002191286,0.002506300000277406,354.12646484375,0.125,10,4,4,0,0
ariad,10000,32,0,87,0.03698081150650978,0.519659375,0.58843125,320000,460000,780000,46.0,1287680000,0.005459300000438816,0.002683400000023539,354.12646484375,0.125,10,4,4,0,0
ariad,10000,32,0,88,0.03511238470673561,0.53000625,0.597684375,320000,460000,780000,46.0,1287680000,0.005446099999971921,0.0027024000000892556,354.31201171875,0.125,10,4,4,0,0
ariad,10000,32,0,89,0.03343317285180092,0.53978125,0.606328125,320000,460000,780000,46.0,1287680000,0.005217699999775505,0.0024966000000858912,354.12646484375,0.125,10,4,4,0,0
ariad,10000,32,0,90,0.031737688928842545,0.54903125,0.6152375,320000,460000,780000,46.0,1287680000,0.005220400000325753,0.002518700000109675,354.12646484375,0.125,10,4,4,0,0
ariad,10000,32,0,91,0.030052965506911278,0.55846875,0.623640625,320000,460000,780000,46.0,1287680000,0.005265899999358226,0.0025829999995039543,354.12646484375,0.125,10,4,4,0,0
ariad,10000,32,0,92,0.028374474495649338,0.5675125,0.631946875,320000,460000,780000,46.0,1287680000,0.005297200000313751,0.00261309999950754,354.12646484375,0.125,10,4,4,0,0
ariad,10000,32,0,93,0.02670896239578724,0.5763,0.639434375,320000,460000,780000,46.0,1287680000,0.005404699999417062,0.002650999999787018,354.12646484375,0.125,10,4,4,0,0
ariad,10000,32,0,94,0.02527550980448723,0.5847375,0.64688125,320000,460000,780000,46.0,1287680000,0.005276299999422918,0.0025526999997964595,354.31201171875,0.125,10,4,4,0,0
ariad,10000,32,0,95,0.023805584758520126,0.592846875,0.653690625,320000,460000,780000,46.0,1287680000,0.005262200000288431,0.002540999999837368,354.12646484375,0.125,10,4,4,0,0
ariad,10000,32,0,96,0.022380270063877106,0.600575,0.6597,320000,460000,780000,46.0,1287680000,0.00523209999937535,0.0025061999995159567,354.12646484375,0.125,10,4,4,0,0
ariad,10000,32,0,97,0.021031130105257034,0.608440625,0.666403125,320000,460000,780000,46.0,1287680000,0.0052547000004778965,0.0025741999997990206,354.12646484375,0.125,10,4,4,0,0
ariad,10000,32,0,98,0.019807061180472374,0.61601875,0.67273125,320000,460000,780000,46.0,1287680000,0.0069566000001941575,0.004211600000417093,354.12646484375,0.125,10,4,4,0,0
ariad,10000,32,0,99,0.018538227304816246,0.62336875,0.678728125,320000,460000,780000,46.0,1287680000,0.007013500000539352,0.004284599999664351,354.12646484375,0.125,10,4,4,0,0
ariad,10000,32,0,100,0.017495224252343178,0.630303125,0.68425,320000,460000,780000,46.0,1287680000,0.00640320000002248,0.0036609999997381237,354.31201171875,0.125,10,4,4,0,0
ariad,10000,32,0,101,0.01640516333281994,0.6368875,0.689140625,320000,460000,780000,46.0,1287680000,0.00534460000017134,0.002600400000119407,354.12646484375,0.125,10,4,4,0,0
ariad,10000,32,0,102,0.0153344189748168,0.643715625,0.694103125,320000,460000,780000,46.0,1287680000,0.005208800000218616,0.0025040999998964253,354.12646484375,0.125,10,4,4,0,0
ariad,10000,32,0,103,0.014348458498716354,0.650453125,0.69878125,320000,460000,780000,46.0,1287680000,0.005229899999903864,0.002529800000047544,354.12646484375,0.125,10,4,4,0,0
ariad,10000,32,0,104,0.013349913991987705,0.657171875,0.703565625,320000,460000,780000,46.0,1287680000,0.005232800000158022,0.0025165999995806487,354.12646484375,0.125,10,4,4,0,0
ariad,10000,32,0,105,0.012486333958804607,0.66350625,0.7076625,320000,460000,780000,46.0,1287680000,0.005246500000794185,0.0025247000003219,354.12646484375,0.125,10,4,4,0,0
ariad,10000,32,0,106,0.011681879870593548,0.669734375,0.711540625,320000,460000,780000,46.0,1287680000,0.005207400000472262,0.0025328000001536566,354.31201171875,0.125,10,4,4,0,0
ariad,10000,32,0,107,0.010935540311038494,0.675628125,0.71509375,320000,460000,780000,46.0,1287680000,0.005291700000270794,0.002576200000476092,354.12646484375,0.125,10,4,4,0,0
ariad,10000,32,0,108,0.01020861603319645,0.681646875,0.7185125,320000,460000,780000,46.0,1287680000,0.0051940000003014575,0.0024726000001464854,354.12646484375,0.125,10,4,4,0,0
ariad,10000,32,0,109,0.009396422654390335,0.687728125,0.721921875,320000,460000,780000,46.0,1287680000,0.005280299999867566,0.002567300000009709,354.12646484375,0.125,10,4,4,0,0
ariad,10000,32,0,110,0.008774910122156143,0.69321875,0.725053125,320000,460000,780000,46.0,1287680000,0.005314399999406305,0.002604799999971874,354.12646484375,0.125,10,4,4,0,0
ariad,10000,32,0,111,0.008119398728013039,0.698921875,0.728046875,320000,460000,780000,46.0,1287680000,0.005326200000126846,0.002635300000292773,354.12646484375,0.125,10,4,4,0,0
ariad,10000,32,0,112,0.007541550789028406,0.704203125,0.73120625,320000,460000,780000,46.0,1287680000,0.005313399999977264,0.0025933000006261864,354.31201171875,0.125,10,4,4,0,0
ariad,10000,32,0,113,0.0069496105425059795,0.709490625,0.734603125,320000,460000,780000,46.0,1287680000,0.0052559000005203416,0.0025594999997338164,354.12646484375,0.125,10,4,4,0,0
ariad,10000,32,0,114,0.006441502366214991,0.714815625,0.737784375,320000,460000,780000,46.0,1287680000,0.005247800000688585,0.0025353000000905013,354.12646484375,0.125,10,4,4,0,0
ariad,10000,32,0,115,0.005974619183689356,0.71995,0.7411625,320000,460000,780000,46.0,1287680000,0.005272399999739719,0.002591499999653024,354.12646484375,0.125,10,4,4,0,0
ariad,10000,32,0,116,0.00555370794609189,0.72480625,0.7442375,320000,460000,780000,46.0,1287680000,0.005247199999757868,0.0025585000003047753,354.12646484375,0.125,10,4,4,0,0
ariad,10000,32,0,117,0.005129045806825161,0.72964375,0.7472,320000,460000,780000,46.0,1287680000,0.005181000000447966,0.00249080000048707,354.12646484375,0.125,10,4,4,0,0
ariad,10000,32,0,118,0.004747243598103523,0.7345,0.750328125,320000,460000,780000,46.0,1287680000,0.005216700000346464,0.002547000000049593,354.31201171875,0.125,10,4,4,0,0
ariad,10000,32,0,119,0.004343102686107159,0.739096875,0.75330625,320000,460000,780000,46.0,1287680000,0.005728600000111328,0.0029620999994222075,354.12646484375,0.125,10,4,4,0,0
ariad,10000,32,0,120,0.003921051509678364,0.743778125,0.75640625,320000,460000,780000,46.0,1287680000,0.005231800000728981,0.0025657999995019054,354.12646484375,0.125,10,4,4,0,0
ariad,10000,32,0,121,0.0035711603704839945,0.748240625,0.7592875,320000,460000,780000,46.0,1287680000,0.005233299999417795,0.0025238999996872735,354.12646484375,0.125,10,4,4,0,0
ariad,10000,32,0,122,0.0032589503098279238,0.752690625,0.762159375,320000,460000,780000,46.0,1287680000,0.005370599999878323,0.0026352000004408183,354.12646484375,0.125,10,4,4,0,0
ariad,10000,32,0,123,0.002966522006317973,0.757109375,0.76491875,320000,460000,780000,46.0,1287680000,0.0052133999997749925,0.002516499999728694,354.12646484375,0.125,10,4,4,0,0
ariad,10000,32,0,124,0.0026812071446329355,0.76121875,0.76766875,320000,460000,780000,46.0,1287680000,0.005148799999915354,0.002475600000252598,354.31201171875,0.125,10,4,4,0,0
ariad,10000,32,0,125,0.0024158316664397717,0.76523125,0.770403125,320000,460000,780000,46.0,1287680000,0.005314899999575573,0.002567300000009709,354.12646484375,0.125,10,4,4,0,0
ariad,10000,32,0,126,0.0022330295760184526,0.76915625,0.772925,320000,460000,780000,46.0,1287680000,0.005250000000160071,0.002487900000232912,354.12646484375,0.125,10,4,4,0,0
ariad,10000,32,0,127,0.0020849236752837896,0.773134375,0.775634375,320000,460000,780000,46.0,1287680000,0.005189299999983632,0.0025105000004259637,354.12646484375,0.125,10,4,4,0,0
ariad,10000,32,0,128,0.0019109121058136225,0.77691875,0.778615625,320000,460000,780000,46.0,1287680000,0.005241799999566865,0.0025487999992037658,354.12646484375,0.125,10,4,4,0,0
ariad,10000,32,0,129,0.0017180449794977903,0.7806375,0.7814125,320000,460000,780000,46.0,1287680000,0.005354399999305315,0.0026223000004392816,354.12646484375,0.125,10,4,4,0,0
ariad,10000,32,0,130,0.0015976701397448778,0.784215625,0.78391875,320000,460000,780000,46.0,1287680000,0.006053899999642454,0.0025807000001805136,354.31201171875,0.125,10,4,4,0,0
ariad,10000,32,0,131,0.0014822623925283551,0.7877125,0.78651875,320000,460000,780000,46.0,1287680000,0.00530220000018744,0.002604799999971874,354.12646484375,0.125,10,4,4,0,0
ariad,10000,32,0,132,0.0013726184843108058,0.790975,0.789259375,320000,460000,780000,46.0,1287680000,0.005165600000509585,0.0025022999998327577,354.12646484375,0.125,10,4,4,0,0
ariad,10000,32,0,133,0.0012822296703234315,0.79414375,0.7917875,320000,460000,780000,46.0,1287680000,0.005241099999693688,0.002553500000431086,354.12646484375,0.125,10,4,4,0,0
ariad,10000,32,0,134,0.0012938650324940681,0.797309375,0.7942375,320000,460000,780000,46.0,1287680000,0.005210799999986193,0.0025406000004295493,354.12646484375,0.125,10,4,4,0,0
ariad,10000,32,0,135,0.0012316082138568163,0.800090625,0.796659375,320000,460000,780000,46.0,1287680000,0.005551899999773013,0.002572100000179489,354.12646484375,0.125,10,4,4,0,0
ariad,10000,32,0,136,0.0011758252512663603,0.80296875,0.799103125,320000,460000,780000,46.0,1287680000,0.005196000000069034,0.0025298999998994987,354.31201171875,0.125,10,4,4,0,0
ariad,10000,32,0,137,0.0011414926266297698,0.805759375,0.802009375,320000,460000,780000,46.0,1287680000,0.005322599999999511,0.0026361999998698593,354.12646484375,0.125,10,4,4,0,0
ariad,10000,32,0,138,0.0010754751274362206,0.808290625,0.8047375,320000,460000,780000,46.0,1287680000,0.005335900000318361,0.00256340000032651,354.12646484375,0.125,10,4,4,0,0
ariad,10000,32,0,139,0.0010149236768484116,0.810821875,0.80785625,320000,460000,780000,46.0,1287680000,0.005237400000623893,0.0025390999999217456,354.12646484375,0.125,10,4,4,0,0
ariad,10000,32,0,140,0.0009643050725571811,0.81323125,0.810821875,320000,460000,780000,46.0,1287680000,0.005185399999390938,0.0025451999999859254,354.12646484375,0.125,10,4,4,0,0
ariad,10000,32,0,141,0.0008720428450033069,0.815484375,0.81370625,320000,460000,780000,46.0,1287680000,0.005246300000180781,0.002549900000303751,354.12646484375,0.125,10,4,4,0,0
ariad,10000,32,0,142,0.0008487050072290003,0.817671875,0.816584375,320000,460000,780000,46.0,1287680000,0.0052116999995632796,0.002508700000362296,354.31201171875,0.125,10,4,4,0,0
ariad,10000,32,0,143,0.0008130600908771157,0.81991875,0.81935,320000,460000,780000,46.0,1287680000,0.005242299999736133,0.0025606999997762614,354.12646484375,0.125,10,4,4,0,0
ariad,10000,32,0,144,0.0007784419576637447,0.821996875,0.82198125,320000,460000,780000,46.0,1287680000,0.005208200000197394,0.0025730000006660703,354.12646484375,0.125,10,4,4,0,0
ariad,10000,32,0,145,0.000737816677428782,0.82399375,0.8244375,320000,460000,780000,46.0,1287680000,0.005191299999751209,0.002487799999471463,354.12646484375,0.125,10,4,4,0,0
ariad,10000,32,0,146,0.0006930424133315682,0.82595625,0.826775,320000,460000,780000,46.0,1287680000,0.0056798000005073845,0.002727200000663288,354.12646484375,0.125,10,4,4,0,0
ariad,10000,32,0,147,0.0006784813012927771,0.827815625,0.828975,320000,460000,780000,46.0,1287680000,0.006599800000003597,0.0034328000001551118,354.12646484375,0.125,10,4,4,0,0
ariad,10000,32,0,148,0.0006499988958239555,0.8295625,0.83115625,320000,460000,780000,46.0,1287680000,0.0053404000000227825,0.0025722000000314438,354.31201171875,0.125,10,4,4,0,0
ariad,10000,32,0,149,0.0006227944395504892,0.831303125,0.83314375,320000,460000,780000,46.0,1287680000,0.005473000000165484,0.002593999999589869,354.12646484375,0.125,10,4,4,0,0
ariad,10000,32,0,150,0.0005982368602417409,0.83290625,0.834978125,320000,460000,780000,46.0,1287680000,0.005348599999706494,0.002618100000290724,354.12646484375,0.125,10,4,4,0,0
ariad,10000,32,0,151,0.0005708388634957373,0.834578125,0.8368375,320000,460000,780000,46.0,1287680000,0.005228499999248015,0.002538499999900523,354.12646484375,0.125,10,4,4,0,0
ariad,10000,32,0,152,0.0005474014906212687,0.836134375,0.83875,320000,460000,780000,46.0,1287680000,0.00526960000024701,0.0025751000002856017,354.12646484375,0.125,10,4,4,0,0
ariad,10000,32,0,153,0.000517216743901372,0.837665625,0.84033125,320000,460000,780000,46.0,1287680000,0.006170599999677506,0.0034437000003890716,354.12646484375,0.125,10,4,4,0,0
ariad,10000,32,0,154,0.0004819051537197083,0.839134375,0.84173125,320000,460000,780000,46.0,1287680000,0.005254600000625942,0.002562699999543838,354.31201171875,0.125,10,4,4,0,0
ariad,10000,32,0,155,0.0004553242470137775,0.8407125,0.8433375,320000,460000,780000,46.0,1287680000,0.00540629999977682,0.0026610999993863516,354.12646484375,0.125,10,4,4,0,0
ariad,10000,32,0,156,0.0004745907208416611,0.842190625,0.844871875,320000,460000,780000,46.0,1287680000,0.006116300000030606,0.0026490000000194414,354.12646484375,0.125,10,4,4,0,0
ariad,10000,32,0,157,0.00043292168993502855,0.843515625,0.846065625,320000,460000,780000,46.0,1287680000,0.005267999999887252,0.002560000000812579,354.12646484375,0.125,10,4,4,0,0
ariad,10000,32,0,158,0.00040264552808366716,0.844915625,0.8474875,320000,460000,780000,46.0,1287680000,0.005426099999567668,0.002676400000382273,354.12646484375,0.125,10,4,4,0,0
ariad,10000,32,0,159,0.0003733191406354308,0.8463125,0.848846875,320000,460000,780000,46.0,1287680000,0.00530960000014602,0.0025098000005527865,354.12646484375,0.125,10,4,4,0,0
ariad,10000,32,0,160,0.0003613778098952025,0.847678125,0.850465625,320000,460000,780000,46.0,1287680000,0.005274200000712881,0.002577199999905133,354.31201171875,0.125,10,4,4,0,0
ariad,10000,32,0,161,0.0003388281329534948,0.84890625,0.8517625,320000,460000,780000,46.0,1287680000,0.0052624999998442945,0.002549900000303751,354.12646484375,0.125,10,4,4,0,0
ariad,10000,32,0,162,0.0003179316408932209,0.85013125,0.853003125,320000,460000,780000,46.0,1287680000,0.007066600000143808,0.004386499999782245,354.12646484375,0.125,10,4,4,0,0
ariad,10000,32,0,163,0.0003070659004151821,0.851284375,0.854165625,320000,460000,780000,46.0,1287680000,0.005367300000216346,0.0026283999995939666,354.12646484375,0.125,10,4,4,0,0
ariad,10000,32,0,164,0.00029545201687142253,0.852459375,0.85530625,320000,460000,780000,46.0,1287680000,0.005324400000063179,0.0026308999995308113,354.12646484375,0.125,10,4,4,0,0
ariad,10000,32,0,165,0.00028981483774259686,0.853559375,0.856496875,320000,460000,780000,46.0,1287680000,0.005260599999928672,0.002538799999456387,354.12646484375,0.125,10,4,4,0,0
ariad,10000,32,0,166,0.00028569300775416195,0.85460625,0.857634375,320000,460000,780000,46.0,1287680000,0.005289400000037858,0.002589599999737402,354.31201171875,0.125,10,4,4,0,0
ariad,10000,32,0,167,0.00027871120255440474,0.855675,0.8585125,320000,460000,780000,46.0,1287680000,0.005277899999782676,0.0025533999996696366,354.12646484375,0.125,10,4,4,0,0
ariad,10000,32,0,168,0.00027472461806610227,0.85663125,0.85968125,320000,460000,780000,46.0,1287680000,0.0052375999994183076,0.0025480000003881287,354.12646484375,0.125,10,4,4,0,0
ariad,10000,32,0,169,0.00026476182392798364,0.857571875,0.860534375,320000,460000,780000,46.0,1287680000,0.005243699999482487,0.0025519000000713277,354.12646484375,0.125,10,4,4,0,0
ariad,10000,32,0,170,0.000244686845690012,0.858578125,0.861565625,320000,460000,780000,46.0,1287680000,0.005416399999376154,0.0026870000001508743,354.12646484375,0.125,10,4,4,0,0
ariad,10000,32,0,171,0.00024028104962781072,0.859571875,0.86256875,320000,460000,780000,46.0,1287680000,0.006527500000629516,0.002526700000089477,354.12646484375,0.125,10,4,4,0,0
ariad,10000,32,0,172,0.00023378152400255203,0.860571875,0.86365,320000,460000,780000,46.0,1287680000,0.005240299999968556,0.0025226000007023686,354.31201171875,0.125,10,4,4,0,0
ariad,10000,32,0,173,0.00021883401495870203,0.8615375,0.8647625,320000,460000,780000,46.0,1287680000,0.005555599999752303,0.0026535999995758175,354.12646484375,0.125,10,4,4,0,0
ariad,10000,32,0,174,0.00021655179443769157,0.862421875,0.865725,320000,460000,780000,46.0,1287680000,0.0052005000006829505,0.0025262999997721636,354.12646484375,0.125,10,4,4,0,0
ariad,10000,32,0,175,0.0002149412321159616,0.8632125,0.86659375,320000,460000,780000,46.0,1287680000,0.005874999999832653,0.002477799999724084,354.12646484375,0.125,10,4,4,0,0
ariad,10000,32,0,176,0.00021103104518260807,0.864103125,0.8675125,320000,460000,780000,46.0,1287680000,0.005242399999588088,0.0025270999994972954,354.12646484375,0.125,10,4,4,0,0
ariad,10000,32,0,177,0.0002094625378958881,0.8649625,0.868453125,320000,460000,780000,46.0,1287680000,0.0052922999993825215,0.0026099000006070128,354.12646484375,0.125,10,4,4,0,0
ariad,10000,32,0,178,0.00020806962857022882,0.865765625,0.869315625,320000,460000,780000,46.0,1287680000,0.00521279999975377,0.0025095999999393825,354.31201171875,0.125,10,4,4,0,0
ariad,10000,32,0,179,0.00020699371816590428,0.8664,0.870028125,320000,460000,780000,46.0,1287680000,0.0052291000001787324,0.0025350999994770973,354.12646484375,0.125,10,4,4,0,0
ariad,10000,32,0,180,0.00020579318515956402,0.867134375,0.870825,320000,460000,780000,46.0,1287680000,0.007057800000438874,0.004166300000179035,354.12646484375,0.125,10,4,4,0,0
ariad,10000,32,0,181,0.00020470480376388878,0.86779375,0.871553125,320000,460000,780000,46.0,1287680000,0.005258500000309141,0.0025621000004321104,354.12646484375,0.125,10,4,4,0,0
ariad,10000,32,0,182,0.00020366172248031944,0.868565625,0.87239375,320000,460000,780000,46.0,1287680000,0.005321300000105111,0.002634099999340833,354.12646484375,0.125,10,4,4,0,0
ariad,10000,32,0,183,0.00020264754130039364,0.869259375,0.87318125,320000,460000,780000,46.0,1287680000,0.005499799999597599,0.0025599999999030842,354.12646484375,0.125,10,4,4,0,0
ariad,10000,32,0,184,0.00020178162958472967,0.86996875,0.8739375,320000,460000,780000,46.0,1287680000,0.005503999999746156,0.002710099999603699,354.31201171875,0.125,10,4,4,0,0
ariad,10000,32,0,185,0.00020100617257412523,0.870678125,0.87478125,320000,460000,780000,46.0,1287680000,0.005339999999705469,0.0025967000001401175,354.12646484375,0.125,10,4,4,0,0
ariad,10000,32,0,186,0.00020039979426655918,0.87134375,0.87551875,320000,460000,780000,46.0,1287680000,0.0052428999997573555,0.002560700000685756,354.12646484375,0.125,10,4,4,0,0
ariad,10000,32,0,187,0.00019986246479675174,0.872025,0.876290625,320000,460000,780000,46.0,1287680000,0.0054739000006520655,0.00271470000006957,354.12646484375,0.125,10,4,4,0,0
ariad,10000,32,0,188,0.00019939550838898867,0.872703125,0.8769875,320000,460000,780000,46.0,1287680000,0.005365399999391229,0.0026061999997182284,354.12646484375,0.125,10,4,4,0,0
ariad,10000,32,0,189,0.00019894250726792961,0.8734125,0.877753125,320000,460000,780000,46.0,1287680000,0.005393800000092597,0.002708100000745617,354.12646484375,0.125,10,4,4,0,0
ariad,10000,32,0,190,0.00019848000374622643,0.87401875,0.878440625,320000,460000,780000,46.0,1287680000,0.00522369999998773,0.0025309000002380344,354.31201171875,0.125,10,4,4,0,0
ariad,10000,32,0,191,0.0001979836233658716,0.8745625,0.8790625,320000,460000,780000,46.0,1287680000,0.005350000000362343,0.0026264999996783445,354.12646484375,0.125,10,4,4,0,0
ariad,10000,32,0,192,0.00019759399583563209,0.87514375,0.87956875,320000,460000,780000,46.0,1287680000,0.00535799999943265,0.002604799999971874,354.12646484375,0.125,10,4,4,0,0
ariad,10000,32,0,193,0.0001972322934307158,0.875721875,0.880203125,320000,460000,780000,46.0,1287680000,0.005301300000610354,0.002595599999949627,354.12646484375,0.125,10,4,4,0,0
ariad,10000,32,0,194,0.00019691433408297598,0.876328125,0.88088125,320000,460000,780000,46.0,1287680000,0.005252200000541052,0.002575800000158779,354.12646484375,0.125,10,4,4,0,0
ariad,10000,32,0,195,0.00019666242587845773,0.87689375,0.8814875,320000,460000,780000,46.0,1287680000,0.005196099999920989,0.002502700000150071,354.12646484375,0.125,10,4,4,0,0
ariad,10000,32,0,196,0.00019635858188848943,0.87745625,0.8820625,320000,460000,780000,46.0,1287680000,0.005266699999992852,0.0025686999997560633,354.31201171875,0.125,10,4,4,0,0
ariad,10000,32,0,197,0.00019612957839854062,0.8780375,0.8827125,320000,460000,780000,46.0,1287680000,0.0052912999999534804,0.002572600000348757,354.12646484375,0.125,10,4,4,0,0
ariad,10000,32,0,198,0.00019590942247305065,0.878496875,0.88328125,320000,460000,780000,46.0,1287680000,0.005237299999862444,0.002543100000366394,354.12646484375,0.125,10,4,4,0,0
ariad,10000,32,0,199,0.00019569041614886373,0.87894375,0.88379375,320000,460000,780000,46.0,1287680000,0.0052666000001408975,0.0025715000001582666,354.12646484375,0.125,10,4,4,0,0
ariad,10000,32,0,200,0.0001954041508724913,0.879378125,0.8842875,320000,460000,780000,46.0,1287680000,0.005241999999270774,0.0025138999999398948,354.12646484375,0.125,10,4,4,0,0
ariad,10000,32,0,201,0.00019519600027706474,0.879834375,0.884859375,320000,460000,780000,46.0,1287680000,0.005329099999471509,0.0026167999994868296,354.12646484375,0.125,10,4,4,0,0
ariad,10000,32,0,202,0.00019501983479131013,0.88030625,0.885403125,320000,460000,780000,46.0,1287680000,0.005296999999700347,0.002611899999465095,354.31201171875,0.125,10,4,4,0,0
ariad,10000,32,0,203,0.00019486690871417522,0.88076875,0.88584375,320000,460000,780000,46.0,1287680000,0.005250799999885203,0.0024842000002536224,354.12646484375,0.125,10,4,4,0,0
ariad,10000,32,0,204,0.00019465498917270452,0.88126875,0.886421875,320000,460000,780000,46.0,1287680000,0.00519350000013219,0.002502199999980803,354.12646484375,0.125,10,4,4,0,0
ariad,10000,32,0,205,0.00019445992074906826,0.88175,0.886890625,320000,460000,780000,46.0,1287680000,0.005263000000013562,0.0025875000001178705,354.12646484375,0.125,10,4,4,0,0
ariad,10000,32,0,206,0.00019430376414675266,0.882325,0.887434375,320000,460000,780000,46.0,1287680000,0.005148899999767309,0.0024481999998897663,354.12646484375,0.125,10,4,4,0,0
ariad,10000,32,0,207,0.0001941529189934954,0.882753125,0.88796875,320000,460000,780000,46.0,1287680000,0.0052547999994203565,0.0025697999999465537,354.12646484375,0.125,10,4,4,0,0
ariad,10000,32,0,208,0.00019402801990509033,0.88315,0.88844375,320000,460000,780000,46.0,1287680000,0.0052419000003283145,0.00255379999998695,354.31201171875,0.125,10,4,4,0,0
ariad,10000,32,0,209,0.0001938942732522264,0.883553125,0.888925,320000,460000,780000,46.0,1287680000,0.005272200000035809,0.002560500000072352,354.12646484375,0.125,10,4,4,0,0
ariad,10000,32,0,210,0.0001937136403284967,0.884025,0.889396875,320000,460000,780000,46.0,1287680000,0.00514980000025389,0.002461300000504707,354.12646484375,0.125,10,4,4,0,0
ariad,10000,32,0,211,0.000193571497220546,0.88444375,0.889871875,320000,460000,780000,46.0,1287680000,0.005324200000359269,0.002604799999971874,354.12646484375,0.125,10,4,4,0,0
ariad,10000,32,0,212,0.00019346021872479469,0.88488125,0.890321875,320000,460000,780000,46.0,1287680000,0.005178699999305536,0.0024836000002324,354.12646484375,0.125,10,4,4,0,0
ariad,10000,32,0,213,0.00019336618424858898,0.885303125,0.8908,320000,460000,780000,46.0,1287680000,0.005189499999687541,0.0025122999995801365,354.12646484375,0.125,10,4,4,0,0
ariad,10000,32,0,214,0.00019325494940858334,0.885740625,0.891275,320000,460000,780000,46.0,1287680000,0.005238699999608798,0.0025556000000506174,354.31201171875,0.125,10,4,4,0,0
ariad,10000,32,0,215,0.0001931557635543868,0.886171875,0.89171875,320000,460000,780000,46.0,1287680000,0.005498800000168558,0.0025748999996721977,354.12646484375,0.125,10,4,4,0,0
ariad,10000,32,0,216,0.0001930373691720888,0.886478125,0.8921125,320000,460000,780000,46.0,1287680000,0.005304000000251108,0.0026012999996964936,354.12646484375,0.125,10,4,4,0,0
ariad,10000,32,0,217,0.0001929591380758211,0.88680625,0.892475,320000,460000,780000,46.0,1287680000,0.005386900000303285,0.0027021999994758517,354.12646484375,0.125,10,4,4,0,0
ariad,10000,32,0,218,0.0001928848505485803,0.887171875,0.89285625,320000,460000,780000,46.0,1287680000,0.005555400000048394,0.0028071999995518127,354.12646484375,0.125,10,4,4,0,0
ariad,10000,32,0,219,0.00019280692504253238,0.88749375,0.893196875,320000,460000,780000,46.0,1287680000,0.0052431000003707595,0.002529299999878276,354.12646484375,0.125,10,4,4,0,0
ariad,10000,32,0,220,0.00019274103397037834,0.887821875,0.89358125,320000,460000,780000,46.0,1287680000,0.005272399999739719,0.0025492999993730336,354.31201171875,0.125,10,4,4,0,0
ariad,10000,32,0,221,0.00019270119082648307,0.888171875,0.89400625,320000,460000,780000,46.0,1287680000,0.005258199999843782,0.0025759000000107335,354.12646484375,0.125,10,4,4,0,0
ariad,10000,32,0,222,0.00019261636771261692,0.88851875,0.894378125,320000,460000,780000,46.0,1287680000,0.005267100000310165,0.002563699999882374,354.12646484375,0.125,10,4,4,0,0
ariad,10000,32,0,223,0.00019255594816058874,0.888821875,0.89476875,320000,460000,780000,46.0,1287680000,0.005231499999354128,0.0025341000000480562,354.12646484375,0.125,10,4,4,0,0
ariad,10000,32,0,224,0.00019247403542976826,0.889178125,0.89511875,320000,460000,780000,46.0,1287680000,0.00536759999977221,0.002645900000061374,354.12646484375,0.125,10,4,4,0,0
ariad,10000,32,0,225,0.0001923913659993559,0.889590625,0.8955625,320000,460000,780000,46.0,1287680000,0.005279500000142434,0.00257309999960853,354.12646484375,0.125,10,4,4,0,0
ariad,10000,32,0,226,0.00019232428167015314,0.889946875,0.8959625,320000,460000,780000,46.0,1287680000,0.005493100000421691,0.002548600000409351,354.31201171875,0.125,10,4,4,0,0
ariad,10000,32,0,227,0.00019226546282880008,0.89031875,0.896428125,320000,460000,780000,46.0,1287680000,0.005169199999727425,0.0024885000002541346,354.12646484375,0.125,10,4,4,0,0
ariad,10000,32,0,228,0.00019217905355617404,0.890678125,0.8968375,320000,460000,780000,46.0,1287680000,0.005373099999815167,0.0025783000000956235,354.12646484375,0.125,10,4,4,0,0
ariad,10000,32,0,229,0.0001921305083669722,0.890984375,0.89716875,320000,460000,780000,46.0,1287680000,0.005252900000414229,0.0025562999999237945,354.12646484375,0.125,10,4,4,0,0
ariad,10000,32,0,230,0.000192093983059749,0.891309375,0.897528125,320000,460000,780000,46.0,1287680000,0.005301999999574036,0.002554499999860127,354.12646484375,0.125,10,4,4,0,0
ariad,10000,32,0,231,0.00019203496049158275,0.89163125,0.897875,320000,460000,780000,46.0,1287680000,0.0053026000005047536,0.0026189999998678104,354.12646484375,0.125,10,4,4,0,0
ariad,10000,32,0,232,0.00019199955568183213,0.891871875,0.898178125,320000,460000,780000,46.0,1287680000,0.0051901000006182585,0.002489900000000489,354.31201171875,0.125,10,4,4,0,0
ariad,10000,32,0,233,0.000191944491234608,0.892225,0.89851875,320000,460000,780000,46.0,1287680000,0.0051872000003641006,0.0024918999997680658,354.12646484375,0.125,10,4,4,0,0
ariad,10000,32,0,234,0.00019187813450116664,0.892565625,0.89889375,320000,460000,780000,46.0,1287680000,0.006548700000166718,0.0026511999994909274,354.12646484375,0.125,10,4,4,0,0
ariad,10000,32,0,235,0.0001918324123835191,0.8928625,0.89923125,320000,460000,780000,46.0,1287680000,0.005486699999892153,0.0027908000001843902,354.12646484375,0.125,10,4,4,0,0
ariad,10000,32,0,236,0.00019177835201844573,0.893184375,0.899575,320000,460000,780000,46.0,1287680000,0.005259100000330363,0.0025701000004119123,354.12646484375,0.125,10,4,4,0,0
ariad,10000,32,0,237,0.0001917131303343922,0.893515625,0.8999125,320000,460000,780000,46.0,1287680000,0.005276400000184367,0.002594399999907182,354.12646484375,0.125,10,4,4,0,0
ariad,10000,32,0,238,0.00019165944831911474,0.89378125,0.900221875,320000,460000,780000,46.0,1287680000,0.006062299999939569,0.002549899999394256,354.31201171875,0.125,10,4,4,0,0
ariad,10000,32,0,239,0.0001916242326842621,0.89408125,0.90055,320000,460000,780000,46.0,1287680000,0.005259300000034273,0.0025864999997793348,354.12646484375,0.125,10,4,4,0,0
ariad,10000,32,0,240,0.00019158441864419729,0.894371875,0.900853125,320000,460000,780000,46.0,1287680000,0.005205700000260549,0.002530099999603408,354.12646484375,0.125,10,4,4,0,0
ariad,10000,32,0,241,0.0001915264583658427,0.8946625,0.901171875,320000,460000,780000,46.0,1287680000,0.00527810000039608,0.002599299999928917,354.12646484375,0.125,10,4,4,0,0
ariad,10000,32,0,242,0.000191451093996875,0.895009375,0.901571875,320000,460000,780000,46.0,1287680000,0.005464299999403011,0.0024906999997256207,354.12646484375,0.125,10,4,4,0,0
ariad,10000,32,0,243,0.0001913802116177976,0.895328125,0.90191875,320000,460000,780000,46.0,1287680000,0.005276400000184367,0.0025637999997343286,354.12646484375,0.125,10,4,4,0,0
ariad,10000,32,0,244,0.0001913527667056769,0.8956125,0.90225625,320000,460000,780000,46.0,1287680000,0.005911199999900418,0.003223799999432231,354.31201171875,0.125,10,4,4,0,0
ariad,10000,32,0,245,0.00019131848239339888,0.8958875,0.9025375,320000,460000,780000,46.0,1287680000,0.0053144000003158,0.0025974999998652493,354.12646484375,0.125,10,4,4,0,0
ariad,10000,32,0,246,0.00019128539133816957,0.89614375,0.902815625,320000,460000,780000,46.0,1287680000,0.005298199999742792,0.0025657999995019054,354.12646484375,0.125,10,4,4,0,0
ariad,10000,32,0,247,0.00019123865058645606,0.8963875,0.903115625,320000,460000,780000,46.0,1287680000,0.005278000000544125,0.002600200000415498,354.12646484375,0.125,10,4,4,0,0
ariad,10000,32,0,248,0.00019119087664876133,0.896678125,0.903475,320000,460000,780000,46.0,1287680000,0.005883600000743172,0.0026387999996586586,354.12646484375,0.125,10,4,4,0,0
ariad,10000,32,0,249,0.00019114837050437927,0.896953125,0.90376875,320000,460000,780000,46.0,1287680000,0.005392699999902106,0.0026630000002114684,354.12646484375,0.125,10,4,4,0,0
ariad,10000,32,0,250,0.00019106852414552122,0.89719375,0.904034375,320000,460000,780000,46.0,1287680000,0.0052835000005870825,0.0025697999999465537,354.31201171875,0.125,10,4,4,0,0
ariad,10000,32,0,251,0.00019104151579085737,0.8974125,0.9043,320000,460000,780000,46.0,1287680000,0.005279099999825121,0.0025771000000531785,354.12646484375,0.125,10,4,4,0,0
ariad,10000,32,0,252,0.00019095126481261104,0.897646875,0.904571875,320000,460000,780000,46.0,1287680000,0.005326399999830755,0.0026204999994661193,354.12646484375,0.125,10,4,4,0,0
ariad,10000,32,0,253,0.00019084873201791197,0.897896875,0.9048375,320000,460000,780000,46.0,1287680000,0.005174299999453069,0.002489100000275357,354.12646484375,0.125,10,4,4,0,0
ariad,10000,32,0,254,0.00019080874335486442,0.898078125,0.905084375,320000,460000,780000,46.0,1287680000,0.005199899999752233,0.002508500000658387,354.12646484375,0.125,10,4,4,0,0
ariad,10000,32,0,255,0.00019076341413892806,0.898309375,0.90535,320000,460000,780000,46.0,1287680000,0.005177800000637944,0.0025122999995801365,354.12646484375,0.125,10,4,4,0,0
ariad,10000,32,0,256,0.00019071206043008715,0.898571875,0.9056625,320000,460000,780000,46.0,1287680000,0.005239600000095379,0.002542300000641262,354.31201171875,0.125,10,4,4,0,0
ariad,10000,32,0,257,0.00019064157095272094,0.898828125,0.90595,320000,460000,780000,46.0,1287680000,0.005330599999979313,0.0026366000001871726,354.12646484375,0.125,10,4,4,0,0
ariad,10000,32,0,258,0.00019060602062381804,0.899040625,0.90619375,320000,460000,780000,46.0,1287680000,0.0053285000003597816,0.002618599999550497,354.12646484375,0.125,10,4,4,0,0
ariad,10000,32,0,259,0.00019053627329412848,0.899265625,0.9064375,320000,460000,780000,46.0,1287680000,0.005271300000458723,0.0025819000002229586,354.12646484375,0.125,10,4,4,0,0
ariad,10000,32,0,260,0.00019050409900955856,0.89949375,0.906696875,320000,460000,780000,46.0,1287680000,0.005654700000377488,0.002898499999901105,354.12646484375,0.125,10,4,4,0,0
ariad,10000,32,0,261,0.00019047042587772012,0.899725,0.906965625,320000,460000,780000,46.0,1287680000,0.005244699999821023,0.002579699999841978,354.12646484375,0.125,10,4,4,0,0
ariad,10000,32,0,262,0.00019042087660636753,0.89990625,0.90718125,320000,460000,780000,46.0,1287680000,0.005163300000276649,0.0025258999994548503,354.31201171875,0.125,10,4,4,0,0
ariad,10000,32,0,263,0.0001904003438539803,0.900078125,0.907396875,320000,460000,780000,46.0,1287680000,0.005231399999502173,0.0024974999996629776,354.12646484375,0.125,10,4,4,0,0
ariad,10000,32,0,264,0.000190376493264921,0.900284375,0.907625,320000,460000,780000,46.0,1287680000,0.0051911000000472995,0.00251750000006723,354.12646484375,0.125,10,4,4,0,0
ariad,10000,32,0,265,0.00019032563432119787,0.900490625,0.907871875,320000,460000,780000,46.0,1287680000,0.005231099999946309,0.002556399999775749,354.12646484375,0.125,10,4,4,0,0
ariad,10000,32,0,266,0.0001902858493849635,0.900690625,0.90810625,320000,460000,780000,46.0,1287680000,0.0053704000001744134,0.002635599999848637,354.12646484375,0.125,10,4,4,0,0
ariad,10000,32,0,267,0.00019026781956199557,0.9009,0.908340625,320000,460000,780000,46.0,1287680000,0.00522720000026311,0.0025605999999243068,354.12646484375,0.125,10,4,4,0,0
ariad,10000,32,0,268,0.00019022759806830436,0.901034375,0.9085,320000,460000,780000,46.0,1287680000,0.005209699999795703,0.002539299999625655,354.31201171875,0.125,10,4,4,0,0
ariad,10000,32,0,269,0.00019018280727323145,0.9011875,0.9086875,320000,460000,780000,46.0,1287680000,0.0067103000001225155,0.0025274999998146086,354.12646484375,0.125,10,4,4,0,0
ariad,10000,32,0,270,0.00019014737335965037,0.901359375,0.9088875,320000,460000,780000,46.0,1287680000,0.005355100000087987,0.0026440999999977066,354.12646484375,0.125,10,4,4,0,0
ariad,10000,32,0,271,0.00019012807752005756,0.901521875,0.909046875,320000,460000,780000,46.0,1287680000,0.005267600000479433,0.00260459999935847,354.12646484375,0.125,10,4,4,0,0
ariad,10000,32,0,272,0.00019008739036507905,0.90166875,0.909209375,320000,460000,780000,46.0,1287680000,0.005219399999987218,0.002556600000389153,354.12646484375,0.125,10,4,4,0,0
ariad,10000,32,0,273,0.00019007117953151464,0.901828125,0.90938125,320000,460000,780000,46.0,1287680000,0.005256499999632069,0.002535100000386592,354.12646484375,0.125,10,4,4,0,0
ariad,10000,32,0,274,0.00019004708155989647,0.902,0.9095625,320000,460000,780000,46.0,1287680000,0.005236900000454625,0.002568799999608018,354.31201171875,0.125,10,4,4,0,0
ariad,10000,32,0,275,0.00019002660701517016,0.902140625,0.909740625,320000,460000,780000,46.0,1287680000,0.005281499999910011,0.0026099999995494727,354.12646484375,0.125,10,4,4,0,0
ariad,10000,32,0,276,0.00018999449093826115,0.902303125,0.909934375,320000,460000,780000,46.0,1287680000,0.00520319999941421,0.0024784000006548013,354.12646484375,0.125,10,4,4,0,0
ariad,10000,32,0,277,0.0001899719936773181,0.90248125,0.910128125,320000,460000,780000,46.0,1287680000,0.005391600000621111,0.002661900000020978,354.12646484375,0.125,10,4,4,0,0
ariad,10000,32,0,278,0.00018994226411450654,0.9026375,0.91030625,320000,460000,780000,46.0,1287680000,0.005232999999861931,0.0025577000005796435,354.12646484375,0.125,10,4,4,0,0
ariad,10000,32,0,279,0.0001899152557598427,0.902825,0.910503125,320000,460000,780000,46.0,1287680000,0.005376600000090548,0.002661900000020978,354.12646484375,0.125,10,4,4,0,0
ariad,10000,32,0,280,0.0001898803311632946,0.902996875,0.910696875,320000,460000,780000,46.0,1287680000,0.00519700000040757,0.0025287000007665483,354.31201171875,0.125,10,4,4,0,0
ariad,10000,32,0,281,0.00018986104987561703,0.903165625,0.910903125,320000,460000,780000,46.0,1287680000,0.0053321999994295766,0.002586699999483244,354.12646484375,0.125,10,4,4,0,0
ariad,10000,32,0,282,0.00018984853522852063,0.903309375,0.91110625,320000,460000,780000,46.0,1287680000,0.005200100000365637,0.0024984000001495588,354.12646484375,0.125,10,4,4,0,0
ariad,10000,32,0,283,0.00018976583669427782,0.903459375,0.911275,320000,460000,780000,46.0,1287680000,0.0051756000002569635,0.0024936999998317333,354.12646484375,0.125,10,4,4,0,0
ariad,10000,32,0,284,0.00018973377882502973,0.903653125,0.911475,320000,460000,780000,46.0,1287680000,0.005202800000006391,0.002568700000665558,354.12646484375,0.125,10,4,4,0,0
ariad,10000,32,0,285,0.000189703336218372,0.90379375,0.911603125,320000,460000,780000,46.0,1287680000,0.005262300000140385,0.0025792999995246646,354.12646484375,0.125,10,4,4,0,0
ariad,10000,32,0,286,0.00018965723575092852,0.90399375,0.91183125,320000,460000,780000,46.0,1287680000,0.005298400000356196,0.002607999999781896,354.31201171875,0.125,10,4,4,0,0
ariad,10000,32,0,287,0.00018963831826113164,0.90414375,0.911978125,320000,460000,780000,46.0,1287680000,0.005205300000852731,0.0025207999997292063,354.12646484375,0.125,10,4,4,0,0
ariad,10000,32,0,288,0.00018960765737574548,0.904321875,0.91216875,320000,460000,780000,46.0,1287680000,0.0052999999998064595,0.002604399999654561,354.12646484375,0.125,10,4,4,0,0
ariad,10000,32,0,289,0.00018955118139274418,0.904490625,0.91239375,320000,460000,780000,46.0,1287680000,0.005391200000303797,0.002737100000558712,354.12646484375,0.125,10,4,4,0,0
ariad,10000,32,0,290,0.00018952475511468947,0.904646875,0.912609375,320000,460000,780000,46.0,1287680000,0.005334800000127871,0.0026311000001442153,354.12646484375,0.125,10,4,4,0,0
ariad,10000,32,0,291,0.00018951344827655703,0.904790625,0.912765625,320000,460000,780000,46.0,1287680000,0.0052562000000762055,0.002559800000199175,354.12646484375,0.125,10,4,4,0,0
ariad,10000,32,0,292,0.00018949729565065354,0.904946875,0.91294375,320000,460000,780000,46.0,1287680000,0.005219300000135263,0.002506099999664002,354.31201171875,0.125,10,4,4,0,0
ariad,10000,32,0,293,0.00018947360513266176,0.90509375,0.91311875,320000,460000,780000,46.0,1287680000,0.005226500000389933,0.0025441999996473896,354.12646484375,0.125,10,4,4,0,0
ariad,10000,32,0,294,0.0001894622837426141,0.90524375,0.913284375,320000,460000,780000,46.0,1287680000,0.005246400000032736,0.0025385999997524777,354.12646484375,0.125,10,4,4,0,0
ariad,10000,32,0,295,0.0001894355082185939,0.90543125,0.913465625,320000,460000,780000,46.0,1287680000,0.005160300000170537,0.0024603000001661712,354.12646484375,0.125,10,4,4,0,0
ariad,10000,32,0,296,0.00018941938469652086,0.905578125,0.913625,320000,460000,780000,46.0,1287680000,0.0052131000002191286,0.0025573000002623303,354.12646484375,0.125,10,4,4,0,0
ariad,10000,32,0,297,0.00018940256268251687,0.90575625,0.913821875,320000,460000,780000,46.0,1287680000,0.005152699999598553,0.00247269999999844,354.12646484375,0.125,10,4,4,0,0
ariad,10000,32,0,298,0.00018937134882435203,0.905890625,0.913975,320000,460000,780000,46.0,1287680000,0.005207899999732035,0.0025166000004901434,354.31201171875,0.125,10,4,4,0,0
ariad,10000,32,0,299,0.00018936018750537187,0.906009375,0.914134375,320000,460000,780000,46.0,1287680000,0.0052716999998665415,0.0025856000002022483,354.12646484375,0.125,10,4,4,0,0
ariad,10000,32,0,300,0.00018934746913146228,0.90613125,0.914284375,320000,460000,780000,46.0,1287680000,0.005228799999713374,0.0025112999992416007,354.12646484375,0.125,10,4,4,0,0
ariad,10000,32,0,301,0.00018932366219814867,0.90623125,0.9144,320000,460000,780000,46.0,1287680000,0.005192499999793654,0.0025545999997120816,354.12646484375,0.125,10,4,4,0,0
ariad,10000,32,0,302,0.00018929051293525845,0.90636875,0.91456875,320000,460000,780000,46.0,1287680000,0.005406500000390224,0.0027036000001317007,354.12646484375,0.125,10,4,4,0,0
ariad,10000,32,0,303,0.00018925625772681087,0.906515625,0.914709375,320000,460000,780000,46.0,1287680000,0.0052547000004778965,0.0025894000000334927,354.12646484375,0.125,10,4,4,0,0
ariad,10000,32,0,304,0.00018920468573924154,0.9066625,0.914878125,320000,460000,780000,46.0,1287680000,0.0051173000001654145,0.0024674999995113467,354.31201171875,0.125,10,4,4,0,0
ariad,10000,32,0,305,0.00018915817781817168,0.906784375,0.915034375,320000,460000,780000,46.0,1287680000,0.005225899999459216,0.0025921999995262013,354.12646484375,0.125,10,4,4,0,0
ariad,10000,32,0,306,0.00018909350910689682,0.906903125,0.91518125,320000,460000,780000,46.0,1287680000,0.0052341999999043765,0.0025519000000713277,354.12646484375,0.125,10,4,4,0,0
ariad,10000,32,0,307,0.0001890659041237086,0.90704375,0.915359375,320000,460000,780000,46.0,1287680000,0.00522980000005191,0.0025369000004502595,354.12646484375,0.125,10,4,4,0,0
ariad,10000,32,0,308,0.000189041078556329,0.907165625,0.91546875,320000,460000,780000,46.0,1287680000,0.00531200000023091,0.0026484999998501735,354.12646484375,0.125,10,4,4,0,0
ariad,10000,32,0,309,0.00018904473108705133,0.907275,0.915571875,320000,460000,780000,46.0,1287680000,0.005210600000282284,0.0024805000002743327,354.12646484375,0.125,10,4,4,0,0
ariad,10000,32,0,310,0.0001890279963845387,0.9074,0.91570625,320000,460000,780000,46.0,1287680000,0.008286400000542926,0.00262509999993199,354.31201171875,0.125,10,4,4,0,0
ariad,10000,32,0,311,0.00018901596195064485,0.90750625,0.915834375,320000,460000,780000,46.0,1287680000,0.005379700000048615,0.002571499999248772,354.12646484375,0.125,10,4,4,0,0
ariad,10000,32,0,312,0.00018899641872849315,0.907628125,0.915971875,320000,460000,780000,46.0,1287680000,0.005419599999186175,0.0025218999999196967,354.12646484375,0.125,10,4,4,0,0
ariad,10000,32,0,313,0.00018897323752753437,0.90775,0.916121875,320000,460000,780000,46.0,1287680000,0.005226599999332393,0.0025584000004528207,354.12646484375,0.125,10,4,4,0,0
ariad,10000,32,0,314,0.00018896318215411156,0.9078875,0.91628125,320000,460000,780000,46.0,1287680000,0.005331000000296626,0.0025749000005816924,354.12646484375,0.125,10,4,4,0,0
ariad,10000,32,0,315,0.0001889462146209553,0.908025,0.916453125,320000,460000,780000,46.0,1287680000,0.005325099999936356,0.0026281999998900574,354.12646484375,0.125,10,4,4,0,0
ariad,10000,32,0,316,0.0001889243139885366,0.908128125,0.916596875,320000,460000,780000,46.0,1287680000,0.005220199999712349,0.002560200000516488,354.31201171875,0.125,10,4,4,0,0
ariad,10000,32,0,317,0.00018892070511355996,0.90826875,0.9167625,320000,460000,780000,46.0,1287680000,0.0051806999999826076,0.002503400000023248,354.12646484375,0.125,10,4,4,0,0
ariad,10000,32,0,318,0.00018890644423663616,0.908384375,0.916884375,320000,460000,780000,46.0,1287680000,0.005149100000380713,0.002492999999958556,354.12646484375,0.125,10,4,4,0,0
ariad,10000,32,0,319,0.00018888818158302456,0.908515625,0.91703125,320000,460000,780000,46.0,1287680000,0.005186200000025565,0.0025064000001293607,354.12646484375,0.125,10,4,4,0,0
ariad,10000,32,0,320,0.0001888818951556459,0.908628125,0.917165625,320000,460000,780000,46.0,1287680000,0.005236199999671953,0.002549899999394256,354.12646484375,0.125,10,4,4,0,0
ariad,10000,32,0,321,0.0001888545521069318,0.90874375,0.9172875,320000,460000,780000,46.0,1287680000,0.005355100000087987,0.00257439999950293,354.12646484375,0.125,10,4,4,0,0
ariad,10000,32,0,322,0.00018884394376073033,0.90885625,0.917415625,320000,460000,780000,46.0,1287680000,0.005373500000132481,0.002664899999217596,354.31201171875,0.125,10,4,4,0,0
ariad,10000,32,0,323,0.0001888278202386573,0.90896875,0.917540625,320000,460000,780000,46.0,1287680000,0.005277799999930721,0.0026056000006065005,354.12646484375,0.125,10,4,4,0,0
ariad,10000,32,0,324,0.00018880469724535942,0.90906875,0.917640625,320000,460000,780000,46.0,1287680000,0.005239900000560738,0.002587199999652512,354.12646484375,0.125,10,4,4,0,0
ariad,10000,32,0,325,0.00018880332936532795,0.9091375,0.917740625,320000,460000,780000,46.0,1287680000,0.005250700000033248,0.00257309999960853,354.12646484375,0.125,10,4,4,0,0
ariad,10000,32,0,326,0.0001887900725705549,0.90925625,0.9178875,320000,460000,780000,46.0,1287680000,0.00524420000056125,0.0025494999999864376,354.12646484375,0.125,10,4,4,0,0
ariad,10000,32,0,327,0.00018873243243433535,0.9093625,0.91799375,320000,460000,780000,46.0,1287680000,0.005207000000154949,0.0025257999996028957,354.12646484375,0.125,10,4,4,0,0
ariad,10000,32,0,328,0.00018869826453737915,0.90951875,0.918171875,320000,460000,780000,46.0,1287680000,0.005230600000686536,0.002539200000683195,354.31201171875,0.125,10,4,4,0,0
ariad,10000,32,0,329,0.00018869052291847765,0.909609375,0.918278125,320000,460000,780000,46.0,1287680000,0.005235099999481463,0.002557199999500881,354.12646484375,0.125,10,4,4,0,0
ariad,10000,32,0,330,0.0001886855170596391,0.9097,0.918384375,320000,460000,780000,46.0,1287680000,0.005250499999419844,0.002538300000196614,354.12646484375,0.125,10,4,4,0,0
ariad,10000,32,0,331,0.00018867394828703254,0.909803125,0.918490625,320000,460000,780000,46.0,1287680000,0.0054528999999092775,0.0027191999997739913,354.12646484375,0.125,10,4,4,0,0
ariad,10000,32,0,332,0.00018865113088395447,0.9099125,0.918596875,320000,460000,780000,46.0,1287680000,0.005309799999849929,0.0026155000005019247,354.12646484375,0.125,10,4,4,0,0
ariad,10000,32,0,333,0.00018862448632717133,0.909978125,0.91868125,320000,460000,780000,46.0,1287680000,0.005211000000599597,0.002525900000364345,354.12646484375,0.125,10,4,4,0,0
ariad,10000,32,0,334,0.0001886115496745333,0.910059375,0.918790625,320000,460000,780000,46.0,1287680000,0.005220200000621844,0.0025071999998544925,354.31201171875,0.125,10,4,4,0,0
ariad,10000,32,0,335,0.0001886001118691638,0.91015,0.91889375,320000,460000,780000,46.0,1287680000,0.005256600000393519,0.0025780000005397596,354.12646484375,0.125,10,4,4,0,0
ariad,10000,32,0,336,0.00018857515533454716,0.91025625,0.919021875,320000,460000,780000,46.0,1287680000,0.005233899999439018,0.0025557999997545267,354.12646484375,0.125,10,4,4,0,0
ariad,10000,32,0,337,0.00018855500093195587,0.91035625,0.919128125,320000,460000,780000,46.0,1287680000,0.005244699999821023,0.0025279999999838765,354.12646484375,0.125,10,4,4,0,0
ariad,10000,32,0,338,0.0001885491656139493,0.910425,0.91921875,320000,460000,780000,46.0,1287680000,0.0052237999998396845,0.002580100000159291,354.12646484375,0.125,10,4,4,0,0
ariad,10000,32,0,339,0.00018852185166906565,0.91051875,0.91933125,320000,460000,780000,46.0,1287680000,0.005269899999802874,0.002579400000286114,354.12646484375,0.125,10,4,4,0,0
ariad,10000,32,0,340,0.0001885087403934449,0.910590625,0.919440625,320000,460000,780000,46.0,1287680000,0.005264500000521366,0.0025522000005366863,354.31201171875,0.125,10,4,4,0,0
ariad,10000,32,0,341,0.00018848975014407188,0.910690625,0.919553125,320000,460000,780000,46.0,1287680000,0.006986500000493834,0.00403329999971902,354.12646484375,0.125,10,4,4,0,0
ariad,10000,32,0,342,0.0001884603116195649,0.910778125,0.91965625,320000,460000,780000,46.0,1287680000,0.005290200000672485,0.0025852999997368897,354.12646484375,0.125,10,4,4,0,0
ariad,10000,32,0,343,0.0001884406228782609,0.91086875,0.919771875,320000,460000,780000,46.0,1287680000,0.005251999999927648,0.0025749000005816924,354.12646484375,0.125,10,4,4,0,0
ariad,10000,32,0,344,0.00018842911231331527,0.9109625,0.919878125,320000,460000,780000,46.0,1287680000,0.005152000000634871,0.002456000000165659,354.12646484375,0.125,10,4,4,0,0
ariad,10000,32,0,345,0.00018841170822270215,0.91104375,0.919978125,320000,460000,780000,46.0,1287680000,0.005223399999522371,0.0025434999997742125,354.12646484375,0.125,10,4,4,0,0
ariad,10000,32,0,346,0.0001884033263195306,0.911140625,0.92010625,320000,460000,780000,46.0,1287680000,0.0053428000001076725,0.002599499999632826,354.31201171875,0.125,10,4,4,0,0
ariad,10000,32,0,347,0.00018839047697838396,0.911209375,0.920171875,320000,460000,780000,46.0,1287680000,0.00518740000006801,0.002526600000237522,354.12646484375,0.125,10,4,4,0,0
ariad,10000,32,0,348,0.00018838401592802256,0.91129375,0.920271875,320000,460000,780000,46.0,1287680000,0.005147900000338268,0.002435700000205543,354.12646484375,0.125,10,4,4,0,0
ariad,10000,32,0,349,0.00018838005780708045,0.911375,0.920371875,320000,460000,780000,46.0,1287680000,0.005256600000393519,0.002577000000201224,354.12646484375,0.125,10,4,4,0,0
ariad,10000,32,0,350,0.0001883779768832028,0.91145,0.92046875,320000,460000,780000,46.0,1287680000,0.0052187000001140404,0.002553299999817682,354.12646484375,0.125,10,4,4,0,0
ariad,10000,32,0,351,0.0001883476070361212,0.911540625,0.920584375,320000,460000,780000,46.0,1287680000,0.0053326000006563845,0.002620000000206346,354.12646484375,0.125,10,4,4,0,0
ariad,10000,32,0,352,0.00018834657385013998,0.911609375,0.920675,320000,460000,780000,46.0,1287680000,0.00519940000049246,0.0025100999991991557,354.31201171875,0.125,10,4,4,0,0
ariad,10000,32,0,353,0.00018834046204574406,0.911653125,0.920725,320000,460000,780000,46.0,1287680000,0.005608599999504804,0.002922499999840511,354.12646484375,0.125,10,4,4,0,0
ariad,10000,32,0,354,0.00018830731278285384,0.91173125,0.920825,320000,460000,780000,46.0,1287680000,0.0051809000005960115,0.002560500000072352,354.12646484375,0.125,10,4,4,0,0
ariad,10000,32,0,355,0.0001882997457869351,0.911803125,0.920921875,320000,460000,780000,46.0,1287680000,0.005251200000202516,0.002569299999777286,354.12646484375,0.125,10,4,4,0,0
ariad,10000,32,0,356,0.00018828178872354329,0.9119125,0.921040625,320000,460000,780000,46.0,1287680000,0.005295999999361811,0.0025931000000127824,354.12646484375,0.125,10,4,4,0,0
ariad,10000,32,0,357,0.00018826087762136012,0.91196875,0.9211,320000,460000,780000,46.0,1287680000,0.005668099999638798,0.00298079999993206,354.12646484375,0.125,10,4,4,0,0
ariad,10000,32,0,358,0.00018824661674443632,0.91205625,0.92119375,320000,460000,780000,46.0,1287680000,0.005205999999816413,0.002521299999898474,354.31201171875,0.125,10,4,4,0,0
ariad,10000,32,0,359,0.00018822075799107552,0.912175,0.9213125,320000,460000,780000,46.0,1287680000,0.005313699999533128,0.002623200000016368,354.12646484375,0.125,10,4,4,0,0
ariad,10000,32,0,360,0.00018819962861016393,0.912265625,0.92141875,320000,460000,780000,46.0,1287680000,0.005165600000509585,0.002516700000342098,354.12646484375,0.125,10,4,4,0,0
ariad,10000,32,0,361,0.00018819849356077611,0.912325,0.92145625,320000,460000,780000,46.0,1287680000,0.005889799999749812,0.0025489999998171697,354.12646484375,0.125,10,4,4,0,0
ariad,10000,32,0,362,0.0001881875650724396,0.912421875,0.921565625,320000,460000,780000,46.0,1287680000,0.005265899999358226,0.0025593999998818617,354.12646484375,0.125,10,4,4,0,0
ariad,10000,32,0,363,0.00018817513773683459,0.91250625,0.921665625,320000,460000,780000,46.0,1287680000,0.005264000000352098,0.00252719999934925,354.12646484375,0.125,10,4,4,0,0
ariad,10000,32,0,364,0.00018816695956047624,0.9125625,0.921740625,320000,460000,780000,46.0,1287680000,0.005213800000092306,0.0025408000001334585,354.31201171875,0.125,10,4,4,0,0
ariad,10000,32,0,365,0.00018816126976162195,0.91261875,0.92181875,320000,460000,780000,46.0,1287680000,0.008587600000282691,0.005928699999458331,354.12646484375,0.125,10,4,4,0,0
ariad,10000,32,0,366,0.00018814056238625199,0.91268125,0.9219,320000,460000,780000,46.0,1287680000,0.0053154999995967955,0.002638999999362568,354.12646484375,0.125,10,4,4,0,0
ariad,10000,32,0,367,0.00018811735208146274,0.912778125,0.92200625,320000,460000,780000,46.0,1287680000,0.005154599999514176,0.0025062000004254514,354.12646484375,0.125,10,4,4,0,0
ariad,10000,32,0,368,0.00018810269830282778,0.912853125,0.922109375,320000,460000,780000,46.0,1287680000,0.005234999999629508,0.0025309000002380344,354.12646484375,0.125,10,4,4,0,0
ariad,10000,32,0,369,0.0001880964991869405,0.912928125,0.922175,320000,460000,780000,46.0,1287680000,0.005573200000071665,0.0028066999993825448,354.12646484375,0.125,10,4,4,0,0
ariad,10000,32,0,370,0.00018808159802574664,0.9129875,0.922265625,320000,460000,780000,46.0,1287680000,0.005199799999900279,0.0024868000000424217,354.31201171875,0.125,10,4,4,0,0
ariad,10000,32,0,371,0.00018807929882314056,0.91305,0.92235625,320000,460000,780000,46.0,1287680000,0.005241500000011001,0.002526399999624118,354.12646484375,0.125,10,4,4,0,0
ariad,10000,32,0,372,0.00018806204025167972,0.9131125,0.9224125,320000,460000,780000,46.0,1287680000,0.005667800000082934,0.0027576000002227374,354.12646484375,0.125,10,4,4,0,0
ariad,10000,32,0,373,0.0001880539202829823,0.9131875,0.9225,320000,460000,780000,46.0,1287680000,0.006403999999747612,0.002607700000226032,354.12646484375,0.125,10,4,4,0,0
ariad,10000,32,0,374,0.00018805137369781733,0.913253125,0.922584375,320000,460000,780000,46.0,1287680000,0.005192400000851194,0.0024992000007841852,354.12646484375,0.125,10,4,4,0,0
ariad,10000,32,0,375,0.00018805226136464626,0.913321875,0.92266875,320000,460000,780000,46.0,1287680000,0.005240399999820511,0.002559100000325998,354.12646484375,0.125,10,4,4,0,0
ariad,10000,32,0,376,0.0001880456111393869,0.9133875,0.9227625,320000,460000,780000,46.0,1287680000,0.005189999999856809,0.0025139999997918494,354.31201171875,0.125,10,4,4,0,0
ariad,10000,32,0,377,0.00018803768034558743,0.913440625,0.922828125,320000,460000,780000,46.0,1287680000,0.005193400000280235,0.002520899999581161,354.12646484375,0.125,10,4,4,0,0
ariad,10000,32,0,378,0.00018802823615260422,0.913509375,0.922903125,320000,460000,780000,46.0,1287680000,0.005289900000207126,0.002583299999969313,354.12646484375,0.125,10,4,4,0,0
ariad,10000,32,0,379,0.00018801738042384386,0.9135875,0.922971875,320000,460000,780000,46.0,1287680000,0.005217699999775505,0.0025676999994175276,354.12646484375,0.125,10,4,4,0,0
ariad,10000,32,0,380,0.00018801214173436165,0.91363125,0.923025,320000,460000,780000,46.0,1287680000,0.005305700000462821,0.002560500000072352,354.12646484375,0.125,10,4,4,0,0
ariad,10000,32,0,381,0.00018800783436745405,0.913709375,0.923121875,320000,460000,780000,46.0,1287680000,0.005280499999571475,0.0025932000007742317,354.12646484375,0.125,10,4,4,0,0
ariad,10000,32,0,382,0.0001880023191915825,0.91375625,0.9231875,320000,460000,780000,46.0,1287680000,0.006951899999876332,0.004291499999453663,354.31201171875,0.125,10,4,4,0,0
ariad,10000,32,0,383,0.00018800122779794037,0.91380625,0.92325625,320000,460000,780000,46.0,1287680000,0.005319400000189489,0.0025875000001178705,354.12646484375,0.125,10,4,4,0,0
ariad,10000,32,0,384,0.00018799417011905462,0.91385625,0.923321875,320000,460000,780000,46.0,1287680000,0.00515830000040296,0.002514599999813072,354.12646484375,0.125,10,4,4,0,0
ariad,10000,32,0,385,0.00018797921075019985,0.913890625,0.9233625,320000,460000,780000,46.0,1287680000,0.00513909999972384,0.00247510000008333,354.12646484375,0.125,10,4,4,0,0
ariad,10000,32,0,386,0.00018796900985762477,0.91395,0.92343125,320000,460000,780000,46.0,1287680000,0.005273699999634118,0.002580399999715155,354.12646484375,0.125,10,4,4,0,0
ariad,10000,32,0,387,0.0001879644551081583,0.914021875,0.923509375,320000,460000,780000,46.0,1287680000,0.005280499999571475,0.002587199999652512,354.12646484375,0.125,10,4,4,0,0
ariad,10000,32,0,388,0.00018796164658851922,0.914075,0.923559375,320000,460000,780000,46.0,1287680000,0.005261599999357713,0.0026078999999299413,354.31201171875,0.125,10,4,4,0,0
ariad,10000,32,0,389,0.00018795749929267913,0.914115625,0.923603125,320000,460000,780000,46.0,1287680000,0.005228799999713374,0.0024919000006775605,354.12646484375,0.125,10,4,4,0,0
ariad,10000,32,0,390,0.00018794875359162688,0.914178125,0.923653125,320000,460000,780000,46.0,1287680000,0.005187500000829459,0.002472900000611844,354.12646484375,0.125,10,4,4,0,0
ariad,10000,32,0,391,0.0001879388582892716,0.91423125,0.923709375,320000,460000,780000,46.0,1287680000,0.005396599999585305,0.0027087999997092993,354.12646484375,0.125,10,4,4,0,0
ariad,10000,32,0,392,0.00018792958871927112,0.914290625,0.92378125,320000,460000,780000,46.0,1287680000,0.005180299999665294,0.0024849000001267996,354.12646484375,0.125,10,4,4,0,0
ariad,10000,32,0,393,0.0001879219780676067,0.91434375,0.92384375,320000,460000,780000,46.0,1287680000,0.005918699999710952,0.0026226999998471,354.12646484375,0.125,10,4,4,0,0
ariad,10000,32,0,394,0.0001879127521533519,0.914384375,0.923884375,320000,460000,780000,46.0,1287680000,0.005441799999971408,0.002621000000544882,354.31201171875,0.125,10,4,4,0,0
ariad,10000,32,0,395,0.00018790419562719762,0.914440625,0.923953125,320000,460000,780000,46.0,1287680000,0.005203000000619795,0.0025362000005770824,354.12646484375,0.125,10,4,4,0,0
ariad,10000,32,0,396,0.00018789501336868852,0.91446875,0.924009375,320000,460000,780000,46.0,1287680000,0.005288499999551277,0.0026008999993791804,354.12646484375,0.125,10,4,4,0,0
ariad,10000,32,0,397,0.00018788113084156066,0.914521875,0.92405625,320000,460000,780000,46.0,1287680000,0.005290500000228349,0.002539000000069791,354.12646484375,0.125,10,4,4,0,0
ariad,10000,32,0,398,0.00018787378212437034,0.91455625,0.924084375,320000,460000,780000,46.0,1287680000,0.005172500000298896,0.002484800000274845,354.12646484375,0.125,10,4,4,0,0
ariad,10000,32,0,399,0.0001878663315437734,0.914603125,0.92415,320000,460000,780000,46.0,1287680000,0.0051499999999577994,0.0024788999999145744,354.12646484375,0.125,10,4,4,0,0
ariad,10000,32,0,400,0.0001878621696960181,0.91465,0.924209375,320000,460000,780000,46.0,1287680000,0.005215200000748155,0.002515299999686249,354.31201171875,0.125,10,4,4,0,0
ariad,10000,32,0,401,0.00018784403800964355,0.9147,0.92428125,320000,460000,780000,46.0,1287680000,0.005121399999552523,0.0024868999998943764,354.12646484375,0.125,10,4,4,0,0
ariad,10000,32,0,402,0.00018783999257721007,0.914728125,0.924325,320000,460000,780000,46.0,1287680000,0.0052237999998396845,0.0025649999997767736,354.12646484375,0.125,10,4,4,0,0
ariad,10000,32,0,403,0.0001878159528132528,0.914759375,0.924371875,320000,460000,780000,46.0,1287680000,0.005644400000164751,0.00274730000001,354.12646484375,0.125,10,4,4,0,0
ariad,10000,32,0,404,0.0001877883478300646,0.914834375,0.924453125,320000,460000,780000,46.0,1287680000,0.005239999999503198,0.0025386000006619724,354.12646484375,0.125,10,4,4,0,0
ariad,10000,32,0,405,0.00018778684898279607,0.91486875,0.924503125,320000,460000,780000,46.0,1287680000,0.005234999999629508,0.0025390999999217456,354.12646484375,0.125,10,4,4,0,0
ariad,10000,32,0,406,0.00018776704382617027,0.91493125,0.924578125,320000,460000,780000,46.0,1287680000,0.005270300000120187,0.002574799999820243,354.31201171875,0.125,10,4,4,0,0
ariad,10000,32,0,407,0.00018775839998852462,0.914975,0.924634375,320000,460000,780000,46.0,1287680000,0.00519220000023779,0.00250419999974838,354.12646484375,0.125,10,4,4,0,0
ariad,10000,32,0,408,0.00018774888303596526,0.915034375,0.92469375,320000,460000,780000,46.0,1287680000,0.00526110000009794,0.0025887000001603155,354.12646484375,0.125,10,4,4,0,0
ariad,10000,32,0,409,0.0001877374161267653,0.9150875,0.92474375,320000,460000,780000,46.0,1287680000,0.005173700000341341,0.00250659999983327,354.12646484375,0.125,10,4,4,0,0
ariad,10000,32,0,410,0.0001877373579191044,0.9151375,0.924803125,320000,460000,780000,46.0,1287680000,0.005242000000180269,0.002563699999882374,354.12646484375,0.125,10,4,4,0,0
ariad,10000,32,0,411,0.00018772562907543033,0.915178125,0.924834375,320000,460000,780000,46.0,1287680000,0.005287599999974191,0.0025856000002022483,354.12646484375,0.125,10,4,4,0,0
ariad,10000,32,0,412,0.00018770911265164614,0.915265625,0.924921875,320000,460000,780000,46.0,1287680000,0.005270599999676051,0.0025632999995650607,354.31201171875,0.125,10,4,4,0,0
ariad,10000,32,0,413,0.00018770188034977764,0.915315625,0.924975,320000,460000,780000,46.0,1287680000,0.00516799999968498,0.0025206999998772517,354.12646484375,0.125,10,4,4,0,0
ariad,10000,32,0,414,0.00018768306472338736,0.915371875,0.925046875,320000,460000,780000,46.0,1287680000,0.006845699999757926,0.0041797999992923,354.12646484375,0.125,10,4,4,0,0
ariad,10000,32,0,415,0.00018768064910545945,0.915390625,0.925078125,320000,460000,780000,46.0,1287680000,0.0053258999996614875,0.00262150000071415,354.12646484375,0.125,10,4,4,0,0
ariad,10000,32,0,416,0.00018767721485346556,0.91543125,0.925140625,320000,460000,780000,46.0,1287680000,0.005223300000579911,0.0025501999998596148,354.12646484375,0.125,10,4,4,0,0
ariad,10000,32,0,417,0.00018766187713481486,0.91549375,0.9252125,320000,460000,780000,46.0,1287680000,0.005148300000655581,0.0024935999999797787,354.12646484375,0.125,10,4,4,0,0
ariad,10000,32,0,418,0.00018765396089293063,0.915515625,0.92525,320000,460000,780000,46.0,1287680000,0.005274900000586058,0.0024919999996200204,354.31201171875,0.125,10,4,4,0,0
ariad,10000,32,0,419,0.0001876502501545474,0.915559375,0.92531875,320000,460000,780000,46.0,1287680000,0.005300599999827682,0.0026119000003745896,354.12646484375,0.125,10,4,4,0,0
ariad,10000,32,0,420,0.00018763728439807892,0.91559375,0.925371875,320000,460000,780000,46.0,1287680000,0.005178599999453581,0.0025353000000905013,354.12646484375,0.125,10,4,4,0,0
ariad,10000,32,0,421,0.00018762366380542517,0.9156375,0.92541875,320000,460000,780000,46.0,1287680000,0.005184399999961897,0.002508300000044983,354.12646484375,0.125,10,4,4,0,0
ariad,10000,32,0,422,0.00018761948740575463,0.915684375,0.925471875,320000,460000,780000,46.0,1287680000,0.005232399999840709,0.0025482999999439926,354.12646484375,0.125,10,4,4,0,0
ariad,10000,32,0,423,0.00018762046238407493,0.9157375,0.92553125,320000,460000,780000,46.0,1287680000,0.00527449999935925,0.002552099999775237,354.12646484375,0.125,10,4,4,0,0
ariad,10000,32,0,424,0.00018761328828986734,0.91578125,0.925584375,320000,460000,780000,46.0,1287680000,0.005283200000121724,0.002593499999420601,354.31201171875,0.125,10,4,4,0,0
ariad,10000,32,0,425,0.00018760398961603642,0.91583125,0.92565625,320000,460000,780000,46.0,1287680000,0.005300499999975727,0.002591299999949115,354.12646484375,0.125,10,4,4,0,0
ariad,10000,32,0,426,0.00018759098020382226,0.915871875,0.92569375,320000,460000,780000,46.0,1287680000,0.005225399999289948,0.0025451999999859254,354.12646484375,0.125,10,4,4,0,0
ariad,10000,32,0,427,0.00018757286306936294,0.915921875,0.925740625,320000,460000,780000,46.0,1287680000,0.005259900000055495,0.002577199999905133,354.12646484375,0.125,10,4,4,0,0
ariad,10000,32,0,428,0.0001875646848930046,0.91598125,0.92581875,320000,460000,780000,46.0,1287680000,0.005237500000475848,0.0025354999997944105,354.12646484375,0.125,10,4,4,0,0
ariad,10000,32,0,429,0.00018755797646008432,0.91603125,0.925871875,320000,460000,780000,46.0,1287680000,0.005250999999589112,0.002548200000092038,354.12646484375,0.125,10,4,4,0,0
ariad,10000,32,0,430,0.00018754441407509148,0.916090625,0.925940625,320000,460000,780000,46.0,1287680000,0.005223400000431866,0.002568799999608018,354.31201171875,0.125,10,4,4,0,0
ariad,10000,32,0,431,0.00018753102631308138,0.916121875,0.92598125,320000,460000,780000,46.0,1287680000,0.005251399999906425,0.0025913999998010695,354.12646484375,0.125,10,4,4,0,0
ariad,10000,32,0,432,0.00018752682080958039,0.916171875,0.92605,320000,460000,780000,46.0,1287680000,0.00520310000047175,0.002527800000279967,354.12646484375,0.125,10,4,4,0,0
ariad,10000,32,0,433,0.0001875281595857814,0.916225,0.9261125,320000,460000,780000,46.0,1287680000,0.005684099999598402,0.0029436000004352536,354.12646484375,0.125,10,4,4,0,0
ariad,10000,32,0,434,0.00018752361938823014,0.916253125,0.92614375,320000,460000,780000,46.0,1287680000,0.005211099999542057,0.002499500000340049,354.12646484375,0.125,10,4,4,0,0
ariad,10000,32,0,435,0.00018751808966044337,0.916271875,0.926175,320000,460000,780000,46.0,1287680000,0.005174700000679877,0.0025340000001961016,354.12646484375,0.125,10,4,4,0,0
ariad,10000,32,0,436,0.00018751644529402256,0.916303125,0.926209375,320000,460000,780000,46.0,1287680000,0.005301599999256723,0.002639399999679881,354.31201171875,0.125,10,4,4,0,0
ariad,10000,32,0,437,0.00018751453899312764,0.9163375,0.926240625,320000,460000,780000,46.0,1287680000,0.005286700000397104,0.0025470999999015476,354.12646484375,0.125,10,4,4,0,0
ariad,10000,32,0,438,0.00018750531307887286,0.916375,0.926275,320000,460000,780000,46.0,1287680000,0.005291999999826658,0.0026068000006489456,354.12646484375,0.125,10,4,4,0,0
ariad,10000,32,0,439,0.00018750637536868453,0.916403125,0.9263125,320000,460000,780000,46.0,1287680000,0.005209400000239839,0.0025338999994346523,354.12646484375,0.125,10,4,4,0,0
ariad,10000,32,0,440,0.00018750227172859013,0.91644375,0.9263625,320000,460000,780000,46.0,1287680000,0.005236500000137312,0.0025033000001712935,354.12646484375,0.125,10,4,4,0,0
ariad,10000,32,0,441,0.00018750250455923378,0.91648125,0.926434375,320000,460000,780000,46.0,1287680000,0.005190599999878032,0.002500300000065181,354.12646484375,0.125,10,4,4,0,0
ariad,10000,32,0,442,0.00018750065646599978,0.916534375,0.926496875,320000,460000,780000,46.0,1287680000,0.0054516999998668325,0.0025457000001551933,354.31201171875,0.125,10,4,4,0,0
ariad,10000,32,0,443,0.00018749693117570132,0.9165625,0.92653125,320000,460000,780000,46.0,1287680000,0.005275100000289967,0.0025544000000081724,354.12646484375,0.125,10,4,4,0,0
ariad,10000,32,0,444,0.0001874966692412272,0.916596875,0.92656875,320000,460000,780000,46.0,1287680000,0.005425899999863759,0.0026148999995712074,354.12646484375,0.125,10,4,4,0,0
ariad,10000,32,0,445,0.0001874731242423877,0.91665,0.92663125,320000,460000,780000,46.0,1287680000,0.005304299999806972,0.00262509999993199,354.12646484375,0.125,10,4,4,0,0
ariad,10000,32,0,446,0.00018746292334981263,0.916703125,0.926696875,320000,460000,780000,46.0,1287680000,0.005220600000029663,0.0025425000003451714,354.12646484375,0.125,10,4,4,0,0
ariad,10000,32,0,447,0.00018745180568657815,0.9167375,0.92675,320000,460000,780000,46.0,1287680000,0.005248800000117626,0.0024975999995149323,354.12646484375,0.125,10,4,4,0,0
ariad,10000,32,0,448,0.0001874400768429041,0.916771875,0.92678125,320000,460000,780000,46.0,1287680000,0.005166399999325222,0.002478000000337488,354.31201171875,0.125,10,4,4,0,0
ariad,10000,32,0,449,0.00018742738757282495,0.916803125,0.92681875,320000,460000,780000,46.0,1287680000,0.005270100000416278,0.00255379999998695,354.12646484375,0.125,10,4,4,0,0
ariad,10000,32,0,450,0.00018741666281130165,0.916828125,0.926853125,320000,460000,780000,46.0,1287680000,0.006851999999526015,0.002589300000181538,354.12646484375,0.125,10,4,4,0,0
ariad,10000,32,0,451,0.0001874110457720235,0.916865625,0.926884375,320000,460000,780000,46.0,1287680000,0.005252900000414229,0.0025986000000557397,354.12646484375,0.125,10,4,4,0,0
ariad,10000,32,0,452,0.00018740796076599509,0.916903125,0.926928125,320000,460000,780000,46.0,1287680000,0.005287599999974191,0.0026025999995908933,354.12646484375,0.125,10,4,4,0,0
ariad,10000,32,0,453,0.00018739592633210123,0.91695,0.926965625,320000,460000,780000,46.0,1287680000,0.005118900000525173,0.002461399999447167,354.12646484375,0.125,10,4,4,0,0
ariad,10000,32,0,454,0.00018739448569249362,0.916975,0.926996875,320000,460000,780000,46.0,1287680000,0.005152300000190735,0.0025013999993461766,354.31201171875,0.125,10,4,4,0,0
ariad,10000,32,0,455,0.0001873763685580343,0.917009375,0.927025,320000,460000,780000,46.0,1287680000,0.005374600000322971,0.0026158000000577886,354.12646484375,0.125,10,4,4,0,0
ariad,10000,32,0,456,0.00018737601931206882,0.91704375,0.92708125,320000,460000,780000,46.0,1287680000,0.005200800000238814,0.002531000000089989,354.12646484375,0.125,10,4,4,0,0
ariad,10000,32,0,457,0.00018737105710897595,0.917078125,0.92711875,320000,460000,780000,46.0,1287680000,0.00512449999951059,0.0024355000005016336,354.12646484375,0.125,10,4,4,0,0
ariad,10000,32,0,458,0.00018737018399406224,0.9171125,0.927146875,320000,460000,780000,46.0,1287680000,0.005250999999589112,0.0025316000001112116,354.12646484375,0.125,10,4,4,0,0
ariad,10000,32,0,459,0.00018737034406512976,0.917140625,0.927184375,320000,460000,780000,46.0,1287680000,0.005427800000688876,0.002578200000243669,354.12646484375,0.125,10,4,4,0,0
ariad,10000,32,0,460,0.0001873673463705927,0.91716875,0.92723125,320000,460000,780000,46.0,1287680000,0.005294100000355684,0.00262029999976221,354.31201171875,0.125,10,4,4,0,0
ariad,10000,32,0,461,0.00018736073980107903,0.917178125,0.927253125,320000,460000,780000,46.0,1287680000,0.0052716999998665415,0.002587599999969825,354.12646484375,0.125,10,4,4,0,0
ariad,10000,32,0,462,0.0001873472356237471,0.917221875,0.927309375,320000,460000,780000,46.0,1287680000,0.005216599999585014,0.002528899999560963,354.12646484375,0.125,10,4,4,0,0
ariad,10000,32,0,463,0.0001873229630291462,0.917246875,0.92734375,320000,460000,780000,46.0,1287680000,0.00523570000041218,0.0025584000004528207,354.12646484375,0.125,10,4,4,0,0
ariad,10000,32,0,464,0.00018732027092482895,0.917271875,0.927371875,320000,460000,780000,46.0,1287680000,0.005563199999414792,0.002543300000070303,354.12646484375,0.125,10,4,4,0,0
ariad,10000,32,0,465,0.00018732500029727817,0.9173,0.927403125,320000,460000,780000,46.0,1287680000,0.007225000000289583,0.002666700000190758,354.12646484375,0.125,10,4,4,0,0
ariad,10000,32,0,466,0.00018732152238953859,0.91734375,0.927440625,320000,460000,780000,46.0,1287680000,0.005303699999785749,0.002582500000244181,354.31201171875,0.125,10,4,4,0,0
ariad,10000,32,0,467,0.00018726842245087028,0.91735625,0.927465625,320000,460000,780000,46.0,1287680000,0.005180600000130653,0.002503400000023248,354.12646484375,0.125,10,4,4,0,0
ariad,10000,32,0,468,0.00018726603593677282,0.917403125,0.927534375,320000,460000,780000,46.0,1287680000,0.00525279999965278,0.002564899999924819,354.12646484375,0.125,10,4,4,0,0
ariad,10000,32,0,469,0.0001872619759524241,0.9174375,0.927578125,320000,460000,780000,46.0,1287680000,0.005235299999185372,0.0025202999995599384,354.12646484375,0.125,10,4,4,0,0
ariad,10000,32,0,470,0.00018724927213042974,0.917471875,0.9276125,320000,460000,780000,46.0,1287680000,0.005132100000082573,0.002474599999914062,354.12646484375,0.125,10,4,4,0,0
ariad,10000,32,0,471,0.00018721584638115019,0.917525,0.927678125,320000,460000,780000,46.0,1287680000,0.005178100000193808,0.002517699999771139,354.12646484375,0.125,10,4,4,0,0
ariad,10000,32,0,472,0.0001872133434517309,0.9175375,0.927696875,320000,460000,780000,46.0,1287680000,0.00522980000005191,0.0025267999999414315,354.31201171875,0.125,10,4,4,0,0
ariad,10000,32,0,473,0.0001872087741503492,0.9175625,0.927728125,320000,460000,780000,46.0,1287680000,0.005295799999657902,0.002595099999780359,354.12646484375,0.125,10,4,4,0,0
ariad,10000,32,0,474,0.0001871785643743351,0.91759375,0.92775625,320000,460000,780000,46.0,1287680000,0.005273900000247522,0.0025759000000107335,354.12646484375,0.125,10,4,4,0,0
ariad,10000,32,0,475,0.0001871764106908813,0.91761875,0.927778125,320000,460000,780000,46.0,1287680000,0.005191000000195345,0.002521600000363833,354.12646484375,0.125,10,4,4,0,0
ariad,10000,32,0,476,0.00018716807244345546,0.91766875,0.9278375,320000,460000,780000,46.0,1287680000,0.005188600000110455,0.002489399999831221,354.12646484375,0.125,10,4,4,0,0
ariad,10000,32,0,477,0.00018716620979830623,0.91769375,0.927871875,320000,460000,780000,46.0,1287680000,0.005261899999823072,0.002578200000243669,354.12646484375,0.125,10,4,4,0,0
ariad,10000,32,0,478,0.00018715417536441237,0.917728125,0.927890625,320000,460000,780000,46.0,1287680000,0.005399200000283599,0.002617199999804143,354.31201171875,0.125,10,4,4,0,0
ariad,10000,32,0,479,0.00018714678299147636,0.91779375,0.927953125,320000,460000,780000,46.0,1287680000,0.005282699999952456,0.0025954999991881778,354.12646484375,0.125,10,4,4,0,0
ariad,10000,32,0,480,0.00018714948964770883,0.917825,0.92796875,320000,460000,780000,46.0,1287680000,0.005183899999792629,0.0025054000007003197,354.12646484375,0.125,10,4,4,0,0
ariad,10000,32,0,481,0.0001871338754426688,0.9178625,0.92800625,320000,460000,780000,46.0,1287680000,0.005195499999899766,0.0025008999991769088,354.12646484375,0.125,10,4,4,0,0
ariad,10000,32,0,482,0.00018712121527642012,0.9179125,0.928065625,320000,460000,780000,46.0,1287680000,0.005327199999555887,0.002668999999514199,354.12646484375,0.125,10,4,4,0,0
ariad,10000,32,0,483,0.00018711687880568206,0.917946875,0.928103125,320000,460000,780000,46.0,1287680000,0.005744299999605573,0.0025238000007448136,354.12646484375,0.125,10,4,4,0,0
ariad,10000,32,0,484,0.0001871125859906897,0.917965625,0.92813125,320000,460000,780000,46.0,1287680000,0.005166599999938626,0.0025274999998146086,354.31201171875,0.125,10,4,4,0,0
ariad,10000,32,0,485,0.00018710814765654504,0.918003125,0.928175,320000,460000,780000,46.0,1287680000,0.006202500000654254,0.002531799999815121,354.12646484375,0.125,10,4,4,0,0
ariad,10000,32,0,486,0.00018710167205426842,0.918040625,0.928221875,320000,460000,780000,46.0,1287680000,0.005322599999999511,0.0026334999993196107,354.12646484375,0.125,10,4,4,0,0
ariad,10000,32,0,487,0.00018710145377554,0.918071875,0.9282625,320000,460000,780000,46.0,1287680000,0.005177000000003318,0.002507299999706447,354.12646484375,0.125,10,4,4,0,0
ariad,10000,32,0,488,0.00018710205040406436,0.918103125,0.928309375,320000,460000,780000,46.0,1287680000,0.005324599999767088,0.002622700000756595,354.12646484375,0.125,10,4,4,0,0
ariad,10000,32,0,489,0.0001871017157100141,0.91811875,0.928346875,320000,460000,780000,46.0,1287680000,0.005209300000387884,0.0025144999999611173,354.12646484375,0.125,10,4,4,0,0
ariad,10000,32,0,490,0.00018709874711930752,0.918140625,0.928371875,320000,460000,780000,46.0,1287680000,0.005255099999885715,0.0025335999998787884,354.31201171875,0.125,10,4,4,0,0
ariad,10000,32,0,491,0.0001870958658400923,0.9181625,0.92840625,320000,460000,780000,46.0,1287680000,0.0052172000005157315,0.002530799999476585,354.12646484375,0.125,10,4,4,0,0
ariad,10000,32,0,492,0.00018709582218434662,0.918175,0.928425,320000,460000,780000,46.0,1287680000,0.005222899999353103,0.002556699999331613,354.12646484375,0.125,10,4,4,0,0
ariad,10000,32,0,493,0.00018709634605329484,0.91820625,0.9284625,320000,460000,780000,46.0,1287680000,0.005147500000020955,0.0024539000005461276,354.12646484375,0.125,10,4,4,0,0
ariad,10000,32,0,494,0.00018709410505834967,0.91821875,0.928471875,320000,460000,780000,46.0,1287680000,0.005173199999262579,0.0025026000002981164,354.12646484375,0.125,10,4,4,0,0
ariad,10000,32,0,495,0.00018708962306845933,0.918240625,0.9285,320000,460000,780000,46.0,1287680000,0.0052719000004799454,0.0025949999999284046,354.12646484375,0.125,10,4,4,0,0
ariad,10000,32,0,496,0.00018708650895860046,0.918259375,0.92851875,320000,460000,780000,46.0,1287680000,0.005291100000249571,0.0025759000000107335,354.31201171875,0.125,10,4,4,0,0
ariad,10000,32,0,497,0.00018708169227465987,0.91826875,0.9285375,320000,460000,780000,46.0,1287680000,0.005187600000681414,0.0025187999999616295,354.12646484375,0.125,10,4,4,0,0
ariad,10000,32,0,498,0.00018707956769503653,0.9182875,0.92855,320000,460000,780000,46.0,1287680000,0.0052208999995855265,0.0025700999995024176,354.12646484375,0.125,10,4,4,0,0
ariad,10000,32,0,499,0.0001870754495030269,0.9183125,0.928578125,320000,460000,780000,46.0,1287680000,0.005143099999258993,0.00247990000025311,354.12646484375,0.125,10,4,4,0,0
ariad,10000,32,0,500,0.00018707234994508326,0.918334375,0.9286,320000,460000,780000,46.0,1287680000,0.0052068000004510395,0.002544599999964703,354.12646484375,0.125,10,4,4,0,0
ariad,10000,32,0,1,0.2215667963027954,0.0057,0.00544375,320000,600000,920000,60.0,1305600000,0.005938799999967159,0.0031424999997398118,354.18701171875,0.25,20,8,8,0,0
ariad,10000,32,0,2,0.17770975828170776,0.00829375,0.00839375,320000,600000,920000,60.0,1305600000,0.005493399999977555,0.002795999999761989,354.12646484375,0.25,20,8,8,0,0
ariad,10000,32,0,3,0.1581035703420639,0.010925,0.01231875,320000,600000,920000,60.0,1305600000,0.005412100000285136,0.0027640999996947357,354.12646484375,0.25,20,8,8,0,0
ariad,10000,32,0,4,0.1461607813835144,0.0139125,0.017303125,320000,600000,920000,60.0,1305600000,0.00546810000014375,0.0027583999999478692,354.31201171875,0.25,20,8,8,0,0
ariad,10000,32,0,5,0.13832451403141022,0.01676875,0.023328125,320000,600000,920000,60.0,1305600000,0.006069500000194239,0.0031287000001611887,354.12646484375,0.25,20,8,8,0,0
ariad,10000,32,0,6,0.13254186511039734,0.01970625,0.030228125,320000,600000,920000,60.0,1305600000,0.0056887999999162275,0.0028961999996681698,354.12646484375,0.25,20,8,8,0,0
ariad,10000,32,0,7,0.12815257906913757,0.02249375,0.03783125,320000,600000,920000,60.0,1305600000,0.005552499999794236,0.0028633000001718756,354.31201171875,0.25,20,8,8,0,0
ariad,10000,32,0,8,0.1247640922665596,0.025171875,0.04608125,320000,600000,920000,60.0,1305600000,0.005549700000301527,0.0028505000000222935,354.12646484375,0.25,20,8,8,0,0
ariad,10000,32,0,9,0.12211986631155014,0.02799375,0.055803125,320000,600000,920000,60.0,1305600000,0.005479800000102841,0.002793999999994412,354.12646484375,0.25,20,8,8,0,0
ariad,10000,32,0,10,0.12002907693386078,0.030709375,0.066165625,320000,600000,920000,60.0,1305600000,0.005505799999809824,0.0028118000000176835,354.12646484375,0.25,20,8,8,0,0
ariad,10000,32,0,11,0.11835680902004242,0.033328125,0.077103125,320000,600000,920000,60.0,1305600000,0.00550920000023325,0.0028396999996402883,354.12646484375,0.25,20,8,8,0,0
ariad,10000,32,0,12,0.11698848754167557,0.03606875,0.088815625,320000,600000,920000,60.0,1305600000,0.005587599999671511,0.002872900000511436,354.12646484375,0.25,20,8,8,0,0
ariad,10000,32,0,13,0.11578649282455444,0.03875,0.101365625,320000,600000,920000,60.0,1305600000,0.005523499999981141,0.002801000000545173,354.31201171875,0.25,20,8,8,0,0
ariad,10000,32,0,14,0.11478815972805023,0.041753125,0.115196875,320000,600000,920000,60.0,1305600000,0.005697699999473116,0.002966099999866856,354.12646484375,0.25,20,8,8,0,0
ariad,10000,32,0,15,0.1139487773180008,0.04426875,0.12954375,320000,600000,920000,60.0,1305600000,0.005844799999977113,0.0028188999995109043,354.12646484375,0.25,20,8,8,0,0
ariad,10000,32,0,16,0.11324536055326462,0.047121875,0.144778125,320000,600000,920000,60.0,1305600000,0.006344000000353844,0.003313400000479305,354.12646484375,0.25,20,8,8,0,0
ariad,10000,32,0,17,0.11262168735265732,0.050075,0.159975,320000,600000,920000,60.0,1305600000,0.005556199999773526,0.0027885999998034094,354.12646484375,0.25,20,8,8,0,0
ariad,10000,32,0,18,0.1120595708489418,0.052884375,0.175746875,320000,600000,920000,60.0,1305600000,0.005578999999670486,0.002815499999996973,354.12646484375,0.25,20,8,8,0,0
ariad,10000,32,0,19,0.11155048757791519,0.055815625,0.192625,320000,600000,920000,60.0,1305600000,0.006337399999210902,0.0028107999996791477,354.31201171875,0.25,20,8,8,0,0
ariad,10000,32,0,20,0.11111409962177277,0.058809375,0.210121875,320000,600000,920000,60.0,1305600000,0.0057176000000254135,0.0028038000000378815,354.12646484375,0.25,20,8,8,0,0
ariad,10000,32,0,21,0.11075837165117264,0.0616125,0.227896875,320000,600000,920000,60.0,1305600000,0.005583699999988312,0.0027829999999084976,354.12646484375,0.25,20,8,8,0,0
ariad,10000,32,0,22,0.11044223606586456,0.064946875,0.246246875,320000,600000,920000,60.0,1305600000,0.0057357000005140435,0.002821800000674557,354.12646484375,0.25,20,8,8,0,0
ariad,10000,32,0,23,0.11013687402009964,0.06810625,0.265053125,320000,600000,920000,60.0,1305600000,0.006648599999607541,0.0028413000000000466,354.12646484375,0.25,20,8,8,0,0
ariad,10000,32,0,24,0.10989097505807877,0.071578125,0.284365625,320000,600000,920000,60.0,1305600000,0.005807999999888125,0.0027394999997341074,354.12646484375,0.25,20,8,8,0,0
ariad,10000,32,0,25,0.10962819308042526,0.07505625,0.3032375,320000,600000,920000,60.0,1305600000,0.0056810999994922895,0.0028415999995559105,354.31201171875,0.25,20,8,8,0,0
ariad,10000,32,0,26,0.10936315357685089,0.07851875,0.322465625,320000,600000,920000,60.0,1305600000,0.0056592999999338645,0.0028292999995755963,354.12646484375,0.25,20,8,8,0,0
ariad,10000,32,0,27,0.10909868031740189,0.08230625,0.3410375,320000,600000,920000,60.0,1305600000,0.005591399999502755,0.00279450000016368,354.12646484375,0.25,20,8,8,0,0
ariad,10000,32,0,28,0.10885253548622131,0.086159375,0.359521875,320000,600000,920000,60.0,1305600000,0.005626500000289525,0.002841900000021269,354.12646484375,0.25,20,8,8,0,0
ariad,10000,32,0,29,0.1086072251200676,0.09030625,0.377975,320000,600000,920000,60.0,1305600000,0.005592399999841291,0.0027805999998236075,354.12646484375,0.25,20,8,8,0,0
ariad,10000,32,0,30,0.1083386093378067,0.09475625,0.396640625,320000,600000,920000,60.0,1305600000,0.005750700000135112,0.002922200000284647,354.12646484375,0.25,20,8,8,0,0
ariad,10000,32,0,31,0.10809745639562607,0.0991625,0.4134125,320000,600000,920000,60.0,1305600000,0.005575799999860465,0.002754099999947357,354.31201171875,0.25,20,8,8,0,0
ariad,10000,32,0,32,0.10782795399427414,0.104134375,0.42970625,320000,600000,920000,60.0,1305600000,0.005672999999660533,0.002868800000214833,354.12646484375,0.25,20,8,8,0,0
ariad,10000,32,0,33,0.10755135118961334,0.10916875,0.44516875,320000,600000,920000,60.0,1305600000,0.0056488999998691725,0.0028013999999529915,354.12646484375,0.25,20,8,8,0,0
ariad,10000,32,0,34,0.10720641911029816,0.114596875,0.46020625,320000,600000,920000,60.0,1305600000,0.005730200000471086,0.0028720000000248547,354.12646484375,0.25,20,8,8,0,0
ariad,10000,32,0,35,0.10687537491321564,0.12025,0.474153125,320000,600000,920000,60.0,1305600000,0.005727400000068883,0.0028836000001319917,354.12646484375,0.25,20,8,8,0,0
ariad,10000,32,0,36,0.10653234273195267,0.126425,0.486465625,320000,600000,920000,60.0,1305600000,0.005748499999754131,0.002875500000300235,354.12646484375,0.25,20,8,8,0,0
ariad,10000,32,0,37,0.10614601522684097,0.13309375,0.497321875,320000,600000,920000,60.0,1305600000,0.005829599999742641,0.0029395999999906053,354.31201171875,0.25,20,8,8,0,0
ariad,10000,32,0,38,0.10574169456958771,0.140259375,0.505890625,320000,600000,920000,60.0,1305600000,0.00570279999919876,0.0028212999995957944,354.12646484375,0.25,20,8,8,0,0
ariad,10000,32,0,39,0.1052686870098114,0.14791875,0.51270625,320000,600000,920000,60.0,1305600000,0.005716300000131014,0.0028462000000217813,354.12646484375,0.25,20,8,8,0,0
ariad,10000,32,0,40,0.10475485771894455,0.1564,0.516978125,320000,600000,920000,60.0,1305600000,0.005667899999934889,0.002799099999720056,354.12646484375,0.25,20,8,8,0,0
ariad,10000,32,0,41,0.10419943928718567,0.16513125,0.519575,320000,600000,920000,60.0,1305600000,0.0056343999995078775,0.0027548999996724888,354.12646484375,0.25,20,8,8,0,0
ariad,10000,32,0,42,0.10355851799249649,0.174859375,0.520703125,320000,600000,920000,60.0,1305600000,0.005684700000529119,0.0027991999995720107,354.12646484375,0.25,20,8,8,0,0
ariad,10000,32,0,43,0.10287091881036758,0.18555,0.520059375,320000,600000,920000,60.0,1305600000,0.005686900000000605,0.0027869000005011912,354.31201171875,0.25,20,8,8,0,0
ariad,10000,32,0,44,0.1020890399813652,0.197140625,0.5186625,320000,600000,920000,60.0,1305600000,0.005707700000129989,0.0028473000002122717,354.12646484375,0.25,20,8,8,0,0
ariad,10000,32,0,45,0.10121546685695648,0.209921875,0.51670625,320000,600000,920000,60.0,1305600000,0.0057582999997976,0.002889600000344217,354.12646484375,0.25,20,8,8,0,0
ariad,10000,32,0,46,0.10021165013313293,0.223640625,0.514359375,320000,600000,920000,60.0,1305600000,0.005723600000237639,0.002912799999648996,354.12646484375,0.25,20,8,8,0,0
ariad,10000,32,0,47,0.09905899316072464,0.238325,0.5128125,320000,600000,920000,60.0,1305600000,0.0056450000001859735,0.0028180999997857725,354.12646484375,0.25,20,8,8,0,0
ariad,10000,32,0,48,0.0977650135755539,0.25365,0.51158125,320000,600000,920000,60.0,1305600000,0.005759699999543955,0.002808299999742303,354.12646484375,0.25,20,8,8,0,0
ariad,10000,32,0,49,0.09630720317363739,0.270509375,0.51278125,320000,600000,920000,60.0,1305600000,0.005660200000420446,0.0028517000000647386,354.31201171875,0.25,20,8,8,0,0
ariad,10000,32,0,50,0.09466476738452911,0.2877,0.514953125,320000,600000,920000,60.0,1305600000,0.0056254000000990345,0.0028216999999131076,354.12646484375,0.25,20,8,8,0,0
ariad,10000,32,0,51,0.09282394498586655,0.305309375,0.518575,320000,600000,920000,60.0,1305600000,0.00565069999993284,0.0028575999995155144,354.12646484375,0.25,20,8,8,0,0
ariad,10000,32,0,52,0.09071727842092514,0.3239,0.524090625,320000,600000,920000,60.0,1305600000,0.0055891999991217745,0.002788900000268768,354.12646484375,0.25,20,8,8,0,0
ariad,10000,32,0,53,0.08833997696638107,0.342503125,0.53074375,320000,600000,920000,60.0,1305600000,0.005577799999628041,0.002814299999954528,354.12646484375,0.25,20,8,8,0,0
ariad,10000,32,0,54,0.08575528860092163,0.360840625,0.539015625,320000,600000,920000,60.0,1305600000,0.005586800000855874,0.002836399999978312,354.12646484375,0.25,20,8,8,0,0
ariad,10000,32,0,55,0.08284895122051239,0.379278125,0.548959375,320000,600000,920000,60.0,1305600000,0.005774299999757204,0.0029605999998238985,354.31201171875,0.25,20,8,8,0,0
ariad,10000,32,0,56,0.07967309653759003,0.397434375,0.5597625,320000,600000,920000,60.0,1305600000,0.005707600000278035,0.0028650000003835885,354.12646484375,0.25,20,8,8,0,0
ariad,10000,32,0,57,0.07635153830051422,0.415234375,0.571340625,320000,600000,920000,60.0,1305600000,0.005571700000473356,0.0027896999999939,354.12646484375,0.25,20,8,8,0,0
ariad,10000,32,0,58,0.07276646792888641,0.43219375,0.58315,320000,600000,920000,60.0,1305600000,0.005561899999520392,0.002786200000628014,354.12646484375,0.25,20,8,8,0,0
ariad,10000,32,0,59,0.06906282156705856,0.448659375,0.594703125,320000,600000,920000,60.0,1305600000,0.005512599999747181,0.002745100000538514,354.12646484375,0.25,20,8,8,0,0
ariad,10000,32,0,60,0.06535026431083679,0.464571875,0.60744375,320000,600000,920000,60.0,1305600000,0.005492999999660242,0.002798900000016147,354.12646484375,0.25,20,8,8,0,0
ariad,10000,32,0,61,0.061589233577251434,0.479784375,0.619521875,320000,600000,920000,60.0,1305600000,0.005526300000383344,0.002816799999891373,354.31201171875,0.25,20,8,8,0,0
ariad,10000,32,0,62,0.057953979820013046,0.494140625,0.6320375,320000,600000,920000,60.0,1305600000,0.005365399999391229,0.0026801000003615627,354.12646484375,0.25,20,8,8,0,0
ariad,10000,32,0,63,0.05448231101036072,0.507346875,0.643834375,320000,600000,920000,60.0,1305600000,0.0055736000003889785,0.0028190000002723536,354.12646484375,0.25,20,8,8,0,0
ariad,10000,32,0,64,0.051083676517009735,0.520178125,0.6556875,320000,600000,920000,60.0,1305600000,0.005572300000494579,0.0028292999995755963,354.12646484375,0.25,20,8,8,0,0
ariad,10000,32,0,65,0.04783840849995613,0.532590625,0.666809375,320000,600000,920000,60.0,1305600000,0.007278599999153812,0.004473900000448339,354.12646484375,0.25,20,8,8,0,0
ariad,10000,32,0,66,0.04477204382419586,0.544159375,0.677525,320000,600000,920000,60.0,1305600000,0.007041599999865866,0.004268699999556702,354.12646484375,0.25,20,8,8,0,0
ariad,10000,32,0,67,0.041855357587337494,0.555371875,0.686734375,320000,600000,920000,60.0,1305600000,0.0055917999998200685,0.002807599999869126,354.31201171875,0.25,20,8,8,0,0
ariad,10000,32,0,68,0.03907933086156845,0.56558125,0.695415625,320000,600000,920000,60.0,1305600000,0.005436899999949674,0.002740599999924598,354.12646484375,0.25,20,8,8,0,0
ariad,10000,32,0,69,0.03652334585785866,0.576078125,0.702834375,320000,600000,920000,60.0,1305600000,0.005568800000219198,0.0028231999995114165,354.12646484375,0.25,20,8,8,0,0
ariad,10000,32,0,70,0.03422819823026657,0.585640625,0.70855,320000,600000,920000,60.0,1305600000,0.005812499999592546,0.0028790000005756156,354.12646484375,0.25,20,8,8,0,0
ariad,10000,32,0,71,0.03199139982461929,0.594778125,0.714153125,320000,600000,920000,60.0,1305600000,0.005528799999410694,0.002814599999510392,354.12646484375,0.25,20,8,8,0,0
ariad,10000,32,0,72,0.0299804899841547,0.603421875,0.718209375,320000,600000,920000,60.0,1305600000,0.005530700000235811,0.0027576999991651974,354.12646484375,0.25,20,8,8,0,0
ariad,10000,32,0,73,0.028099065646529198,0.6119625,0.722196875,320000,600000,920000,60.0,1305600000,0.005639099999825703,0.0029230999998617335,354.31201171875,0.25,20,8,8,0,0
ariad,10000,32,0,74,0.026226457208395004,0.6200375,0.725425,320000,600000,920000,60.0,1305600000,0.005732299999181123,0.002971599999909813,354.12646484375,0.25,20,8,8,0,0
ariad,10000,32,0,75,0.02451924979686737,0.62793125,0.72888125,320000,600000,920000,60.0,1305600000,0.005728500000259373,0.002967700000226614,354.12646484375,0.25,20,8,8,0,0
ariad,10000,32,0,76,0.02285105176270008,0.635721875,0.73184375,320000,600000,920000,60.0,1305600000,0.005625299999337585,0.0028984000000491505,354.12646484375,0.25,20,8,8,0,0
ariad,10000,32,0,77,0.021203869953751564,0.642965625,0.734653125,320000,600000,920000,60.0,1305600000,0.00607419999960257,0.0029936999999335967,354.12646484375,0.25,20,8,8,0,0
ariad,10000,32,0,78,0.019720543175935745,0.649934375,0.7375625,320000,600000,920000,60.0,1305600000,0.005636899999444722,0.002919599999586353,354.12646484375,0.25,20,8,8,0,0
ariad,10000,32,0,79,0.01829284057021141,0.656928125,0.74000625,320000,600000,920000,60.0,1305600000,0.005604299999504292,0.002858199999536737,354.31201171875,0.25,20,8,8,0,0
ariad,10000,32,0,80,0.016910333186388016,0.663971875,0.742934375,320000,600000,920000,60.0,1305600000,0.005676700000549317,0.0028890000003229943,354.12646484375,0.25,20,8,8,0,0
ariad,10000,32,0,81,0.01568557508289814,0.67075625,0.745696875,320000,600000,920000,60.0,1305600000,0.005774300000666699,0.002998499999193882,354.12646484375,0.25,20,8,8,0,0
ariad,10000,32,0,82,0.014521810226142406,0.6777875,0.748640625,320000,600000,920000,60.0,1305600000,0.007158999999774096,0.004402499999741849,354.12646484375,0.25,20,8,8,0,0
ariad,10000,32,0,83,0.013486858457326889,0.684371875,0.751221875,320000,600000,920000,60.0,1305600000,0.005589500000496628,0.002833699999428063,354.12646484375,0.25,20,8,8,0,0
ariad,10000,32,0,84,0.012481573037803173,0.69085625,0.754153125,320000,600000,920000,60.0,1305600000,0.005745700000261422,0.0029346999999688705,354.12646484375,0.25,20,8,8,0,0
ariad,10000,32,0,85,0.011540542356669903,0.697059375,0.75646875,320000,600000,920000,60.0,1305600000,0.006705900000270049,0.0028219000005265116,354.31201171875,0.25,20,8,8,0,0
ariad,10000,32,0,86,0.010655646212399006,0.7032125,0.759284375,320000,600000,920000,60.0,1305600000,0.005565200000091863,0.0028224999996382394,354.12646484375,0.25,20,8,8,0,0
ariad,10000,32,0,87,0.009870675392448902,0.709384375,0.76216875,320000,600000,920000,60.0,1305600000,0.005822099999932107,0.002873100000215345,354.12646484375,0.25,20,8,8,0,0
ariad,10000,32,0,88,0.009196450933814049,0.715453125,0.76489375,320000,600000,920000,60.0,1305600000,0.005535500000405591,0.0028652000000874978,354.12646484375,0.25,20,8,8,0,0
ariad,10000,32,0,89,0.008550568483769894,0.7214,0.767825,320000,600000,920000,60.0,1305600000,0.00547400000050402,0.0027842999998028972,354.12646484375,0.25,20,8,8,0,0
ariad,10000,32,0,90,0.007909882813692093,0.72725,0.770503125,320000,600000,920000,60.0,1305600000,0.005535599999348051,0.0028033999997205683,354.12646484375,0.25,20,8,8,0,0
ariad,10000,32,0,91,0.007260699290782213,0.732946875,0.773725,320000,600000,920000,60.0,1305600000,0.005711599999813188,0.0029316000000108033,354.31201171875,0.25,20,8,8,0,0
ariad,10000,32,0,92,0.006697834003716707,0.738484375,0.77676875,320000,600000,920000,60.0,1305600000,0.005833700000039244,0.0029285999999046908,354.12646484375,0.25,20,8,8,0,0
ariad,10000,32,0,93,0.006210266146808863,0.743853125,0.779928125,320000,600000,920000,60.0,1305600000,0.005576399999881687,0.0028105999999752385,354.12646484375,0.25,20,8,8,0,0
ariad,10000,32,0,94,0.0057115498930215836,0.7488875,0.78329375,320000,600000,920000,60.0,1305600000,0.005862900000465743,0.0029313000004549394,354.12646484375,0.25,20,8,8,0,0
ariad,10000,32,0,95,0.0052582817152142525,0.754109375,0.786415625,320000,600000,920000,60.0,1305600000,0.005532799999855342,0.002843100000063714,354.12646484375,0.25,20,8,8,0,0
ariad,10000,32,0,96,0.004834169056266546,0.759078125,0.7895625,320000,600000,920000,60.0,1305600000,0.005602000000180851,0.0028268000005482463,354.12646484375,0.25,20,8,8,0,0
ariad,10000,32,0,97,0.004441453143954277,0.763915625,0.792575,320000,600000,920000,60.0,1305600000,0.005562899999858928,0.002876999999898544,354.31201171875,0.25,20,8,8,0,0
ariad,10000,32,0,98,0.004060089588165283,0.768525,0.795765625,320000,600000,920000,60.0,1305600000,0.0056087000002662535,0.0028906000006827526,354.12646484375,0.25,20,8,8,0,0
ariad,10000,32,0,99,0.0037048421800136566,0.77295625,0.798503125,320000,600000,920000,60.0,1305600000,0.007301599999664177,0.0030561000003217487,354.12646484375,0.25,20,8,8,0,0
ariad,10000,32,0,100,0.003382732393220067,0.777678125,0.80139375,320000,600000,920000,60.0,1305600000,0.005518699999811361,0.0028087000000596163,354.12646484375,0.25,20,8,8,0,0
ariad,10000,32,0,101,0.003080896334722638,0.78229375,0.80398125,320000,600000,920000,60.0,1305600000,0.005823700000291865,0.0030363999994733604,354.12646484375,0.25,20,8,8,0,0
ariad,10000,32,0,102,0.0028015400748699903,0.78704375,0.80666875,320000,600000,920000,60.0,1305600000,0.005476200000885001,0.0027370999996492174,354.12646484375,0.25,20,8,8,0,0
ariad,10000,32,0,103,0.0025485530495643616,0.791315625,0.809346875,320000,600000,920000,60.0,1305600000,0.005590900000242982,0.0028140000003986643,354.31201171875,0.25,20,8,8,0,0
ariad,10000,32,0,104,0.00231481296941638,0.795796875,0.8119625,320000,600000,920000,60.0,1305600000,0.005918599999858998,0.0029598999999507214,354.12646484375,0.25,20,8,8,0,0
ariad,10000,32,0,105,0.002096216892823577,0.800303125,0.81413125,320000,600000,920000,60.0,1305600000,0.005546899999899324,0.0028603999999177177,354.12646484375,0.25,20,8,8,0,0
ariad,10000,32,0,106,0.001892237807624042,0.804378125,0.81649375,320000,600000,920000,60.0,1305600000,0.00579699999980221,0.003026800000043295,354.12646484375,0.25,20,8,8,0,0
ariad,10000,32,0,107,0.0017011802410706878,0.808621875,0.819034375,320000,600000,920000,60.0,1305600000,0.005821800000376243,0.002846000000317872,354.12646484375,0.25,20,8,8,0,0
ariad,10000,32,0,108,0.0015234332531690598,0.81255625,0.82136875,320000,600000,920000,60.0,1305600000,0.0057096000000456115,0.002915199999733886,354.12646484375,0.25,20,8,8,0,0
ariad,10000,32,0,109,0.0013602918479591608,0.816359375,0.823696875,320000,600000,920000,60.0,1305600000,0.0069019000002299435,0.004209800000353425,354.31201171875,0.25,20,8,8,0,0
ariad,10000,32,0,110,0.0012135894503444433,0.820259375,0.826065625,320000,600000,920000,60.0,1305600000,0.005518900000424765,0.0027825999995911843,354.12646484375,0.25,20,8,8,0,0
ariad,10000,32,0,111,0.0010835477150976658,0.823965625,0.82809375,320000,600000,920000,60.0,1305600000,0.0059960999997201725,0.0031713999997009523,354.12646484375,0.25,20,8,8,0,0
ariad,10000,32,0,112,0.0009704465628601611,0.827640625,0.830403125,320000,600000,920000,60.0,1305600000,0.005559500000344997,0.0028642000006584567,354.12646484375,0.25,20,8,8,0,0
ariad,10000,32,0,113,0.0008736520539969206,0.83126875,0.83265,320000,600000,920000,60.0,1305600000,0.009324200000264682,0.006586999999854015,354.12646484375,0.25,20,8,8,0,0
ariad,10000,32,0,114,0.0007922864751890302,0.834625,0.834765625,320000,600000,920000,60.0,1305600000,0.007992500000000291,0.004398300000502786,354.12646484375,0.25,20,8,8,0,0
ariad,10000,32,0,115,0.0007248679175972939,0.8379375,0.83685,320000,600000,920000,60.0,1305600000,0.0055748999993738835,0.002873800000088522,354.31201171875,0.25,20,8,8,0,0
ariad,10000,32,0,116,0.0006695249467156827,0.84091875,0.839390625,320000,600000,920000,60.0,1305600000,0.006528400000206602,0.002936299999419134,354.12646484375,0.25,20,8,8,0,0
ariad,10000,32,0,117,0.0006237805355340242,0.84376875,0.84173125,320000,600000,920000,60.0,1305600000,0.005784099999800674,0.003089400000135356,354.12646484375,0.25,20,8,8,0,0
ariad,10000,32,0,118,0.0005852017202414572,0.84651875,0.843921875,320000,600000,920000,60.0,1305600000,0.00572680000004766,0.002949800000351388,354.12646484375,0.25,20,8,8,0,0
ariad,10000,32,0,119,0.0005520895938389003,0.848990625,0.8463125,320000,600000,920000,60.0,1305600000,0.005655899999510439,0.0029202000005170703,354.12646484375,0.25,20,8,8,0,0
ariad,10000,32,0,120,0.0005230362876318395,0.851403125,0.848909375,320000,600000,920000,60.0,1305600000,0.005746499999986554,0.0029913999997006613,354.12646484375,0.25,20,8,8,0,0
ariad,10000,32,0,121,0.0004968129796907306,0.85363125,0.851390625,320000,600000,920000,60.0,1305600000,0.0057292000001325505,0.0029470999998011393,354.31201171875,0.25,20,8,8,0,0
ariad,10000,32,0,122,0.0004719435528386384,0.85575,0.853928125,320000,600000,920000,60.0,1305600000,0.005522299999938696,0.002766900000096939,354.12646484375,0.25,20,8,8,0,0
ariad,10000,32,0,123,0.000447828380856663,0.857809375,0.856653125,320000,600000,920000,60.0,1305600000,0.006340500000078464,0.0032047000004240545,354.12646484375,0.25,20,8,8,0,0
ariad,10000,32,0,124,0.0004246432217769325,0.85968125,0.85913125,320000,600000,920000,60.0,1305600000,0.005547200000364683,0.0028235999998287298,354.12646484375,0.25,20,8,8,0,0
ariad,10000,32,0,125,0.0004023263754788786,0.861428125,0.861434375,320000,600000,920000,60.0,1305600000,0.005542100000639039,0.002796699999635166,354.12646484375,0.25,20,8,8,0,0
ariad,10000,32,0,126,0.00038123843842186034,0.86306875,0.86363125,320000,600000,920000,60.0,1305600000,0.005581200000051467,0.002863200000319921,354.12646484375,0.25,20,8,8,0,0
ariad,10000,32,0,127,0.00036144847399555147,0.864803125,0.866025,320000,600000,920000,60.0,1305600000,0.005612699999801407,0.0028923999998369254,354.31201171875,0.25,20,8,8,0,0
ariad,10000,32,0,128,0.0003431819495745003,0.8663875,0.8680375,320000,600000,920000,60.0,1305600000,0.005601400000159629,0.0028386000003592926,354.12646484375,0.25,20,8,8,0,0
ariad,10000,32,0,129,0.0003264670667704195,0.867909375,0.8700875,320000,600000,920000,60.0,1305600000,0.005575199999839242,0.0028863999996247003,354.12646484375,0.25,20,8,8,0,0
ariad,10000,32,0,130,0.0003113537095487118,0.869359375,0.872175,320000,600000,920000,60.0,1305600000,0.005477199999404547,0.0027979999995295657,354.12646484375,0.25,20,8,8,0,0
ariad,10000,32,0,131,0.0002976816613227129,0.870865625,0.874065625,320000,600000,920000,60.0,1305600000,0.005550599999878614,0.0028357000001051347,354.12646484375,0.25,20,8,8,0,0
ariad,10000,32,0,132,0.00028545092209242284,0.872303125,0.87585625,320000,600000,920000,60.0,1305600000,0.005526799999643117,0.0028013999999529915,354.12646484375,0.25,20,8,8,0,0
ariad,10000,32,0,133,0.00027454705559648573,0.87356875,0.8773125,320000,600000,920000,60.0,1305600000,0.005629999999655411,0.0029327000002012937,354.31201171875,0.25,20,8,8,0,0
ariad,10000,32,0,134,0.0002649275411386043,0.874759375,0.87875625,320000,600000,920000,60.0,1305600000,0.005650000000059663,0.0028941000000486383,354.12646484375,0.25,20,8,8,0,0
ariad,10000,32,0,135,0.00025645774439908564,0.8760875,0.880053125,320000,600000,920000,60.0,1305600000,0.00562649999938003,0.0029482999998435844,354.12646484375,0.25,20,8,8,0,0
ariad,10000,32,0,136,0.00024914726964198053,0.87736875,0.8814125,320000,600000,920000,60.0,1305600000,0.0055596000001969514,0.002837300000464893,354.12646484375,0.25,20,8,8,0,0
ariad,10000,32,0,137,0.00024287324049510062,0.878525,0.882740625,320000,600000,920000,60.0,1305600000,0.005548500000259082,0.0027999999992971425,354.12646484375,0.25,20,8,8,0,0
ariad,10000,32,0,138,0.00023736957518849522,0.879684375,0.883834375,320000,600000,920000,60.0,1305600000,0.005593799999587645,0.002926899999692978,354.12646484375,0.25,20,8,8,0,0
ariad,10000,32,0,139,0.00023256025451701134,0.880796875,0.885065625,320000,600000,920000,60.0,1305600000,0.005522299999938696,0.0028103000004193746,354.31201171875,0.25,20,8,8,0,0
ariad,10000,32,0,140,0.0002284140937263146,0.881715625,0.8861375,320000,600000,920000,60.0,1305600000,0.0055629999997108825,0.002845500000148604,354.12646484375,0.25,20,8,8,0,0
ariad,10000,32,0,141,0.000224935807636939,0.88256875,0.8870375,320000,600000,920000,60.0,1305600000,0.005575199999839242,0.0028619000004255213,354.12646484375,0.25,20,8,8,0,0
ariad,10000,32,0,142,0.0002218225854448974,0.88350625,0.8881375,320000,600000,920000,60.0,1305600000,0.005579599999691709,0.0029071999997540843,354.12646484375,0.25,20,8,8,0,0
ariad,10000,32,0,143,0.00021896319231018424,0.884340625,0.889221875,320000,600000,920000,60.0,1305600000,0.0061376000003292575,0.0032775999998193583,354.12646484375,0.25,20,8,8,0,0
ariad,10000,32,0,144,0.00021632782591041178,0.8851875,0.890096875,320000,600000,920000,60.0,1305600000,0.005623299999570008,0.0028933999992659665,354.12646484375,0.25,20,8,8,0,0
ariad,10000,32,0,145,0.00021384893625508994,0.885978125,0.8909875,320000,600000,920000,60.0,1305600000,0.005938299999797891,0.002969199999824923,354.31201171875,0.25,20,8,8,0,0
ariad,10000,32,0,146,0.00021159026073291898,0.8868,0.891975,320000,600000,920000,60.0,1305600000,0.005604099999800383,0.00292870000066614,354.12646484375,0.25,20,8,8,0,0
ariad,10000,32,0,147,0.00020948903693351895,0.887646875,0.8928125,320000,600000,920000,60.0,1305600000,0.005517200000213052,0.0028188999995109043,354.12646484375,0.25,20,8,8,0,0
ariad,10000,32,0,148,0.00020756501180585474,0.88844375,0.89368125,320000,600000,920000,60.0,1305600000,0.005476100000123552,0.0028136999999333057,354.12646484375,0.25,20,8,8,0,0
ariad,10000,32,0,149,0.00020580331329256296,0.889078125,0.894384375,320000,600000,920000,60.0,1305600000,0.0055816000003687805,0.0028838999996878556,354.12646484375,0.25,20,8,8,0,0
ariad,10000,32,0,150,0.00020422367379069328,0.88974375,0.89510625,320000,600000,920000,60.0,1305600000,0.0055078000004868954,0.002810500000123284,354.12646484375,0.25,20,8,8,0,0
ariad,10000,32,0,151,0.00020279789168853313,0.890415625,0.895715625,320000,600000,920000,60.0,1305600000,0.005746499999986554,0.0028277999999772874,354.31201171875,0.25,20,8,8,0,0
ariad,10000,32,0,152,0.0002015484351431951,0.89103125,0.896365625,320000,600000,920000,60.0,1305600000,0.0056033999999272055,0.002861500000108208,354.12646484375,0.25,20,8,8,0,0
ariad,10000,32,0,153,0.00020040849631186575,0.891753125,0.8971375,320000,600000,920000,60.0,1305600000,0.005598599999757425,0.002910400000473601,354.12646484375,0.25,20,8,8,0,0
ariad,10000,32,0,154,0.00019934072042815387,0.892478125,0.897846875,320000,600000,920000,60.0,1305600000,0.005462600000100792,0.002807399999255722,354.12646484375,0.25,20,8,8,0,0
ariad,10000,32,0,155,0.00019844569033011794,0.893125,0.8985125,320000,600000,920000,60.0,1305600000,0.005473500000334752,0.002812900000208174,354.12646484375,0.25,20,8,8,0,0
ariad,10000,32,0,156,0.00019769456412177533,0.893675,0.899140625,320000,600000,920000,60.0,1305600000,0.005524100000002363,0.0028173999999125954,354.12646484375,0.25,20,8,8,0,0
ariad,10000,32,0,157,0.00019694534421432763,0.8942375,0.89985,320000,600000,920000,60.0,1305600000,0.005539099999623431,0.0028498000001491164,354.31201171875,0.25,20,8,8,0,0
ariad,10000,32,0,158,0.00019632125622592866,0.8947625,0.90049375,320000,600000,920000,60.0,1305600000,0.005537800000638526,0.0028580000007423223,354.12646484375,0.25,20,8,8,0,0
ariad,10000,32,0,159,0.00019581227388698608,0.895359375,0.90114375,320000,600000,920000,60.0,1305600000,0.005571800000325311,0.002906499999880907,354.12646484375,0.25,20,8,8,0,0
ariad,10000,32,0,160,0.00019525644893292338,0.895853125,0.901753125,320000,600000,920000,60.0,1305600000,0.005689599999641359,0.002778300000500167,354.12646484375,0.25,20,8,8,0,0
ariad,10000,32,0,161,0.00019474739383440465,0.896415625,0.902353125,320000,600000,920000,60.0,1305600000,0.005503999999746156,0.002795200000036857,354.12646484375,0.25,20,8,8,0,0
ariad,10000,32,0,162,0.0001943330280482769,0.896890625,0.90291875,320000,600000,920000,60.0,1305600000,0.005516900000657188,0.0028524999997898703,354.12646484375,0.25,20,8,8,0,0
ariad,10000,32,0,163,0.0001939777284860611,0.89735,0.90355625,320000,600000,920000,60.0,1305600000,0.005865299999641138,0.0029070999999021296,354.31201171875,0.25,20,8,8,0,0
ariad,10000,32,0,164,0.00019353658717591316,0.897821875,0.90403125,320000,600000,920000,60.0,1305600000,0.005508500000360073,0.002839499999936379,354.12646484375,0.25,20,8,8,0,0
ariad,10000,32,0,165,0.00019320154387969524,0.898325,0.90455,320000,600000,920000,60.0,1305600000,0.005510799999683513,0.0028105999999752385,354.12646484375,0.25,20,8,8,0,0
ariad,10000,32,0,166,0.00019285605230834335,0.898765625,0.905015625,320000,600000,920000,60.0,1305600000,0.005437099999653583,0.002800099999149097,354.12646484375,0.25,20,8,8,0,0
ariad,10000,32,0,167,0.00019256820087321103,0.899209375,0.9055625,320000,600000,920000,60.0,1305600000,0.0054594000002907705,0.002831799999512441,354.12646484375,0.25,20,8,8,0,0
ariad,10000,32,0,168,0.00019228103337809443,0.89964375,0.906084375,320000,600000,920000,60.0,1305600000,0.005489600000146311,0.0028122999992774567,354.12646484375,0.25,20,8,8,0,0
ariad,10000,32,0,169,0.00019199855159968138,0.9000875,0.906615625,320000,600000,920000,60.0,1305600000,0.005467000000862754,0.0028062000001227716,354.31201171875,0.25,20,8,8,0,0
ariad,10000,32,0,170,0.00019175148918293417,0.90055625,0.907175,320000,600000,920000,60.0,1305600000,0.00752210000064224,0.004840100000365055,354.12646484375,0.25,20,8,8,0,0
ariad,10000,32,0,171,0.00019148318096995354,0.900996875,0.907665625,320000,600000,920000,60.0,1305600000,0.005593500000031781,0.0028962000005776645,354.12646484375,0.25,20,8,8,0,0
ariad,10000,32,0,172,0.00019131817680317909,0.9013625,0.90805625,320000,600000,920000,60.0,1305600000,0.005647399999361369,0.002984100000503531,354.12646484375,0.25,20,8,8,0,0
ariad,10000,32,0,173,0.00019113831513095647,0.901746875,0.908528125,320000,600000,920000,60.0,1305600000,0.005711400000109279,0.0029876999997213716,354.12646484375,0.25,20,8,8,0,0
ariad,10000,32,0,174,0.00019097911717835814,0.90218125,0.909059375,320000,600000,920000,60.0,1305600000,0.005429800000456453,0.0027486999997563544,354.12646484375,0.25,20,8,8,0,0
ariad,10000,32,0,175,0.00019086498650722206,0.902509375,0.909471875,320000,600000,920000,60.0,1305600000,0.0054843000007167575,0.002811199999996461,354.31201171875,0.25,20,8,8,0,0
ariad,10000,32,0,176,0.00019071607675869018,0.902846875,0.90985625,320000,600000,920000,60.0,1305600000,0.005514299999958894,0.0028379000004861155,354.12646484375,0.25,20,8,8,0,0
ariad,10000,32,0,177,0.00019057428289670497,0.90313125,0.910225,320000,600000,920000,60.0,1305600000,0.005389300000388175,0.0027497999999468448,354.12646484375,0.25,20,8,8,0,0
ariad,10000,32,0,178,0.00019043596694245934,0.903484375,0.910646875,320000,600000,920000,60.0,1305600000,0.005519399999684538,0.0028374999992593075,354.12646484375,0.25,20,8,8,0,0
ariad,10000,32,0,179,0.00019033066928386688,0.90383125,0.911096875,320000,600000,920000,60.0,1305600000,0.005595999999968626,0.0028734999996231636,354.12646484375,0.25,20,8,8,0,0
ariad,10000,32,0,180,0.00019021553453058004,0.9042125,0.911525,320000,600000,920000,60.0,1305600000,0.0055983000002015615,0.0028347999996185536,354.12646484375,0.25,20,8,8,0,0
ariad,10000,32,0,181,0.00019012550183106214,0.904521875,0.9118875,320000,600000,920000,60.0,1305600000,0.005507199999556178,0.002817200000208686,354.31201171875,0.25,20,8,8,0,0
ariad,10000,32,0,182,0.0001900335482787341,0.904840625,0.91230625,320000,600000,920000,60.0,1305600000,0.005489099999977043,0.002845799999704468,354.12646484375,0.25,20,8,8,0,0
ariad,10000,32,0,183,0.00018992414698004723,0.90514375,0.912659375,320000,600000,920000,60.0,1305600000,0.005580600000030245,0.0028882999995403225,354.12646484375,0.25,20,8,8,0,0
ariad,10000,32,0,184,0.00018983526388183236,0.90543125,0.912946875,320000,600000,920000,60.0,1305600000,0.0056334000000788365,0.002914499999860709,354.12646484375,0.25,20,8,8,0,0
ariad,10000,32,0,185,0.0001897732145152986,0.905675,0.91326875,320000,600000,920000,60.0,1305600000,0.00543409999954747,0.002781700000014098,354.12646484375,0.25,20,8,8,0,0
ariad,10000,32,0,186,0.00018969290249515325,0.905921875,0.913603125,320000,600000,920000,60.0,1305600000,0.00546559999929741,0.002824999999575084,354.12646484375,0.25,20,8,8,0,0
ariad,10000,32,0,187,0.00018960496527142823,0.906171875,0.91396875,320000,600000,920000,60.0,1305600000,0.005481399999553105,0.002815499999996973,354.31201171875,0.25,20,8,8,0,0
ariad,10000,32,0,188,0.00018952979007735848,0.90645,0.91431875,320000,600000,920000,60.0,1305600000,0.0055099999999583815,0.0028303000008236268,354.12646484375,0.25,20,8,8,0,0
ariad,10000,32,0,189,0.00018944157636724412,0.906709375,0.914628125,320000,600000,920000,60.0,1305600000,0.005566200000430399,0.0028701000001092325,354.12646484375,0.25,20,8,8,0,0
ariad,10000,32,0,190,0.0001893465523608029,0.906925,0.91491875,320000,600000,920000,60.0,1305600000,0.005649199999425036,0.0028775999999197666,354.12646484375,0.25,20,8,8,0,0
ariad,10000,32,0,191,0.00018929800717160106,0.907159375,0.915171875,320000,600000,920000,60.0,1305600000,0.005544900000131747,0.0028595000003406312,354.12646484375,0.25,20,8,8,0,0
ariad,10000,32,0,192,0.00018923643801826984,0.907428125,0.91545,320000,600000,920000,60.0,1305600000,0.005447300000014366,0.0027694000000337837,354.12646484375,0.25,20,8,8,0,0
ariad,10000,32,0,193,0.0001891644496936351,0.90770625,0.915734375,320000,600000,920000,60.0,1305600000,0.005526500000087253,0.002779499999633117,354.31201171875,0.25,20,8,8,0,0
ariad,10000,32,0,194,0.00018911097140517086,0.907890625,0.91598125,320000,600000,920000,60.0,1305600000,0.005705599999600963,0.0029714000002059038,354.12646484375,0.25,20,8,8,0,0
ariad,10000,32,0,195,0.00018905119213741273,0.90815625,0.9162625,320000,600000,920000,60.0,1305600000,0.005487200000061421,0.0027939000001424574,354.12646484375,0.25,20,8,8,0,0
ariad,10000,32,0,196,0.00018902825831901282,0.90836875,0.9165125,320000,600000,920000,60.0,1305600000,0.005575900000621914,0.002890599999773258,354.12646484375,0.25,20,8,8,0,0
ariad,10000,32,0,197,0.00018899595306720585,0.908584375,0.916759375,320000,600000,920000,60.0,1305600000,0.005556000000069616,0.002872199999728764,354.12646484375,0.25,20,8,8,0,0
ariad,10000,32,0,198,0.0001889495615614578,0.90876875,0.916984375,320000,600000,920000,60.0,1305600000,0.005638300000100571,0.0029260000001158915,354.12646484375,0.25,20,8,8,0,0
ariad,10000,32,0,199,0.00018891827494371682,0.9089625,0.917184375,320000,600000,920000,60.0,1305600000,0.005601300000307674,0.0028986999996050145,354.31201171875,0.25,20,8,8,0,0
ariad,10000,32,0,200,0.000188878460903652,0.90915,0.917375,320000,600000,920000,60.0,1305600000,0.00558420000015758,0.0029005999995206366,354.12646484375,0.25,20,8,8,0,0
ariad,10000,32,0,201,0.00018881673167925328,0.909378125,0.917596875,320000,600000,920000,60.0,1305600000,0.005502099999830534,0.002827199999956065,354.12646484375,0.25,20,8,8,0,0
ariad,10000,32,0,202,0.0001887976104626432,0.909584375,0.917865625,320000,600000,920000,60.0,1305600000,0.005519499999536492,0.0028119999997215928,354.12646484375,0.25,20,8,8,0,0
ariad,10000,32,0,203,0.00018875332898460329,0.909753125,0.91804375,320000,600000,920000,60.0,1305600000,0.005546800000047369,0.0028647000008277246,354.12646484375,0.25,20,8,8,0,0
ariad,10000,32,0,204,0.00018870050553232431,0.909946875,0.91829375,320000,600000,920000,60.0,1305600000,0.00557459999981802,0.002898299999287701,354.12646484375,0.25,20,8,8,0,0
ariad,10000,32,0,205,0.00018865236779674888,0.91014375,0.918515625,320000,600000,920000,60.0,1305600000,0.005441399999654095,0.0027488999994602636,354.31201171875,0.25,20,8,8,0,0
ariad,10000,32,0,206,0.00018862551951315254,0.910340625,0.918784375,320000,600000,920000,60.0,1305600000,0.005579700000453158,0.002868799999305338,354.12646484375,0.25,20,8,8,0,0
ariad,10000,32,0,207,0.00018857726536225528,0.9105125,0.919003125,320000,600000,920000,60.0,1305600000,0.005435899999611138,0.0027844000005643466,354.12646484375,0.25,20,8,8,0,0
ariad,10000,32,0,208,0.00018852812354452908,0.91071875,0.91924375,320000,600000,920000,60.0,1305600000,0.005502099999830534,0.002750900000137335,354.12646484375,0.25,20,8,8,0,0
ariad,10000,32,0,209,0.00018850681954063475,0.910909375,0.919459375,320000,600000,920000,60.0,1305600000,0.005430100000012317,0.00277159999950527,354.12646484375,0.25,20,8,8,0,0
ariad,10000,32,0,210,0.00018845804152078927,0.911134375,0.919703125,320000,600000,920000,60.0,1305600000,0.005632800000057614,0.0029443000003084308,354.12646484375,0.25,20,8,8,0,0
ariad,10000,32,0,211,0.00018843186262529343,0.911334375,0.919959375,320000,600000,920000,60.0,1305600000,0.005615999999463384,0.0029201999996075756,354.31201171875,0.25,20,8,8,0,0
ariad,10000,32,0,212,0.00018838564574252814,0.911525,0.920196875,320000,600000,920000,60.0,1305600000,0.00559140000041225,0.0027597000007517636,354.12646484375,0.25,20,8,8,0,0
ariad,10000,32,0,213,0.00018836645176634192,0.911665625,0.920390625,320000,600000,920000,60.0,1305600000,0.005593400000179827,0.002830299999914132,354.12646484375,0.25,20,8,8,0,0
ariad,10000,32,0,214,0.00018822855781763792,0.9118375,0.920565625,320000,600000,920000,60.0,1305600000,0.005597999999736203,0.0029237999997349107,354.12646484375,0.25,20,8,8,0,0
ariad,10000,32,0,215,0.00018819718388840556,0.91198125,0.920728125,320000,600000,920000,60.0,1305600000,0.0054790000003777095,0.0028265999999348423,354.12646484375,0.25,20,8,8,0,0
ariad,10000,32,0,216,0.00018816480587702245,0.912103125,0.9208875,320000,600000,920000,60.0,1305600000,0.00545719999990979,0.0028062000001227716,354.12646484375,0.25,20,8,8,0,0
ariad,10000,32,0,217,0.00018814043141901493,0.91221875,0.921021875,320000,600000,920000,60.0,1305600000,0.005534399999305606,0.0028768000001946348,354.31201171875,0.25,20,8,8,0,0
ariad,10000,32,0,218,0.0001881158968899399,0.912346875,0.921196875,320000,600000,920000,60.0,1305600000,0.00556479999977455,0.002870000000257278,354.12646484375,0.25,20,8,8,0,0
ariad,10000,32,0,219,0.00018807477317750454,0.912496875,0.921375,320000,600000,920000,60.0,1305600000,0.005490300000019488,0.0028188000005684444,354.12646484375,0.25,20,8,8,0,0
ariad,10000,32,0,220,0.0001880560739664361,0.91269375,0.921596875,320000,600000,920000,60.0,1305600000,0.0054468000007545925,0.0027839000003950787,354.12646484375,0.25,20,8,8,0,0
ariad,10000,32,0,221,0.00018804302089847624,0.912834375,0.921803125,320000,600000,920000,60.0,1305600000,0.005562500000451109,0.0028943999996045022,354.12646484375,0.25,20,8,8,0,0
ariad,10000,32,0,222,0.00018803255807142705,0.912975,0.92196875,320000,600000,920000,60.0,1305600000,0.005520099999557715,0.002819700000145531,354.12646484375,0.25,20,8,8,0,0
ariad,10000,32,0,223,0.00018796838412526995,0.91309375,0.922125,320000,600000,920000,60.0,1305600000,0.0056515000005674665,0.0029378999997788924,354.31201171875,0.25,20,8,8,0,0
ariad,10000,32,0,224,0.0001879230112535879,0.91325,0.92229375,320000,600000,920000,60.0,1305600000,0.00558050000017829,0.0028720000000248547,354.12646484375,0.25,20,8,8,0,0
ariad,10000,32,0,225,0.0001878974144347012,0.91335,0.922425,320000,600000,920000,60.0,1305600000,0.006180599999424885,0.003377399999408226,354.12646484375,0.25,20,8,8,0,0
ariad,10000,32,0,226,0.0001878858165582642,0.913490625,0.922584375,320000,600000,920000,60.0,1305600000,0.005831200000102399,0.0030326999994940707,354.12646484375,0.25,20,8,8,0,0
ariad,10000,32,0,227,0.00018784415442496538,0.913578125,0.92268125,320000,600000,920000,60.0,1305600000,0.0054766000002928195,0.0027921999999307445,354.12646484375,0.25,20,8,8,0,0
ariad,10000,32,0,228,0.00018781913968268782,0.913696875,0.92281875,320000,600000,920000,60.0,1305600000,0.005426100000477163,0.0027840000002470333,354.12646484375,0.25,20,8,8,0,0
ariad,10000,32,0,229,0.00018779386300593615,0.91383125,0.922978125,320000,600000,920000,60.0,1305600000,0.005536799999390496,0.0028350000002319575,354.31201171875,0.25,20,8,8,0,0
ariad,10000,32,0,230,0.00018777072546072304,0.91391875,0.923128125,320000,600000,920000,60.0,1305600000,0.005558599999858416,0.0028435999993234873,354.12646484375,0.25,20,8,8,0,0
ariad,10000,32,0,231,0.00018774070485960692,0.91405625,0.923309375,320000,600000,920000,60.0,1305600000,0.005543199999920034,0.002868999999918742,354.12646484375,0.25,20,8,8,0,0
ariad,10000,32,0,232,0.00018771833856590092,0.91420625,0.923475,320000,600000,920000,60.0,1305600000,0.005499000000781962,0.0028161000000181957,354.12646484375,0.25,20,8,8,0,0
ariad,10000,32,0,233,0.0001876816968433559,0.91435625,0.92365,320000,600000,920000,60.0,1305600000,0.005652100000588689,0.002952499999992142,354.12646484375,0.25,20,8,8,0,0
ariad,10000,32,0,234,0.00018765006097964942,0.914503125,0.9238125,320000,600000,920000,60.0,1305600000,0.006305699999757053,0.002900499999668682,354.12646484375,0.25,20,8,8,0,0
ariad,10000,32,0,235,0.00018761969113256782,0.914625,0.923965625,320000,600000,920000,60.0,1305600000,0.005490099999406084,0.0028432999997676234,354.31201171875,0.25,20,8,8,0,0
ariad,10000,32,0,236,0.00018759837257675827,0.914728125,0.924078125,320000,600000,920000,60.0,1305600000,0.005500900000697584,0.002820600000632112,354.12646484375,0.25,20,8,8,0,0
ariad,10000,32,0,237,0.00018759080558083951,0.914825,0.924209375,320000,600000,920000,60.0,1305600000,0.005558900000323774,0.00286340000002383,354.12646484375,0.25,20,8,8,0,0
ariad,10000,32,0,238,0.00018758175428956747,0.914921875,0.9243375,320000,600000,920000,60.0,1305600000,0.005517000000509142,0.002845099999831291,354.12646484375,0.25,20,8,8,0,0
ariad,10000,32,0,239,0.00018756013014353812,0.91501875,0.924428125,320000,600000,920000,60.0,1305600000,0.005519500000445987,0.0028670000001511653,354.12646484375,0.25,20,8,8,0,0
ariad,10000,32,0,240,0.00018754421034827828,0.915115625,0.924525,320000,600000,920000,60.0,1305600000,0.005504800000380783,0.0028217999997650622,354.12646484375,0.25,20,8,8,0,0
ariad,10000,32,0,241,0.00018753550830297172,0.915225,0.924675,320000,600000,920000,60.0,1305600000,0.005553500000132772,0.0028899999997520354,354.31201171875,0.25,20,8,8,0,0
ariad,10000,32,0,242,0.0001875295420177281,0.9152875,0.9247875,320000,600000,920000,60.0,1305600000,0.005530700000235811,0.0028566000000864733,354.12646484375,0.25,20,8,8,0,0
ariad,10000,32,0,243,0.00018751694005914032,0.915378125,0.924890625,320000,600000,920000,60.0,1305600000,0.0058755999998538755,0.0029409999997369596,354.12646484375,0.25,20,8,8,0,0
ariad,10000,32,0,244,0.00018750756862573326,0.915478125,0.92499375,320000,600000,920000,60.0,1305600000,0.005601400000159629,0.0028998999996474595,354.12646484375,0.25,20,8,8,0,0
ariad,10000,32,0,245,0.0001874719891929999,0.91555625,0.92508125,320000,600000,920000,60.0,1305600000,0.007050200000776385,0.004393700000036915,354.12646484375,0.25,20,8,8,0,0
ariad,10000,32,0,246,0.00018746060959529132,0.915653125,0.92519375,320000,600000,920000,60.0,1305600000,0.0056438000001435285,0.0029475000001184526,354.12646484375,0.25,20,8,8,0,0
ariad,10000,32,0,247,0.000187447207281366,0.915728125,0.9253,320000,600000,920000,60.0,1305600000,0.005535600000257546,0.002817000000504777,354.31201171875,0.25,20,8,8,0,0
ariad,10000,32,0,248,0.00018743227701634169,0.915825,0.925425,320000,600000,920000,60.0,1305600000,0.005553299999519368,0.0028678999997282517,354.12646484375,0.25,20,8,8,0,0
ariad,10000,32,0,249,0.00018742687825579196,0.915934375,0.925546875,320000,600000,920000,60.0,1305600000,0.006166400000438443,0.0028011000003971276,354.12646484375,0.25,20,8,8,0,0
ariad,10000,32,0,250,0.00018739885126706213,0.91605625,0.925675,320000,600000,920000,60.0,1305600000,0.005441399999654095,0.002748099999735132,354.12646484375,0.25,20,8,8,0,0
ariad,10000,32,0,251,0.0001873798028100282,0.916153125,0.925778125,320000,600000,920000,60.0,1305600000,0.005567000000155531,0.0028683999998975196,354.12646484375,0.25,20,8,8,0,0
ariad,10000,32,0,252,0.00018737479695118964,0.91624375,0.92588125,320000,600000,920000,60.0,1305600000,0.005464100000608596,0.0027735000003303867,354.12646484375,0.25,20,8,8,0,0
ariad,10000,32,0,253,0.00018736509082373232,0.9163125,0.925978125,320000,600000,920000,60.0,1305600000,0.0058845000003202586,0.0030000999995536404,354.31201171875,0.25,20,8,8,0,0
ariad,10000,32,0,254,0.00018734043987933546,0.916409375,0.926071875,320000,600000,920000,60.0,1305600000,0.00550070000008418,0.0028020999998261686,354.12646484375,0.25,20,8,8,0,0
ariad,10000,32,0,255,0.00018733259639702737,0.91646875,0.926159375,320000,600000,920000,60.0,1305600000,0.005579000000579981,0.0028964000002815737,354.12646484375,0.25,20,8,8,0,0
ariad,10000,32,0,256,0.00018727342830970883,0.916553125,0.92625625,320000,600000,920000,60.0,1305600000,0.005567500000324799,0.0028613000004042988,354.12646484375,0.25,20,8,8,0,0
ariad,10000,32,0,257,0.00018725373956840485,0.91663125,0.926353125,320000,600000,920000,60.0,1305600000,0.005413100000623672,0.002740500000072643,354.12646484375,0.25,20,8,8,0,0
ariad,10000,32,0,258,0.00018724743858911097,0.916696875,0.926446875,320000,600000,920000,60.0,1305600000,0.005605600000308186,0.0028922999999849708,354.12646484375,0.25,20,8,8,0,0
ariad,10000,32,0,259,0.00018724228721112013,0.9167625,0.926525,320000,600000,920000,60.0,1305600000,0.005820400000629888,0.002852300000085961,354.31201171875,0.25,20,8,8,0,0
ariad,10000,32,0,260,0.00018723942048382014,0.91681875,0.92659375,320000,600000,920000,60.0,1305600000,0.005566400000134308,0.0028785000004063477,354.12646484375,0.25,20,8,8,0,0
ariad,10000,32,0,261,0.00018723992980085313,0.91685625,0.926621875,320000,600000,920000,60.0,1305600000,0.005481599999257014,0.0027881000005436363,354.12646484375,0.25,20,8,8,0,0
ariad,10000,32,0,262,0.0001872333959909156,0.916909375,0.92665625,320000,600000,920000,60.0,1305600000,0.005489500000294356,0.002815700000610377,354.12646484375,0.25,20,8,8,0,0
ariad,10000,32,0,263,0.00018722875392995775,0.9169625,0.9267375,320000,600000,920000,60.0,1305600000,0.005887500000426371,0.002852300000085961,354.12646484375,0.25,20,8,8,0,0
ariad,10000,32,0,264,0.0001872227294370532,0.917003125,0.9268,320000,600000,920000,60.0,1305600000,0.005490999999892665,0.002798399999846879,354.12646484375,0.25,20,8,8,0,0
ariad,10000,32,0,265,0.00018722742970567197,0.91705,0.92685,320000,600000,920000,60.0,1305600000,0.005456099999719299,0.0027771000004577218,354.31201171875,0.25,20,8,8,0,0
ariad,10000,32,0,266,0.00018722712411545217,0.917096875,0.9269,320000,600000,920000,60.0,1305600000,0.005625900000268302,0.0029685999998037005,354.12646484375,0.25,20,8,8,0,0
ariad,10000,32,0,267,0.00018721981905400753,0.91715,0.926978125,320000,600000,920000,60.0,1305600000,0.005523400000129186,0.0028166000001874636,354.12646484375,0.25,20,8,8,0,0
ariad,10000,32,0,268,0.00018721814558375627,0.917203125,0.927025,320000,600000,920000,60.0,1305600000,0.005514200000106939,0.0028246000001672655,354.12646484375,0.25,20,8,8,0,0
ariad,10000,32,0,269,0.00018721258675213903,0.917259375,0.9270875,320000,600000,920000,60.0,1305600000,0.005748799999309995,0.0028007000000798143,354.12646484375,0.25,20,8,8,0,0
ariad,10000,32,0,270,0.000187202516826801,0.91731875,0.92714375,320000,600000,920000,60.0,1305600000,0.005562499999541615,0.0027991000006295508,354.12646484375,0.25,20,8,8,0,0
ariad,10000,32,0,271,0.00018719729268923402,0.917371875,0.927225,320000,600000,920000,60.0,1305600000,0.005517399999916961,0.002860800000235031,354.31201171875,0.25,20,8,8,0,0
ariad,10000,32,0,272,0.00018719116633292288,0.91743125,0.927275,320000,600000,920000,60.0,1305600000,0.0054817000000184635,0.002794699999867589,354.12646484375,0.25,20,8,8,0,0
ariad,10000,32,0,273,0.00018716516206040978,0.91750625,0.92735625,320000,600000,920000,60.0,1305600000,0.006493500000033237,0.0028267000006962917,354.12646484375,0.25,20,8,8,0,0
ariad,10000,32,0,274,0.0001871420827228576,0.917559375,0.927425,320000,600000,920000,60.0,1305600000,0.005511800000022049,0.0028147999992143014,354.12646484375,0.25,20,8,8,0,0
ariad,10000,32,0,275,0.00018713538884185255,0.91761875,0.927490625,320000,600000,920000,60.0,1305600000,0.005499200000485871,0.002819699999236036,354.12646484375,0.25,20,8,8,0,0
ariad,10000,32,0,276,0.0001871249987743795,0.917659375,0.92755625,320000,600000,920000,60.0,1305600000,0.005698500000107742,0.002810499999213789,354.12646484375,0.25,20,8,8,0,0
ariad,10000,32,0,277,0.00018711334269028157,0.9177125,0.927609375,320000,600000,920000,60.0,1305600000,0.00557089999983873,0.002875200000744371,354.31201171875,0.25,20,8,8,0,0
ariad,10000,32,0,278,0.00018710717267822474,0.91775,0.927646875,320000,600000,920000,60.0,1305600000,0.00556959999994433,0.0029189999995651306,354.12646484375,0.25,20,8,8,0,0
ariad,10000,32,0,279,0.00018710055155679584,0.917803125,0.92770625,320000,600000,920000,60.0,1305600000,0.0056268999996973434,0.002966200000628305,354.12646484375,0.25,20,8,8,0,0
ariad,10000,32,0,280,0.00018709672440309078,0.917840625,0.927746875,320000,600000,920000,60.0,1305600000,0.005524399999558227,0.0028350000002319575,354.12646484375,0.25,20,8,8,0,0
ariad,10000,32,0,281,0.00018709630239754915,0.91789375,0.9278125,320000,600000,920000,60.0,1305600000,0.005602099999123311,0.002907500000219443,354.12646484375,0.25,20,8,8,0,0
ariad,10000,32,0,282,0.00018709279538597912,0.91794375,0.927865625,320000,600000,920000,60.0,1305600000,0.0055661000005784445,0.0028914000004078844,354.12646484375,0.25,20,8,8,0,0
ariad,10000,32,0,283,0.00018708901188801974,0.91799375,0.927903125,320000,600000,920000,60.0,1305600000,0.005574900000283378,0.00286340000002383,354.31201171875,0.25,20,8,8,0,0
ariad,10000,32,0,284,0.00018707849085330963,0.918053125,0.927975,320000,600000,920000,60.0,1305600000,0.00560100000075181,0.002841200000148092,354.12646484375,0.25,20,8,8,0,0
ariad,10000,32,0,285,0.00018707367416936904,0.91809375,0.92801875,320000,600000,920000,60.0,1305600000,0.005485100000441889,0.0028052999996361905,354.12646484375,0.25,20,8,8,0,0
ariad,10000,32,0,286,0.00018706484115682542,0.91816875,0.92810625,320000,600000,920000,60.0,1305600000,0.005629799999951501,0.002893199999562057,354.12646484375,0.25,20,8,8,0,0
ariad,10000,32,0,287,0.00018705028924159706,0.91820625,0.9281625,320000,600000,920000,60.0,1305600000,0.005440699999780918,0.0027541999997993116,354.12646484375,0.25,20,8,8,0,0
ariad,10000,32,0,288,0.00018705050752032548,0.918246875,0.928215625,320000,600000,920000,60.0,1305600000,0.005510800000593008,0.0028320999999777996,354.12646484375,0.25,20,8,8,0,0
ariad,10000,32,0,289,0.00018703078967519104,0.918296875,0.92828125,320000,600000,920000,60.0,1305600000,0.0055025000001478475,0.0028235999998287298,354.31201171875,0.25,20,8,8,0,0
ariad,10000,32,0,290,0.00018701402586884797,0.91833125,0.928325,320000,600000,920000,60.0,1305600000,0.005403000000114844,0.002734299999247014,354.12646484375,0.25,20,8,8,0,0
ariad,10000,32,0,291,0.00018700612417887896,0.918359375,0.928375,320000,600000,920000,60.0,1305600000,0.005525599999600672,0.0028048999993188772,354.12646484375,0.25,20,8,8,0,0
ariad,10000,32,0,292,0.00018700079817790538,0.918396875,0.928425,320000,600000,920000,60.0,1305600000,0.005485800000315066,0.0028292000006331364,354.12646484375,0.25,20,8,8,0,0
ariad,10000,32,0,293,0.0001869970583356917,0.918446875,0.92846875,320000,600000,920000,60.0,1305600000,0.005595300000095449,0.0029020000001764856,354.12646484375,0.25,20,8,8,0,0
ariad,10000,32,0,294,0.00018698503845371306,0.91848125,0.928503125,320000,600000,920000,60.0,1305600000,0.0056423000005452195,0.0028909000002386165,354.12646484375,0.25,20,8,8,0,0
ariad,10000,32,0,295,0.00018697601626627147,0.918509375,0.928534375,320000,600000,920000,60.0,1305600000,0.005536900000151945,0.002842199999577133,354.31201171875,0.25,20,8,8,0,0
ariad,10000,32,0,296,0.00018697370251175016,0.91855,0.928571875,320000,600000,920000,60.0,1305600000,0.00552719999996043,0.0027987000003122375,354.12646484375,0.25,20,8,8,0,0
ariad,10000,32,0,297,0.00018696968618314713,0.918590625,0.9286125,320000,600000,920000,60.0,1305600000,0.005486199999722885,0.0027789999994638492,354.12646484375,0.25,20,8,8,0,0
ariad,10000,32,0,298,0.00018694260506890714,0.91864375,0.928675,320000,600000,920000,60.0,1305600000,0.005489500000294356,0.0027796999993370264,354.12646484375,0.25,20,8,8,0,0
ariad,10000,32,0,299,0.0001869329425971955,0.918665625,0.9287,320000,600000,920000,60.0,1305600000,0.005503299999872979,0.0027989999998681014,354.12646484375,0.25,20,8,8,0,0
ariad,10000,32,0,300,0.00018692604498937726,0.91868125,0.928740625,320000,600000,920000,60.0,1305600000,0.005565299999943818,0.0028873000001112814,354.12646484375,0.25,20,8,8,0,0
ariad,10000,32,0,301,0.00018691214791033417,0.918734375,0.92881875,320000,600000,920000,60.0,1305600000,0.005516700000043784,0.0028323999995336635,354.31201171875,0.25,20,8,8,0,0
ariad,10000,32,0,302,0.000186900986591354,0.918775,0.928865625,320000,600000,920000,60.0,1305600000,0.0055022000005919836,0.002825900000061665,354.12646484375,0.25,20,8,8,0,0
ariad,10000,32,0,303,0.0001868964172899723,0.91880625,0.9289125,320000,600000,920000,60.0,1305600000,0.005563800000345509,0.002873800000088522,354.12646484375,0.25,20,8,8,0,0
ariad,10000,32,0,304,0.00018689478747546673,0.918834375,0.928946875,320000,600000,920000,60.0,1305600000,0.005767399999967893,0.002875799999856099,354.12646484375,0.25,20,8,8,0,0
ariad,10000,32,0,305,0.0001868899562396109,0.918878125,0.929003125,320000,600000,920000,60.0,1305600000,0.005463899999995192,0.0027624000003925175,354.12646484375,0.25,20,8,8,0,0
ariad,10000,32,0,306,0.0001868812250904739,0.91891875,0.929046875,320000,600000,920000,60.0,1305600000,0.005500300000676361,0.0028064000007361756,354.12646484375,0.25,20,8,8,0,0
ariad,10000,32,0,307,0.0001868803519755602,0.918959375,0.929084375,320000,600000,920000,60.0,1305600000,0.006295999999565538,0.002907900000536756,354.31201171875,0.25,20,8,8,0,0
ariad,10000,32,0,308,0.00018688007548917085,0.919003125,0.929134375,320000,600000,920000,60.0,1305600000,0.005501599999661266,0.0028044999999110587,354.12646484375,0.25,20,8,8,0,0
ariad,10000,32,0,309,0.00018687827105168253,0.919034375,0.9291625,320000,600000,920000,60.0,1305600000,0.005645600000207196,0.0029129000004104455,354.12646484375,0.25,20,8,8,0,0
ariad,10000,32,0,310,0.00018686562543734908,0.919071875,0.92920625,320000,600000,920000,60.0,1305600000,0.005442200000288722,0.002752399999735644,354.12646484375,0.25,20,8,8,0,0
ariad,10000,32,0,311,0.00018686782277654856,0.919084375,0.92923125,320000,600000,920000,60.0,1305600000,0.00547530000039842,0.0028045999997630133,354.12646484375,0.25,20,8,8,0,0
ariad,10000,32,0,312,0.00018686754629015923,0.91911875,0.929265625,320000,600000,920000,60.0,1305600000,0.005531200000405079,0.002832699999999022,354.12646484375,0.25,20,8,8,0,0
ariad,10000,32,0,313,0.00018686756084207445,0.919128125,0.9292875,320000,600000,920000,60.0,1305600000,0.005925399999796355,0.0029656999995495426,354.31201171875,0.25,20,8,8,0,0
ariad,10000,32,0,314,0.00018687137344386429,0.91915625,0.929325,320000,600000,920000,60.0,1305600000,0.005525600000510167,0.002830100000210223,354.12646484375,0.25,20,8,8,0,0
ariad,10000,32,0,315,0.0001868674880824983,0.919196875,0.929378125,320000,600000,920000,60.0,1305600000,0.005501900000126625,0.002812400000038906,354.12646484375,0.25,20,8,8,0,0
ariad,10000,32,0,316,0.00018687124247662723,0.919215625,0.92939375,320000,600000,920000,60.0,1305600000,0.0055554999999003485,0.0028319000002738903,354.12646484375,0.25,20,8,8,0,0
ariad,10000,32,0,317,0.00018686725525185466,0.9192375,0.929425,320000,600000,920000,60.0,1305600000,0.00557329999992362,0.00289859999975306,354.12646484375,0.25,20,8,8,0,0
ariad,10000,32,0,318,0.00018686689145397395,0.91926875,0.92946875,320000,600000,920000,60.0,1305600000,0.00549349999982951,0.0027878999999302323,354.12646484375,0.25,20,8,8,0,0
ariad,10000,32,0,319,0.00018686357361730188,0.919296875,0.929503125,320000,600000,920000,60.0,1305600000,0.005441999999675318,0.0027757999996538274,354.31201171875,0.25,20,8,8,0,0
ariad,10000,32,0,320,0.00018685682152863592,0.91934375,0.929559375,320000,600000,920000,60.0,1305600000,0.005499199999576376,0.0028077000006305752,354.12646484375,0.25,20,8,8,0,0
ariad,10000,32,0,321,0.00018685714167077094,0.919384375,0.929615625,320000,600000,920000,60.0,1305600000,0.005555900000217662,0.0028757000000041444,354.12646484375,0.25,20,8,8,0,0
ariad,10000,32,0,322,0.00018685100076254457,0.919415625,0.92965,320000,600000,920000,60.0,1305600000,0.005606699999589182,0.0029264999993756646,354.12646484375,0.25,20,8,8,0,0
ariad,10000,32,0,323,0.0001868496328825131,0.919434375,0.929671875,320000,600000,920000,60.0,1305600000,0.0054547999998249,0.0028031000001647044,354.12646484375,0.25,20,8,8,0,0
ariad,10000,32,0,324,0.00018683125381357968,0.919465625,0.929709375,320000,600000,920000,60.0,1305600000,0.0058615000007193885,0.0031582000001435517,354.12646484375,0.25,20,8,8,0,0
ariad,10000,32,0,325,0.0001868223334895447,0.919490625,0.92973125,320000,600000,920000,60.0,1305600000,0.005559800000810355,0.0028393999991749297,354.31201171875,0.25,20,8,8,0,0
ariad,10000,32,0,326,0.0001868193066911772,0.919509375,0.9297375,320000,600000,920000,60.0,1305600000,0.005479399999785528,0.002834900000380003,354.12646484375,0.25,20,8,8,0,0
ariad,10000,32,0,327,0.0001868203398771584,0.919521875,0.929759375,320000,600000,920000,60.0,1305600000,0.0054841000001033535,0.0027888999993592734,354.12646484375,0.25,20,8,8,0,0
ariad,10000,32,0,328,0.00018681719666346908,0.9195375,0.9297875,320000,600000,920000,60.0,1305600000,0.005576200000177778,0.0028851999995822553,354.12646484375,0.25,20,8,8,0,0
ariad,10000,32,0,329,0.00018681342771742493,0.919553125,0.9298,320000,600000,920000,60.0,1305600000,0.0055956000005608075,0.0028902000003654393,354.12646484375,0.25,20,8,8,0,0
ariad,10000,32,0,330,0.00018681334040593356,0.91956875,0.929821875,320000,600000,920000,60.0,1305600000,0.00558770000043296,0.0028812999998990563,354.12646484375,0.25,20,8,8,0,0
ariad,10000,32,0,331,0.00018681462097447366,0.919578125,0.92984375,320000,600000,920000,60.0,1305600000,0.00547030000052473,0.002772799999547715,354.31201171875,0.25,20,8,8,0,0
ariad,10000,32,0,332,0.00018681093933992088,0.91959375,0.929846875,320000,600000,920000,60.0,1305600000,0.0055736000003889785,0.0028425000000424916,354.12646484375,0.25,20,8,8,0,0
ariad,10000,32,0,333,0.00018681179790291935,0.91960625,0.92986875,320000,600000,920000,60.0,1305600000,0.005517099999451602,0.002838800000063202,354.12646484375,0.25,20,8,8,0,0
ariad,10000,32,0,334,0.00018681268556974828,0.9196375,0.929909375,320000,600000,920000,60.0,1305600000,0.005480599999827973,0.0028146000004198868,354.12646484375,0.25,20,8,8,0,0
ariad,10000,32,0,335,0.00018681239453144372,0.919646875,0.929925,320000,600000,920000,60.0,1305600000,0.005589399999735178,0.002894700000069861,354.12646484375,0.25,20,8,8,0,0
ariad,10000,32,0,336,0.000186803619726561,0.91966875,0.92994375,320000,600000,920000,60.0,1305600000,0.005548099999941769,0.0028523999999379157,354.12646484375,0.25,20,8,8,0,0
ariad,10000,32,0,337,0.00018679456843528897,0.9196875,0.9299625,320000,600000,920000,60.0,1305600000,0.005597800000032294,0.0029226999995444203,354.31201171875,0.25,20,8,8,0,0
ariad,10000,32,0,338,0.00018679375352803618,0.91970625,0.929978125,320000,600000,920000,60.0,1305600000,0.005518900000424765,0.002849399999831803,354.12646484375,0.25,20,8,8,0,0
ariad,10000,32,0,339,0.000186793360626325,0.9197125,0.93000625,320000,600000,920000,60.0,1305600000,0.006249900000511843,0.0028782999997929437,354.12646484375,0.25,20,8,8,0,0
ariad,10000,32,0,340,0.00018679087224882096,0.91973125,0.930040625,320000,600000,920000,60.0,1305600000,0.0054790000003777095,0.002817200000208686,354.12646484375,0.25,20,8,8,0,0
ariad,10000,32,0,341,0.00018679005734156817,0.91975625,0.930059375,320000,600000,920000,60.0,1305600000,0.005520800000340387,0.002840699999978824,354.12646484375,0.25,20,8,8,0,0
ariad,10000,32,0,342,0.00018679013010114431,0.919778125,0.930084375,320000,600000,920000,60.0,1305600000,0.005500600000232225,0.0028134000003774418,354.12646484375,0.25,20,8,8,0,0
ariad,10000,32,0,343,0.00018678857304621488,0.91979375,0.9301,320000,600000,920000,60.0,1305600000,0.005562499999541615,0.002836599999682221,354.31201171875,0.25,20,8,8,0,0
ariad,10000,32,0,344,0.00018678547348827124,0.919821875,0.93011875,320000,600000,920000,60.0,1305600000,0.005806399999528367,0.003074199999900884,354.12646484375,0.25,20,8,8,0,0
ariad,10000,32,0,345,0.00018678564811125398,0.919828125,0.930134375,320000,600000,920000,60.0,1305600000,0.0067920999999842024,0.004143399999520625,354.12646484375,0.25,20,8,8,0,0
ariad,10000,32,0,346,0.00018677310436032712,0.91985,0.9301625,320000,600000,920000,60.0,1305600000,0.00552849999985483,0.0028432999997676234,354.12646484375,0.25,20,8,8,0,0
ariad,10000,32,0,347,0.0001867708342615515,0.91986875,0.93019375,320000,600000,920000,60.0,1305600000,0.005545600000004924,0.002812400000038906,354.12646484375,0.25,20,8,8,0,0
ariad,10000,32,0,348,0.00018676937907002866,0.919890625,0.930209375,320000,600000,920000,60.0,1305600000,0.005462299999635434,0.0027541999997993116,354.12646484375,0.25,20,8,8,0,0
ariad,10000,32,0,349,0.00018676732724998146,0.919890625,0.93021875,320000,600000,920000,60.0,1305600000,0.005553200000576908,0.002901699999711127,354.31201171875,0.25,20,8,8,0,0
ariad,10000,32,0,350,0.0001867652899818495,0.919909375,0.930246875,320000,600000,920000,60.0,1305600000,0.005552099999476923,0.002856699999938428,354.12646484375,0.25,20,8,8,0,0
ariad,10000,32,0,351,0.00018676398030947894,0.9199125,0.930265625,320000,600000,920000,60.0,1305600000,0.005505699999957869,0.0028759999995600083,354.12646484375,0.25,20,8,8,0,0
ariad,10000,32,0,352,0.00018676463514566422,0.91995,0.930309375,320000,600000,920000,60.0,1305600000,0.005658899999616551,0.002923000000009779,354.12646484375,0.25,20,8,8,0,0
ariad,10000,32,0,353,0.00018676307809073478,0.919965625,0.930334375,320000,600000,920000,60.0,1305600000,0.005544699999518343,0.002855699999599892,354.12646484375,0.25,20,8,8,0,0
ariad,10000,32,0,354,0.0001867610408226028,0.91999375,0.930365625,320000,600000,920000,60.0,1305600000,0.005890500000532484,0.003156699999635748,354.12646484375,0.25,20,8,8,0,0
ariad,10000,32,0,355,0.0001867597020464018,0.920009375,0.930384375,320000,600000,920000,60.0,1305600000,0.005514600000424252,0.00280540000039764,354.31201171875,0.25,20,8,8,0,0
ariad,10000,32,0,356,0.00018675302271731198,0.920028125,0.93041875,320000,600000,920000,60.0,1305600000,0.00569660000019212,0.0028038000000378815,354.12646484375,0.25,20,8,8,0,0
ariad,10000,32,0,357,0.0001867541577666998,0.920028125,0.930434375,320000,600000,920000,60.0,1305600000,0.005609299999377981,0.0029237999997349107,354.12646484375,0.25,20,8,8,0,0
ariad,10000,32,0,358,0.0001867473329184577,0.92005,0.930453125,320000,600000,920000,60.0,1305600000,0.005604500000117696,0.0028860999991593417,354.12646484375,0.25,20,8,8,0,0
ariad,10000,32,0,359,0.00018674992315936834,0.920053125,0.9304625,320000,600000,920000,60.0,1305600000,0.005510099999810336,0.002836800000295625,354.12646484375,0.25,20,8,8,0,0
ariad,10000,32,0,360,0.00018675110186450183,0.920071875,0.93046875,320000,600000,920000,60.0,1305600000,0.005449199999929988,0.002752399999735644,354.12646484375,0.25,20,8,8,0,0
ariad,10000,32,0,361,0.0001867426763055846,0.920103125,0.9304875,320000,600000,920000,60.0,1305600000,0.005515799999557203,0.002852599999641825,354.31201171875,0.25,20,8,8,0,0
ariad,10000,32,0,362,0.0001867424143711105,0.92011875,0.93049375,320000,600000,920000,60.0,1305600000,0.0054258000000118045,0.0027672999995047576,354.12646484375,0.25,20,8,8,0,0
ariad,10000,32,0,363,0.00018673886370379478,0.920134375,0.930525,320000,600000,920000,60.0,1305600000,0.005507200000465673,0.0028056999999535037,354.12646484375,0.25,20,8,8,0,0
ariad,10000,32,0,364,0.00018672649457585067,0.920153125,0.930546875,320000,600000,920000,60.0,1305600000,0.005614900000182388,0.0028347000006760936,354.12646484375,0.25,20,8,8,0,0
ariad,10000,32,0,365,0.00018672601436264813,0.920159375,0.93056875,320000,600000,920000,60.0,1305600000,0.005479700000250887,0.002788900000268768,354.12646484375,0.25,20,8,8,0,0
ariad,10000,32,0,366,0.00018672824080567807,0.920175,0.930584375,320000,600000,920000,60.0,1305600000,0.005595599999651313,0.0029117000003680005,354.12646484375,0.25,20,8,8,0,0
ariad,10000,32,0,367,0.00018673131125979125,0.920190625,0.930596875,320000,600000,920000,60.0,1305600000,0.005846899999596644,0.002823099999659462,354.31201171875,0.25,20,8,8,0,0
ariad,10000,32,0,368,0.00018672716396395117,0.9202125,0.9306125,320000,600000,920000,60.0,1305600000,0.005565499999647727,0.0028922999999849708,354.12646484375,0.25,20,8,8,0,0
ariad,10000,32,0,369,0.00018672527221497148,0.920228125,0.93063125,320000,600000,920000,60.0,1305600000,0.005715799999961746,0.0028320999999777996,354.12646484375,0.25,20,8,8,0,0
ariad,10000,32,0,370,0.00018672154692467302,0.920228125,0.9306375,320000,600000,920000,60.0,1305600000,0.005493399999977555,0.0027892000007341267,354.12646484375,0.25,20,8,8,0,0
ariad,10000,32,0,371,0.00018672090664040297,0.920234375,0.930640625,320000,600000,920000,60.0,1305600000,0.005861700000423298,0.0029088000001138425,354.12646484375,0.25,20,8,8,0,0
ariad,10000,32,0,372,0.00018672052829060704,0.920240625,0.93065,320000,600000,920000,60.0,1305600000,0.005579300000135845,0.0028800999998566112,354.12646484375,0.25,20,8,8,0,0
ariad,10000,32,0,373,0.0001867182581918314,0.92025625,0.930665625,320000,600000,920000,60.0,1305600000,0.005548400000407128,0.0028602000002138084,354.31201171875,0.25,20,8,8,0,0
ariad,10000,32,0,374,0.00018671920406632125,0.920271875,0.9307,320000,600000,920000,60.0,1305600000,0.00580790000003617,0.0030600999998569023,354.12646484375,0.25,20,8,8,0,0
ariad,10000,32,0,375,0.0001867186074377969,0.920278125,0.93070625,320000,600000,920000,60.0,1305600000,0.005467200000566663,0.0028222000000823755,354.12646484375,0.25,20,8,8,0,0
ariad,10000,32,0,376,0.00018671834550332278,0.920303125,0.930728125,320000,600000,920000,60.0,1305600000,0.005426399999123532,0.0027810000001409207,354.12646484375,0.25,20,8,8,0,0
ariad,10000,32,0,377,0.00018671735597308725,0.920315625,0.930740625,320000,600000,920000,60.0,1305600000,0.005768699999862292,0.002815700000610377,354.12646484375,0.25,20,8,8,0,0
ariad,10000,32,0,378,0.00018671869474928826,0.920325,0.93076875,320000,600000,920000,60.0,1305600000,0.005551199999899836,0.002871400000003632,354.12646484375,0.25,20,8,8,0,0
ariad,10000,32,0,379,0.00018671136058401316,0.920353125,0.93079375,320000,600000,920000,60.0,1305600000,0.00552739999966434,0.0028215000002091983,354.31201171875,0.25,20,8,8,0,0
ariad,10000,32,0,380,0.0001867072278400883,0.920371875,0.930815625,320000,600000,920000,60.0,1305600000,0.005696899999747984,0.0030116000007183175,354.12646484375,0.25,20,8,8,0,0
ariad,10000,32,0,381,0.00018670725694391876,0.92038125,0.9308375,320000,600000,920000,60.0,1305600000,0.005455200000142213,0.002763599999525468,354.12646484375,0.25,20,8,8,0,0
ariad,10000,32,0,382,0.00018669464043341577,0.92040625,0.930853125,320000,600000,920000,60.0,1305600000,0.005436100000224542,0.002789199999824632,354.12646484375,0.25,20,8,8,0,0
ariad,10000,32,0,383,0.00018669513519853354,0.920409375,0.930859375,320000,600000,920000,60.0,1305600000,0.005420600000434206,0.002786299999570474,354.12646484375,0.25,20,8,8,0,0
ariad,10000,32,0,384,0.00018669218115974218,0.92041875,0.930865625,320000,600000,920000,60.0,1305600000,0.005603699999483069,0.0028758999997080537,354.12646484375,0.25,20,8,8,0,0
ariad,10000,32,0,385,0.0001866914244601503,0.920428125,0.930871875,320000,600000,920000,60.0,1305600000,0.005513699999937671,0.0028123000001869514,354.31201171875,0.25,20,8,8,0,0
ariad,10000,32,0,386,0.00018669442215468735,0.92043125,0.930884375,320000,600000,920000,60.0,1305600000,0.005446799999845098,0.002741999999670952,354.12646484375,0.25,20,8,8,0,0
ariad,10000,32,0,387,0.00018669497512746602,0.920434375,0.930884375,320000,600000,920000,60.0,1305600000,0.0056486000003133086,0.0029369000003498513,354.12646484375,0.25,20,8,8,0,0
ariad,10000,32,0,388,0.00018669458222575486,0.920434375,0.93089375,320000,600000,920000,60.0,1305600000,0.005472300000292307,0.0027649000003293622,354.12646484375,0.25,20,8,8,0,0
ariad,10000,32,0,389,0.00018669151177164167,0.92044375,0.9309125,320000,600000,920000,60.0,1305600000,0.006297700000686746,0.0027518000006239163,354.12646484375,0.25,20,8,8,0,0
ariad,10000,32,0,390,0.00018668953271117061,0.92045,0.93091875,320000,600000,920000,60.0,1305600000,0.005492999999660242,0.002789199999824632,354.12646484375,0.25,20,8,8,0,0
ariad,10000,32,0,391,0.00018668960547074676,0.92044375,0.930921875,320000,600000,920000,60.0,1305600000,0.00548620000063238,0.0028161000000181957,354.31201171875,0.25,20,8,8,0,0
ariad,10000,32,0,392,0.00018668951815925539,0.92044375,0.930928125,320000,600000,920000,60.0,1305600000,0.005434600000626233,0.0027349000001777313,354.12646484375,0.25,20,8,8,0,0
ariad,10000,32,0,393,0.00018668889242690057,0.920453125,0.93094375,320000,600000,920000,60.0,1305600000,0.005558999999266234,0.0027943000004597707,354.12646484375,0.25,20,8,8,0,0
ariad,10000,32,0,394,0.00018668815027922392,0.920465625,0.930959375,320000,600000,920000,60.0,1305600000,0.005506900000000314,0.002799000000777596,354.12646484375,0.25,20,8,8,0,0
ariad,10000,32,0,395,0.00018668867414817214,0.920471875,0.930965625,320000,600000,920000,60.0,1305600000,0.005566900000303576,0.0028805000001739245,354.12646484375,0.25,20,8,8,0,0
ariad,10000,32,0,396,0.00018668756820261478,0.9204875,0.930990625,320000,600000,920000,60.0,1305600000,0.005600299999969138,0.002888099999836413,354.12646484375,0.25,20,8,8,0,0
ariad,10000,32,0,397,0.00018668686971068382,0.920490625,0.931,320000,600000,920000,60.0,1305600000,0.005597700000180339,0.0028872000002593268,354.31201171875,0.25,20,8,8,0,0
ariad,10000,32,0,398,0.0001866867096396163,0.92049375,0.931,320000,600000,920000,60.0,1305600000,0.00543779999952676,0.0027830000008179923,354.12646484375,0.25,20,8,8,0,0
ariad,10000,32,0,399,0.00018668375560082495,0.920509375,0.9310125,320000,600000,920000,60.0,1305600000,0.005626799999845389,0.0029172000004109577,354.12646484375,0.25,20,8,8,0,0
ariad,10000,32,0,400,0.00018667892436496913,0.920525,0.931025,320000,600000,920000,60.0,1305600000,0.005520800000340387,0.0028308000000834,354.12646484375,0.25,20,8,8,0,0
ariad,10000,32,0,401,0.00018667739641387016,0.920525,0.93103125,320000,600000,920000,60.0,1305600000,0.005647099999805505,0.002753800000391493,354.12646484375,0.25,20,8,8,0,0
ariad,10000,32,0,402,0.0001866771053755656,0.920528125,0.9310375,320000,600000,920000,60.0,1305600000,0.005586299999777111,0.0028865000003861496,354.12646484375,0.25,20,8,8,0,0
ariad,10000,32,0,403,0.0001866774691734463,0.92053125,0.9310375,320000,600000,920000,60.0,1305600000,0.005583099999967089,0.002753899999333953,354.31201171875,0.25,20,8,8,0,0
ariad,10000,32,0,404,0.0001866772654466331,0.920534375,0.931046875,320000,600000,920000,60.0,1305600000,0.005486900000505557,0.002757000000201515,354.12646484375,0.25,20,8,8,0,0
ariad,10000,32,0,405,0.00018667653785087168,0.92054375,0.9310625,320000,600000,920000,60.0,1305600000,0.0056215999993582955,0.0028787999999622116,354.12646484375,0.25,20,8,8,0,0
ariad,10000,32,0,406,0.00018667668337002397,0.920553125,0.93106875,320000,600000,920000,60.0,1305600000,0.005488199999490462,0.0028216999999131076,354.12646484375,0.25,20,8,8,0,0
ariad,10000,32,0,407,0.00018667778931558132,0.920559375,0.931075,320000,600000,920000,60.0,1305600000,0.005465899999762769,0.0027860999998665648,354.12646484375,0.25,20,8,8,0,0
ariad,10000,32,0,408,0.000186678851605393,0.920559375,0.9310625,320000,600000,920000,60.0,1305600000,0.005509300000085204,0.002831700000569981,354.12646484375,0.25,20,8,8,0,0
ariad,10000,32,0,409,0.00018667831318452954,0.920565625,0.93106875,320000,600000,920000,60.0,1305600000,0.00548849999995582,0.0028044999999110587,354.31201171875,0.25,20,8,8,0,0
ariad,10000,32,0,410,0.00018667707627173513,0.920571875,0.93106875,320000,600000,920000,60.0,1305600000,0.006447999999181775,0.003767399999560439,354.12646484375,0.25,20,8,8,0,0
ariad,10000,32,0,411,0.00018667569383978844,0.920584375,0.9310875,320000,600000,920000,60.0,1305600000,0.00556109999979526,0.0028642999996009166,354.12646484375,0.25,20,8,8,0,0
ariad,10000,32,0,412,0.00018666968389879912,0.920590625,0.931090625,320000,600000,920000,60.0,1305600000,0.0055477000005339505,0.002898300000197196,354.12646484375,0.25,20,8,8,0,0
ariad,10000,32,0,413,0.0001866689563030377,0.92059375,0.931096875,320000,600000,920000,60.0,1305600000,0.005466999999953259,0.0027970000001005246,354.12646484375,0.25,20,8,8,0,0
ariad,10000,32,0,414,0.00018666770483832806,0.920609375,0.93111875,320000,600000,920000,60.0,1305600000,0.0061052000000927364,0.0028060999993613223,354.12646484375,0.25,20,8,8,0,0
ariad,10000,32,0,415,0.0001866700331447646,0.92061875,0.93111875,320000,600000,920000,60.0,1305600000,0.005564600000070641,0.002866599999833852,354.31201171875,0.25,20,8,8,0,0
ariad,10000,32,0,416,0.00018667166295927018,0.920628125,0.93113125,320000,600000,920000,60.0,1305600000,0.005522299999938696,0.002835100000083912,354.12646484375,0.25,20,8,8,0,0
ariad,10000,32,0,417,0.0001866712118498981,0.9206375,0.931140625,320000,600000,920000,60.0,1305600000,0.005557799999223789,0.0028769000000465894,354.12646484375,0.25,20,8,8,0,0
ariad,10000,32,0,418,0.00018666923278942704,0.92064375,0.93115,320000,600000,920000,60.0,1305600000,0.00554069999998319,0.002867299999707029,354.12646484375,0.25,20,8,8,0,0
ariad,10000,32,0,419,0.00018666894175112247,0.92064375,0.93115625,320000,600000,920000,60.0,1305600000,0.005417399999714689,0.0027583000000959146,354.12646484375,0.25,20,8,8,0,0
ariad,10000,32,0,420,0.00018667014956008643,0.92065,0.931165625,320000,600000,920000,60.0,1305600000,0.005479200000081619,0.0028072000004613074,354.12646484375,0.25,20,8,8,0,0
ariad,10000,32,0,421,0.00018667006224859506,0.92065625,0.931171875,320000,600000,920000,60.0,1305600000,0.005547299999307143,0.002861099999790895,354.31201171875,0.25,20,8,8,0,0
ariad,10000,32,0,422,0.00018667089170776308,0.9206625,0.9311625,320000,600000,920000,60.0,1305600000,0.005515200000445475,0.0028030999992552097,354.12646484375,0.25,20,8,8,0,0
ariad,10000,32,0,423,0.00018666901451069862,0.92066875,0.931171875,320000,600000,920000,60.0,1305600000,0.005555099999583035,0.002837099999851489,354.12646484375,0.25,20,8,8,0,0
ariad,10000,32,0,424,0.00018666776304598898,0.920675,0.931175,320000,600000,920000,60.0,1305600000,0.005572299999585084,0.002891799999815703,354.12646484375,0.25,20,8,8,0,0
ariad,10000,32,0,425,0.00018666651158127934,0.92068125,0.931184375,320000,600000,920000,60.0,1305600000,0.0055656999993516365,0.002857699999367469,354.12646484375,0.25,20,8,8,0,0
ariad,10000,32,0,426,0.00018666652613319457,0.920703125,0.93120625,320000,600000,920000,60.0,1305600000,0.005479699999341392,0.0027991999995720107,354.12646484375,0.25,20,8,8,0,0
ariad,10000,32,0,427,0.000186662538908422,0.920703125,0.9312125,320000,600000,920000,60.0,1305600000,0.005553100000724953,0.0028642000006584567,354.31201171875,0.25,20,8,8,0,0
ariad,10000,32,0,428,0.0001866633101599291,0.920715625,0.931215625,320000,600000,920000,60.0,1305600000,0.0054945000001680455,0.002798399999846879,354.12646484375,0.25,20,8,8,0,0
ariad,10000,32,0,429,0.00018666154937818646,0.920721875,0.931221875,320000,600000,920000,60.0,1305600000,0.005496800000400981,0.0028072000004613074,354.12646484375,0.25,20,8,8,0,0
ariad,10000,32,0,430,0.00018666003597900271,0.920728125,0.9312375,320000,600000,920000,60.0,1305600000,0.005488100000548002,0.002799099999720056,354.12646484375,0.25,20,8,8,0,0
ariad,10000,32,0,431,0.00018665178504306823,0.920740625,0.931240625,320000,600000,920000,60.0,1305600000,0.00546920000033424,0.0028188000005684444,354.12646484375,0.25,20,8,8,0,0
ariad,10000,32,0,432,0.0001866490492830053,0.920753125,0.93125625,320000,600000,920000,60.0,1305600000,0.005591600000116159,0.00279930000033346,354.12646484375,0.25,20,8,8,0,0
ariad,10000,32,0,433,0.0001866467937361449,0.9207625,0.931265625,320000,600000,920000,60.0,1305600000,0.0054974000004222034,0.0028013999999529915,354.31201171875,0.25,20,8,8,0,0
ariad,10000,32,0,434,0.00018664707022253424,0.92076875,0.93126875,320000,600000,920000,60.0,1305600000,0.005790600000182167,0.0030665999993289006,354.12646484375,0.25,20,8,8,0,0
ariad,10000,32,0,435,0.0001866479724412784,0.920771875,0.931278125,320000,600000,920000,60.0,1305600000,0.005503800000042247,0.002776600000288454,354.12646484375,0.25,20,8,8,0,0
ariad,10000,32,0,436,0.00018664727394934744,0.920778125,0.931284375,320000,600000,920000,60.0,1305600000,0.00541350000003149,0.002772499999991851,354.12646484375,0.25,20,8,8,0,0
ariad,10000,32,0,437,0.00018664717208594084,0.920775,0.931290625,320000,600000,920000,60.0,1305600000,0.005459299999529321,0.00280179999936081,354.12646484375,0.25,20,8,8,0,0
ariad,10000,32,0,438,0.0001866490492830053,0.9207875,0.9313,320000,600000,920000,60.0,1305600000,0.005479800000102841,0.002797199999804434,354.12646484375,0.25,20,8,8,0,0
ariad,10000,32,0,439,0.0001866484817583114,0.92079375,0.93130625,320000,600000,920000,60.0,1305600000,0.005509800000254472,0.0028328999997029314,354.31201171875,0.25,20,8,8,0,0
ariad,10000,32,0,440,0.00018664939852897078,0.92079375,0.931309375,320000,600000,920000,60.0,1305600000,0.005469300000186195,0.002795000000332948,354.12646484375,0.25,20,8,8,0,0
ariad,10000,32,0,441,0.00018664990784600377,0.920796875,0.931315625,320000,600000,920000,60.0,1305600000,0.005697600000530656,0.0027929000007134164,354.12646484375,0.25,20,8,8,0,0
ariad,10000,32,0,442,0.00018664967501536012,0.9208,0.93131875,320000,600000,920000,60.0,1305600000,0.005558300000302552,0.0028311999994912185,354.12646484375,0.25,20,8,8,0,0
ariad,10000,32,0,443,0.00018665035895537585,0.9208125,0.931328125,320000,600000,920000,60.0,1305600000,0.0055992999996306025,0.002840199999809556,354.12646484375,0.25,20,8,8,0,0
ariad,10000,32,0,444,0.000186649413080886,0.920815625,0.93133125,320000,600000,920000,60.0,1305600000,0.005837799999426352,0.003065500000047905,354.12646484375,0.25,20,8,8,0,0
ariad,10000,32,0,445,0.00018664944218471646,0.92081875,0.93133125,320000,600000,920000,60.0,1305600000,0.007129800000257092,0.004446699999789416,354.31201171875,0.25,20,8,8,0,0
ariad,10000,32,0,446,0.0001866490492830053,0.920821875,0.931334375,320000,600000,920000,60.0,1305600000,0.0056783999998515355,0.0029511000002457877,354.12646484375,0.25,20,8,8,0,0
ariad,10000,32,0,447,0.00018665025709196925,0.920828125,0.931334375,320000,600000,920000,60.0,1305600000,0.005554399999709858,0.002845600000000559,354.12646484375,0.25,20,8,8,0,0
ariad,10000,32,0,448,0.00018664977687876672,0.920828125,0.93133125,320000,600000,920000,60.0,1305600000,0.005627200000162702,0.0028413000000000466,354.12646484375,0.25,20,8,8,0,0
ariad,10000,32,0,449,0.00018665098468773067,0.920834375,0.931334375,320000,600000,920000,60.0,1305600000,0.005523199999515782,0.0028176000005259993,354.12646484375,0.25,20,8,8,0,0
ariad,10000,32,0,450,0.00018665126117412,0.920840625,0.931340625,320000,600000,920000,60.0,1305600000,0.005501699999513221,0.0028031000001647044,354.12646484375,0.25,20,8,8,0,0
ariad,10000,32,0,451,0.0001866487436927855,0.92084375,0.93134375,320000,600000,920000,60.0,1305600000,0.0055007999999361346,0.0028055999991920544,354.31201171875,0.25,20,8,8,0,0
ariad,10000,32,0,452,0.00018665261450223625,0.9208375,0.93135,320000,600000,920000,60.0,1305600000,0.0054722999993828125,0.0028083999995942577,354.12646484375,0.25,20,8,8,0,0
ariad,10000,32,0,453,0.00018665332754608244,0.920834375,0.931346875,320000,600000,920000,60.0,1305600000,0.005505099999936647,0.0028107999996791477,354.12646484375,0.25,20,8,8,0,0
ariad,10000,32,0,454,0.0001866535167209804,0.9208375,0.93135,320000,600000,920000,60.0,1305600000,0.005480599999827973,0.002820400000018708,354.12646484375,0.25,20,8,8,0,0
ariad,10000,32,0,455,0.00018665257084649056,0.920840625,0.931353125,320000,600000,920000,60.0,1305600000,0.00557459999981802,0.0028783000007024384,354.12646484375,0.25,20,8,8,0,0
ariad,10000,32,0,456,0.00018665242532733828,0.920840625,0.931365625,320000,600000,920000,60.0,1305600000,0.005501700000422716,0.0028215000002091983,354.12646484375,0.25,20,8,8,0,0
ariad,10000,32,0,457,0.00018665220704860985,0.92084375,0.93136875,320000,600000,920000,60.0,1305600000,0.005503299999872979,0.0028115000004618196,354.31201171875,0.25,20,8,8,0,0
ariad,10000,32,0,458,0.00018665168317966163,0.92084375,0.931371875,320000,600000,920000,60.0,1305600000,0.005434599999716738,0.0027440999992904835,354.12646484375,0.25,20,8,8,0,0
ariad,10000,32,0,459,0.00018665172683540732,0.92084375,0.931378125,320000,600000,920000,60.0,1305600000,0.005457799999931012,0.002796100000523438,354.12646484375,0.25,20,8,8,0,0
ariad,10000,32,0,460,0.0001866538659669459,0.92084375,0.93138125,320000,600000,920000,60.0,1305600000,0.0055216000000655185,0.002872899999601941,354.12646484375,0.25,20,8,8,0,0
ariad,10000,32,0,461,0.00018665131938178092,0.92084375,0.931378125,320000,600000,920000,60.0,1305600000,0.005512400000043272,0.002842900000359805,354.12646484375,0.25,20,8,8,0,0
ariad,10000,32,0,462,0.00018665102834347636,0.92084375,0.931378125,320000,600000,920000,60.0,1305600000,0.005508500000360073,0.0028179000000818633,354.12646484375,0.25,20,8,8,0,0
ariad,10000,32,0,463,0.00018664781237021089,0.92085,0.93139375,320000,600000,920000,60.0,1305600000,0.005569300000388466,0.002867799999876297,354.31201171875,0.25,20,8,8,0,0
ariad,10000,32,0,464,0.00018664688104763627,0.920853125,0.931396875,320000,600000,920000,60.0,1305600000,0.005831200000102399,0.002895100000387174,354.12646484375,0.25,20,8,8,0,0
ariad,10000,32,0,465,0.0001866455568233505,0.920859375,0.9314,320000,600000,920000,60.0,1305600000,0.005468299999847659,0.0028173999999125954,354.12646484375,0.25,20,8,8,0,0
ariad,10000,32,0,466,0.00018664948584046215,0.92085625,0.9314,320000,600000,920000,60.0,1305600000,0.005447200000162411,0.002771299999949406,354.12646484375,0.25,20,8,8,0,0
ariad,10000,32,0,467,0.00018665246898308396,0.92085625,0.931403125,320000,600000,920000,60.0,1305600000,0.005633200000374927,0.0027982000001429697,354.12646484375,0.25,20,8,8,0,0
ariad,10000,32,0,468,0.00018665814423002303,0.9208625,0.9314125,320000,600000,920000,60.0,1305600000,0.00568459999976767,0.0028086000002076617,354.12646484375,0.25,20,8,8,0,0
ariad,10000,32,0,469,0.00018666412506718189,0.920865625,0.9314125,320000,600000,920000,60.0,1305600000,0.005393899999944551,0.002748099999735132,354.31201171875,0.25,20,8,8,0,0
ariad,10000,32,0,470,0.00018666837422642857,0.92086875,0.9314125,320000,600000,920000,60.0,1305600000,0.005536499999834632,0.0028603999999177177,354.12646484375,0.25,20,8,8,0,0
ariad,10000,32,0,471,0.0001866683451225981,0.920875,0.93141875,320000,600000,920000,60.0,1305600000,0.005496300000231713,0.0027689999997164705,354.12646484375,0.25,20,8,8,0,0
ariad,10000,32,0,472,0.0001866587408585474,0.920878125,0.931428125,320000,600000,920000,60.0,1305600000,0.0055058999996617786,0.0028135000002293964,354.12646484375,0.25,20,8,8,0,0
ariad,10000,32,0,473,0.00018664840899873525,0.920878125,0.931415625,320000,600000,920000,60.0,1305600000,0.005500500000380271,0.0028689000000667875,354.12646484375,0.25,20,8,8,0,0
ariad,10000,32,0,474,0.0001866473612608388,0.920884375,0.931428125,320000,600000,920000,60.0,1305600000,0.005550899999434478,0.002847900000233494,354.12646484375,0.25,20,8,8,0,0
ariad,10000,32,0,475,0.0001866542297648266,0.920884375,0.931428125,320000,600000,920000,60.0,1305600000,0.005723199999920325,0.0029683000002478366,354.31201171875,0.25,20,8,8,0,0
ariad,10000,32,0,476,0.00018665868265088648,0.92088125,0.931428125,320000,600000,920000,60.0,1305600000,0.005504100000507606,0.0028316999996604864,354.12646484375,0.25,20,8,8,0,0
ariad,10000,32,0,477,0.00018665466632228345,0.92088125,0.931428125,320000,600000,920000,60.0,1305600000,0.005715600000257837,0.0027798999999504304,354.12646484375,0.25,20,8,8,0,0
ariad,10000,32,0,478,0.00018664731760509312,0.9208875,0.931434375,320000,600000,920000,60.0,1305600000,0.005572600000050443,0.0027592999995249556,354.12646484375,0.25,20,8,8,0,0
ariad,10000,32,0,479,0.00018664462550077587,0.9208875,0.9314375,320000,600000,920000,60.0,1305600000,0.005571300000156043,0.002855499999895983,354.12646484375,0.25,20,8,8,0,0
ariad,10000,32,0,480,0.0001866449019871652,0.920896875,0.931446875,320000,600000,920000,60.0,1305600000,0.00557929999922635,0.0028943999996045022,354.12646484375,0.25,20,8,8,0,0
ariad,10000,32,0,481,0.0001866490492830053,0.920890625,0.93145,320000,600000,920000,60.0,1305600000,0.005477100000462087,0.00280659999953059,354.31201171875,0.25,20,8,8,0,0
ariad,10000,32,0,482,0.0001866486418293789,0.920896875,0.93145625,320000,600000,920000,60.0,1305600000,0.00541590000011638,0.002777899999273359,354.12646484375,0.25,20,8,8,0,0
ariad,10000,32,0,483,0.0001866418751887977,0.920903125,0.9314625,320000,600000,920000,60.0,1305600000,0.005763300000580784,0.0028519999996206025,354.12646484375,0.25,20,8,8,0,0
ariad,10000,32,0,484,0.00018664008530322462,0.92090625,0.9314625,320000,600000,920000,60.0,1305600000,0.005527799999981653,0.0028794999998353887,354.12646484375,0.25,20,8,8,0,0
ariad,10000,32,0,485,0.00018664306844584644,0.920909375,0.93146875,320000,600000,920000,60.0,1305600000,0.00586959999964165,0.003091699999458797,354.12646484375,0.25,20,8,8,0,0
ariad,10000,32,0,486,0.0001866464881459251,0.920909375,0.93146875,320000,600000,920000,60.0,1305600000,0.005483400000230176,0.0027920000002268353,354.12646484375,0.25,20,8,8,0,0
ariad,10000,32,0,487,0.0001866472011897713,0.920909375,0.931475,320000,600000,920000,60.0,1305600000,0.005836500000441447,0.00280659999953059,354.31201171875,0.25,20,8,8,0,0
ariad,10000,32,0,488,0.00018664426170289516,0.9209125,0.931478125,320000,600000,920000,60.0,1305600000,0.005590899999333487,0.0028803000004700152,354.12646484375,0.25,20,8,8,0,0
ariad,10000,32,0,489,0.00018664388335309923,0.9209125,0.931471875,320000,600000,920000,60.0,1305600000,0.005572699999902397,0.002895900000112306,354.12646484375,0.25,20,8,8,0,0
ariad,10000,32,0,490,0.0001866456150310114,0.920915625,0.931475,320000,600000,920000,60.0,1305600000,0.005756900000051246,0.0028928000001542387,354.12646484375,0.25,20,8,8,0,0
ariad,10000,32,0,491,0.0001866445381892845,0.920921875,0.931471875,320000,600000,920000,60.0,1305600000,0.005493399999977555,0.002797199999804434,354.12646484375,0.25,20,8,8,0,0
ariad,10000,32,0,492,0.0001866455568233505,0.920921875,0.931478125,320000,600000,920000,60.0,1305600000,0.006116000000474742,0.003044699999918521,354.12646484375,0.25,20,8,8,0,0
ariad,10000,32,0,493,0.00018664475646801293,0.92091875,0.931478125,320000,600000,920000,60.0,1305600000,0.0055474999999205465,0.0027646999997159583,354.31201171875,0.25,20,8,8,0,0
ariad,10000,32,0,494,0.00018664471281226724,0.920921875,0.931490625,320000,600000,920000,60.0,1305600000,0.0058622999995350256,0.0030733999992662575,354.12646484375,0.25,20,8,8,0,0
ariad,10000,32,0,495,0.00018664560047909617,0.920921875,0.93149375,320000,600000,920000,60.0,1305600000,0.0056343999995078775,0.002789199999824632,354.12646484375,0.25,20,8,8,0,0
ariad,10000,32,0,496,0.00018664619710762054,0.920921875,0.931490625,320000,600000,920000,60.0,1305600000,0.005493900000146823,0.0027911999995922088,354.12646484375,0.25,20,8,8,0,0
ariad,10000,32,0,497,0.00018664567323867232,0.920928125,0.931503125,320000,600000,920000,60.0,1305600000,0.0055257000003621215,0.002828600000611914,354.12646484375,0.25,20,8,8,0,0
ariad,10000,32,0,498,0.00018664590606931597,0.920928125,0.931503125,320000,600000,920000,60.0,1305600000,0.005551199999899836,0.002847499999916181,354.12646484375,0.25,20,8,8,0,0
ariad,10000,32,0,499,0.00018664707022253424,0.920928125,0.9315,320000,600000,920000,60.0,1305600000,0.005708300000151212,0.0029303000001164037,354.31201171875,0.25,20,8,8,0,0
ariad,10000,32,0,500,0.00018664773961063474,0.9209375,0.9315,320000,600000,920000,60.0,1305600000,0.00552719999996043,0.002809000000524975,354.12646484375,0.25,20,8,8,0,0
ariad,10000,32,0,1,0.21338512003421783,0.0076875,0.00804375,320000,880000,1200000,88.0,1341440000,0.006076300000131596,0.0032942999996521394,354.18701171875,0.5,40,16,16,0,0
ariad,10000,32,0,2,0.17737506330013275,0.012771875,0.015878125,320000,880000,1200000,88.0,1341440000,0.006469999999353604,0.0034703999999692314,354.12646484375,0.5,40,16,16,0,0
ariad,10000,32,0,3,0.15968243777751923,0.0181125,0.02760625,320000,880000,1200000,88.0,1341440000,0.009931800000231306,0.0034009000000878586,354.12646484375,0.5,40,16,16,0,0
ariad,10000,32,0,4,0.14817826449871063,0.023634375,0.043128125,320000,880000,1200000,88.0,1341440000,0.006291300000157207,0.003499999999803549,354.31201171875,0.5,40,16,16,0,0
ariad,10000,32,0,5,0.139994278550148,0.029459375,0.06301875,320000,880000,1200000,88.0,1341440000,0.006257000000005064,0.0034842000004573492,354.12646484375,0.5,40,16,16,0,0
ariad,10000,32,0,6,0.13393890857696533,0.034759375,0.08553125,320000,880000,1200000,88.0,1341440000,0.006185100000038801,0.00343929999962711,354.12646484375,0.5,40,16,16,0,0
ariad,10000,32,0,7,0.1293797343969345,0.03999375,0.111190625,320000,880000,1200000,88.0,1341440000,0.0060282999993432895,0.0032736000002842047,354.31201171875,0.5,40,16,16,0,0
ariad,10000,32,0,8,0.12605422735214233,0.044934375,0.139253125,320000,880000,1200000,88.0,1341440000,0.0063476000004811794,0.0033788999999160296,354.12646484375,0.5,40,16,16,0,0
ariad,10000,32,0,9,0.12342150509357452,0.0491625,0.16951875,320000,880000,1200000,88.0,1341440000,0.006104099999902246,0.0033453000005465583,354.12646484375,0.5,40,16,16,0,0
ariad,10000,32,0,10,0.12130703777074814,0.05309375,0.201959375,320000,880000,1200000,88.0,1341440000,0.007813500000338536,0.005037199999605946,354.12646484375,0.5,40,16,16,0,0
ariad,10000,32,0,11,0.11953296512365341,0.056796875,0.234528125,320000,880000,1200000,88.0,1341440000,0.006452599999647646,0.0034681999995882506,354.12646484375,0.5,40,16,16,0,0
ariad,10000,32,0,12,0.11796382814645767,0.0601125,0.26939375,320000,880000,1200000,88.0,1341440000,0.0062099000006128335,0.0034174999991591903,354.12646484375,0.5,40,16,16,0,0
ariad,10000,32,0,13,0.11657407134771347,0.063065625,0.303971875,320000,880000,1200000,88.0,1341440000,0.006235900000319816,0.003420800000640156,354.31201171875,0.5,40,16,16,0,0
ariad,10000,32,0,14,0.11535585671663284,0.06576875,0.338059375,320000,880000,1200000,88.0,1341440000,0.006145700000161014,0.0032681000002412475,354.12646484375,0.5,40,16,16,0,0
ariad,10000,32,0,15,0.11433302611112595,0.068128125,0.371134375,320000,880000,1200000,88.0,1341440000,0.006360100000165403,0.003429800000048999,354.12646484375,0.5,40,16,16,0,0
ariad,10000,32,0,16,0.1134539544582367,0.070459375,0.40275,320000,880000,1200000,88.0,1341440000,0.006170699999529461,0.0032818000008774106,354.12646484375,0.5,40,16,16,0,0
ariad,10000,32,0,17,0.1127321720123291,0.07235,0.43314375,320000,880000,1200000,88.0,1341440000,0.00636320000012347,0.00332310000067082,354.12646484375,0.5,40,16,16,0,0
ariad,10000,32,0,18,0.11210200190544128,0.07415625,0.462459375,320000,880000,1200000,88.0,1341440000,0.006354000000101223,0.0033304999997199047,354.12646484375,0.5,40,16,16,0,0
ariad,10000,32,0,19,0.1115649864077568,0.075996875,0.488865625,320000,880000,1200000,88.0,1341440000,0.00640320000002248,0.003399100000024191,354.31201171875,0.5,40,16,16,0,0
ariad,10000,32,0,20,0.11108314990997314,0.07780625,0.514196875,320000,880000,1200000,88.0,1341440000,0.00636320000012347,0.003420699999878707,354.12646484375,0.5,40,16,16,0,0
ariad,10000,32,0,21,0.11068400740623474,0.0796375,0.5378,320000,880000,1200000,88.0,1341440000,0.006677299999864772,0.0036098000000492902,354.12646484375,0.5,40,16,16,0,0
ariad,10000,32,0,22,0.11029431223869324,0.0816625,0.559665625,320000,880000,1200000,88.0,1341440000,0.006762299999536481,0.0035175000002709567,354.12646484375,0.5,40,16,16,0,0
ariad,10000,32,0,23,0.1099812462925911,0.08393125,0.580375,320000,880000,1200000,88.0,1341440000,0.006390700000338256,0.0033895999995365855,354.12646484375,0.5,40,16,16,0,0
ariad,10000,32,0,24,0.1096387431025505,0.086065625,0.59893125,320000,880000,1200000,88.0,1341440000,0.0064806999998836545,0.003441200000452227,354.12646484375,0.5,40,16,16,0,0
ariad,10000,32,0,25,0.10931632667779922,0.088496875,0.61651875,320000,880000,1200000,88.0,1341440000,0.006439699999646109,0.0034429999996064,354.31201171875,0.5,40,16,16,0,0
ariad,10000,32,0,26,0.10899028182029724,0.09129375,0.631728125,320000,880000,1200000,88.0,1341440000,0.006247799999982817,0.0032632000002195127,354.12646484375,0.5,40,16,16,0,0
ariad,10000,32,0,27,0.10869348794221878,0.094390625,0.646025,320000,880000,1200000,88.0,1341440000,0.0066817000006267335,0.003647100000307546,354.12646484375,0.5,40,16,16,0,0
ariad,10000,32,0,28,0.10839459300041199,0.097959375,0.6585125,320000,880000,1200000,88.0,1341440000,0.006297999999333115,0.003321400000459107,354.12646484375,0.5,40,16,16,0,0
ariad,10000,32,0,29,0.1080952137708664,0.101865625,0.668865625,320000,880000,1200000,88.0,1341440000,0.006467500000326254,0.003504399999656016,354.12646484375,0.5,40,16,16,0,0
ariad,10000,32,0,30,0.10778935253620148,0.1061875,0.677415625,320000,880000,1200000,88.0,1341440000,0.006617699999878823,0.0034433000000717584,354.12646484375,0.5,40,16,16,0,0
ariad,10000,32,0,31,0.10747665911912918,0.110940625,0.68343125,320000,880000,1200000,88.0,1341440000,0.006539699999848381,0.003448200000093493,354.31201171875,0.5,40,16,16,0,0
ariad,10000,32,0,32,0.10712869465351105,0.116196875,0.687421875,320000,880000,1200000,88.0,1341440000,0.006284399999458401,0.003235500000300817,354.12646484375,0.5,40,16,16,0,0
ariad,10000,32,0,33,0.10675475746393204,0.12221875,0.689709375,320000,880000,1200000,88.0,1341440000,0.006431700000575802,0.0033685999997032923,354.12646484375,0.5,40,16,16,0,0
ariad,10000,32,0,34,0.10639103502035141,0.128659375,0.6902,320000,880000,1200000,88.0,1341440000,0.006449900000006892,0.0033559000003151596,354.12646484375,0.5,40,16,16,0,0
ariad,10000,32,0,35,0.10597667843103409,0.136178125,0.6887375,320000,880000,1200000,88.0,1341440000,0.006352200000037556,0.0033174000000144588,354.12646484375,0.5,40,16,16,0,0
ariad,10000,32,0,36,0.10549376159906387,0.1445875,0.68539375,320000,880000,1200000,88.0,1341440000,0.006508699999358214,0.0034795999999914784,354.12646484375,0.5,40,16,16,0,0
ariad,10000,32,0,37,0.10497106611728668,0.154271875,0.680684375,320000,880000,1200000,88.0,1341440000,0.0069254000000000815,0.003877699999975448,354.31201171875,0.5,40,16,16,0,0
ariad,10000,32,0,38,0.10436572879552841,0.165434375,0.67481875,320000,880000,1200000,88.0,1341440000,0.006363000000419561,0.003327499999613792,354.12646484375,0.5,40,16,16,0,0
ariad,10000,32,0,39,0.10369755327701569,0.17805625,0.6683375,320000,880000,1200000,88.0,1341440000,0.006407500000022992,0.0033512999998492887,354.12646484375,0.5,40,16,16,0,0
ariad,10000,32,0,40,0.10294289141893387,0.191925,0.660903125,320000,880000,1200000,88.0,1341440000,0.006440699999984645,0.003371300000253541,354.12646484375,0.5,40,16,16,0,0
ariad,10000,32,0,41,0.10207738727331161,0.207665625,0.654146875,320000,880000,1200000,88.0,1341440000,0.006480199999714387,0.0034055999994961894,354.12646484375,0.5,40,16,16,0,0
ariad,10000,32,0,42,0.10103560984134674,0.225159375,0.6481125,320000,880000,1200000,88.0,1341440000,0.0063251000001400826,0.0033215999992535217,354.12646484375,0.5,40,16,16,0,0
ariad,10000,32,0,43,0.0998610109090805,0.244475,0.64310625,320000,880000,1200000,88.0,1341440000,0.006452000000535918,0.003428900000471913,354.31201171875,0.5,40,16,16,0,0
ariad,10000,32,0,44,0.09851440787315369,0.2658625,0.641034375,320000,880000,1200000,88.0,1341440000,0.006403500000487838,0.003340100000059465,354.12646484375,0.5,40,16,16,0,0
ariad,10000,32,0,45,0.09694258868694305,0.28946875,0.641334375,320000,880000,1200000,88.0,1341440000,0.006372300000293762,0.003367700000126206,354.12646484375,0.5,40,16,16,0,0
ariad,10000,32,0,46,0.09517692774534225,0.313909375,0.6426125,320000,880000,1200000,88.0,1341440000,0.006225500000255124,0.003313299999717856,354.12646484375,0.5,40,16,16,0,0
ariad,10000,32,0,47,0.09319603443145752,0.3389375,0.64674375,320000,880000,1200000,88.0,1341440000,0.00617080000029091,0.003276700000242272,354.12646484375,0.5,40,16,16,0,0
ariad,10000,32,0,48,0.09097737818956375,0.364628125,0.653934375,320000,880000,1200000,88.0,1341440000,0.006228899999769055,0.0033309999998891726,354.12646484375,0.5,40,16,16,0,0
ariad,10000,32,0,49,0.0884983241558075,0.390196875,0.66296875,320000,880000,1200000,88.0,1341440000,0.0062733000004300266,0.003435900000113179,354.31201171875,0.5,40,16,16,0,0
ariad,10000,32,0,50,0.08570480346679688,0.415096875,0.672978125,320000,880000,1200000,88.0,1341440000,0.006486799999947834,0.0036024999999426655,354.12646484375,0.5,40,16,16,0,0
ariad,10000,32,0,51,0.08267462998628616,0.4396375,0.683953125,320000,880000,1200000,88.0,1341440000,0.006036100000528677,0.003267000000050757,354.12646484375,0.5,40,16,16,0,0
ariad,10000,32,0,52,0.07940226793289185,0.462128125,0.695640625,320000,880000,1200000,88.0,1341440000,0.006130799999482406,0.0033118999999715015,354.12646484375,0.5,40,16,16,0,0
ariad,10000,32,0,53,0.07591679692268372,0.483671875,0.707375,320000,880000,1200000,88.0,1341440000,0.006247699999221368,0.0034580999999889173,354.12646484375,0.5,40,16,16,0,0
ariad,10000,32,0,54,0.07221994549036026,0.50333125,0.718278125,320000,880000,1200000,88.0,1341440000,0.0062152999998943415,0.00340299999970739,354.12646484375,0.5,40,16,16,0,0
ariad,10000,32,0,55,0.0683496966958046,0.52035625,0.7290375,320000,880000,1200000,88.0,1341440000,0.006126399999629939,0.003359700000146404,354.31201171875,0.5,40,16,16,0,0
ariad,10000,32,0,56,0.06443813443183899,0.536065625,0.739546875,320000,880000,1200000,88.0,1341440000,0.0061668999996982166,0.003351400000610738,354.12646484375,0.5,40,16,16,0,0
ariad,10000,32,0,57,0.0604490265250206,0.55035,0.749309375,320000,880000,1200000,88.0,1341440000,0.006056199999875389,0.003261200000451936,354.12646484375,0.5,40,16,16,0,0
ariad,10000,32,0,58,0.05646911635994911,0.562990625,0.75821875,320000,880000,1200000,88.0,1341440000,0.0060960000000704895,0.0033068999991883175,354.12646484375,0.5,40,16,16,0,0
ariad,10000,32,0,59,0.052648529410362244,0.574453125,0.76633125,320000,880000,1200000,88.0,1341440000,0.0060882000007040915,0.0033376000001226203,354.12646484375,0.5,40,16,16,0,0
ariad,10000,32,0,60,0.04902417212724686,0.584878125,0.77384375,320000,880000,1200000,88.0,1341440000,0.006221499999810476,0.0034309000002394896,354.12646484375,0.5,40,16,16,0,0
ariad,10000,32,0,61,0.045547910034656525,0.594325,0.780178125,320000,880000,1200000,88.0,1341440000,0.006144700000731973,0.0033624000006966526,354.31201171875,0.5,40,16,16,0,0
ariad,10000,32,0,62,0.04224127531051636,0.603384375,0.78534375,320000,880000,1200000,88.0,1341440000,0.006779600000299979,0.0033520999995744205,354.12646484375,0.5,40,16,16,0,0
ariad,10000,32,0,63,0.0392131432890892,0.611578125,0.789384375,320000,880000,1200000,88.0,1341440000,0.00683500000013737,0.0033344999992550584,354.12646484375,0.5,40,16,16,0,0
ariad,10000,32,0,64,0.036344997584819794,0.6195,0.79244375,320000,880000,1200000,88.0,1341440000,0.006096799999795621,0.0033576000005268725,354.12646484375,0.5,40,16,16,0,0
ariad,10000,32,0,65,0.03372008726000786,0.627,0.79473125,320000,880000,1200000,88.0,1341440000,0.006045999999514606,0.003348100000039267,354.12646484375,0.5,40,16,16,0,0
ariad,10000,32,0,66,0.03135397657752037,0.634321875,0.796478125,320000,880000,1200000,88.0,1341440000,0.006094899999879999,0.0034004999997705454,354.12646484375,0.5,40,16,16,0,0
ariad,10000,32,0,67,0.02922571264207363,0.641334375,0.79765,320000,880000,1200000,88.0,1341440000,0.006043299999873852,0.0033285999998042826,354.31201171875,0.5,40,16,16,0,0
ariad,10000,32,0,68,0.02729671634733677,0.648271875,0.798853125,320000,880000,1200000,88.0,1341440000,0.006155800000669842,0.0034538999998403597,354.12646484375,0.5,40,16,16,0,0
ariad,10000,32,0,69,0.02554180473089218,0.655225,0.7996125,320000,880000,1200000,88.0,1341440000,0.005925999999817577,0.0032376999997723033,354.12646484375,0.5,40,16,16,0,0
ariad,10000,32,0,70,0.023960957303643227,0.6621625,0.80045,320000,880000,1200000,88.0,1341440000,0.0059883000003537745,0.0033253999999942607,354.12646484375,0.5,40,16,16,0,0
ariad,10000,32,0,71,0.022451529279351234,0.6692625,0.80090625,320000,880000,1200000,88.0,1341440000,0.006069800000659598,0.003370800000084273,354.12646484375,0.5,40,16,16,0,0
ariad,10000,32,0,72,0.02105618454515934,0.67576875,0.801509375,320000,880000,1200000,88.0,1341440000,0.0060272999999142485,0.0033516999992571073,354.12646484375,0.5,40,16,16,0,0
ariad,10000,32,0,73,0.019765004515647888,0.682203125,0.80264375,320000,880000,1200000,88.0,1341440000,0.006274700000176381,0.0034805999994205195,354.31201171875,0.5,40,16,16,0,0
ariad,10000,32,0,74,0.018558088690042496,0.68865,0.8034875,320000,880000,1200000,88.0,1341440000,0.006172699999297038,0.0034198000003016205,354.12646484375,0.5,40,16,16,0,0
ariad,10000,32,0,75,0.01741926185786724,0.6949875,0.804828125,320000,880000,1200000,88.0,1341440000,0.00614179999956832,0.003325300000142306,354.12646484375,0.5,40,16,16,0,0
ariad,10000,32,0,76,0.016336383298039436,0.701021875,0.806196875,320000,880000,1200000,88.0,1341440000,0.005997700000079931,0.0032817000001159613,354.12646484375,0.5,40,16,16,0,0
ariad,10000,32,0,77,0.015329006128013134,0.7071,0.80829375,320000,880000,1200000,88.0,1341440000,0.006262699999751931,0.003267799999775889,354.12646484375,0.5,40,16,16,0,0
ariad,10000,32,0,78,0.014382869936525822,0.713109375,0.809671875,320000,880000,1200000,88.0,1341440000,0.006325899999865214,0.0035794000004898407,354.12646484375,0.5,40,16,16,0,0
ariad,10000,32,0,79,0.013489833101630211,0.7190375,0.81126875,320000,880000,1200000,88.0,1341440000,0.005980099999760569,0.0033204000001205713,354.31201171875,0.5,40,16,16,0,0
ariad,10000,32,0,80,0.012651902623474598,0.724434375,0.812328125,320000,880000,1200000,88.0,1341440000,0.005988599999909638,0.0033143999999083462,354.12646484375,0.5,40,16,16,0,0
ariad,10000,32,0,81,0.011862988583743572,0.730059375,0.81438125,320000,880000,1200000,88.0,1341440000,0.006069500000194239,0.003386000000318745,354.12646484375,0.5,40,16,16,0,0
ariad,10000,32,0,82,0.011119185015559196,0.735309375,0.81673125,320000,880000,1200000,88.0,1341440000,0.005976599999485188,0.0032885000000533182,354.12646484375,0.5,40,16,16,0,0
ariad,10000,32,0,83,0.01042138785123825,0.74099375,0.81911875,320000,880000,1200000,88.0,1341440000,0.006000899999889953,0.0033239999993384117,354.12646484375,0.5,40,16,16,0,0
ariad,10000,32,0,84,0.009764512069523335,0.746340625,0.82185,320000,880000,1200000,88.0,1341440000,0.006067899999834481,0.0032944000004135887,354.12646484375,0.5,40,16,16,0,0
ariad,10000,32,0,85,0.009141771122813225,0.751434375,0.824846875,320000,880000,1200000,88.0,1341440000,0.0060088000000178,0.003288599999905273,354.31201171875,0.5,40,16,16,0,0
ariad,10000,32,0,86,0.008546627126634121,0.756671875,0.82776875,320000,880000,1200000,88.0,1341440000,0.005965199999991455,0.003309100000478793,354.12646484375,0.5,40,16,16,0,0
ariad,10000,32,0,87,0.007973629981279373,0.761896875,0.830715625,320000,880000,1200000,88.0,1341440000,0.005971900000076857,0.0032681000002412475,354.12646484375,0.5,40,16,16,0,0
ariad,10000,32,0,88,0.007440964225679636,0.76680625,0.833584375,320000,880000,1200000,88.0,1341440000,0.006269999999858555,0.0035000999996555038,354.12646484375,0.5,40,16,16,0,0
ariad,10000,32,0,89,0.006934841629117727,0.771859375,0.836196875,320000,880000,1200000,88.0,1341440000,0.00603419999970356,0.003337900000587979,354.12646484375,0.5,40,16,16,0,0
ariad,10000,32,0,90,0.0064525846391916275,0.776890625,0.83871875,320000,880000,1200000,88.0,1341440000,0.0060088000000178,0.0032983000000967877,354.12646484375,0.5,40,16,16,0,0
ariad,10000,32,0,91,0.005991977173835039,0.78195,0.84111875,320000,880000,1200000,88.0,1341440000,0.005955200000244076,0.003291900000476744,354.31201171875,0.5,40,16,16,0,0
ariad,10000,32,0,92,0.005550317466259003,0.786796875,0.84368125,320000,880000,1200000,88.0,1341440000,0.006197800000336429,0.003440700000282959,354.12646484375,0.5,40,16,16,0,0
ariad,10000,32,0,93,0.0051247975789010525,0.791603125,0.84615625,320000,880000,1200000,88.0,1341440000,0.0060594999995373655,0.003409700000702287,354.12646484375,0.5,40,16,16,0,0
ariad,10000,32,0,94,0.004715592134743929,0.796690625,0.848340625,320000,880000,1200000,88.0,1341440000,0.006053099999917322,0.003384699999514851,354.12646484375,0.5,40,16,16,0,0
ariad,10000,32,0,95,0.004325383808463812,0.801128125,0.84993125,320000,880000,1200000,88.0,1341440000,0.005895999999665946,0.0031963000001269393,354.12646484375,0.5,40,16,16,0,0
ariad,10000,32,0,96,0.003957223612815142,0.805865625,0.8517125,320000,880000,1200000,88.0,1341440000,0.005993300000227464,0.0033290999999735504,354.12646484375,0.5,40,16,16,0,0
ariad,10000,32,0,97,0.0036125872284173965,0.81051875,0.853209375,320000,880000,1200000,88.0,1341440000,0.005984800000078394,0.0033140000005005277,354.31201171875,0.5,40,16,16,0,0
ariad,10000,32,0,98,0.003291752655059099,0.815325,0.85441875,320000,880000,1200000,88.0,1341440000,0.006643699999585806,0.003471500000159722,354.12646484375,0.5,40,16,16,0,0
ariad,10000,32,0,99,0.0029936993960291147,0.820421875,0.8561,320000,880000,1200000,88.0,1341440000,0.0059701999998651445,0.003274700000474695,354.12646484375,0.5,40,16,16,0,0
ariad,10000,32,0,100,0.002718512434512377,0.825290625,0.85730625,320000,880000,1200000,88.0,1341440000,0.005984299999909126,0.003316899999845191,354.12646484375,0.5,40,16,16,0,0
ariad,10000,32,0,101,0.0024644588120281696,0.8298875,0.8586375,320000,880000,1200000,88.0,1341440000,0.00599419999980455,0.0033092000003307476,354.12646484375,0.5,40,16,16,0,0
ariad,10000,32,0,102,0.002229883801192045,0.8343875,0.859659375,320000,880000,1200000,88.0,1341440000,0.005999699999847508,0.0033070999998017214,354.12646484375,0.5,40,16,16,0,0
ariad,10000,32,0,103,0.002013240475207567,0.83890625,0.861,320000,880000,1200000,88.0,1341440000,0.005900900000597176,0.003248600000006263,354.31201171875,0.5,40,16,16,0,0
ariad,10000,32,0,104,0.0018145907670259476,0.8436875,0.862590625,320000,880000,1200000,88.0,1341440000,0.006017799999426643,0.0033878000003824127,354.12646484375,0.5,40,16,16,0,0
ariad,10000,32,0,105,0.0016333411913365126,0.8482,0.864596875,320000,880000,1200000,88.0,1341440000,0.006001300000207266,0.0033039999998436542,354.12646484375,0.5,40,16,16,0,0
ariad,10000,32,0,106,0.0014702192274853587,0.852275,0.865915625,320000,880000,1200000,88.0,1341440000,0.005977400000119815,0.0032799000000522938,354.12646484375,0.5,40,16,16,0,0
ariad,10000,32,0,107,0.0013253088109195232,0.855871875,0.86716875,320000,880000,1200000,88.0,1341440000,0.00637040000037814,0.003590499999518215,354.12646484375,0.5,40,16,16,0,0
ariad,10000,32,0,108,0.0011984832817688584,0.859596875,0.86831875,320000,880000,1200000,88.0,1341440000,0.006026600000041071,0.003352600000653183,354.12646484375,0.5,40,16,16,0,0
ariad,10000,32,0,109,0.0010888900142163038,0.863365625,0.86980625,320000,880000,1200000,88.0,1341440000,0.0059288000002197805,0.0032753000004959176,354.31201171875,0.5,40,16,16,0,0
ariad,10000,32,0,110,0.000994833535514772,0.866746875,0.871428125,320000,880000,1200000,88.0,1341440000,0.006041999999979453,0.0033596000002944493,354.12646484375,0.5,40,16,16,0,0
ariad,10000,32,0,111,0.0009140876354649663,0.869953125,0.87341875,320000,880000,1200000,88.0,1341440000,0.005980699999781791,0.0032865000002857414,354.12646484375,0.5,40,16,16,0,0
ariad,10000,32,0,112,0.0008449285523965955,0.87301875,0.875284375,320000,880000,1200000,88.0,1341440000,0.006257300000470423,0.0032374999991588993,354.12646484375,0.5,40,16,16,0,0
ariad,10000,32,0,113,0.0007862556376494467,0.8758125,0.877278125,320000,880000,1200000,88.0,1341440000,0.005993700000544777,0.003325800000311574,354.12646484375,0.5,40,16,16,0,0
ariad,10000,32,0,114,0.0007368320948444307,0.87834375,0.87921875,320000,880000,1200000,88.0,1341440000,0.006097000000409025,0.00340539999979228,354.12646484375,0.5,40,16,16,0,0
ariad,10000,32,0,115,0.0006943242042325437,0.8807125,0.88135,320000,880000,1200000,88.0,1341440000,0.005979300000035437,0.0032888999994611368,354.31201171875,0.5,40,16,16,0,0
ariad,10000,32,0,116,0.0006563307251781225,0.882640625,0.88323125,320000,880000,1200000,88.0,1341440000,0.006118600000263541,0.0034396000000924687,354.12646484375,0.5,40,16,16,0,0
ariad,10000,32,0,117,0.0006208818522281945,0.884453125,0.885575,320000,880000,1200000,88.0,1341440000,0.006002299999636307,0.003333099999508704,354.12646484375,0.5,40,16,16,0,0
ariad,10000,32,0,118,0.0005867094150744379,0.886171875,0.8878875,320000,880000,1200000,88.0,1341440000,0.006131999999524851,0.0033887999998114537,354.12646484375,0.5,40,16,16,0,0
ariad,10000,32,0,119,0.0005534585798159242,0.887634375,0.889890625,320000,880000,1200000,88.0,1341440000,0.00600510000003851,0.0033217999998669256,354.12646484375,0.5,40,16,16,0,0
ariad,10000,32,0,120,0.0005209285882301629,0.889071875,0.89191875,320000,880000,1200000,88.0,1341440000,0.005956900000455789,0.003274499999861291,354.12646484375,0.5,40,16,16,0,0
ariad,10000,32,0,121,0.0004895366146229208,0.8905625,0.89428125,320000,880000,1200000,88.0,1341440000,0.005984399999761081,0.00329409999994823,354.31201171875,0.5,40,16,16,0,0
ariad,10000,32,0,122,0.0004598542582243681,0.8919375,0.89649375,320000,880000,1200000,88.0,1341440000,0.005966200000329991,0.003303599999526341,354.12646484375,0.5,40,16,16,0,0
ariad,10000,32,0,123,0.0004322585591580719,0.893390625,0.89815625,320000,880000,1200000,88.0,1341440000,0.0060543999998117215,0.0033691999997245148,354.12646484375,0.5,40,16,16,0,0
ariad,10000,32,0,124,0.00040700891986489296,0.894625,0.900028125,320000,880000,1200000,88.0,1341440000,0.005965800000012678,0.0032831999997142702,354.12646484375,0.5,40,16,16,0,0
ariad,10000,32,0,125,0.0003838786797132343,0.89599375,0.90200625,320000,880000,1200000,88.0,1341440000,0.0060763999999835505,0.003370299999915005,354.12646484375,0.5,40,16,16,0,0
ariad,10000,32,0,126,0.00036273972364142537,0.89740625,0.903571875,320000,880000,1200000,88.0,1341440000,0.005934300000262738,0.003249100000175531,354.12646484375,0.5,40,16,16,0,0
ariad,10000,32,0,127,0.0003435799735598266,0.89866875,0.905340625,320000,880000,1200000,88.0,1341440000,0.006004300000313378,0.0033457999998063315,354.31201171875,0.5,40,16,16,0,0
ariad,10000,32,0,128,0.0003264847327955067,0.89980625,0.906771875,320000,880000,1200000,88.0,1341440000,0.005992899999910151,0.0033053999995900085,354.12646484375,0.5,40,16,16,0,0
ariad,10000,32,0,129,0.0003113738202955574,0.900896875,0.907984375,320000,880000,1200000,88.0,1341440000,0.005938700000115205,0.003292899999905785,354.12646484375,0.5,40,16,16,0,0
ariad,10000,32,0,130,0.00029813460423611104,0.90185,0.908934375,320000,880000,1200000,88.0,1341440000,0.006081100000301376,0.0034236999999848194,354.12646484375,0.5,40,16,16,0,0
ariad,10000,32,0,131,0.00028647566796280444,0.902828125,0.91004375,320000,880000,1200000,88.0,1341440000,0.005954000000201631,0.0032707999998820014,354.12646484375,0.5,40,16,16,0,0
ariad,10000,32,0,132,0.0002761419746093452,0.903775,0.9111625,320000,880000,1200000,88.0,1341440000,0.005886699999791745,0.003238499999497435,354.12646484375,0.5,40,16,16,0,0
ariad,10000,32,0,133,0.0002671365800779313,0.90456875,0.912228125,320000,880000,1200000,88.0,1341440000,0.006043700000191166,0.003357700000378827,354.31201171875,0.5,40,16,16,0,0
ariad,10000,32,0,134,0.0002592071832623333,0.905403125,0.913190625,320000,880000,1200000,88.0,1341440000,0.0060282999993432895,0.003335999999762862,354.12646484375,0.5,40,16,16,0,0
ariad,10000,32,0,135,0.00025206163991242647,0.90615625,0.913859375,320000,880000,1200000,88.0,1341440000,0.005953199999567005,0.0033113999998022337,354.12646484375,0.5,40,16,16,0,0
ariad,10000,32,0,136,0.0002455788489896804,0.90683125,0.914453125,320000,880000,1200000,88.0,1341440000,0.006170900000142865,0.00340779999987717,354.12646484375,0.5,40,16,16,0,0
ariad,10000,32,0,137,0.00023967675224412233,0.907509375,0.9152875,320000,880000,1200000,88.0,1341440000,0.006210000000464788,0.003522299999531242,354.12646484375,0.5,40,16,16,0,0
ariad,10000,32,0,138,0.00023432487796526402,0.908115625,0.915971875,320000,880000,1200000,88.0,1341440000,0.005994699999973818,0.0033475000000180444,354.12646484375,0.5,40,16,16,0,0
ariad,10000,32,0,139,0.00022950067068450153,0.90876875,0.916675,320000,880000,1200000,88.0,1341440000,0.005989400000544265,0.003302099999928032,354.31201171875,0.5,40,16,16,0,0
ariad,10000,32,0,140,0.00022508428082801402,0.909375,0.91725625,320000,880000,1200000,88.0,1341440000,0.006372400000145717,0.003337999999530439,354.12646484375,0.5,40,16,16,0,0
ariad,10000,32,0,141,0.00022111427097115666,0.9099625,0.9178375,320000,880000,1200000,88.0,1341440000,0.006142599999293452,0.003435100000388047,354.12646484375,0.5,40,16,16,0,0
ariad,10000,32,0,142,0.00021750759333372116,0.9104125,0.918321875,320000,880000,1200000,88.0,1341440000,0.006216200000380923,0.003533199999765202,354.12646484375,0.5,40,16,16,0,0
ariad,10000,32,0,143,0.00021425871818792075,0.910975,0.91898125,320000,880000,1200000,88.0,1341440000,0.00600269999995362,0.0033605999997234903,354.12646484375,0.5,40,16,16,0,0
ariad,10000,32,0,144,0.00021136288705747575,0.9114875,0.91948125,320000,880000,1200000,88.0,1341440000,0.0061412000004565925,0.0034360999998170882,354.12646484375,0.5,40,16,16,0,0
ariad,10000,32,0,145,0.00020875433983746916,0.911846875,0.9198625,320000,880000,1200000,88.0,1341440000,0.006124499999714317,0.0034241000003021327,354.31201171875,0.5,40,16,16,0,0
ariad,10000,32,0,146,0.00020635845430660993,0.912259375,0.92023125,320000,880000,1200000,88.0,1341440000,0.006298100000094564,0.00335700000050565,354.12646484375,0.5,40,16,16,0,0
ariad,10000,32,0,147,0.00020414864411577582,0.9126875,0.92079375,320000,880000,1200000,88.0,1341440000,0.006045799999810697,0.003333300000122108,354.12646484375,0.5,40,16,16,0,0
ariad,10000,32,0,148,0.0002021852706093341,0.913096875,0.921278125,320000,880000,1200000,88.0,1341440000,0.006018899999617133,0.0033355999994455487,354.12646484375,0.5,40,16,16,0,0
ariad,10000,32,0,149,0.00020042485266458243,0.9134625,0.921728125,320000,880000,1200000,88.0,1341440000,0.006037199999809673,0.0033123000002888148,354.12646484375,0.5,40,16,16,0,0
ariad,10000,32,0,150,0.0001988527219509706,0.91371875,0.922103125,320000,880000,1200000,88.0,1341440000,0.0063577999999324675,0.0034384999999019783,354.12646484375,0.5,40,16,16,0,0
ariad,10000,32,0,151,0.00019743265875149518,0.914090625,0.922584375,320000,880000,1200000,88.0,1341440000,0.0060014000000592205,0.003329999999550637,354.31201171875,0.5,40,16,16,0,0
ariad,10000,32,0,152,0.0001961676898645237,0.914525,0.9231,320000,880000,1200000,88.0,1341440000,0.006052400000044145,0.0033927000004041474,354.12646484375,0.5,40,16,16,0,0
ariad,10000,32,0,153,0.0001950543373823166,0.914834375,0.923434375,320000,880000,1200000,88.0,1341440000,0.006036699999640405,0.0033373999995092163,354.12646484375,0.5,40,16,16,0,0
ariad,10000,32,0,154,0.00019406952196732163,0.915203125,0.923846875,320000,880000,1200000,88.0,1341440000,0.00615769999967597,0.0033218000007764203,354.12646484375,0.5,40,16,16,0,0
ariad,10000,32,0,155,0.00019317948317620903,0.9156,0.92429375,320000,880000,1200000,88.0,1341440000,0.005982599999697413,0.003322900000057416,354.12646484375,0.5,40,16,16,0,0
ariad,10000,32,0,156,0.0001924167008837685,0.91588125,0.92465,320000,880000,1200000,88.0,1341440000,0.006982999999308959,0.0039458000001104665,354.12646484375,0.5,40,16,16,0,0
ariad,10000,32,0,157,0.00019175185298081487,0.91616875,0.925028125,320000,880000,1200000,88.0,1341440000,0.0061061999995217775,0.0033626999993430218,354.31201171875,0.5,40,16,16,0,0
ariad,10000,32,0,158,0.00019118534692097455,0.916434375,0.9253,320000,880000,1200000,88.0,1341440000,0.006040700000085053,0.0033659000000625383,354.12646484375,0.5,40,16,16,0,0
ariad,10000,32,0,159,0.00019061581406276673,0.91674375,0.925709375,320000,880000,1200000,88.0,1341440000,0.006026799999744981,0.0032492000000274857,354.12646484375,0.5,40,16,16,0,0
ariad,10000,32,0,160,0.00019017238810192794,0.916996875,0.926065625,320000,880000,1200000,88.0,1341440000,0.0060512000000017,0.0033404999994672835,354.12646484375,0.5,40,16,16,0,0
ariad,10000,32,0,161,0.00018973475380335003,0.9172,0.926290625,320000,880000,1200000,88.0,1341440000,0.006065900000066904,0.0033313000003545312,354.12646484375,0.5,40,16,16,0,0
ariad,10000,32,0,162,0.00018937861023005098,0.91745,0.926584375,320000,880000,1200000,88.0,1341440000,0.005975000000034925,0.0032627999999021995,354.12646484375,0.5,40,16,16,0,0
ariad,10000,32,0,163,0.00018905644537881017,0.91761875,0.926775,320000,880000,1200000,88.0,1341440000,0.007884199999352859,0.004658099999687693,354.31201171875,0.5,40,16,16,0,0
ariad,10000,32,0,164,0.0001887442049337551,0.917846875,0.9270875,320000,880000,1200000,88.0,1341440000,0.006453199999668868,0.0033464999996795086,354.12646484375,0.5,40,16,16,0,0
ariad,10000,32,0,165,0.0001884683151729405,0.91806875,0.927340625,320000,880000,1200000,88.0,1341440000,0.006103599999732978,0.003388999999515363,354.12646484375,0.5,40,16,16,0,0
ariad,10000,32,0,166,0.00018822302808985114,0.91825,0.9276375,320000,880000,1200000,88.0,1341440000,0.006153199999971548,0.0034425000003466266,354.12646484375,0.5,40,16,16,0,0
ariad,10000,32,0,167,0.0001879557967185974,0.918496875,0.92791875,320000,880000,1200000,88.0,1341440000,0.005983100000776176,0.003280899999481335,354.12646484375,0.5,40,16,16,0,0
ariad,10000,32,0,168,0.00018774189811665565,0.9186625,0.928096875,320000,880000,1200000,88.0,1341440000,0.005950100000518432,0.003274300000157382,354.12646484375,0.5,40,16,16,0,0
ariad,10000,32,0,169,0.0001875805319286883,0.918821875,0.928328125,320000,880000,1200000,88.0,1341440000,0.00608979999924486,0.0033800999999584747,354.31201171875,0.5,40,16,16,0,0
ariad,10000,32,0,170,0.00018741039093583822,0.919009375,0.928603125,320000,880000,1200000,88.0,1341440000,0.00601120000010269,0.0032952000001387205,354.12646484375,0.5,40,16,16,0,0
ariad,10000,32,0,171,0.00018727201677393168,0.919190625,0.92889375,320000,880000,1200000,88.0,1341440000,0.007994600000529317,0.005305299999236013,354.12646484375,0.5,40,16,16,0,0
ariad,10000,32,0,172,0.00018714016187004745,0.919353125,0.929109375,320000,880000,1200000,88.0,1341440000,0.006019899999955669,0.0033448999993197503,354.12646484375,0.5,40,16,16,0,0
ariad,10000,32,0,173,0.00018701590306591243,0.919515625,0.929359375,320000,880000,1200000,88.0,1341440000,0.006006200000229001,0.003312499999992724,354.12646484375,0.5,40,16,16,0,0
ariad,10000,32,0,174,0.00018691658624447882,0.919703125,0.929534375,320000,880000,1200000,88.0,1341440000,0.006350500000735337,0.0033181999997395906,354.12646484375,0.5,40,16,16,0,0
ariad,10000,32,0,175,0.0001868297840701416,0.919834375,0.92971875,320000,880000,1200000,88.0,1341440000,0.006174600000122155,0.0034478999996281345,354.31201171875,0.5,40,16,16,0,0
ariad,10000,32,0,176,0.0001867419487098232,0.9199625,0.929896875,320000,880000,1200000,88.0,1341440000,0.006043399999725807,0.003334799999720417,354.12646484375,0.5,40,16,16,0,0
ariad,10000,32,0,177,0.000186601493624039,0.92015625,0.930078125,320000,880000,1200000,88.0,1341440000,0.008209699999497388,0.003322200000184239,354.12646484375,0.5,40,16,16,0,0
ariad,10000,32,0,178,0.00018653277948033065,0.9202875,0.9302125,320000,880000,1200000,88.0,1341440000,0.00600999999915075,0.0033157999996547005,354.12646484375,0.5,40,16,16,0,0
ariad,10000,32,0,179,0.00018647505203261971,0.920378125,0.930334375,320000,880000,1200000,88.0,1341440000,0.006058099999791011,0.0033634000001256936,354.12646484375,0.5,40,16,16,0,0
ariad,10000,32,0,180,0.00018641834321897477,0.92050625,0.930503125,320000,880000,1200000,88.0,1341440000,0.0062022999991313554,0.003351999999722466,354.12646484375,0.5,40,16,16,0,0
ariad,10000,32,0,181,0.00018637088942341506,0.920615625,0.93068125,320000,880000,1200000,88.0,1341440000,0.006167700000332843,0.0032891999999264954,354.31201171875,0.5,40,16,16,0,0
ariad,10000,32,0,182,0.00018633368017617613,0.92074375,0.93085625,320000,880000,1200000,88.0,1341440000,0.006035800000063318,0.0033608000003368943,354.12646484375,0.5,40,16,16,0,0
ariad,10000,32,0,183,0.00018628920952323824,0.920878125,0.931053125,320000,880000,1200000,88.0,1341440000,0.006083400000534311,0.0034014000002571265,354.12646484375,0.5,40,16,16,0,0
ariad,10000,32,0,184,0.00018625373195391148,0.921015625,0.931203125,320000,880000,1200000,88.0,1341440000,0.006016999999701511,0.0033527999994475977,354.12646484375,0.5,40,16,16,0,0
ariad,10000,32,0,185,0.00018623439245857298,0.92113125,0.931321875,320000,880000,1200000,88.0,1341440000,0.005968099999336118,0.0033124000001407694,354.12646484375,0.5,40,16,16,0,0
ariad,10000,32,0,186,0.00018622545758262277,0.9212125,0.93146875,320000,880000,1200000,88.0,1341440000,0.005954199999905541,0.00328079999962938,354.12646484375,0.5,40,16,16,0,0
ariad,10000,32,0,187,0.00018618759349919856,0.921309375,0.931609375,320000,880000,1200000,88.0,1341440000,0.00598450000052253,0.0033101999997597886,354.31201171875,0.5,40,16,16,0,0
ariad,10000,32,0,188,0.00018618814647197723,0.9213875,0.931684375,320000,880000,1200000,88.0,1341440000,0.006032299999787938,0.003333099999508704,354.12646484375,0.5,40,16,16,0,0
ariad,10000,32,0,189,0.0001861647906480357,0.921465625,0.931796875,320000,880000,1200000,88.0,1341440000,0.005969699999695877,0.0033141000003524823,354.12646484375,0.5,40,16,16,0,0
ariad,10000,32,0,190,0.00018613896099850535,0.921546875,0.93195,320000,880000,1200000,88.0,1341440000,0.005988699999761593,0.0033315000000584405,354.12646484375,0.5,40,16,16,0,0
ariad,10000,32,0,191,0.00018611356790643185,0.921640625,0.9320375,320000,880000,1200000,88.0,1341440000,0.0060553999992407626,0.0033641999998508254,354.12646484375,0.5,40,16,16,0,0
ariad,10000,32,0,192,0.0001861045602709055,0.92171875,0.93218125,320000,880000,1200000,88.0,1341440000,0.005958900000223366,0.0032775999998193583,354.12646484375,0.5,40,16,16,0,0
ariad,10000,32,0,193,0.00018608402751851827,0.9218,0.93225,320000,880000,1200000,88.0,1341440000,0.006072600000152306,0.0033180000000356813,354.31201171875,0.5,40,16,16,0,0
ariad,10000,32,0,194,0.00018606949015520513,0.921859375,0.932353125,320000,880000,1200000,88.0,1341440000,0.006034399999407469,0.0033290999999735504,354.12646484375,0.5,40,16,16,0,0
ariad,10000,32,0,195,0.00018606282537803054,0.921946875,0.932446875,320000,880000,1200000,88.0,1341440000,0.0060294999993857346,0.0033464000007370487,354.12646484375,0.5,40,16,16,0,0
ariad,10000,32,0,196,0.00018605640798341483,0.922021875,0.932525,320000,880000,1200000,88.0,1341440000,0.005994300000566,0.0033105000002251472,354.12646484375,0.5,40,16,16,0,0
ariad,10000,32,0,197,0.00018603507487569004,0.922109375,0.93260625,320000,880000,1200000,88.0,1341440000,0.0060495000006994815,0.0033688000003166962,354.12646484375,0.5,40,16,16,0,0
ariad,10000,32,0,198,0.00018601486226543784,0.922175,0.932684375,320000,880000,1200000,88.0,1341440000,0.00597250000009808,0.0033021000008375267,354.12646484375,0.5,40,16,16,0,0
ariad,10000,32,0,199,0.00018600805196911097,0.922228125,0.932765625,320000,880000,1200000,88.0,1341440000,0.005977099999654456,0.003311000000394415,354.31201171875,0.5,40,16,16,0,0
ariad,10000,32,0,200,0.00018599675968289375,0.92228125,0.932884375,320000,880000,1200000,88.0,1341440000,0.0060868000000482425,0.003415799999856972,354.12646484375,0.5,40,16,16,0,0
ariad,10000,32,0,201,0.00018597254529595375,0.92238125,0.93299375,320000,880000,1200000,88.0,1341440000,0.006035399999746005,0.0033887999998114537,354.12646484375,0.5,40,16,16,0,0
ariad,10000,32,0,202,0.00018595776055008173,0.92245,0.93309375,320000,880000,1200000,88.0,1341440000,0.006081900000026508,0.0033569999995961552,354.12646484375,0.5,40,16,16,0,0
ariad,10000,32,0,203,0.00018594462017063051,0.9224625,0.9331375,320000,880000,1200000,88.0,1341440000,0.006066599999940081,0.0033337000004394213,354.12646484375,0.5,40,16,16,0,0
ariad,10000,32,0,204,0.00018592661945149302,0.922515625,0.93325625,320000,880000,1200000,88.0,1341440000,0.006275099999584199,0.0033453999994890182,354.12646484375,0.5,40,16,16,0,0
ariad,10000,32,0,205,0.0001859139883890748,0.922603125,0.9333625,320000,880000,1200000,88.0,1341440000,0.006104899999627378,0.0034042999996017898,354.31201171875,0.5,40,16,16,0,0
ariad,10000,32,0,206,0.00018591266416478902,0.92266875,0.93343125,320000,880000,1200000,88.0,1341440000,0.006205200000295008,0.003388400000403635,354.12646484375,0.5,40,16,16,0,0
ariad,10000,32,0,207,0.00018590812396723777,0.922715625,0.93351875,320000,880000,1200000,88.0,1341440000,0.006065499999749591,0.003372900000613299,354.12646484375,0.5,40,16,16,0,0
ariad,10000,32,0,208,0.0001858977775555104,0.9227625,0.933603125,320000,880000,1200000,88.0,1341440000,0.006027100000210339,0.003366999999343534,354.12646484375,0.5,40,16,16,0,0
ariad,10000,32,0,209,0.00018586317310109735,0.922846875,0.9337125,320000,880000,1200000,88.0,1341440000,0.005956699999842385,0.0032639999999446445,354.12646484375,0.5,40,16,16,0,0
ariad,10000,32,0,210,0.00018584598728921264,0.922909375,0.933803125,320000,880000,1200000,88.0,1341440000,0.00595439999960945,0.0032602000001134,354.12646484375,0.5,40,16,16,0,0
ariad,10000,32,0,211,0.00018583664495963603,0.922953125,0.933871875,320000,880000,1200000,88.0,1341440000,0.005983600000035949,0.0032662999992680852,354.31201171875,0.5,40,16,16,0,0
ariad,10000,32,0,212,0.00018582788470666856,0.923,0.93394375,320000,880000,1200000,88.0,1341440000,0.006111699999564735,0.0033791000005294336,354.12646484375,0.5,40,16,16,0,0
ariad,10000,32,0,213,0.0001858213363448158,0.923040625,0.934,320000,880000,1200000,88.0,1341440000,0.006497200000012526,0.003424999999879219,354.12646484375,0.5,40,16,16,0,0
ariad,10000,32,0,214,0.00018581697077024728,0.923090625,0.934053125,320000,880000,1200000,88.0,1341440000,0.005986699999994016,0.0032746000006227405,354.12646484375,0.5,40,16,16,0,0
ariad,10000,32,0,215,0.00018577600712887943,0.92313125,0.934128125,320000,880000,1200000,88.0,1341440000,0.006001700000524579,0.0033121000005849055,354.12646484375,0.5,40,16,16,0,0
ariad,10000,32,0,216,0.00018575579451862723,0.923184375,0.934175,320000,880000,1200000,88.0,1341440000,0.005923500000790227,0.0032434999993711244,354.12646484375,0.5,40,16,16,0,0
ariad,10000,32,0,217,0.0001857592724263668,0.923209375,0.934221875,320000,880000,1200000,88.0,1341440000,0.005957800000032876,0.003301800000372168,354.31201171875,0.5,40,16,16,0,0
ariad,10000,32,0,218,0.00018576662114355713,0.9232125,0.93425,320000,880000,1200000,88.0,1341440000,0.0059970999991492135,0.0033182000006490853,354.12646484375,0.5,40,16,16,0,0
ariad,10000,32,0,219,0.00018576519505586475,0.9232625,0.934309375,320000,880000,1200000,88.0,1341440000,0.006037399999513582,0.003375899999809917,354.12646484375,0.5,40,16,16,0,0
ariad,10000,32,0,220,0.0001857600873336196,0.92330625,0.93438125,320000,880000,1200000,88.0,1341440000,0.005981199999951059,0.0033253999999942607,354.12646484375,0.5,40,16,16,0,0
ariad,10000,32,0,221,0.00018575458670966327,0.92334375,0.93439375,320000,880000,1200000,88.0,1341440000,0.006113700000241806,0.0033580999997866456,354.12646484375,0.5,40,16,16,0,0
ariad,10000,32,0,222,0.00018574469140730798,0.92341875,0.9344625,320000,880000,1200000,88.0,1341440000,0.005954600000222854,0.0033088000000134343,354.12646484375,0.5,40,16,16,0,0
ariad,10000,32,0,223,0.0001857286406448111,0.923459375,0.934490625,320000,880000,1200000,88.0,1341440000,0.006247199999961595,0.00351420000060898,354.31201171875,0.5,40,16,16,0,0
ariad,10000,32,0,224,0.00018570806423667818,0.92350625,0.93454375,320000,880000,1200000,88.0,1341440000,0.0061685999999099295,0.003462300000137475,354.12646484375,0.5,40,16,16,0,0
ariad,10000,32,0,225,0.00018570113752502948,0.923525,0.934559375,320000,880000,1200000,88.0,1341440000,0.00596289999975852,0.003309400000034657,354.12646484375,0.5,40,16,16,0,0
ariad,10000,32,0,226,0.0001857010502135381,0.92354375,0.934596875,320000,880000,1200000,88.0,1341440000,0.007680100000470702,0.004668600000513834,354.12646484375,0.5,40,16,16,0,0
ariad,10000,32,0,227,0.00018570522661320865,0.92356875,0.934628125,320000,880000,1200000,88.0,1341440000,0.0059847000002264394,0.0033013000002029003,354.12646484375,0.5,40,16,16,0,0
ariad,10000,32,0,228,0.00018570033716969192,0.9236125,0.934671875,320000,880000,1200000,88.0,1341440000,0.0060040000007575145,0.0033364000000801752,354.12646484375,0.5,40,16,16,0,0
ariad,10000,32,0,229,0.00018570096290204674,0.923625,0.934703125,320000,880000,1200000,88.0,1341440000,0.006033600000591832,0.0033472999994046404,354.31201171875,0.5,40,16,16,0,0
ariad,10000,32,0,230,0.00018569490930531174,0.9236625,0.93475625,320000,880000,1200000,88.0,1341440000,0.006008199999996577,0.0033385000006092014,354.12646484375,0.5,40,16,16,0,0
ariad,10000,32,0,231,0.00018569038365967572,0.923684375,0.934778125,320000,880000,1200000,88.0,1341440000,0.00604509999993752,0.0033597999999983585,354.12646484375,0.5,40,16,16,0,0
ariad,10000,32,0,232,0.00018568408268038183,0.923734375,0.93481875,320000,880000,1200000,88.0,1341440000,0.005981400000564463,0.0033341999996991944,354.12646484375,0.5,40,16,16,0,0
ariad,10000,32,0,233,0.0001856835588114336,0.923765625,0.934865625,320000,880000,1200000,88.0,1341440000,0.00615879999986646,0.0034401000002617366,354.12646484375,0.5,40,16,16,0,0
ariad,10000,32,0,234,0.00018567625374998897,0.92380625,0.9349,320000,880000,1200000,88.0,1341440000,0.006698999999571242,0.003357300000061514,354.12646484375,0.5,40,16,16,0,0
ariad,10000,32,0,235,0.00018566973449196666,0.9238375,0.93494375,320000,880000,1200000,88.0,1341440000,0.005925399999796355,0.003241899999920861,354.31201171875,0.5,40,16,16,0,0
ariad,10000,32,0,236,0.0001856585149653256,0.92385625,0.934971875,320000,880000,1200000,88.0,1341440000,0.005986199999824748,0.003299199999673874,354.12646484375,0.5,40,16,16,0,0
ariad,10000,32,0,237,0.00018565551727078855,0.92386875,0.93501875,320000,880000,1200000,88.0,1341440000,0.006048499999451451,0.003359199999977136,354.12646484375,0.5,40,16,16,0,0
ariad,10000,32,0,238,0.00018565129721537232,0.9238875,0.9350375,320000,880000,1200000,88.0,1341440000,0.00598589999935939,0.0033128000004580826,354.12646484375,0.5,40,16,16,0,0
ariad,10000,32,0,239,0.0001856441522249952,0.923925,0.93509375,320000,880000,1200000,88.0,1341440000,0.007016200000180106,0.003358499999194464,354.12646484375,0.5,40,16,16,0,0
ariad,10000,32,0,240,0.0001856426679296419,0.923940625,0.935115625,320000,880000,1200000,88.0,1341440000,0.005958999999165826,0.0032714999997551786,354.12646484375,0.5,40,16,16,0,0
ariad,10000,32,0,241,0.00018564042693469673,0.92396875,0.935134375,320000,880000,1200000,88.0,1341440000,0.005976599999485188,0.003293800000392366,354.31201171875,0.5,40,16,16,0,0
ariad,10000,32,0,242,0.00018564083438832313,0.924003125,0.935178125,320000,880000,1200000,88.0,1341440000,0.0062169000002541,0.0033191000002261717,354.12646484375,0.5,40,16,16,0,0
ariad,10000,32,0,243,0.00018564357014838606,0.924025,0.93519375,320000,880000,1200000,88.0,1341440000,0.005962799999906565,0.003284899999925983,354.12646484375,0.5,40,16,16,0,0
ariad,10000,32,0,244,0.0001856434828368947,0.924034375,0.935215625,320000,880000,1200000,88.0,1341440000,0.006057800000235147,0.003265800000008312,354.12646484375,0.5,40,16,16,0,0
ariad,10000,32,0,245,0.00018564541824162006,0.9240375,0.935240625,320000,880000,1200000,88.0,1341440000,0.005960200000117766,0.003291900000476744,354.12646484375,0.5,40,16,16,0,0
ariad,10000,32,0,246,0.00018564584024716169,0.924053125,0.93525625,320000,880000,1200000,88.0,1341440000,0.005965699999251228,0.0033025000002453453,354.12646484375,0.5,40,16,16,0,0
ariad,10000,32,0,247,0.0001856446615420282,0.9240625,0.93526875,320000,880000,1200000,88.0,1341440000,0.006023800000548363,0.0033358000000589527,354.31201171875,0.5,40,16,16,0,0
ariad,10000,32,0,248,0.00018563987396191806,0.924078125,0.935290625,320000,880000,1200000,88.0,1341440000,0.006074900000385242,0.003393599999981234,354.12646484375,0.5,40,16,16,0,0
ariad,10000,32,0,249,0.00018563905905466527,0.92409375,0.935309375,320000,880000,1200000,88.0,1341440000,0.006040500000381144,0.003349999999954889,354.12646484375,0.5,40,16,16,0,0
ariad,10000,32,0,250,0.0001856372837210074,0.924109375,0.93531875,320000,880000,1200000,88.0,1341440000,0.005953300000328454,0.0032888999994611368,354.12646484375,0.5,40,16,16,0,0
ariad,10000,32,0,251,0.00018563751655165106,0.924134375,0.93535,320000,880000,1200000,88.0,1341440000,0.005932999999458843,0.003295299999990675,354.12646484375,0.5,40,16,16,0,0
ariad,10000,32,0,252,0.00018563744379207492,0.92415,0.935378125,320000,880000,1200000,88.0,1341440000,0.006256299999222392,0.0033503999993627076,354.12646484375,0.5,40,16,16,0,0
ariad,10000,32,0,253,0.0001856342569226399,0.924175,0.93540625,320000,880000,1200000,88.0,1341440000,0.006051300000763149,0.003347100000610226,354.31201171875,0.5,40,16,16,0,0
ariad,10000,32,0,254,0.00018563699268270284,0.92419375,0.935409375,320000,880000,1200000,88.0,1341440000,0.006099499999436375,0.003422300000238465,354.12646484375,0.5,40,16,16,0,0
ariad,10000,32,0,255,0.00018562910554464906,0.92419375,0.935428125,320000,880000,1200000,88.0,1341440000,0.006019899999955669,0.0033367999994879938,354.12646484375,0.5,40,16,16,0,0
ariad,10000,32,0,256,0.0001856251183198765,0.9242125,0.935446875,320000,880000,1200000,88.0,1341440000,0.007112799999958952,0.0034464000000298256,354.12646484375,0.5,40,16,16,0,0
ariad,10000,32,0,257,0.0001856230228440836,0.92421875,0.935453125,320000,880000,1200000,88.0,1341440000,0.0059692000004361034,0.0032940000000962755,354.12646484375,0.5,40,16,16,0,0
ariad,10000,32,0,258,0.00018562607874628156,0.92423125,0.935475,320000,880000,1200000,88.0,1341440000,0.006119300000136718,0.003416800000195508,354.12646484375,0.5,40,16,16,0,0
ariad,10000,32,0,259,0.0001856220478657633,0.924240625,0.9354875,320000,880000,1200000,88.0,1341440000,0.005935600000157137,0.0032436000001325738,354.31201171875,0.5,40,16,16,0,0
ariad,10000,32,0,260,0.00018561887554824352,0.924253125,0.935503125,320000,880000,1200000,88.0,1341440000,0.0060621000002356595,0.0033616999999139807,354.12646484375,0.5,40,16,16,0,0
ariad,10000,32,0,261,0.0001856139424489811,0.924278125,0.9355375,320000,880000,1200000,88.0,1341440000,0.007161100000303122,0.00356869999995979,354.12646484375,0.5,40,16,16,0,0
ariad,10000,32,0,262,0.00018561416072770953,0.92429375,0.9355625,320000,880000,1200000,88.0,1341440000,0.006099900000663183,0.003370800000084273,354.12646484375,0.5,40,16,16,0,0
ariad,10000,32,0,263,0.00018561181786935776,0.924309375,0.935575,320000,880000,1200000,88.0,1341440000,0.006022699999448378,0.0033462000001236447,354.12646484375,0.5,40,16,16,0,0
ariad,10000,32,0,264,0.000185609984328039,0.924328125,0.935596875,320000,880000,1200000,88.0,1341440000,0.006026699999893026,0.0033266000000367058,354.12646484375,0.5,40,16,16,0,0
ariad,10000,32,0,265,0.00018561043543741107,0.924340625,0.9356,320000,880000,1200000,88.0,1341440000,0.006084599999667262,0.003382100000635546,354.31201171875,0.5,40,16,16,0,0
ariad,10000,32,0,266,0.00018561033357400447,0.924346875,0.9356,320000,880000,1200000,88.0,1341440000,0.006051400000615104,0.003349000000525848,354.12646484375,0.5,40,16,16,0,0
ariad,10000,32,0,267,0.00018561253091320395,0.92435,0.935609375,320000,880000,1200000,88.0,1341440000,0.00605100000029779,0.0033460999993621954,354.12646484375,0.5,40,16,16,0,0
ariad,10000,32,0,268,0.00018561328761279583,0.924353125,0.935625,320000,880000,1200000,88.0,1341440000,0.006178100000397535,0.003224199999749544,354.12646484375,0.5,40,16,16,0,0
ariad,10000,32,0,269,0.0001856125018093735,0.924359375,0.935634375,320000,880000,1200000,88.0,1341440000,0.006061299999601033,0.0033634000001256936,354.12646484375,0.5,40,16,16,0,0
ariad,10000,32,0,270,0.00018561261822469532,0.924371875,0.935646875,320000,880000,1200000,88.0,1341440000,0.0060106000000814674,0.0033114999996541883,354.12646484375,0.5,40,16,16,0,0
ariad,10000,32,0,271,0.0001856077869888395,0.924384375,0.9356625,320000,880000,1200000,88.0,1341440000,0.007304899999326153,0.003347300000314135,354.31201171875,0.5,40,16,16,0,0
ariad,10000,32,0,272,0.0001856068120105192,0.9243875,0.935671875,320000,880000,1200000,88.0,1341440000,0.006330399999569636,0.003651200000604149,354.12646484375,0.5,40,16,16,0,0
ariad,10000,32,0,273,0.00018560545868240297,0.92440625,0.935684375,320000,880000,1200000,88.0,1341440000,0.006010899999637331,0.0033411999993404606,354.12646484375,0.5,40,16,16,0,0
ariad,10000,32,0,274,0.00018560375610832125,0.924425,0.9356875,320000,880000,1200000,88.0,1341440000,0.006871900000078313,0.00335940000059054,354.12646484375,0.5,40,16,16,0,0
ariad,10000,32,0,275,0.0001856053713709116,0.924425,0.935709375,320000,880000,1200000,88.0,1341440000,0.006177399999614863,0.0034777000000758562,354.12646484375,0.5,40,16,16,0,0
ariad,10000,32,0,276,0.00018560529861133546,0.924434375,0.935725,320000,880000,1200000,88.0,1341440000,0.00601730000016687,0.0033675000004222966,354.12646484375,0.5,40,16,16,0,0
ariad,10000,32,0,277,0.00018560072930995375,0.924440625,0.935721875,320000,880000,1200000,88.0,1341440000,0.00598100000024715,0.003313400000479305,354.31201171875,0.5,40,16,16,0,0
ariad,10000,32,0,278,0.0001856016751844436,0.924446875,0.935728125,320000,880000,1200000,88.0,1341440000,0.005980500000077882,0.0032661999994161306,354.12646484375,0.5,40,16,16,0,0
ariad,10000,32,0,279,0.00018559643649496138,0.92445,0.935734375,320000,880000,1200000,88.0,1341440000,0.006053300000530726,0.0033575999996173778,354.12646484375,0.5,40,16,16,0,0
ariad,10000,32,0,280,0.00018559778982307762,0.924453125,0.93575,320000,880000,1200000,88.0,1341440000,0.009049799999957031,0.003395299999283452,354.12646484375,0.5,40,16,16,0,0
ariad,10000,32,0,281,0.00018559748423285782,0.924453125,0.935746875,320000,880000,1200000,88.0,1341440000,0.0060751999999411055,0.0033477000006314483,354.12646484375,0.5,40,16,16,0,0
ariad,10000,32,0,282,0.00018559812451712787,0.924453125,0.935753125,320000,880000,1200000,88.0,1341440000,0.008026099999369762,0.005340800000340096,354.12646484375,0.5,40,16,16,0,0
ariad,10000,32,0,283,0.00018559780437499285,0.92445625,0.935759375,320000,880000,1200000,88.0,1341440000,0.005903999999645748,0.0032436000001325738,354.31201171875,0.5,40,16,16,0,0
ariad,10000,32,0,284,0.00018559822638053447,0.92446875,0.93575625,320000,880000,1200000,88.0,1341440000,0.005963300000075833,0.0032467999999425956,354.12646484375,0.5,40,16,16,0,0
ariad,10000,32,0,285,0.00018559770251158625,0.924471875,0.93576875,320000,880000,1200000,88.0,1341440000,0.006046700000297278,0.0033537999997861334,354.12646484375,0.5,40,16,16,0,0
ariad,10000,32,0,286,0.00018559707677923143,0.924471875,0.935759375,320000,880000,1200000,88.0,1341440000,0.006217800000740681,0.00348169999961101,354.12646484375,0.5,40,16,16,0,0
ariad,10000,32,0,287,0.00018559554882813245,0.924478125,0.935765625,320000,880000,1200000,88.0,1341440000,0.005968599999505386,0.003275700000813231,354.12646484375,0.5,40,16,16,0,0
ariad,10000,32,0,288,0.00018559496675152332,0.9244875,0.935771875,320000,880000,1200000,88.0,1341440000,0.005969400000140013,0.003270199999860779,354.12646484375,0.5,40,16,16,0,0
ariad,10000,32,0,289,0.00018559410818852484,0.924484375,0.935775,320000,880000,1200000,88.0,1341440000,0.009661300000516349,0.0033687000004647416,354.31201171875,0.5,40,16,16,0,0
ariad,10000,32,0,290,0.00018559538875706494,0.9244875,0.935778125,320000,880000,1200000,88.0,1341440000,0.006345499999952153,0.0034486999993532663,354.12646484375,0.5,40,16,16,0,0
ariad,10000,32,0,291,0.00018559754244051874,0.9244875,0.935778125,320000,880000,1200000,88.0,1341440000,0.005960800000138988,0.003282200000285229,354.12646484375,0.5,40,16,16,0,0
ariad,10000,32,0,292,0.00018559720774646848,0.924490625,0.93578125,320000,880000,1200000,88.0,1341440000,0.005978999999570078,0.003292700000201876,354.12646484375,0.5,40,16,16,0,0
ariad,10000,32,0,293,0.00018559796444606036,0.924490625,0.935784375,320000,880000,1200000,88.0,1341440000,0.00601249999999709,0.00333649999993213,354.12646484375,0.5,40,16,16,0,0
ariad,10000,32,0,294,0.00018559390446171165,0.924490625,0.9357875,320000,880000,1200000,88.0,1341440000,0.006161899999824527,0.0034653000002435874,354.12646484375,0.5,40,16,16,0,0
ariad,10000,32,0,295,0.00018559166346676648,0.924496875,0.935784375,320000,880000,1200000,88.0,1341440000,0.006019200000082492,0.0033346999998684623,354.31201171875,0.5,40,16,16,0,0
ariad,10000,32,0,296,0.00018559276941232383,0.924496875,0.935784375,320000,880000,1200000,88.0,1341440000,0.006032299999787938,0.0033438999998907093,354.12646484375,0.5,40,16,16,0,0
ariad,10000,32,0,297,0.0001855939772212878,0.92450625,0.935796875,320000,880000,1200000,88.0,1341440000,0.006308699999863165,0.003344900000229245,354.12646484375,0.5,40,16,16,0,0
ariad,10000,32,0,298,0.0001855895243352279,0.9245125,0.9358,320000,880000,1200000,88.0,1341440000,0.005995200000143086,0.0033370999999533524,354.12646484375,0.5,40,16,16,0,0
ariad,10000,32,0,299,0.00018559073214419186,0.924509375,0.93580625,320000,880000,1200000,88.0,1341440000,0.006142000000181724,0.0032849999997779378,354.12646484375,0.5,40,16,16,0,0
ariad,10000,32,0,300,0.00018558792362455279,0.9245125,0.9358125,320000,880000,1200000,88.0,1341440000,0.005960699999377539,0.0033056000002034125,354.12646484375,0.5,40,16,16,0,0
ariad,10000,32,0,301,0.00018558799638412893,0.924515625,0.935815625,320000,880000,1200000,88.0,1341440000,0.005967300000520481,0.0032651999999870895,354.31201171875,0.5,40,16,16,0,0
ariad,10000,32,0,302,0.00018558981537353247,0.924515625,0.935821875,320000,880000,1200000,88.0,1341440000,0.006418599999960861,0.003348100000039267,354.12646484375,0.5,40,16,16,0,0
ariad,10000,32,0,303,0.0001855894224718213,0.924515625,0.935821875,320000,880000,1200000,88.0,1341440000,0.0059535000000323635,0.0032543999996050843,354.12646484375,0.5,40,16,16,0,0
ariad,10000,32,0,304,0.00018558729789219797,0.924521875,0.935828125,320000,880000,1200000,88.0,1341440000,0.006274499999562977,0.0032957999992504483,354.12646484375,0.5,40,16,16,0,0
ariad,10000,32,0,305,0.00018558691954240203,0.924521875,0.93581875,320000,880000,1200000,88.0,1341440000,0.005998200000249199,0.00335460000042076,354.12646484375,0.5,40,16,16,0,0
ariad,10000,32,0,306,0.00018558494048193097,0.924525,0.935821875,320000,880000,1200000,88.0,1341440000,0.006013100000018312,0.0033462000001236447,354.12646484375,0.5,40,16,16,0,0
ariad,10000,32,0,307,0.00018558539159130305,0.924525,0.935828125,320000,880000,1200000,88.0,1341440000,0.006021899999723246,0.0033578000002307817,354.31201171875,0.5,40,16,16,0,0
ariad,10000,32,0,308,0.00018558288866188377,0.924534375,0.935834375,320000,880000,1200000,88.0,1341440000,0.005997799999931885,0.00329169999986334,354.12646484375,0.5,40,16,16,0,0
ariad,10000,32,0,309,0.0001855850132415071,0.924534375,0.935834375,320000,880000,1200000,88.0,1341440000,0.007445600000210106,0.003372999999555759,354.12646484375,0.5,40,16,16,0,0
ariad,10000,32,0,310,0.0001855824957601726,0.9245375,0.9358375,320000,880000,1200000,88.0,1341440000,0.0060657999993054545,0.003353899999638088,354.12646484375,0.5,40,16,16,0,0
ariad,10000,32,0,311,0.0001855817681644112,0.92454375,0.93584375,320000,880000,1200000,88.0,1341440000,0.006045799999810697,0.0033370000001013977,354.12646484375,0.5,40,16,16,0,0
ariad,10000,32,0,312,0.00018558470765128732,0.924546875,0.935846875,320000,880000,1200000,88.0,1341440000,0.005979200000183482,0.0032831999997142702,354.12646484375,0.5,40,16,16,0,0
ariad,10000,32,0,313,0.00018558494048193097,0.92455,0.93585,320000,880000,1200000,88.0,1341440000,0.006072199999834993,0.003366199999618402,354.31201171875,0.5,40,16,16,0,0
ariad,10000,32,0,314,0.00018558441661298275,0.92455,0.93585625,320000,880000,1200000,88.0,1341440000,0.005977400000119815,0.0033024000003933907,354.12646484375,0.5,40,16,16,0,0
ariad,10000,32,0,315,0.0001855824957601726,0.92455,0.935859375,320000,880000,1200000,88.0,1341440000,0.0059871000003113295,0.0032644000002619578,354.12646484375,0.5,40,16,16,0,0
ariad,10000,32,0,316,0.00018558226292952895,0.924546875,0.93584375,320000,880000,1200000,88.0,1341440000,0.006010899999637331,0.003336600000693579,354.12646484375,0.5,40,16,16,0,0
ariad,10000,32,0,317,0.00018558335432317108,0.924553125,0.935846875,320000,880000,1200000,88.0,1341440000,0.006067900000743975,0.003383199999916542,354.12646484375,0.5,40,16,16,0,0
ariad,10000,32,0,318,0.00018558399460744113,0.92455,0.935853125,320000,880000,1200000,88.0,1341440000,0.005932000000029802,0.0032846000003701192,354.12646484375,0.5,40,16,16,0,0
ariad,10000,32,0,319,0.00018558380543254316,0.924553125,0.935859375,320000,880000,1200000,88.0,1341440000,0.006345599999804108,0.0034200000000055297,354.31201171875,0.5,40,16,16,0,0
ariad,10000,32,0,320,0.00018558374722488225,0.92455625,0.9358625,320000,880000,1200000,88.0,1341440000,0.006081800000174553,0.0033776999998735846,354.12646484375,0.5,40,16,16,0,0
ariad,10000,32,0,321,0.00018558363080956042,0.92455625,0.935865625,320000,880000,1200000,88.0,1341440000,0.006265100000746315,0.0033512999998492887,354.12646484375,0.5,40,16,16,0,0
ariad,10000,32,0,322,0.00018558392184786499,0.924559375,0.935865625,320000,880000,1200000,88.0,1341440000,0.006009400000039022,0.003347399999256595,354.12646484375,0.5,40,16,16,0,0
ariad,10000,32,0,323,0.00018558165174908936,0.9245625,0.93586875,320000,880000,1200000,88.0,1341440000,0.006014399999912712,0.003340600000228733,354.12646484375,0.5,40,16,16,0,0
ariad,10000,32,0,324,0.00018558015290182084,0.924565625,0.935878125,320000,880000,1200000,88.0,1341440000,0.006098799999563198,0.0034188999998150393,354.12646484375,0.5,40,16,16,0,0
ariad,10000,32,0,325,0.00018557919247541577,0.924575,0.935875,320000,880000,1200000,88.0,1341440000,0.0060430000003179885,0.0033576000005268725,354.31201171875,0.5,40,16,16,0,0
ariad,10000,32,0,326,0.00018558082228992134,0.92458125,0.935871875,320000,880000,1200000,88.0,1341440000,0.005948099999841361,0.0032804000002215616,354.12646484375,0.5,40,16,16,0,0
ariad,10000,32,0,327,0.00018558010924607515,0.924578125,0.935871875,320000,880000,1200000,88.0,1341440000,0.006005700000059733,0.0032897000000957632,354.12646484375,0.5,40,16,16,0,0
ariad,10000,32,0,328,0.00018558010924607515,0.924578125,0.935875,320000,880000,1200000,88.0,1341440000,0.006002400000397756,0.0032921000001806533,354.12646484375,0.5,40,16,16,0,0
ariad,10000,32,0,329,0.00018557885778136551,0.92458125,0.93588125,320000,880000,1200000,88.0,1341440000,0.006169399999635061,0.003469500000392145,354.12646484375,0.5,40,16,16,0,0
ariad,10000,32,0,330,0.00018557976000010967,0.924578125,0.935884375,320000,880000,1200000,88.0,1341440000,0.005959000000075321,0.003271599999607133,354.12646484375,0.5,40,16,16,0,0
ariad,10000,32,0,331,0.0001855780283221975,0.92458125,0.93588125,320000,880000,1200000,88.0,1341440000,0.0059716000005209935,0.0033026000000973,354.31201171875,0.5,40,16,16,0,0
ariad,10000,32,0,332,0.00018557629664428532,0.9245875,0.935884375,320000,880000,1200000,88.0,1341440000,0.006010799999785377,0.0033181999997395906,354.12646484375,0.5,40,16,16,0,0
ariad,10000,32,0,333,0.00018557615112513304,0.92459375,0.935890625,320000,880000,1200000,88.0,1341440000,0.005971100000351726,0.0033060000005207257,354.12646484375,0.5,40,16,16,0,0
ariad,10000,32,0,334,0.00018557600560598075,0.92459375,0.93589375,320000,880000,1200000,88.0,1341440000,0.00663299999996525,0.003337400000418711,354.12646484375,0.5,40,16,16,0,0
ariad,10000,32,0,335,0.0001855773152783513,0.92459375,0.93589375,320000,880000,1200000,88.0,1341440000,0.0059467000000950065,0.0032787999998618034,354.12646484375,0.5,40,16,16,0,0
ariad,10000,32,0,336,0.0001855771552072838,0.924596875,0.93589375,320000,880000,1200000,88.0,1341440000,0.005985099999634258,0.0032825999996930477,354.12646484375,0.5,40,16,16,0,0
ariad,10000,32,0,337,0.00018557712610345334,0.924603125,0.935903125,320000,880000,1200000,88.0,1341440000,0.005992699999296747,0.0033092000003307476,354.31201171875,0.5,40,16,16,0,0
ariad,10000,32,0,338,0.0001855771552072838,0.924609375,0.93590625,320000,880000,1200000,88.0,1341440000,0.0065987999996650615,0.0038255999998000334,354.12646484375,0.5,40,16,16,0,0
ariad,10000,32,0,339,0.0001855769514804706,0.924609375,0.935896875,320000,880000,1200000,88.0,1341440000,0.005991600000015751,0.0033462000001236447,354.12646484375,0.5,40,16,16,0,0
ariad,10000,32,0,340,0.0001855770533438772,0.924609375,0.93589375,320000,880000,1200000,88.0,1341440000,0.005945199999587203,0.0032928000000538304,354.12646484375,0.5,40,16,16,0,0
ariad,10000,32,0,341,0.00018557683506514877,0.924609375,0.93589375,320000,880000,1200000,88.0,1341440000,0.006008700000165845,0.0033585999999559135,354.12646484375,0.5,40,16,16,0,0
ariad,10000,32,0,342,0.00018557523435447365,0.92460625,0.9359,320000,880000,1200000,88.0,1341440000,0.006165300000247953,0.0034091999996235245,354.12646484375,0.5,40,16,16,0,0
ariad,10000,32,0,343,0.0001855760783655569,0.924609375,0.93590625,320000,880000,1200000,88.0,1341440000,0.005982600000606908,0.0032833999994181795,354.31201171875,0.5,40,16,16,0,0
ariad,10000,32,0,344,0.00018557709699962288,0.92460625,0.9359,320000,880000,1200000,88.0,1341440000,0.006006200000229001,0.0033320000002277084,354.12646484375,0.5,40,16,16,0,0
ariad,10000,32,0,345,0.0001855755690485239,0.924609375,0.935903125,320000,880000,1200000,88.0,1341440000,0.005996299999424082,0.0033125999998446787,354.12646484375,0.5,40,16,16,0,0
ariad,10000,32,0,346,0.0001855738810263574,0.924609375,0.93590625,320000,880000,1200000,88.0,1341440000,0.005891199999496166,0.003216999999494874,354.12646484375,0.5,40,16,16,0,0
ariad,10000,32,0,347,0.00018557657313067466,0.9246125,0.93590625,320000,880000,1200000,88.0,1341440000,0.005943500000284985,0.0033020000000760774,354.12646484375,0.5,40,16,16,0,0
ariad,10000,32,0,348,0.0001855754089774564,0.924615625,0.935903125,320000,880000,1200000,88.0,1341440000,0.006208599999808939,0.0034628000003067427,354.12646484375,0.5,40,16,16,0,0
ariad,10000,32,0,349,0.00018557465227786452,0.92461875,0.935903125,320000,880000,1200000,88.0,1341440000,0.006020300000272982,0.003307899999526853,354.31201171875,0.5,40,16,16,0,0
ariad,10000,32,0,350,0.00018557475414127111,0.92461875,0.93590625,320000,880000,1200000,88.0,1341440000,0.006016100000124425,0.0033496999994895305,354.12646484375,0.5,40,16,16,0,0
ariad,10000,32,0,351,0.00018557204748503864,0.924621875,0.935921875,320000,880000,1200000,88.0,1341440000,0.0063148999997793,0.0033665999999357155,354.12646484375,0.5,40,16,16,0,0
ariad,10000,32,0,352,0.00018557201838120818,0.924621875,0.93593125,320000,880000,1200000,88.0,1341440000,0.005945199999587203,0.0032741999993959325,354.12646484375,0.5,40,16,16,0,0
ariad,10000,32,0,353,0.00018557168368715793,0.92461875,0.93593125,320000,880000,1200000,88.0,1341440000,0.005996899999445304,0.0033244999995076796,354.12646484375,0.5,40,16,16,0,0
ariad,10000,32,0,354,0.00018556868599262089,0.924621875,0.93593125,320000,880000,1200000,88.0,1341440000,0.005950700000539655,0.00326870000026247,354.12646484375,0.5,40,16,16,0,0
ariad,10000,32,0,355,0.000185567929293029,0.924621875,0.935934375,320000,880000,1200000,88.0,1341440000,0.006355900000016845,0.0032968999994409387,354.31201171875,0.5,40,16,16,0,0
ariad,10000,32,0,356,0.0001855693553807214,0.92461875,0.935934375,320000,880000,1200000,88.0,1341440000,0.0060362000003806315,0.0033539000005475827,354.12646484375,0.5,40,16,16,0,0
ariad,10000,32,0,357,0.0001855711016105488,0.924621875,0.935934375,320000,880000,1200000,88.0,1341440000,0.005999599999995553,0.0032968000004984788,354.12646484375,0.5,40,16,16,0,0
ariad,10000,32,0,358,0.0001855698210420087,0.924621875,0.935934375,320000,880000,1200000,88.0,1341440000,0.005957000000307744,0.003312799999548588,354.12646484375,0.5,40,16,16,0,0
ariad,10000,32,0,359,0.00018556944269221276,0.924621875,0.9359375,320000,880000,1200000,88.0,1341440000,0.0060671999999613035,0.003353199999764911,354.12646484375,0.5,40,16,16,0,0
ariad,10000,32,0,360,0.00018556909344624728,0.924621875,0.935934375,320000,880000,1200000,88.0,1341440000,0.005966200000329991,0.003305999999611231,354.12646484375,0.5,40,16,16,0,0
ariad,10000,32,0,361,0.00018556950089987367,0.924621875,0.935925,320000,880000,1200000,88.0,1341440000,0.005985400000099617,0.003329499999381369,354.31201171875,0.5,40,16,16,0,0
ariad,10000,32,0,362,0.0001855701266322285,0.924625,0.935925,320000,880000,1200000,88.0,1341440000,0.006147999999484455,0.0034342999997534207,354.12646484375,0.5,40,16,16,0,0
ariad,10000,32,0,363,0.00018556932627689093,0.924625,0.935928125,320000,880000,1200000,88.0,1341440000,0.006053000000065367,0.0033397999995941063,354.12646484375,0.5,40,16,16,0,0
ariad,10000,32,0,364,0.0001855695154517889,0.924625,0.935934375,320000,880000,1200000,88.0,1341440000,0.006115500000305474,0.0034234000004289555,354.12646484375,0.5,40,16,16,0,0
ariad,10000,32,0,365,0.00018556875875219703,0.924625,0.9359375,320000,880000,1200000,88.0,1341440000,0.005932099999881757,0.003243799999836483,354.12646484375,0.5,40,16,16,0,0
ariad,10000,32,0,366,0.00018556875875219703,0.924625,0.935934375,320000,880000,1200000,88.0,1341440000,0.005932199999733712,0.003289799999947718,354.12646484375,0.5,40,16,16,0,0
ariad,10000,32,0,367,0.00018556584836915135,0.92463125,0.935940625,320000,880000,1200000,88.0,1341440000,0.007369500000095286,0.004493499999625783,354.31201171875,0.5,40,16,16,0,0
ariad,10000,32,0,368,0.00018556563009042293,0.924628125,0.93594375,320000,880000,1200000,88.0,1341440000,0.0059716000005209935,0.003277900000284717,354.12646484375,0.5,40,16,16,0,0
ariad,10000,32,0,369,0.00018556442228145897,0.92463125,0.935946875,320000,880000,1200000,88.0,1341440000,0.006019800000103714,0.003331400000206486,354.12646484375,0.5,40,16,16,0,0
ariad,10000,32,0,370,0.0001855654554674402,0.924634375,0.93595,320000,880000,1200000,88.0,1341440000,0.007191799999418436,0.0036883999991914607,354.12646484375,0.5,40,16,16,0,0
ariad,10000,32,0,371,0.00018556509166955948,0.924640625,0.935953125,320000,880000,1200000,88.0,1341440000,0.0060659999999188585,0.003380699999979697,354.12646484375,0.5,40,16,16,0,0
ariad,10000,32,0,372,0.00018556471331976354,0.924640625,0.93595625,320000,880000,1200000,88.0,1341440000,0.006037000000105763,0.0033748999994713813,354.12646484375,0.5,40,16,16,0,0
ariad,10000,32,0,373,0.00018556449504103512,0.924640625,0.93595625,320000,880000,1200000,88.0,1341440000,0.006017000000611006,0.003321400000459107,354.31201171875,0.5,40,16,16,0,0
ariad,10000,32,0,374,0.000185565251740627,0.924640625,0.935953125,320000,880000,1200000,88.0,1341440000,0.0060570999994524755,0.0033983000002990593,354.12646484375,0.5,40,16,16,0,0
ariad,10000,32,0,375,0.00018556533905211836,0.924640625,0.935953125,320000,880000,1200000,88.0,1341440000,0.0059029000003647525,0.003217200000108278,354.12646484375,0.5,40,16,16,0,0
ariad,10000,32,0,376,0.00018556554277893156,0.9246375,0.93595,320000,880000,1200000,88.0,1341440000,0.00595919999977923,0.003280300000369607,354.12646484375,0.5,40,16,16,0,0
ariad,10000,32,0,377,0.00018556509166955948,0.9246375,0.93594375,320000,880000,1200000,88.0,1341440000,0.006073600000490842,0.0033556000007592957,354.12646484375,0.5,40,16,16,0,0
ariad,10000,32,0,378,0.00018556547001935542,0.924640625,0.93594375,320000,880000,1200000,88.0,1341440000,0.0060609000001932145,0.0033788999999160296,354.12646484375,0.5,40,16,16,0,0
ariad,10000,32,0,379,0.00018556468421593308,0.924634375,0.935946875,320000,880000,1200000,88.0,1341440000,0.006055500000002212,0.0034210000003440655,354.31201171875,0.5,40,16,16,0,0
ariad,10000,32,0,380,0.00018556774011813104,0.924634375,0.93595625,320000,880000,1200000,88.0,1341440000,0.006009300000187068,0.003344699999615841,354.12646484375,0.5,40,16,16,0,0
ariad,10000,32,0,381,0.0001855668961070478,0.924634375,0.935959375,320000,880000,1200000,88.0,1341440000,0.0061722000000372645,0.0032894000005398993,354.12646484375,0.5,40,16,16,0,0
ariad,10000,32,0,382,0.00018556693976279348,0.924640625,0.93595625,320000,880000,1200000,88.0,1341440000,0.0060156999998071115,0.0033475000000180444,354.12646484375,0.5,40,16,16,0,0
ariad,10000,32,0,383,0.0001855667942436412,0.924640625,0.935959375,320000,880000,1200000,88.0,1341440000,0.005944400000771566,0.0032749999991210643,354.12646484375,0.5,40,16,16,0,0
ariad,10000,32,0,384,0.000185565251740627,0.924640625,0.93595625,320000,880000,1200000,88.0,1341440000,0.006020900000294205,0.0033368999993399484,354.12646484375,0.5,40,16,16,0,0
ariad,10000,32,0,385,0.00018556621216703206,0.924640625,0.93595625,320000,880000,1200000,88.0,1341440000,0.006109500000093249,0.0034123999994335463,354.31201171875,0.5,40,16,16,0,0
ariad,10000,32,0,386,0.000185564233106561,0.924640625,0.93595625,320000,880000,1200000,88.0,1341440000,0.006066400000236172,0.0033401999999114196,354.12646484375,0.5,40,16,16,0,0
ariad,10000,32,0,387,0.00018556506256572902,0.924646875,0.9359625,320000,880000,1200000,88.0,1341440000,0.006064600000172504,0.0033450999999331543,354.12646484375,0.5,40,16,16,0,0
ariad,10000,32,0,388,0.00018556544091552496,0.924646875,0.935965625,320000,880000,1200000,88.0,1341440000,0.006097499999668798,0.0033552000004419824,354.12646484375,0.5,40,16,16,0,0
ariad,10000,32,0,389,0.00018556583381723613,0.924646875,0.935959375,320000,880000,1200000,88.0,1341440000,0.008092299999589159,0.005311299999448238,354.12646484375,0.5,40,16,16,0,0
ariad,10000,32,0,390,0.00018556698341853917,0.924646875,0.935953125,320000,880000,1200000,88.0,1341440000,0.006058699999812234,0.0033617999997659354,354.12646484375,0.5,40,16,16,0,0
ariad,10000,32,0,391,0.00018556836585048586,0.924646875,0.93595625,320000,880000,1200000,88.0,1341440000,0.006190799999785668,0.003446700000495184,354.31201171875,0.5,40,16,16,0,0
ariad,10000,32,0,392,0.00018556513532530516,0.92465,0.935959375,320000,880000,1200000,88.0,1341440000,0.005935800000770541,0.003254499999457039,354.12646484375,0.5,40,16,16,0,0
ariad,10000,32,0,393,0.00018556522263679653,0.924646875,0.935965625,320000,880000,1200000,88.0,1341440000,0.005970299999717099,0.0032712000001993147,354.12646484375,0.5,40,16,16,0,0
ariad,10000,32,0,394,0.00018556384020484984,0.92464375,0.935975,320000,880000,1200000,88.0,1341440000,0.006607100000110222,0.003843399999823305,354.12646484375,0.5,40,16,16,0,0
ariad,10000,32,0,395,0.00018556466966401786,0.924646875,0.935971875,320000,880000,1200000,88.0,1341440000,0.006352000000333646,0.0034335999998802436,354.12646484375,0.5,40,16,16,0,0
ariad,10000,32,0,396,0.0001855645386967808,0.924646875,0.935971875,320000,880000,1200000,88.0,1341440000,0.006085999999413616,0.0034118000003218185,354.12646484375,0.5,40,16,16,0,0
ariad,10000,32,0,397,0.00018556449504103512,0.924646875,0.935975,320000,880000,1200000,88.0,1341440000,0.005951400000412832,0.0033061999993151403,354.31201171875,0.5,40,16,16,0,0
ariad,10000,32,0,398,0.0001855654118116945,0.92465,0.935975,320000,880000,1200000,88.0,1341440000,0.006231800000023213,0.0035110999997414183,354.12646484375,0.5,40,16,16,0,0
ariad,10000,32,0,399,0.00018556532450020313,0.924653125,0.935975,320000,880000,1200000,88.0,1341440000,0.005926299999373441,0.0032182000004468136,354.12646484375,0.5,40,16,16,0,0
ariad,10000,32,0,400,0.00018556378199718893,0.92465625,0.935971875,320000,880000,1200000,88.0,1341440000,0.006055900000319525,0.003344499999911932,354.12646484375,0.5,40,16,16,0,0
ariad,10000,32,0,401,0.0001855628506746143,0.9246625,0.935971875,320000,880000,1200000,88.0,1341440000,0.006123699999989185,0.0034187999999630847,354.12646484375,0.5,40,16,16,0,0
ariad,10000,32,0,402,0.00018556312716100365,0.924659375,0.935978125,320000,880000,1200000,88.0,1341440000,0.006060400000023947,0.0034042999996017898,354.12646484375,0.5,40,16,16,0,0
ariad,10000,32,0,403,0.00018556341819930822,0.924665625,0.935984375,320000,880000,1200000,88.0,1341440000,0.005971900000076857,0.0032608000001346227,354.31201171875,0.5,40,16,16,0,0
ariad,10000,32,0,404,0.00018556641589384526,0.9246625,0.935990625,320000,880000,1200000,88.0,1341440000,0.0063152000002446584,0.0035507000002326095,354.12646484375,0.5,40,16,16,0,0
ariad,10000,32,0,405,0.0001855663285823539,0.9246625,0.935990625,320000,880000,1200000,88.0,1341440000,0.006177999999636086,0.003420400000322843,354.12646484375,0.5,40,16,16,0,0
ariad,10000,32,0,406,0.0001855658192653209,0.924665625,0.93599375,320000,880000,1200000,88.0,1341440000,0.00599060000058671,0.003283500000179629,354.12646484375,0.5,40,16,16,0,0
ariad,10000,32,0,407,0.00018556568829808384,0.924665625,0.93599375,320000,880000,1200000,88.0,1341440000,0.00816209999993589,0.005316300000231422,354.12646484375,0.5,40,16,16,0,0
ariad,10000,32,0,408,0.00018556574650574476,0.924665625,0.93599375,320000,880000,1200000,88.0,1341440000,0.006042100000740902,0.003347300000314135,354.12646484375,0.5,40,16,16,0,0
ariad,10000,32,0,409,0.0001855651062214747,0.92466875,0.93599375,320000,880000,1200000,88.0,1341440000,0.006083700000090175,0.003369399999428424,354.31201171875,0.5,40,16,16,0,0
ariad,10000,32,0,410,0.00018556503346189857,0.924665625,0.9359875,320000,880000,1200000,88.0,1341440000,0.006090400000175578,0.0033775000001696753,354.12646484375,0.5,40,16,16,0,0
ariad,10000,32,0,411,0.00018556362192612141,0.924665625,0.93598125,320000,880000,1200000,88.0,1341440000,0.006337700000585755,0.0034241000003021327,354.12646484375,0.5,40,16,16,0,0
ariad,10000,32,0,412,0.00018556378199718893,0.924665625,0.935984375,320000,880000,1200000,88.0,1341440000,0.0059506000006877,0.0032882000004974543,354.12646484375,0.5,40,16,16,0,0
ariad,10000,32,0,413,0.00018556529539637268,0.924659375,0.935984375,320000,880000,1200000,88.0,1341440000,0.006007799999679264,0.003323699999782548,354.12646484375,0.5,40,16,16,0,0
ariad,10000,32,0,414,0.00018556574650574476,0.9246625,0.935984375,320000,880000,1200000,88.0,1341440000,0.006121499999608204,0.0033578000002307817,354.12646484375,0.5,40,16,16,0,0
ariad,10000,32,0,415,0.00018556563009042293,0.9246625,0.9359875,320000,880000,1200000,88.0,1341440000,0.00763589999951364,0.004877200000009907,354.31201171875,0.5,40,16,16,0,0
ariad,10000,32,0,416,0.0001855649024946615,0.924665625,0.9359875,320000,880000,1200000,88.0,1341440000,0.007445199999892793,0.00477009999940492,354.12646484375,0.5,40,16,16,0,0
ariad,10000,32,0,417,0.00018556501890998334,0.924665625,0.935990625,320000,880000,1200000,88.0,1341440000,0.006120599999121623,0.0033855000001494773,354.12646484375,0.5,40,16,16,0,0
ariad,10000,32,0,418,0.00018556337454356253,0.92466875,0.935990625,320000,880000,1200000,88.0,1341440000,0.005956699999842385,0.0032700000001568696,354.12646484375,0.5,40,16,16,0,0
ariad,10000,32,0,419,0.0001855639711720869,0.924675,0.935990625,320000,880000,1200000,88.0,1341440000,0.006038800000169431,0.0033421000007365365,354.12646484375,0.5,40,16,16,0,0
ariad,10000,32,0,420,0.00018556503346189857,0.924675,0.93599375,320000,880000,1200000,88.0,1341440000,0.006302499999947031,0.0036026999996465747,354.12646484375,0.5,40,16,16,0,0
ariad,10000,32,0,421,0.00018556498980615288,0.924675,0.93599375,320000,880000,1200000,88.0,1341440000,0.005990800000290619,0.003321400000459107,354.31201171875,0.5,40,16,16,0,0
ariad,10000,32,0,422,0.00018556645954959095,0.924671875,0.93599375,320000,880000,1200000,88.0,1341440000,0.006119499999840627,0.003453799999988405,354.12646484375,0.5,40,16,16,0,0
ariad,10000,32,0,423,0.00018556686700321734,0.924671875,0.936,320000,880000,1200000,88.0,1341440000,0.005995900000016263,0.0033017999994626734,354.12646484375,0.5,40,16,16,0,0
ariad,10000,32,0,424,0.0001855640293797478,0.924675,0.936,320000,880000,1200000,88.0,1341440000,0.006687799999781419,0.003350500000124157,354.12646484375,0.5,40,16,16,0,0
ariad,10000,32,0,425,0.0001855653536040336,0.924671875,0.935996875,320000,880000,1200000,88.0,1341440000,0.006034399999407469,0.00333039999986795,354.12646484375,0.5,40,16,16,0,0
ariad,10000,32,0,426,0.00018556708528194577,0.92466875,0.936003125,320000,880000,1200000,88.0,1341440000,0.005968200000097568,0.003281000000242784,354.12646484375,0.5,40,16,16,0,0
ariad,10000,32,0,427,0.0001855659211287275,0.924675,0.936003125,320000,880000,1200000,88.0,1341440000,0.00610800000049494,0.0033888999996634084,354.31201171875,0.5,40,16,16,0,0
ariad,10000,32,0,428,0.00018556641589384526,0.92466875,0.936,320000,880000,1200000,88.0,1341440000,0.008598300000812742,0.005848799999512266,354.12646484375,0.5,40,16,16,0,0
ariad,10000,32,0,429,0.0001855672016972676,0.92466875,0.936,320000,880000,1200000,88.0,1341440000,0.0060945999994146405,0.003394299999854411,354.12646484375,0.5,40,16,16,0,0
ariad,10000,32,0,430,0.0001855663867900148,0.924675,0.936,320000,880000,1200000,88.0,1341440000,0.006059999999706633,0.0033728999997038045,354.12646484375,0.5,40,16,16,0,0
ariad,10000,32,0,431,0.000185568438610062,0.924675,0.935996875,320000,880000,1200000,88.0,1341440000,0.00627970000005007,0.0035914000000047963,354.12646484375,0.5,40,16,16,0,0
ariad,10000,32,0,432,0.0001855743321357295,0.924675,0.93600625,320000,880000,1200000,88.0,1341440000,0.006669100000181061,0.003388999999515363,354.12646484375,0.5,40,16,16,0,0
ariad,10000,32,0,433,0.00018557815928943455,0.924675,0.936003125,320000,880000,1200000,88.0,1341440000,0.006191099999341532,0.0034629000001586974,354.31201171875,0.5,40,16,16,0,0
ariad,10000,32,0,434,0.00018558143347036093,0.924675,0.936,320000,880000,1200000,88.0,1341440000,0.006251800000427465,0.003315800000564195,354.12646484375,0.5,40,16,16,0,0
ariad,10000,32,0,435,0.000185578188393265,0.924678125,0.93600625,320000,880000,1200000,88.0,1341440000,0.0060449999991760706,0.003302800000710704,354.12646484375,0.5,40,16,16,0,0
ariad,10000,32,0,436,0.00018557332805357873,0.924678125,0.935996875,320000,880000,1200000,88.0,1341440000,0.005947000000560365,0.003262199999880977,354.12646484375,0.5,40,16,16,0,0
ariad,10000,32,0,437,0.00018556680879555643,0.924678125,0.935996875,320000,880000,1200000,88.0,1341440000,0.006051299999853654,0.0033665999999357155,354.12646484375,0.5,40,16,16,0,0
ariad,10000,32,0,438,0.000185563403647393,0.924678125,0.936003125,320000,880000,1200000,88.0,1341440000,0.00608979999924486,0.0033868999998958316,354.12646484375,0.5,40,16,16,0,0
ariad,10000,32,0,439,0.00018556727445684373,0.924678125,0.935996875,320000,880000,1200000,88.0,1341440000,0.006014300000060757,0.0033428000006097136,354.31201171875,0.5,40,16,16,0,0
ariad,10000,32,0,440,0.0001855702284956351,0.924678125,0.936003125,320000,880000,1200000,88.0,1341440000,0.0059856999996554805,0.003269400000135647,354.12646484375,0.5,40,16,16,0,0
ariad,10000,32,0,441,0.00018557088333182037,0.92468125,0.936003125,320000,880000,1200000,88.0,1341440000,0.0060761999993701465,0.0033895999995365855,354.12646484375,0.5,40,16,16,0,0
ariad,10000,32,0,442,0.00018556861323304474,0.924684375,0.936003125,320000,880000,1200000,88.0,1341440000,0.006242800000109128,0.0034967999999935273,354.12646484375,0.5,40,16,16,0,0
ariad,10000,32,0,443,0.00018556557188276201,0.92468125,0.936009375,320000,880000,1200000,88.0,1341440000,0.00648410000030708,0.003800999999839405,354.12646484375,0.5,40,16,16,0,0
ariad,10000,32,0,444,0.00018556580471340567,0.924684375,0.936015625,320000,880000,1200000,88.0,1341440000,0.006069500000194239,0.003372000000126718,354.12646484375,0.5,40,16,16,0,0
ariad,10000,32,0,445,0.00018556804570835084,0.924684375,0.936015625,320000,880000,1200000,88.0,1341440000,0.006066599999940081,0.003390600000784616,354.31201171875,0.5,40,16,16,0,0
ariad,10000,32,0,446,0.00018556875875219703,0.924684375,0.936009375,320000,880000,1200000,88.0,1341440000,0.006010999999489286,0.0033012000003509456,354.12646484375,0.5,40,16,16,0,0
ariad,10000,32,0,447,0.00018556682334747165,0.924684375,0.936003125,320000,880000,1200000,88.0,1341440000,0.006088099999942642,0.0033552999993844423,354.12646484375,0.5,40,16,16,0,0
ariad,10000,32,0,448,0.00018556493159849197,0.92468125,0.936003125,320000,880000,1200000,88.0,1341440000,0.006024000000252272,0.00331220000043686,354.12646484375,0.5,40,16,16,0,0
ariad,10000,32,0,449,0.00018556503346189857,0.9246875,0.936,320000,880000,1200000,88.0,1341440000,0.0060623999997915234,0.003370500000528409,354.12646484375,0.5,40,16,16,0,0
ariad,10000,32,0,450,0.00018556660506874323,0.92468125,0.936009375,320000,880000,1200000,88.0,1341440000,0.00602569999955449,0.0033639000002949615,354.12646484375,0.5,40,16,16,0,0
ariad,10000,32,0,451,0.00018556871509645134,0.924678125,0.936003125,320000,880000,1200000,88.0,1341440000,0.00599789999978384,0.0032920000003286987,354.31201171875,0.5,40,16,16,0,0
ariad,10000,32,0,452,0.00018556733266450465,0.924675,0.936009375,320000,880000,1200000,88.0,1341440000,0.006293499999628693,0.003417299999455281,354.12646484375,0.5,40,16,16,0,0
ariad,10000,32,0,453,0.0001855646987678483,0.924678125,0.936009375,320000,880000,1200000,88.0,1341440000,0.006112099999882048,0.003392300000086834,354.12646484375,0.5,40,16,16,0,0
ariad,10000,32,0,454,0.000185564742423594,0.924678125,0.936009375,320000,880000,1200000,88.0,1341440000,0.006097299999964889,0.003409500000088883,354.12646484375,0.5,40,16,16,0,0
ariad,10000,32,0,455,0.00018556615395937115,0.924675,0.936009375,320000,880000,1200000,88.0,1341440000,0.006806200000028184,0.004128000000491738,354.12646484375,0.5,40,16,16,0,0
ariad,10000,32,0,456,0.00018556673603598028,0.924678125,0.936,320000,880000,1200000,88.0,1341440000,0.005981199999951059,0.0033060000005207257,354.12646484375,0.5,40,16,16,0,0
ariad,10000,32,0,457,0.00018556605209596455,0.92468125,0.936009375,320000,880000,1200000,88.0,1341440000,0.0060376999999789405,0.003288700000666722,354.31201171875,0.5,40,16,16,0,0
ariad,10000,32,0,458,0.00018556686700321734,0.924684375,0.936009375,320000,880000,1200000,88.0,1341440000,0.006030500000633765,0.0033720999999786727,354.12646484375,0.5,40,16,16,0,0
ariad,10000,32,0,459,0.00018556654686108232,0.924678125,0.936009375,320000,880000,1200000,88.0,1341440000,0.006071100000553997,0.0033772000006138114,354.12646484375,0.5,40,16,16,0,0
ariad,10000,32,0,460,0.00018556798750068992,0.924678125,0.936015625,320000,880000,1200000,88.0,1341440000,0.0059636999994836515,0.0032845999994606245,354.12646484375,0.5,40,16,16,0,0
ariad,10000,32,0,461,0.00018556667782831937,0.92468125,0.936009375,320000,880000,1200000,88.0,1341440000,0.006117300000369141,0.003402000000278349,354.12646484375,0.5,40,16,16,0,0
ariad,10000,32,0,462,0.00018556647410150617,0.92468125,0.936009375,320000,880000,1200000,88.0,1341440000,0.006041899999218003,0.0033544000007168506,354.12646484375,0.5,40,16,16,0,0
ariad,10000,32,0,463,0.00018556654686108232,0.92468125,0.936009375,320000,880000,1200000,88.0,1341440000,0.005955100000392122,0.0032934999999270076,354.31201171875,0.5,40,16,16,0,0
ariad,10000,32,0,464,0.00018556752183940262,0.92468125,0.936015625,320000,880000,1200000,88.0,1341440000,0.006085200000597979,0.0033459999995102407,354.12646484375,0.5,40,16,16,0,0
ariad,10000,32,0,465,0.00018556907889433205,0.924678125,0.93600625,320000,880000,1200000,88.0,1341440000,0.006021400000463473,0.003313700000035169,354.12646484375,0.5,40,16,16,0,0
ariad,10000,32,0,466,0.00018557252769824117,0.924675,0.93600625,320000,880000,1200000,88.0,1341440000,0.006067000000257394,0.003357999999934691,354.12646484375,0.5,40,16,16,0,0
ariad,10000,32,0,467,0.00018557340081315488,0.924678125,0.936003125,320000,880000,1200000,88.0,1341440000,0.0059897999999520835,0.0033136000001832144,354.12646484375,0.5,40,16,16,0,0
ariad,10000,32,0,468,0.00018557750445324928,0.92468125,0.93600625,320000,880000,1200000,88.0,1341440000,0.005966599999737809,0.003267799999775889,354.12646484375,0.5,40,16,16,0,0
ariad,10000,32,0,469,0.00018557942530605942,0.924678125,0.935996875,320000,880000,1200000,88.0,1341440000,0.006054400000721216,0.003321400000459107,354.31201171875,0.5,40,16,16,0,0
ariad,10000,32,0,470,0.00018558016745373607,0.924678125,0.936003125,320000,880000,1200000,88.0,1341440000,0.006003899999996065,0.003327299999909883,354.12646484375,0.5,40,16,16,0,0
ariad,10000,32,0,471,0.00018557417206466198,0.92468125,0.936,320000,880000,1200000,88.0,1341440000,0.0060016000006726244,0.0033230999997613253,354.12646484375,0.5,40,16,16,0,0
ariad,10000,32,0,472,0.00018556871509645134,0.924678125,0.9360125,320000,880000,1200000,88.0,1341440000,0.006089800000154355,0.0032683999997971114,354.12646484375,0.5,40,16,16,0,0
ariad,10000,32,0,473,0.00018556842405814677,0.92468125,0.936009375,320000,880000,1200000,88.0,1341440000,0.006020199999511533,0.00337039999976696,354.12646484375,0.5,40,16,16,0,0
ariad,10000,32,0,474,0.0001855690497905016,0.924678125,0.93600625,320000,880000,1200000,88.0,1341440000,0.005948799999714538,0.003303100000266568,354.12646484375,0.5,40,16,16,0,0
ariad,10000,32,0,475,0.00018557035946287215,0.924678125,0.9360125,320000,880000,1200000,88.0,1341440000,0.006021099999998114,0.003344499999911932,354.31201171875,0.5,40,16,16,0,0
ariad,10000,32,0,476,0.00018557015573605895,0.92468125,0.936009375,320000,880000,1200000,88.0,1341440000,0.005987700000332552,0.0033438999998907093,354.12646484375,0.5,40,16,16,0,0
ariad,10000,32,0,477,0.0001855683804024011,0.92468125,0.936009375,320000,880000,1200000,88.0,1341440000,0.005997199999910663,0.003330900000037218,354.12646484375,0.5,40,16,16,0,0
ariad,10000,32,0,478,0.00018556557188276201,0.92468125,0.93600625,320000,880000,1200000,88.0,1341440000,0.006022900000061782,0.003355300000293937,354.12646484375,0.5,40,16,16,0,0
ariad,10000,32,0,479,0.00018556542636360973,0.924678125,0.936009375,320000,880000,1200000,88.0,1341440000,0.00600269999995362,0.0033370000001013977,354.12646484375,0.5,40,16,16,0,0
ariad,10000,32,0,480,0.0001855664886534214,0.924678125,0.93600625,320000,880000,1200000,88.0,1341440000,0.0059014999997089035,0.003213099999811675,354.12646484375,0.5,40,16,16,0,0
ariad,10000,32,0,481,0.000185569777386263,0.924678125,0.936,320000,880000,1200000,88.0,1341440000,0.006143100000372215,0.0034059999998135027,354.31201171875,0.5,40,16,16,0,0
ariad,10000,32,0,482,0.00018556954455561936,0.924675,0.936003125,320000,880000,1200000,88.0,1341440000,0.005964500000118278,0.0033160000002681045,354.12646484375,0.5,40,16,16,0,0
ariad,10000,32,0,483,0.0001855682785389945,0.92468125,0.93599375,320000,880000,1200000,88.0,1341440000,0.006058799999664188,0.0033738000001903856,354.12646484375,0.5,40,16,16,0,0
ariad,10000,32,0,484,0.00018556574650574476,0.924678125,0.936,320000,880000,1200000,88.0,1341440000,0.006437200000618759,0.003335700000206998,354.12646484375,0.5,40,16,16,0,0
ariad,10000,32,0,485,0.0001855640730354935,0.924678125,0.936003125,320000,880000,1200000,88.0,1341440000,0.005950199999460892,0.0032514999993509264,354.12646484375,0.5,40,16,16,0,0
ariad,10000,32,0,486,0.00018556229770183563,0.924675,0.936003125,320000,880000,1200000,88.0,1341440000,0.006024299999808136,0.0033767000004445435,354.12646484375,0.5,40,16,16,0,0
ariad,10000,32,0,487,0.00018556462600827217,0.924678125,0.936009375,320000,880000,1200000,88.0,1341440000,0.006051500000467058,0.003373499999725027,354.31201171875,0.5,40,16,16,0,0
ariad,10000,32,0,488,0.00018556416034698486,0.924678125,0.93600625,320000,880000,1200000,88.0,1341440000,0.005977599999823724,0.003296299999419716,354.12646484375,0.5,40,16,16,0,0
ariad,10000,32,0,489,0.00018556714348960668,0.924678125,0.936003125,320000,880000,1200000,88.0,1341440000,0.0059455000000525615,0.003292899999905785,354.12646484375,0.5,40,16,16,0,0
ariad,10000,32,0,490,0.000185566081199795,0.92468125,0.93600625,320000,880000,1200000,88.0,1341440000,0.006070299999919371,0.003380999999535561,354.12646484375,0.5,40,16,16,0,0
ariad,10000,32,0,491,0.00018556667782831937,0.924675,0.93600625,320000,880000,1200000,88.0,1341440000,0.006166400000438443,0.003380200000719924,354.12646484375,0.5,40,16,16,0,0
ariad,10000,32,0,492,0.00018556651775725186,0.924678125,0.936009375,320000,880000,1200000,88.0,1341440000,0.00597360000028857,0.0032802000005176524,354.12646484375,0.5,40,16,16,0,0
ariad,10000,32,0,493,0.00018556760915089399,0.924678125,0.9360125,320000,880000,1200000,88.0,1341440000,0.006336400000691356,0.0033691999997245148,354.31201171875,0.5,40,16,16,0,0
ariad,10000,32,0,494,0.0001855653536040336,0.924678125,0.93600625,320000,880000,1200000,88.0,1341440000,0.006007700000736804,0.003326300000480842,354.12646484375,0.5,40,16,16,0,0
ariad,10000,32,0,495,0.0001855639711720869,0.924678125,0.93600625,320000,880000,1200000,88.0,1341440000,0.0059222999998382875,0.003240600000026461,354.12646484375,0.5,40,16,16,0,0
ariad,10000,32,0,496,0.00018556507711764425,0.92468125,0.935996875,320000,880000,1200000,88.0,1341440000,0.007400700000289362,0.003400800000235904,354.12646484375,0.5,40,16,16,0,0
ariad,10000,32,0,497,0.0001855663285823539,0.924678125,0.93599375,320000,880000,1200000,88.0,1341440000,0.006045200000698969,0.0033637000005910522,354.12646484375,0.5,40,16,16,0,0
ariad,10000,32,0,498,0.00018556548457127064,0.924671875,0.936,320000,880000,1200000,88.0,1341440000,0.00597379999999248,0.003299400000287278,354.12646484375,0.5,40,16,16,0,0
ariad,10000,32,0,499,0.000185565251740627,0.92466875,0.936003125,320000,880000,1200000,88.0,1341440000,0.006233099999917613,0.0034331000006204704,354.31201171875,0.5,40,16,16,0,0
ariad,10000,32,0,500,0.00018556673603598028,0.924675,0.93600625,320000,880000,1200000,88.0,1341440000,0.005957999999736785,0.0032567000007475144,354.12646484375,0.5,40,16,16,0,0
ariad,10000,32,0,1,0.20829150080680847,0.011403125,0.0130125,320000,1440000,1760000,144.0,1413120000,0.0074608000004445785,0.00472150000041438,354.18701171875,1.0,80,32,32,0,0
ariad,10000,32,0,2,0.1789686530828476,0.021353125,0.035175,320000,1440000,1760000,144.0,1413120000,0.007407299999613315,0.004662199999984296,354.12646484375,1.0,80,32,32,0,0
ariad,10000,32,0,3,0.1624753326177597,0.031784375,0.0717625,320000,1440000,1760000,144.0,1413120000,0.007431799999721989,0.0047130999992077705,354.12646484375,1.0,80,32,32,0,0
ariad,10000,32,0,4,0.15060769021511078,0.042078125,0.12183125,320000,1440000,1760000,144.0,1413120000,0.007428900000377325,0.00465630000053352,354.12646484375,1.0,80,32,32,0,0
ariad,10000,32,0,5,0.14157599210739136,0.052684375,0.1829625,320000,1440000,1760000,144.0,1413120000,0.008771499999966181,0.004804500000318512,354.12646484375,1.0,80,32,32,0,0
ariad,10000,32,0,6,0.13529518246650696,0.06166875,0.249834375,320000,1440000,1760000,144.0,1413120000,0.00753789999998844,0.004719499999737309,354.31201171875,1.0,80,32,32,0,0
ariad,10000,32,0,7,0.13080599904060364,0.068178125,0.319303125,320000,1440000,1760000,144.0,1413120000,0.007484800000383984,0.004679799999394163,354.31201171875,1.0,80,32,32,0,0
ariad,10000,32,0,8,0.1274493932723999,0.072803125,0.3859375,320000,1440000,1760000,144.0,1413120000,0.008157199999914155,0.004749700000502344,354.12646484375,1.0,80,32,32,0,0
ariad,10000,32,0,9,0.12493971735239029,0.075284375,0.446640625,320000,1440000,1760000,144.0,1413120000,0.0076238999999986845,0.004773100000420527,354.12646484375,1.0,80,32,32,0,0
ariad,10000,32,0,10,0.1226813942193985,0.07611875,0.500903125,320000,1440000,1760000,144.0,1413120000,0.0075355999997555045,0.0047180999999909545,354.12646484375,1.0,80,32,32,0,0
ariad,10000,32,0,11,0.12069513648748398,0.076290625,0.546428125,320000,1440000,1760000,144.0,1413120000,0.007631399999809219,0.004775800000061281,354.12646484375,1.0,80,32,32,0,0
ariad,10000,32,0,12,0.11891390383243561,0.0755875,0.585371875,320000,1440000,1760000,144.0,1413120000,0.00758380000024772,0.004725400000097579,354.31201171875,1.0,80,32,32,0,0
ariad,10000,32,0,13,0.11736016720533371,0.07494375,0.618365625,320000,1440000,1760000,144.0,1413120000,0.00758629999927507,0.004665399999794317,354.31201171875,1.0,80,32,32,0,0
ariad,10000,32,0,14,0.11600705236196518,0.07385625,0.646046875,320000,1440000,1760000,144.0,1413120000,0.007621799999469658,0.0046856999997544335,354.12646484375,1.0,80,32,32,0,0
ariad,10000,32,0,15,0.11492371559143066,0.0732,0.67016875,320000,1440000,1760000,144.0,1413120000,0.007658300000002782,0.004694100000051549,354.12646484375,1.0,80,32,32,0,0
ariad,10000,32,0,16,0.11405971646308899,0.07219375,0.691328125,320000,1440000,1760000,144.0,1413120000,0.007945700000163924,0.004728400000203692,354.12646484375,1.0,80,32,32,0,0
ariad,10000,32,0,17,0.11335578560829163,0.0719,0.709571875,320000,1440000,1760000,144.0,1413120000,0.00774950000050012,0.004723500000181957,354.12646484375,1.0,80,32,32,0,0
ariad,10000,32,0,18,0.1127464547753334,0.07135625,0.72584375,320000,1440000,1760000,144.0,1413120000,0.007803599999533617,0.004758400000355323,354.31201171875,1.0,80,32,32,0,0
ariad,10000,32,0,19,0.11220644414424896,0.071359375,0.74021875,320000,1440000,1760000,144.0,1413120000,0.00777250000010099,0.004714099999546306,354.31201171875,1.0,80,32,32,0,0
ariad,10000,32,0,20,0.11170939356088638,0.071821875,0.7537375,320000,1440000,1760000,144.0,1413120000,0.0077961999995750375,0.004716199999165838,354.12646484375,1.0,80,32,32,0,0
ariad,10000,32,0,21,0.11123066395521164,0.072371875,0.765271875,320000,1440000,1760000,144.0,1413120000,0.007821999999578111,0.004744100000607432,354.31201171875,1.0,80,32,32,0,0
ariad,10000,32,0,22,0.11077598482370377,0.0735,0.77551875,320000,1440000,1760000,144.0,1413120000,0.007888599999205326,0.00479780000023311,354.12646484375,1.0,80,32,32,0,0
ariad,10000,32,0,23,0.11039336025714874,0.07466875,0.784740625,320000,1440000,1760000,144.0,1413120000,0.007776299999932235,0.004665599999498227,354.31201171875,1.0,80,32,32,0,0
ariad,10000,32,0,24,0.11003714054822922,0.07616875,0.792865625,320000,1440000,1760000,144.0,1413120000,0.007760000000416767,0.004671799999414361,354.12646484375,1.0,80,32,32,0,0
ariad,10000,32,0,25,0.10971465706825256,0.078146875,0.799865625,320000,1440000,1760000,144.0,1413120000,0.0078112000001056,0.004659199999878183,354.12646484375,1.0,80,32,32,0,0
ariad,10000,32,0,26,0.10940197110176086,0.080415625,0.80586875,320000,1440000,1760000,144.0,1413120000,0.007800999999744818,0.004638800000066112,354.31201171875,1.0,80,32,32,0,0
ariad,10000,32,0,27,0.1090964823961258,0.082978125,0.810546875,320000,1440000,1760000,144.0,1413120000,0.007824100000107137,0.004697899999882793,354.12646484375,1.0,80,32,32,0,0
ariad,10000,32,0,28,0.108823262155056,0.085971875,0.81425,320000,1440000,1760000,144.0,1413120000,0.007890800000495801,0.004716800000096555,354.12646484375,1.0,80,32,32,0,0
ariad,10000,32,0,29,0.10853825509548187,0.089634375,0.816203125,320000,1440000,1760000,144.0,1413120000,0.007829000000128872,0.004689100000177859,354.12646484375,1.0,80,32,32,0,0
ariad,10000,32,0,30,0.1082419902086258,0.09336875,0.81598125,320000,1440000,1760000,144.0,1413120000,0.007814800000232935,0.004674100000556791,354.12646484375,1.0,80,32,32,0,0
ariad,10000,32,0,31,0.10791662335395813,0.09801875,0.815359375,320000,1440000,1760000,144.0,1413120000,0.007821299999704934,0.004689099999268365,354.12646484375,1.0,80,32,32,0,0
ariad,10000,32,0,32,0.10756976157426834,0.103215625,0.813178125,320000,1440000,1760000,144.0,1413120000,0.007862899999963702,0.00475800000003801,354.31201171875,1.0,80,32,32,0,0
ariad,10000,32,0,33,0.10720578581094742,0.109140625,0.81018125,320000,1440000,1760000,144.0,1413120000,0.007863900000302237,0.004703100000369886,354.31201171875,1.0,80,32,32,0,0
ariad,10000,32,0,34,0.10680650174617767,0.11596875,0.806040625,320000,1440000,1760000,144.0,1413120000,0.007938099999591941,0.004784899999322079,354.12646484375,1.0,80,32,32,0,0
ariad,10000,32,0,35,0.1063791811466217,0.1238,0.800940625,320000,1440000,1760000,144.0,1413120000,0.007798499999807973,0.004737799999929848,354.12646484375,1.0,80,32,32,0,0
ariad,10000,32,0,36,0.1059189885854721,0.132828125,0.7945,320000,1440000,1760000,144.0,1413120000,0.007765599999402184,0.004697399999713525,354.12646484375,1.0,80,32,32,0,0
ariad,10000,32,0,37,0.10539867728948593,0.142984375,0.7881375,320000,1440000,1760000,144.0,1413120000,0.007833100000425475,0.004736400000183494,354.12646484375,1.0,80,32,32,0,0
ariad,10000,32,0,38,0.10480868816375732,0.1550625,0.781440625,320000,1440000,1760000,144.0,1413120000,0.00776159999986703,0.004706400000031863,354.31201171875,1.0,80,32,32,0,0
ariad,10000,32,0,39,0.10414993762969971,0.16815625,0.7734375,320000,1440000,1760000,144.0,1413120000,0.007717700000284822,0.004688299999543233,354.31201171875,1.0,80,32,32,0,0
ariad,10000,32,0,40,0.10338123887777328,0.18348125,0.766284375,320000,1440000,1760000,144.0,1413120000,0.007739399999991292,0.004669799999646784,354.12646484375,1.0,80,32,32,0,0
ariad,10000,32,0,41,0.10250243544578552,0.201065625,0.75948125,320000,1440000,1760000,144.0,1413120000,0.007746900000711321,0.004713700000138488,354.12646484375,1.0,80,32,32,0,0
ariad,10000,32,0,42,0.10151510685682297,0.22088125,0.7538375,320000,1440000,1760000,144.0,1413120000,0.008033099999920523,0.005014899999878253,354.12646484375,1.0,80,32,32,0,0
ariad,10000,32,0,43,0.1003679633140564,0.24271875,0.749296875,320000,1440000,1760000,144.0,1413120000,0.007696100000430306,0.00469859999975597,354.12646484375,1.0,80,32,32,0,0
ariad,10000,32,0,44,0.09905184060335159,0.266521875,0.7467875,320000,1440000,1760000,144.0,1413120000,0.007602900000165391,0.004634200000509736,354.31201171875,1.0,80,32,32,0,0
ariad,10000,32,0,45,0.09753776341676712,0.2932125,0.746434375,320000,1440000,1760000,144.0,1413120000,0.007606400000440772,0.00463820000004489,354.31201171875,1.0,80,32,32,0,0
ariad,10000,32,0,46,0.0957496166229248,0.32115625,0.74889375,320000,1440000,1760000,144.0,1413120000,0.007615599999553524,0.004683800000748306,354.12646484375,1.0,80,32,32,0,0
ariad,10000,32,0,47,0.0937851071357727,0.350596875,0.75345,320000,1440000,1760000,144.0,1413120000,0.00760329999957321,0.004718199999842909,354.31201171875,1.0,80,32,32,0,0
ariad,10000,32,0,48,0.09156624227762222,0.38015625,0.76004375,320000,1440000,1760000,144.0,1413120000,0.007720800000242889,0.004710000000159198,354.12646484375,1.0,80,32,32,0,0
ariad,10000,32,0,49,0.08913660794496536,0.4094,0.76914375,320000,1440000,1760000,144.0,1413120000,0.007510700000239012,0.004673299999922165,354.31201171875,1.0,80,32,32,0,0
ariad,10000,32,0,50,0.0864637941122055,0.437653125,0.779121875,320000,1440000,1760000,144.0,1413120000,0.00754270000015822,0.004719399999885354,354.12646484375,1.0,80,32,32,0,0
ariad,10000,32,0,51,0.0835631787776947,0.4635375,0.788321875,320000,1440000,1760000,144.0,1413120000,0.007820700000593206,0.004722599999695376,354.12646484375,1.0,80,32,32,0,0
ariad,10000,32,0,52,0.08045616745948792,0.487053125,0.79723125,320000,1440000,1760000,144.0,1413120000,0.007683199999519275,0.004693300000326417,354.31201171875,1.0,80,32,32,0,0
ariad,10000,32,0,53,0.07713056355714798,0.508203125,0.80599375,320000,1440000,1760000,144.0,1413120000,0.00738069999988511,0.004611700000168639,354.12646484375,1.0,80,32,32,0,0
ariad,10000,32,0,54,0.07362444698810577,0.526740625,0.813928125,320000,1440000,1760000,144.0,1413120000,0.007435499999701278,0.004682599999796366,354.12646484375,1.0,80,32,32,0,0
ariad,10000,32,0,55,0.06997287273406982,0.542953125,0.82048125,320000,1440000,1760000,144.0,1413120000,0.007412799999656272,0.004700899999988906,354.12646484375,1.0,80,32,32,0,0
ariad,10000,32,0,56,0.06619742512702942,0.556928125,0.8257875,320000,1440000,1760000,144.0,1413120000,0.00737089999984164,0.004637399999410263,354.12646484375,1.0,80,32,32,0,0
ariad,10000,32,0,57,0.062376175075769424,0.569375,0.831646875,320000,1440000,1760000,144.0,1413120000,0.007407499999317224,0.0046285999997053295,354.12646484375,1.0,80,32,32,0,0
ariad,10000,32,0,58,0.05853065103292465,0.580828125,0.8369,320000,1440000,1760000,144.0,1413120000,0.008674200000314158,0.0059380000002420275,354.31201171875,1.0,80,32,32,0,0
ariad,10000,32,0,59,0.05479978024959564,0.59078125,0.841565625,320000,1440000,1760000,144.0,1413120000,0.007615800000166928,0.004660100000364764,354.31201171875,1.0,80,32,32,0,0
ariad,10000,32,0,60,0.05120695009827614,0.599775,0.84575,320000,1440000,1760000,144.0,1413120000,0.0074322999998912564,0.004686399999627611,354.12646484375,1.0,80,32,32,0,0
ariad,10000,32,0,61,0.04777967557311058,0.607903125,0.84829375,320000,1440000,1760000,144.0,1413120000,0.007385400000202935,0.0046868999997968785,354.12646484375,1.0,80,32,32,0,0
ariad,10000,32,0,62,0.044496871531009674,0.6162875,0.850853125,320000,1440000,1760000,144.0,1413120000,0.007369000000835513,0.004649999999855936,354.12646484375,1.0,80,32,32,0,0
ariad,10000,32,0,63,0.04138026759028435,0.6241625,0.85284375,320000,1440000,1760000,144.0,1413120000,0.007407299999613315,0.004692199999226432,354.12646484375,1.0,80,32,32,0,0
ariad,10000,32,0,64,0.038436949253082275,0.631909375,0.854240625,320000,1440000,1760000,144.0,1413120000,0.007348399999500543,0.004650199999559845,354.31201171875,1.0,80,32,32,0,0
ariad,10000,32,0,65,0.03566925227642059,0.6394,0.854421875,320000,1440000,1760000,144.0,1413120000,0.007381200000054378,0.0046830000001136796,354.31201171875,1.0,80,32,32,0,0
ariad,10000,32,0,66,0.03311474993824959,0.646915625,0.853890625,320000,1440000,1760000,144.0,1413120000,0.007367899999735528,0.004663499999878695,354.12646484375,1.0,80,32,32,0,0
ariad,10000,32,0,67,0.0308164544403553,0.65430625,0.8537,320000,1440000,1760000,144.0,1413120000,0.007385699999758799,0.004680699999880744,354.12646484375,1.0,80,32,32,0,0
ariad,10000,32,0,68,0.028741363435983658,0.661696875,0.85306875,320000,1440000,1760000,144.0,1413120000,0.007757999999739695,0.004985600000509294,354.12646484375,1.0,80,32,32,0,0
ariad,10000,32,0,69,0.026905816048383713,0.668796875,0.8520625,320000,1440000,1760000,144.0,1413120000,0.007445299999744748,0.004721100000097067,354.12646484375,1.0,80,32,32,0,0
ariad,10000,32,0,70,0.025285867974162102,0.6759625,0.851721875,320000,1440000,1760000,144.0,1413120000,0.007377799999630952,0.004678500000409258,354.31201171875,1.0,80,32,32,0,0
ariad,10000,32,0,71,0.023805974051356316,0.68329375,0.851528125,320000,1440000,1760000,144.0,1413120000,0.00743140000031417,0.004717400000117777,354.31201171875,1.0,80,32,32,0,0
ariad,10000,32,0,72,0.022443603724241257,0.689975,0.851321875,320000,1440000,1760000,144.0,1413120000,0.007435600000462728,0.00468170000021928,354.12646484375,1.0,80,32,32,0,0
ariad,10000,32,0,73,0.021145597100257874,0.6965625,0.851440625,320000,1440000,1760000,144.0,1413120000,0.007449300000189396,0.004750400000375521,354.31201171875,1.0,80,32,32,0,0
ariad,10000,32,0,74,0.019891997799277306,0.703340625,0.851725,320000,1440000,1760000,144.0,1413120000,0.00728739999976824,0.004603399999723479,354.12646484375,1.0,80,32,32,0,0
ariad,10000,32,0,75,0.0186868067830801,0.7096125,0.8523,320000,1440000,1760000,144.0,1413120000,0.007308199999897624,0.004588499999954365,354.31201171875,1.0,80,32,32,0,0
ariad,10000,32,0,76,0.0175313837826252,0.716134375,0.853403125,320000,1440000,1760000,144.0,1413120000,0.007377999999334861,0.004690499999924214,354.12646484375,1.0,80,32,32,0,0
ariad,10000,32,0,77,0.016432886943221092,0.722509375,0.85464375,320000,1440000,1760000,144.0,1413120000,0.007406799999444047,0.004691899999670568,354.12646484375,1.0,80,32,32,0,0
ariad,10000,32,0,78,0.015393479727208614,0.7283375,0.855596875,320000,1440000,1760000,144.0,1413120000,0.007994900000085181,0.004688699999860546,354.31201171875,1.0,80,32,32,0,0
ariad,10000,32,0,79,0.014422506093978882,0.73438125,0.856675,320000,1440000,1760000,144.0,1413120000,0.007428899999467831,0.004760300000270945,354.12646484375,1.0,80,32,32,0,0
ariad,10000,32,0,80,0.013512452132999897,0.740284375,0.857965625,320000,1440000,1760000,144.0,1413120000,0.007464399999662419,0.004789800000253308,354.12646484375,1.0,80,32,32,0,0
ariad,10000,32,0,81,0.012659908272325993,0.746,0.8595375,320000,1440000,1760000,144.0,1413120000,0.007267900000442751,0.004617999999936728,354.12646484375,1.0,80,32,32,0,0
ariad,10000,32,0,82,0.01185685582458973,0.751775,0.861496875,320000,1440000,1760000,144.0,1413120000,0.0074680999996417086,0.004684999999881256,354.12646484375,1.0,80,32,32,0,0
ariad,10000,32,0,83,0.011095669120550156,0.75723125,0.86295,320000,1440000,1760000,144.0,1413120000,0.007355600000664708,0.004654999999729625,354.12646484375,1.0,80,32,32,0,0
ariad,10000,32,0,84,0.010370333679020405,0.762359375,0.864890625,320000,1440000,1760000,144.0,1413120000,0.007445000000188884,0.004752799999550916,354.31201171875,1.0,80,32,32,0,0
ariad,10000,32,0,85,0.009676600806415081,0.76769375,0.866496875,320000,1440000,1760000,144.0,1413120000,0.008619800000815303,0.005846399999427376,354.31201171875,1.0,80,32,32,0,0
ariad,10000,32,0,86,0.009015258401632309,0.773221875,0.86795,320000,1440000,1760000,144.0,1413120000,0.007578499999908672,0.004697700000178884,354.12646484375,1.0,80,32,32,0,0
ariad,10000,32,0,87,0.008388462476432323,0.778565625,0.86975625,320000,1440000,1760000,144.0,1413120000,0.007449400000041351,0.004772700000103214,354.12646484375,1.0,80,32,32,0,0
ariad,10000,32,0,88,0.007797456346452236,0.784075,0.8715,320000,1440000,1760000,144.0,1413120000,0.0073725000002013985,0.0046868999997968785,354.12646484375,1.0,80,32,32,0,0
ariad,10000,32,0,89,0.007240398786962032,0.7896125,0.873228125,320000,1440000,1760000,144.0,1413120000,0.007550899999841931,0.004674400000112655,354.12646484375,1.0,80,32,32,0,0
ariad,10000,32,0,90,0.006712791044265032,0.79510625,0.8748875,320000,1440000,1760000,144.0,1413120000,0.007363099999565748,0.004678400000557303,354.31201171875,1.0,80,32,32,0,0
ariad,10000,32,0,91,0.006210561841726303,0.80063125,0.8765125,320000,1440000,1760000,144.0,1413120000,0.00790549999965151,0.005189700000300945,354.31201171875,1.0,80,32,32,0,0
ariad,10000,32,0,92,0.005731291137635708,0.806203125,0.878128125,320000,1440000,1760000,144.0,1413120000,0.0074371000000610366,0.0047442999994018464,354.12646484375,1.0,80,32,32,0,0
ariad,10000,32,0,93,0.005275796167552471,0.811928125,0.87976875,320000,1440000,1760000,144.0,1413120000,0.008368700000573881,0.005388499999753549,354.12646484375,1.0,80,32,32,0,0
ariad,10000,32,0,94,0.004846219904720783,0.8176,0.88128125,320000,1440000,1760000,144.0,1413120000,0.007642700000360492,0.00489229999948293,354.12646484375,1.0,80,32,32,0,0
ariad,10000,32,0,95,0.004443668294698,0.823315625,0.883275,320000,1440000,1760000,144.0,1413120000,0.007349800000156392,0.0046609999999418505,354.12646484375,1.0,80,32,32,0,0
ariad,10000,32,0,96,0.004067487083375454,0.829203125,0.88475625,320000,1440000,1760000,144.0,1413120000,0.007383400000435358,0.004699400000390597,354.31201171875,1.0,80,32,32,0,0
ariad,10000,32,0,97,0.0037169235292822123,0.83498125,0.88625625,320000,1440000,1760000,144.0,1413120000,0.007771699999466364,0.004695900000115216,354.31201171875,1.0,80,32,32,0,0
ariad,10000,32,0,98,0.003392919898033142,0.840890625,0.887715625,320000,1440000,1760000,144.0,1413120000,0.007348000000092725,0.004626599999937753,354.12646484375,1.0,80,32,32,0,0
ariad,10000,32,0,99,0.0030958049464970827,0.84666875,0.889225,320000,1440000,1760000,144.0,1413120000,0.007847599999877275,0.004677700000684126,354.31201171875,1.0,80,32,32,0,0
ariad,10000,32,0,100,0.00282436260022223,0.8520125,0.890903125,320000,1440000,1760000,144.0,1413120000,0.007872099999985949,0.004651299999750336,354.12646484375,1.0,80,32,32,0,0
ariad,10000,32,0,101,0.0025764177553355694,0.8572,0.892015625,320000,1440000,1760000,144.0,1413120000,0.007360499999776948,0.004658500000005006,354.31201171875,1.0,80,32,32,0,0
ariad,10000,32,0,102,0.002350447466596961,0.8623375,0.893146875,320000,1440000,1760000,144.0,1413120000,0.0074465000006966875,0.0047493000001850305,354.12646484375,1.0,80,32,32,0,0
ariad,10000,32,0,103,0.0021456375252455473,0.866990625,0.8949375,320000,1440000,1760000,144.0,1413120000,0.007420899999488029,0.004691600000114704,354.12646484375,1.0,80,32,32,0,0
ariad,10000,32,0,104,0.0019603786058723927,0.871096875,0.896490625,320000,1440000,1760000,144.0,1413120000,0.007394100000055914,0.004695499999797903,354.31201171875,1.0,80,32,32,0,0
ariad,10000,32,0,105,0.001792188617400825,0.8750875,0.897940625,320000,1440000,1760000,144.0,1413120000,0.0073168999997506035,0.004632000000128755,354.12646484375,1.0,80,32,32,0,0
ariad,10000,32,0,106,0.001638088608160615,0.878775,0.8992,320000,1440000,1760000,144.0,1413120000,0.007296400000086578,0.0046210999998947955,354.12646484375,1.0,80,32,32,0,0
ariad,10000,32,0,107,0.0014966304879635572,0.882015625,0.900646875,320000,1440000,1760000,144.0,1413120000,0.007488199999897915,0.0046198999998523504,354.12646484375,1.0,80,32,32,0,0
ariad,10000,32,0,108,0.0013673478970304132,0.885409375,0.902153125,320000,1440000,1760000,144.0,1413120000,0.0073219000005337875,0.004632600000149978,354.12646484375,1.0,80,32,32,0,0
ariad,10000,32,0,109,0.0012511861277744174,0.888603125,0.9037625,320000,1440000,1760000,144.0,1413120000,0.00730920000023616,0.004640799999833689,354.12646484375,1.0,80,32,32,0,0
ariad,10000,32,0,110,0.0011483031557872891,0.891790625,0.905259375,320000,1440000,1760000,144.0,1413120000,0.007435399999849324,0.0047297000000980916,354.31201171875,1.0,80,32,32,0,0
ariad,10000,32,0,111,0.0010587041033431888,0.89468125,0.906878125,320000,1440000,1760000,144.0,1413120000,0.007612200000039593,0.004853999999795633,354.31201171875,1.0,80,32,32,0,0
ariad,10000,32,0,112,0.0009808597387745976,0.89748125,0.90845,320000,1440000,1760000,144.0,1413120000,0.007416000000375789,0.004726900000605383,354.12646484375,1.0,80,32,32,0,0
ariad,10000,32,0,113,0.0009125685319304466,0.899965625,0.910096875,320000,1440000,1760000,144.0,1413120000,0.007353699999839591,0.004694400000516907,354.12646484375,1.0,80,32,32,0,0
ariad,10000,32,0,114,0.0008517341339029372,0.902240625,0.911871875,320000,1440000,1760000,144.0,1413120000,0.007445600000210106,0.004755200000545301,354.12646484375,1.0,80,32,32,0,0
ariad,10000,32,0,115,0.0007968785357661545,0.90435,0.913521875,320000,1440000,1760000,144.0,1413120000,0.007425199999488541,0.004711100000349688,354.12646484375,1.0,80,32,32,0,0
ariad,10000,32,0,116,0.0007466634851880372,0.906171875,0.915384375,320000,1440000,1760000,144.0,1413120000,0.007323099999666738,0.004640500000277825,354.31201171875,1.0,80,32,32,0,0
ariad,10000,32,0,117,0.0007001699996180832,0.90783125,0.917275,320000,1440000,1760000,144.0,1413120000,0.0074400000003151945,0.004758799999763141,354.31201171875,1.0,80,32,32,0,0
ariad,10000,32,0,118,0.0006565238581970334,0.909309375,0.918984375,320000,1440000,1760000,144.0,1413120000,0.0074013000003105844,0.004728099999738333,354.12646484375,1.0,80,32,32,0,0
ariad,10000,32,0,119,0.0006153284921310842,0.91066875,0.920434375,320000,1440000,1760000,144.0,1413120000,0.007460099999661907,0.004765300000144634,354.12646484375,1.0,80,32,32,0,0
ariad,10000,32,0,120,0.0005763315130025148,0.9122375,0.922265625,320000,1440000,1760000,144.0,1413120000,0.007527499999923748,0.0047611999998480314,354.12646484375,1.0,80,32,32,0,0
ariad,10000,32,0,121,0.0005399830988608301,0.913565625,0.923584375,320000,1440000,1760000,144.0,1413120000,0.0073142000001098495,0.004654000000300584,354.12646484375,1.0,80,32,32,0,0
ariad,10000,32,0,122,0.00050647760508582,0.914740625,0.92505,320000,1440000,1760000,144.0,1413120000,0.007422200000291923,0.004722300000139512,354.31201171875,1.0,80,32,32,0,0
ariad,10000,32,0,123,0.0004758293507620692,0.91591875,0.92635625,320000,1440000,1760000,144.0,1413120000,0.007422099999530474,0.004736699999739358,354.31201171875,1.0,80,32,32,0,0
ariad,10000,32,0,124,0.0004479379567783326,0.917028125,0.927503125,320000,1440000,1760000,144.0,1413120000,0.00737329999992653,0.004680200000620971,354.12646484375,1.0,80,32,32,0,0
ariad,10000,32,0,125,0.0004224501026328653,0.91809375,0.928678125,320000,1440000,1760000,144.0,1413120000,0.007237899999381625,0.004603999999744701,354.31201171875,1.0,80,32,32,0,0
ariad,10000,32,0,126,0.00039927902980707586,0.9191,0.9297,320000,1440000,1760000,144.0,1413120000,0.007323499999984051,0.004621999999471882,354.12646484375,1.0,80,32,32,0,0
ariad,10000,32,0,127,0.0003782425483223051,0.9199625,0.930553125,320000,1440000,1760000,144.0,1413120000,0.007386500000393426,0.004684699999415898,354.31201171875,1.0,80,32,32,0,0
ariad,10000,32,0,128,0.00035918469075113535,0.92091875,0.93151875,320000,1440000,1760000,144.0,1413120000,0.007334600000831415,0.004662900000766967,354.12646484375,1.0,80,32,32,0,0
ariad,10000,32,0,129,0.00034195376792922616,0.9218125,0.932303125,320000,1440000,1760000,144.0,1413120000,0.007383299999673909,0.004713799999990442,354.12646484375,1.0,80,32,32,0,0
ariad,10000,32,0,130,0.0003263664257247001,0.92255625,0.932915625,320000,1440000,1760000,144.0,1413120000,0.007531500000368396,0.0047040999997989275,354.31201171875,1.0,80,32,32,0,0
ariad,10000,32,0,131,0.00031235592905431986,0.923315625,0.93380625,320000,1440000,1760000,144.0,1413120000,0.007364000000052329,0.004646300000786141,354.12646484375,1.0,80,32,32,0,0
ariad,10000,32,0,132,0.0002998812997248024,0.923990625,0.934540625,320000,1440000,1760000,144.0,1413120000,0.007420300000376301,0.004696899999544257,354.12646484375,1.0,80,32,32,0,0
ariad,10000,32,0,133,0.0002886916045099497,0.924534375,0.935109375,320000,1440000,1760000,144.0,1413120000,0.007326400000238209,0.004599800000505638,354.12646484375,1.0,80,32,32,0,0
ariad,10000,32,0,134,0.0002787538105621934,0.92505625,0.93579375,320000,1440000,1760000,144.0,1413120000,0.007315699999708158,0.004604899999321788,354.12646484375,1.0,80,32,32,0,0
ariad,10000,32,0,135,0.00026965493452735245,0.925671875,0.936503125,320000,1440000,1760000,144.0,1413120000,0.007430299999214185,0.004707200000666489,354.12646484375,1.0,80,32,32,0,0
ariad,10000,32,0,136,0.00026121916016563773,0.926253125,0.93705,320000,1440000,1760000,144.0,1413120000,0.007508400000006077,0.004784699999618169,354.31201171875,1.0,80,32,32,0,0
ariad,10000,32,0,137,0.0002534981176722795,0.926703125,0.937615625,320000,1440000,1760000,144.0,1413120000,0.007464600000275823,0.004728099999738333,354.31201171875,1.0,80,32,32,0,0
ariad,10000,32,0,138,0.00024630752159282565,0.927178125,0.938253125,320000,1440000,1760000,144.0,1413120000,0.00748219999968569,0.004751599999508471,354.12646484375,1.0,80,32,32,0,0
ariad,10000,32,0,139,0.00023976877855602652,0.927590625,0.9387875,320000,1440000,1760000,144.0,1413120000,0.007619900000463531,0.004664300000513322,354.12646484375,1.0,80,32,32,0,0
ariad,10000,32,0,140,0.0002339092461625114,0.927946875,0.939175,320000,1440000,1760000,144.0,1413120000,0.007328099999540427,0.004666900000302121,354.12646484375,1.0,80,32,32,0,0
ariad,10000,32,0,141,0.00022870067914482206,0.928384375,0.9395125,320000,1440000,1760000,144.0,1413120000,0.007352499999797146,0.0046264000002338435,354.12646484375,1.0,80,32,32,0,0
ariad,10000,32,0,142,0.00022408262884709984,0.928775,0.939884375,320000,1440000,1760000,144.0,1413120000,0.0075968000001012115,0.004696200000580575,354.31201171875,1.0,80,32,32,0,0
ariad,10000,32,0,143,0.00021996311261318624,0.929140625,0.94025625,320000,1440000,1760000,144.0,1413120000,0.007476700000552228,0.004631000000699714,354.31201171875,1.0,80,32,32,0,0
ariad,10000,32,0,144,0.0002162246237276122,0.92955,0.940696875,320000,1440000,1760000,144.0,1413120000,0.007411399999909918,0.004702900000665977,354.12646484375,1.0,80,32,32,0,0
ariad,10000,32,0,145,0.00021284508693497628,0.92985625,0.941103125,320000,1440000,1760000,144.0,1413120000,0.007587300000523101,0.004695999999967171,354.12646484375,1.0,80,32,32,0,0
ariad,10000,32,0,146,0.00020978838438168168,0.930034375,0.9414375,320000,1440000,1760000,144.0,1413120000,0.007416700000248966,0.004679200000282435,354.12646484375,1.0,80,32,32,0,0
ariad,10000,32,0,147,0.0002069744368782267,0.930284375,0.94163125,320000,1440000,1760000,144.0,1413120000,0.007565300000351272,0.004805999999916821,354.12646484375,1.0,80,32,32,0,0
ariad,10000,32,0,148,0.00020444374240469187,0.930546875,0.9419125,320000,1440000,1760000,144.0,1413120000,0.007519300000240037,0.004802199999176082,354.31201171875,1.0,80,32,32,0,0
ariad,10000,32,0,149,0.00020213992684148252,0.930696875,0.94209375,320000,1440000,1760000,144.0,1413120000,0.007339799999499519,0.0046416999994107755,354.31201171875,1.0,80,32,32,0,0
ariad,10000,32,0,150,0.00020006198610644788,0.930946875,0.942321875,320000,1440000,1760000,144.0,1413120000,0.007421900000736059,0.004709300000286021,354.12646484375,1.0,80,32,32,0,0
ariad,10000,32,0,151,0.00019818598229903728,0.9311625,0.94248125,320000,1440000,1760000,144.0,1413120000,0.0073531999996703235,0.004662900000766967,354.31201171875,1.0,80,32,32,0,0
ariad,10000,32,0,152,0.00019653321942314506,0.93138125,0.942928125,320000,1440000,1760000,144.0,1413120000,0.007367100000010396,0.004645300000447605,354.12646484375,1.0,80,32,32,0,0
ariad,10000,32,0,153,0.0001951261656358838,0.93165,0.943128125,320000,1440000,1760000,144.0,1413120000,0.00734180000017659,0.004674200000408746,354.31201171875,1.0,80,32,32,0,0
ariad,10000,32,0,154,0.0001938667701324448,0.93195625,0.94339375,320000,1440000,1760000,144.0,1413120000,0.007353699999839591,0.0046743000002607005,354.12646484375,1.0,80,32,32,0,0
ariad,10000,32,0,155,0.0001927413686644286,0.9321375,0.9437375,320000,1440000,1760000,144.0,1413120000,0.0076923999995415215,0.004634399999304151,354.12646484375,1.0,80,32,32,0,0
ariad,10000,32,0,156,0.00019170594168826938,0.93225,0.943959375,320000,1440000,1760000,144.0,1413120000,0.007465499999852909,0.004767999999785388,354.31201171875,1.0,80,32,32,0,0
ariad,10000,32,0,157,0.00019074884767178446,0.932384375,0.94418125,320000,1440000,1760000,144.0,1413120000,0.007376700000349956,0.004700000000411819,354.12646484375,1.0,80,32,32,0,0
ariad,10000,32,0,158,0.00018989098316524178,0.932496875,0.944328125,320000,1440000,1760000,144.0,1413120000,0.007335799999964365,0.004678700000113167,354.12646484375,1.0,80,32,32,0,0
ariad,10000,32,0,159,0.00018912897212430835,0.932665625,0.944528125,320000,1440000,1760000,144.0,1413120000,0.007525099999838858,0.00482929999998305,354.12646484375,1.0,80,32,32,0,0
ariad,10000,32,0,160,0.00018845948216039687,0.9327625,0.944759375,320000,1440000,1760000,144.0,1413120000,0.007392500000605651,0.004711100000349688,354.12646484375,1.0,80,32,32,0,0
ariad,10000,32,0,161,0.00018789476598612964,0.93291875,0.94495,320000,1440000,1760000,144.0,1413120000,0.007324599999265047,0.004637500000171713,354.12646484375,1.0,80,32,32,0,0
ariad,10000,32,0,162,0.000187378260307014,0.9330875,0.945109375,320000,1440000,1760000,144.0,1413120000,0.007273100000020349,0.0046416000004683156,354.31201171875,1.0,80,32,32,0,0
ariad,10000,32,0,163,0.00018690733122639358,0.933228125,0.945290625,320000,1440000,1760000,144.0,1413120000,0.007384999999885622,0.004713600000286533,354.31201171875,1.0,80,32,32,0,0
ariad,10000,32,0,164,0.00018649072444532067,0.933334375,0.945471875,320000,1440000,1760000,144.0,1413120000,0.007515399999647343,0.004690900000241527,354.12646484375,1.0,80,32,32,0,0
ariad,10000,32,0,165,0.00018611962150316685,0.933459375,0.945690625,320000,1440000,1760000,144.0,1413120000,0.00736979999965115,0.004685099999733211,354.12646484375,1.0,80,32,32,0,0
ariad,10000,32,0,166,0.00018578951130621135,0.933534375,0.945771875,320000,1440000,1760000,144.0,1413120000,0.007422399999995832,0.004732700000204204,354.12646484375,1.0,80,32,32,0,0
ariad,10000,32,0,167,0.00018547475337982178,0.933665625,0.9459375,320000,1440000,1760000,144.0,1413120000,0.007331200000407989,0.004632399999536574,354.12646484375,1.0,80,32,32,0,0
ariad,10000,32,0,168,0.00018520583398640156,0.933759375,0.946065625,320000,1440000,1760000,144.0,1413120000,0.007387399999970512,0.004679699999542208,354.31201171875,1.0,80,32,32,0,0
ariad,10000,32,0,169,0.0001849873224273324,0.93386875,0.946178125,320000,1440000,1760000,144.0,1413120000,0.00755230000049778,0.004595399999743677,354.31201171875,1.0,80,32,32,0,0
ariad,10000,32,0,170,0.0001847798121161759,0.93399375,0.94629375,320000,1440000,1760000,144.0,1413120000,0.007439500000145927,0.004694199999903503,354.12646484375,1.0,80,32,32,0,0
ariad,10000,32,0,171,0.0001845903170760721,0.93413125,0.946453125,320000,1440000,1760000,144.0,1413120000,0.00736840000081429,0.004657299999962561,354.12646484375,1.0,80,32,32,0,0
ariad,10000,32,0,172,0.0001844177459133789,0.934234375,0.9466125,320000,1440000,1760000,144.0,1413120000,0.007389399999738089,0.004694000000199594,354.12646484375,1.0,80,32,32,0,0
ariad,10000,32,0,173,0.00018426250608172268,0.93435,0.946740625,320000,1440000,1760000,144.0,1413120000,0.007466199999726086,0.004693999999290099,354.12646484375,1.0,80,32,32,0,0
ariad,10000,32,0,174,0.00018414742953609675,0.93440625,0.946878125,320000,1440000,1760000,144.0,1413120000,0.007315799999560113,0.004604299999300565,354.31201171875,1.0,80,32,32,0,0
ariad,10000,32,0,175,0.00018403409922029823,0.93448125,0.9470125,320000,1440000,1760000,144.0,1413120000,0.007379200000286801,0.004663800000344054,354.31201171875,1.0,80,32,32,0,0
ariad,10000,32,0,176,0.00018393596110399812,0.934546875,0.947103125,320000,1440000,1760000,144.0,1413120000,0.007397000000310072,0.004749200000333076,354.12646484375,1.0,80,32,32,0,0
ariad,10000,32,0,177,0.0001838483876781538,0.934634375,0.947215625,320000,1440000,1760000,144.0,1413120000,0.007314700000279117,0.004629500000191911,354.31201171875,1.0,80,32,32,0,0
ariad,10000,32,0,178,0.00018377786909695715,0.934709375,0.94735,320000,1440000,1760000,144.0,1413120000,0.007325000000491855,0.004649200000130804,354.12646484375,1.0,80,32,32,0,0
ariad,10000,32,0,179,0.0001837173622334376,0.93478125,0.947409375,320000,1440000,1760000,144.0,1413120000,0.007354200000008859,0.004636300000129268,354.31201171875,1.0,80,32,32,0,0
ariad,10000,32,0,180,0.00018365029245615005,0.9348625,0.947540625,320000,1440000,1760000,144.0,1413120000,0.007360000000517175,0.004697700000178884,354.12646484375,1.0,80,32,32,0,0
ariad,10000,32,0,181,0.0001835995353758335,0.93493125,0.94765625,320000,1440000,1760000,144.0,1413120000,0.00741939999988972,0.004708600000412844,354.12646484375,1.0,80,32,32,0,0
ariad,10000,32,0,182,0.0001835432485677302,0.93501875,0.9477875,320000,1440000,1760000,144.0,1413120000,0.007322100000237697,0.0046002000008229516,354.31201171875,1.0,80,32,32,0,0
ariad,10000,32,0,183,0.00018350299797020853,0.935125,0.94789375,320000,1440000,1760000,144.0,1413120000,0.00737089999984164,0.0046484000004056725,354.12646484375,1.0,80,32,32,0,0
ariad,10000,32,0,184,0.00018345782882533967,0.935221875,0.948025,320000,1440000,1760000,144.0,1413120000,0.007287700000233599,0.004571999999825493,354.12646484375,1.0,80,32,32,0,0
ariad,10000,32,0,185,0.00018342632392887026,0.9353,0.948115625,320000,1440000,1760000,144.0,1413120000,0.007286699999895063,0.004643700000087847,354.12646484375,1.0,80,32,32,0,0
ariad,10000,32,0,186,0.0001833922287914902,0.93536875,0.948175,320000,1440000,1760000,144.0,1413120000,0.007448199999998906,0.004732899999908113,354.12646484375,1.0,80,32,32,0,0
ariad,10000,32,0,187,0.00018336933862883598,0.935428125,0.94828125,320000,1440000,1760000,144.0,1413120000,0.008909199999834527,0.006205399999998917,354.12646484375,1.0,80,32,32,0,0
ariad,10000,32,0,188,0.0001833354472182691,0.93549375,0.948334375,320000,1440000,1760000,144.0,1413120000,0.007455899999513349,0.004761899999721209,354.31201171875,1.0,80,32,32,0,0
ariad,10000,32,0,189,0.0001833069254644215,0.935534375,0.948415625,320000,1440000,1760000,144.0,1413120000,0.008398799999667972,0.0055322999996860744,354.31201171875,1.0,80,32,32,0,0
ariad,10000,32,0,190,0.00018327882571611553,0.93560625,0.9485,320000,1440000,1760000,144.0,1413120000,0.007409200000438432,0.004701700000623532,354.12646484375,1.0,80,32,32,0,0
ariad,10000,32,0,191,0.00018326322606299073,0.935653125,0.948584375,320000,1440000,1760000,144.0,1413120000,0.007378000000244356,0.004669399999329471,354.12646484375,1.0,80,32,32,0,0
ariad,10000,32,0,192,0.0001832259731600061,0.9357125,0.948659375,320000,1440000,1760000,144.0,1413120000,0.007313500000236672,0.004643799999939802,354.12646484375,1.0,80,32,32,0,0
ariad,10000,32,0,193,0.00018320402887184173,0.9357625,0.948734375,320000,1440000,1760000,144.0,1413120000,0.007453600000189908,0.004745899999761605,354.12646484375,1.0,80,32,32,0,0
ariad,10000,32,0,194,0.0001831917033996433,0.93579375,0.9487875,320000,1440000,1760000,144.0,1413120000,0.0074126999998043175,0.00473130000045785,354.31201171875,1.0,80,32,32,0,0
ariad,10000,32,0,195,0.00018317982903681695,0.9358375,0.94888125,320000,1440000,1760000,144.0,1413120000,0.007437700000082259,0.004763100000673148,354.31201171875,1.0,80,32,32,0,0
ariad,10000,32,0,196,0.0001831583649618551,0.93588125,0.948946875,320000,1440000,1760000,144.0,1413120000,0.007338599999457074,0.004655199999433535,354.12646484375,1.0,80,32,32,0,0
ariad,10000,32,0,197,0.0001831639528973028,0.935903125,0.9489875,320000,1440000,1760000,144.0,1413120000,0.007301599999664177,0.004666499999984808,354.12646484375,1.0,80,32,32,0,0
ariad,10000,32,0,198,0.0001831486588343978,0.93595625,0.949021875,320000,1440000,1760000,144.0,1413120000,0.007618600000569131,0.004679100000430481,354.12646484375,1.0,80,32,32,0,0
ariad,10000,32,0,199,0.00018314180488232523,0.935978125,0.949059375,320000,1440000,1760000,144.0,1413120000,0.007452200000443554,0.00474949999988894,354.12646484375,1.0,80,32,32,0,0
ariad,10000,32,0,200,0.00018313796317670494,0.93605625,0.949125,320000,1440000,1760000,144.0,1413120000,0.007372600000053353,0.0046832999996695435,354.31201171875,1.0,80,32,32,0,0
ariad,10000,32,0,201,0.00018312832980882376,0.93613125,0.9492125,320000,1440000,1760000,144.0,1413120000,0.007345699999859789,0.004657999999835738,354.31201171875,1.0,80,32,32,0,0
ariad,10000,32,0,202,0.00018311406893189996,0.93615625,0.949246875,320000,1440000,1760000,144.0,1413120000,0.007436500000039814,0.004746299999169423,354.12646484375,1.0,80,32,32,0,0
ariad,10000,32,0,203,0.00018310992163605988,0.936196875,0.94929375,320000,1440000,1760000,144.0,1413120000,0.007687999999689055,0.004734500000267872,354.31201171875,1.0,80,32,32,0,0
ariad,10000,32,0,204,0.00018308692960999906,0.9362625,0.94938125,320000,1440000,1760000,144.0,1413120000,0.007282300000042596,0.0046109000004435075,354.12646484375,1.0,80,32,32,0,0
ariad,10000,32,0,205,0.00018306577112525702,0.9363,0.949478125,320000,1440000,1760000,144.0,1413120000,0.007522599999902013,0.004712400000244088,354.31201171875,1.0,80,32,32,0,0
ariad,10000,32,0,206,0.00018305705452803522,0.93635,0.949534375,320000,1440000,1760000,144.0,1413120000,0.007418900000629947,0.004723800000647316,354.12646484375,1.0,80,32,32,0,0
ariad,10000,32,0,207,0.00018305516277905554,0.936384375,0.9495875,320000,1440000,1760000,144.0,1413120000,0.007379800000308023,0.0046264000002338435,354.12646484375,1.0,80,32,32,0,0
ariad,10000,32,0,208,0.00018305028788745403,0.936434375,0.9496625,320000,1440000,1760000,144.0,1413120000,0.007553099999313417,0.004799800000000687,354.31201171875,1.0,80,32,32,0,0
ariad,10000,32,0,209,0.00018303783144801855,0.93646875,0.949728125,320000,1440000,1760000,144.0,1413120000,0.007346099999267608,0.0046756000001551,354.12646484375,1.0,80,32,32,0,0
ariad,10000,32,0,210,0.00018302812532056123,0.936515625,0.9498,320000,1440000,1760000,144.0,1413120000,0.0072154999998019775,0.004580200000418699,354.12646484375,1.0,80,32,32,0,0
ariad,10000,32,0,211,0.00018300747615285218,0.93658125,0.949871875,320000,1440000,1760000,144.0,1413120000,0.0073338000001967885,0.004654000000300584,354.12646484375,1.0,80,32,32,0,0
ariad,10000,32,0,212,0.00018299232760909945,0.93664375,0.949915625,320000,1440000,1760000,144.0,1413120000,0.007387800000287825,0.0046502999994118,354.12646484375,1.0,80,32,32,0,0
ariad,10000,32,0,213,0.00018298160284757614,0.936696875,0.94998125,320000,1440000,1760000,144.0,1413120000,0.007327400000576745,0.004652900000110094,354.12646484375,1.0,80,32,32,0,0
ariad,10000,32,0,214,0.00018297263886779547,0.93674375,0.950046875,320000,1440000,1760000,144.0,1413120000,0.007303899999897112,0.004630700000234356,354.31201171875,1.0,80,32,32,0,0
ariad,10000,32,0,215,0.00018296277266927063,0.936809375,0.95010625,320000,1440000,1760000,144.0,1413120000,0.007417099999656784,0.004692399999839836,354.31201171875,1.0,80,32,32,0,0
ariad,10000,32,0,216,0.00018295564223080873,0.93685625,0.950196875,320000,1440000,1760000,144.0,1413120000,0.007757299999866518,0.004751699999360426,354.12646484375,1.0,80,32,32,0,0
ariad,10000,32,0,217,0.0001829514658311382,0.93691875,0.95028125,320000,1440000,1760000,144.0,1413120000,0.00741459999971994,0.004714000000603846,354.12646484375,1.0,80,32,32,0,0
ariad,10000,32,0,218,0.00018294512119609863,0.937003125,0.950346875,320000,1440000,1760000,144.0,1413120000,0.007398900000225694,0.004721799999970244,354.12646484375,1.0,80,32,32,0,0
ariad,10000,32,0,219,0.00018293308676220477,0.937065625,0.950396875,320000,1440000,1760000,144.0,1413120000,0.0074049000004379195,0.004702199999883305,354.12646484375,1.0,80,32,32,0,0
ariad,10000,32,0,220,0.0001829293614719063,0.9371125,0.950471875,320000,1440000,1760000,144.0,1413120000,0.00734790000024077,0.004690900000241527,354.31201171875,1.0,80,32,32,0,0
ariad,10000,32,0,221,0.0001829136599553749,0.9371875,0.950546875,320000,1440000,1760000,144.0,1413120000,0.007390200000372715,0.004683400000430993,354.31201171875,1.0,80,32,32,0,0
ariad,10000,32,0,222,0.00018290359003003687,0.937234375,0.950621875,320000,1440000,1760000,144.0,1413120000,0.007385999999314663,0.004712500000096043,354.12646484375,1.0,80,32,32,0,0
ariad,10000,32,0,223,0.00018289336003363132,0.937271875,0.950690625,320000,1440000,1760000,144.0,1413120000,0.0077690999996775645,0.0046910000000934815,354.12646484375,1.0,80,32,32,0,0
ariad,10000,32,0,224,0.0001828931999625638,0.937328125,0.95074375,320000,1440000,1760000,144.0,1413120000,0.0074141000004601665,0.0047246000003724475,354.12646484375,1.0,80,32,32,0,0
ariad,10000,32,0,225,0.000182883144589141,0.93739375,0.95081875,320000,1440000,1760000,144.0,1413120000,0.007806900000105088,0.004910300000119605,354.12646484375,1.0,80,32,32,0,0
ariad,10000,32,0,226,0.00018287567945662886,0.937453125,0.9509125,320000,1440000,1760000,144.0,1413120000,0.0073323999995409395,0.004655800000364252,354.31201171875,1.0,80,32,32,0,0
ariad,10000,32,0,227,0.00018286358681507409,0.93750625,0.950978125,320000,1440000,1760000,144.0,1413120000,0.00745569999980944,0.004748700000163808,354.31201171875,1.0,80,32,32,0,0
ariad,10000,32,0,228,0.00018285850819665939,0.937540625,0.95103125,320000,1440000,1760000,144.0,1413120000,0.008188099999642873,0.004671499999858497,354.12646484375,1.0,80,32,32,0,0
ariad,10000,32,0,229,0.000182852047146298,0.93759375,0.951075,320000,1440000,1760000,144.0,1413120000,0.007337299999562674,0.00462729999981093,354.31201171875,1.0,80,32,32,0,0
ariad,10000,32,0,230,0.00018284485850017518,0.937625,0.95111875,320000,1440000,1760000,144.0,1413120000,0.00753420000000915,0.004691900000580063,354.12646484375,1.0,80,32,32,0,0
ariad,10000,32,0,231,0.00018283726240042597,0.937675,0.951178125,320000,1440000,1760000,144.0,1413120000,0.007405800000015006,0.004668300000048475,354.31201171875,1.0,80,32,32,0,0
ariad,10000,32,0,232,0.00018282663950230926,0.9377375,0.95125,320000,1440000,1760000,144.0,1413120000,0.007330500000534812,0.004625600000508712,354.12646484375,1.0,80,32,32,0,0
ariad,10000,32,0,233,0.00018282097880728543,0.937803125,0.951321875,320000,1440000,1760000,144.0,1413120000,0.007352200000241282,0.004695200000242039,354.12646484375,1.0,80,32,32,0,0
ariad,10000,32,0,234,0.00018281085067428648,0.937846875,0.951396875,320000,1440000,1760000,144.0,1413120000,0.007332299999688985,0.0046232999993662816,354.31201171875,1.0,80,32,32,0,0
ariad,10000,32,0,235,0.00018280441872775555,0.9379,0.95144375,320000,1440000,1760000,144.0,1413120000,0.007374200000413111,0.004698200000348152,354.12646484375,1.0,80,32,32,0,0
ariad,10000,32,0,236,0.00018279389769304544,0.937953125,0.9515125,320000,1440000,1760000,144.0,1413120000,0.007353300000431773,0.00470839999979944,354.12646484375,1.0,80,32,32,0,0
ariad,10000,32,0,237,0.00018279124924447387,0.937978125,0.951559375,320000,1440000,1760000,144.0,1413120000,0.0074359000000185915,0.0047570000006089685,354.12646484375,1.0,80,32,32,0,0
ariad,10000,32,0,238,0.00018279200594406575,0.938034375,0.9516125,320000,1440000,1760000,144.0,1413120000,0.007395400000859809,0.004726400000436115,354.12646484375,1.0,80,32,32,0,0
ariad,10000,32,0,239,0.0001827865926316008,0.93809375,0.95166875,320000,1440000,1760000,144.0,1413120000,0.007333799999287294,0.0046731000002182554,354.12646484375,1.0,80,32,32,0,0
ariad,10000,32,0,240,0.00018277914205100387,0.938140625,0.95171875,320000,1440000,1760000,144.0,1413120000,0.007399099999929604,0.004692000000432017,354.31201171875,1.0,80,32,32,0,0
ariad,10000,32,0,241,0.000182769465027377,0.938184375,0.95176875,320000,1440000,1760000,144.0,1413120000,0.007658600000468141,0.004721899999822199,354.31201171875,1.0,80,32,32,0,0
ariad,10000,32,0,242,0.00018276373157277703,0.938228125,0.951825,320000,1440000,1760000,144.0,1413120000,0.007422499999847787,0.004712399999334593,354.12646484375,1.0,80,32,32,0,0
ariad,10000,32,0,243,0.0001827460655476898,0.938278125,0.95188125,320000,1440000,1760000,144.0,1413120000,0.007307500000024447,0.004598700000315148,354.12646484375,1.0,80,32,32,0,0
ariad,10000,32,0,244,0.00018273814930580556,0.938325,0.95195,320000,1440000,1760000,144.0,1413120000,0.007335700000112411,0.004673899999943387,354.12646484375,1.0,80,32,32,0,0
ariad,10000,32,0,245,0.00018273612658958882,0.93839375,0.952028125,320000,1440000,1760000,144.0,1413120000,0.007345799999711744,0.004638800000066112,354.12646484375,1.0,80,32,32,0,0
ariad,10000,32,0,246,0.00018273080058861524,0.938440625,0.95209375,320000,1440000,1760000,144.0,1413120000,0.007327100000111386,0.004635199999938777,354.31201171875,1.0,80,32,32,0,0
ariad,10000,32,0,247,0.00018272407760377973,0.9384875,0.95215625,320000,1440000,1760000,144.0,1413120000,0.007403000000522297,0.004717200000413868,354.31201171875,1.0,80,32,32,0,0
ariad,10000,32,0,248,0.00018272154557053,0.938534375,0.95221875,320000,1440000,1760000,144.0,1413120000,0.007259900000462949,0.004609399999935704,354.12646484375,1.0,80,32,32,0,0
ariad,10000,32,0,249,0.0001827189844334498,0.938590625,0.952284375,320000,1440000,1760000,144.0,1413120000,0.0072895000002972665,0.004623400000127731,354.12646484375,1.0,80,32,32,0,0
ariad,10000,32,0,250,0.0001827134983614087,0.938640625,0.9523375,320000,1440000,1760000,144.0,1413120000,0.007405299999845738,0.004695999999967171,354.12646484375,1.0,80,32,32,0,0
ariad,10000,32,0,251,0.00018271509907208383,0.9386875,0.952409375,320000,1440000,1760000,144.0,1413120000,0.008548799999516632,0.004748399999698449,354.12646484375,1.0,80,32,32,0,0
ariad,10000,32,0,252,0.00018271172302775085,0.9387375,0.95245625,320000,1440000,1760000,144.0,1413120000,0.007494899999983318,0.004662399999688205,354.31201171875,1.0,80,32,32,0,0
ariad,10000,32,0,253,0.00018270315194968134,0.9387875,0.952521875,320000,1440000,1760000,144.0,1413120000,0.0074426999999559484,0.004677599999922677,354.31201171875,1.0,80,32,32,0,0
ariad,10000,32,0,254,0.00018268961866851896,0.9388375,0.952596875,320000,1440000,1760000,144.0,1413120000,0.0074218999998265645,0.0047079000005396665,354.12646484375,1.0,80,32,32,0,0
ariad,10000,32,0,255,0.00018268627172801644,0.9388875,0.95265625,320000,1440000,1760000,144.0,1413120000,0.007465400000000955,0.004784100000506442,354.31201171875,1.0,80,32,32,0,0
ariad,10000,32,0,256,0.00018267497944179922,0.93895,0.952734375,320000,1440000,1760000,144.0,1413120000,0.007261900000230526,0.004626099999768485,354.12646484375,1.0,80,32,32,0,0
ariad,10000,32,0,257,0.00018266982806380838,0.938965625,0.952771875,320000,1440000,1760000,144.0,1413120000,0.007380600000033155,0.004664299999603827,354.31201171875,1.0,80,32,32,0,0
ariad,10000,32,0,258,0.00018266233382746577,0.938990625,0.952821875,320000,1440000,1760000,144.0,1413120000,0.007493699999940873,0.0047546000005240785,354.12646484375,1.0,80,32,32,0,0
ariad,10000,32,0,259,0.00018265990365762264,0.939015625,0.9528375,320000,1440000,1760000,144.0,1413120000,0.007483200000024226,0.0047478999995291815,354.12646484375,1.0,80,32,32,0,0
ariad,10000,32,0,260,0.000182652089279145,0.9390375,0.952859375,320000,1440000,1760000,144.0,1413120000,0.007357499999670836,0.004689999999754946,354.31201171875,1.0,80,32,32,0,0
ariad,10000,32,0,261,0.00018264590471517295,0.9390625,0.952903125,320000,1440000,1760000,144.0,1413120000,0.007401599999866448,0.004689600000347127,354.12646484375,1.0,80,32,32,0,0
ariad,10000,32,0,262,0.00018263583478983492,0.939109375,0.9529625,320000,1440000,1760000,144.0,1413120000,0.007393699999738601,0.004649999999855936,354.12646484375,1.0,80,32,32,0,0
ariad,10000,32,0,263,0.00018263867241330445,0.9391375,0.953,320000,1440000,1760000,144.0,1413120000,0.007344099999500031,0.004595700000209035,354.12646484375,1.0,80,32,32,0,0
ariad,10000,32,0,264,0.00018263816309627146,0.93915625,0.953028125,320000,1440000,1760000,144.0,1413120000,0.007470399999874644,0.004738399999951071,354.12646484375,1.0,80,32,32,0,0
ariad,10000,32,0,265,0.00018262863159179688,0.939178125,0.953059375,320000,1440000,1760000,144.0,1413120000,0.007411099999444559,0.004649200000130804,354.12646484375,1.0,80,32,32,0,0
ariad,10000,32,0,266,0.0001826234074542299,0.93920625,0.95310625,320000,1440000,1760000,144.0,1413120000,0.007393100000626873,0.00469619999967108,354.31201171875,1.0,80,32,32,0,0
ariad,10000,32,0,267,0.0001825919607654214,0.93925,0.95315,320000,1440000,1760000,144.0,1413120000,0.0075317000000723056,0.00469859999975597,354.31201171875,1.0,80,32,32,0,0
ariad,10000,32,0,268,0.00018258762429468334,0.939296875,0.95320625,320000,1440000,1760000,144.0,1413120000,0.007455300000401621,0.004771500000060769,354.12646484375,1.0,80,32,32,0,0
ariad,10000,32,0,269,0.0001825817016651854,0.93934375,0.9532625,320000,1440000,1760000,144.0,1413120000,0.007493399999475514,0.004749900000206253,354.12646484375,1.0,80,32,32,0,0
ariad,10000,32,0,270,0.00018257576448377222,0.9393875,0.95330625,320000,1440000,1760000,144.0,1413120000,0.007458399999450194,0.004739799999697425,354.12646484375,1.0,80,32,32,0,0
ariad,10000,32,0,271,0.00018257265037391335,0.93943125,0.953365625,320000,1440000,1760000,144.0,1413120000,0.007365899999967951,0.004712200000540179,354.12646484375,1.0,80,32,32,0,0
ariad,10000,32,0,272,0.000182569187018089,0.93945,0.953390625,320000,1440000,1760000,144.0,1413120000,0.007579099999929895,0.004591599999912432,354.31201171875,1.0,80,32,32,0,0
ariad,10000,32,0,273,0.00018256962357554585,0.939471875,0.9534375,320000,1440000,1760000,144.0,1413120000,0.007370500000433822,0.0046663999992233585,354.31201171875,1.0,80,32,32,0,0
ariad,10000,32,0,274,0.00018257004558108747,0.939496875,0.953478125,320000,1440000,1760000,144.0,1413120000,0.0073079000003417605,0.00464540000029956,354.12646484375,1.0,80,32,32,0,0
ariad,10000,32,0,275,0.000182570016477257,0.939525,0.953503125,320000,1440000,1760000,144.0,1413120000,0.008227999999689928,0.004662800000005518,354.12646484375,1.0,80,32,32,0,0
ariad,10000,32,0,276,0.0001825613871915266,0.93955,0.9535375,320000,1440000,1760000,144.0,1413120000,0.00790450000022247,0.005132000000230619,354.12646484375,1.0,80,32,32,0,0
ariad,10000,32,0,277,0.00018255974282510579,0.939578125,0.953590625,320000,1440000,1760000,144.0,1413120000,0.007493500000236963,0.004757299999255338,354.12646484375,1.0,80,32,32,0,0
ariad,10000,32,0,278,0.00018255721079185605,0.939646875,0.953659375,320000,1440000,1760000,144.0,1413120000,0.007388900000478316,0.004656299999624025,354.31201171875,1.0,80,32,32,0,0
ariad,10000,32,0,279,0.0001825544604798779,0.939690625,0.953725,320000,1440000,1760000,144.0,1413120000,0.007369500000095286,0.004687599999670056,354.31201171875,1.0,80,32,32,0,0
ariad,10000,32,0,280,0.00018254951282870024,0.939734375,0.953790625,320000,1440000,1760000,144.0,1413120000,0.008174900000085472,0.004782799999702547,354.12646484375,1.0,80,32,32,0,0
ariad,10000,32,0,281,0.00018254599126521498,0.939765625,0.953828125,320000,1440000,1760000,144.0,1413120000,0.007684900000640482,0.004690300000220304,354.31201171875,1.0,80,32,32,0,0
ariad,10000,32,0,282,0.0001825401996029541,0.9398,0.953859375,320000,1440000,1760000,144.0,1413120000,0.007359000000178639,0.004653099999814003,354.12646484375,1.0,80,32,32,0,0
ariad,10000,32,0,283,0.00018253864254802465,0.939825,0.9539,320000,1440000,1760000,144.0,1413120000,0.007400299999972049,0.004706599999735772,354.31201171875,1.0,80,32,32,0,0
ariad,10000,32,0,284,0.00018253742018714547,0.939853125,0.953940625,320000,1440000,1760000,144.0,1413120000,0.00781710000046587,0.0048489999999219435,354.12646484375,1.0,80,32,32,0,0
ariad,10000,32,0,285,0.00018254140741191804,0.93986875,0.95396875,320000,1440000,1760000,144.0,1413120000,0.007457400000021153,0.004756600000291655,354.12646484375,1.0,80,32,32,0,0
ariad,10000,32,0,286,0.00018253586313221604,0.9398875,0.953996875,320000,1440000,1760000,144.0,1413120000,0.007429100000081235,0.0047541999992972706,354.31201171875,1.0,80,32,32,0,0
ariad,10000,32,0,287,0.00018253520829603076,0.939928125,0.954040625,320000,1440000,1760000,144.0,1413120000,0.008222999999816238,0.004618500000105996,354.12646484375,1.0,80,32,32,0,0
ariad,10000,32,0,288,0.00018252644804306328,0.93996875,0.954090625,320000,1440000,1760000,144.0,1413120000,0.0073817000002236455,0.004725499999949534,354.12646484375,1.0,80,32,32,0,0
ariad,10000,32,0,289,0.00018252135487273335,0.94,0.95415,320000,1440000,1760000,144.0,1413120000,0.007428099999742699,0.004738499999803025,354.12646484375,1.0,80,32,32,0,0
ariad,10000,32,0,290,0.00018250674474984407,0.940025,0.954184375,320000,1440000,1760000,144.0,1413120000,0.007338200000049255,0.004640700000891229,354.12646484375,1.0,80,32,32,0,0
ariad,10000,32,0,291,0.00018250555149279535,0.940053125,0.954225,320000,1440000,1760000,144.0,1413120000,0.007490800000596209,0.004697800000030838,354.12646484375,1.0,80,32,32,0,0
ariad,10000,32,0,292,0.00018250230641569942,0.9400875,0.954253125,320000,1440000,1760000,144.0,1413120000,0.007250200000271434,0.004568399999698158,354.31201171875,1.0,80,32,32,0,0
ariad,10000,32,0,293,0.00018250105495098978,0.9401125,0.954296875,320000,1440000,1760000,144.0,1413120000,0.007529200000135461,0.004634099999748287,354.31201171875,1.0,80,32,32,0,0
ariad,10000,32,0,294,0.00018248625565320253,0.94015625,0.954353125,320000,1440000,1760000,144.0,1413120000,0.007460900000296533,0.004790199999661127,354.12646484375,1.0,80,32,32,0,0
ariad,10000,32,0,295,0.00018248739070259035,0.940178125,0.954403125,320000,1440000,1760000,144.0,1413120000,0.007348699999965902,0.004656799999793293,354.12646484375,1.0,80,32,32,0,0
ariad,10000,32,0,296,0.0001824870560085401,0.940215625,0.954465625,320000,1440000,1760000,144.0,1413120000,0.007360399999924994,0.004668100000344566,354.12646484375,1.0,80,32,32,0,0
ariad,10000,32,0,297,0.00018247732077725232,0.940271875,0.95453125,320000,1440000,1760000,144.0,1413120000,0.007469600000149512,0.0047062999992704135,354.12646484375,1.0,80,32,32,0,0
ariad,10000,32,0,298,0.000182463918463327,0.940309375,0.954584375,320000,1440000,1760000,144.0,1413120000,0.007436199999574455,0.004687000000558328,354.31201171875,1.0,80,32,32,0,0
ariad,10000,32,0,299,0.00018246236140839756,0.94033125,0.9546125,320000,1440000,1760000,144.0,1413120000,0.007453000000168686,0.00475540000024921,354.31201171875,1.0,80,32,32,0,0
ariad,10000,32,0,300,0.000182465257239528,0.94036875,0.954659375,320000,1440000,1760000,144.0,1413120000,0.007467400000678026,0.004624399999556772,354.12646484375,1.0,80,32,32,0,0
ariad,10000,32,0,301,0.00018246671243105084,0.9404125,0.954715625,320000,1440000,1760000,144.0,1413120000,0.007501900000534079,0.004696500000136439,354.12646484375,1.0,80,32,32,0,0
ariad,10000,32,0,302,0.00018246244871988893,0.940446875,0.954740625,320000,1440000,1760000,144.0,1413120000,0.007419800000207033,0.004698499999904016,354.12646484375,1.0,80,32,32,0,0
ariad,10000,32,0,303,0.0001824604405555874,0.940490625,0.954796875,320000,1440000,1760000,144.0,1413120000,0.007367899999735528,0.004693300000326417,354.12646484375,1.0,80,32,32,0,0
ariad,10000,32,0,304,0.00018245687533635646,0.940534375,0.95485625,320000,1440000,1760000,144.0,1413120000,0.007314499999665713,0.00465020000046934,354.31201171875,1.0,80,32,32,0,0
ariad,10000,32,0,305,0.00018244830425828695,0.940565625,0.9549,320000,1440000,1760000,144.0,1413120000,0.007314100000257895,0.004652200000236917,354.31201171875,1.0,80,32,32,0,0
ariad,10000,32,0,306,0.00018244927923660725,0.9406,0.954925,320000,1440000,1760000,144.0,1413120000,0.007417800000439456,0.004733200000373472,354.12646484375,1.0,80,32,32,0,0
ariad,10000,32,0,307,0.0001824456121539697,0.940634375,0.954990625,320000,1440000,1760000,144.0,1413120000,0.007443999999850348,0.004738099999485712,354.31201171875,1.0,80,32,32,0,0
ariad,10000,32,0,308,0.00018244249804411083,0.94068125,0.955034375,320000,1440000,1760000,144.0,1413120000,0.007353499999226187,0.004664200000661367,354.12646484375,1.0,80,32,32,0,0
ariad,10000,32,0,309,0.00018244296370539814,0.940690625,0.955084375,320000,1440000,1760000,144.0,1413120000,0.007435999999870546,0.004752100000587234,354.31201171875,1.0,80,32,32,0,0
ariad,10000,32,0,310,0.00018243311205878854,0.94073125,0.955128125,320000,1440000,1760000,144.0,1413120000,0.007668200000807701,0.00490669999999227,354.12646484375,1.0,80,32,32,0,0
ariad,10000,32,0,311,0.00018242465739604086,0.940778125,0.955178125,320000,1440000,1760000,144.0,1413120000,0.007709900000008929,0.0047297000000980916,354.12646484375,1.0,80,32,32,0,0
ariad,10000,32,0,312,0.00018241844372823834,0.94080625,0.9552125,320000,1440000,1760000,144.0,1413120000,0.008473799999592302,0.004811800000425137,354.31201171875,1.0,80,32,32,0,0
ariad,10000,32,0,313,0.00018239404016640037,0.94085,0.955275,320000,1440000,1760000,144.0,1413120000,0.007308600000214938,0.0046431000000666245,354.12646484375,1.0,80,32,32,0,0
ariad,10000,32,0,314,0.00018239073688164353,0.940909375,0.955340625,320000,1440000,1760000,144.0,1413120000,0.007280900000296242,0.004592799999954877,354.12646484375,1.0,80,32,32,0,0
ariad,10000,32,0,315,0.00018237449694424868,0.940928125,0.955371875,320000,1440000,1760000,144.0,1413120000,0.007314800000131072,0.004611999999724503,354.12646484375,1.0,80,32,32,0,0
ariad,10000,32,0,316,0.00018237026233691722,0.940946875,0.95540625,320000,1440000,1760000,144.0,1413120000,0.007406900000205496,0.004712599999947997,354.12646484375,1.0,80,32,32,0,0
ariad,10000,32,0,317,0.00018236534378957003,0.94099375,0.955459375,320000,1440000,1760000,144.0,1413120000,0.007353899999543501,0.00464789999932691,354.12646484375,1.0,80,32,32,0,0
ariad,10000,32,0,318,0.00018236885080114007,0.941040625,0.9555375,320000,1440000,1760000,144.0,1413120000,0.007317200000215962,0.004644200000257115,354.31201171875,1.0,80,32,32,0,0
ariad,10000,32,0,319,0.00018236279720440507,0.9410875,0.95559375,320000,1440000,1760000,144.0,1413120000,0.007379700000456069,0.004692000000432017,354.31201171875,1.0,80,32,32,0,0
ariad,10000,32,0,320,0.00018234965682495385,0.9411125,0.955609375,320000,1440000,1760000,144.0,1413120000,0.008021599999665341,0.0046109000004435075,354.12646484375,1.0,80,32,32,0,0
ariad,10000,32,0,321,0.0001823483471525833,0.94113125,0.955665625,320000,1440000,1760000,144.0,1413120000,0.007715499999903841,0.004691199999797391,354.12646484375,1.0,80,32,32,0,0
ariad,10000,32,0,322,0.00018233632727060467,0.941190625,0.955740625,320000,1440000,1760000,144.0,1413120000,0.0074942000001101405,0.004724599999462953,354.12646484375,1.0,80,32,32,0,0
ariad,10000,32,0,323,0.00018232643196824938,0.941234375,0.955784375,320000,1440000,1760000,144.0,1413120000,0.00738550000005489,0.004689899999902991,354.12646484375,1.0,80,32,32,0,0
ariad,10000,32,0,324,0.00018232707225251943,0.941253125,0.95581875,320000,1440000,1760000,144.0,1413120000,0.007380400000329246,0.004668300000048475,354.31201171875,1.0,80,32,32,0,0
ariad,10000,32,0,325,0.0001823192578740418,0.941275,0.955859375,320000,1440000,1760000,144.0,1413120000,0.00825399999939691,0.004685999999310297,354.31201171875,1.0,80,32,32,0,0
ariad,10000,32,0,326,0.00018231570720672607,0.9413125,0.9559,320000,1440000,1760000,144.0,1413120000,0.0073683999999047955,0.004683099999965634,354.12646484375,1.0,80,32,32,0,0
ariad,10000,32,0,327,0.00018230293062515557,0.941353125,0.955946875,320000,1440000,1760000,144.0,1413120000,0.007278500000211352,0.004640299999664421,354.12646484375,1.0,80,32,32,0,0
ariad,10000,32,0,328,0.0001822798658395186,0.94139375,0.956,320000,1440000,1760000,144.0,1413120000,0.007440399999723013,0.004723299999568553,354.12646484375,1.0,80,32,32,0,0
ariad,10000,32,0,329,0.00018227753753308207,0.94140625,0.956021875,320000,1440000,1760000,144.0,1413120000,0.007273599999280123,0.004617900000084774,354.12646484375,1.0,80,32,32,0,0
ariad,10000,32,0,330,0.00018227490363642573,0.941425,0.95605625,320000,1440000,1760000,144.0,1413120000,0.0073635999997350154,0.004710999999588239,354.31201171875,1.0,80,32,32,0,0
ariad,10000,32,0,331,0.0001822739141061902,0.941428125,0.95609375,320000,1440000,1760000,144.0,1413120000,0.007367000000158441,0.004675099999985832,354.31201171875,1.0,80,32,32,0,0
ariad,10000,32,0,332,0.0001822669873945415,0.94145625,0.95613125,320000,1440000,1760000,144.0,1413120000,0.007385299999441486,0.004684800000177347,354.12646484375,1.0,80,32,32,0,0
ariad,10000,32,0,333,0.00018226219981443137,0.941478125,0.956175,320000,1440000,1760000,144.0,1413120000,0.007425099999636586,0.004763199999615608,354.31201171875,1.0,80,32,32,0,0
ariad,10000,32,0,334,0.00018225261010229588,0.94150625,0.956225,320000,1440000,1760000,144.0,1413120000,0.007353099999818369,0.0046803999994153855,354.12646484375,1.0,80,32,32,0,0
ariad,10000,32,0,335,0.00018224258383270353,0.941525,0.95625625,320000,1440000,1760000,144.0,1413120000,0.007389899999907357,0.004669100000683102,354.31201171875,1.0,80,32,32,0,0
ariad,10000,32,0,336,0.0001822364574763924,0.9415625,0.956290625,320000,1440000,1760000,144.0,1413120000,0.00738790000013978,0.004709099999672617,354.12646484375,1.0,80,32,32,0,0
ariad,10000,32,0,337,0.00018223626830149442,0.941571875,0.95633125,320000,1440000,1760000,144.0,1413120000,0.007333300000027521,0.00465989999975136,354.12646484375,1.0,80,32,32,0,0
ariad,10000,32,0,338,0.00018222190556116402,0.94160625,0.956371875,320000,1440000,1760000,144.0,1413120000,0.007355099999585946,0.0046731000002182554,354.31201171875,1.0,80,32,32,0,0
ariad,10000,32,0,339,0.0001822221529437229,0.941640625,0.9564,320000,1440000,1760000,144.0,1413120000,0.00733959999979561,0.004657899999983783,354.12646484375,1.0,80,32,32,0,0
ariad,10000,32,0,340,0.0001822219492169097,0.94165,0.9564375,320000,1440000,1760000,144.0,1413120000,0.007361099999798171,0.004656099999920116,354.12646484375,1.0,80,32,32,0,0
ariad,10000,32,0,341,0.0001822109188651666,0.94168125,0.956471875,320000,1440000,1760000,144.0,1413120000,0.007351199999902747,0.0046665999998367624,354.12646484375,1.0,80,32,32,0,0
ariad,10000,32,0,342,0.00018218104378320277,0.941715625,0.95650625,320000,1440000,1760000,144.0,1413120000,0.00732979999975214,0.00464659999943251,354.12646484375,1.0,80,32,32,0,0
ariad,10000,32,0,343,0.00018216947501059622,0.9417375,0.956540625,320000,1440000,1760000,144.0,1413120000,0.0073734999996304396,0.004711300000053598,354.12646484375,1.0,80,32,32,0,0
ariad,10000,32,0,344,0.00018216724856756628,0.94175625,0.956575,320000,1440000,1760000,144.0,1413120000,0.007452199999534059,0.004719700000350713,354.31201171875,1.0,80,32,32,0,0
ariad,10000,32,0,345,0.00018216445459984243,0.941790625,0.95661875,320000,1440000,1760000,144.0,1413120000,0.007602499999848078,0.004893499999525375,354.31201171875,1.0,80,32,32,0,0
ariad,10000,32,0,346,0.00018216072930954397,0.94180625,0.95665,320000,1440000,1760000,144.0,1413120000,0.007358300000305462,0.0047246000003724475,354.12646484375,1.0,80,32,32,0,0
ariad,10000,32,0,347,0.0001821613113861531,0.941834375,0.956684375,320000,1440000,1760000,144.0,1413120000,0.007305600000108825,0.004687399999966146,354.12646484375,1.0,80,32,32,0,0
ariad,10000,32,0,348,0.00018216240277979523,0.941865625,0.956725,320000,1440000,1760000,144.0,1413120000,0.007450600000083796,0.00468520000049466,354.12646484375,1.0,80,32,32,0,0
ariad,10000,32,0,349,0.00018215480668004602,0.9419,0.956784375,320000,1440000,1760000,144.0,1413120000,0.007430999999996857,0.004749400000036985,354.12646484375,1.0,80,32,32,0,0
ariad,10000,32,0,350,0.00018215102318208665,0.941921875,0.956809375,320000,1440000,1760000,144.0,1413120000,0.0073853000003509806,0.004709099999672617,354.31201171875,1.0,80,32,32,0,0
ariad,10000,32,0,351,0.0001821444893721491,0.941953125,0.95684375,320000,1440000,1760000,144.0,1413120000,0.007413199999973585,0.004746999999952095,354.31201171875,1.0,80,32,32,0,0
ariad,10000,32,0,352,0.0001821412588469684,0.941978125,0.956875,320000,1440000,1760000,144.0,1413120000,0.00735770000028424,0.004708299999947485,354.12646484375,1.0,80,32,32,0,0
ariad,10000,32,0,353,0.00018213559815194458,0.94200625,0.9569125,320000,1440000,1760000,144.0,1413120000,0.007378900000730937,0.004718000000139,354.12646484375,1.0,80,32,32,0,0
ariad,10000,32,0,354,0.0001821306359488517,0.9420625,0.956975,320000,1440000,1760000,144.0,1413120000,0.007534299999861105,0.0048231000000669155,354.12646484375,1.0,80,32,32,0,0
ariad,10000,32,0,355,0.0001821273472160101,0.9421125,0.95703125,320000,1440000,1760000,144.0,1413120000,0.007343199999922945,0.004650100000617385,354.12646484375,1.0,80,32,32,0,0
ariad,10000,32,0,356,0.00018212501890957355,0.942146875,0.957078125,320000,1440000,1760000,144.0,1413120000,0.007275800000570598,0.004647900000236405,354.31201171875,1.0,80,32,32,0,0
ariad,10000,32,0,357,0.0001821165787987411,0.942196875,0.95711875,320000,1440000,1760000,144.0,1413120000,0.007318299999496958,0.004681200000050012,354.31201171875,1.0,80,32,32,0,0
ariad,10000,32,0,358,0.0001821161713451147,0.9422125,0.957146875,320000,1440000,1760000,144.0,1413120000,0.007364199999756238,0.004690499999924214,354.12646484375,1.0,80,32,32,0,0
ariad,10000,32,0,359,0.00018211449787486345,0.94225,0.957178125,320000,1440000,1760000,144.0,1413120000,0.007336599999689497,0.004645600000003469,354.31201171875,1.0,80,32,32,0,0
ariad,10000,32,0,360,0.00018211043789051473,0.942271875,0.95720625,320000,1440000,1760000,144.0,1413120000,0.007369500000095286,0.004690300000220304,354.12646484375,1.0,80,32,32,0,0
ariad,10000,32,0,361,0.00018211106362286955,0.9423,0.9572375,320000,1440000,1760000,144.0,1413120000,0.007461400000465801,0.004765300000144634,354.31201171875,1.0,80,32,32,0,0
ariad,10000,32,0,362,0.00018210758571512997,0.94235,0.9572875,320000,1440000,1760000,144.0,1413120000,0.007480299999770068,0.004624399999556772,354.12646484375,1.0,80,32,32,0,0
ariad,10000,32,0,363,0.00018209771951660514,0.942396875,0.95734375,320000,1440000,1760000,144.0,1413120000,0.007699400000092282,0.005017200000111188,354.12646484375,1.0,80,32,32,0,0
ariad,10000,32,0,364,0.00018209998961538076,0.942425,0.9574125,320000,1440000,1760000,144.0,1413120000,0.007540700000390643,0.004648799999813491,354.31201171875,1.0,80,32,32,0,0
ariad,10000,32,0,365,0.00018208498659078032,0.942459375,0.9574375,320000,1440000,1760000,144.0,1413120000,0.007488700000067183,0.004734199999802513,354.12646484375,1.0,80,32,32,0,0
ariad,10000,32,0,366,0.00018207983521278948,0.9424875,0.957478125,320000,1440000,1760000,144.0,1413120000,0.007323900000301364,0.0046859000003678375,354.12646484375,1.0,80,32,32,0,0
ariad,10000,32,0,367,0.0001820727193262428,0.942515625,0.957534375,320000,1440000,1760000,144.0,1413120000,0.009925599999405676,0.007093999999597145,354.12646484375,1.0,80,32,32,0,0
ariad,10000,32,0,368,0.0001820674369810149,0.942546875,0.957584375,320000,1440000,1760000,144.0,1413120000,0.007449400000041351,0.00466950000009092,354.12646484375,1.0,80,32,32,0,0
ariad,10000,32,0,369,0.00018206318782176822,0.94259375,0.957646875,320000,1440000,1760000,144.0,1413120000,0.00740849999965576,0.0047052999998413725,354.12646484375,1.0,80,32,32,0,0
ariad,10000,32,0,370,0.00018204857769887894,0.9426125,0.95768125,320000,1440000,1760000,144.0,1413120000,0.007255200000145123,0.004587999999785097,354.31201171875,1.0,80,32,32,0,0
ariad,10000,32,0,371,0.00018204707885161042,0.942628125,0.957709375,320000,1440000,1760000,144.0,1413120000,0.007556200000180979,0.00472040000022389,354.31201171875,1.0,80,32,32,0,0
ariad,10000,32,0,372,0.00018204603111371398,0.9426375,0.957728125,320000,1440000,1760000,144.0,1413120000,0.007273300000633753,0.004576199999974051,354.12646484375,1.0,80,32,32,0,0
ariad,10000,32,0,373,0.0001820454781409353,0.942675,0.95775,320000,1440000,1760000,144.0,1413120000,0.00729589999991731,0.004654899999877671,354.12646484375,1.0,80,32,32,0,0
ariad,10000,32,0,374,0.00018204677326139063,0.942715625,0.95779375,320000,1440000,1760000,144.0,1413120000,0.0075046000001748325,0.004815100000087114,354.12646484375,1.0,80,32,32,0,0
ariad,10000,32,0,375,0.00018204643856734037,0.94274375,0.957834375,320000,1440000,1760000,144.0,1413120000,0.007307500000024447,0.004624499999408727,354.12646484375,1.0,80,32,32,0,0
ariad,10000,32,0,376,0.0001820372708607465,0.94276875,0.957865625,320000,1440000,1760000,144.0,1413120000,0.0074489999997240375,0.004686399999627611,354.31201171875,1.0,80,32,32,0,0
ariad,10000,32,0,377,0.00018203479703515768,0.9428,0.9579,320000,1440000,1760000,144.0,1413120000,0.00743030000012368,0.0047454999994442915,354.31201171875,1.0,80,32,32,0,0
ariad,10000,32,0,378,0.0001820405013859272,0.94283125,0.95794375,320000,1440000,1760000,144.0,1413120000,0.007394399999611778,0.004710500000328466,354.12646484375,1.0,80,32,32,0,0
ariad,10000,32,0,379,0.000182037110789679,0.9428625,0.957990625,320000,1440000,1760000,144.0,1413120000,0.007378499999504129,0.0046990000000732834,354.12646484375,1.0,80,32,32,0,0
ariad,10000,32,0,380,0.00018202836508862674,0.942896875,0.958028125,320000,1440000,1760000,144.0,1413120000,0.007398799999464245,0.004697600000326929,354.12646484375,1.0,80,32,32,0,0
ariad,10000,32,0,381,0.00018202255887445062,0.942921875,0.958059375,320000,1440000,1760000,144.0,1413120000,0.00808229999984178,0.004717400000117777,354.12646484375,1.0,80,32,32,0,0
ariad,10000,32,0,382,0.00018202338833361864,0.94296875,0.958121875,320000,1440000,1760000,144.0,1413120000,0.0074010999996971805,0.0046883000004527275,354.31201171875,1.0,80,32,32,0,0
ariad,10000,32,0,383,0.00018201486091129482,0.94301875,0.958196875,320000,1440000,1760000,144.0,1413120000,0.007344700000430748,0.004653099999814003,354.31201171875,1.0,80,32,32,0,0
ariad,10000,32,0,384,0.00018200640624854714,0.943071875,0.958234375,320000,1440000,1760000,144.0,1413120000,0.007360500000686443,0.004746300000078918,354.12646484375,1.0,80,32,32,0,0
ariad,10000,32,0,385,0.00018200324848294258,0.943096875,0.958278125,320000,1440000,1760000,144.0,1413120000,0.00739400000020396,0.004703100000369886,354.31201171875,1.0,80,32,32,0,0
ariad,10000,32,0,386,0.00018199579790234566,0.943146875,0.958321875,320000,1440000,1760000,144.0,1413120000,0.007312100000490318,0.004658900000322319,354.12646484375,1.0,80,32,32,0,0
ariad,10000,32,0,387,0.00018198200268670917,0.943190625,0.958371875,320000,1440000,1760000,144.0,1413120000,0.007421499999509251,0.004721399999652931,354.31201171875,1.0,80,32,32,0,0
ariad,10000,32,0,388,0.00018198072211816907,0.943209375,0.95839375,320000,1440000,1760000,144.0,1413120000,0.0073144000007232535,0.004624100000000908,354.12646484375,1.0,80,32,32,0,0
ariad,10000,32,0,389,0.0001819695607991889,0.943253125,0.958434375,320000,1440000,1760000,144.0,1413120000,0.0073660000007294,0.00470949999998993,354.12646484375,1.0,80,32,32,0,0
ariad,10000,32,0,390,0.0001819674507714808,0.94326875,0.958478125,320000,1440000,1760000,144.0,1413120000,0.007353099999818369,0.004627799999980198,354.31201171875,1.0,80,32,32,0,0
ariad,10000,32,0,391,0.00018196723249275237,0.943290625,0.95853125,320000,1440000,1760000,144.0,1413120000,0.007297899999684887,0.004672900000514346,354.12646484375,1.0,80,32,32,0,0
ariad,10000,32,0,392,0.00018196336168330163,0.943328125,0.958584375,320000,1440000,1760000,144.0,1413120000,0.007347200000367593,0.004668300000048475,354.12646484375,1.0,80,32,32,0,0
ariad,10000,32,0,393,0.00018195841403212398,0.943353125,0.958609375,320000,1440000,1760000,144.0,1413120000,0.00743250000050466,0.004686199999923701,354.12646484375,1.0,80,32,32,0,0
ariad,10000,32,0,394,0.00018195559096056968,0.94335625,0.9586375,320000,1440000,1760000,144.0,1413120000,0.0077509000002464745,0.004984500000318803,354.12646484375,1.0,80,32,32,0,0
ariad,10000,32,0,395,0.0001819528843043372,0.943375,0.958665625,320000,1440000,1760000,144.0,1413120000,0.007370699999228236,0.004693199999564968,354.12646484375,1.0,80,32,32,0,0
ariad,10000,32,0,396,0.000181952171260491,0.943403125,0.9587,320000,1440000,1760000,144.0,1413120000,0.007491000000300119,0.004718600000160222,354.31201171875,1.0,80,32,32,0,0
ariad,10000,32,0,397,0.00018194828589912504,0.943425,0.958721875,320000,1440000,1760000,144.0,1413120000,0.007726699999693665,0.0047246000003724475,354.31201171875,1.0,80,32,32,0,0
ariad,10000,32,0,398,0.00018194731092080474,0.943453125,0.958759375,320000,1440000,1760000,144.0,1413120000,0.007349799999246898,0.004675700000007055,354.12646484375,1.0,80,32,32,0,0
ariad,10000,32,0,399,0.0001819456520024687,0.9434875,0.958784375,320000,1440000,1760000,144.0,1413120000,0.007371499999862863,0.004654999999729625,354.12646484375,1.0,80,32,32,0,0
ariad,10000,32,0,400,0.0001819436001824215,0.943509375,0.95880625,320000,1440000,1760000,144.0,1413120000,0.007350800000494928,0.004712299999482639,354.12646484375,1.0,80,32,32,0,0
ariad,10000,32,0,401,0.00018194131553173065,0.943525,0.958828125,320000,1440000,1760000,144.0,1413120000,0.007398099999591068,0.0047091000005821115,354.12646484375,1.0,80,32,32,0,0
ariad,10000,32,0,402,0.00018193991854786873,0.9435375,0.9588375,320000,1440000,1760000,144.0,1413120000,0.007720700000390934,0.004980499999874155,354.31201171875,1.0,80,32,32,0,0
ariad,10000,32,0,403,0.00018194220319855958,0.943546875,0.958859375,320000,1440000,1760000,144.0,1413120000,0.00902840000071592,0.006336299999929906,354.31201171875,1.0,80,32,32,0,0
ariad,10000,32,0,404,0.0001819376484490931,0.94358125,0.95890625,320000,1440000,1760000,144.0,1413120000,0.007381200000054378,0.004679800000303658,354.12646484375,1.0,80,32,32,0,0
ariad,10000,32,0,405,0.00018192906281910837,0.943634375,0.958978125,320000,1440000,1760000,144.0,1413120000,0.0073231000005762326,0.004671299999245093,354.12646484375,1.0,80,32,32,0,0
ariad,10000,32,0,406,0.00018192865536548197,0.9436625,0.959021875,320000,1440000,1760000,144.0,1413120000,0.007323499999984051,0.004662599999392114,354.12646484375,1.0,80,32,32,0,0
ariad,10000,32,0,407,0.0001819250755943358,0.94370625,0.9590625,320000,1440000,1760000,144.0,1413120000,0.007425200000398036,0.0046898000000510365,354.12646484375,1.0,80,32,32,0,0
ariad,10000,32,0,408,0.00018191665003541857,0.943753125,0.959115625,320000,1440000,1760000,144.0,1413120000,0.007390799999484443,0.004739299999528157,354.31201171875,1.0,80,32,32,0,0
ariad,10000,32,0,409,0.0001819160534068942,0.943784375,0.9591625,320000,1440000,1760000,144.0,1413120000,0.00731400000040594,0.0046419000000241795,354.31201171875,1.0,80,32,32,0,0
ariad,10000,32,0,410,0.00018191417620982975,0.943834375,0.959225,320000,1440000,1760000,144.0,1413120000,0.007463099999768019,0.004785099999935483,354.12646484375,1.0,80,32,32,0,0
ariad,10000,32,0,411,0.00018190743867307901,0.94386875,0.95926875,320000,1440000,1760000,144.0,1413120000,0.007759799999803363,0.004958499999702326,354.31201171875,1.0,80,32,32,0,0
ariad,10000,32,0,412,0.00018190428090747446,0.943896875,0.9593,320000,1440000,1760000,144.0,1413120000,0.007811700000274868,0.005044300000008661,354.12646484375,1.0,80,32,32,0,0
ariad,10000,32,0,413,0.00018190144328400493,0.9439125,0.959328125,320000,1440000,1760000,144.0,1413120000,0.0074441000006117974,0.004680699999880744,354.31201171875,1.0,80,32,32,0,0
ariad,10000,32,0,414,0.00018189172260463238,0.943934375,0.95938125,320000,1440000,1760000,144.0,1413120000,0.007369599999947241,0.004723500000181957,354.12646484375,1.0,80,32,32,0,0
ariad,10000,32,0,415,0.00018188334070146084,0.943975,0.959434375,320000,1440000,1760000,144.0,1413120000,0.007384600000477803,0.004727800000182469,354.12646484375,1.0,80,32,32,0,0
ariad,10000,32,0,416,0.00018187797104474157,0.944003125,0.95944375,320000,1440000,1760000,144.0,1413120000,0.007336199999372184,0.004647100000511273,354.31201171875,1.0,80,32,32,0,0
ariad,10000,32,0,417,0.0001818807504605502,0.94403125,0.959471875,320000,1440000,1760000,144.0,1413120000,0.007550500000434113,0.004882199999883596,354.12646484375,1.0,80,32,32,0,0
ariad,10000,32,0,418,0.00018187894602306187,0.944059375,0.9595,320000,1440000,1760000,144.0,1413120000,0.007590400000481168,0.004687900000135414,354.12646484375,1.0,80,32,32,0,0
ariad,10000,32,0,419,0.0001818709570216015,0.944084375,0.959540625,320000,1440000,1760000,144.0,1413120000,0.007375600000159466,0.004691499999353255,354.12646484375,1.0,80,32,32,0,0
ariad,10000,32,0,420,0.00018186512170359492,0.944125,0.9596,320000,1440000,1760000,144.0,1413120000,0.007515799999964656,0.004799199999979464,354.12646484375,1.0,80,32,32,0,0
ariad,10000,32,0,421,0.0001818628516048193,0.94413125,0.959615625,320000,1440000,1760000,144.0,1413120000,0.0073413000000073225,0.004643399999622488,354.12646484375,1.0,80,32,32,0,0
ariad,10000,32,0,422,0.0001818625460145995,0.9441625,0.959646875,320000,1440000,1760000,144.0,1413120000,0.007359899999755726,0.004673499999626074,354.31201171875,1.0,80,32,32,0,0
ariad,10000,32,0,423,0.00018186063971370459,0.9442,0.95968125,320000,1440000,1760000,144.0,1413120000,0.007338400000662659,0.004670299999816052,354.31201171875,1.0,80,32,32,0,0
ariad,10000,32,0,424,0.00018186042143497616,0.9442125,0.9597125,320000,1440000,1760000,144.0,1413120000,0.0073645000002215966,0.004670999999689229,354.12646484375,1.0,80,32,32,0,0
ariad,10000,32,0,425,0.00018185908265877515,0.9442375,0.95978125,320000,1440000,1760000,144.0,1413120000,0.007293800000297779,0.004594600000018545,354.12646484375,1.0,80,32,32,0,0
ariad,10000,32,0,426,0.00018185176304541528,0.944278125,0.95981875,320000,1440000,1760000,144.0,1413120000,0.007262900000569061,0.004562299999633979,354.12646484375,1.0,80,32,32,0,0
ariad,10000,32,0,427,0.00018184717919211835,0.9443125,0.95985625,320000,1440000,1760000,144.0,1413120000,0.007391900000584428,0.004697000000305707,354.12646484375,1.0,80,32,32,0,0
ariad,10000,32,0,428,0.0001818435121094808,0.944353125,0.959884375,320000,1440000,1760000,144.0,1413120000,0.007717599999523372,0.004637000000002445,354.31201171875,1.0,80,32,32,0,0
ariad,10000,32,0,429,0.00018183670181315392,0.94438125,0.95993125,320000,1440000,1760000,144.0,1413120000,0.007497700000385521,0.004774600000018836,354.31201171875,1.0,80,32,32,0,0
ariad,10000,32,0,430,0.00018183173961006105,0.94440625,0.95996875,320000,1440000,1760000,144.0,1413120000,0.007228200000099605,0.004543200000625802,354.12646484375,1.0,80,32,32,0,0
ariad,10000,32,0,431,0.00018182990606874228,0.94445,0.960021875,320000,1440000,1760000,144.0,1413120000,0.007394199999907869,0.004697899999882793,354.12646484375,1.0,80,32,32,0,0
ariad,10000,32,0,432,0.00018182503117714077,0.944471875,0.96005,320000,1440000,1760000,144.0,1413120000,0.007788500000060594,0.005118899999615678,354.12646484375,1.0,80,32,32,0,0
ariad,10000,32,0,433,0.00018181731866206974,0.9444875,0.96009375,320000,1440000,1760000,144.0,1413120000,0.007355000000643486,0.004654000000300584,354.12646484375,1.0,80,32,32,0,0
ariad,10000,32,0,434,0.00018180841288994998,0.9445125,0.96014375,320000,1440000,1760000,144.0,1413120000,0.007362400000602065,0.004686499999479565,354.31201171875,1.0,80,32,32,0,0
ariad,10000,32,0,435,0.00018180697225034237,0.944546875,0.960159375,320000,1440000,1760000,144.0,1413120000,0.007452499999999418,0.004778999999871303,354.31201171875,1.0,80,32,32,0,0
ariad,10000,32,0,436,0.00018180249026045203,0.944571875,0.960190625,320000,1440000,1760000,144.0,1413120000,0.007393500000034692,0.004721899999822199,354.12646484375,1.0,80,32,32,0,0
ariad,10000,32,0,437,0.00018179793551098555,0.9446,0.96021875,320000,1440000,1760000,144.0,1413120000,0.0075147999996261206,0.004767999999785388,354.31201171875,1.0,80,32,32,0,0
ariad,10000,32,0,438,0.0001817817537812516,0.94463125,0.960259375,320000,1440000,1760000,144.0,1413120000,0.0073115999994115555,0.004651900000681053,354.12646484375,1.0,80,32,32,0,0
ariad,10000,32,0,439,0.00018178133177571,0.94466875,0.96030625,320000,1440000,1760000,144.0,1413120000,0.007512700000006589,0.004687900000135414,354.31201171875,1.0,80,32,32,0,0
ariad,10000,32,0,440,0.0001817727170418948,0.944715625,0.960371875,320000,1440000,1760000,144.0,1413120000,0.007413399999677495,0.004718500000308268,354.12646484375,1.0,80,32,32,0,0
ariad,10000,32,0,441,0.00018177057791035622,0.944753125,0.960425,320000,1440000,1760000,144.0,1413120000,0.007510000000365835,0.004675099999985832,354.12646484375,1.0,80,32,32,0,0
ariad,10000,32,0,442,0.00018175526929553598,0.944796875,0.960484375,320000,1440000,1760000,144.0,1413120000,0.007292499999493884,0.004639499999939289,354.31201171875,1.0,80,32,32,0,0
ariad,10000,32,0,443,0.0001817439479054883,0.94484375,0.960515625,320000,1440000,1760000,144.0,1413120000,0.007389700000203447,0.004685599999902479,354.12646484375,1.0,80,32,32,0,0
ariad,10000,32,0,444,0.00018174113938584924,0.944865625,0.960546875,320000,1440000,1760000,144.0,1413120000,0.007366600000750623,0.004711300000053598,354.12646484375,1.0,80,32,32,0,0
ariad,10000,32,0,445,0.0001817301963455975,0.944875,0.960590625,320000,1440000,1760000,144.0,1413120000,0.007325500000661123,0.00465269999949669,354.12646484375,1.0,80,32,32,0,0
ariad,10000,32,0,446,0.00018172938143834472,0.9449,0.9606375,320000,1440000,1760000,144.0,1413120000,0.007568899999569112,0.0046767000003455905,354.12646484375,1.0,80,32,32,0,0
ariad,10000,32,0,447,0.0001817229058360681,0.94495,0.96068125,320000,1440000,1760000,144.0,1413120000,0.00741809999999532,0.004694299999755458,354.12646484375,1.0,80,32,32,0,0
ariad,10000,32,0,448,0.0001817188021959737,0.944990625,0.960734375,320000,1440000,1760000,144.0,1413120000,0.007370900000751135,0.004687999999987369,354.31201171875,1.0,80,32,32,0,0
ariad,10000,32,0,449,0.00018171862757299095,0.945025,0.960771875,320000,1440000,1760000,144.0,1413120000,0.007293099999515107,0.004590200000166078,354.31201171875,1.0,80,32,32,0,0
ariad,10000,32,0,450,0.00018171702686231583,0.94505625,0.960796875,320000,1440000,1760000,144.0,1413120000,0.007350200000473706,0.004638600000362203,354.12646484375,1.0,80,32,32,0,0
ariad,10000,32,0,451,0.0001817152660805732,0.945065625,0.96081875,320000,1440000,1760000,144.0,1413120000,0.007661900000130117,0.004949199999828124,354.12646484375,1.0,80,32,32,0,0
ariad,10000,32,0,452,0.000181703973794356,0.945096875,0.960853125,320000,1440000,1760000,144.0,1413120000,0.007465300000149,0.004727700000330515,354.12646484375,1.0,80,32,32,0,0
ariad,10000,32,0,453,0.0001816991571104154,0.945121875,0.960896875,320000,1440000,1760000,144.0,1413120000,0.00734920000013517,0.004693099999713013,354.12646484375,1.0,80,32,32,0,0
ariad,10000,32,0,454,0.00018169703253079206,0.945159375,0.96094375,320000,1440000,1760000,144.0,1413120000,0.0074141000004601665,0.0047451999998884276,354.31201171875,1.0,80,32,32,0,0
ariad,10000,32,0,455,0.0001816843869164586,0.94520625,0.960990625,320000,1440000,1760000,144.0,1413120000,0.0075060999997731415,0.004776300000230549,354.31201171875,1.0,80,32,32,0,0
ariad,10000,32,0,456,0.00018168524547945708,0.9452125,0.96101875,320000,1440000,1760000,144.0,1413120000,0.007406800000353542,0.0047335999997812905,354.12646484375,1.0,80,32,32,0,0
ariad,10000,32,0,457,0.00018167567031923681,0.9452375,0.961046875,320000,1440000,1760000,144.0,1413120000,0.0073168999997506035,0.004626500000085798,354.12646484375,1.0,80,32,32,0,0
ariad,10000,32,0,458,0.00018167286179959774,0.945265625,0.961075,320000,1440000,1760000,144.0,1413120000,0.007308799999918847,0.004630499999620952,354.12646484375,1.0,80,32,32,0,0
ariad,10000,32,0,459,0.00018167805683333427,0.94526875,0.96110625,320000,1440000,1760000,144.0,1413120000,0.007385299999441486,0.004736699999739358,354.12646484375,1.0,80,32,32,0,0
ariad,10000,32,0,460,0.0001816679141484201,0.9453,0.961146875,320000,1440000,1760000,144.0,1413120000,0.007286500000191154,0.004617700000380864,354.31201171875,1.0,80,32,32,0,0
ariad,10000,32,0,461,0.00018166287918575108,0.9453375,0.961196875,320000,1440000,1760000,144.0,1413120000,0.007306900000003225,0.004625700000360666,354.31201171875,1.0,80,32,32,0,0
ariad,10000,32,0,462,0.00018165992514695972,0.945365625,0.961246875,320000,1440000,1760000,144.0,1413120000,0.009116900000663009,0.006443799999942712,354.12646484375,1.0,80,32,32,0,0
ariad,10000,32,0,463,0.00018165452638641,0.945390625,0.961278125,320000,1440000,1760000,144.0,1413120000,0.007807100000718492,0.004806699999789998,354.31201171875,1.0,80,32,32,0,0
ariad,10000,32,0,464,0.0001816379517549649,0.945415625,0.96130625,320000,1440000,1760000,144.0,1413120000,0.007409099999676982,0.004720299999462441,354.12646484375,1.0,80,32,32,0,0
ariad,10000,32,0,465,0.00018164116772823036,0.94545,0.961321875,320000,1440000,1760000,144.0,1413120000,0.00736849999975675,0.004719399999885354,354.31201171875,1.0,80,32,32,0,0
ariad,10000,32,0,466,0.00018163614731747657,0.945478125,0.96135625,320000,1440000,1760000,144.0,1413120000,0.007326300000386254,0.004658200000449142,354.12646484375,1.0,80,32,32,0,0
ariad,10000,32,0,467,0.00018163541972171515,0.9455,0.9613875,320000,1440000,1760000,144.0,1413120000,0.0073879999999917345,0.004687900000135414,354.12646484375,1.0,80,32,32,0,0
ariad,10000,32,0,468,0.000181627954589203,0.94554375,0.96143125,320000,1440000,1760000,144.0,1413120000,0.007358199999544013,0.004676999999901454,354.31201171875,1.0,80,32,32,0,0
ariad,10000,32,0,469,0.00018161922344006598,0.945565625,0.9614625,320000,1440000,1760000,144.0,1413120000,0.007384399999864399,0.0047091000005821115,354.12646484375,1.0,80,32,32,0,0
ariad,10000,32,0,470,0.00018161804473493248,0.94558125,0.961490625,320000,1440000,1760000,144.0,1413120000,0.007244599999467027,0.004608100000041304,354.12646484375,1.0,80,32,32,0,0
ariad,10000,32,0,471,0.00018161408661399037,0.945621875,0.96153125,320000,1440000,1760000,144.0,1413120000,0.0073040000006585615,0.0046285999997053295,354.12646484375,1.0,80,32,32,0,0
ariad,10000,32,0,472,0.00018161727348342538,0.945659375,0.96156875,320000,1440000,1760000,144.0,1413120000,0.007806499999787775,0.004754999999931897,354.12646484375,1.0,80,32,32,0,0
ariad,10000,32,0,473,0.00018161740445066243,0.945684375,0.961603125,320000,1440000,1760000,144.0,1413120000,0.007443300000886666,0.0047299999996539555,354.12646484375,1.0,80,32,32,0,0
ariad,10000,32,0,474,0.00018161391199100763,0.945709375,0.961634375,320000,1440000,1760000,144.0,1413120000,0.0072880999996414175,0.0046041000005061505,354.31201171875,1.0,80,32,32,0,0
ariad,10000,32,0,475,0.00018161576008424163,0.94573125,0.961671875,320000,1440000,1760000,144.0,1413120000,0.007456100000126753,0.004766500000187079,354.31201171875,1.0,80,32,32,0,0
ariad,10000,32,0,476,0.00018157281738240272,0.94576875,0.961715625,320000,1440000,1760000,144.0,1413120000,0.007287899999937508,0.004595000000335858,354.12646484375,1.0,80,32,32,0,0
ariad,10000,32,0,477,0.00018156472651753575,0.945803125,0.961765625,320000,1440000,1760000,144.0,1413120000,0.007341600000472681,0.004660800000237941,354.12646484375,1.0,80,32,32,0,0
ariad,10000,32,0,478,0.00018156437727157027,0.9458125,0.9617875,320000,1440000,1760000,144.0,1413120000,0.007252899999912188,0.004624300000614312,354.12646484375,1.0,80,32,32,0,0
ariad,10000,32,0,479,0.00018155862926505506,0.94584375,0.96180625,320000,1440000,1760000,144.0,1413120000,0.0073400999999648775,0.004654200000004494,354.12646484375,1.0,80,32,32,0,0
ariad,10000,32,0,480,0.00018155552970711142,0.945859375,0.9618375,320000,1440000,1760000,144.0,1413120000,0.007287299999916286,0.0046220999993238365,354.31201171875,1.0,80,32,32,0,0
ariad,10000,32,0,481,0.00018155582074541599,0.945871875,0.96185,320000,1440000,1760000,144.0,1413120000,0.007646200000635872,0.004886200000328245,354.31201171875,1.0,80,32,32,0,0
ariad,10000,32,0,482,0.00018155363795813173,0.94589375,0.961890625,320000,1440000,1760000,144.0,1413120000,0.007346899999902234,0.004674400000112655,354.12646484375,1.0,80,32,32,0,0
ariad,10000,32,0,483,0.00018155232828576118,0.945921875,0.961928125,320000,1440000,1760000,144.0,1413120000,0.007372499999291904,0.004698699999607925,354.12646484375,1.0,80,32,32,0,0
ariad,10000,32,0,484,0.00018155283760279417,0.94594375,0.961971875,320000,1440000,1760000,144.0,1413120000,0.007354100000156905,0.0046716000006199465,354.12646484375,1.0,80,32,32,0,0
ariad,10000,32,0,485,0.00018154975259676576,0.94598125,0.962,320000,1440000,1760000,144.0,1413120000,0.0073766000004980015,0.00468540000019857,354.12646484375,1.0,80,32,32,0,0
ariad,10000,32,0,486,0.00018154837016481906,0.94600625,0.9620375,320000,1440000,1760000,144.0,1413120000,0.007397800000035204,0.004687700000431505,354.31201171875,1.0,80,32,32,0,0
ariad,10000,32,0,487,0.00018153947894461453,0.9460375,0.962075,320000,1440000,1760000,144.0,1413120000,0.007384399999864399,0.00463690000015049,354.31201171875,1.0,80,32,32,0,0
ariad,10000,32,0,488,0.00018153047130908817,0.946059375,0.962125,320000,1440000,1760000,144.0,1413120000,0.007443700000294484,0.004747400000269408,354.12646484375,1.0,80,32,32,0,0
ariad,10000,32,0,489,0.00018152629490941763,0.94608125,0.96215,320000,1440000,1760000,144.0,1413120000,0.0074114999997618725,0.004731500000161759,354.31201171875,1.0,80,32,32,0,0
ariad,10000,32,0,490,0.00018152216216549277,0.9461,0.962165625,320000,1440000,1760000,144.0,1413120000,0.007282900000063819,0.004609599999639613,354.12646484375,1.0,80,32,32,0,0
ariad,10000,32,0,491,0.00018152310803998262,0.946109375,0.96221875,320000,1440000,1760000,144.0,1413120000,0.007397600000331295,0.004698199999438657,354.31201171875,1.0,80,32,32,0,0
ariad,10000,32,0,492,0.0001815192517824471,0.9461375,0.962265625,320000,1440000,1760000,144.0,1413120000,0.00728990000061458,0.004630399999768997,354.12646484375,1.0,80,32,32,0,0
ariad,10000,32,0,493,0.00018151347467210144,0.946171875,0.962296875,320000,1440000,1760000,144.0,1413120000,0.007324299999709183,0.004625200000191398,354.12646484375,1.0,80,32,32,0,0
ariad,10000,32,0,494,0.0001815122814150527,0.946203125,0.962346875,320000,1440000,1760000,144.0,1413120000,0.0073287000004711444,0.004678700000113167,354.31201171875,1.0,80,32,32,0,0
ariad,10000,32,0,495,0.00018150854157283902,0.9462375,0.962378125,320000,1440000,1760000,144.0,1413120000,0.00739510000039445,0.004671300000154588,354.12646484375,1.0,80,32,32,0,0
ariad,10000,32,0,496,0.00018149348034057766,0.94626875,0.962415625,320000,1440000,1760000,144.0,1413120000,0.007306299999982002,0.0046148000001267064,354.12646484375,1.0,80,32,32,0,0
ariad,10000,32,0,497,0.00018148872186429799,0.9462875,0.962465625,320000,1440000,1760000,144.0,1413120000,0.007294000000001688,0.004652900000110094,354.12646484375,1.0,80,32,32,0,0
ariad,10000,32,0,498,0.0001814872375689447,0.9463,0.9624875,320000,1440000,1760000,144.0,1413120000,0.008209800000258838,0.004625599999599217,354.12646484375,1.0,80,32,32,0,0
ariad,10000,32,0,499,0.00018148732488043606,0.94633125,0.96254375,320000,1440000,1760000,144.0,1413120000,0.007413100000121631,0.004736799999591312,354.12646484375,1.0,80,32,32,0,0
ariad,10000,32,0,500,0.000181484516360797,0.94636875,0.962578125,320000,1440000,1760000,144.0,1413120000,0.0075191000005361275,0.004770999999891501,354.31201171875,1.0,80,32,32,0,0
ariad,10000,32,0,1,0.2066717892885208,0.016703125,0.0237,320000,2560000,2880000,256.0,1556480000,0.013873699999749078,0.011089699999502045,578.2578125,2.0,160,64,64,0,0
ariad,10000,32,0,2,0.18258678913116455,0.035459375,0.083721875,320000,2560000,2880000,256.0,1556480000,0.00929190000078961,0.0065987999996650615,585.70703125,2.0,160,64,64,0,0
ariad,10000,32,0,3,0.16607487201690674,0.054440625,0.190271875,320000,2560000,2880000,256.0,1556480000,0.009477900000092632,0.006589900000108173,585.58984375,2.0,160,64,64,0,0
ariad,10000,32,0,4,0.15320588648319244,0.0712125,0.325303125,320000,2560000,2880000,256.0,1556480000,0.009407399999872723,0.0065832999998747255,584.70703125,2.0,160,64,64,0,0
ariad,10000,32,0,5,0.14368200302124023,0.08255625,0.4563625,320000,2560000,2880000,256.0,1556480000,0.00941400000010617,0.006450899999435933,585.4453125,2.0,160,64,64,0,0
ariad,10000,32,0,6,0.13715025782585144,0.086340625,0.5598875,320000,2560000,2880000,256.0,1556480000,0.009390000000166765,0.00652540000010049,584.85546875,2.0,160,64,64,0,0
ariad,10000,32,0,7,0.13255468010902405,0.085371875,0.632134375,320000,2560000,2880000,256.0,1556480000,0.009432899999410438,0.0065484000006108545,585.70703125,2.0,160,64,64,0,0
ariad,10000,32,0,8,0.1291946917772293,0.0817375,0.680653125,320000,2560000,2880000,256.0,1556480000,0.009390199999870674,0.006448600000112492,585.70703125,2.0,160,64,64,0,0
ariad,10000,32,0,9,0.126520037651062,0.07765625,0.71580625,320000,2560000,2880000,256.0,1556480000,0.009586999999555701,0.006561199999850942,585.7109375,2.0,160,64,64,0,0
ariad,10000,32,0,10,0.12419457733631134,0.072925,0.741271875,320000,2560000,2880000,256.0,1556480000,0.00946509999994305,0.00650359999963257,585.70703125,2.0,160,64,64,0,0
ariad,10000,32,0,11,0.12207203358411789,0.068840625,0.7613125,320000,2560000,2880000,256.0,1556480000,0.009493099999417609,0.0065056000003096415,586.58984375,2.0,160,64,64,0,0
ariad,10000,32,0,12,0.12019088119268417,0.065546875,0.778221875,320000,2560000,2880000,256.0,1556480000,0.009526299999379262,0.006532299999889801,585.70703125,2.0,160,64,64,0,0
ariad,10000,32,0,13,0.1185082495212555,0.062696875,0.79279375,320000,2560000,2880000,256.0,1556480000,0.009773200000381621,0.00649399999929301,586.58984375,2.0,160,64,64,0,0
ariad,10000,32,0,14,0.1171235591173172,0.06043125,0.805278125,320000,2560000,2880000,256.0,1556480000,0.009645699999964563,0.006537399999615445,585.70703125,2.0,160,64,64,0,0
ariad,10000,32,0,15,0.11600976437330246,0.058853125,0.81618125,320000,2560000,2880000,256.0,1556480000,0.00972009999986767,0.006547299999510869,586.58984375,2.0,160,64,64,0,0
ariad,10000,32,0,16,0.11506563425064087,0.057503125,0.82698125,320000,2560000,2880000,256.0,1556480000,0.009779200000593846,0.0065377999999327585,584.70703125,2.0,160,64,64,0,0
ariad,10000,32,0,17,0.11423303931951523,0.056584375,0.835753125,320000,2560000,2880000,256.0,1556480000,0.009762599999703525,0.006489299999884679,586.12109375,2.0,160,64,64,0,0
ariad,10000,32,0,18,0.11352518945932388,0.055978125,0.84446875,320000,2560000,2880000,256.0,1556480000,0.00982899999962683,0.006541300000208139,585.70703125,2.0,160,64,64,0,0
ariad,10000,32,0,19,0.11288256198167801,0.055715625,0.851490625,320000,2560000,2880000,256.0,1556480000,0.009897599999931117,0.006558499999300693,586.58984375,2.0,160,64,64,0,0
ariad,10000,32,0,20,0.11233194172382355,0.055875,0.85785625,320000,2560000,2880000,256.0,1556480000,0.009866800000054354,0.006532399999741756,585.70703125,2.0,160,64,64,0,0
ariad,10000,32,0,21,0.1118471771478653,0.056353125,0.863915625,320000,2560000,2880000,256.0,1556480000,0.010264599999572965,0.006831800000327348,586.58984375,2.0,160,64,64,0,0
ariad,10000,32,0,22,0.11141742765903473,0.057103125,0.869553125,320000,2560000,2880000,256.0,1556480000,0.00990410000031261,0.00656170000002021,584.70703125,2.0,160,64,64,0,0
ariad,10000,32,0,23,0.111005499958992,0.058140625,0.873259375,320000,2560000,2880000,256.0,1556480000,0.00992690000020957,0.006585500000255706,586.12109375,2.0,160,64,64,0,0
ariad,10000,32,0,24,0.11061947792768478,0.05936875,0.876996875,320000,2560000,2880000,256.0,1556480000,0.010161399999560672,0.006755100000191305,585.70703125,2.0,160,64,64,0,0
ariad,10000,32,0,25,0.11027418822050095,0.06095,0.879521875,320000,2560000,2880000,256.0,1556480000,0.00998269999945478,0.006645600000410923,586.58984375,2.0,160,64,64,0,0
ariad,10000,32,0,26,0.10993105173110962,0.06270625,0.8820625,320000,2560000,2880000,256.0,1556480000,0.009874500000478292,0.006533400000080292,585.70703125,2.0,160,64,64,0,0
ariad,10000,32,0,27,0.10960593074560165,0.064903125,0.8832,320000,2560000,2880000,256.0,1556480000,0.009810799999286246,0.006498100000499107,586.58984375,2.0,160,64,64,0,0
ariad,10000,32,0,28,0.10930068045854568,0.067240625,0.884309375,320000,2560000,2880000,256.0,1556480000,0.01016550000076677,0.006585400000403752,584.70703125,2.0,160,64,64,0,0
ariad,10000,32,0,29,0.10901940613985062,0.069846875,0.884475,320000,2560000,2880000,256.0,1556480000,0.009815200000048208,0.006469500000093831,586.12109375,2.0,160,64,64,0,0
ariad,10000,32,0,30,0.1087237298488617,0.072915625,0.88325,320000,2560000,2880000,256.0,1556480000,0.009853100000327686,0.006519100000332401,585.70703125,2.0,160,64,64,0,0
ariad,10000,32,0,31,0.10843928903341293,0.07645,0.88263125,320000,2560000,2880000,256.0,1556480000,0.009968800000024203,0.0066231999999217805,586.58984375,2.0,160,64,64,0,0
ariad,10000,32,0,32,0.10815633088350296,0.080334375,0.880575,320000,2560000,2880000,256.0,1556480000,0.009931300000062038,0.006518899999718997,585.70703125,2.0,160,64,64,0,0
ariad,10000,32,0,33,0.10787636786699295,0.08493125,0.87865625,320000,2560000,2880000,256.0,1556480000,0.00981469999987894,0.0064869999996517436,586.58984375,2.0,160,64,64,0,0
ariad,10000,32,0,34,0.10759389400482178,0.08994375,0.8758625,320000,2560000,2880000,256.0,1556480000,0.009841600000072503,0.006476200000179233,584.70703125,2.0,160,64,64,0,0
ariad,10000,32,0,35,0.1073027104139328,0.095628125,0.8727,320000,2560000,2880000,256.0,1556480000,0.009911999999530963,0.0065491999994264916,586.12109375,2.0,160,64,64,0,0
ariad,10000,32,0,36,0.10696770995855331,0.10215625,0.868628125,320000,2560000,2880000,256.0,1556480000,0.009884799999781535,0.00650729999961186,585.70703125,2.0,160,64,64,0,0
ariad,10000,32,0,37,0.10662101954221725,0.109575,0.86470625,320000,2560000,2880000,256.0,1556480000,0.009899000000586966,0.0065818000002764165,586.58984375,2.0,160,64,64,0,0
ariad,10000,32,0,38,0.1062309518456459,0.1179875,0.860725,320000,2560000,2880000,256.0,1556480000,0.00989320000007865,0.006589799999346724,585.70703125,2.0,160,64,64,0,0
ariad,10000,32,0,39,0.10581724345684052,0.127053125,0.856375,320000,2560000,2880000,256.0,1556480000,0.009936600000401086,0.0066041000000041095,586.58984375,2.0,160,64,64,0,0
ariad,10000,32,0,40,0.10533853620290756,0.137834375,0.851528125,320000,2560000,2880000,256.0,1556480000,0.009755999999470077,0.006490400000075169,584.70703125,2.0,160,64,64,0,0
ariad,10000,32,0,41,0.10481088608503342,0.149725,0.846225,320000,2560000,2880000,256.0,1556480000,0.00969249999980093,0.006442400000196358,586.12109375,2.0,160,64,64,0,0
ariad,10000,32,0,42,0.10417758673429489,0.163696875,0.841678125,320000,2560000,2880000,256.0,1556480000,0.009707700000035402,0.006463100000473787,585.70703125,2.0,160,64,64,0,0
ariad,10000,32,0,43,0.10346715152263641,0.179553125,0.83675625,320000,2560000,2880000,256.0,1556480000,0.009698300000309246,0.006503300000076706,586.58984375,2.0,160,64,64,0,0
ariad,10000,32,0,44,0.10263710469007492,0.197659375,0.83229375,320000,2560000,2880000,256.0,1556480000,0.009768099999746482,0.006564799999978277,585.70703125,2.0,160,64,64,0,0
ariad,10000,32,0,45,0.10167258232831955,0.2174875,0.827959375,320000,2560000,2880000,256.0,1556480000,0.00958119999995688,0.006489700000201992,586.58984375,2.0,160,64,64,0,0
ariad,10000,32,0,46,0.10054813325405121,0.239878125,0.82489375,320000,2560000,2880000,256.0,1556480000,0.009471100000155275,0.006443700000090757,584.70703125,2.0,160,64,64,0,0
ariad,10000,32,0,47,0.09924087673425674,0.26511875,0.823609375,320000,2560000,2880000,256.0,1556480000,0.00946380000004865,0.0064473000002180925,586.12109375,2.0,160,64,64,0,0
ariad,10000,32,0,48,0.0977487862110138,0.292196875,0.82374375,320000,2560000,2880000,256.0,1556480000,0.010463900000104331,0.0071818999995230115,585.70703125,2.0,160,64,64,0,0
ariad,10000,32,0,49,0.09601889550685883,0.3207625,0.82455,320000,2560000,2880000,256.0,1556480000,0.009469399999943562,0.006507199999759905,586.58984375,2.0,160,64,64,0,0
ariad,10000,32,0,50,0.09409737586975098,0.350640625,0.826825,320000,2560000,2880000,256.0,1556480000,0.00972029999957158,0.0066053000000465545,585.70703125,2.0,160,64,64,0,0
ariad,10000,32,0,51,0.09190433472394943,0.38104375,0.83183125,320000,2560000,2880000,256.0,1556480000,0.009461499999815715,0.006542199999785225,586.58984375,2.0,160,64,64,0,0
ariad,10000,32,0,52,0.0894763246178627,0.410934375,0.83770625,320000,2560000,2880000,256.0,1556480000,0.009431500000573578,0.006548999999722582,584.70703125,2.0,160,64,64,0,0
ariad,10000,32,0,53,0.08676843345165253,0.43936875,0.844528125,320000,2560000,2880000,256.0,1556480000,0.009442300000046089,0.006542799999806448,586.12109375,2.0,160,64,64,0,0
ariad,10000,32,0,54,0.0838102400302887,0.46613125,0.8517875,320000,2560000,2880000,256.0,1556480000,0.009343599999738217,0.006525099999635131,585.70703125,2.0,160,64,64,0,0
ariad,10000,32,0,55,0.08062873035669327,0.49029375,0.858275,320000,2560000,2880000,256.0,1556480000,0.00930270000026212,0.00652780000018538,586.58984375,2.0,160,64,64,0,0
ariad,10000,32,0,56,0.07720661163330078,0.511790625,0.8646,320000,2560000,2880000,256.0,1556480000,0.009256899999854795,0.006516400000691647,585.70703125,2.0,160,64,64,0,0
ariad,10000,32,0,57,0.07356757670640945,0.531253125,0.870715625,320000,2560000,2880000,256.0,1556480000,0.009416299999429611,0.006600900000194088,586.58984375,2.0,160,64,64,0,0
ariad,10000,32,0,58,0.06979060173034668,0.547775,0.87553125,320000,2560000,2880000,256.0,1556480000,0.009581100000104925,0.006745800000317104,584.70703125,2.0,160,64,64,0,0
ariad,10000,32,0,59,0.06587443500757217,0.562296875,0.879278125,320000,2560000,2880000,256.0,1556480000,0.009295199999542092,0.006514100000458711,586.12109375,2.0,160,64,64,0,0
ariad,10000,32,0,60,0.06191425025463104,0.575621875,0.882015625,320000,2560000,2880000,256.0,1556480000,0.00917570000001433,0.006440000000111468,585.70703125,2.0,160,64,64,0,0
ariad,10000,32,0,61,0.0579652339220047,0.58759375,0.88444375,320000,2560000,2880000,256.0,1556480000,0.00929679999990185,0.006580500000382017,586.58984375,2.0,160,64,64,0,0
ariad,10000,32,0,62,0.05412221699953079,0.59863125,0.887034375,320000,2560000,2880000,256.0,1556480000,0.009178700000120443,0.006460599999627448,585.70703125,2.0,160,64,64,0,0
ariad,10000,32,0,63,0.05042991787195206,0.608303125,0.888071875,320000,2560000,2880000,256.0,1556480000,0.009185900000375113,0.0064717000004748115,586.58984375,2.0,160,64,64,0,0
ariad,10000,32,0,64,0.046921148896217346,0.617390625,0.88903125,320000,2560000,2880000,256.0,1556480000,0.009291299999858893,0.006570100000317325,584.70703125,2.0,160,64,64,0,0
ariad,10000,32,0,65,0.04358579218387604,0.626303125,0.8894,320000,2560000,2880000,256.0,1556480000,0.01029019999987213,0.006532200000037847,586.12109375,2.0,160,64,64,0,0
ariad,10000,32,0,66,0.04041909798979759,0.635003125,0.889246875,320000,2560000,2880000,256.0,1556480000,0.009340100000372331,0.0065687999995134305,585.70703125,2.0,160,64,64,0,0
ariad,10000,32,0,67,0.03744886815547943,0.643121875,0.888646875,320000,2560000,2880000,256.0,1556480000,0.009119800000007672,0.006388499999957276,586.58984375,2.0,160,64,64,0,0
ariad,10000,32,0,68,0.034714169800281525,0.651284375,0.888034375,320000,2560000,2880000,256.0,1556480000,0.009248900000784488,0.0065184000004592235,585.70703125,2.0,160,64,64,0,0
ariad,10000,32,0,69,0.03225637227296829,0.65923125,0.8873625,320000,2560000,2880000,256.0,1556480000,0.009160399999927904,0.006484700000328303,586.58984375,2.0,160,64,64,0,0
ariad,10000,32,0,70,0.03009217418730259,0.666634375,0.886809375,320000,2560000,2880000,256.0,1556480000,0.009150499999122985,0.006415699999706703,584.70703125,2.0,160,64,64,0,0
ariad,10000,32,0,71,0.028183458372950554,0.67425625,0.886525,320000,2560000,2880000,256.0,1556480000,0.00926419999996142,0.006560800000443123,586.12109375,2.0,160,64,64,0,0
ariad,10000,32,0,72,0.026467949151992798,0.68136875,0.886690625,320000,2560000,2880000,256.0,1556480000,0.0091867999999522,0.00646590000087599,585.70703125,2.0,160,64,64,0,0
ariad,10000,32,0,73,0.02487807534635067,0.688609375,0.887184375,320000,2560000,2880000,256.0,1556480000,0.009622999999919557,0.006835400000454683,586.58984375,2.0,160,64,64,0,0
ariad,10000,32,0,74,0.023405591025948524,0.695725,0.88781875,320000,2560000,2880000,256.0,1556480000,0.00928719999956229,0.006543899999996938,585.70703125,2.0,160,64,64,0,0
ariad,10000,32,0,75,0.022024041041731834,0.702559375,0.888159375,320000,2560000,2880000,256.0,1556480000,0.009208200000102806,0.006467500000326254,586.58984375,2.0,160,64,64,0,0
ariad,10000,32,0,76,0.02071920968592167,0.70975,0.8886375,320000,2560000,2880000,256.0,1556480000,0.009073399999579124,0.006404900000234193,584.70703125,2.0,160,64,64,0,0
ariad,10000,32,0,77,0.019470876082777977,0.716746875,0.889528125,320000,2560000,2880000,256.0,1556480000,0.009288700000070094,0.006591300000764022,586.12109375,2.0,160,64,64,0,0
ariad,10000,32,0,78,0.018260730430483818,0.724303125,0.891159375,320000,2560000,2880000,256.0,1556480000,0.009143600000243168,0.006451100000049337,585.70703125,2.0,160,64,64,0,0
ariad,10000,32,0,79,0.01708052307367325,0.731028125,0.89173125,320000,2560000,2880000,256.0,1556480000,0.009121799999775249,0.00641049999921961,586.58984375,2.0,160,64,64,0,0
ariad,10000,32,0,80,0.01593683287501335,0.7384875,0.8929125,320000,2560000,2880000,256.0,1556480000,0.00911660000019765,0.006398300000000745,585.70703125,2.0,160,64,64,0,0
ariad,10000,32,0,81,0.014839899726212025,0.745615625,0.893653125,320000,2560000,2880000,256.0,1556480000,0.009248800000023039,0.006587299999409879,586.58984375,2.0,160,64,64,0,0
ariad,10000,32,0,82,0.013798943720757961,0.75255625,0.894484375,320000,2560000,2880000,256.0,1556480000,0.009069700000509329,0.00640560000010737,584.70703125,2.0,160,64,64,0,0
ariad,10000,32,0,83,0.012815473601222038,0.759434375,0.89533125,320000,2560000,2880000,256.0,1556480000,0.009087299999919196,0.00637890000052721,586.12109375,2.0,160,64,64,0,0
ariad,10000,32,0,84,0.01188919972628355,0.766265625,0.896159375,320000,2560000,2880000,256.0,1556480000,0.009164099999907194,0.006445199999689066,585.70703125,2.0,160,64,64,0,0
ariad,10000,32,0,85,0.011020034551620483,0.773375,0.897071875,320000,2560000,2880000,256.0,1556480000,0.00921199999993405,0.006496899999547168,586.58984375,2.0,160,64,64,0,0
ariad,10000,32,0,86,0.010209562256932259,0.780290625,0.89841875,320000,2560000,2880000,256.0,1556480000,0.009119499999542313,0.006426400000236754,585.70703125,2.0,160,64,64,0,0
ariad,10000,32,0,87,0.00945652648806572,0.78709375,0.899190625,320000,2560000,2880000,256.0,1556480000,0.009118699999817181,0.006431099999645085,586.58984375,2.0,160,64,64,0,0
ariad,10000,32,0,88,0.008756350725889206,0.793925,0.900646875,320000,2560000,2880000,256.0,1556480000,0.009162900000774243,0.006481399999756832,584.70703125,2.0,160,64,64,0,0
ariad,10000,32,0,89,0.008102696388959885,0.80104375,0.90171875,320000,2560000,2880000,256.0,1556480000,0.009501600000476174,0.006729100000484323,586.12109375,2.0,160,64,64,0,0
ariad,10000,32,0,90,0.007489833049476147,0.808228125,0.902728125,320000,2560000,2880000,256.0,1556480000,0.009216600000399922,0.006553799999892362,585.70703125,2.0,160,64,64,0,0
ariad,10000,32,0,91,0.006916189566254616,0.814871875,0.90408125,320000,2560000,2880000,256.0,1556480000,0.009341199999653327,0.006618200000048091,586.58984375,2.0,160,64,64,0,0
ariad,10000,32,0,92,0.0063816094771027565,0.821403125,0.905084375,320000,2560000,2880000,256.0,1556480000,0.00942529999974795,0.0064717000004748115,585.70703125,2.0,160,64,64,0,0
ariad,10000,32,0,93,0.0058860755525529385,0.827978125,0.90641875,320000,2560000,2880000,256.0,1556480000,0.009737900000800437,0.006428000000596512,586.58984375,2.0,160,64,64,0,0
ariad,10000,32,0,94,0.0054282816126942635,0.834803125,0.907790625,320000,2560000,2880000,256.0,1556480000,0.010123500000190688,0.006742699999449542,584.70703125,2.0,160,64,64,0,0
ariad,10000,32,0,95,0.005006961524486542,0.84135625,0.90956875,320000,2560000,2880000,256.0,1556480000,0.009089000000130909,0.0063774000000194064,586.12109375,2.0,160,64,64,0,0
ariad,10000,32,0,96,0.004620139021426439,0.84718125,0.910634375,320000,2560000,2880000,256.0,1556480000,0.009211900000082096,0.0065230000000156,585.70703125,2.0,160,64,64,0,0
ariad,10000,32,0,97,0.0042649791575968266,0.852690625,0.912603125,320000,2560000,2880000,256.0,1556480000,0.009248200000001816,0.006493699999737146,586.58984375,2.0,160,64,64,0,0
ariad,10000,32,0,98,0.003937756642699242,0.858346875,0.914603125,320000,2560000,2880000,256.0,1556480000,0.009101499999815132,0.006453699999838136,585.70703125,2.0,160,64,64,0,0
ariad,10000,32,0,99,0.0036351275630295277,0.863596875,0.91633125,320000,2560000,2880000,256.0,1556480000,0.009148899999672722,0.006446000000323693,586.58984375,2.0,160,64,64,0,0
ariad,10000,32,0,100,0.003353388048708439,0.868759375,0.918046875,320000,2560000,2880000,256.0,1556480000,0.009535199999845645,0.006767399999262125,584.70703125,2.0,160,64,64,0,0
ariad,10000,32,0,101,0.003089086152613163,0.873696875,0.919678125,320000,2560000,2880000,256.0,1556480000,0.009226900000612659,0.006514100000458711,586.12109375,2.0,160,64,64,0,0
ariad,10000,32,0,102,0.0028404705226421356,0.878109375,0.921353125,320000,2560000,2880000,256.0,1556480000,0.009222099999533384,0.006496599999991304,585.70703125,2.0,160,64,64,0,0
ariad,10000,32,0,103,0.0026059176307171583,0.882415625,0.92296875,320000,2560000,2880000,256.0,1556480000,0.009732200000144076,0.006523600000036822,586.58984375,2.0,160,64,64,0,0
ariad,10000,32,0,104,0.0023855112958699465,0.886834375,0.92475625,320000,2560000,2880000,256.0,1556480000,0.009177900000395312,0.006474100000559702,585.70703125,2.0,160,64,64,0,0
ariad,10000,32,0,105,0.00217895838432014,0.890825,0.9266125,320000,2560000,2880000,256.0,1556480000,0.009380500000588654,0.006435900000724359,586.58984375,2.0,160,64,64,0,0
ariad,10000,32,0,106,0.001985282404348254,0.8950875,0.928378125,320000,2560000,2880000,256.0,1556480000,0.009237099999154452,0.0065160000003743335,584.70703125,2.0,160,64,64,0,0
ariad,10000,32,0,107,0.0018049025675281882,0.899134375,0.929725,320000,2560000,2880000,256.0,1556480000,0.009191099999952712,0.006465100000241364,586.12109375,2.0,160,64,64,0,0
ariad,10000,32,0,108,0.0016400644090026617,0.903271875,0.93115,320000,2560000,2880000,256.0,1556480000,0.009569700000611192,0.006811999999627005,585.70703125,2.0,160,64,64,0,0
ariad,10000,32,0,109,0.0014938206877559423,0.9072875,0.93225,320000,2560000,2880000,256.0,1556480000,0.009361599999465398,0.006567999999788299,586.58984375,2.0,160,64,64,0,0
ariad,10000,32,0,110,0.0013681540731340647,0.911240625,0.93365625,320000,2560000,2880000,256.0,1556480000,0.009185400000205846,0.006477100000665814,585.70703125,2.0,160,64,64,0,0
ariad,10000,32,0,111,0.0012623063521459699,0.914809375,0.934878125,320000,2560000,2880000,256.0,1556480000,0.009377399999721092,0.006615600000259292,586.58984375,2.0,160,64,64,0,0
ariad,10000,32,0,112,0.001172750606201589,0.91754375,0.935896875,320000,2560000,2880000,256.0,1556480000,0.00922549999995681,0.006506200000330864,584.70703125,2.0,160,64,64,0,0
ariad,10000,32,0,113,0.0010950450086966157,0.9200875,0.93703125,320000,2560000,2880000,256.0,1556480000,0.009438300000510935,0.006525800000417803,586.12109375,2.0,160,64,64,0,0
ariad,10000,32,0,114,0.001025195699185133,0.921959375,0.938253125,320000,2560000,2880000,256.0,1556480000,0.009187399999973422,0.006474300000263611,585.70703125,2.0,160,64,64,0,0
ariad,10000,32,0,115,0.0009608272230252624,0.92354375,0.939759375,320000,2560000,2880000,256.0,1556480000,0.009241500000825909,0.006506300000182819,586.58984375,2.0,160,64,64,0,0
ariad,10000,32,0,116,0.0009004630846902728,0.92485625,0.9410875,320000,2560000,2880000,256.0,1556480000,0.009392800000568968,0.006648300000051677,585.70703125,2.0,160,64,64,0,0
ariad,10000,32,0,117,0.0008433861657977104,0.926184375,0.94288125,320000,2560000,2880000,256.0,1556480000,0.01128679999965243,0.00834949999989476,586.58984375,2.0,160,64,64,0,0
ariad,10000,32,0,118,0.0007891777786426246,0.927621875,0.944253125,320000,2560000,2880000,256.0,1556480000,0.009605900000678957,0.00652780000018538,584.70703125,2.0,160,64,64,0,0
ariad,10000,32,0,119,0.0007378572481684387,0.928971875,0.94583125,320000,2560000,2880000,256.0,1556480000,0.009587500000634464,0.006753199999366188,586.12109375,2.0,160,64,64,0,0
ariad,10000,32,0,120,0.0006895627011545002,0.930121875,0.9472875,320000,2560000,2880000,256.0,1556480000,0.009366599999339087,0.0065586000000621425,585.70703125,2.0,160,64,64,0,0
ariad,10000,32,0,121,0.0006443877937272191,0.93135,0.94865625,320000,2560000,2880000,256.0,1556480000,0.009517399999822374,0.0067478000000846805,586.58984375,2.0,160,64,64,0,0
ariad,10000,32,0,122,0.0006024869508109987,0.9327375,0.949896875,320000,2560000,2880000,256.0,1556480000,0.009176100000331644,0.0064325999992433935,585.70703125,2.0,160,64,64,0,0
ariad,10000,32,0,123,0.0005637762369588017,0.934028125,0.9507625,320000,2560000,2880000,256.0,1556480000,0.009191900000587339,0.0064990999999281485,586.58984375,2.0,160,64,64,0,0
ariad,10000,32,0,124,0.0005281976773403585,0.9352125,0.95184375,320000,2560000,2880000,256.0,1556480000,0.009256700000150886,0.00651319999997213,584.70703125,2.0,160,64,64,0,0
ariad,10000,32,0,125,0.0004955311887897551,0.936384375,0.95283125,320000,2560000,2880000,256.0,1556480000,0.009233199999471253,0.006513599999379949,586.12109375,2.0,160,64,64,0,0
ariad,10000,32,0,126,0.00046551303239539266,0.9376125,0.9538625,320000,2560000,2880000,256.0,1556480000,0.010830600000190316,0.007256400000187568,585.70703125,2.0,160,64,64,0,0
ariad,10000,32,0,127,0.000438108341768384,0.93866875,0.954846875,320000,2560000,2880000,256.0,1556480000,0.009244599999874481,0.006495499999800813,586.58984375,2.0,160,64,64,0,0
ariad,10000,32,0,128,0.00041334208799526095,0.939603125,0.95555625,320000,2560000,2880000,256.0,1556480000,0.009164299999611103,0.006489200000032724,585.70703125,2.0,160,64,64,0,0
ariad,10000,32,0,129,0.000391153123928234,0.9404375,0.95629375,320000,2560000,2880000,256.0,1556480000,0.009205599999404512,0.0064949999996315455,586.58984375,2.0,160,64,64,0,0
ariad,10000,32,0,130,0.0003713280020747334,0.941334375,0.957184375,320000,2560000,2880000,256.0,1556480000,0.009147299999312963,0.006463600000643055,584.70703125,2.0,160,64,64,0,0
ariad,10000,32,0,131,0.0003535486466716975,0.941965625,0.95785625,320000,2560000,2880000,256.0,1556480000,0.009823299999879964,0.0065204000002268,586.12109375,2.0,160,64,64,0,0
ariad,10000,32,0,132,0.00033746910048648715,0.94254375,0.9584625,320000,2560000,2880000,256.0,1556480000,0.009226199999829987,0.006546200000229874,585.70703125,2.0,160,64,64,0,0
ariad,10000,32,0,133,0.00032296794233843684,0.94308125,0.959165625,320000,2560000,2880000,256.0,1556480000,0.009195900000122492,0.006534199999805423,586.58984375,2.0,160,64,64,0,0
ariad,10000,32,0,134,0.00030978594440966845,0.943671875,0.959590625,320000,2560000,2880000,256.0,1556480000,0.009564500000124099,0.006796800000302028,585.70703125,2.0,160,64,64,0,0
ariad,10000,32,0,135,0.0002977288677357137,0.944284375,0.96025,320000,2560000,2880000,256.0,1556480000,0.009319099999629543,0.006605499999750464,586.58984375,2.0,160,64,64,0,0
ariad,10000,32,0,136,0.00028668457525782287,0.9446625,0.96081875,320000,2560000,2880000,256.0,1556480000,0.009192500000608561,0.00649879999946279,584.70703125,2.0,160,64,64,0,0
ariad,10000,32,0,137,0.0002765750396065414,0.945271875,0.961353125,320000,2560000,2880000,256.0,1556480000,0.009226200000739482,0.00650469999982306,586.12109375,2.0,160,64,64,0,0
ariad,10000,32,0,138,0.00026740849716588855,0.945728125,0.96183125,320000,2560000,2880000,256.0,1556480000,0.009218700000019453,0.006502799999907438,585.70703125,2.0,160,64,64,0,0
ariad,10000,32,0,139,0.00025913238641805947,0.94603125,0.962190625,320000,2560000,2880000,256.0,1556480000,0.009127999999691383,0.006420300000172574,586.58984375,2.0,160,64,64,0,0
ariad,10000,32,0,140,0.0002516191452741623,0.94634375,0.962671875,320000,2560000,2880000,256.0,1556480000,0.009391999999934342,0.006633700000747922,585.70703125,2.0,160,64,64,0,0
ariad,10000,32,0,141,0.00024480719002895057,0.9468375,0.9632,320000,2560000,2880000,256.0,1556480000,0.009454600000026403,0.0064950999994835,586.58984375,2.0,160,64,64,0,0
ariad,10000,32,0,142,0.00023855060862842947,0.947140625,0.963603125,320000,2560000,2880000,256.0,1556480000,0.009355600000162667,0.006607399999666086,584.70703125,2.0,160,64,64,0,0
ariad,10000,32,0,143,0.0002327586553292349,0.94760625,0.963925,320000,2560000,2880000,256.0,1556480000,0.009273700000449026,0.006541400000060094,586.12109375,2.0,160,64,64,0,0
ariad,10000,32,0,144,0.0002274242287967354,0.947928125,0.9642875,320000,2560000,2880000,256.0,1556480000,0.009091599999919708,0.006441499999709777,585.70703125,2.0,160,64,64,0,0
ariad,10000,32,0,145,0.00022252468625083566,0.948246875,0.96469375,320000,2560000,2880000,256.0,1556480000,0.00911790000009205,0.006410300000425195,586.58984375,2.0,160,64,64,0,0
ariad,10000,32,0,146,0.00021806442236993462,0.948584375,0.965025,320000,2560000,2880000,256.0,1556480000,0.009159100000033504,0.006450000000768341,585.70703125,2.0,160,64,64,0,0
ariad,10000,32,0,147,0.00021407584426924586,0.948803125,0.965465625,320000,2560000,2880000,256.0,1556480000,0.009158099999694969,0.006447600000683451,586.58984375,2.0,160,64,64,0,0
ariad,10000,32,0,148,0.00021051701332908124,0.94905,0.965696875,320000,2560000,2880000,256.0,1556480000,0.009228200000507059,0.006531400000312715,584.70703125,2.0,160,64,64,0,0
ariad,10000,32,0,149,0.00020738271996378899,0.9493625,0.966075,320000,2560000,2880000,256.0,1556480000,0.009776599999895552,0.006822399999691697,586.12109375,2.0,160,64,64,0,0
ariad,10000,32,0,150,0.00020456632773857564,0.949715625,0.966375,320000,2560000,2880000,256.0,1556480000,0.009206700000504497,0.006519599999592174,585.70703125,2.0,160,64,64,0,0
ariad,10000,32,0,151,0.00020206831686664373,0.95,0.9667,320000,2560000,2880000,256.0,1556480000,0.010274600000229839,0.006867899999633664,586.58984375,2.0,160,64,64,0,0
ariad,10000,32,0,152,0.00019979433272965252,0.950328125,0.967059375,320000,2560000,2880000,256.0,1556480000,0.009149800000159303,0.006498600000668375,585.70703125,2.0,160,64,64,0,0
ariad,10000,32,0,153,0.00019771663937717676,0.95065,0.967471875,320000,2560000,2880000,256.0,1556480000,0.00927270000011049,0.006565800000316813,586.58984375,2.0,160,64,64,0,0
ariad,10000,32,0,154,0.00019584775145631284,0.950871875,0.967790625,320000,2560000,2880000,256.0,1556480000,0.009186199999930977,0.006451000000197382,584.70703125,2.0,160,64,64,0,0
ariad,10000,32,0,155,0.0001941644586622715,0.951065625,0.96805,320000,2560000,2880000,256.0,1556480000,0.009296300000642077,0.006538699999509845,586.12109375,2.0,160,64,64,0,0
ariad,10000,32,0,156,0.0001926555996760726,0.951253125,0.9684625,320000,2560000,2880000,256.0,1556480000,0.009938599999259168,0.006714000000101805,585.70703125,2.0,160,64,64,0,0
ariad,10000,32,0,157,0.0001913034648168832,0.95144375,0.96865,320000,2560000,2880000,256.0,1556480000,0.009617800000341958,0.006675800000266463,586.58984375,2.0,160,64,64,0,0
ariad,10000,32,0,158,0.00019011160475201905,0.951584375,0.968928125,320000,2560000,2880000,256.0,1556480000,0.009228700000676326,0.006543700000293029,585.70703125,2.0,160,64,64,0,0
ariad,10000,32,0,159,0.00018902425654232502,0.951740625,0.9692,320000,2560000,2880000,256.0,1556480000,0.01046909999968193,0.006539999999404245,586.58984375,2.0,160,64,64,0,0
ariad,10000,32,0,160,0.0001880544441519305,0.951890625,0.969509375,320000,2560000,2880000,256.0,1556480000,0.009226299999681942,0.006561099999998987,584.70703125,2.0,160,64,64,0,0
ariad,10000,32,0,161,0.0001871599379228428,0.95203125,0.969746875,320000,2560000,2880000,256.0,1556480000,0.0105212999997093,0.007829799999854004,586.12109375,2.0,160,64,64,0,0
ariad,10000,32,0,162,0.00018636648019310087,0.952240625,0.9700375,320000,2560000,2880000,256.0,1556480000,0.009212999999363092,0.006530900000143447,585.70703125,2.0,160,64,64,0,0
ariad,10000,32,0,163,0.00018565297068562359,0.952425,0.970271875,320000,2560000,2880000,256.0,1556480000,0.009163300000182062,0.006489300000794174,586.58984375,2.0,160,64,64,0,0
ariad,10000,32,0,164,0.00018500203441362828,0.952603125,0.97051875,320000,2560000,2880000,256.0,1556480000,0.010881199999857927,0.008029499999793188,585.70703125,2.0,160,64,64,0,0
ariad,10000,32,0,165,0.00018439852283336222,0.952725,0.97078125,320000,2560000,2880000,256.0,1556480000,0.00920730000052572,0.0064845999995668535,586.58984375,2.0,160,64,64,0,0
ariad,10000,32,0,166,0.0001838534662965685,0.952871875,0.970940625,320000,2560000,2880000,256.0,1556480000,0.00917120000030991,0.0064545999994152226,584.70703125,2.0,160,64,64,0,0
ariad,10000,32,0,167,0.00018339237431064248,0.952975,0.971209375,320000,2560000,2880000,256.0,1556480000,0.009154499999567633,0.006467700000030163,586.12109375,2.0,160,64,64,0,0
ariad,10000,32,0,168,0.00018299029034096748,0.95305625,0.971490625,320000,2560000,2880000,256.0,1556480000,0.009077300000171817,0.006415099999685481,585.70703125,2.0,160,64,64,0,0
ariad,10000,32,0,169,0.00018263357924297452,0.95313125,0.971728125,320000,2560000,2880000,256.0,1556480000,0.009223000000019965,0.006551299999955518,586.58984375,2.0,160,64,64,0,0
ariad,10000,32,0,170,0.00018231250578537583,0.95318125,0.97194375,320000,2560000,2880000,256.0,1556480000,0.009214499999870895,0.006537299999763491,585.70703125,2.0,160,64,64,0,0
ariad,10000,32,0,171,0.0001820099278120324,0.953321875,0.97215625,320000,2560000,2880000,256.0,1556480000,0.009145800000624149,0.00646599999981845,586.58984375,2.0,160,64,64,0,0
ariad,10000,32,0,172,0.0001817497395677492,0.95340625,0.9723375,320000,2560000,2880000,256.0,1556480000,0.009159400000498863,0.006475299999692652,584.70703125,2.0,160,64,64,0,0
ariad,10000,32,0,173,0.00018153044220525771,0.95351875,0.97251875,320000,2560000,2880000,256.0,1556480000,0.009243599999535945,0.006536900000355672,586.12109375,2.0,160,64,64,0,0
ariad,10000,32,0,174,0.0001813363196561113,0.953696875,0.972684375,320000,2560000,2880000,256.0,1556480000,0.009128400000008696,0.006459700000050361,585.70703125,2.0,160,64,64,0,0
ariad,10000,32,0,175,0.00018115356215275824,0.953825,0.972903125,320000,2560000,2880000,256.0,1556480000,0.009097799999835843,0.0064093000000866596,586.58984375,2.0,160,64,64,0,0
ariad,10000,32,0,176,0.000180993287358433,0.953990625,0.973053125,320000,2560000,2880000,256.0,1556480000,0.009289300000091316,0.006558599999152648,585.70703125,2.0,160,64,64,0,0
ariad,10000,32,0,177,0.0001808432280085981,0.954115625,0.973265625,320000,2560000,2880000,256.0,1556480000,0.009153300000434683,0.006448199999795179,586.58984375,2.0,160,64,64,0,0
ariad,10000,32,0,178,0.0001807120133889839,0.954265625,0.973453125,320000,2560000,2880000,256.0,1556480000,0.009241300000212505,0.0065339000002495595,584.70703125,2.0,160,64,64,0,0
ariad,10000,32,0,179,0.0001806070504244417,0.954375,0.9737,320000,2560000,2880000,256.0,1556480000,0.010651000000507338,0.007859299999836367,586.12109375,2.0,160,64,64,0,0
ariad,10000,32,0,180,0.00018049494246952236,0.95448125,0.97383125,320000,2560000,2880000,256.0,1556480000,0.0091019999999844,0.006413600000087172,585.70703125,2.0,160,64,64,0,0
ariad,10000,32,0,181,0.00018039402493741363,0.954596875,0.974053125,320000,2560000,2880000,256.0,1556480000,0.009147200000370503,0.006454699999267177,586.58984375,2.0,160,64,64,0,0
ariad,10000,32,0,182,0.00018030607316177338,0.954734375,0.974234375,320000,2560000,2880000,256.0,1556480000,0.009108500000365893,0.006472699999903853,585.70703125,2.0,160,64,64,0,0
ariad,10000,32,0,183,0.0001802284677978605,0.95486875,0.974365625,320000,2560000,2880000,256.0,1556480000,0.009131700000580167,0.006432499999391439,586.58984375,2.0,160,64,64,0,0
ariad,10000,32,0,184,0.00018014847591985017,0.954975,0.974565625,320000,2560000,2880000,256.0,1556480000,0.009170400000584777,0.006476399999883142,584.70703125,2.0,160,64,64,0,0
ariad,10000,32,0,185,0.00018008884217124432,0.9550625,0.974740625,320000,2560000,2880000,256.0,1556480000,0.009132000000136031,0.006445200000598561,586.12109375,2.0,160,64,64,0,0
ariad,10000,32,0,186,0.00018003037257585675,0.955203125,0.974925,320000,2560000,2880000,256.0,1556480000,0.009208899999975984,0.006517300000268733,585.70703125,2.0,160,64,64,0,0
ariad,10000,32,0,187,0.0001799782330635935,0.955321875,0.975134375,320000,2560000,2880000,256.0,1556480000,0.009286199999223754,0.006538499999805936,586.58984375,2.0,160,64,64,0,0
ariad,10000,32,0,188,0.00017992591892834753,0.955484375,0.975315625,320000,2560000,2880000,256.0,1556480000,0.009123400000135007,0.006456199999774981,585.70703125,2.0,160,64,64,0,0
ariad,10000,32,0,189,0.00017988668696489185,0.955540625,0.975565625,320000,2560000,2880000,256.0,1556480000,0.009190799999487353,0.006481800000074145,586.58984375,2.0,160,64,64,0,0
ariad,10000,32,0,190,0.0001798452576622367,0.9555875,0.97575,320000,2560000,2880000,256.0,1556480000,0.00940580000042246,0.006676599999991595,584.70703125,2.0,160,64,64,0,0
ariad,10000,32,0,191,0.00017980544362217188,0.9557125,0.97588125,320000,2560000,2880000,256.0,1556480000,0.009151400000519061,0.006466300000283809,586.12109375,2.0,160,64,64,0,0
ariad,10000,32,0,192,0.0001797740551410243,0.955840625,0.976075,320000,2560000,2880000,256.0,1556480000,0.009132900000622612,0.006465599999501137,585.70703125,2.0,160,64,64,0,0
ariad,10000,32,0,193,0.00017973911599256098,0.9559375,0.97624375,320000,2560000,2880000,256.0,1556480000,0.00912999999945896,0.006453999999394,586.58984375,2.0,160,64,64,0,0
ariad,10000,32,0,194,0.0001796950091375038,0.956040625,0.976415625,320000,2560000,2880000,256.0,1556480000,0.009533899999951245,0.006715400000757654,585.70703125,2.0,160,64,64,0,0
ariad,10000,32,0,195,0.00017967000894714147,0.956178125,0.976628125,320000,2560000,2880000,256.0,1556480000,0.009488599999713188,0.006820800000241434,586.58984375,2.0,160,64,64,0,0
ariad,10000,32,0,196,0.00017965790175367147,0.956271875,0.97683125,320000,2560000,2880000,256.0,1556480000,0.009149499999693944,0.0064758000007714145,584.70703125,2.0,160,64,64,0,0
ariad,10000,32,0,197,0.00017964348080568016,0.95635625,0.97699375,320000,2560000,2880000,256.0,1556480000,0.00924470000063593,0.006520900000396068,586.12109375,2.0,160,64,64,0,0
ariad,10000,32,0,198,0.00017963304708246142,0.95643125,0.977128125,320000,2560000,2880000,256.0,1556480000,0.009179799999401439,0.006516800000099465,585.70703125,2.0,160,64,64,0,0
ariad,10000,32,0,199,0.0001795979042071849,0.956553125,0.977296875,320000,2560000,2880000,256.0,1556480000,0.009302999999817985,0.00658099999964179,586.58984375,2.0,160,64,64,0,0
ariad,10000,32,0,200,0.00017958873650059104,0.956659375,0.97749375,320000,2560000,2880000,256.0,1556480000,0.00912510000034672,0.006487399999969057,585.70703125,2.0,160,64,64,0,0
ariad,10000,32,0,201,0.0001795693242456764,0.95674375,0.97766875,320000,2560000,2880000,256.0,1556480000,0.009132900000622612,0.006442000000788539,586.58984375,2.0,160,64,64,0,0
ariad,10000,32,0,202,0.0001795585558284074,0.9568375,0.977859375,320000,2560000,2880000,256.0,1556480000,0.009519100000034086,0.006761900000128662,584.70703125,2.0,160,64,64,0,0
ariad,10000,32,0,203,0.00017954014765564352,0.95693125,0.97801875,320000,2560000,2880000,256.0,1556480000,0.009155699999610079,0.006491400000413705,586.12109375,2.0,160,64,64,0,0
ariad,10000,32,0,204,0.00017952518828678876,0.957009375,0.97814375,320000,2560000,2880000,256.0,1556480000,0.009171799999421637,0.00646969999979774,585.70703125,2.0,160,64,64,0,0
ariad,10000,32,0,205,0.00017951113113667816,0.957096875,0.978278125,320000,2560000,2880000,256.0,1556480000,0.009117199999309378,0.006459700000050361,586.58984375,2.0,160,64,64,0,0
ariad,10000,32,0,206,0.0001795034622773528,0.95718125,0.978425,320000,2560000,2880000,256.0,1556480000,0.00921230000039941,0.0065184000004592235,585.70703125,2.0,160,64,64,0,0
ariad,10000,32,0,207,0.00017948677123058587,0.957259375,0.97853125,320000,2560000,2880000,256.0,1556480000,0.009108999999625667,0.0064083999996000784,586.58984375,2.0,160,64,64,0,0
ariad,10000,32,0,208,0.00017948966706171632,0.957375,0.97866875,320000,2560000,2880000,256.0,1556480000,0.00920849999965867,0.006545499999447202,584.70703125,2.0,160,64,64,0,0
ariad,10000,32,0,209,0.00017946319712791592,0.957459375,0.97885,320000,2560000,2880000,256.0,1556480000,0.009242400000402995,0.006507900000542577,586.12109375,2.0,160,64,64,0,0
ariad,10000,32,0,210,0.00017945126455742866,0.957553125,0.979003125,320000,2560000,2880000,256.0,1556480000,0.009297399999923073,0.006542400000398629,585.70703125,2.0,160,64,64,0,0
ariad,10000,32,0,211,0.00017943009152077138,0.95763125,0.97915,320000,2560000,2880000,256.0,1556480000,0.009141400000771682,0.006459700000050361,586.58984375,2.0,160,64,64,0,0
ariad,10000,32,0,212,0.00017942475096788257,0.957746875,0.9793,320000,2560000,2880000,256.0,1556480000,0.009094099999856553,0.0064526000005571404,585.70703125,2.0,160,64,64,0,0
ariad,10000,32,0,213,0.00017941505939234048,0.957871875,0.97951875,320000,2560000,2880000,256.0,1556480000,0.009230999999999767,0.0064806999998836545,586.58984375,2.0,160,64,64,0,0
ariad,10000,32,0,214,0.0001794028066797182,0.957984375,0.979671875,320000,2560000,2880000,256.0,1556480000,0.009210300000631833,0.006521799999973155,584.70703125,2.0,160,64,64,0,0
ariad,10000,32,0,215,0.00017938335076905787,0.9580625,0.979771875,320000,2560000,2880000,256.0,1556480000,0.00927990000036516,0.006570700000338547,586.12109375,2.0,160,64,64,0,0
ariad,10000,32,0,216,0.00017937255324795842,0.958140625,0.97991875,320000,2560000,2880000,256.0,1556480000,0.00912849999986065,0.0064978999998857034,585.70703125,2.0,160,64,64,0,0
ariad,10000,32,0,217,0.00017936064978130162,0.958225,0.980034375,320000,2560000,2880000,256.0,1556480000,0.009185799999613664,0.006481299999904877,586.58984375,2.0,160,64,64,0,0
ariad,10000,32,0,218,0.00017935373762156814,0.958284375,0.980184375,320000,2560000,2880000,256.0,1556480000,0.009141399999862188,0.0065148000003318884,585.70703125,2.0,160,64,64,0,0
ariad,10000,32,0,219,0.00017933850176632404,0.958346875,0.9803125,320000,2560000,2880000,256.0,1556480000,0.009560000000419677,0.006665400000201771,586.58984375,2.0,160,64,64,0,0
ariad,10000,32,0,220,0.00017931668844539672,0.95843125,0.980421875,320000,2560000,2880000,256.0,1556480000,0.009493199999269564,0.006672400000752532,584.70703125,2.0,160,64,64,0,0
ariad,10000,32,0,221,0.00017930127796716988,0.95851875,0.98056875,320000,2560000,2880000,256.0,1556480000,0.009538299999803712,0.006687900000542868,586.12109375,2.0,160,64,64,0,0
ariad,10000,32,0,222,0.00017929560272023082,0.958584375,0.98068125,320000,2560000,2880000,256.0,1556480000,0.009485300000051211,0.006737100000464125,585.70703125,2.0,160,64,64,0,0
ariad,10000,32,0,223,0.0001792765106074512,0.958653125,0.980809375,320000,2560000,2880000,256.0,1556480000,0.009191899999677844,0.006491299999652256,586.58984375,2.0,160,64,64,0,0
ariad,10000,32,0,224,0.00017925941210705787,0.958728125,0.980946875,320000,2560000,2880000,256.0,1556480000,0.009117600000536186,0.006448699999964447,585.70703125,2.0,160,64,64,0,0
ariad,10000,32,0,225,0.00017923778796102852,0.9588125,0.9810875,320000,2560000,2880000,256.0,1556480000,0.009238300000106392,0.006526799999846844,586.58984375,2.0,160,64,64,0,0
ariad,10000,32,0,226,0.00017922323604580015,0.95888125,0.98121875,320000,2560000,2880000,256.0,1556480000,0.009172700000817713,0.006497299999864481,584.70703125,2.0,160,64,64,0,0
ariad,10000,32,0,227,0.00017920439131557941,0.95895,0.981359375,320000,2560000,2880000,256.0,1556480000,0.009176800000204821,0.00649150000026566,586.12109375,2.0,160,64,64,0,0
ariad,10000,32,0,228,0.0001792000693967566,0.9590625,0.98151875,320000,2560000,2880000,256.0,1556480000,0.009114299999964715,0.0064235999998345505,585.70703125,2.0,160,64,64,0,0
ariad,10000,32,0,229,0.00017918784578796476,0.959134375,0.9816625,320000,2560000,2880000,256.0,1556480000,0.009367699999529577,0.0066793000005418435,586.58984375,2.0,160,64,64,0,0
ariad,10000,32,0,230,0.00017917687364388257,0.959190625,0.98176875,320000,2560000,2880000,256.0,1556480000,0.00920959999984916,0.006503499999780615,585.70703125,2.0,160,64,64,0,0
ariad,10000,32,0,231,0.00017916926299221814,0.959259375,0.9818625,320000,2560000,2880000,256.0,1556480000,0.009181399999761197,0.006488199999694189,586.58984375,2.0,160,64,64,0,0
ariad,10000,32,0,232,0.00017916389333549887,0.9593125,0.9819625,320000,2560000,2880000,256.0,1556480000,0.009715599999253755,0.0065871999995579245,584.70703125,2.0,160,64,64,0,0
ariad,10000,32,0,233,0.00017916357319336385,0.95936875,0.98205,320000,2560000,2880000,256.0,1556480000,0.009352799999760464,0.0066648000001805485,586.12109375,2.0,160,64,64,0,0
ariad,10000,32,0,234,0.0001791515969671309,0.959415625,0.9821375,320000,2560000,2880000,256.0,1556480000,0.009180200000628247,0.006490199999461765,585.70703125,2.0,160,64,64,0,0
ariad,10000,32,0,235,0.00017913839838001877,0.959496875,0.98224375,320000,2560000,2880000,256.0,1556480000,0.009216699999342381,0.006511599999612372,586.58984375,2.0,160,64,64,0,0
ariad,10000,32,0,236,0.0001791271788533777,0.9595875,0.982378125,320000,2560000,2880000,256.0,1556480000,0.010208600000623846,0.007534899999882327,585.70703125,2.0,160,64,64,0,0
ariad,10000,32,0,237,0.0001791198446881026,0.95961875,0.9824875,320000,2560000,2880000,256.0,1556480000,0.009390500000336033,0.006453999999394,586.58984375,2.0,160,64,64,0,0
ariad,10000,32,0,238,0.0001791165122995153,0.95968125,0.982559375,320000,2560000,2880000,256.0,1556480000,0.009218399999554094,0.006480000000010477,584.70703125,2.0,160,64,64,0,0
ariad,10000,32,0,239,0.00017911536269821227,0.959746875,0.982690625,320000,2560000,2880000,256.0,1556480000,0.009146500000497326,0.006431199999497039,586.12109375,2.0,160,64,64,0,0
ariad,10000,32,0,240,0.00017910494352690876,0.959815625,0.982796875,320000,2560000,2880000,256.0,1556480000,0.010116200000084064,0.007322099999328202,585.70703125,2.0,160,64,64,0,0
ariad,10000,32,0,241,0.00017909574671648443,0.95985,0.98288125,320000,2560000,2880000,256.0,1556480000,0.009080400000129885,0.006438599999455619,586.58984375,2.0,160,64,64,0,0
ariad,10000,32,0,242,0.00017908566223923117,0.959915625,0.982984375,320000,2560000,2880000,256.0,1556480000,0.009202100000038627,0.00646370000049501,585.70703125,2.0,160,64,64,0,0
ariad,10000,32,0,243,0.0001790746464394033,0.959978125,0.98309375,320000,2560000,2880000,256.0,1556480000,0.009090900000046531,0.006412900000213995,586.58984375,2.0,160,64,64,0,0
ariad,10000,32,0,244,0.00017906763241626322,0.96005625,0.98319375,320000,2560000,2880000,256.0,1556480000,0.009253700000044773,0.0065204000002268,584.70703125,2.0,160,64,64,0,0
ariad,10000,32,0,245,0.0001790529495337978,0.9601125,0.983315625,320000,2560000,2880000,256.0,1556480000,0.009174400000119931,0.006488600000011502,586.12109375,2.0,160,64,64,0,0
ariad,10000,32,0,246,0.00017904379637911916,0.960203125,0.98346875,320000,2560000,2880000,256.0,1556480000,0.009157600000435195,0.0064652000000933185,585.70703125,2.0,160,64,64,0,0
ariad,10000,32,0,247,0.0001790374517440796,0.96025,0.983565625,320000,2560000,2880000,256.0,1556480000,0.011061899999731395,0.006448200000704674,586.58984375,2.0,160,64,64,0,0
ariad,10000,32,0,248,0.00017903152911458164,0.9603375,0.98368125,320000,2560000,2880000,256.0,1556480000,0.009271699999771954,0.0065871000006154645,585.70703125,2.0,160,64,64,0,0
ariad,10000,32,0,249,0.0001790136593626812,0.960375,0.983778125,320000,2560000,2880000,256.0,1556480000,0.009117600000536186,0.006468700000368699,586.58984375,2.0,160,64,64,0,0
ariad,10000,32,0,250,0.00017901163664646447,0.96040625,0.983865625,320000,2560000,2880000,256.0,1556480000,0.009121899999627203,0.006477699999777542,584.70703125,2.0,160,64,64,0,0
ariad,10000,32,0,251,0.0001790123205864802,0.96044375,0.983946875,320000,2560000,2880000,256.0,1556480000,0.009076700000150595,0.006395700000211946,586.12109375,2.0,160,64,64,0,0
ariad,10000,32,0,252,0.00017900958482641727,0.96049375,0.984065625,320000,2560000,2880000,256.0,1556480000,0.009184100000311446,0.006503300000076706,585.70703125,2.0,160,64,64,0,0
ariad,10000,32,0,253,0.00017900066450238228,0.96056875,0.984184375,320000,2560000,2880000,256.0,1556480000,0.00928490000023885,0.006586800000150106,586.58984375,2.0,160,64,64,0,0
ariad,10000,32,0,254,0.00017899922386277467,0.960646875,0.984278125,320000,2560000,2880000,256.0,1556480000,0.009181100000205333,0.006449399999837624,585.70703125,2.0,160,64,64,0,0
ariad,10000,32,0,255,0.00017899100203067064,0.9606875,0.9843625,320000,2560000,2880000,256.0,1556480000,0.009493699999438832,0.0067555999994510785,586.58984375,2.0,160,64,64,0,0
ariad,10000,32,0,256,0.0001789862581063062,0.960721875,0.98444375,320000,2560000,2880000,256.0,1556480000,0.009177800000543357,0.006489200000032724,584.70703125,2.0,160,64,64,0,0
ariad,10000,32,0,257,0.00017898387159220874,0.96078125,0.984515625,320000,2560000,2880000,256.0,1556480000,0.010005000000091968,0.006580799999937881,586.12109375,2.0,160,64,64,0,0
ariad,10000,32,0,258,0.0001789748203009367,0.960846875,0.98460625,320000,2560000,2880000,256.0,1556480000,0.009179200000289711,0.006489200000032724,585.70703125,2.0,160,64,64,0,0
ariad,10000,32,0,259,0.00017896723875310272,0.9609,0.984675,320000,2560000,2880000,256.0,1556480000,0.009105499999350286,0.00644430000011198,586.58984375,2.0,160,64,64,0,0
ariad,10000,32,0,260,0.00017896089411806315,0.960965625,0.9847625,320000,2560000,2880000,256.0,1556480000,0.009106699999392731,0.006440399999519286,585.70703125,2.0,160,64,64,0,0
ariad,10000,32,0,261,0.0001789568632375449,0.96101875,0.984871875,320000,2560000,2880000,256.0,1556480000,0.009417199999916193,0.00663410000015574,586.58984375,2.0,160,64,64,0,0
ariad,10000,32,0,262,0.00017895357450470328,0.961071875,0.984959375,320000,2560000,2880000,256.0,1556480000,0.009129600000051141,0.006455499999901804,584.70703125,2.0,160,64,64,0,0
ariad,10000,32,0,263,0.00017894580378197134,0.96113125,0.9850375,320000,2560000,2880000,256.0,1556480000,0.009100599999328551,0.0064286999995601946,586.12109375,2.0,160,64,64,0,0
ariad,10000,32,0,264,0.0001789378875400871,0.96119375,0.985134375,320000,2560000,2880000,256.0,1556480000,0.00943349999943166,0.006488099999842234,585.70703125,2.0,160,64,64,0,0
ariad,10000,32,0,265,0.0001789331145118922,0.96124375,0.985221875,320000,2560000,2880000,256.0,1556480000,0.009262600000511156,0.006570100000317325,586.58984375,2.0,160,64,64,0,0
ariad,10000,32,0,266,0.00017892298637889326,0.96128125,0.985290625,320000,2560000,2880000,256.0,1556480000,0.009092899999814108,0.0064369000001534005,585.70703125,2.0,160,64,64,0,0
ariad,10000,32,0,267,0.00017892266623675823,0.961321875,0.985365625,320000,2560000,2880000,256.0,1556480000,0.009177500000077998,0.006476200000179233,586.58984375,2.0,160,64,64,0,0
ariad,10000,32,0,268,0.0001789134694263339,0.961409375,0.985471875,320000,2560000,2880000,256.0,1556480000,0.009218600000167498,0.006528500000058557,584.70703125,2.0,160,64,64,0,0
ariad,10000,32,0,269,0.00017891036986839026,0.961459375,0.98556875,320000,2560000,2880000,256.0,1556480000,0.009174600000733335,0.0064702999998189625,586.12109375,2.0,160,64,64,0,0
ariad,10000,32,0,270,0.0001788948429748416,0.961503125,0.985646875,320000,2560000,2880000,256.0,1556480000,0.009119699999246222,0.006425900000067486,585.70703125,2.0,160,64,64,0,0
ariad,10000,32,0,271,0.00017888877482619137,0.961521875,0.98569375,320000,2560000,2880000,256.0,1556480000,0.00930549999975483,0.006546299999172334,586.58984375,2.0,160,64,64,0,0
ariad,10000,32,0,272,0.00017888548609334975,0.961559375,0.985778125,320000,2560000,2880000,256.0,1556480000,0.009074699999473523,0.00638989999970363,585.70703125,2.0,160,64,64,0,0
ariad,10000,32,0,273,0.0001788762310752645,0.96161875,0.985859375,320000,2560000,2880000,256.0,1556480000,0.009108400000513939,0.0064185000001089065,586.58984375,2.0,160,64,64,0,0
ariad,10000,32,0,274,0.00017887400463223457,0.96165625,0.9859625,320000,2560000,2880000,256.0,1556480000,0.00916880000022502,0.006475999999565829,584.70703125,2.0,160,64,64,0,0
ariad,10000,32,0,275,0.00017887394642457366,0.96170625,0.986034375,320000,2560000,2880000,256.0,1556480000,0.009182900000269001,0.006458800000473275,586.12109375,2.0,160,64,64,0,0
ariad,10000,32,0,276,0.00017886677233036608,0.961759375,0.986115625,320000,2560000,2880000,256.0,1556480000,0.009171400000013818,0.006414599999516213,585.70703125,2.0,160,64,64,0,0
ariad,10000,32,0,277,0.00017886271234601736,0.961803125,0.98619375,320000,2560000,2880000,256.0,1556480000,0.00916979999965406,0.006443299999773444,586.58984375,2.0,160,64,64,0,0
ariad,10000,32,0,278,0.00017884881526697427,0.961853125,0.98626875,320000,2560000,2880000,256.0,1556480000,0.009278700000322715,0.006529399999635643,585.70703125,2.0,160,64,64,0,0
ariad,10000,32,0,279,0.00017883742111735046,0.961909375,0.9863625,320000,2560000,2880000,256.0,1556480000,0.0093088000003263,0.006580799999937881,586.58984375,2.0,160,64,64,0,0
ariad,10000,32,0,280,0.0001788352383300662,0.961928125,0.986425,320000,2560000,2880000,256.0,1556480000,0.009142499999143183,0.00643579999996291,584.70703125,2.0,160,64,64,0,0
ariad,10000,32,0,281,0.00017883346299640834,0.961971875,0.9865125,320000,2560000,2880000,256.0,1556480000,0.009239200000592973,0.006529799999952957,586.12109375,2.0,160,64,64,0,0
ariad,10000,32,0,282,0.00017882659449242055,0.961996875,0.98655,320000,2560000,2880000,256.0,1556480000,0.009079899999960617,0.006411299999854236,585.70703125,2.0,160,64,64,0,0
ariad,10000,32,0,283,0.00017881761596072465,0.962034375,0.98665,320000,2560000,2880000,256.0,1556480000,0.009120799999436713,0.006412799999452545,586.58984375,2.0,160,64,64,0,0
ariad,10000,32,0,284,0.00017881262465380132,0.9620625,0.98670625,320000,2560000,2880000,256.0,1556480000,0.00912849999986065,0.006487900000138325,585.70703125,2.0,160,64,64,0,0
ariad,10000,32,0,285,0.00017881124222185463,0.962103125,0.9867875,320000,2560000,2880000,256.0,1556480000,0.009240600000339327,0.006457999999838648,586.58984375,2.0,160,64,64,0,0
ariad,10000,32,0,286,0.0001787896762834862,0.96215625,0.986859375,320000,2560000,2880000,256.0,1556480000,0.009348000000500178,0.006602299999940442,584.70703125,2.0,160,64,64,0,0
ariad,10000,32,0,287,0.00017878806102089584,0.962178125,0.986934375,320000,2560000,2880000,256.0,1556480000,0.00939120000020921,0.006676799999695504,586.12109375,2.0,160,64,64,0,0
ariad,10000,32,0,288,0.00017878050857689232,0.9622375,0.987003125,320000,2560000,2880000,256.0,1556480000,0.00910550000025978,0.006420100000468665,585.70703125,2.0,160,64,64,0,0
ariad,10000,32,0,289,0.00017877249047160149,0.96228125,0.987103125,320000,2560000,2880000,256.0,1556480000,0.009119299999838404,0.006462699999246979,586.58984375,2.0,160,64,64,0,0
ariad,10000,32,0,290,0.00017876130004879087,0.9623125,0.98715625,320000,2560000,2880000,256.0,1556480000,0.00899570000001404,0.00635839999995369,585.70703125,2.0,160,64,64,0,0
ariad,10000,32,0,291,0.00017875716730486602,0.962353125,0.987234375,320000,2560000,2880000,256.0,1556480000,0.009229700000105368,0.006504900000436464,586.58984375,2.0,160,64,64,0,0
ariad,10000,32,0,292,0.00017875214689411223,0.962403125,0.987346875,320000,2560000,2880000,256.0,1556480000,0.009261300000616757,0.006577300000571995,584.70703125,2.0,160,64,64,0,0
ariad,10000,32,0,293,0.00017874529294203967,0.96244375,0.987409375,320000,2560000,2880000,256.0,1556480000,0.009494599999925413,0.006460399999923538,586.12109375,2.0,160,64,64,0,0
ariad,10000,32,0,294,0.00017873596516437829,0.96249375,0.987478125,320000,2560000,2880000,256.0,1556480000,0.009312600000157545,0.00659910000013042,585.70703125,2.0,160,64,64,0,0
ariad,10000,32,0,295,0.00017871517047751695,0.96253125,0.987540625,320000,2560000,2880000,256.0,1556480000,0.009199699999953737,0.006494199999906414,586.58984375,2.0,160,64,64,0,0
ariad,10000,32,0,296,0.00017871464660856873,0.96255,0.987596875,320000,2560000,2880000,256.0,1556480000,0.009161500000118394,0.006512900000416266,585.70703125,2.0,160,64,64,0,0
ariad,10000,32,0,297,0.00017871370073407888,0.962584375,0.987653125,320000,2560000,2880000,256.0,1556480000,0.009184699999423174,0.006520600000840204,586.58984375,2.0,160,64,64,0,0
ariad,10000,32,0,298,0.00017871848831418902,0.962615625,0.987740625,320000,2560000,2880000,256.0,1556480000,0.009148300000560994,0.006471699999565317,584.70703125,2.0,160,64,64,0,0
ariad,10000,32,0,299,0.00017871236195787787,0.962671875,0.987815625,320000,2560000,2880000,256.0,1556480000,0.009063800000149058,0.006381099999998696,586.12109375,2.0,160,64,64,0,0
ariad,10000,32,0,300,0.0001787077635526657,0.962696875,0.987871875,320000,2560000,2880000,256.0,1556480000,0.009139800000411924,0.006438399999751709,585.70703125,2.0,160,64,64,0,0
ariad,10000,32,0,301,0.00017870133160613477,0.9627375,0.98795,320000,2560000,2880000,256.0,1556480000,0.009108500000365893,0.006448800000725896,586.58984375,2.0,160,64,64,0,0
ariad,10000,32,0,302,0.00017869245493784547,0.9628,0.988028125,320000,2560000,2880000,256.0,1556480000,0.00931510000009439,0.006540800000038871,585.70703125,2.0,160,64,64,0,0
ariad,10000,32,0,303,0.00017868299619294703,0.96283125,0.988103125,320000,2560000,2880000,256.0,1556480000,0.009210100000018429,0.006530900000143447,586.58984375,2.0,160,64,64,0,0
ariad,10000,32,0,304,0.00017868008580990136,0.962853125,0.988128125,320000,2560000,2880000,256.0,1556480000,0.009182800000417046,0.006548899999870628,584.70703125,2.0,160,64,64,0,0
ariad,10000,32,0,305,0.00017867963470052928,0.962865625,0.988165625,320000,2560000,2880000,256.0,1556480000,0.009206900000208407,0.0064988000003722846,586.12109375,2.0,160,64,64,0,0
ariad,10000,32,0,306,0.00017867624410428107,0.962915625,0.988228125,320000,2560000,2880000,256.0,1556480000,0.009138999999777297,0.006497800000033749,585.70703125,2.0,160,64,64,0,0
ariad,10000,32,0,307,0.00017867358110379428,0.962965625,0.988278125,320000,2560000,2880000,256.0,1556480000,0.009159299999737414,0.006454399999711313,586.58984375,2.0,160,64,64,0,0
ariad,10000,32,0,308,0.00017866588314063847,0.963009375,0.9883625,320000,2560000,2880000,256.0,1556480000,0.00907900000038353,0.006404099999599566,585.70703125,2.0,160,64,64,0,0
ariad,10000,32,0,309,0.00017865731206256896,0.963053125,0.988434375,320000,2560000,2880000,256.0,1556480000,0.009152499999800057,0.006431799999518262,586.58984375,2.0,160,64,64,0,0
ariad,10000,32,0,310,0.00017865293193608522,0.963090625,0.98851875,320000,2560000,2880000,256.0,1556480000,0.009272000000237313,0.006442699999752222,584.70703125,2.0,160,64,64,0,0
ariad,10000,32,0,311,0.0001786346547305584,0.96313125,0.9885875,320000,2560000,2880000,256.0,1556480000,0.009238999999979569,0.006530999999995402,586.12109375,2.0,160,64,64,0,0
ariad,10000,32,0,312,0.00017861877859104425,0.963178125,0.988628125,320000,2560000,2880000,256.0,1556480000,0.009258799999770417,0.00652540000010049,585.70703125,2.0,160,64,64,0,0
ariad,10000,32,0,313,0.00017861672677099705,0.96319375,0.98868125,320000,2560000,2880000,256.0,1556480000,0.009272199999941222,0.00657610000052955,586.58984375,2.0,160,64,64,0,0
ariad,10000,32,0,314,0.00017861687229014933,0.963221875,0.98871875,320000,2560000,2880000,256.0,1556480000,0.00919160000012198,0.006516100000226288,585.70703125,2.0,160,64,64,0,0
ariad,10000,32,0,315,0.00017862288223113865,0.9632375,0.988765625,320000,2560000,2880000,256.0,1556480000,0.00925699999970675,0.006490099999609811,586.58984375,2.0,160,64,64,0,0
ariad,10000,32,0,316,0.0001786218344932422,0.963271875,0.988821875,320000,2560000,2880000,256.0,1556480000,0.009195800000270538,0.006499299999632058,584.70703125,2.0,160,64,64,0,0
ariad,10000,32,0,317,0.00017861688684206456,0.96331875,0.988878125,320000,2560000,2880000,256.0,1556480000,0.009467100000620121,0.00675630000023375,586.12109375,2.0,160,64,64,0,0
ariad,10000,32,0,318,0.00017861914238892496,0.96333125,0.98893125,320000,2560000,2880000,256.0,1556480000,0.009232100000190258,0.00654469999972207,585.70703125,2.0,160,64,64,0,0
ariad,10000,32,0,319,0.00017861784726846963,0.9633625,0.9889875,320000,2560000,2880000,256.0,1556480000,0.009154299999863724,0.006424499999411637,586.58984375,2.0,160,64,64,0,0
ariad,10000,32,0,320,0.00017861160449683666,0.963409375,0.989046875,320000,2560000,2880000,256.0,1556480000,0.009069100000488106,0.006402500000149303,585.70703125,2.0,160,64,64,0,0
ariad,10000,32,0,321,0.00017859718354884535,0.9634375,0.989125,320000,2560000,2880000,256.0,1556480000,0.009150700000645884,0.0064990999999281485,586.58984375,2.0,160,64,64,0,0
ariad,10000,32,0,322,0.0001785985368769616,0.963471875,0.989196875,320000,2560000,2880000,256.0,1556480000,0.009112800000366406,0.006427000000257976,584.70703125,2.0,160,64,64,0,0
ariad,10000,32,0,323,0.00017859820218291134,0.963503125,0.989271875,320000,2560000,2880000,256.0,1556480000,0.009188999999423686,0.006523400000332913,586.12109375,2.0,160,64,64,0,0
ariad,10000,32,0,324,0.0001785893109627068,0.963525,0.989309375,320000,2560000,2880000,256.0,1556480000,0.009168300000055751,0.006527599999571976,585.70703125,2.0,160,64,64,0,0
ariad,10000,32,0,325,0.00017858929641079158,0.963575,0.989353125,320000,2560000,2880000,256.0,1556480000,0.009505300000455463,0.006535699999403732,586.58984375,2.0,160,64,64,0,0
ariad,10000,32,0,326,0.00017858872888609767,0.96361875,0.9894125,320000,2560000,2880000,256.0,1556480000,0.009210100000018429,0.006534300000566873,585.70703125,2.0,160,64,64,0,0
ariad,10000,32,0,327,0.0001785844360711053,0.963659375,0.98945625,320000,2560000,2880000,256.0,1556480000,0.009146799999143695,0.0064511999999012914,586.58984375,2.0,160,64,64,0,0
ariad,10000,32,0,328,0.000178571863216348,0.96366875,0.989540625,320000,2560000,2880000,256.0,1556480000,0.009078299999600858,0.006407500000022992,584.70703125,2.0,160,64,64,0,0
ariad,10000,32,0,329,0.00017857934290077537,0.963678125,0.989621875,320000,2560000,2880000,256.0,1556480000,0.009219999999913853,0.0064081000000442145,586.12109375,2.0,160,64,64,0,0
ariad,10000,32,0,330,0.00017858001228887588,0.96370625,0.989634375,320000,2560000,2880000,256.0,1556480000,0.009103700000196113,0.006402300000445393,585.70703125,2.0,160,64,64,0,0
ariad,10000,32,0,331,0.00017857887723948807,0.96373125,0.989690625,320000,2560000,2880000,256.0,1556480000,0.009210100000018429,0.006469000000834058,586.58984375,2.0,160,64,64,0,0
ariad,10000,32,0,332,0.0001785765925887972,0.963740625,0.989725,320000,2560000,2880000,256.0,1556480000,0.009148499999355408,0.006421900000532332,585.70703125,2.0,160,64,64,0,0
ariad,10000,32,0,333,0.0001785810018191114,0.9637625,0.98976875,320000,2560000,2880000,256.0,1556480000,0.009533499999633932,0.00673700000061217,586.58984375,2.0,160,64,64,0,0
ariad,10000,32,0,334,0.00017856978229247034,0.963803125,0.989846875,320000,2560000,2880000,256.0,1556480000,0.009170699999231147,0.006472699999903853,584.70703125,2.0,160,64,64,0,0
ariad,10000,32,0,335,0.00017856137128546834,0.963834375,0.98990625,320000,2560000,2880000,256.0,1556480000,0.00910559999920224,0.006429999999454594,586.12109375,2.0,160,64,64,0,0
ariad,10000,32,0,336,0.0001785542699508369,0.963853125,0.98995,320000,2560000,2880000,256.0,1556480000,0.00912999999945896,0.006463299999268202,585.70703125,2.0,160,64,64,0,0
ariad,10000,32,0,337,0.000178546120878309,0.963884375,0.9899875,320000,2560000,2880000,256.0,1556480000,0.009132400000453345,0.006447900000239315,586.58984375,2.0,160,64,64,0,0
ariad,10000,32,0,338,0.00017854373436421156,0.963915625,0.99000625,320000,2560000,2880000,256.0,1556480000,0.00916999999935797,0.006514700000479934,585.70703125,2.0,160,64,64,0,0
ariad,10000,32,0,339,0.00017854152247309685,0.963946875,0.99008125,320000,2560000,2880000,256.0,1556480000,0.009199899999657646,0.006500200000118639,586.58984375,2.0,160,64,64,0,0
ariad,10000,32,0,340,0.0001785362110240385,0.963971875,0.99010625,320000,2560000,2880000,256.0,1556480000,0.00960899999972753,0.006848099999842816,584.70703125,2.0,160,64,64,0,0
ariad,10000,32,0,341,0.00017852244491223246,0.964009375,0.99016875,320000,2560000,2880000,256.0,1556480000,0.009230999999999767,0.006577099999958591,586.12109375,2.0,160,64,64,0,0
ariad,10000,32,0,342,0.0001785165222827345,0.96404375,0.990209375,320000,2560000,2880000,256.0,1556480000,0.0094915999998193,0.0065181999998458195,585.70703125,2.0,160,64,64,0,0
ariad,10000,32,0,343,0.00017851176380645484,0.964084375,0.990278125,320000,2560000,2880000,256.0,1556480000,0.009267399999771442,0.006568699999661476,586.58984375,2.0,160,64,64,0,0
ariad,10000,32,0,344,0.00017851156007964164,0.964115625,0.99035,320000,2560000,2880000,256.0,1556480000,0.009172400000352354,0.006479199999375851,585.70703125,2.0,160,64,64,0,0
ariad,10000,32,0,345,0.00017850921722128987,0.96413125,0.99038125,320000,2560000,2880000,256.0,1556480000,0.009113400000387628,0.006436300000132178,586.58984375,2.0,160,64,64,0,0
ariad,10000,32,0,346,0.0001785086642485112,0.96415,0.990428125,320000,2560000,2880000,256.0,1556480000,0.009244199999557168,0.006537199999911536,584.70703125,2.0,160,64,64,0,0
ariad,10000,32,0,347,0.00017850272706709802,0.964178125,0.990478125,320000,2560000,2880000,256.0,1556480000,0.00915519999944081,0.0064586999997118255,586.12109375,2.0,160,64,64,0,0
ariad,10000,32,0,348,0.00017849561118055135,0.9642,0.99053125,320000,2560000,2880000,256.0,1556480000,0.009599099999832106,0.00681689999964874,585.70703125,2.0,160,64,64,0,0
ariad,10000,32,0,349,0.00017848877178039402,0.964234375,0.9905875,320000,2560000,2880000,256.0,1556480000,0.009156399999483256,0.006467700000030163,586.58984375,2.0,160,64,64,0,0
ariad,10000,32,0,350,0.000178487433004193,0.96425,0.990640625,320000,2560000,2880000,256.0,1556480000,0.009103000000322936,0.0064431999999214895,585.70703125,2.0,160,64,64,0,0
ariad,10000,32,0,351,0.00017848334391601384,0.96426875,0.990696875,320000,2560000,2880000,256.0,1556480000,0.00933439999971597,0.006466599999839673,586.58984375,2.0,160,64,64,0,0
ariad,10000,32,0,352,0.0001784845517249778,0.964284375,0.990725,320000,2560000,2880000,256.0,1556480000,0.009239299999535433,0.006547500000124273,584.70703125,2.0,160,64,64,0,0
ariad,10000,32,0,353,0.00017847432172857225,0.96431875,0.990765625,320000,2560000,2880000,256.0,1556480000,0.009193599999889557,0.00648170000022219,586.12109375,2.0,160,64,64,0,0
ariad,10000,32,0,354,0.00017847052367869765,0.96435625,0.990821875,320000,2560000,2880000,256.0,1556480000,0.009210700000039651,0.006498200000351062,585.70703125,2.0,160,64,64,0,0
ariad,10000,32,0,355,0.00017846528498921543,0.96438125,0.9908625,320000,2560000,2880000,256.0,1556480000,0.009177300000374089,0.006486199999926612,586.58984375,2.0,160,64,64,0,0
ariad,10000,32,0,356,0.00017845830006990582,0.96441875,0.99091875,320000,2560000,2880000,256.0,1556480000,0.009214800000336254,0.00653859999965789,585.70703125,2.0,160,64,64,0,0
ariad,10000,32,0,357,0.0001784554187906906,0.96445625,0.99098125,320000,2560000,2880000,256.0,1556480000,0.009230299999217095,0.006532399999741756,586.58984375,2.0,160,64,64,0,0
ariad,10000,32,0,358,0.00017845314869191498,0.964484375,0.991025,320000,2560000,2880000,256.0,1556480000,0.009087800000088464,0.006438299999899755,584.70703125,2.0,160,64,64,0,0
ariad,10000,32,0,359,0.00017845041293185204,0.964521875,0.99109375,320000,2560000,2880000,256.0,1556480000,0.00904160000027332,0.0064182999994955026,586.12109375,2.0,160,64,64,0,0
ariad,10000,32,0,360,0.00017844686226453632,0.96454375,0.991140625,320000,2560000,2880000,256.0,1556480000,0.009257900000193331,0.006528799999614421,585.70703125,2.0,160,64,64,0,0
ariad,10000,32,0,361,0.00017844421381596476,0.964559375,0.9911875,320000,2560000,2880000,256.0,1556480000,0.009103899999900023,0.006427199999961886,586.58984375,2.0,160,64,64,0,0
ariad,10000,32,0,362,0.0001784409978426993,0.96458125,0.99120625,320000,2560000,2880000,256.0,1556480000,0.009154400000625174,0.006476600000496546,585.70703125,2.0,160,64,64,0,0
ariad,10000,32,0,363,0.0001784246414899826,0.9646125,0.9912625,320000,2560000,2880000,256.0,1556480000,0.00949990000026446,0.0067763999995804625,586.58984375,2.0,160,64,64,0,0
ariad,10000,32,0,364,0.0001784093037713319,0.964665625,0.99135,320000,2560000,2880000,256.0,1556480000,0.009177399999316549,0.006447900000239315,584.70703125,2.0,160,64,64,0,0
ariad,10000,32,0,365,0.00017840020882431418,0.96471875,0.991403125,320000,2560000,2880000,256.0,1556480000,0.00920979999955307,0.006528300000354648,586.12109375,2.0,160,64,64,0,0
ariad,10000,32,0,366,0.00017839725478552282,0.964725,0.99144375,320000,2560000,2880000,256.0,1556480000,0.009070799999790324,0.0064277000001311535,585.70703125,2.0,160,64,64,0,0
ariad,10000,32,0,367,0.00017839230713434517,0.96475,0.991490625,320000,2560000,2880000,256.0,1556480000,0.009139099999629252,0.006500499999674503,586.58984375,2.0,160,64,64,0,0
ariad,10000,32,0,368,0.00017839834617916495,0.964771875,0.991553125,320000,2560000,2880000,256.0,1556480000,0.009184699999423174,0.006467400000474299,585.70703125,2.0,160,64,64,0,0
ariad,10000,32,0,369,0.00017839517386164516,0.964803125,0.99159375,320000,2560000,2880000,256.0,1556480000,0.009220700000696525,0.006503700000394019,586.58984375,2.0,160,64,64,0,0
ariad,10000,32,0,370,0.0001783946790965274,0.96481875,0.991640625,320000,2560000,2880000,256.0,1556480000,0.00914920000013808,0.0064598999997542705,584.70703125,2.0,160,64,64,0,0
ariad,10000,32,0,371,0.00017839038628153503,0.964840625,0.991684375,320000,2560000,2880000,256.0,1556480000,0.009615300000405114,0.006811100000049919,586.12109375,2.0,160,64,64,0,0
ariad,10000,32,0,372,0.0001783938641892746,0.964853125,0.99170625,320000,2560000,2880000,256.0,1556480000,0.009455200000047626,0.0065574000000196975,585.70703125,2.0,160,64,64,0,0
ariad,10000,32,0,373,0.00017839367501437664,0.96488125,0.99174375,320000,2560000,2880000,256.0,1556480000,0.009261199999855307,0.006433599999581929,586.58984375,2.0,160,64,64,0,0
ariad,10000,32,0,374,0.00017838968778960407,0.96490625,0.9917625,320000,2560000,2880000,256.0,1556480000,0.009235800000169547,0.006527300000016112,585.70703125,2.0,160,64,64,0,0
ariad,10000,32,0,375,0.00017839137581177056,0.964925,0.991809375,320000,2560000,2880000,256.0,1556480000,0.009127699999226024,0.006440099999963422,586.58984375,2.0,160,64,64,0,0
ariad,10000,32,0,376,0.0001783869374776259,0.964959375,0.9918375,320000,2560000,2880000,256.0,1556480000,0.009084899999834306,0.006393200000275101,584.70703125,2.0,160,64,64,0,0
ariad,10000,32,0,377,0.00017838060739450157,0.964975,0.9919,320000,2560000,2880000,256.0,1556480000,0.009170400000584777,0.006467400000474299,586.12109375,2.0,160,64,64,0,0
ariad,10000,32,0,378,0.00017838022904470563,0.964996875,0.991934375,320000,2560000,2880000,256.0,1556480000,0.00911550000000716,0.00643579999996291,585.70703125,2.0,160,64,64,0,0
ariad,10000,32,0,379,0.00017838148050941527,0.965009375,0.991946875,320000,2560000,2880000,256.0,1556480000,0.009089600000152132,0.006453500000134227,586.58984375,2.0,160,64,64,0,0
ariad,10000,32,0,380,0.00017838338681031018,0.965009375,0.99196875,320000,2560000,2880000,256.0,1556480000,0.009463300000788877,0.006736499999533407,585.70703125,2.0,160,64,64,0,0
ariad,10000,32,0,381,0.00017837710038293153,0.9650125,0.99201875,320000,2560000,2880000,256.0,1556480000,0.00997060000008787,0.007101700000021083,586.58984375,2.0,160,64,64,0,0
ariad,10000,32,0,382,0.0001783709740266204,0.965028125,0.99206875,320000,2560000,2880000,256.0,1556480000,0.009136100000432634,0.006465299999945273,584.70703125,2.0,160,64,64,0,0
ariad,10000,32,0,383,0.00017837296763900667,0.965034375,0.992121875,320000,2560000,2880000,256.0,1556480000,0.009230800000295858,0.00653260000035516,586.12109375,2.0,160,64,64,0,0
ariad,10000,32,0,384,0.00017835278413258493,0.965071875,0.992159375,320000,2560000,2880000,256.0,1556480000,0.009169199999632838,0.006517400000120688,585.70703125,2.0,160,64,64,0,0
ariad,10000,32,0,385,0.00017834629397839308,0.96510625,0.992203125,320000,2560000,2880000,256.0,1556480000,0.009466299999985495,0.0065261999998256215,586.58984375,2.0,160,64,64,0,0
ariad,10000,32,0,386,0.00017834464961197227,0.9651375,0.9922625,320000,2560000,2880000,256.0,1556480000,0.009159800000816176,0.006484200000159035,585.70703125,2.0,160,64,64,0,0
ariad,10000,32,0,387,0.0001783388142939657,0.9651625,0.992296875,320000,2560000,2880000,256.0,1556480000,0.009368600000016158,0.006594700000277953,586.58984375,2.0,160,64,64,0,0
ariad,10000,32,0,388,0.0001783346669981256,0.965175,0.99233125,320000,2560000,2880000,256.0,1556480000,0.009230900000147813,0.0065044000002671964,584.70703125,2.0,160,64,64,0,0
ariad,10000,32,0,389,0.00017833248421084136,0.9652125,0.99239375,320000,2560000,2880000,256.0,1556480000,0.009076999999706459,0.006402600000001257,586.12109375,2.0,160,64,64,0,0
ariad,10000,32,0,390,0.00017832923913374543,0.96524375,0.992446875,320000,2560000,2880000,256.0,1556480000,0.009155200000350305,0.006457599999521335,585.70703125,2.0,160,64,64,0,0
ariad,10000,32,0,391,0.00017832925368566066,0.965240625,0.992453125,320000,2560000,2880000,256.0,1556480000,0.009146100000180013,0.006467799999882118,586.58984375,2.0,160,64,64,0,0
ariad,10000,32,0,392,0.00017833196034189314,0.9652375,0.992475,320000,2560000,2880000,256.0,1556480000,0.00914939999984199,0.0065217000001212,585.70703125,2.0,160,64,64,0,0
ariad,10000,32,0,393,0.0001783292245818302,0.96525625,0.992503125,320000,2560000,2880000,256.0,1556480000,0.009109900000112248,0.006438800000069023,586.58984375,2.0,160,64,64,0,0
ariad,10000,32,0,394,0.00017833340098150074,0.965253125,0.9925375,320000,2560000,2880000,256.0,1556480000,0.009599799999705283,0.0068489000004774425,584.70703125,2.0,160,64,64,0,0
ariad,10000,32,0,395,0.00017832654702942818,0.965271875,0.992578125,320000,2560000,2880000,256.0,1556480000,0.009216200000082608,0.006481499999608786,586.12109375,2.0,160,64,64,0,0
ariad,10000,32,0,396,0.00017831941659096628,0.965296875,0.992615625,320000,2560000,2880000,256.0,1556480000,0.009140099999967788,0.006471699999565317,585.70703125,2.0,160,64,64,0,0
ariad,10000,32,0,397,0.00017832068260759115,0.965303125,0.992659375,320000,2560000,2880000,256.0,1556480000,0.009215199999744073,0.00645280000026105,586.58984375,2.0,160,64,64,0,0
ariad,10000,32,0,398,0.00017831340664997697,0.9653375,0.992725,320000,2560000,2880000,256.0,1556480000,0.009296100000028673,0.006573900000148569,585.70703125,2.0,160,64,64,0,0
ariad,10000,32,0,399,0.00017831171862781048,0.965359375,0.992759375,320000,2560000,2880000,256.0,1556480000,0.009133300000030431,0.006480000000010477,586.58984375,2.0,160,64,64,0,0
ariad,10000,32,0,400,0.0001783137849997729,0.9654,0.99280625,320000,2560000,2880000,256.0,1556480000,0.009067700000741752,0.006396099999619764,584.70703125,2.0,160,64,64,0,0
ariad,10000,32,0,401,0.00017831174773164093,0.9654375,0.992859375,320000,2560000,2880000,256.0,1556480000,0.009259000000383821,0.0065559999993638485,586.12109375,2.0,160,64,64,0,0
ariad,10000,32,0,402,0.00017830583965405822,0.965475,0.99290625,320000,2560000,2880000,256.0,1556480000,0.009133599999586295,0.006460200000219629,585.70703125,2.0,160,64,64,0,0
ariad,10000,32,0,403,0.00017831231525633484,0.965490625,0.992953125,320000,2560000,2880000,256.0,1556480000,0.009284899999329355,0.006583600000340084,586.58984375,2.0,160,64,64,0,0
ariad,10000,32,0,404,0.000178310860064812,0.965509375,0.992975,320000,2560000,2880000,256.0,1556480000,0.009153199999673234,0.006488200000603683,585.70703125,2.0,160,64,64,0,0
ariad,10000,32,0,405,0.00017831061268225312,0.965521875,0.9930125,320000,2560000,2880000,256.0,1556480000,0.00911660000019765,0.006429200000638957,586.58984375,2.0,160,64,64,0,0
ariad,10000,32,0,406,0.0001783182378858328,0.9655375,0.993028125,320000,2560000,2880000,256.0,1556480000,0.009155600000667619,0.006464699999924051,584.70703125,2.0,160,64,64,0,0
ariad,10000,32,0,407,0.00017832059529609978,0.96553125,0.993075,320000,2560000,2880000,256.0,1556480000,0.009252200000446464,0.006597499999770662,586.12109375,2.0,160,64,64,0,0
ariad,10000,32,0,408,0.00017831462901085615,0.965578125,0.993125,320000,2560000,2880000,256.0,1556480000,0.009186499999486841,0.006510000000162108,585.70703125,2.0,160,64,64,0,0
ariad,10000,32,0,409,0.00017831374134402722,0.965590625,0.99316875,320000,2560000,2880000,256.0,1556480000,0.009379900000567432,0.006649699999798031,586.58984375,2.0,160,64,64,0,0
ariad,10000,32,0,410,0.00017831036529969424,0.965603125,0.99320625,320000,2560000,2880000,256.0,1556480000,0.009393099999215337,0.006661299999905168,585.70703125,2.0,160,64,64,0,0
ariad,10000,32,0,411,0.00017830725118983537,0.965615625,0.99320625,320000,2560000,2880000,256.0,1556480000,0.009109900000112248,0.006429099999877508,586.58984375,2.0,160,64,64,0,0
ariad,10000,32,0,412,0.00017830856086220592,0.965625,0.993225,320000,2560000,2880000,256.0,1556480000,0.009165099999336235,0.006455499999901804,584.70703125,2.0,160,64,64,0,0
ariad,10000,32,0,413,0.00017831171862781048,0.96565,0.993259375,320000,2560000,2880000,256.0,1556480000,0.009257599999727972,0.006525900000269758,586.12109375,2.0,160,64,64,0,0
ariad,10000,32,0,414,0.00017830674187280238,0.965665625,0.99329375,320000,2560000,2880000,256.0,1556480000,0.009399200000189012,0.006460600000536942,585.70703125,2.0,160,64,64,0,0
ariad,10000,32,0,415,0.0001783031621016562,0.965671875,0.993328125,320000,2560000,2880000,256.0,1556480000,0.009171900000183086,0.006495599999652768,586.58984375,2.0,160,64,64,0,0
ariad,10000,32,0,416,0.00017830364231485873,0.965675,0.993365625,320000,2560000,2880000,256.0,1556480000,0.009121300000515475,0.006423099999665283,585.70703125,2.0,160,64,64,0,0
ariad,10000,32,0,417,0.0001783019251888618,0.9656875,0.993375,320000,2560000,2880000,256.0,1556480000,0.009452299999793468,0.006500200000118639,586.58984375,2.0,160,64,64,0,0
ariad,10000,32,0,418,0.00017829930584412068,0.96569375,0.99340625,320000,2560000,2880000,256.0,1556480000,0.009397200000421435,0.006693699999232194,584.70703125,2.0,160,64,64,0,0
ariad,10000,32,0,419,0.00017830102297011763,0.965703125,0.993425,320000,2560000,2880000,256.0,1556480000,0.009222399999998743,0.006485300000349525,586.12109375,2.0,160,64,64,0,0
ariad,10000,32,0,420,0.0001782936742529273,0.965725,0.99343125,320000,2560000,2880000,256.0,1556480000,0.009457900000597874,0.0067073999998683576,585.70703125,2.0,160,64,64,0,0
ariad,10000,32,0,421,0.0001782927429303527,0.965759375,0.993475,320000,2560000,2880000,256.0,1556480000,0.010978799999975308,0.008297300000776886,586.58984375,2.0,160,64,64,0,0
ariad,10000,32,0,422,0.0001782913168426603,0.965771875,0.993525,320000,2560000,2880000,256.0,1556480000,0.00959309999961988,0.006455400000049849,585.70703125,2.0,160,64,64,0,0
ariad,10000,32,0,423,0.00017828799900598824,0.9657875,0.99355,320000,2560000,2880000,256.0,1556480000,0.009244599999874481,0.0065353999998478685,586.58984375,2.0,160,64,64,0,0
ariad,10000,32,0,424,0.000178286645677872,0.965803125,0.99359375,320000,2560000,2880000,256.0,1556480000,0.00937549999980547,0.006419199999982084,584.70703125,2.0,160,64,64,0,0
ariad,10000,32,0,425,0.0001782857143552974,0.965825,0.993615625,320000,2560000,2880000,256.0,1556480000,0.00951699999950506,0.006752000000233238,586.12109375,2.0,160,64,64,0,0
ariad,10000,32,0,426,0.00017828185809776187,0.96585,0.993653125,320000,2560000,2880000,256.0,1556480000,0.009295400000155496,0.006581499999811058,585.70703125,2.0,160,64,64,0,0
ariad,10000,32,0,427,0.00017828127602115273,0.965865625,0.993696875,320000,2560000,2880000,256.0,1556480000,0.009147899999334186,0.006445999999414198,586.58984375,2.0,160,64,64,0,0
ariad,10000,32,0,428,0.00017828165437094867,0.965878125,0.99371875,320000,2560000,2880000,256.0,1556480000,0.009369299999889336,0.006641999999374093,585.70703125,2.0,160,64,64,0,0
ariad,10000,32,0,429,0.00017828066484071314,0.96589375,0.99373125,320000,2560000,2880000,256.0,1556480000,0.00929809999979625,0.006559500000548724,586.58984375,2.0,160,64,64,0,0
ariad,10000,32,0,430,0.00017827759438659996,0.965896875,0.993753125,320000,2560000,2880000,256.0,1556480000,0.009487700000136101,0.006489600000350038,584.70703125,2.0,160,64,64,0,0
ariad,10000,32,0,431,0.000178272690391168,0.96591875,0.993765625,320000,2560000,2880000,256.0,1556480000,0.009179100000437757,0.0064664000001357635,586.12109375,2.0,160,64,64,0,0
ariad,10000,32,0,432,0.00017827353440225124,0.965925,0.99380625,320000,2560000,2880000,256.0,1556480000,0.009511100000054284,0.006742599999597587,585.70703125,2.0,160,64,64,0,0
ariad,10000,32,0,433,0.00017827381088864058,0.965925,0.993840625,320000,2560000,2880000,256.0,1556480000,0.00927140000021609,0.0065389999999752035,586.58984375,2.0,160,64,64,0,0
ariad,10000,32,0,434,0.000178271351614967,0.96594375,0.993865625,320000,2560000,2880000,256.0,1556480000,0.010781800000586372,0.008122499999444699,585.70703125,2.0,160,64,64,0,0
ariad,10000,32,0,435,0.00017827205010689795,0.965971875,0.993915625,320000,2560000,2880000,256.0,1556480000,0.009402300000147079,0.006476499999735097,586.58984375,2.0,160,64,64,0,0
ariad,10000,32,0,436,0.0001782707986421883,0.965990625,0.993934375,320000,2560000,2880000,256.0,1556480000,0.00927750000028027,0.006493199999567878,584.70703125,2.0,160,64,64,0,0
ariad,10000,32,0,437,0.00017826544353738427,0.9660125,0.993971875,320000,2560000,2880000,256.0,1556480000,0.011140199999317701,0.0070976999995764345,586.12109375,2.0,160,64,64,0,0
ariad,10000,32,0,438,0.00017826368275564164,0.966025,0.99399375,320000,2560000,2880000,256.0,1556480000,0.009245199999895704,0.006522100000438513,585.70703125,2.0,160,64,64,0,0
ariad,10000,32,0,439,0.00017825931718107313,0.96605,0.994015625,320000,2560000,2880000,256.0,1556480000,0.01005520000035176,0.006629399999837915,586.58984375,2.0,160,64,64,0,0
ariad,10000,32,0,440,0.00017826231487561017,0.966065625,0.994053125,320000,2560000,2880000,256.0,1556480000,0.009431499999664084,0.006488899999567366,585.70703125,2.0,160,64,64,0,0
ariad,10000,32,0,441,0.00017826133989728987,0.966090625,0.9941,320000,2560000,2880000,256.0,1556480000,0.010339999999814609,0.006512599999950908,586.58984375,2.0,160,64,64,0,0
ariad,10000,32,0,442,0.00017826010298449546,0.9661,0.99411875,320000,2560000,2880000,256.0,1556480000,0.009227600000485836,0.006518899999718997,584.70703125,2.0,160,64,64,0,0
ariad,10000,32,0,443,0.0001782558101695031,0.966115625,0.99414375,320000,2560000,2880000,256.0,1556480000,0.009266000000025088,0.006474300000263611,586.12109375,2.0,160,64,64,0,0
ariad,10000,32,0,444,0.0001782579201972112,0.96614375,0.994175,320000,2560000,2880000,256.0,1556480000,0.009226800000760704,0.006482099999630009,585.70703125,2.0,160,64,64,0,0
ariad,10000,32,0,445,0.0001782537583494559,0.96615625,0.99420625,320000,2560000,2880000,256.0,1556480000,0.009418099999493279,0.006476300000031188,586.58984375,2.0,160,64,64,0,0
ariad,10000,32,0,446,0.00017824841779656708,0.966159375,0.9942375,320000,2560000,2880000,256.0,1556480000,0.009346100000584556,0.006652699999904144,585.70703125,2.0,160,64,64,0,0
ariad,10000,32,0,447,0.00017824045789893717,0.966165625,0.99424375,320000,2560000,2880000,256.0,1556480000,0.009288999999625958,0.006523400000332913,586.58984375,2.0,160,64,64,0,0
ariad,10000,32,0,448,0.00017823846428655088,0.966184375,0.994278125,320000,2560000,2880000,256.0,1556480000,0.00944199999958073,0.006704200000058336,584.70703125,2.0,160,64,64,0,0
ariad,10000,32,0,449,0.00017823933740146458,0.966196875,0.99429375,320000,2560000,2880000,256.0,1556480000,0.009331700000075216,0.0066377000002830755,586.12109375,2.0,160,64,64,0,0
ariad,10000,32,0,450,0.00017823443340603262,0.966215625,0.994315625,320000,2560000,2880000,256.0,1556480000,0.009105999999519554,0.006406399999832502,585.70703125,2.0,160,64,64,0,0
ariad,10000,32,0,451,0.00017823470989242196,0.9662375,0.994334375,320000,2560000,2880000,256.0,1556480000,0.009354499999972177,0.0065740999998524785,586.58984375,2.0,160,64,64,0,0
ariad,10000,32,0,452,0.00017822851077653468,0.966240625,0.994334375,320000,2560000,2880000,256.0,1556480000,0.00928939999994327,0.0066321999993306235,585.70703125,2.0,160,64,64,0,0
ariad,10000,32,0,453,0.0001782255421858281,0.96625625,0.994365625,320000,2560000,2880000,256.0,1556480000,0.009203799999340845,0.006477699999777542,586.58984375,2.0,160,64,64,0,0
ariad,10000,32,0,454,0.0001782266772352159,0.966271875,0.99439375,320000,2560000,2880000,256.0,1556480000,0.00948419999986072,0.006721599999764294,584.70703125,2.0,160,64,64,0,0
ariad,10000,32,0,455,0.0001782258041203022,0.966275,0.994425,320000,2560000,2880000,256.0,1556480000,0.009320099999968079,0.006579700000656885,586.12109375,2.0,160,64,64,0,0
ariad,10000,32,0,456,0.00017822379595600069,0.96628125,0.99444375,320000,2560000,2880000,256.0,1556480000,0.009142300000348769,0.006464799999776005,585.70703125,2.0,160,64,64,0,0
ariad,10000,32,0,457,0.00017822155496105552,0.966284375,0.99445625,320000,2560000,2880000,256.0,1556480000,0.009323999999651278,0.006585999999515479,586.58984375,2.0,160,64,64,0,0
ariad,10000,32,0,458,0.00017822065274231136,0.9663,0.994490625,320000,2560000,2880000,256.0,1556480000,0.0091431000000739,0.006472899999607762,585.70703125,2.0,160,64,64,0,0
ariad,10000,32,0,459,0.00017822222434915602,0.966296875,0.99450625,320000,2560000,2880000,256.0,1556480000,0.009102499999244174,0.006393000000571192,586.58984375,2.0,160,64,64,0,0
ariad,10000,32,0,460,0.00017822039080783725,0.966303125,0.9945125,320000,2560000,2880000,256.0,1556480000,0.009344099999907485,0.006639499999437248,584.70703125,2.0,160,64,64,0,0
ariad,10000,32,0,461,0.00017822152585722506,0.966321875,0.994559375,320000,2560000,2880000,256.0,1556480000,0.009294299999965006,0.006605399999898509,586.12109375,2.0,160,64,64,0,0
ariad,10000,32,0,462,0.00017821772780735046,0.9663375,0.9946,320000,2560000,2880000,256.0,1556480000,0.009232299999894167,0.006511800000225776,585.70703125,2.0,160,64,64,0,0
ariad,10000,32,0,463,0.00017821710207499564,0.966353125,0.994590625,320000,2560000,2880000,256.0,1556480000,0.00912160000007134,0.006420700000489887,586.58984375,2.0,160,64,64,0,0
ariad,10000,32,0,464,0.00017821490473579615,0.966359375,0.99461875,320000,2560000,2880000,256.0,1556480000,0.009178899999824353,0.006510000000162108,585.70703125,2.0,160,64,64,0,0
ariad,10000,32,0,465,0.00017821860092226416,0.966359375,0.99465,320000,2560000,2880000,256.0,1556480000,0.009223500000189233,0.006530699999530043,586.58984375,2.0,160,64,64,0,0
ariad,10000,32,0,466,0.00017821643268689513,0.96636875,0.9946625,320000,2560000,2880000,256.0,1556480000,0.009207299999616225,0.006501399999251589,584.70703125,2.0,160,64,64,0,0
ariad,10000,32,0,467,0.00017821167421061546,0.966390625,0.9947,320000,2560000,2880000,256.0,1556480000,0.00924380000014935,0.006525499999952444,586.12109375,2.0,160,64,64,0,0
ariad,10000,32,0,468,0.0001782093313522637,0.966403125,0.99471875,320000,2560000,2880000,256.0,1556480000,0.009180199999718752,0.006460900000092806,585.70703125,2.0,160,64,64,0,0
ariad,10000,32,0,469,0.0001782098552212119,0.9664125,0.9947375,320000,2560000,2880000,256.0,1556480000,0.009471800000028452,0.006713899999340356,586.58984375,2.0,160,64,64,0,0
ariad,10000,32,0,470,0.00017820992798078805,0.96641875,0.994740625,320000,2560000,2880000,256.0,1556480000,0.00917349999963335,0.006460499999775493,585.70703125,2.0,160,64,64,0,0
ariad,10000,32,0,471,0.00017820886569097638,0.966425,0.99475625,320000,2560000,2880000,256.0,1556480000,0.009161099999801081,0.006482200000391458,586.58984375,2.0,160,64,64,0,0
ariad,10000,32,0,472,0.0001782052277121693,0.966440625,0.99476875,320000,2560000,2880000,256.0,1556480000,0.009226899999703164,0.006596400000489666,584.70703125,2.0,160,64,64,0,0
ariad,10000,32,0,473,0.00017821176152210683,0.966440625,0.994796875,320000,2560000,2880000,256.0,1556480000,0.009274699999878067,0.006431200000406534,586.12109375,2.0,160,64,64,0,0
ariad,10000,32,0,474,0.0001782110775820911,0.96645,0.9948125,320000,2560000,2880000,256.0,1556480000,0.009274800000639516,0.006558099999892875,585.70703125,2.0,160,64,64,0,0
ariad,10000,32,0,475,0.00017820669745560735,0.96645625,0.994834375,320000,2560000,2880000,256.0,1556480000,0.009161399999356945,0.006504599999971106,586.58984375,2.0,160,64,64,0,0
ariad,10000,32,0,476,0.00017820681387092918,0.966459375,0.99485,320000,2560000,2880000,256.0,1556480000,0.009102300000449759,0.006420300000172574,585.70703125,2.0,160,64,64,0,0
ariad,10000,32,0,477,0.00017820131324697286,0.966465625,0.994878125,320000,2560000,2880000,256.0,1556480000,0.009514299999864306,0.006754100000762264,586.58984375,2.0,160,64,64,0,0
ariad,10000,32,0,478,0.00017819860659074038,0.966475,0.9949,320000,2560000,2880000,256.0,1556480000,0.00920470000073692,0.006447199999456643,584.70703125,2.0,160,64,64,0,0
ariad,10000,32,0,479,0.00017820208449847996,0.966478125,0.99490625,320000,2560000,2880000,256.0,1556480000,0.00934529999994993,0.006577399999514455,586.12109375,2.0,160,64,64,0,0
ariad,10000,32,0,480,0.00017819859203882515,0.966484375,0.99493125,320000,2560000,2880000,256.0,1556480000,0.009164099999907194,0.006480899999587564,585.70703125,2.0,160,64,64,0,0
ariad,10000,32,0,481,0.00017819709319155663,0.966496875,0.99495625,320000,2560000,2880000,256.0,1556480000,0.00923160000002099,0.006510299999717972,586.58984375,2.0,160,64,64,0,0
ariad,10000,32,0,482,0.00017819060303736478,0.966509375,0.994975,320000,2560000,2880000,256.0,1556480000,0.009223900000506546,0.00653370000054565,585.70703125,2.0,160,64,64,0,0
ariad,10000,32,0,483,0.00017818545165937394,0.966515625,0.99500625,320000,2560000,2880000,256.0,1556480000,0.009147099999609054,0.006447600000683451,586.58984375,2.0,160,64,64,0,0
ariad,10000,32,0,484,0.0001781808095984161,0.966528125,0.995034375,320000,2560000,2880000,256.0,1556480000,0.009210700000039651,0.006454299999859359,584.70703125,2.0,160,64,64,0,0
ariad,10000,32,0,485,0.0001781837927410379,0.96654375,0.9950375,320000,2560000,2880000,256.0,1556480000,0.009328999999524967,0.006538199999340577,586.12109375,2.0,160,64,64,0,0
ariad,10000,32,0,486,0.00017818283231463283,0.966553125,0.995078125,320000,2560000,2880000,256.0,1556480000,0.00912380000045232,0.006410599999981059,585.70703125,2.0,160,64,64,0,0
ariad,10000,32,0,487,0.00017818232299759984,0.966559375,0.995090625,320000,2560000,2880000,256.0,1556480000,0.009154999999736901,0.006462999999712338,586.58984375,2.0,160,64,64,0,0
ariad,10000,32,0,488,0.00017817494517657906,0.96658125,0.995128125,320000,2560000,2880000,256.0,1556480000,0.009127299999818206,0.006442500000048312,585.70703125,2.0,160,64,64,0,0
ariad,10000,32,0,489,0.00017817594925872982,0.9665875,0.995146875,320000,2560000,2880000,256.0,1556480000,0.009517700000287732,0.00648670000009588,586.58984375,2.0,160,64,64,0,0
ariad,10000,32,0,490,0.00017817289335653186,0.966603125,0.995178125,320000,2560000,2880000,256.0,1556480000,0.009165499999653548,0.006477699999777542,584.70703125,2.0,160,64,64,0,0
ariad,10000,32,0,491,0.00017817174375522882,0.9666125,0.99518125,320000,2560000,2880000,256.0,1556480000,0.009202000000186672,0.006529199999931734,586.12109375,2.0,160,64,64,0,0
ariad,10000,32,0,492,0.00017817027401179075,0.96661875,0.995184375,320000,2560000,2880000,256.0,1556480000,0.00938399999995454,0.006502899999759393,585.70703125,2.0,160,64,64,0,0
ariad,10000,32,0,493,0.00017817151092458516,0.966621875,0.9952125,320000,2560000,2880000,256.0,1556480000,0.009297799999330891,0.006583700000192039,586.58984375,2.0,160,64,64,0,0
ariad,10000,32,0,494,0.00017817437765188515,0.966625,0.995253125,320000,2560000,2880000,256.0,1556480000,0.010289900000316266,0.006824900000538037,585.70703125,2.0,160,64,64,0,0
ariad,10000,32,0,495,0.00017817331536207348,0.966646875,0.995303125,320000,2560000,2880000,256.0,1556480000,0.009161699999822304,0.006487399999969057,586.58984375,2.0,160,64,64,0,0
ariad,10000,32,0,496,0.00017817251500673592,0.966671875,0.995346875,320000,2560000,2880000,256.0,1556480000,0.009176599999591417,0.006530400000883674,584.70703125,2.0,160,64,64,0,0
ariad,10000,32,0,497,0.0001781693717930466,0.966703125,0.99538125,320000,2560000,2880000,256.0,1556480000,0.010070799999994051,0.007384900000033667,586.12109375,2.0,160,64,64,0,0
ariad,10000,32,0,498,0.000178168251295574,0.966728125,0.9954125,320000,2560000,2880000,256.0,1556480000,0.00919179999982589,0.006466700000601122,585.70703125,2.0,160,64,64,0,0
ariad,10000,32,0,499,0.00017816606850828975,0.96675,0.995421875,320000,2560000,2880000,256.0,1556480000,0.009265100000448001,0.0065363999992769095,586.58984375,2.0,160,64,64,0,0
ariad,10000,32,0,500,0.00017816422041505575,0.966759375,0.995421875,320000,2560000,2880000,256.0,1556480000,0.009382799999912095,0.00645280000026105,585.70703125,2.0,160,64,64,0,0
ariad,10000,32,0,1,0.20778338611125946,0.02458125,0.04234375,320000,4800000,5120000,480.0,1843200000,0.022078399999372778,0.019284199999674456,1050.640625,4.0,320,128,128,0,0
ariad,10000,32,0,2,0.18731628358364105,0.05293125,0.183975,320000,4800000,5120000,480.0,1843200000,0.013363699999899836,0.010472299999491952,1057.46484375,4.0,320,128,128,0,0
ariad,10000,32,0,3,0.16913200914859772,0.079965625,0.41951875,320000,4800000,5120000,480.0,1843200000,0.013335399999959918,0.010504900000341877,1057.46484375,4.0,320,128,128,0,0
ariad,10000,32,0,4,0.15470604598522186,0.095396875,0.618096875,320000,4800000,5120000,480.0,1843200000,0.013431299999865587,0.010610399999677611,1057.85546875,4.0,320,128,128,0,0
ariad,10000,32,0,5,0.14482790231704712,0.096128125,0.72028125,320000,4800000,5120000,480.0,1843200000,0.013527099999919301,0.01055279999945924,1057.46484375,4.0,320,128,128,0,0
ariad,10000,32,0,6,0.13825564086437225,0.090325,0.767975,320000,4800000,5120000,480.0,1843200000,0.013643199999933131,0.0106445999999778,1057.46484375,4.0,320,128,128,0,0
ariad,10000,32,0,7,0.1336844563484192,0.082209375,0.79361875,320000,4800000,5120000,480.0,1843200000,0.013544700000238663,0.010535000000345462,1057.61328125,4.0,320,128,128,0,0
ariad,10000,32,0,8,0.1302335560321808,0.074625,0.81153125,320000,4800000,5120000,480.0,1843200000,0.013569199999437842,0.010475799999767332,1057.61328125,4.0,320,128,128,0,0
ariad,10000,32,0,9,0.12742695212364197,0.068040625,0.82689375,320000,4800000,5120000,480.0,1843200000,0.013507700000445766,0.010414299999865761,1057.61328125,4.0,320,128,128,0,0
ariad,10000,32,0,10,0.12504012882709503,0.06265,0.84060625,320000,4800000,5120000,480.0,1843200000,0.014267999999901804,0.010996699999850534,1058.00390625,4.0,320,128,128,0,0
ariad,10000,32,0,11,0.12284878641366959,0.058228125,0.851753125,320000,4800000,5120000,480.0,1843200000,0.015491999999539985,0.010436700000354904,1058.1796875,4.0,320,128,128,0,0
ariad,10000,32,0,12,0.12095577269792557,0.05489375,0.861340625,320000,4800000,5120000,480.0,1843200000,0.013843299999280134,0.010661199999958626,1057.61328125,4.0,320,128,128,0,0
ariad,10000,32,0,13,0.1193261444568634,0.0524875,0.870478125,320000,4800000,5120000,480.0,1843200000,0.013653900000463182,0.010507400000278722,1057.61328125,4.0,320,128,128,0,0
ariad,10000,32,0,14,0.11792401969432831,0.050684375,0.877528125,320000,4800000,5120000,480.0,1843200000,0.013611600000331237,0.01045960000010382,1057.61328125,4.0,320,128,128,0,0
ariad,10000,32,0,15,0.1167350560426712,0.049515625,0.883559375,320000,4800000,5120000,480.0,1843200000,0.01374000000032538,0.010530699999435456,1057.61328125,4.0,320,128,128,0,0
ariad,10000,32,0,16,0.11567738652229309,0.04841875,0.88953125,320000,4800000,5120000,480.0,1843200000,0.013895299999603594,0.010578399999758403,1057.61328125,4.0,320,128,128,0,0
ariad,10000,32,0,17,0.11475663632154465,0.047946875,0.8952125,320000,4800000,5120000,480.0,1843200000,0.014193299999533338,0.01061180000033346,1057.61328125,4.0,320,128,128,0,0
ariad,10000,32,0,18,0.11398400366306305,0.04771875,0.89994375,320000,4800000,5120000,480.0,1843200000,0.013830000000780274,0.010564299999714422,1058.00390625,4.0,320,128,128,0,0
ariad,10000,32,0,19,0.11331214010715485,0.047725,0.904215625,320000,4800000,5120000,480.0,1843200000,0.01383590000023105,0.0104631000003792,1058.1796875,4.0,320,128,128,0,0
ariad,10000,32,0,20,0.11270587146282196,0.048040625,0.908078125,320000,4800000,5120000,480.0,1843200000,0.013974100000268663,0.010592499999802385,1057.61328125,4.0,320,128,128,0,0
ariad,10000,32,0,21,0.11217281222343445,0.04858125,0.91109375,320000,4800000,5120000,480.0,1843200000,0.013960899999801768,0.010408999999526714,1057.61328125,4.0,320,128,128,0,0
ariad,10000,32,0,22,0.11169794946908951,0.0492125,0.9139375,320000,4800000,5120000,480.0,1843200000,0.014014200000019628,0.010562400000708294,1057.61328125,4.0,320,128,128,0,0
ariad,10000,32,0,23,0.11127801239490509,0.050140625,0.916015625,320000,4800000,5120000,480.0,1843200000,0.015935299999910058,0.0123647999998866,1057.61328125,4.0,320,128,128,0,0
ariad,10000,32,0,24,0.11088484525680542,0.0512125,0.918265625,320000,4800000,5120000,480.0,1843200000,0.01403310000023339,0.010558300000411691,1057.61328125,4.0,320,128,128,0,0
ariad,10000,32,0,25,0.11052224040031433,0.05253125,0.9193375,320000,4800000,5120000,480.0,1843200000,0.014016900000569876,0.010498000000552565,1057.61328125,4.0,320,128,128,0,0
ariad,10000,32,0,26,0.11017926782369614,0.054271875,0.919625,320000,4800000,5120000,480.0,1843200000,0.013952899999821966,0.01047870000002149,1058.00390625,4.0,320,128,128,0,0
ariad,10000,32,0,27,0.10986422002315521,0.056078125,0.919990625,320000,4800000,5120000,480.0,1843200000,0.013896999999815307,0.010392899999715155,1058.1796875,4.0,320,128,128,0,0
ariad,10000,32,0,28,0.1095506101846695,0.058053125,0.9202125,320000,4800000,5120000,480.0,1843200000,0.013999799999510287,0.010489399999642046,1057.61328125,4.0,320,128,128,0,0
ariad,10000,32,0,29,0.10927209258079529,0.060415625,0.919828125,320000,4800000,5120000,480.0,1843200000,0.01389850000032311,0.010424099999909231,1057.61328125,4.0,320,128,128,0,0
ariad,10000,32,0,30,0.10900679975748062,0.06305,0.919665625,320000,4800000,5120000,480.0,1843200000,0.013993300000038289,0.010461599999871396,1057.61328125,4.0,320,128,128,0,0
ariad,10000,32,0,31,0.10872260481119156,0.06588125,0.91834375,320000,4800000,5120000,480.0,1843200000,0.013877299999876413,0.010399400000096648,1057.61328125,4.0,320,128,128,0,0
ariad,10000,32,0,32,0.10846146941184998,0.069,0.917584375,320000,4800000,5120000,480.0,1843200000,0.014002400000208581,0.010487400000783964,1057.61328125,4.0,320,128,128,0,0
ariad,10000,32,0,33,0.10821669548749924,0.0725875,0.915946875,320000,4800000,5120000,480.0,1843200000,0.014008799999828625,0.010493800000404008,1057.61328125,4.0,320,128,128,0,0
ariad,10000,32,0,34,0.10795867443084717,0.0765875,0.913953125,320000,4800000,5120000,480.0,1843200000,0.01396759999988717,0.01052350000009028,1058.00390625,4.0,320,128,128,0,0
ariad,10000,32,0,35,0.10771571099758148,0.081109375,0.91251875,320000,4800000,5120000,480.0,1843200000,0.014287799999692652,0.010644999999385618,1058.1796875,4.0,320,128,128,0,0
ariad,10000,32,0,36,0.10743895918130875,0.0862,0.910384375,320000,4800000,5120000,480.0,1843200000,0.014123400000244146,0.01061440000012226,1057.61328125,4.0,320,128,128,0,0
ariad,10000,32,0,37,0.10715854167938232,0.0919,0.908275,320000,4800000,5120000,480.0,1843200000,0.013916400000198337,0.01051629999983561,1057.61328125,4.0,320,128,128,0,0
ariad,10000,32,0,38,0.10684376955032349,0.098421875,0.9057625,320000,4800000,5120000,480.0,1843200000,0.01395680000041466,0.010549300000093353,1057.61328125,4.0,320,128,128,0,0
ariad,10000,32,0,39,0.10652022063732147,0.105759375,0.902696875,320000,4800000,5120000,480.0,1843200000,0.013941600000180188,0.010521300000618794,1057.61328125,4.0,320,128,128,0,0
ariad,10000,32,0,40,0.10617274791002274,0.113946875,0.899484375,320000,4800000,5120000,480.0,1843200000,0.013829499999701511,0.010512099999687052,1057.61328125,4.0,320,128,128,0,0
ariad,10000,32,0,41,0.10576673597097397,0.12325625,0.89616875,320000,4800000,5120000,480.0,1843200000,0.013875100000404927,0.01051019999977143,1057.61328125,4.0,320,128,128,0,0
ariad,10000,32,0,42,0.10531582683324814,0.134046875,0.89169375,320000,4800000,5120000,480.0,1843200000,0.01380570000037551,0.010551700000178243,1058.00390625,4.0,320,128,128,0,0
ariad,10000,32,0,43,0.10478095710277557,0.14605625,0.88748125,320000,4800000,5120000,480.0,1843200000,0.013806199999635282,0.010601300000416813,1058.1796875,4.0,320,128,128,0,0
ariad,10000,32,0,44,0.10418722778558731,0.160146875,0.883246875,320000,4800000,5120000,480.0,1843200000,0.013657500000590517,0.010509600000659702,1057.61328125,4.0,320,128,128,0,0
ariad,10000,32,0,45,0.10350607335567474,0.1762125,0.87879375,320000,4800000,5120000,480.0,1843200000,0.01358410000011645,0.010430600000290724,1057.61328125,4.0,320,128,128,0,0
ariad,10000,32,0,46,0.1026933342218399,0.194696875,0.87514375,320000,4800000,5120000,480.0,1843200000,0.013535300000512507,0.010407199999463046,1057.61328125,4.0,320,128,128,0,0
ariad,10000,32,0,47,0.10172251611948013,0.215715625,0.87110625,320000,4800000,5120000,480.0,1843200000,0.014111200000115787,0.010943000000224856,1057.61328125,4.0,320,128,128,0,0
ariad,10000,32,0,48,0.10055628418922424,0.23995,0.867865625,320000,4800000,5120000,480.0,1843200000,0.013452700000016193,0.01041449999956967,1057.61328125,4.0,320,128,128,0,0
ariad,10000,32,0,49,0.09919867664575577,0.266428125,0.86525625,320000,4800000,5120000,480.0,1843200000,0.013577600000644452,0.010566400000243448,1057.61328125,4.0,320,128,128,0,0
ariad,10000,32,0,50,0.09763000905513763,0.29568125,0.864475,320000,4800000,5120000,480.0,1843200000,0.013461600000482576,0.01053330000013375,1058.00390625,4.0,320,128,128,0,0
ariad,10000,32,0,51,0.09581202268600464,0.3271125,0.8649,320000,4800000,5120000,480.0,1843200000,0.013351399999919522,0.010480099999767845,1058.1796875,4.0,320,128,128,0,0
ariad,10000,32,0,52,0.09372788667678833,0.360084375,0.867621875,320000,4800000,5120000,480.0,1843200000,0.013430799999696319,0.010361100000409351,1057.61328125,4.0,320,128,128,0,0
ariad,10000,32,0,53,0.09135676920413971,0.393215625,0.8712375,320000,4800000,5120000,480.0,1843200000,0.01722790000076202,0.014267499999732536,1057.61328125,4.0,320,128,128,0,0
ariad,10000,32,0,54,0.08873670548200607,0.4248375,0.87705625,320000,4800000,5120000,480.0,1843200000,0.01326359999984561,0.010425000000395812,1057.61328125,4.0,320,128,128,0,0
ariad,10000,32,0,55,0.08586128056049347,0.454853125,0.88338125,320000,4800000,5120000,480.0,1843200000,0.013563800000156334,0.010370899999543326,1057.61328125,4.0,320,128,128,0,0
ariad,10000,32,0,56,0.08274130523204803,0.48176875,0.88985625,320000,4800000,5120000,480.0,1843200000,0.013487700000041514,0.010539900000367197,1057.61328125,4.0,320,128,128,0,0
ariad,10000,32,0,57,0.07941852509975433,0.505340625,0.8948125,320000,4800000,5120000,480.0,1843200000,0.013332900000023074,0.010494199999811826,1057.61328125,4.0,320,128,128,0,0
ariad,10000,32,0,58,0.07588569074869156,0.526103125,0.899321875,320000,4800000,5120000,480.0,1843200000,0.013149600000360806,0.010350300000027346,1058.00390625,4.0,320,128,128,0,0
ariad,10000,32,0,59,0.07215964794158936,0.5443375,0.90335,320000,4800000,5120000,480.0,1843200000,0.013630999999804772,0.010739299999841023,1058.1796875,4.0,320,128,128,0,0
ariad,10000,32,0,60,0.06828204542398453,0.5599125,0.906596875,320000,4800000,5120000,480.0,1843200000,0.013301099999807775,0.010509700000511657,1057.61328125,4.0,320,128,128,0,0
ariad,10000,32,0,61,0.06430310010910034,0.574134375,0.909065625,320000,4800000,5120000,480.0,1843200000,0.013187999999900057,0.010443199999826902,1057.61328125,4.0,320,128,128,0,0
ariad,10000,32,0,62,0.06030866503715515,0.5871375,0.911625,320000,4800000,5120000,480.0,1843200000,0.013104999999995925,0.010378599999967264,1057.61328125,4.0,320,128,128,0,0
ariad,10000,32,0,63,0.05640266090631485,0.598215625,0.9136,320000,4800000,5120000,480.0,1843200000,0.01322840000011638,0.010517900000195368,1057.61328125,4.0,320,128,128,0,0
ariad,10000,32,0,64,0.052636388689279556,0.608446875,0.915071875,320000,4800000,5120000,480.0,1843200000,0.01319939999939379,0.010443299999678857,1057.61328125,4.0,320,128,128,0,0
ariad,10000,32,0,65,0.049049124121665955,0.61825625,0.91544375,320000,4800000,5120000,480.0,1843200000,0.01324549999935698,0.010496900000362075,1057.61328125,4.0,320,128,128,0,0
ariad,10000,32,0,66,0.04563300311565399,0.62744375,0.915946875,320000,4800000,5120000,480.0,1843200000,0.013070399999378424,0.010328000000299653,1058.00390625,4.0,320,128,128,0,0
ariad,10000,32,0,67,0.0423794649541378,0.636571875,0.91575,320000,4800000,5120000,480.0,1843200000,0.01311710000027233,0.010424000000057276,1058.1796875,4.0,320,128,128,0,0
ariad,10000,32,0,68,0.03929200768470764,0.645275,0.914578125,320000,4800000,5120000,480.0,1843200000,0.013629399999445013,0.010942700000668992,1057.61328125,4.0,320,128,128,0,0
ariad,10000,32,0,69,0.036397550255060196,0.654125,0.91439375,320000,4800000,5120000,480.0,1843200000,0.013180599999941478,0.01046169999972335,1057.61328125,4.0,320,128,128,0,0
ariad,10000,32,0,70,0.033728137612342834,0.6628,0.913821875,320000,4800000,5120000,480.0,1843200000,0.013197900000704976,0.010424600000078499,1057.61328125,4.0,320,128,128,0,0
ariad,10000,32,0,71,0.03131411224603653,0.671371875,0.91219375,320000,4800000,5120000,480.0,1843200000,0.01354059999994206,0.010687800000596326,1057.61328125,4.0,320,128,128,0,0
ariad,10000,32,0,72,0.02916874922811985,0.679978125,0.911834375,320000,4800000,5120000,480.0,1843200000,0.013197899999795482,0.010463699999490927,1057.61328125,4.0,320,128,128,0,0
ariad,10000,32,0,73,0.02726549282670021,0.688559375,0.912059375,320000,4800000,5120000,480.0,1843200000,0.013184700000238081,0.010462199999892619,1057.61328125,4.0,320,128,128,0,0
ariad,10000,32,0,74,0.025548167526721954,0.696746875,0.912546875,320000,4800000,5120000,480.0,1843200000,0.013268300000163435,0.010514599999623897,1058.00390625,4.0,320,128,128,0,0
ariad,10000,32,0,75,0.02395777590572834,0.705115625,0.912653125,320000,4800000,5120000,480.0,1843200000,0.013092799999867566,0.010347599999477097,1058.1796875,4.0,320,128,128,0,0
ariad,10000,32,0,76,0.022478803992271423,0.713565625,0.9137625,320000,4800000,5120000,480.0,1843200000,0.01304580000032729,0.010371200000008685,1057.61328125,4.0,320,128,128,0,0
ariad,10000,32,0,77,0.021083233878016472,0.72156875,0.91425,320000,4800000,5120000,480.0,1843200000,0.013270600000396371,0.010496400000192807,1057.61328125,4.0,320,128,128,0,0
ariad,10000,32,0,78,0.019763262942433357,0.729934375,0.91460625,320000,4800000,5120000,480.0,1843200000,0.013162799999918207,0.010417600000437233,1057.61328125,4.0,320,128,128,0,0
ariad,10000,32,0,79,0.018513135612010956,0.737975,0.915128125,320000,4800000,5120000,480.0,1843200000,0.013162700000066252,0.010457400000632333,1057.61328125,4.0,320,128,128,0,0
ariad,10000,32,0,80,0.01732756569981575,0.745725,0.91525,320000,4800000,5120000,480.0,1843200000,0.013124000000061642,0.01046189999942726,1057.61328125,4.0,320,128,128,0,0
ariad,10000,32,0,81,0.01619451306760311,0.753615625,0.916021875,320000,4800000,5120000,480.0,1843200000,0.013196899999456946,0.010479600000508071,1057.61328125,4.0,320,128,128,0,0
ariad,10000,32,0,82,0.015102977864444256,0.761503125,0.916925,320000,4800000,5120000,480.0,1843200000,0.013108199999805947,0.01042290000077628,1058.00390625,4.0,320,128,128,0,0
ariad,10000,32,0,83,0.014050655998289585,0.768959375,0.918125,320000,4800000,5120000,480.0,1843200000,0.013291699999172124,0.010406899999907182,1058.1796875,4.0,320,128,128,0,0
ariad,10000,32,0,84,0.013048290275037289,0.77626875,0.91905,320000,4800000,5120000,480.0,1843200000,0.013253400000394322,0.010525099999540544,1057.61328125,4.0,320,128,128,0,0
ariad,10000,32,0,85,0.01210938673466444,0.782884375,0.92019375,320000,4800000,5120000,480.0,1843200000,0.013265600000522682,0.010573700000350073,1057.61328125,4.0,320,128,128,0,0
ariad,10000,32,0,86,0.011239820159971714,0.78995,0.92155,320000,4800000,5120000,480.0,1843200000,0.013115300000208663,0.010402500000054715,1057.61328125,4.0,320,128,128,0,0
ariad,10000,32,0,87,0.01043738890439272,0.79681875,0.922728125,320000,4800000,5120000,480.0,1843200000,0.01362169999993057,0.010556900000665337,1057.61328125,4.0,320,128,128,0,0
ariad,10000,32,0,88,0.009691555984318256,0.803409375,0.924265625,320000,4800000,5120000,480.0,1843200000,0.013208899999881396,0.010484299999916402,1057.61328125,4.0,320,128,128,0,0
ariad,10000,32,0,89,0.008992590010166168,0.81015625,0.92565,320000,4800000,5120000,480.0,1843200000,0.015854899999794725,0.01055369999994582,1057.61328125,4.0,320,128,128,0,0
ariad,10000,32,0,90,0.008335264399647713,0.816471875,0.926846875,320000,4800000,5120000,480.0,1843200000,0.013151900000593741,0.010398999999779335,1058.00390625,4.0,320,128,128,0,0
ariad,10000,32,0,91,0.00772135891020298,0.822671875,0.927465625,320000,4800000,5120000,480.0,1843200000,0.013503099999979895,0.010382799999206327,1058.1796875,4.0,320,128,128,0,0
ariad,10000,32,0,92,0.007152152713388205,0.8294375,0.928746875,320000,4800000,5120000,480.0,1843200000,0.013135899999724643,0.010419199999887496,1057.61328125,4.0,320,128,128,0,0
ariad,10000,32,0,93,0.006625260692089796,0.8357625,0.929646875,320000,4800000,5120000,480.0,1843200000,0.014293600000200968,0.010439199999382254,1057.61328125,4.0,320,128,128,0,0
ariad,10000,32,0,94,0.006136193871498108,0.8424125,0.930946875,320000,4800000,5120000,480.0,1843200000,0.013076799999907962,0.010381300000517513,1057.61328125,4.0,320,128,128,0,0
ariad,10000,32,0,95,0.0056830826215445995,0.848575,0.932215625,320000,4800000,5120000,480.0,1843200000,0.013339900000573834,0.010499799999706738,1057.61328125,4.0,320,128,128,0,0
ariad,10000,32,0,96,0.005266841035336256,0.8548625,0.93338125,320000,4800000,5120000,480.0,1843200000,0.013122999999723106,0.01036500000009255,1057.61328125,4.0,320,128,128,0,0
ariad,10000,32,0,97,0.004888721276074648,0.860475,0.934728125,320000,4800000,5120000,480.0,1843200000,0.014597600000342936,0.011880699999892386,1057.61328125,4.0,320,128,128,0,0
ariad,10000,32,0,98,0.00454619899392128,0.8659875,0.936,320000,4800000,5120000,480.0,1843200000,0.013274899999487388,0.010577300000477408,1058.00390625,4.0,320,128,128,0,0
ariad,10000,32,0,99,0.004236479289829731,0.8708875,0.93706875,320000,4800000,5120000,480.0,1843200000,0.013582799999312556,0.01087939999979426,1058.1796875,4.0,320,128,128,0,0
ariad,10000,32,0,100,0.003956877160817385,0.875265625,0.93835,320000,4800000,5120000,480.0,1843200000,0.013107199999467412,0.010442900000271038,1057.61328125,4.0,320,128,128,0,0
ariad,10000,32,0,101,0.0037055800203233957,0.87903125,0.94028125,320000,4800000,5120000,480.0,1843200000,0.01376909999999043,0.010535000000345462,1057.61328125,4.0,320,128,128,0,0
ariad,10000,32,0,102,0.0034803689923137426,0.88245,0.94190625,320000,4800000,5120000,480.0,1843200000,0.013169299999390205,0.01044629999978497,1057.61328125,4.0,320,128,128,0,0
ariad,10000,32,0,103,0.0032755506690591574,0.885653125,0.94385,320000,4800000,5120000,480.0,1843200000,0.013266299999486364,0.010469699999703153,1057.61328125,4.0,320,128,128,0,0
ariad,10000,32,0,104,0.003084152238443494,0.888284375,0.945109375,320000,4800000,5120000,480.0,1843200000,0.013079999999717984,0.010368099999141123,1057.61328125,4.0,320,128,128,0,0
ariad,10000,32,0,105,0.002899251179769635,0.890909375,0.946821875,320000,4800000,5120000,480.0,1843200000,0.013146100000085426,0.010445500000059837,1057.61328125,4.0,320,128,128,0,0
ariad,10000,32,0,106,0.0027158595621585846,0.893134375,0.9484125,320000,4800000,5120000,480.0,1843200000,0.013097799999741255,0.010444900000038615,1058.00390625,4.0,320,128,128,0,0
ariad,10000,32,0,107,0.002531652105972171,0.89533125,0.950496875,320000,4800000,5120000,480.0,1843200000,0.013174300000173389,0.010436999999910768,1058.1796875,4.0,320,128,128,0,0
ariad,10000,32,0,108,0.002346691209822893,0.897925,0.951709375,320000,4800000,5120000,480.0,1843200000,0.013215900000432157,0.010503800000151386,1057.61328125,4.0,320,128,128,0,0
ariad,10000,32,0,109,0.002162880264222622,0.900534375,0.95295625,320000,4800000,5120000,480.0,1843200000,0.013203299999986484,0.010496700000658166,1057.61328125,4.0,320,128,128,0,0
ariad,10000,32,0,110,0.0019820425659418106,0.903296875,0.95466875,320000,4800000,5120000,480.0,1843200000,0.013095399999656365,0.010386500000095111,1057.61328125,4.0,320,128,128,0,0
ariad,10000,32,0,111,0.0018051982624456286,0.906575,0.955790625,320000,4800000,5120000,480.0,1843200000,0.013458600000376464,0.01045960000010382,1057.61328125,4.0,320,128,128,0,0
ariad,10000,32,0,112,0.0016329489881172776,0.91025625,0.956996875,320000,4800000,5120000,480.0,1843200000,0.01329139999961626,0.010559099999227328,1057.61328125,4.0,320,128,128,0,0
ariad,10000,32,0,113,0.001467102556489408,0.914165625,0.95756875,320000,4800000,5120000,480.0,1843200000,0.01321529999950144,0.0104338999999527,1057.61328125,4.0,320,128,128,0,0
ariad,10000,32,0,114,0.0013114934554323554,0.9184875,0.9583875,320000,4800000,5120000,480.0,1843200000,0.013208399999712128,0.010428900000079011,1058.00390625,4.0,320,128,128,0,0
ariad,10000,32,0,115,0.0011706302175298333,0.922709375,0.9588125,320000,4800000,5120000,480.0,1843200000,0.013102199999593722,0.01040499999999156,1058.1796875,4.0,320,128,128,0,0
ariad,10000,32,0,116,0.0010491650318726897,0.926840625,0.958703125,320000,4800000,5120000,480.0,1843200000,0.013191399999413989,0.01039429999946151,1057.61328125,4.0,320,128,128,0,0
ariad,10000,32,0,117,0.0009495006524957716,0.930975,0.95905,320000,4800000,5120000,480.0,1843200000,0.013513800000509946,0.010522800000217103,1057.61328125,4.0,320,128,128,0,0
ariad,10000,32,0,118,0.0008715206640772521,0.934765625,0.959215625,320000,4800000,5120000,480.0,1843200000,0.013244999999187712,0.0104933999991772,1057.61328125,4.0,320,128,128,0,0
ariad,10000,32,0,119,0.0008117090910673141,0.937828125,0.959559375,320000,4800000,5120000,480.0,1843200000,0.01350410000031843,0.010444399999869347,1057.61328125,4.0,320,128,128,0,0
ariad,10000,32,0,120,0.0007653961074538529,0.9403375,0.9601125,320000,4800000,5120000,480.0,1843200000,0.013217599999734375,0.010477099999661732,1057.61328125,4.0,320,128,128,0,0
ariad,10000,32,0,121,0.0007273175287991762,0.941728125,0.960953125,320000,4800000,5120000,480.0,1843200000,0.013159900000573543,0.010458299999299925,1057.61328125,4.0,320,128,128,0,0
ariad,10000,32,0,122,0.0006934484117664397,0.94286875,0.96186875,320000,4800000,5120000,480.0,1843200000,0.013057500000286382,0.010359699999753502,1058.00390625,4.0,320,128,128,0,0
ariad,10000,32,0,123,0.000661309517454356,0.943559375,0.9632125,320000,4800000,5120000,480.0,1843200000,0.013142900000275404,0.010469499999999243,1058.1796875,4.0,320,128,128,0,0
ariad,10000,32,0,124,0.0006294799386523664,0.94393125,0.964378125,320000,4800000,5120000,480.0,1843200000,0.013626599999952305,0.010505799999918963,1057.61328125,4.0,320,128,128,0,0
ariad,10000,32,0,125,0.000597379868850112,0.944146875,0.9655125,320000,4800000,5120000,480.0,1843200000,0.013109499999700347,0.010374099999353348,1057.61328125,4.0,320,128,128,0,0
ariad,10000,32,0,126,0.0005649779923260212,0.9446875,0.96640625,320000,4800000,5120000,480.0,1843200000,0.013287099999615748,0.010510400000384834,1057.61328125,4.0,320,128,128,0,0
ariad,10000,32,0,127,0.0005326758255250752,0.945140625,0.96716875,320000,4800000,5120000,480.0,1843200000,0.014303900000413705,0.010639199999786797,1057.61328125,4.0,320,128,128,0,0
ariad,10000,32,0,128,0.0005011316970922053,0.94581875,0.9679625,320000,4800000,5120000,480.0,1843200000,0.01320410000062111,0.010494900000594498,1057.61328125,4.0,320,128,128,0,0
ariad,10000,32,0,129,0.00047100026858970523,0.94680625,0.968725,320000,4800000,5120000,480.0,1843200000,0.013125400000717491,0.010414900000796479,1057.61328125,4.0,320,128,128,0,0
ariad,10000,32,0,130,0.000442668329924345,0.947765625,0.969621875,320000,4800000,5120000,480.0,1843200000,0.01309179999952903,0.010414899999886984,1058.00390625,4.0,320,128,128,0,0
ariad,10000,32,0,131,0.00041629321640357375,0.9488125,0.970328125,320000,4800000,5120000,480.0,1843200000,0.013668100000359118,0.01084270000046672,1058.1796875,4.0,320,128,128,0,0
ariad,10000,32,0,132,0.00039215688593685627,0.95008125,0.971125,320000,4800000,5120000,480.0,1843200000,0.013078800000585034,0.010361999999986438,1057.61328125,4.0,320,128,128,0,0
ariad,10000,32,0,133,0.0003703261318150908,0.951146875,0.971890625,320000,4800000,5120000,480.0,1843200000,0.013266099999782455,0.010548300000664312,1057.61328125,4.0,320,128,128,0,0
ariad,10000,32,0,134,0.00035080366069450974,0.95224375,0.9726875,320000,4800000,5120000,480.0,1843200000,0.013164799999685783,0.01033259999985603,1057.61328125,4.0,320,128,128,0,0
ariad,10000,32,0,135,0.0003335164219606668,0.953203125,0.97340625,320000,4800000,5120000,480.0,1843200000,0.013287200000377197,0.010577000000012049,1057.61328125,4.0,320,128,128,0,0
ariad,10000,32,0,136,0.0003182915970683098,0.95389375,0.973575,320000,4800000,5120000,480.0,1843200000,0.013182700000470504,0.010472999999365129,1057.61328125,4.0,320,128,128,0,0
ariad,10000,32,0,137,0.0003049334336537868,0.954528125,0.9743125,320000,4800000,5120000,480.0,1843200000,0.01317170000038459,0.010467199999766308,1057.61328125,4.0,320,128,128,0,0
ariad,10000,32,0,138,0.00029318875749595463,0.95490625,0.97483125,320000,4800000,5120000,480.0,1843200000,0.013146499999493244,0.010459300000547955,1058.00390625,4.0,320,128,128,0,0
ariad,10000,32,0,139,0.0002827876596711576,0.9555,0.97530625,320000,4800000,5120000,480.0,1843200000,0.013093100000332925,0.0103940999997576,1058.1796875,4.0,320,128,128,0,0
ariad,10000,32,0,140,0.00027357894578017294,0.956028125,0.975984375,320000,4800000,5120000,480.0,1843200000,0.013150900000255206,0.01043149999986781,1057.61328125,4.0,320,128,128,0,0
ariad,10000,32,0,141,0.00026518802042119205,0.956425,0.97650625,320000,4800000,5120000,480.0,1843200000,0.013261800000691437,0.01059869999971852,1057.61328125,4.0,320,128,128,0,0
ariad,10000,32,0,142,0.0002575100224930793,0.95688125,0.977115625,320000,4800000,5120000,480.0,1843200000,0.013135199999851466,0.01039870000022347,1057.61328125,4.0,320,128,128,0,0
ariad,10000,32,0,143,0.0002504480362404138,0.957140625,0.977621875,320000,4800000,5120000,480.0,1843200000,0.013027199999669392,0.010300400000232912,1057.61328125,4.0,320,128,128,0,0
ariad,10000,32,0,144,0.00024389688041992486,0.957484375,0.97788125,320000,4800000,5120000,480.0,1843200000,0.013459799999509414,0.010628500000166241,1057.61328125,4.0,320,128,128,0,0
ariad,10000,32,0,145,0.00023783759388606995,0.957796875,0.97826875,320000,4800000,5120000,480.0,1843200000,0.013265300000057323,0.010578299999906449,1057.61328125,4.0,320,128,128,0,0
ariad,10000,32,0,146,0.00023227930068969727,0.958003125,0.97879375,320000,4800000,5120000,480.0,1843200000,0.013091200000417302,0.010409400000753521,1058.00390625,4.0,320,128,128,0,0
ariad,10000,32,0,147,0.0002271834819111973,0.958253125,0.979075,320000,4800000,5120000,480.0,1843200000,0.01308340000014141,0.010384799999883398,1058.1796875,4.0,320,128,128,0,0
ariad,10000,32,0,148,0.00022244379215408117,0.958446875,0.9794125,320000,4800000,5120000,480.0,1843200000,0.013163600000552833,0.010441200000059325,1057.61328125,4.0,320,128,128,0,0
ariad,10000,32,0,149,0.00021813303465023637,0.958721875,0.97976875,320000,4800000,5120000,480.0,1843200000,0.013165900000785768,0.010436399999889545,1057.61328125,4.0,320,128,128,0,0
ariad,10000,32,0,150,0.00021411706984508783,0.959028125,0.98018125,320000,4800000,5120000,480.0,1843200000,0.013401100000010047,0.010689800000363903,1057.61328125,4.0,320,128,128,0,0
ariad,10000,32,0,151,0.00021040758292656392,0.959409375,0.9805125,320000,4800000,5120000,480.0,1843200000,0.013236200000392273,0.010437099999762722,1057.61328125,4.0,320,128,128,0,0
ariad,10000,32,0,152,0.0002070844784611836,0.959690625,0.980834375,320000,4800000,5120000,480.0,1843200000,0.013216800000009243,0.010501300000214542,1057.61328125,4.0,320,128,128,0,0
ariad,10000,32,0,153,0.00020405412942636758,0.960115625,0.981165625,320000,4800000,5120000,480.0,1843200000,0.013086099999782164,0.010382299999946554,1057.61328125,4.0,320,128,128,0,0
ariad,10000,32,0,154,0.00020136985403951257,0.9603625,0.9813875,320000,4800000,5120000,480.0,1843200000,0.013068899999780115,0.010408000000097672,1058.00390625,4.0,320,128,128,0,0
ariad,10000,32,0,155,0.0001989957527257502,0.960571875,0.981871875,320000,4800000,5120000,480.0,1843200000,0.013354099999560276,0.010574900000392518,1058.1796875,4.0,320,128,128,0,0
ariad,10000,32,0,156,0.00019684911239892244,0.96068125,0.982084375,320000,4800000,5120000,480.0,1843200000,0.013478500000019267,0.010633100000632112,1057.61328125,4.0,320,128,128,0,0
ariad,10000,32,0,157,0.00019495649030432105,0.960834375,0.982428125,320000,4800000,5120000,480.0,1843200000,0.013153200000488141,0.010453700000653043,1057.61328125,4.0,320,128,128,0,0
ariad,10000,32,0,158,0.00019323793821968138,0.961015625,0.982715625,320000,4800000,5120000,480.0,1843200000,0.013042800000221177,0.010309100000085891,1057.61328125,4.0,320,128,128,0,0
ariad,10000,32,0,159,0.00019172290922142565,0.9612,0.983090625,320000,4800000,5120000,480.0,1843200000,0.013069300000097428,0.010388599999714643,1057.61328125,4.0,320,128,128,0,0
ariad,10000,32,0,160,0.00019036313460674137,0.961284375,0.98333125,320000,4800000,5120000,480.0,1843200000,0.013057399999524932,0.010366399999838904,1057.61328125,4.0,320,128,128,0,0
ariad,10000,32,0,161,0.0001891651627374813,0.96145,0.983659375,320000,4800000,5120000,480.0,1843200000,0.013126400000146532,0.010439900000164926,1057.61328125,4.0,320,128,128,0,0
ariad,10000,32,0,162,0.00018811722111422569,0.96159375,0.98385,320000,4800000,5120000,480.0,1843200000,0.01330729999972391,0.010562499999650754,1058.00390625,4.0,320,128,128,0,0
ariad,10000,32,0,163,0.00018711785378400236,0.961815625,0.984284375,320000,4800000,5120000,480.0,1843200000,0.01316069999938918,0.01045570000042062,1058.1796875,4.0,320,128,128,0,0
ariad,10000,32,0,164,0.00018622135394252837,0.96200625,0.984584375,320000,4800000,5120000,480.0,1843200000,0.01316910000059579,0.010446799999954237,1057.61328125,4.0,320,128,128,0,0
ariad,10000,32,0,165,0.0001854398869909346,0.962175,0.984896875,320000,4800000,5120000,480.0,1843200000,0.013102200000503217,0.010379700000157754,1057.61328125,4.0,320,128,128,0,0
ariad,10000,32,0,166,0.00018468723283149302,0.962290625,0.9851375,320000,4800000,5120000,480.0,1843200000,0.01310269999976299,0.010395299999800045,1057.61328125,4.0,320,128,128,0,0
ariad,10000,32,0,167,0.0001840186887420714,0.96233125,0.985428125,320000,4800000,5120000,480.0,1843200000,0.013284700000440353,0.010565800000222225,1057.61328125,4.0,320,128,128,0,0
ariad,10000,32,0,168,0.00018339385860599577,0.962390625,0.98558125,320000,4800000,5120000,480.0,1843200000,0.013427200000478479,0.010416300000542833,1057.61328125,4.0,320,128,128,0,0
ariad,10000,32,0,169,0.00018281600205227733,0.962521875,0.985684375,320000,4800000,5120000,480.0,1843200000,0.013483699999596865,0.010668199999599892,1057.61328125,4.0,320,128,128,0,0
ariad,10000,32,0,170,0.00018229262786917388,0.962609375,0.985978125,320000,4800000,5120000,480.0,1843200000,0.013098700000227836,0.010355800000070303,1058.00390625,4.0,320,128,128,0,0
ariad,10000,32,0,171,0.00018183216161560267,0.962765625,0.986196875,320000,4800000,5120000,480.0,1843200000,0.013108300000567397,0.010439099999530299,1058.1796875,4.0,320,128,128,0,0
ariad,10000,32,0,172,0.00018143403576686978,0.962859375,0.986465625,320000,4800000,5120000,480.0,1843200000,0.013208700000177487,0.01055980000001,1057.61328125,4.0,320,128,128,0,0
ariad,10000,32,0,173,0.00018108794756699353,0.963053125,0.986684375,320000,4800000,5120000,480.0,1843200000,0.013111299999764015,0.010409700000309385,1057.61328125,4.0,320,128,128,0,0
ariad,10000,32,0,174,0.00018078545690514147,0.963184375,0.986996875,320000,4800000,5120000,480.0,1843200000,0.013911600000028557,0.01049929999953747,1057.61328125,4.0,320,128,128,0,0
ariad,10000,32,0,175,0.00018054155225399882,0.96329375,0.987159375,320000,4800000,5120000,480.0,1843200000,0.013094099999761966,0.01042810000035388,1057.61328125,4.0,320,128,128,0,0
ariad,10000,32,0,176,0.00018031583749689162,0.963425,0.98739375,320000,4800000,5120000,480.0,1843200000,0.013165899999876274,0.010464399999364105,1057.61328125,4.0,320,128,128,0,0
ariad,10000,32,0,177,0.00018008824554271996,0.96355625,0.98763125,320000,4800000,5120000,480.0,1843200000,0.01310040000043955,0.010423499999888008,1057.61328125,4.0,320,128,128,0,0
ariad,10000,32,0,178,0.00017990135529544204,0.963640625,0.98783125,320000,4800000,5120000,480.0,1843200000,0.013106499999594234,0.010395700000117358,1058.00390625,4.0,320,128,128,0,0
ariad,10000,32,0,179,0.00017972523346543312,0.9637625,0.988025,320000,4800000,5120000,480.0,1843200000,0.0130976999998893,0.010414700000183075,1058.1796875,4.0,320,128,128,0,0
ariad,10000,32,0,180,0.0001795588032109663,0.963825,0.988121875,320000,4800000,5120000,480.0,1843200000,0.013115200000356708,0.01039889999992738,1057.61328125,4.0,320,128,128,0,0
ariad,10000,32,0,181,0.00017941754776984453,0.963878125,0.9882875,320000,4800000,5120000,480.0,1843200000,0.013587299999926472,0.010514300000068033,1057.61328125,4.0,320,128,128,0,0
ariad,10000,32,0,182,0.00017929832392837852,0.9639375,0.988490625,320000,4800000,5120000,480.0,1843200000,0.013368100000661798,0.010686300000088522,1057.61328125,4.0,320,128,128,0,0
ariad,10000,32,0,183,0.0001791746763046831,0.964046875,0.98863125,320000,4800000,5120000,480.0,1843200000,0.013190200000281038,0.010452299999997194,1057.61328125,4.0,320,128,128,0,0
ariad,10000,32,0,184,0.0001790600799722597,0.9641375,0.98885,320000,4800000,5120000,480.0,1843200000,0.013208600000325532,0.010506999999961408,1057.61328125,4.0,320,128,128,0,0
ariad,10000,32,0,185,0.00017896041390486062,0.96428125,0.9890875,320000,4800000,5120000,480.0,1843200000,0.01307950000045821,0.010391900000286114,1057.61328125,4.0,320,128,128,0,0
ariad,10000,32,0,186,0.00017889011360239238,0.96435625,0.9892375,320000,4800000,5120000,480.0,1843200000,0.013105399999403744,0.010414100000161852,1058.00390625,4.0,320,128,128,0,0
ariad,10000,32,0,187,0.0001788342633517459,0.964384375,0.9893875,320000,4800000,5120000,480.0,1843200000,0.013541600000280596,0.010668499999155756,1058.1796875,4.0,320,128,128,0,0
ariad,10000,32,0,188,0.00017875283083412796,0.9644625,0.989553125,320000,4800000,5120000,480.0,1843200000,0.013213599999289727,0.010443099999974947,1057.61328125,4.0,320,128,128,0,0
ariad,10000,32,0,189,0.00017870147712528706,0.964565625,0.98965,320000,4800000,5120000,480.0,1843200000,0.013344599999982165,0.010624600000483042,1057.61328125,4.0,320,128,128,0,0
ariad,10000,32,0,190,0.00017863571702037007,0.964646875,0.98981875,320000,4800000,5120000,480.0,1843200000,0.013984700000037265,0.010620400000334485,1057.61328125,4.0,320,128,128,0,0
ariad,10000,32,0,191,0.00017859810031950474,0.96470625,0.989965625,320000,4800000,5120000,480.0,1843200000,0.013565099999141239,0.010762699999759207,1057.61328125,4.0,320,128,128,0,0
ariad,10000,32,0,192,0.00017856383055914193,0.96476875,0.990140625,320000,4800000,5120000,480.0,1843200000,0.013420600000245031,0.010561199999756354,1057.61328125,4.0,320,128,128,0,0
ariad,10000,32,0,193,0.00017854053294286132,0.964803125,0.990284375,320000,4800000,5120000,480.0,1843200000,0.01358410000011645,0.010800299999573326,1057.61328125,4.0,320,128,128,0,0
ariad,10000,32,0,194,0.00017850859148893505,0.9648625,0.99039375,320000,4800000,5120000,480.0,1843200000,0.013238900000033027,0.010511800000131188,1058.00390625,4.0,320,128,128,0,0
ariad,10000,32,0,195,0.0001784807536751032,0.964896875,0.990525,320000,4800000,5120000,480.0,1843200000,0.013581600000179606,0.010708700000577664,1058.1796875,4.0,320,128,128,0,0
ariad,10000,32,0,196,0.00017844991816673428,0.964940625,0.99066875,320000,4800000,5120000,480.0,1843200000,0.013150599999789847,0.010408799999822804,1057.61328125,4.0,320,128,128,0,0
ariad,10000,32,0,197,0.00017842240049503744,0.9650375,0.990828125,320000,4800000,5120000,480.0,1843200000,0.013486499999999069,0.010642600000210223,1057.61328125,4.0,320,128,128,0,0
ariad,10000,32,0,198,0.00017839604697655886,0.96510625,0.9910375,320000,4800000,5120000,480.0,1843200000,0.01352729999962321,0.010746399999334244,1057.61328125,4.0,320,128,128,0,0
ariad,10000,32,0,199,0.0001783952466212213,0.965140625,0.991103125,320000,4800000,5120000,480.0,1843200000,0.013920999999754713,0.01064440000027389,1057.61328125,4.0,320,128,128,0,0
ariad,10000,32,0,200,0.0001783827319741249,0.965153125,0.991240625,320000,4800000,5120000,480.0,1843200000,0.013252900000225054,0.010508300000765303,1057.61328125,4.0,320,128,128,0,0
ariad,10000,32,0,201,0.00017837034829426557,0.96519375,0.991375,320000,4800000,5120000,480.0,1843200000,0.01384799999959796,0.010535299999901326,1057.61328125,4.0,320,128,128,0,0
ariad,10000,32,0,202,0.0001783535844879225,0.965215625,0.991521875,320000,4800000,5120000,480.0,1843200000,0.013236599999800092,0.010541000000557688,1058.00390625,4.0,320,128,128,0,0
ariad,10000,32,0,203,0.0001783404004527256,0.965290625,0.99164375,320000,4800000,5120000,480.0,1843200000,0.013106100000186416,0.010399800000413961,1058.1796875,4.0,320,128,128,0,0
ariad,10000,32,0,204,0.00017832538287620991,0.965325,0.991725,320000,4800000,5120000,480.0,1843200000,0.013473199999680219,0.0104907999993884,1057.61328125,4.0,320,128,128,0,0
ariad,10000,32,0,205,0.00017830842989496887,0.96539375,0.991865625,320000,4800000,5120000,480.0,1843200000,0.013361899999836169,0.010569000000032247,1057.61328125,4.0,320,128,128,0,0
ariad,10000,32,0,206,0.0001783094194252044,0.9654375,0.992,320000,4800000,5120000,480.0,1843200000,0.013615000000754662,0.010508999999728985,1057.61328125,4.0,320,128,128,0,0
ariad,10000,32,0,207,0.00017829793796408921,0.9654875,0.99206875,320000,4800000,5120000,480.0,1843200000,0.013099900000270281,0.01038909999988391,1057.61328125,4.0,320,128,128,0,0
ariad,10000,32,0,208,0.00017829267017077655,0.96550625,0.99215625,320000,4800000,5120000,480.0,1843200000,0.013246299999991606,0.010494099999959872,1057.61328125,4.0,320,128,128,0,0
ariad,10000,32,0,209,0.00017829072021413594,0.96555625,0.99225625,320000,4800000,5120000,480.0,1843200000,0.013317400000232738,0.01059869999971852,1057.61328125,4.0,320,128,128,0,0
ariad,10000,32,0,210,0.00017828389536589384,0.965609375,0.99233125,320000,4800000,5120000,480.0,1843200000,0.013358499999412743,0.010578999999779626,1058.00390625,4.0,320,128,128,0,0
ariad,10000,32,0,211,0.00017828414274845272,0.96565625,0.9924375,320000,4800000,5120000,480.0,1843200000,0.013352500000110012,0.010593099999823608,1058.1796875,4.0,320,128,128,0,0
ariad,10000,32,0,212,0.00017827868578024209,0.96570625,0.992521875,320000,4800000,5120000,480.0,1843200000,0.01319710000007035,0.010425499999655585,1057.61328125,4.0,320,128,128,0,0
ariad,10000,32,0,213,0.00017827276315074414,0.965746875,0.992625,320000,4800000,5120000,480.0,1843200000,0.013267399999676854,0.010503399999834073,1057.61328125,4.0,320,128,128,0,0
ariad,10000,32,0,214,0.00017825912800617516,0.965784375,0.992734375,320000,4800000,5120000,480.0,1843200000,0.013216700000157289,0.010445300000355928,1057.61328125,4.0,320,128,128,0,0
ariad,10000,32,0,215,0.0001782593026291579,0.965796875,0.99278125,320000,4800000,5120000,480.0,1843200000,0.013222799999311974,0.010523099999772967,1057.61328125,4.0,320,128,128,0,0
ariad,10000,32,0,216,0.00017824744281824678,0.965828125,0.992821875,320000,4800000,5120000,480.0,1843200000,0.013731000000007043,0.010536400000091817,1057.61328125,4.0,320,128,128,0,0
ariad,10000,32,0,217,0.00017823289090301841,0.965878125,0.99289375,320000,4800000,5120000,480.0,1843200000,0.013282199999594013,0.010601400000268768,1057.61328125,4.0,320,128,128,0,0
ariad,10000,32,0,218,0.0001782308827387169,0.96595,0.993021875,320000,4800000,5120000,480.0,1843200000,0.013453200000185461,0.010704299999815703,1058.00390625,4.0,320,128,128,0,0
ariad,10000,32,0,219,0.00017822593508753926,0.965990625,0.99308125,320000,4800000,5120000,480.0,1843200000,0.013260200000331679,0.010528599999815924,1058.1796875,4.0,320,128,128,0,0
ariad,10000,32,0,220,0.00017822040535975248,0.9660375,0.99315,320000,4800000,5120000,480.0,1843200000,0.013177300000279502,0.010457200000018929,1057.61328125,4.0,320,128,128,0,0
ariad,10000,32,0,221,0.00017821411893237382,0.966071875,0.9932625,320000,4800000,5120000,480.0,1843200000,0.013106999999763502,0.010370800000600866,1057.61328125,4.0,320,128,128,0,0
ariad,10000,32,0,222,0.0001782105682650581,0.96610625,0.993353125,320000,4800000,5120000,480.0,1843200000,0.013582399999904737,0.010508299999855808,1057.61328125,4.0,320,128,128,0,0
ariad,10000,32,0,223,0.0001781982573447749,0.9661375,0.99346875,320000,4800000,5120000,480.0,1843200000,0.013216800000009243,0.010466199999427772,1057.61328125,4.0,320,128,128,0,0
ariad,10000,32,0,224,0.00017819870845414698,0.9661625,0.99353125,320000,4800000,5120000,480.0,1843200000,0.013154299999769137,0.010414899999886984,1057.61328125,4.0,320,128,128,0,0
ariad,10000,32,0,225,0.00017819649656303227,0.9661875,0.9936125,320000,4800000,5120000,480.0,1843200000,0.013413699999546225,0.010565200000201003,1057.61328125,4.0,320,128,128,0,0
ariad,10000,32,0,226,0.00017819448839873075,0.966196875,0.99371875,320000,4800000,5120000,480.0,1843200000,0.01307959999940067,0.010405399999399378,1058.00390625,4.0,320,128,128,0,0
ariad,10000,32,0,227,0.00017818997730500996,0.9662,0.993759375,320000,4800000,5120000,480.0,1843200000,0.01319820000026084,0.010513999999602675,1058.1796875,4.0,320,128,128,0,0
ariad,10000,32,0,228,0.0001781833852874115,0.9662125,0.993859375,320000,4800000,5120000,480.0,1843200000,0.013417300000583054,0.010467899999639485,1057.61328125,4.0,320,128,128,0,0
ariad,10000,32,0,229,0.0001781876344466582,0.966253125,0.993928125,320000,4800000,5120000,480.0,1843200000,0.013229199999841512,0.010508200000003853,1057.61328125,4.0,320,128,128,0,0
ariad,10000,32,0,230,0.00017818131891544908,0.96629375,0.994,320000,4800000,5120000,480.0,1843200000,0.014815200000157347,0.012074799999936658,1057.61328125,4.0,320,128,128,0,0
ariad,10000,32,0,231,0.0001781804021447897,0.966325,0.994071875,320000,4800000,5120000,480.0,1843200000,0.013314800000443938,0.010589600000457722,1057.61328125,4.0,320,128,128,0,0
ariad,10000,32,0,232,0.00017818181368056685,0.96635625,0.994125,320000,4800000,5120000,480.0,1843200000,0.013158799999473558,0.010450599999785481,1057.61328125,4.0,320,128,128,0,0
ariad,10000,32,0,233,0.00017817427578847855,0.966375,0.994203125,320000,4800000,5120000,480.0,1843200000,0.014270200000282784,0.010678399999960675,1057.61328125,4.0,320,128,128,0,0
ariad,10000,32,0,234,0.00017816462786868215,0.9664,0.994253125,320000,4800000,5120000,480.0,1843200000,0.013237199999821314,0.010403200000837387,1058.00390625,4.0,320,128,128,0,0
ariad,10000,32,0,235,0.00017815873434301466,0.966421875,0.9943125,320000,4800000,5120000,480.0,1843200000,0.013339199999791163,0.010618299999805458,1058.1796875,4.0,320,128,128,0,0
ariad,10000,32,0,236,0.0001781578321242705,0.96645,0.99439375,320000,4800000,5120000,480.0,1843200000,0.014416900000469468,0.0104220000002897,1057.61328125,4.0,320,128,128,0,0
ariad,10000,32,0,237,0.00017815601313486695,0.96645625,0.9944625,320000,4800000,5120000,480.0,1843200000,0.013200100000176462,0.010470899999745598,1057.61328125,4.0,320,128,128,0,0
ariad,10000,32,0,238,0.00017815465980675071,0.966475,0.994540625,320000,4800000,5120000,480.0,1843200000,0.013511000000107742,0.010453599999891594,1057.61328125,4.0,320,128,128,0,0
ariad,10000,32,0,239,0.00017814873717725277,0.9665125,0.99465625,320000,4800000,5120000,480.0,1843200000,0.013218000000051688,0.010516300000745105,1057.61328125,4.0,320,128,128,0,0
ariad,10000,32,0,240,0.00017814298917073756,0.966553125,0.9947625,320000,4800000,5120000,480.0,1843200000,0.013435099999696831,0.0106407000002946,1057.61328125,4.0,320,128,128,0,0
ariad,10000,32,0,241,0.00017812232545111328,0.966596875,0.9948375,320000,4800000,5120000,480.0,1843200000,0.015038300000014715,0.01218830000016169,1057.61328125,4.0,320,128,128,0,0
ariad,10000,32,0,242,0.0001781223400030285,0.966596875,0.994896875,320000,4800000,5120000,480.0,1843200000,0.013199499999245745,0.010446199999933015,1058.00390625,4.0,320,128,128,0,0
ariad,10000,32,0,243,0.00017812030273489654,0.96665,0.995,320000,4800000,5120000,480.0,1843200000,0.013162199999896984,0.010466300000189221,1058.1796875,4.0,320,128,128,0,0
ariad,10000,32,0,244,0.00017812485748436302,0.9666875,0.995078125,320000,4800000,5120000,480.0,1843200000,0.013133499999639753,0.010415299999294803,1057.61328125,4.0,320,128,128,0,0
ariad,10000,32,0,245,0.0001781219179974869,0.966725,0.995128125,320000,4800000,5120000,480.0,1843200000,0.01327099999980419,0.010502600000108941,1057.61328125,4.0,320,128,128,0,0
ariad,10000,32,0,246,0.0001781192549970001,0.966753125,0.995190625,320000,4800000,5120000,480.0,1843200000,0.01313670000035927,0.010472199999639997,1057.61328125,4.0,320,128,128,0,0
ariad,10000,32,0,247,0.00017811621364671737,0.966771875,0.995246875,320000,4800000,5120000,480.0,1843200000,0.014871499999571824,0.012197699999887845,1057.61328125,4.0,320,128,128,0,0
ariad,10000,32,0,248,0.00017810931603889912,0.9668,0.995271875,320000,4800000,5120000,480.0,1843200000,0.013244900000245252,0.010535499999605236,1057.61328125,4.0,320,128,128,0,0
ariad,10000,32,0,249,0.0001781005848897621,0.9668,0.9953375,320000,4800000,5120000,480.0,1843200000,0.013156500000150118,0.010429699999804143,1057.61328125,4.0,320,128,128,0,0
ariad,10000,32,0,250,0.00017810093413572758,0.966825,0.99538125,320000,4800000,5120000,480.0,1843200000,0.013168299999961164,0.010411299999759649,1058.00390625,4.0,320,128,128,0,0
ariad,10000,32,0,251,0.00017809854762163013,0.966821875,0.99541875,320000,4800000,5120000,480.0,1843200000,0.014017199999216245,0.010423900000205322,1058.1796875,4.0,320,128,128,0,0
ariad,10000,32,0,252,0.0001780908351065591,0.9668375,0.9954625,320000,4800000,5120000,480.0,1843200000,0.013056300000243937,0.010373199999776261,1057.61328125,4.0,320,128,128,0,0
ariad,10000,32,0,253,0.00017808952543418854,0.966884375,0.995546875,320000,4800000,5120000,480.0,1843200000,0.01315580000027694,0.010395599999355909,1057.61328125,4.0,320,128,128,0,0
ariad,10000,32,0,254,0.0001780886814231053,0.966890625,0.99559375,320000,4800000,5120000,480.0,1843200000,0.013139700000465382,0.01045220000014524,1057.61328125,4.0,320,128,128,0,0
ariad,10000,32,0,255,0.0001780875463737175,0.96693125,0.99564375,320000,4800000,5120000,480.0,1843200000,0.01306879999992816,0.010351400000217836,1057.61328125,4.0,320,128,128,0,0
ariad,10000,32,0,256,0.0001780889433575794,0.96695625,0.99571875,320000,4800000,5120000,480.0,1843200000,0.013163400000848924,0.010461099999702128,1057.61328125,4.0,320,128,128,0,0
ariad,10000,32,0,257,0.00017808747361414135,0.966984375,0.99575625,320000,4800000,5120000,480.0,1843200000,0.013177099999666098,0.010496300000340852,1057.61328125,4.0,320,128,128,0,0
ariad,10000,32,0,258,0.00017808274424169213,0.96700625,0.995809375,320000,4800000,5120000,480.0,1843200000,0.013163599999643338,0.01050519999989774,1058.00390625,4.0,320,128,128,0,0
ariad,10000,32,0,259,0.00017807593394536525,0.967040625,0.995853125,320000,4800000,5120000,480.0,1843200000,0.01336040000023786,0.01063019999946846,1058.1796875,4.0,320,128,128,0,0
ariad,10000,32,0,260,0.0001780661550583318,0.9670625,0.995896875,320000,4800000,5120000,480.0,1843200000,0.013195000000450818,0.010464199999660195,1057.61328125,4.0,320,128,128,0,0
ariad,10000,32,0,261,0.00017807225231081247,0.967084375,0.99594375,320000,4800000,5120000,480.0,1843200000,0.013449499999296677,0.010711400000218418,1057.61328125,4.0,320,128,128,0,0
ariad,10000,32,0,262,0.00017807105905376375,0.967109375,0.996009375,320000,4800000,5120000,480.0,1843200000,0.013178399999560497,0.010426300000290212,1057.61328125,4.0,320,128,128,0,0
ariad,10000,32,0,263,0.0001780760649126023,0.967125,0.996059375,320000,4800000,5120000,480.0,1843200000,0.013106100000186416,0.010416199999781384,1057.61328125,4.0,320,128,128,0,0
ariad,10000,32,0,264,0.00017807527910917997,0.96715,0.99609375,320000,4800000,5120000,480.0,1843200000,0.013053799999397597,0.01037709999945946,1057.61328125,4.0,320,128,128,0,0
ariad,10000,32,0,265,0.00017807830590754747,0.967146875,0.996125,320000,4800000,5120000,480.0,1843200000,0.013461599999573082,0.010716699999647972,1057.61328125,4.0,320,128,128,0,0
ariad,10000,32,0,266,0.00017807749100029469,0.967165625,0.996178125,320000,4800000,5120000,480.0,1843200000,0.013350299999729032,0.010451699999975972,1058.00390625,4.0,320,128,128,0,0
ariad,10000,32,0,267,0.00017807567201089114,0.96718125,0.99620625,320000,4800000,5120000,480.0,1843200000,0.013095700000121724,0.010390200000074401,1058.1796875,4.0,320,128,128,0,0
ariad,10000,32,0,268,0.00017807332915253937,0.967215625,0.996253125,320000,4800000,5120000,480.0,1843200000,0.013105800000630552,0.010418200000458455,1057.61328125,4.0,320,128,128,0,0
ariad,10000,32,0,269,0.00017807212134357542,0.967228125,0.9963,320000,4800000,5120000,480.0,1843200000,0.013200300000789866,0.01044369999999617,1057.61328125,4.0,320,128,128,0,0
ariad,10000,32,0,270,0.00017807485710363835,0.967228125,0.996340625,320000,4800000,5120000,480.0,1843200000,0.013212900000326044,0.010502100000849168,1057.61328125,4.0,320,128,128,0,0
ariad,10000,32,0,271,0.0001780750317266211,0.967228125,0.9963625,320000,4800000,5120000,480.0,1843200000,0.013233300000138115,0.010488599999916914,1057.61328125,4.0,320,128,128,0,0
ariad,10000,32,0,272,0.00017807022959459573,0.967228125,0.9963875,320000,4800000,5120000,480.0,1843200000,0.013635600000270642,0.01071830000000773,1057.61328125,4.0,320,128,128,0,0
ariad,10000,32,0,273,0.00017805720563046634,0.967284375,0.996459375,320000,4800000,5120000,480.0,1843200000,0.0131850999996459,0.010496200000488898,1057.61328125,4.0,320,128,128,0,0
ariad,10000,32,0,274,0.00017805406241677701,0.9673125,0.9964875,320000,4800000,5120000,480.0,1843200000,0.013142099999640777,0.010424199999761186,1058.00390625,4.0,320,128,128,0,0
ariad,10000,32,0,275,0.00017805115203373134,0.967325,0.99653125,320000,4800000,5120000,480.0,1843200000,0.013208599999416037,0.010546999999860418,1058.1796875,4.0,320,128,128,0,0
ariad,10000,32,0,276,0.0001780541060725227,0.967346875,0.996609375,320000,4800000,5120000,480.0,1843200000,0.013006700000005367,0.010350900000048568,1057.61328125,4.0,320,128,128,0,0
ariad,10000,32,0,277,0.00017805745301302522,0.96735625,0.996634375,320000,4800000,5120000,480.0,1843200000,0.013549600000260398,0.010726000000431668,1057.61328125,4.0,320,128,128,0,0
ariad,10000,32,0,278,0.0001780552847776562,0.967403125,0.99669375,320000,4800000,5120000,480.0,1843200000,0.013227000000370026,0.010514700000385346,1057.61328125,4.0,320,128,128,0,0
ariad,10000,32,0,279,0.00017804827075451612,0.967425,0.996740625,320000,4800000,5120000,480.0,1843200000,0.013193699999646924,0.010470000000168511,1057.61328125,4.0,320,128,128,0,0
ariad,10000,32,0,280,0.0001780450256774202,0.96743125,0.996734375,320000,4800000,5120000,480.0,1843200000,0.013146700000106648,0.01042680000045948,1057.61328125,4.0,320,128,128,0,0
ariad,10000,32,0,281,0.0001780469756340608,0.96745,0.99678125,320000,4800000,5120000,480.0,1843200000,0.013036800000008952,0.01031680000050983,1057.61328125,4.0,320,128,128,0,0
ariad,10000,32,0,282,0.00017805022071115673,0.967465625,0.996796875,320000,4800000,5120000,480.0,1843200000,0.013087199999972654,0.010388499999862688,1058.00390625,4.0,320,128,128,0,0
ariad,10000,32,0,283,0.00017804895469453186,0.9674875,0.99685625,320000,4800000,5120000,480.0,1843200000,0.013205399999606016,0.010486600000149338,1058.1796875,4.0,320,128,128,0,0
ariad,10000,32,0,284,0.00017804371600504965,0.9675125,0.996884375,320000,4800000,5120000,480.0,1843200000,0.013138099999196129,0.010437200000524172,1057.61328125,4.0,320,128,128,0,0
ariad,10000,32,0,285,0.000178041635081172,0.967521875,0.996896875,320000,4800000,5120000,480.0,1843200000,0.013093499999740743,0.010446199999933015,1057.61328125,4.0,320,128,128,0,0
ariad,10000,32,0,286,0.00017803591617848724,0.9675375,0.996946875,320000,4800000,5120000,480.0,1843200000,0.013168499999665073,0.010464899999533372,1057.61328125,4.0,320,128,128,0,0
ariad,10000,32,0,287,0.00017803668742999434,0.96755,0.996990625,320000,4800000,5120000,480.0,1843200000,0.013177200000427547,0.01048010000067734,1057.61328125,4.0,320,128,128,0,0
ariad,10000,32,0,288,0.00017803881200961769,0.96758125,0.997025,320000,4800000,5120000,480.0,1843200000,0.01339079999979731,0.010594200000014098,1057.61328125,4.0,320,128,128,0,0
ariad,10000,32,0,289,0.00017803921946324408,0.967584375,0.99706875,320000,4800000,5120000,480.0,1843200000,0.013570199999776378,0.010829200000443961,1057.61328125,4.0,320,128,128,0,0
ariad,10000,32,0,290,0.00017803376249503344,0.967590625,0.997075,320000,4800000,5120000,480.0,1843200000,0.01325749999978143,0.010549800000262621,1058.00390625,4.0,320,128,128,0,0
ariad,10000,32,0,291,0.00017803221999201924,0.967603125,0.997103125,320000,4800000,5120000,480.0,1843200000,0.01314249999995809,0.010425999999824853,1058.1796875,4.0,320,128,128,0,0
ariad,10000,32,0,292,0.0001780302991392091,0.96761875,0.99714375,320000,4800000,5120000,480.0,1843200000,0.013200399999732326,0.010463200000231154,1057.61328125,4.0,320,128,128,0,0
ariad,10000,32,0,293,0.0001780260936357081,0.967621875,0.997178125,320000,4800000,5120000,480.0,1843200000,0.013136200000190001,0.010403199999927892,1057.61328125,4.0,320,128,128,0,0
ariad,10000,32,0,294,0.00017802882939577103,0.96763125,0.997221875,320000,4800000,5120000,480.0,1843200000,0.01318600000013248,0.010447999999996682,1057.61328125,4.0,320,128,128,0,0
ariad,10000,32,0,295,0.00017802575894165784,0.967665625,0.997265625,320000,4800000,5120000,480.0,1843200000,0.01564460000008694,0.010464699999829463,1057.61328125,4.0,320,128,128,0,0
ariad,10000,32,0,296,0.00017802778165787458,0.967665625,0.997284375,320000,4800000,5120000,480.0,1843200000,0.013269099999888567,0.010568200000307115,1057.61328125,4.0,320,128,128,0,0
ariad,10000,32,0,297,0.00017802701040636748,0.967684375,0.99728125,320000,4800000,5120000,480.0,1843200000,0.013268800000332703,0.010564199999862467,1057.61328125,4.0,320,128,128,0,0
ariad,10000,32,0,298,0.00017802143702283502,0.96771875,0.997334375,320000,4800000,5120000,480.0,1843200000,0.01313280000067607,0.010435099999995145,1058.00390625,4.0,320,128,128,0,0
ariad,10000,32,0,299,0.0001780199963832274,0.967725,0.997359375,320000,4800000,5120000,480.0,1843200000,0.014403700000002573,0.010516900000766327,1058.1796875,4.0,320,128,128,0,0
ariad,10000,32,0,300,0.00017801939975470304,0.967740625,0.997371875,320000,4800000,5120000,480.0,1843200000,0.013238900000033027,0.010479499999746622,1057.61328125,4.0,320,128,128,0,0
ariad,10000,32,0,301,0.00017801627109292895,0.967746875,0.9974125,320000,4800000,5120000,480.0,1843200000,0.013673399999788671,0.010823100000379782,1057.61328125,4.0,320,128,128,0,0
ariad,10000,32,0,302,0.00017801618378143758,0.967765625,0.997459375,320000,4800000,5120000,480.0,1843200000,0.01319119999971008,0.010506300000088231,1057.61328125,4.0,320,128,128,0,0
ariad,10000,32,0,303,0.00017801330250222236,0.96778125,0.997509375,320000,4800000,5120000,480.0,1843200000,0.013112900000123773,0.010392899999715155,1057.61328125,4.0,320,128,128,0,0
ariad,10000,32,0,304,0.00017801298236008734,0.967790625,0.997503125,320000,4800000,5120000,480.0,1843200000,0.013201800000388175,0.010502399999495537,1057.61328125,4.0,320,128,128,0,0
ariad,10000,32,0,305,0.00017801068315748125,0.96779375,0.997521875,320000,4800000,5120000,480.0,1843200000,0.013236200000392273,0.010526600000048347,1057.61328125,4.0,320,128,128,0,0
ariad,10000,32,0,306,0.00017800774367060512,0.96780625,0.9975375,320000,4800000,5120000,480.0,1843200000,0.013262600000416569,0.010509299999284849,1058.00390625,4.0,320,128,128,0,0
ariad,10000,32,0,307,0.00017800263594835997,0.967825,0.997590625,320000,4800000,5120000,480.0,1843200000,0.013436799999908544,0.010652699999809556,1058.1796875,4.0,320,128,128,0,0
ariad,10000,32,0,308,0.00017800099158193916,0.967825,0.997584375,320000,4800000,5120000,480.0,1843200000,0.013413800000307674,0.010630699999637727,1057.61328125,4.0,320,128,128,0,0
ariad,10000,32,0,309,0.00017799640772864223,0.96785,0.997609375,320000,4800000,5120000,480.0,1843200000,0.013087500000438013,0.0103809000002002,1057.61328125,4.0,320,128,128,0,0
ariad,10000,32,0,310,0.0001779974700184539,0.967853125,0.99765,320000,4800000,5120000,480.0,1843200000,0.013216700000157289,0.01051850000021659,1057.61328125,4.0,320,128,128,0,0
ariad,10000,32,0,311,0.00017799457418732345,0.96785625,0.997678125,320000,4800000,5120000,480.0,1843200000,0.013208600000325532,0.010451299999658659,1057.61328125,4.0,320,128,128,0,0
ariad,10000,32,0,312,0.0001779966987669468,0.967865625,0.99770625,320000,4800000,5120000,480.0,1843200000,0.013155200000255718,0.010388899999270507,1057.61328125,4.0,320,128,128,0,0
ariad,10000,32,0,313,0.0001779962913133204,0.967878125,0.997721875,320000,4800000,5120000,480.0,1843200000,0.013148199999704957,0.01042570000026899,1057.61328125,4.0,320,128,128,0,0
ariad,10000,32,0,314,0.00017799828492570668,0.967890625,0.99773125,320000,4800000,5120000,480.0,1843200000,0.01336509999964619,0.010666500000297674,1058.00390625,4.0,320,128,128,0,0
ariad,10000,32,0,315,0.0001779929007170722,0.96789375,0.9977625,320000,4800000,5120000,480.0,1843200000,0.013583599999947182,0.010801700000229175,1058.1796875,4.0,320,128,128,0,0
ariad,10000,32,0,316,0.00017799231864046305,0.96788125,0.9977875,320000,4800000,5120000,480.0,1843200000,0.013107899999340589,0.010398400000667607,1057.61328125,4.0,320,128,128,0,0
ariad,10000,32,0,317,0.0001779914746293798,0.967903125,0.997803125,320000,4800000,5120000,480.0,1843200000,0.013208399999712128,0.010470700000041688,1057.61328125,4.0,320,128,128,0,0
ariad,10000,32,0,318,0.00017798873886931688,0.967928125,0.99784375,320000,4800000,5120000,480.0,1843200000,0.013205199999902106,0.010522999999921012,1057.61328125,4.0,320,128,128,0,0
ariad,10000,32,0,319,0.00017798831686377525,0.967934375,0.99785625,320000,4800000,5120000,480.0,1843200000,0.013282999999319145,0.0105318999994779,1057.61328125,4.0,320,128,128,0,0
ariad,10000,32,0,320,0.00017799144552554935,0.967925,0.99788125,320000,4800000,5120000,480.0,1843200000,0.013214700000389712,0.01042929999948683,1057.61328125,4.0,320,128,128,0,0
ariad,10000,32,0,321,0.00017798892804421484,0.9679375,0.997890625,320000,4800000,5120000,480.0,1843200000,0.01301699999930861,0.010357099999964703,1057.61328125,4.0,320,128,128,0,0
ariad,10000,32,0,322,0.00017798949556890875,0.967934375,0.997915625,320000,4800000,5120000,480.0,1843200000,0.013516999999410473,0.01048220000029687,1058.00390625,4.0,320,128,128,0,0
ariad,10000,32,0,323,0.00017798876797314733,0.96794375,0.99795,320000,4800000,5120000,480.0,1843200000,0.0131413999997676,0.010394599999926868,1058.1796875,4.0,320,128,128,0,0
ariad,10000,32,0,324,0.00017799115448724478,0.967934375,0.997946875,320000,4800000,5120000,480.0,1843200000,0.013304000000061933,0.01055129999986093,1057.61328125,4.0,320,128,128,0,0
ariad,10000,32,0,325,0.00017798785120248795,0.96795,0.998015625,320000,4800000,5120000,480.0,1843200000,0.01315599999998085,0.010450200000377663,1057.61328125,4.0,320,128,128,0,0
ariad,10000,32,0,326,0.0001779834710760042,0.967975,0.998034375,320000,4800000,5120000,480.0,1843200000,0.013386199999331438,0.01060589999997319,1057.61328125,4.0,320,128,128,0,0
ariad,10000,32,0,327,0.00017798561020754278,0.967965625,0.9980625,320000,4800000,5120000,480.0,1843200000,0.01322729999992589,0.010496599999896716,1057.61328125,4.0,320,128,128,0,0
ariad,10000,32,0,328,0.00017798342742025852,0.967965625,0.99808125,320000,4800000,5120000,480.0,1843200000,0.013220900000305846,0.010477599999831,1057.61328125,4.0,320,128,128,0,0
ariad,10000,32,0,329,0.0001779877202352509,0.967959375,0.9980875,320000,4800000,5120000,480.0,1843200000,0.013110200000483019,0.010395600000265404,1057.61328125,4.0,320,128,128,0,0
ariad,10000,32,0,330,0.00017798462067730725,0.96796875,0.998103125,320000,4800000,5120000,480.0,1843200000,0.013240199999927427,0.010351099999752478,1058.00390625,4.0,320,128,128,0,0
ariad,10000,32,0,331,0.00017798363114707172,0.96798125,0.998125,320000,4800000,5120000,480.0,1843200000,0.01307730000007723,0.010406399999737914,1058.1796875,4.0,320,128,128,0,0
ariad,10000,32,0,332,0.0001779829035513103,0.968,0.99813125,320000,4800000,5120000,480.0,1843200000,0.013482100000146602,0.010449200000039127,1057.61328125,4.0,320,128,128,0,0
ariad,10000,32,0,333,0.00017798549379222095,0.968003125,0.9981625,320000,4800000,5120000,480.0,1843200000,0.014739999999619613,0.012023100000078557,1057.61328125,4.0,320,128,128,0,0
ariad,10000,32,0,334,0.0001779869489837438,0.968015625,0.998171875,320000,4800000,5120000,480.0,1843200000,0.013135899999724643,0.01044359999923472,1057.61328125,4.0,320,128,128,0,0
ariad,10000,32,0,335,0.00017798396584112197,0.968009375,0.9981875,320000,4800000,5120000,480.0,1843200000,0.013217000000622647,0.010495099999388913,1057.61328125,4.0,320,128,128,0,0
ariad,10000,32,0,336,0.00017798431508708745,0.968015625,0.99820625,320000,4800000,5120000,480.0,1843200000,0.01314989999991667,0.01040259999990667,1057.61328125,4.0,320,128,128,0,0
ariad,10000,32,0,337,0.000177984285983257,0.968028125,0.99823125,320000,4800000,5120000,480.0,1843200000,0.013056699999651755,0.01036039999962668,1057.61328125,4.0,320,128,128,0,0
ariad,10000,32,0,338,0.0001779816666385159,0.968034375,0.99825,320000,4800000,5120000,480.0,1843200000,0.013562600000113889,0.010751900000286696,1058.00390625,4.0,320,128,128,0,0
ariad,10000,32,0,339,0.0001779791055014357,0.96805,0.998278125,320000,4800000,5120000,480.0,1843200000,0.013171600000532635,0.010473100000126578,1058.1796875,4.0,320,128,128,0,0
ariad,10000,32,0,340,0.00017797660257201642,0.968065625,0.99830625,320000,4800000,5120000,480.0,1843200000,0.013420299999779672,0.010499799999706738,1057.61328125,4.0,320,128,128,0,0
ariad,10000,32,0,341,0.00017797559848986566,0.968071875,0.9983125,320000,4800000,5120000,480.0,1843200000,0.013199400000303285,0.010352100000091013,1057.61328125,4.0,320,128,128,0,0
ariad,10000,32,0,342,0.00017797360487747937,0.968084375,0.998325,320000,4800000,5120000,480.0,1843200000,0.013336400000298454,0.010562500000560249,1057.61328125,4.0,320,128,128,0,0
ariad,10000,32,0,343,0.00017797504551708698,0.9680875,0.998353125,320000,4800000,5120000,480.0,1843200000,0.013130999999702908,0.010452100000293285,1057.61328125,4.0,320,128,128,0,0
ariad,10000,32,0,344,0.00017797647160477936,0.9680875,0.998371875,320000,4800000,5120000,480.0,1843200000,0.013457899999593792,0.010565999999926134,1057.61328125,4.0,320,128,128,0,0
ariad,10000,32,0,345,0.00017797343025449663,0.968096875,0.998371875,320000,4800000,5120000,480.0,1843200000,0.013269799999761744,0.010485799999514711,1057.61328125,4.0,320,128,128,0,0
ariad,10000,32,0,346,0.00017797386681195349,0.968096875,0.998375,320000,4800000,5120000,480.0,1843200000,0.013075599999865517,0.010453299999426235,1058.00390625,4.0,320,128,128,0,0
ariad,10000,32,0,347,0.00017797066539060324,0.968109375,0.998403125,320000,4800000,5120000,480.0,1843200000,0.013198699999520613,0.010498099999495025,1058.1796875,4.0,320,128,128,0,0
ariad,10000,32,0,348,0.0001779801386874169,0.968109375,0.99843125,320000,4800000,5120000,480.0,1843200000,0.013117400000737689,0.01043019999997341,1057.61328125,4.0,320,128,128,0,0
ariad,10000,32,0,349,0.0001779816666385159,0.968115625,0.998428125,320000,4800000,5120000,480.0,1843200000,0.013111200000821555,0.010410200000478653,1057.61328125,4.0,320,128,128,0,0
ariad,10000,32,0,350,0.00017797724285628647,0.968125,0.998453125,320000,4800000,5120000,480.0,1843200000,0.013514600000235077,0.010691999999835389,1057.61328125,4.0,320,128,128,0,0
ariad,10000,32,0,351,0.00017797574400901794,0.968125,0.9984625,320000,4800000,5120000,480.0,1843200000,0.013194199999816192,0.010490000000572763,1057.61328125,4.0,320,128,128,0,0
ariad,10000,32,0,352,0.0001779776212060824,0.9681125,0.998478125,320000,4800000,5120000,480.0,1843200000,0.013164199999664561,0.01047530000050756,1057.61328125,4.0,320,128,128,0,0
ariad,10000,32,0,353,0.00017796624160837382,0.968128125,0.99849375,320000,4800000,5120000,480.0,1843200000,0.013129600000866049,0.010419399999591406,1057.61328125,4.0,320,128,128,0,0
ariad,10000,32,0,354,0.00017796744941733778,0.968125,0.998515625,320000,4800000,5120000,480.0,1843200000,0.013113699999848905,0.01041229999918869,1058.00390625,4.0,320,128,128,0,0
ariad,10000,32,0,355,0.00017796660540625453,0.968134375,0.998528125,320000,4800000,5120000,480.0,1843200000,0.013065699999970093,0.010393100000328559,1058.1796875,4.0,320,128,128,0,0
ariad,10000,32,0,356,0.00017796708561945707,0.96815625,0.998546875,320000,4800000,5120000,480.0,1843200000,0.01322710000022198,0.010540199999923061,1057.61328125,4.0,320,128,128,0,0
ariad,10000,32,0,357,0.0001779665908543393,0.96815625,0.998553125,320000,4800000,5120000,480.0,1843200000,0.013244000000668166,0.010485699999662756,1057.61328125,4.0,320,128,128,0,0
ariad,10000,32,0,358,0.00017796753672882915,0.9681625,0.998565625,320000,4800000,5120000,480.0,1843200000,0.013333500000044296,0.010605100000248058,1057.61328125,4.0,320,128,128,0,0
ariad,10000,32,0,359,0.0001779660233296454,0.96818125,0.998584375,320000,4800000,5120000,480.0,1843200000,0.013336099999833095,0.010635299999194103,1057.61328125,4.0,320,128,128,0,0
ariad,10000,32,0,360,0.00017796424799598753,0.9681875,0.9985875,320000,4800000,5120000,480.0,1843200000,0.01311840000016673,0.010435799999868323,1057.61328125,4.0,320,128,128,0,0
ariad,10000,32,0,361,0.00017796727479435503,0.96818125,0.9986,320000,4800000,5120000,480.0,1843200000,0.013233499999842024,0.010507299999517272,1057.61328125,4.0,320,128,128,0,0
ariad,10000,32,0,362,0.000177968802745454,0.968184375,0.998625,320000,4800000,5120000,480.0,1843200000,0.013386800000262156,0.010586999999759428,1058.00390625,4.0,320,128,128,0,0
ariad,10000,32,0,363,0.00017796744941733778,0.968190625,0.99865,320000,4800000,5120000,480.0,1843200000,0.013038000000051397,0.010372499999903084,1058.1796875,4.0,320,128,128,0,0
ariad,10000,32,0,364,0.00017796401516534388,0.96820625,0.99865625,320000,4800000,5120000,480.0,1843200000,0.013137199999619043,0.010439600000609062,1057.61328125,4.0,320,128,128,0,0
ariad,10000,32,0,365,0.00017796507745515555,0.96820625,0.998675,320000,4800000,5120000,480.0,1843200000,0.013092199999846343,0.0103796000003058,1057.61328125,4.0,320,128,128,0,0
ariad,10000,32,0,366,0.00017796701285988092,0.96821875,0.9986875,320000,4800000,5120000,480.0,1843200000,0.013180700000702927,0.010454199999912817,1057.61328125,4.0,320,128,128,0,0
ariad,10000,32,0,367,0.00017796675092540681,0.968221875,0.998684375,320000,4800000,5120000,480.0,1843200000,0.013063300000794698,0.010368499999458436,1057.61328125,4.0,320,128,128,0,0
ariad,10000,32,0,368,0.0001779648446245119,0.9682375,0.998696875,320000,4800000,5120000,480.0,1843200000,0.013187699999434699,0.010493900000255962,1057.61328125,4.0,320,128,128,0,0
ariad,10000,32,0,369,0.00017796723113860935,0.968228125,0.99871875,320000,4800000,5120000,480.0,1843200000,0.013358199999856879,0.010628400000314286,1057.61328125,4.0,320,128,128,0,0
ariad,10000,32,0,370,0.00017797014152165502,0.968225,0.998734375,320000,4800000,5120000,480.0,1843200000,0.013179600000512437,0.01047530000050756,1058.00390625,4.0,320,128,128,0,0
ariad,10000,32,0,371,0.0001779696176527068,0.968228125,0.998746875,320000,4800000,5120000,480.0,1843200000,0.013126299999385083,0.010399699999652512,1058.1796875,4.0,320,128,128,0,0
ariad,10000,32,0,372,0.00017797047621570528,0.96823125,0.998753125,320000,4800000,5120000,480.0,1843200000,0.013090299999930721,0.010357699999985925,1057.61328125,4.0,320,128,128,0,0
ariad,10000,32,0,373,0.00017796657630242407,0.96824375,0.9987625,320000,4800000,5120000,480.0,1843200000,0.013132500000210712,0.010439499999847612,1057.61328125,4.0,320,128,128,0,0
ariad,10000,32,0,374,0.0001779682352207601,0.9682375,0.99876875,320000,4800000,5120000,480.0,1843200000,0.013125299999956042,0.010431599999719765,1057.61328125,4.0,320,128,128,0,0
ariad,10000,32,0,375,0.00017796836618799716,0.968240625,0.998771875,320000,4800000,5120000,480.0,1843200000,0.013266699999803677,0.010513399999581452,1057.61328125,4.0,320,128,128,0,0
ariad,10000,32,0,376,0.00017796899192035198,0.96825625,0.998796875,320000,4800000,5120000,480.0,1843200000,0.01321379999990313,0.01051629999983561,1057.61328125,4.0,320,128,128,0,0
ariad,10000,32,0,377,0.00017796661995816976,0.968259375,0.998796875,320000,4800000,5120000,480.0,1843200000,0.013367500000640575,0.01038429999971413,1057.61328125,4.0,320,128,128,0,0
ariad,10000,32,0,378,0.0001779659796738997,0.968265625,0.998809375,320000,4800000,5120000,480.0,1843200000,0.013253299999632873,0.010543100000177219,1058.00390625,4.0,320,128,128,0,0
ariad,10000,32,0,379,0.0001779674057615921,0.968265625,0.998840625,320000,4800000,5120000,480.0,1843200000,0.013143000000127358,0.010444100000313483,1058.1796875,4.0,320,128,128,0,0
ariad,10000,32,0,380,0.00017796629981603473,0.96826875,0.998840625,320000,4800000,5120000,480.0,1843200000,0.013203999999859661,0.0105055000003631,1057.61328125,4.0,320,128,128,0,0
ariad,10000,32,0,381,0.00017796605243347585,0.968275,0.998853125,320000,4800000,5120000,480.0,1843200000,0.013544499999625259,0.010564700000031735,1057.61328125,4.0,320,128,128,0,0
ariad,10000,32,0,382,0.00017796554311644286,0.968275,0.9988625,320000,4800000,5120000,480.0,1843200000,0.01306380000005447,0.01036019999992277,1057.61328125,4.0,320,128,128,0,0
ariad,10000,32,0,383,0.0001779676094884053,0.96826875,0.998859375,320000,4800000,5120000,480.0,1843200000,0.013203800000155752,0.010469499999999243,1057.61328125,4.0,320,128,128,0,0
ariad,10000,32,0,384,0.0001779664889909327,0.9682875,0.998896875,320000,4800000,5120000,480.0,1843200000,0.013037700000495533,0.010335499999200692,1057.61328125,4.0,320,128,128,0,0
ariad,10000,32,0,385,0.00017796343308873475,0.968290625,0.998921875,320000,4800000,5120000,480.0,1843200000,0.016381599999476748,0.012971699999980046,1057.61328125,4.0,320,128,128,0,0
ariad,10000,32,0,386,0.00017796264728531241,0.968296875,0.99893125,320000,4800000,5120000,480.0,1843200000,0.013152399999853515,0.010427499999423162,1058.00390625,4.0,320,128,128,0,0
ariad,10000,32,0,387,0.00017796136671677232,0.9683,0.998940625,320000,4800000,5120000,480.0,1843200000,0.013200200000028417,0.01047030000063387,1058.1796875,4.0,320,128,128,0,0
ariad,10000,32,0,388,0.00017796468455344439,0.96829375,0.998946875,320000,4800000,5120000,480.0,1843200000,0.014269400000557653,0.010502099999939674,1057.61328125,4.0,320,128,128,0,0
ariad,10000,32,0,389,0.00017796595057006925,0.968296875,0.998959375,320000,4800000,5120000,480.0,1843200000,0.013235500000519096,0.010538500000620843,1057.61328125,4.0,320,128,128,0,0
ariad,10000,32,0,390,0.00017796627071220428,0.96828125,0.99896875,320000,4800000,5120000,480.0,1843200000,0.013098899999931746,0.010422600000310922,1057.61328125,4.0,320,128,128,0,0
ariad,10000,32,0,391,0.0001779635640559718,0.96829375,0.998984375,320000,4800000,5120000,480.0,1843200000,0.013627400000586931,0.010519500000555126,1057.61328125,4.0,320,128,128,0,0
ariad,10000,32,0,392,0.000177963258465752,0.968303125,0.999003125,320000,4800000,5120000,480.0,1843200000,0.013525299999855633,0.01049810000040452,1057.61328125,4.0,320,128,128,0,0
ariad,10000,32,0,393,0.00017796225438360125,0.968315625,0.999015625,320000,4800000,5120000,480.0,1843200000,0.013485899999977846,0.010394699999778823,1057.61328125,4.0,320,128,128,0,0
ariad,10000,32,0,394,0.00017795796156860888,0.968315625,0.999028125,320000,4800000,5120000,480.0,1843200000,0.013071000000309141,0.010380100000475068,1058.00390625,4.0,320,128,128,0,0
ariad,10000,32,0,395,0.00017795937310438603,0.968321875,0.999025,320000,4800000,5120000,480.0,1843200000,0.013129699999808508,0.010408199999801582,1058.1796875,4.0,320,128,128,0,0
ariad,10000,32,0,396,0.0001779605372576043,0.968309375,0.999040625,320000,4800000,5120000,480.0,1843200000,0.013453300000037416,0.010710499999731837,1057.61328125,4.0,320,128,128,0,0
ariad,10000,32,0,397,0.0001779583835741505,0.96831875,0.99905,320000,4800000,5120000,480.0,1843200000,0.013231299999461044,0.010487300000022515,1057.61328125,4.0,320,128,128,0,0
ariad,10000,32,0,398,0.00017796075553633273,0.968309375,0.99905625,320000,4800000,5120000,480.0,1843200000,0.01346910000029311,0.010299300000042422,1057.61328125,4.0,320,128,128,0,0
ariad,10000,32,0,399,0.00017795882013160735,0.968309375,0.99906875,320000,4800000,5120000,480.0,1843200000,0.013551799999731884,0.010656299999936891,1057.61328125,4.0,320,128,128,0,0
ariad,10000,32,0,400,0.00017795989697333425,0.968309375,0.999078125,320000,4800000,5120000,480.0,1843200000,0.013322599999810336,0.010534699999880104,1057.61328125,4.0,320,128,128,0,0
ariad,10000,32,0,401,0.00017796167230699211,0.968321875,0.999084375,320000,4800000,5120000,480.0,1843200000,0.01393389999975625,0.010400500000287138,1057.61328125,4.0,320,128,128,0,0
ariad,10000,32,0,402,0.0001779596641426906,0.968325,0.9991,320000,4800000,5120000,480.0,1843200000,0.013114800000039395,0.010430499999529275,1058.00390625,4.0,320,128,128,0,0
ariad,10000,32,0,403,0.0001779614540282637,0.968321875,0.99909375,320000,4800000,5120000,480.0,1843200000,0.013988499999868509,0.010438100000101258,1058.1796875,4.0,320,128,128,0,0
ariad,10000,32,0,404,0.00017795903841033578,0.968321875,0.999103125,320000,4800000,5120000,480.0,1843200000,0.014115599999968254,0.010463600000548468,1057.61328125,4.0,320,128,128,0,0
ariad,10000,32,0,405,0.00017796005704440176,0.968334375,0.999109375,320000,4800000,5120000,480.0,1843200000,0.013238699999419623,0.010485099999641534,1057.61328125,4.0,320,128,128,0,0
ariad,10000,32,0,406,0.00017795877647586167,0.96835,0.999115625,320000,4800000,5120000,480.0,1843200000,0.01310990000001766,0.010363699999288656,1057.61328125,4.0,320,128,128,0,0
ariad,10000,32,0,407,0.0001779619778972119,0.9683375,0.999140625,320000,4800000,5120000,480.0,1843200000,0.013224799999989045,0.01052720000006957,1057.61328125,4.0,320,128,128,0,0
ariad,10000,32,0,408,0.00017795688472688198,0.968346875,0.99915,320000,4800000,5120000,480.0,1843200000,0.013266300000395859,0.010585099999843806,1057.61328125,4.0,320,128,128,0,0
ariad,10000,32,0,409,0.00017795646272134036,0.96835,0.999153125,320000,4800000,5120000,480.0,1843200000,0.013231699999778357,0.010538600000472798,1057.61328125,4.0,320,128,128,0,0
ariad,10000,32,0,410,0.00017795087478589267,0.968365625,0.99916875,320000,4800000,5120000,480.0,1843200000,0.013054000000011001,0.010373600000093575,1058.00390625,4.0,320,128,128,0,0
ariad,10000,32,0,411,0.00017794985615182668,0.968378125,0.999165625,320000,4800000,5120000,480.0,1843200000,0.013336900000467722,0.010602999999719032,1058.1796875,4.0,320,128,128,0,0
ariad,10000,32,0,412,0.0001779502781573683,0.968375,0.999159375,320000,4800000,5120000,480.0,1843200000,0.013184100000216858,0.010480400000233203,1057.61328125,4.0,320,128,128,0,0
ariad,10000,32,0,413,0.00017795688472688198,0.9683875,0.999190625,320000,4800000,5120000,480.0,1843200000,0.0132117000002836,0.010576099999525468,1057.61328125,4.0,320,128,128,0,0
ariad,10000,32,0,414,0.00017795793246477842,0.9683875,0.999209375,320000,4800000,5120000,480.0,1843200000,0.013119299999743816,0.010419399999591406,1057.61328125,4.0,320,128,128,0,0
ariad,10000,32,0,415,0.00017795685562305152,0.968390625,0.999228125,320000,4800000,5120000,480.0,1843200000,0.013109099999383034,0.010390099999312952,1057.61328125,4.0,320,128,128,0,0
ariad,10000,32,0,416,0.00017795870371628553,0.96839375,0.999240625,320000,4800000,5120000,480.0,1843200000,0.013250700000753568,0.010546800000156509,1057.61328125,4.0,320,128,128,0,0
ariad,10000,32,0,417,0.0001779567392077297,0.96839375,0.99925,320000,4800000,5120000,480.0,1843200000,0.01349220000065543,0.010711300000366464,1057.61328125,4.0,320,128,128,0,0
ariad,10000,32,0,418,0.00017795739404391497,0.968390625,0.999246875,320000,4800000,5120000,480.0,1843200000,0.013188299999455921,0.01052849999996397,1058.00390625,4.0,320,128,128,0,0
ariad,10000,32,0,419,0.00017795557505451143,0.9683875,0.99926875,320000,4800000,5120000,480.0,1843200000,0.013122700000167242,0.010429699999804143,1058.1796875,4.0,320,128,128,0,0
ariad,10000,32,0,420,0.00017795780149754137,0.968384375,0.999278125,320000,4800000,5120000,480.0,1843200000,0.013091100000565348,0.010366999999860127,1057.61328125,4.0,320,128,128,0,0
ariad,10000,32,0,421,0.0001779564772732556,0.968390625,0.99928125,320000,4800000,5120000,480.0,1843200000,0.013134599999830243,0.010428099999444385,1057.61328125,4.0,320,128,128,0,0
ariad,10000,32,0,422,0.00017795825260691345,0.9683875,0.99928125,320000,4800000,5120000,480.0,1843200000,0.014572799999768904,0.010586800000055518,1057.61328125,4.0,320,128,128,0,0
ariad,10000,32,0,423,0.00017795748135540634,0.96839375,0.99928125,320000,4800000,5120000,480.0,1843200000,0.013536100000237639,0.010705900000175461,1057.61328125,4.0,320,128,128,0,0
ariad,10000,32,0,424,0.0001779621234163642,0.968390625,0.999284375,320000,4800000,5120000,480.0,1843200000,0.013151799999832292,0.010446199999933015,1057.61328125,4.0,320,128,128,0,0
ariad,10000,32,0,425,0.00017796235624700785,0.96838125,0.9992875,320000,4800000,5120000,480.0,1843200000,0.01308919999974023,0.010392899999715155,1057.61328125,4.0,320,128,128,0,0
ariad,10000,32,0,426,0.00017796106112655252,0.968384375,0.999303125,320000,4800000,5120000,480.0,1843200000,0.013098400000671973,0.010397300000477117,1058.00390625,4.0,320,128,128,0,0
ariad,10000,32,0,427,0.00017795758321881294,0.968403125,0.9993125,320000,4800000,5120000,480.0,1843200000,0.013163399999939429,0.01038669999979902,1058.1796875,4.0,320,128,128,0,0
ariad,10000,32,0,428,0.0001779554004315287,0.9684,0.99931875,320000,4800000,5120000,480.0,1843200000,0.013178399999560497,0.010484899999937625,1057.61328125,4.0,320,128,128,0,0
ariad,10000,32,0,429,0.0001779559243004769,0.9684,0.999309375,320000,4800000,5120000,480.0,1843200000,0.013151699999980337,0.010397900000498339,1057.61328125,4.0,320,128,128,0,0
ariad,10000,32,0,430,0.00017795295570977032,0.9684,0.999328125,320000,4800000,5120000,480.0,1843200000,0.013118500000018685,0.010461599999871396,1057.61328125,4.0,320,128,128,0,0
ariad,10000,32,0,431,0.00017795662279240787,0.96841875,0.99935625,320000,4800000,5120000,480.0,1843200000,0.013099499999952968,0.010416999999506515,1057.61328125,4.0,320,128,128,0,0
ariad,10000,32,0,432,0.00017795419262256473,0.968425,0.99935625,320000,4800000,5120000,480.0,1843200000,0.013080300000183342,0.010389600000053179,1057.61328125,4.0,320,128,128,0,0
ariad,10000,32,0,433,0.00017795470193959773,0.96843125,0.999375,320000,4800000,5120000,480.0,1843200000,0.013070500000139873,0.010353399999985413,1057.61328125,4.0,320,128,128,0,0
ariad,10000,32,0,434,0.0001779544836608693,0.96843125,0.999375,320000,4800000,5120000,480.0,1843200000,0.013228499999968335,0.010474299999259529,1058.00390625,4.0,320,128,128,0,0
ariad,10000,32,0,435,0.00017795231542550027,0.968440625,0.9993875,320000,4800000,5120000,480.0,1843200000,0.013563900000008289,0.010533099999520346,1058.1796875,4.0,320,128,128,0,0
ariad,10000,32,0,436,0.00017795409075915813,0.968428125,0.99939375,320000,4800000,5120000,480.0,1843200000,0.013230399999883957,0.010445300000355928,1057.61328125,4.0,320,128,128,0,0
ariad,10000,32,0,437,0.0001779538142727688,0.968434375,0.999409375,320000,4800000,5120000,480.0,1843200000,0.014436399999794958,0.010553500000241911,1057.61328125,4.0,320,128,128,0,0
ariad,10000,32,0,438,0.00017795288295019418,0.9684375,0.9994,320000,4800000,5120000,480.0,1843200000,0.013104799999382521,0.01041480000003503,1057.61328125,4.0,320,128,128,0,0
ariad,10000,32,0,439,0.00017795211169868708,0.96844375,0.999409375,320000,4800000,5120000,480.0,1843200000,0.013203299999986484,0.010519899999962945,1057.61328125,4.0,320,128,128,0,0
ariad,10000,32,0,440,0.00017795272287912667,0.96844375,0.999415625,320000,4800000,5120000,480.0,1843200000,0.013688799999727053,0.010445800000525196,1057.61328125,4.0,320,128,128,0,0
ariad,10000,32,0,441,0.00017795285384636372,0.968446875,0.999425,320000,4800000,5120000,480.0,1843200000,0.013990999999805354,0.010639000000082888,1057.61328125,4.0,320,128,128,0,0
ariad,10000,32,0,442,0.00017795168969314545,0.968453125,0.9994125,320000,4800000,5120000,480.0,1843200000,0.013645299999552662,0.010463900000104331,1058.00390625,4.0,320,128,128,0,0
ariad,10000,32,0,443,0.00017795209714677185,0.96845625,0.999421875,320000,4800000,5120000,480.0,1843200000,0.013364400000682508,0.0105890000004365,1058.1796875,4.0,320,128,128,0,0
ariad,10000,32,0,444,0.00017795177700463682,0.9684625,0.999434375,320000,4800000,5120000,480.0,1843200000,0.01316430000042601,0.010422800000014831,1057.61328125,4.0,320,128,128,0,0
ariad,10000,32,0,445,0.0001779531012289226,0.96845625,0.999421875,320000,4800000,5120000,480.0,1843200000,0.013817500000186556,0.011046599999644968,1057.61328125,4.0,320,128,128,0,0
ariad,10000,32,0,446,0.00017795224266592413,0.96845625,0.999434375,320000,4800000,5120000,480.0,1843200000,0.013214000000516535,0.01046889999997802,1057.61328125,4.0,320,128,128,0,0
ariad,10000,32,0,447,0.0001779510494088754,0.968465625,0.9994125,320000,4800000,5120000,480.0,1843200000,0.013556599999901664,0.010751699999673292,1057.61328125,4.0,320,128,128,0,0
ariad,10000,32,0,448,0.00017795231542550027,0.9684625,0.999425,320000,4800000,5120000,480.0,1843200000,0.014527499999530846,0.010591600000225299,1057.61328125,4.0,320,128,128,0,0
ariad,10000,32,0,449,0.00017794941959436983,0.968459375,0.999425,320000,4800000,5120000,480.0,1843200000,0.013509399999747984,0.010770600000796549,1057.61328125,4.0,320,128,128,0,0
ariad,10000,32,0,450,0.00017794952145777643,0.968459375,0.9994375,320000,4800000,5120000,480.0,1843200000,0.013162399999600893,0.010470500000337779,1058.00390625,4.0,320,128,128,0,0
ariad,10000,32,0,451,0.0001779503800207749,0.968453125,0.9994375,320000,4800000,5120000,480.0,1843200000,0.01338110000051529,0.010622300000250107,1058.1796875,4.0,320,128,128,0,0
ariad,10000,32,0,452,0.0001779514568625018,0.96845625,0.999446875,320000,4800000,5120000,480.0,1843200000,0.0134461999996347,0.01062290000027133,1057.61328125,4.0,320,128,128,0,0
ariad,10000,32,0,453,0.000177951660589315,0.968459375,0.99943125,320000,4800000,5120000,480.0,1843200000,0.013825199999700999,0.011057099999561615,1057.61328125,4.0,320,128,128,0,0
ariad,10000,32,0,454,0.00017795004532672465,0.968465625,0.999459375,320000,4800000,5120000,480.0,1843200000,0.013370499999837193,0.010599899999760964,1057.61328125,4.0,320,128,128,0,0
ariad,10000,32,0,455,0.00017795072926674038,0.968471875,0.9994625,320000,4800000,5120000,480.0,1843200000,0.013483200000337092,0.010725199999797042,1057.61328125,4.0,320,128,128,0,0
ariad,10000,32,0,456,0.00017794892482925206,0.968484375,0.999484375,320000,4800000,5120000,480.0,1843200000,0.01320450000002893,0.010466300000189221,1057.61328125,4.0,320,128,128,0,0
ariad,10000,32,0,457,0.0001779496087692678,0.9684875,0.99946875,320000,4800000,5120000,480.0,1843200000,0.013952600000266102,0.010750599999482802,1057.61328125,4.0,320,128,128,0,0
ariad,10000,32,0,458,0.0001779496087692678,0.968484375,0.9994875,320000,4800000,5120000,480.0,1843200000,0.013323700000000827,0.01059480000003532,1058.00390625,4.0,320,128,128,0,0
ariad,10000,32,0,459,0.00017795090388972312,0.968478125,0.9994875,320000,4800000,5120000,480.0,1843200000,0.013762800000222342,0.010985400000208756,1058.1796875,4.0,320,128,128,0,0
ariad,10000,32,0,460,0.00017794895393308252,0.968484375,0.999484375,320000,4800000,5120000,480.0,1843200000,0.013138199999957578,0.010459199999786506,1057.61328125,4.0,320,128,128,0,0
ariad,10000,32,0,461,0.00017795093299355358,0.968484375,0.9994875,320000,4800000,5120000,480.0,1843200000,0.013713100000131817,0.010542699999859906,1057.61328125,4.0,320,128,128,0,0
ariad,10000,32,0,462,0.00017795029270928353,0.9684875,0.99949375,320000,4800000,5120000,480.0,1843200000,0.013188099999752012,0.010488900000382273,1057.61328125,4.0,320,128,128,0,0
ariad,10000,32,0,463,0.00017794896848499775,0.96849375,0.9995,320000,4800000,5120000,480.0,1843200000,0.013271499999973457,0.010504800000489922,1057.61328125,4.0,320,128,128,0,0
ariad,10000,32,0,464,0.00017794895393308252,0.968490625,0.9995,320000,4800000,5120000,480.0,1843200000,0.013407599999482045,0.010584800000287942,1057.61328125,4.0,320,128,128,0,0
ariad,10000,32,0,465,0.0001779487356543541,0.968484375,0.999503125,320000,4800000,5120000,480.0,1843200000,0.013235399999757647,0.010479200000190758,1057.61328125,4.0,320,128,128,0,0
ariad,10000,32,0,466,0.0001779487356543541,0.96849375,0.9995125,320000,4800000,5120000,480.0,1843200000,0.013225800000327581,0.0104618000004848,1058.00390625,4.0,320,128,128,0,0
ariad,10000,32,0,467,0.00017794908490031958,0.968496875,0.99949375,320000,4800000,5120000,480.0,1843200000,0.013269600000057835,0.010469699999703153,1058.1796875,4.0,320,128,128,0,0
ariad,10000,32,0,468,0.00017794901214074343,0.9684875,0.999509375,320000,4800000,5120000,480.0,1843200000,0.01316450000012992,0.010413899999548448,1057.61328125,4.0,320,128,128,0,0
ariad,10000,32,0,469,0.00017794880841393024,0.96849375,0.999521875,320000,4800000,5120000,480.0,1843200000,0.01326840000001539,0.010539599999901839,1057.61328125,4.0,320,128,128,0,0
ariad,10000,32,0,470,0.0001779472950147465,0.9685,0.999528125,320000,4800000,5120000,480.0,1843200000,0.013191400000323483,0.010476200000084646,1057.61328125,4.0,320,128,128,0,0
ariad,10000,32,0,471,0.0001779480662662536,0.96850625,0.99955625,320000,4800000,5120000,480.0,1843200000,0.013438799999676121,0.010656399999788846,1057.61328125,4.0,320,128,128,0,0
ariad,10000,32,0,472,0.0001779489975888282,0.96850625,0.9995375,320000,4800000,5120000,480.0,1843200000,0.013159600000108185,0.010406599999441823,1057.61328125,4.0,320,128,128,0,0
ariad,10000,32,0,473,0.0001779480226105079,0.9685125,0.999540625,320000,4800000,5120000,480.0,1843200000,0.013115200000356708,0.010397999999440799,1057.61328125,4.0,320,128,128,0,0
ariad,10000,32,0,474,0.00017795026360545307,0.968503125,0.999559375,320000,4800000,5120000,480.0,1843200000,0.013165900000785768,0.010480099999767845,1058.00390625,4.0,320,128,128,0,0
ariad,10000,32,0,475,0.00017795026360545307,0.968496875,0.9995625,320000,4800000,5120000,480.0,1843200000,0.013511400000425056,0.010770600000796549,1058.1796875,4.0,320,128,128,0,0
ariad,10000,32,0,476,0.00017795014719013125,0.96850625,0.999553125,320000,4800000,5120000,480.0,1843200000,0.013190500000746397,0.010472300000401447,1057.61328125,4.0,320,128,128,0,0
ariad,10000,32,0,477,0.00017794941959436983,0.968503125,0.999571875,320000,4800000,5120000,480.0,1843200000,0.014266099999986182,0.010455999999976484,1057.61328125,4.0,320,128,128,0,0
ariad,10000,32,0,478,0.00017794898303691298,0.9685,0.999578125,320000,4800000,5120000,480.0,1843200000,0.013210199999775796,0.010423600000649458,1057.61328125,4.0,320,128,128,0,0
ariad,10000,32,0,479,0.00017795154417399317,0.9685,0.999575,320000,4800000,5120000,480.0,1843200000,0.013257399999929476,0.010457799999130657,1057.61328125,4.0,320,128,128,0,0
ariad,10000,32,0,480,0.00017795000167097896,0.96850625,0.999590625,320000,4800000,5120000,480.0,1843200000,0.013275199999952747,0.010478299999704177,1057.61328125,4.0,320,128,128,0,0
ariad,10000,32,0,481,0.0001779537706170231,0.96850625,0.999596875,320000,4800000,5120000,480.0,1843200000,0.013292399999954796,0.010499699999854784,1057.61328125,4.0,320,128,128,0,0
ariad,10000,32,0,482,0.00017795209714677185,0.968503125,0.9996,320000,4800000,5120000,480.0,1843200000,0.013174900000194611,0.010454799999934039,1058.00390625,4.0,320,128,128,0,0
ariad,10000,32,0,483,0.00017795106396079063,0.9685,0.999609375,320000,4800000,5120000,480.0,1843200000,0.013504799999282113,0.01072050000038871,1058.1796875,4.0,320,128,128,0,0
ariad,10000,32,0,484,0.0001779527956387028,0.9685,0.999596875,320000,4800000,5120000,480.0,1843200000,0.013308900000083668,0.010540199999923061,1057.61328125,4.0,320,128,128,0,0
ariad,10000,32,0,485,0.00017795136955101043,0.96850625,0.9996,320000,4800000,5120000,480.0,1843200000,0.013065199999800825,0.01032409999970696,1057.61328125,4.0,320,128,128,0,0
ariad,10000,32,0,486,0.00017794994346331805,0.968509375,0.9995875,320000,4800000,5120000,480.0,1843200000,0.013532999999370077,0.010483099999873957,1057.61328125,4.0,320,128,128,0,0
ariad,10000,32,0,487,0.000177952999365516,0.968503125,0.999603125,320000,4800000,5120000,480.0,1843200000,0.013206899999204325,0.010372599999755039,1057.61328125,4.0,320,128,128,0,0
ariad,10000,32,0,488,0.0001779493468347937,0.968515625,0.999603125,320000,4800000,5120000,480.0,1843200000,0.013099699999656877,0.010393600000497827,1057.61328125,4.0,320,128,128,0,0
ariad,10000,32,0,489,0.00017794784798752517,0.968509375,0.9996125,320000,4800000,5120000,480.0,1843200000,0.013456299999234034,0.010710399999879883,1057.61328125,4.0,320,128,128,0,0
ariad,10000,32,0,490,0.0001779489393811673,0.968509375,0.999603125,320000,4800000,5120000,480.0,1843200000,0.013273899999148853,0.010543999999754305,1058.00390625,4.0,320,128,128,0,0
ariad,10000,32,0,491,0.00017794787709135562,0.9685125,0.999603125,320000,4800000,5120000,480.0,1843200000,0.013249499999801628,0.010546299999987241,1058.1796875,4.0,320,128,128,0,0
ariad,10000,32,0,492,0.00017794720770325512,0.968515625,0.9996125,320000,4800000,5120000,480.0,1843200000,0.013179700000364392,0.010519299999941722,1057.61328125,4.0,320,128,128,0,0
ariad,10000,32,0,493,0.00017795045278035104,0.96851875,0.9996125,320000,4800000,5120000,480.0,1843200000,0.013112700000419863,0.010412800000267453,1057.61328125,4.0,320,128,128,0,0
ariad,10000,32,0,494,0.00017795138410292566,0.968515625,0.999609375,320000,4800000,5120000,480.0,1843200000,0.013469700000314333,0.010344599999370985,1057.61328125,4.0,320,128,128,0,0
ariad,10000,32,0,495,0.0001779509912012145,0.96851875,0.99961875,320000,4800000,5120000,480.0,1843200000,0.01499359999979788,0.010704299999815703,1057.61328125,4.0,320,128,128,0,0
ariad,10000,32,0,496,0.00017794931773096323,0.968515625,0.999609375,320000,4800000,5120000,480.0,1843200000,0.0131837999997515,0.010453100000631821,1057.61328125,4.0,320,128,128,0,0
ariad,10000,32,0,497,0.00017795208259485662,0.968521875,0.99961875,320000,4800000,5120000,480.0,1843200000,0.013215699999818753,0.010511000000406057,1057.61328125,4.0,320,128,128,0,0
ariad,10000,32,0,498,0.00017795225721783936,0.968525,0.999625,320000,4800000,5120000,480.0,1843200000,0.013020800000049348,0.010328100000151608,1058.00390625,4.0,320,128,128,0,0
ariad,10000,32,0,499,0.00017795000167097896,0.968525,0.99961875,320000,4800000,5120000,480.0,1843200000,0.013173299999834853,0.010481999999683467,1058.1796875,4.0,320,128,128,0,0
ariad,10000,32,0,500,0.00017795052553992718,0.968525,0.9996375,320000,4800000,5120000,480.0,1843200000,0.013044100000115577,0.010353499999837368,1057.61328125,4.0,320,128,128,0,0
