method,n,k,seed,epoch,mse,teacher_match,match_exhaustive,attn_scores,search_scores,total_scores,c_scored,est_flops,step_time_s,search_time_s,peak_mem_mb
dense,10000,32,0,1,0.12396298348903656,0.12301875,1.0,100000000,0,100000000,0.0,77783040000,0.25638009999966016,0.0,1659.2119140625
dense,10000,32,0,2,0.11616287380456924,0.12126875,1.0,100000000,0,100000000,0.0,77783040000,0.015943600000355218,0.0,1659.3369140625
dense,10000,32,0,3,0.11284394562244415,0.11805,1.0,100000000,0,100000000,0.0,77783040000,0.01671119999991788,0.0,1659.3369140625
dense,10000,32,0,4,0.11140618473291397,0.114828125,1.0,100000000,0,100000000,0.0,77783040000,0.016078399999969406,0.0,1659.3369140625
dense,10000,32,0,5,0.11075685918331146,0.11221875,1.0,100000000,0,100000000,0.0,77783040000,0.01605239999935293,0.0,1659.3369140625
dense,10000,32,0,6,0.11042311787605286,0.110790625,1.0,100000000,0,100000000,0.0,77783040000,0.016050100000029488,0.0,1659.3369140625
dense,10000,32,0,7,0.11020524799823761,0.110928125,1.0,100000000,0,100000000,0.0,77783040000,0.015765899999678368,0.0,1659.3369140625
dense,10000,32,0,8,0.11002443730831146,0.11225625,1.0,100000000,0,100000000,0.0,77783040000,0.015799699999661243,0.0,1659.3369140625
dense,10000,32,0,9,0.10985324531793594,0.1146875,1.0,100000000,0,100000000,0.0,77783040000,0.01582189999953698,0.0,1659.3369140625
dense,10000,32,0,10,0.10968471318483353,0.117809375,1.0,100000000,0,100000000,0.0,77783040000,0.01593959999991057,0.0,1659.3369140625
dense,10000,32,0,11,0.10951898992061615,0.12166875,1.0,100000000,0,100000000,0.0,77783040000,0.015516200000092795,0.0,1659.3369140625
dense,10000,32,0,12,0.10935764014720917,0.126325,1.0,100000000,0,100000000,0.0,77783040000,0.016098500000225613,0.0,1659.3369140625
dense,10000,32,0,13,0.10920151323080063,0.132078125,1.0,100000000,0,100000000,0.0,77783040000,0.015726900000117894,0.0,1659.3369140625
dense,10000,32,0,14,0.10905051231384277,0.137996875,1.0,100000000,0,100000000,0.0,77783040000,0.015459899999768822,0.0,1659.3369140625
dense,10000,32,0,15,0.1089039295911789,0.144946875,1.0,100000000,0,100000000,0.0,77783040000,0.015458799999578332,0.0,1659.3369140625
dense,10000,32,0,16,0.10876105725765228,0.15171875,1.0,100000000,0,100000000,0.0,77783040000,0.015451100000063889,0.0,1659.3369140625
dense,10000,32,0,17,0.10862143337726593,0.159203125,1.0,100000000,0,100000000,0.0,77783040000,0.015489800000068499,0.0,1659.3369140625
dense,10000,32,0,18,0.10848478972911835,0.16700625,1.0,100000000,0,100000000,0.0,77783040000,0.01571440000043367,0.0,1659.3369140625
dense,10000,32,0,19,0.10835099965333939,0.17560625,1.0,100000000,0,100000000,0.0,77783040000,0.015455900000233669,0.0,1659.3369140625
dense,10000,32,0,20,0.10821999609470367,0.184296875,1.0,100000000,0,100000000,0.0,77783040000,0.015663299999687297,0.0,1659.3369140625
dense,10000,32,0,21,0.10809154808521271,0.19315625,1.0,100000000,0,100000000,0.0,77783040000,0.015936799999508366,0.0,1659.3369140625
dense,10000,32,0,22,0.10796530544757843,0.20255625,1.0,100000000,0,100000000,0.0,77783040000,0.016038799999478215,0.0,1659.3369140625
dense,10000,32,0,23,0.10784086585044861,0.21215625,1.0,100000000,0,100000000,0.0,77783040000,0.016073200000391807,0.0,1659.3369140625
dense,10000,32,0,24,0.10771790146827698,0.221715625,1.0,100000000,0,100000000,0.0,77783040000,0.01586090000000695,0.0,1659.3369140625
dense,10000,32,0,25,0.10759639739990234,0.2311875,1.0,100000000,0,100000000,0.0,77783040000,0.01596719999997731,0.0,1659.3369140625
dense,10000,32,0,26,0.107476606965065,0.240628125,1.0,100000000,0,100000000,0.0,77783040000,0.016043099999478727,0.0,1659.3369140625
dense,10000,32,0,27,0.10735881328582764,0.249584375,1.0,100000000,0,100000000,0.0,77783040000,0.01605299999937415,0.0,1659.3369140625
dense,10000,32,0,28,0.10724302381277084,0.258565625,1.0,100000000,0,100000000,0.0,77783040000,0.01612479999948846,0.0,1659.3369140625
dense,10000,32,0,29,0.10712880641222,0.267128125,1.0,100000000,0,100000000,0.0,77783040000,0.016118500000629865,0.0,1659.3369140625
dense,10000,32,0,30,0.10701518505811691,0.275434375,1.0,100000000,0,100000000,0.0,77783040000,0.016022800000428106,0.0,1659.3369140625
dense,10000,32,0,31,0.10690099745988846,0.28361875,1.0,100000000,0,100000000,0.0,77783040000,0.01610660000005737,0.0,1659.3369140625
dense,10000,32,0,32,0.10678519308567047,0.291296875,1.0,100000000,0,100000000,0.0,77783040000,0.01610389999950712,0.0,1659.3369140625
dense,10000,32,0,33,0.10666689276695251,0.29871875,1.0,100000000,0,100000000,0.0,77783040000,0.01596129999961704,0.0,1659.3369140625
dense,10000,32,0,34,0.1065453439950943,0.305915625,1.0,100000000,0,100000000,0.0,77783040000,0.01603830000021844,0.0,1659.3369140625
dense,10000,32,0,35,0.10641969740390778,0.313084375,1.0,100000000,0,100000000,0.0,77783040000,0.01626600000054168,0.0,1659.3369140625
dense,10000,32,0,36,0.1062885969877243,0.31979375,1.0,100000000,0,100000000,0.0,77783040000,0.01606790000005276,0.0,1659.3369140625
dense,10000,32,0,37,0.10615012049674988,0.32620625,1.0,100000000,0,100000000,0.0,77783040000,0.016065400000115915,0.0,1659.3369140625
dense,10000,32,0,38,0.1060020700097084,0.33210625,1.0,100000000,0,100000000,0.0,77783040000,0.015983300000698364,0.0,1659.3369140625
dense,10000,32,0,39,0.10584224760532379,0.337728125,1.0,100000000,0,100000000,0.0,77783040000,0.01625069999954576,0.0,1659.3369140625
dense,10000,32,0,40,0.10566861182451248,0.342903125,1.0,100000000,0,100000000,0.0,77783040000,0.016048999999838998,0.0,1659.3369140625
dense,10000,32,0,41,0.1054791510105133,0.34743125,1.0,100000000,0,100000000,0.0,77783040000,0.016021099999306898,0.0,1659.3369140625
dense,10000,32,0,42,0.10527189821004868,0.351753125,1.0,100000000,0,100000000,0.0,77783040000,0.016045800000028976,0.0,1659.3369140625
dense,10000,32,0,43,0.10504555702209473,0.35570625,1.0,100000000,0,100000000,0.0,77783040000,0.016254899999694317,0.0,1659.3369140625
dense,10000,32,0,44,0.10479958355426788,0.3596375,1.0,100000000,0,100000000,0.0,77783040000,0.016010399999686342,0.0,1659.3369140625
dense,10000,32,0,45,0.10453206300735474,0.3638375,1.0,100000000,0,100000000,0.0,77783040000,0.015810699999747158,0.0,1659.3369140625
dense,10000,32,0,46,0.10423747450113297,0.3683875,1.0,100000000,0,100000000,0.0,77783040000,0.016052899999522197,0.0,1659.3369140625
dense,10000,32,0,47,0.10390761494636536,0.373271875,1.0,100000000,0,100000000,0.0,77783040000,0.01593810000031226,0.0,1659.3369140625
dense,10000,32,0,48,0.10353520512580872,0.379109375,1.0,100000000,0,100000000,0.0,77783040000,0.01608479999958945,0.0,1659.3369140625
dense,10000,32,0,49,0.10311581939458847,0.3849875,1.0,100000000,0,100000000,0.0,77783040000,0.015771200000017416,0.0,1659.3369140625
dense,10000,32,0,50,0.10264666378498077,0.391534375,1.0,100000000,0,100000000,0.0,77783040000,0.016006300000299234,0.0,1659.3369140625
dense,10000,32,0,51,0.10212395340204239,0.39860625,1.0,100000000,0,100000000,0.0,77783040000,0.015456099999937578,0.0,1659.3369140625
dense,10000,32,0,52,0.10154217481613159,0.406290625,1.0,100000000,0,100000000,0.0,77783040000,0.015435999999681371,0.0,1659.3369140625
dense,10000,32,0,53,0.10089579969644547,0.4139875,1.0,100000000,0,100000000,0.0,77783040000,0.015450400000190712,0.0,1659.3369140625
dense,10000,32,0,54,0.10018018633127213,0.421628125,1.0,100000000,0,100000000,0.0,77783040000,0.015495200000259501,0.0,1659.3369140625
dense,10000,32,0,55,0.09938994795084,0.42973125,1.0,100000000,0,100000000,0.0,77783040000,0.015434099999765749,0.0,1659.3369140625
dense,10000,32,0,56,0.09851803630590439,0.43783125,1.0,100000000,0,100000000,0.0,77783040000,0.015432000000146218,0.0,1659.3369140625
dense,10000,32,0,57,0.09755630046129227,0.446028125,1.0,100000000,0,100000000,0.0,77783040000,0.01566819999970903,0.0,1659.3369140625
dense,10000,32,0,58,0.09649375826120377,0.4547,1.0,100000000,0,100000000,0.0,77783040000,0.015481099999306025,0.0,1659.3369140625
dense,10000,32,0,59,0.09531477093696594,0.463803125,1.0,100000000,0,100000000,0.0,77783040000,0.015429000000040105,0.0,1659.3369140625
dense,10000,32,0,60,0.0940004512667656,0.473778125,1.0,100000000,0,100000000,0.0,77783040000,0.015435799999977462,0.0,1659.3369140625
dense,10000,32,0,61,0.09252916276454926,0.483996875,1.0,100000000,0,100000000,0.0,77783040000,0.015646200000446697,0.0,1659.3369140625
dense,10000,32,0,62,0.09087257832288742,0.494659375,1.0,100000000,0,100000000,0.0,77783040000,0.01566030000049068,0.0,1659.3369140625
dense,10000,32,0,63,0.08899299055337906,0.50575,1.0,100000000,0,100000000,0.0,77783040000,0.015679000000091037,0.0,1659.3369140625
dense,10000,32,0,64,0.08684468269348145,0.51830625,1.0,100000000,0,100000000,0.0,77783040000,0.015459399999599555,0.0,1659.3369140625
dense,10000,32,0,65,0.08437500149011612,0.5311625,1.0,100000000,0,100000000,0.0,77783040000,0.015443000000232132,0.0,1659.3369140625
dense,10000,32,0,66,0.08152228593826294,0.5452125,1.0,100000000,0,100000000,0.0,77783040000,0.015798499999618798,0.0,1659.3369140625
dense,10000,32,0,67,0.07821468263864517,0.56024375,1.0,100000000,0,100000000,0.0,77783040000,0.01544489999923826,0.0,1659.3369140625
dense,10000,32,0,68,0.07437792420387268,0.575284375,1.0,100000000,0,100000000,0.0,77783040000,0.01543020000008255,0.0,1659.3369140625
dense,10000,32,0,69,0.06995426118373871,0.5910125,1.0,100000000,0,100000000,0.0,77783040000,0.016384400000788446,0.0,1659.3369140625
dense,10000,32,0,70,0.06494168192148209,0.606128125,1.0,100000000,0,100000000,0.0,77783040000,0.015583399999741232,0.0,1659.3369140625
dense,10000,32,0,71,0.05942244827747345,0.621575,1.0,100000000,0,100000000,0.0,77783040000,0.01545310000074096,0.0,1659.3369140625
dense,10000,32,0,72,0.05356527119874954,0.63684375,1.0,100000000,0,100000000,0.0,77783040000,0.015438300000823801,0.0,1659.3369140625
dense,10000,32,0,73,0.04760819673538208,0.65105625,1.0,100000000,0,100000000,0.0,77783040000,0.015435999999681371,0.0,1659.3369140625
dense,10000,32,0,74,0.04182308167219162,0.666103125,1.0,100000000,0,100000000,0.0,77783040000,0.015479100000447943,0.0,1659.3369140625
dense,10000,32,0,75,0.036483265459537506,0.68013125,1.0,100000000,0,100000000,0.0,77783040000,0.015514900000198395,0.0,1659.3369140625
dense,10000,32,0,76,0.031801436096429825,0.693934375,1.0,100000000,0,100000000,0.0,77783040000,0.01568200000019715,0.0,1659.3369140625
dense,10000,32,0,77,0.027887508273124695,0.707259375,1.0,100000000,0,100000000,0.0,77783040000,0.01541929999984859,0.0,1659.3369140625
dense,10000,32,0,78,0.024767080321907997,0.7207,1.0,100000000,0,100000000,0.0,77783040000,0.015434300000379153,0.0,1659.3369140625
dense,10000,32,0,79,0.022349433973431587,0.734078125,1.0,100000000,0,100000000,0.0,77783040000,0.015454800000043178,0.0,1659.3369140625
dense,10000,32,0,80,0.02042767032980919,0.74656875,1.0,100000000,0,100000000,0.0,77783040000,0.015411200000016834,0.0,1659.3369140625
dense,10000,32,0,81,0.018802981823682785,0.7585,1.0,100000000,0,100000000,0.0,77783040000,0.015446899999915331,0.0,1659.3369140625
dense,10000,32,0,82,0.017367925494909286,0.769115625,1.0,100000000,0,100000000,0.0,77783040000,0.015454399999725865,0.0,1659.3369140625
dense,10000,32,0,83,0.016059689223766327,0.779246875,1.0,100000000,0,100000000,0.0,77783040000,0.015461200000572717,0.0,1659.3369140625
dense,10000,32,0,84,0.01483309268951416,0.7885375,1.0,100000000,0,100000000,0.0,77783040000,0.015715100000306848,0.0,1659.3369140625
dense,10000,32,0,85,0.013633396476507187,0.7979125,1.0,100000000,0,100000000,0.0,77783040000,0.015426599999955215,0.0,1659.3369140625
dense,10000,32,0,86,0.01242983527481556,0.807484375,1.0,100000000,0,100000000,0.0,77783040000,0.015450199999577308,0.0,1659.3369140625
dense,10000,32,0,87,0.01124969869852066,0.81653125,1.0,100000000,0,100000000,0.0,77783040000,0.015452199999344884,0.0,1659.3369140625
dense,10000,32,0,88,0.010140256956219673,0.8255625,1.0,100000000,0,100000000,0.0,77783040000,0.015467599999283266,0.0,1659.3369140625
dense,10000,32,0,89,0.009140918031334877,0.83386875,1.0,100000000,0,100000000,0.0,77783040000,0.015509199999542034,0.0,1659.3369140625
dense,10000,32,0,90,0.00826382078230381,0.8418375,1.0,100000000,0,100000000,0.0,77783040000,0.015479400000003807,0.0,1659.3369140625
dense,10000,32,0,91,0.0074946279637515545,0.8487625,1.0,100000000,0,100000000,0.0,77783040000,0.015489700000216544,0.0,1659.3369140625
dense,10000,32,0,92,0.0068197669461369514,0.855296875,1.0,100000000,0,100000000,0.0,77783040000,0.015457100000276114,0.0,1659.3369140625
dense,10000,32,0,93,0.006230912636965513,0.86233125,1.0,100000000,0,100000000,0.0,77783040000,0.015426099999785947,0.0,1659.3369140625
dense,10000,32,0,94,0.005717812106013298,0.8682,1.0,100000000,0,100000000,0.0,77783040000,0.01545070000065607,0.0,1659.3369140625
dense,10000,32,0,95,0.0052671246230602264,0.87416875,1.0,100000000,0,100000000,0.0,77783040000,0.0154448000002958,0.0,1659.3369140625
dense,10000,32,0,96,0.004859201144427061,0.87963125,1.0,100000000,0,100000000,0.0,77783040000,0.015482900000279187,0.0,1659.3369140625
dense,10000,32,0,97,0.0044778636656701565,0.88440625,1.0,100000000,0,100000000,0.0,77783040000,0.015655799999876763,0.0,1659.3369140625
dense,10000,32,0,98,0.004116533789783716,0.88935625,1.0,100000000,0,100000000,0.0,77783040000,0.015475100000003295,0.0,1659.3369140625
dense,10000,32,0,99,0.0037690075114369392,0.89433125,1.0,100000000,0,100000000,0.0,77783040000,0.015445699999872886,0.0,1659.3369140625
dense,10000,32,0,100,0.003430294804275036,0.899421875,1.0,100000000,0,100000000,0.0,77783040000,0.015436900000167952,0.0,1659.3369140625
dense,10000,32,0,101,0.0031053212005645037,0.9047,1.0,100000000,0,100000000,0.0,77783040000,0.01553909999984171,0.0,1659.3369140625
dense,10000,32,0,102,0.0028041359037160873,0.910453125,1.0,100000000,0,100000000,0.0,77783040000,0.015498699999625387,0.0,1659.3369140625
dense,10000,32,0,103,0.0025372598320245743,0.916509375,1.0,100000000,0,100000000,0.0,77783040000,0.015434400000231108,0.0,1659.3369140625
dense,10000,32,0,104,0.002311765681952238,0.921621875,1.0,100000000,0,100000000,0.0,77783040000,0.015434799999638926,0.0,1659.3369140625
dense,10000,32,0,105,0.0021273281890898943,0.92643125,1.0,100000000,0,100000000,0.0,77783040000,0.015441800000189687,0.0,1659.3369140625
dense,10000,32,0,106,0.0019784492906183004,0.93035,1.0,100000000,0,100000000,0.0,77783040000,0.015431900000294263,0.0,1659.3369140625
dense,10000,32,0,107,0.0018600650364533067,0.93285,1.0,100000000,0,100000000,0.0,77783040000,0.01548570000068139,0.0,1659.3369140625
dense,10000,32,0,108,0.0017648526700213552,0.934053125,1.0,100000000,0,100000000,0.0,77783040000,0.01545449999957782,0.0,1659.3369140625
dense,10000,32,0,109,0.0016806373605504632,0.93555625,1.0,100000000,0,100000000,0.0,77783040000,0.015475700000024517,0.0,1659.3369140625
dense,10000,32,0,110,0.0015986311482265592,0.936240625,1.0,100000000,0,100000000,0.0,77783040000,0.015433399999892572,0.0,1659.3369140625
dense,10000,32,0,111,0.0015178138855844736,0.9374125,1.0,100000000,0,100000000,0.0,77783040000,0.015460499999790045,0.0,1659.3369140625
dense,10000,32,0,112,0.0014394901227205992,0.93855625,1.0,100000000,0,100000000,0.0,77783040000,0.015406999999868276,0.0,1659.3369140625
dense,10000,32,0,113,0.0013642181875184178,0.94075,1.0,100000000,0,100000000,0.0,77783040000,0.01583389999996143,0.0,1659.3369140625
dense,10000,32,0,114,0.001293151406571269,0.94263125,1.0,100000000,0,100000000,0.0,77783040000,0.015426200000547396,0.0,1659.3369140625
dense,10000,32,0,115,0.0012278526555746794,0.94480625,1.0,100000000,0,100000000,0.0,77783040000,0.015676799999710056,0.0,1659.3369140625
dense,10000,32,0,116,0.0011687596561387181,0.94665,1.0,100000000,0,100000000,0.0,77783040000,0.015469799999664247,0.0,1659.3369140625
dense,10000,32,0,117,0.0011156020918861032,0.948359375,1.0,100000000,0,100000000,0.0,77783040000,0.015428199999405479,0.0,1659.3369140625
dense,10000,32,0,118,0.0010683189611881971,0.949603125,1.0,100000000,0,100000000,0.0,77783040000,0.015457900000001246,0.0,1659.3369140625
dense,10000,32,0,119,0.001026795362122357,0.950834375,1.0,100000000,0,100000000,0.0,77783040000,0.015631700000085402,0.0,1659.3369140625
dense,10000,32,0,120,0.0009903176687657833,0.952009375,1.0,100000000,0,100000000,0.0,77783040000,0.01552350000019942,0.0,1659.3369140625
dense,10000,32,0,121,0.0009583703940734267,0.953103125,1.0,100000000,0,100000000,0.0,77783040000,0.015488999999433872,0.0,1659.3369140625
dense,10000,32,0,122,0.0009309335728175938,0.954046875,1.0,100000000,0,100000000,0.0,77783040000,0.01548000000002503,0.0,1659.3369140625
dense,10000,32,0,123,0.000907476874999702,0.95468125,1.0,100000000,0,100000000,0.0,77783040000,0.01547630000004574,0.0,1659.3369140625
dense,10000,32,0,124,0.0008868440636433661,0.955378125,1.0,100000000,0,100000000,0.0,77783040000,0.015667100000428036,0.0,1659.3369140625
dense,10000,32,0,125,0.0008678887970745564,0.955865625,1.0,100000000,0,100000000,0.0,77783040000,0.015478299999813316,0.0,1659.3369140625
dense,10000,32,0,126,0.000849935517180711,0.956628125,1.0,100000000,0,100000000,0.0,77783040000,0.015428800000336196,0.0,1659.3369140625
dense,10000,32,0,127,0.0008329538977704942,0.957153125,1.0,100000000,0,100000000,0.0,77783040000,0.015437500000189175,0.0,1659.3369140625
dense,10000,32,0,128,0.0008173585520125926,0.957975,1.0,100000000,0,100000000,0.0,77783040000,0.015442900000380178,0.0,1659.3369140625
dense,10000,32,0,129,0.0008032390614971519,0.958503125,1.0,100000000,0,100000000,0.0,77783040000,0.015461299999515177,0.0,1659.3369140625
dense,10000,32,0,130,0.000790263176895678,0.959065625,1.0,100000000,0,100000000,0.0,77783040000,0.015465999999833002,0.0,1659.3369140625
dense,10000,32,0,131,0.0007782289758324623,0.959425,1.0,100000000,0,100000000,0.0,77783040000,0.015464199999769335,0.0,1659.3369140625
dense,10000,32,0,132,0.0007671946077607572,0.9597875,1.0,100000000,0,100000000,0.0,77783040000,0.015434099999765749,0.0,1659.3369140625
dense,10000,32,0,133,0.0007573350449092686,0.960209375,1.0,100000000,0,100000000,0.0,77783040000,0.015470100000129605,0.0,1659.3369140625
dense,10000,32,0,134,0.0007488047122024,0.9606625,1.0,100000000,0,100000000,0.0,77783040000,0.015426899999511079,0.0,1659.3369140625
dense,10000,32,0,135,0.0007414781139232218,0.960675,1.0,100000000,0,100000000,0.0,77783040000,0.015489399999751186,0.0,1659.3369140625
dense,10000,32,0,136,0.0007349381339736283,0.960778125,1.0,100000000,0,100000000,0.0,77783040000,0.015477300000384275,0.0,1659.3369140625
dense,10000,32,0,137,0.0007288867491297424,0.960865625,1.0,100000000,0,100000000,0.0,77783040000,0.01549790000080975,0.0,1659.3369140625
dense,10000,32,0,138,0.0007233847281895578,0.96100625,1.0,100000000,0,100000000,0.0,77783040000,0.016018500000427593,0.0,1659.3369140625
dense,10000,32,0,139,0.0007185148424468935,0.96109375,1.0,100000000,0,100000000,0.0,77783040000,0.015476099999432336,0.0,1659.3369140625
dense,10000,32,0,140,0.0007141073583625257,0.961046875,1.0,100000000,0,100000000,0.0,77783040000,0.015498599999773433,0.0,1659.3369140625
dense,10000,32,0,141,0.0007099739159457386,0.96135,1.0,100000000,0,100000000,0.0,77783040000,0.015496099999836588,0.0,1659.3369140625
dense,10000,32,0,142,0.0007060776697471738,0.961575,1.0,100000000,0,100000000,0.0,77783040000,0.015521199999966484,0.0,1659.3369140625
dense,10000,32,0,143,0.0007024478982202709,0.9616875,1.0,100000000,0,100000000,0.0,77783040000,0.015456099999937578,0.0,1659.3369140625
dense,10000,32,0,144,0.0006991472328081727,0.96184375,1.0,100000000,0,100000000,0.0,77783040000,0.015513199999986682,0.0,1659.3369140625
dense,10000,32,0,145,0.0006962422048673034,0.961946875,1.0,100000000,0,100000000,0.0,77783040000,0.01543130000027304,0.0,1659.3369140625
dense,10000,32,0,146,0.0006937525467947125,0.962134375,1.0,100000000,0,100000000,0.0,77783040000,0.016334300000380608,0.0,1659.3369140625
dense,10000,32,0,147,0.0006915975245647132,0.96219375,1.0,100000000,0,100000000,0.0,77783040000,0.015521799999987707,0.0,1659.3369140625
dense,10000,32,0,148,0.0006896326667629182,0.962325,1.0,100000000,0,100000000,0.0,77783040000,0.015474299999368668,0.0,1659.3369140625
dense,10000,32,0,149,0.0006877721752971411,0.962325,1.0,100000000,0,100000000,0.0,77783040000,0.015489999999772408,0.0,1659.3369140625
dense,10000,32,0,150,0.0006860297289676964,0.962434375,1.0,100000000,0,100000000,0.0,77783040000,0.015483099999983096,0.0,1659.3369140625
dense,10000,32,0,151,0.0006844645249657333,0.962490625,1.0,100000000,0,100000000,0.0,77783040000,0.015677700000196637,0.0,1659.3369140625
dense,10000,32,0,152,0.0006830861675553024,0.96245625,1.0,100000000,0,100000000,0.0,77783040000,0.015456999999514665,0.0,1659.3369140625
dense,10000,32,0,153,0.0006818122928962111,0.962465625,1.0,100000000,0,100000000,0.0,77783040000,0.015433600000505976,0.0,1659.3369140625
dense,10000,32,0,154,0.0006806060555391014,0.962465625,1.0,100000000,0,100000000,0.0,77783040000,0.015436699999554548,0.0,1659.3369140625
dense,10000,32,0,155,0.0006795418448746204,0.962578125,1.0,100000000,0,100000000,0.0,77783040000,0.015640699999494245,0.0,1659.3369140625
dense,10000,32,0,156,0.0006786507437936962,0.962634375,1.0,100000000,0,100000000,0.0,77783040000,0.015466900000319583,0.0,1659.3369140625
dense,10000,32,0,157,0.0006778708193451166,0.962775,1.0,100000000,0,100000000,0.0,77783040000,0.015507099999922502,0.0,1659.3369140625
dense,10000,32,0,158,0.0006771499174647033,0.9627625,1.0,100000000,0,100000000,0.0,77783040000,0.015450899999450485,0.0,1659.3369140625
dense,10000,32,0,159,0.000676470051985234,0.962775,1.0,100000000,0,100000000,0.0,77783040000,0.016473199999381904,0.0,1659.3369140625
dense,10000,32,0,160,0.0006758254603482783,0.9627625,1.0,100000000,0,100000000,0.0,77783040000,0.015432500000315486,0.0,1659.3369140625
dense,10000,32,0,161,0.0006752298213541508,0.962784375,1.0,100000000,0,100000000,0.0,77783040000,0.015630599999894912,0.0,1659.3369140625
dense,10000,32,0,162,0.000674694252666086,0.96273125,1.0,100000000,0,100000000,0.0,77783040000,0.015518799999881594,0.0,1659.3369140625
dense,10000,32,0,163,0.0006742203258909285,0.96266875,1.0,100000000,0,100000000,0.0,77783040000,0.01543249999940599,0.0,1659.3369140625
dense,10000,32,0,164,0.0006738009979017079,0.9626,1.0,100000000,0,100000000,0.0,77783040000,0.015487500000745058,0.0,1659.3369140625
dense,10000,32,0,165,0.0006734207854606211,0.962609375,1.0,100000000,0,100000000,0.0,77783040000,0.015442699999766774,0.0,1659.3369140625
dense,10000,32,0,166,0.0006730701425112784,0.962625,1.0,100000000,0,100000000,0.0,77783040000,0.015429900000526686,0.0,1659.3369140625
dense,10000,32,0,167,0.0006727410363964736,0.962628125,1.0,100000000,0,100000000,0.0,77783040000,0.015427700000145705,0.0,1659.3369140625
dense,10000,32,0,168,0.0006724366103298962,0.962675,1.0,100000000,0,100000000,0.0,77783040000,0.015662099999644852,0.0,1659.3369140625
dense,10000,32,0,169,0.0006721665267832577,0.96268125,1.0,100000000,0,100000000,0.0,77783040000,0.015484000000469678,0.0,1659.3369140625
dense,10000,32,0,170,0.0006719262455590069,0.96275,1.0,100000000,0,100000000,0.0,77783040000,0.015497700000196346,0.0,1659.3369140625
dense,10000,32,0,171,0.0006717063952237368,0.962765625,1.0,100000000,0,100000000,0.0,77783040000,0.01558019999993121,0.0,1659.3369140625
dense,10000,32,0,172,0.0006715020863339305,0.962796875,1.0,100000000,0,100000000,0.0,77783040000,0.015491399999518762,0.0,1659.3369140625
dense,10000,32,0,173,0.0006713139009661973,0.962878125,1.0,100000000,0,100000000,0.0,77783040000,0.015481000000363565,0.0,1659.3369140625
dense,10000,32,0,174,0.0006711464375257492,0.962909375,1.0,100000000,0,100000000,0.0,77783040000,0.015467900000658119,0.0,1659.3369140625
dense,10000,32,0,175,0.0006709990557283163,0.9628375,1.0,100000000,0,100000000,0.0,77783040000,0.015595500000017637,0.0,1659.3369140625
dense,10000,32,0,176,0.0006708643049933016,0.962834375,1.0,100000000,0,100000000,0.0,77783040000,0.015478999999686494,0.0,1659.3369140625
dense,10000,32,0,177,0.0006707379361614585,0.962803125,1.0,100000000,0,100000000,0.0,77783040000,0.015635699999620556,0.0,1659.3369140625
dense,10000,32,0,178,0.0006706214044243097,0.962809375,1.0,100000000,0,100000000,0.0,77783040000,0.015436399999998685,0.0,1659.3369140625
dense,10000,32,0,179,0.0006705155246891081,0.962834375,1.0,100000000,0,100000000,0.0,77783040000,0.015468700000383251,0.0,1659.3369140625
dense,10000,32,0,180,0.0006704193656332791,0.962809375,1.0,100000000,0,100000000,0.0,77783040000,0.015445600000020931,0.0,1659.3369140625
dense,10000,32,0,181,0.0006703336839564145,0.96281875,1.0,100000000,0,100000000,0.0,77783040000,0.01572649999980058,0.0,1659.3369140625
dense,10000,32,0,182,0.0006702562095597386,0.9627875,1.0,100000000,0,100000000,0.0,77783040000,0.015445199999703618,0.0,1659.3369140625
dense,10000,32,0,183,0.0006701850797981024,0.96280625,1.0,100000000,0,100000000,0.0,77783040000,0.01547619999928429,0.0,1659.3369140625
dense,10000,32,0,184,0.0006701211677864194,0.9628,1.0,100000000,0,100000000,0.0,77783040000,0.015408100000058766,0.0,1659.3369140625
dense,10000,32,0,185,0.0006700639496557415,0.9628125,1.0,100000000,0,100000000,0.0,77783040000,0.015408700000079989,0.0,1659.3369140625
dense,10000,32,0,186,0.0006700125522911549,0.9628125,1.0,100000000,0,100000000,0.0,77783040000,0.01556350000009843,0.0,1659.3369140625
dense,10000,32,0,187,0.000669967383146286,0.9628,1.0,100000000,0,100000000,0.0,77783040000,0.01541830000041955,0.0,1659.3369140625
dense,10000,32,0,188,0.0006699300720356405,0.962778125,1.0,100000000,0,100000000,0.0,77783040000,0.015455900000233669,0.0,1659.3369140625
dense,10000,32,0,189,0.0006698960205540061,0.962771875,1.0,100000000,0,100000000,0.0,77783040000,0.015436099999533326,0.0,1659.3369140625
dense,10000,32,0,190,0.0006698562647216022,0.9628125,1.0,100000000,0,100000000,0.0,77783040000,0.015425900000082038,0.0,1659.3369140625
dense,10000,32,0,191,0.0006698119104839861,0.96285625,1.0,100000000,0,100000000,0.0,77783040000,0.015645299999960116,0.0,1659.3369140625
dense,10000,32,0,192,0.0006697758799418807,0.962834375,1.0,100000000,0,100000000,0.0,77783040000,0.015478299999813316,0.0,1659.3369140625
dense,10000,32,0,193,0.0006697508506476879,0.9628625,1.0,100000000,0,100000000,0.0,77783040000,0.015503599999647122,0.0,1659.3369140625
dense,10000,32,0,194,0.0006697247736155987,0.96286875,1.0,100000000,0,100000000,0.0,77783040000,0.015475700000024517,0.0,1659.3369140625
dense,10000,32,0,195,0.0006696951459161937,0.962871875,1.0,100000000,0,100000000,0.0,77783040000,0.015433999999913794,0.0,1659.3369140625
dense,10000,32,0,196,0.0006696715136058629,0.962821875,1.0,100000000,0,100000000,0.0,77783040000,0.015509200000451528,0.0,1659.3369140625
dense,10000,32,0,197,0.0006696560885757208,0.96284375,1.0,100000000,0,100000000,0.0,77783040000,0.015444999999999709,0.0,1659.3369140625
dense,10000,32,0,198,0.0006696379859931767,0.962875,1.0,100000000,0,100000000,0.0,77783040000,0.015435600000273553,0.0,1659.3369140625
dense,10000,32,0,199,0.0006696172058582306,0.9628375,1.0,100000000,0,100000000,0.0,77783040000,0.015434099999765749,0.0,1659.3369140625
dense,10000,32,0,200,0.0006696027121506631,0.96283125,1.0,100000000,0,100000000,0.0,77783040000,0.015637600000445673,0.0,1659.3369140625
dense,10000,32,0,201,0.0006695927586406469,0.962821875,1.0,100000000,0,100000000,0.0,77783040000,0.015508499999668857,0.0,1659.3369140625
dense,10000,32,0,202,0.0006695793708786368,0.96280625,1.0,100000000,0,100000000,0.0,77783040000,0.015637299999980314,0.0,1659.3369140625
dense,10000,32,0,203,0.0006695649935863912,0.96279375,1.0,100000000,0,100000000,0.0,77783040000,0.015461900000445894,0.0,1659.3369140625
dense,10000,32,0,204,0.0006695554475300014,0.96280625,1.0,100000000,0,100000000,0.0,77783040000,0.015641299999515468,0.0,1659.3369140625
dense,10000,32,0,205,0.0006695471820421517,0.96281875,1.0,100000000,0,100000000,0.0,77783040000,0.015628600000127335,0.0,1659.3369140625
dense,10000,32,0,206,0.0006695357151329517,0.9628,1.0,100000000,0,100000000,0.0,77783040000,0.015492700000322657,0.0,1659.3369140625
dense,10000,32,0,207,0.0006695266929455101,0.962825,1.0,100000000,0,100000000,0.0,77783040000,0.015643799999452312,0.0,1659.3369140625
dense,10000,32,0,208,0.0006695206393487751,0.9628375,1.0,100000000,0,100000000,0.0,77783040000,0.01568200000019715,0.0,1659.3369140625
dense,10000,32,0,209,0.0006695137708447874,0.962846875,1.0,100000000,0,100000000,0.0,77783040000,0.015494399999624875,0.0,1659.3369140625
dense,10000,32,0,210,0.0006695063202641904,0.9628625,1.0,100000000,0,100000000,0.0,77783040000,0.01565200000004552,0.0,1659.3369140625
dense,10000,32,0,211,0.0006695014890283346,0.962865625,1.0,100000000,0,100000000,0.0,77783040000,0.015474699999685981,0.0,1659.3369140625
dense,10000,32,0,212,0.0006694973562844098,0.962865625,1.0,100000000,0,100000000,0.0,77783040000,0.015470600000298873,0.0,1659.3369140625
dense,10000,32,0,213,0.0006694920593872666,0.96286875,1.0,100000000,0,100000000,0.0,77783040000,0.015636799999811046,0.0,1659.3369140625
dense,10000,32,0,214,0.0006694870535284281,0.962865625,1.0,100000000,0,100000000,0.0,77783040000,0.015435299999808194,0.0,1659.3369140625
dense,10000,32,0,215,0.0006694839103147388,0.96285625,1.0,100000000,0,100000000,0.0,77783040000,0.015484200000173587,0.0,1659.3369140625
dense,10000,32,0,216,0.0006694804760627449,0.96285,1.0,100000000,0,100000000,0.0,77783040000,0.015663999999560474,0.0,1659.3369140625
dense,10000,32,0,217,0.0006694767507724464,0.96285,1.0,100000000,0,100000000,0.0,77783040000,0.015494799999942188,0.0,1659.3369140625
dense,10000,32,0,218,0.0006694740150123835,0.9628375,1.0,100000000,0,100000000,0.0,77783040000,0.015436600000612088,0.0,1659.3369140625
dense,10000,32,0,219,0.0006694727926515043,0.962834375,1.0,100000000,0,100000000,0.0,77783040000,0.01563969999915571,0.0,1659.3369140625
dense,10000,32,0,220,0.0006694731418974698,0.96285,1.0,100000000,0,100000000,0.0,77783040000,0.016431199999715318,0.0,1659.3369140625
dense,10000,32,0,221,0.0006694751791656017,0.962846875,1.0,100000000,0,100000000,0.0,77783040000,0.015457900000001246,0.0,1659.3369140625
dense,10000,32,0,222,0.0006694804760627449,0.96283125,1.0,100000000,0,100000000,0.0,77783040000,0.015627900000254158,0.0,1659.3369140625
dense,10000,32,0,223,0.0006694821058772504,0.9628375,1.0,100000000,0,100000000,0.0,77783040000,0.015476900000066962,0.0,1659.3369140625
dense,10000,32,0,224,0.0006694722687825561,0.962846875,1.0,100000000,0,100000000,0.0,77783040000,0.015406800000164367,0.0,1659.3369140625
dense,10000,32,0,225,0.0006694594048894942,0.96285625,1.0,100000000,0,100000000,0.0,77783040000,0.01546390000021347,0.0,1659.3369140625
dense,10000,32,0,226,0.0006694591138511896,0.96285625,1.0,100000000,0,100000000,0.0,77783040000,0.015619699999660952,0.0,1659.3369140625
dense,10000,32,0,227,0.0006694659823551774,0.962853125,1.0,100000000,0,100000000,0.0,77783040000,0.015503300000091258,0.0,1659.3369140625
dense,10000,32,0,228,0.0006694632465951145,0.962859375,1.0,100000000,0,100000000,0.0,77783040000,0.015459799999916868,0.0,1659.3369140625
dense,10000,32,0,229,0.0006694544572383165,0.9628625,1.0,100000000,0,100000000,0.0,77783040000,0.015444900000147754,0.0,1659.3369140625
dense,10000,32,0,230,0.0006694547482766211,0.9628625,1.0,100000000,0,100000000,0.0,77783040000,0.015428599999722792,0.0,1659.3369140625
dense,10000,32,0,231,0.0006694594048894942,0.962865625,1.0,100000000,0,100000000,0.0,77783040000,0.015935800000079325,0.0,1659.3369140625
dense,10000,32,0,232,0.0006694566691294312,0.962859375,1.0,100000000,0,100000000,0.0,77783040000,0.015456299999641487,0.0,1659.3369140625
dense,10000,32,0,233,0.0006694539915770292,0.96285625,1.0,100000000,0,100000000,0.0,77783040000,0.015475900000637921,0.0,1659.3369140625
dense,10000,32,0,234,0.000669460219796747,0.962853125,1.0,100000000,0,100000000,0.0,77783040000,0.015446499999598018,0.0,1659.3369140625
dense,10000,32,0,235,0.0006694672629237175,0.962853125,1.0,100000000,0,100000000,0.0,77783040000,0.01546890000008716,0.0,1659.3369140625
dense,10000,32,0,236,0.0006694670300930738,0.96285,1.0,100000000,0,100000000,0.0,77783040000,0.015464899999642512,0.0,1659.3369140625
dense,10000,32,0,237,0.0006694622570648789,0.962846875,1.0,100000000,0,100000000,0.0,77783040000,0.015450699999746575,0.0,1659.3369140625
dense,10000,32,0,238,0.000669457542244345,0.962853125,1.0,100000000,0,100000000,0.0,77783040000,0.015421999999489344,0.0,1659.3369140625
dense,10000,32,0,239,0.0006694567273370922,0.96285625,1.0,100000000,0,100000000,0.0,77783040000,0.015416799999911746,0.0,1659.3369140625
dense,10000,32,0,240,0.0006694628391414881,0.96284375,1.0,100000000,0,100000000,0.0,77783040000,0.015611400000125286,0.0,1659.3369140625
dense,10000,32,0,241,0.0006694688345305622,0.962840625,1.0,100000000,0,100000000,0.0,77783040000,0.015494099999159516,0.0,1659.3369140625
dense,10000,32,0,242,0.0006694622570648789,0.9628375,1.0,100000000,0,100000000,0.0,77783040000,0.015608499999871128,0.0,1659.3369140625
dense,10000,32,0,243,0.0006694491021335125,0.9628375,1.0,100000000,0,100000000,0.0,77783040000,0.01544110000031651,0.0,1659.3369140625
dense,10000,32,0,244,0.0006694468320347369,0.9628375,1.0,100000000,0,100000000,0.0,77783040000,0.015656000000490167,0.0,1659.3369140625
dense,10000,32,0,245,0.0006694535259157419,0.962846875,1.0,100000000,0,100000000,0.0,77783040000,0.015463499999896158,0.0,1659.3369140625
dense,10000,32,0,246,0.0006694546900689602,0.96285625,1.0,100000000,0,100000000,0.0,77783040000,0.015427100000124483,0.0,1659.3369140625
dense,10000,32,0,247,0.000669450091663748,0.96285625,1.0,100000000,0,100000000,0.0,77783040000,0.015437000000019907,0.0,1659.3369140625
dense,10000,32,0,248,0.0006694478797726333,0.96285625,1.0,100000000,0,100000000,0.0,77783040000,0.015428199999405479,0.0,1659.3369140625
dense,10000,32,0,249,0.000669448752887547,0.962853125,1.0,100000000,0,100000000,0.0,77783040000,0.01553200000034849,0.0,1659.3369140625
dense,10000,32,0,250,0.0006694476469419897,0.96285,1.0,100000000,0,100000000,0.0,77783040000,0.015441599999576283,0.0,1659.3369140625
dense,10000,32,0,251,0.0006694466574117541,0.9628625,1.0,100000000,0,100000000,0.0,77783040000,0.015432700000019395,0.0,1659.3369140625
dense,10000,32,0,252,0.0006694477051496506,0.962859375,1.0,100000000,0,100000000,0.0,77783040000,0.01543980000042211,0.0,1659.3369140625
dense,10000,32,0,253,0.0006694475887343287,0.962853125,1.0,100000000,0,100000000,0.0,77783040000,0.015450400000190712,0.0,1659.3369140625
dense,10000,32,0,254,0.000669445435050875,0.962859375,1.0,100000000,0,100000000,0.0,77783040000,0.015507099999922502,0.0,1659.3369140625
dense,10000,32,0,255,0.0006694448529742658,0.962853125,1.0,100000000,0,100000000,0.0,77783040000,0.015443799999957264,0.0,1659.3369140625
dense,10000,32,0,256,0.0006694463663734496,0.962859375,1.0,100000000,0,100000000,0.0,77783040000,0.015449599999556085,0.0,1659.3369140625
dense,10000,32,0,257,0.0006694475887343287,0.96285625,1.0,100000000,0,100000000,0.0,77783040000,0.01539639999919018,0.0,1659.3369140625
dense,10000,32,0,258,0.0006694476469419897,0.962859375,1.0,100000000,0,100000000,0.0,77783040000,0.015640100000382517,0.0,1659.3369140625
dense,10000,32,0,259,0.0006694489275105298,0.96285,1.0,100000000,0,100000000,0.0,77783040000,0.015427599999384256,0.0,1659.3369140625
dense,10000,32,0,260,0.0006694526528008282,0.962853125,1.0,100000000,0,100000000,0.0,77783040000,0.01565130000017234,0.0,1659.3369140625
dense,10000,32,0,261,0.0006694562034681439,0.962853125,1.0,100000000,0,100000000,0.0,77783040000,0.015443799999957264,0.0,1659.3369140625
dense,10000,32,0,262,0.000669456843752414,0.96285625,1.0,100000000,0,100000000,0.0,77783040000,0.015467899999748624,0.0,1659.3369140625
dense,10000,32,0,263,0.0006694532930850983,0.962853125,1.0,100000000,0,100000000,0.0,77783040000,0.015482199999496515,0.0,1659.3369140625
dense,10000,32,0,264,0.0006694498006254435,0.962853125,1.0,100000000,0,100000000,0.0,77783040000,0.015424799999891547,0.0,1659.3369140625
dense,10000,32,0,265,0.0006694517214782536,0.962853125,1.0,100000000,0,100000000,0.0,77783040000,0.01625809999950434,0.0,1659.3369140625
dense,10000,32,0,266,0.0006694609764963388,0.96285625,1.0,100000000,0,100000000,0.0,77783040000,0.015416499999446387,0.0,1659.3369140625
dense,10000,32,0,267,0.0006694708135910332,0.962853125,1.0,100000000,0,100000000,0.0,77783040000,0.015443799999957264,0.0,1659.3369140625
dense,10000,32,0,268,0.0006694704643450677,0.962853125,1.0,100000000,0,100000000,0.0,77783040000,0.01546409999991738,0.0,1659.3369140625
dense,10000,32,0,269,0.0006694601033814251,0.962853125,1.0,100000000,0,100000000,0.0,77783040000,0.015487799999391427,0.0,1659.3369140625
dense,10000,32,0,270,0.0006694563780911267,0.96285625,1.0,100000000,0,100000000,0.0,77783040000,0.01545310000074096,0.0,1659.3369140625
dense,10000,32,0,271,0.0006694683106616139,0.96285,1.0,100000000,0,100000000,0.0,77783040000,0.015450500000042666,0.0,1659.3369140625
dense,10000,32,0,272,0.000669479719363153,0.962859375,1.0,100000000,0,100000000,0.0,77783040000,0.015432000000146218,0.0,1659.3369140625
dense,10000,32,0,273,0.0006694759358651936,0.962853125,1.0,100000000,0,100000000,0.0,77783040000,0.015390999999908672,0.0,1659.3369140625
dense,10000,32,0,274,0.0006694637704640627,0.962859375,1.0,100000000,0,100000000,0.0,77783040000,0.015402799999719718,0.0,1659.3369140625
dense,10000,32,0,275,0.0006694571347907186,0.962859375,1.0,100000000,0,100000000,0.0,77783040000,0.015467500000340806,0.0,1659.3369140625
dense,10000,32,0,276,0.000669456843752414,0.962859375,1.0,100000000,0,100000000,0.0,77783040000,0.01559460000044055,0.0,1659.3369140625
dense,10000,32,0,277,0.000669457484036684,0.962865625,1.0,100000000,0,100000000,0.0,77783040000,0.015440299999681883,0.0,1659.3369140625
dense,10000,32,0,278,0.0006694569019600749,0.962853125,1.0,100000000,0,100000000,0.0,77783040000,0.015452499999810243,0.0,1659.3369140625
dense,10000,32,0,279,0.0006694549228996038,0.962853125,1.0,100000000,0,100000000,0.0,77783040000,0.015447900000253867,0.0,1659.3369140625
dense,10000,32,0,280,0.0006694524781778455,0.962859375,1.0,100000000,0,100000000,0.0,77783040000,0.015658100000109698,0.0,1659.3369140625
dense,10000,32,0,281,0.0006694530020467937,0.96285,1.0,100000000,0,100000000,0.0,77783040000,0.015482499999961874,0.0,1659.3369140625
dense,10000,32,0,282,0.000669457542244345,0.9628625,1.0,100000000,0,100000000,0.0,77783040000,0.015444200000274577,0.0,1659.3369140625
dense,10000,32,0,283,0.0006694598705507815,0.962853125,1.0,100000000,0,100000000,0.0,77783040000,0.01544579999972484,0.0,1659.3369140625
dense,10000,32,0,284,0.0006694582407362759,0.962853125,1.0,100000000,0,100000000,0.0,77783040000,0.015486799999962386,0.0,1659.3369140625
dense,10000,32,0,285,0.0006694577750749886,0.96285,1.0,100000000,0,100000000,0.0,77783040000,0.015430100000230595,0.0,1659.3369140625
dense,10000,32,0,286,0.0006694577750749886,0.962853125,1.0,100000000,0,100000000,0.0,77783040000,0.015420299999277631,0.0,1659.3369140625
dense,10000,32,0,287,0.0006694524781778455,0.962859375,1.0,100000000,0,100000000,0.0,77783040000,0.01544960000046558,0.0,1659.3369140625
dense,10000,32,0,288,0.0006694454932585359,0.96285625,1.0,100000000,0,100000000,0.0,77783040000,0.015461100000720762,0.0,1659.3369140625
dense,10000,32,0,289,0.0006694465409964323,0.962853125,1.0,100000000,0,100000000,0.0,77783040000,0.015656900000067253,0.0,1659.3369140625
dense,10000,32,0,290,0.000669451430439949,0.96285,1.0,100000000,0,100000000,0.0,77783040000,0.015471700000489363,0.0,1659.3369140625
dense,10000,32,0,291,0.0006694510229863226,0.962853125,1.0,100000000,0,100000000,0.0,77783040000,0.015395800000078452,0.0,1659.3369140625
dense,10000,32,0,292,0.0006694458425045013,0.962853125,1.0,100000000,0,100000000,0.0,77783040000,0.015422399999806657,0.0,1659.3369140625
dense,10000,32,0,293,0.0006694448529742658,0.96285625,1.0,100000000,0,100000000,0.0,77783040000,0.015428899999278656,0.0,1659.3369140625
dense,10000,32,0,294,0.0006694472976960242,0.962853125,1.0,100000000,0,100000000,0.0,77783040000,0.01544330000069749,0.0,1659.3369140625
dense,10000,32,0,295,0.0006694480543956161,0.962853125,1.0,100000000,0,100000000,0.0,77783040000,0.015473200000087672,0.0,1659.3369140625
dense,10000,32,0,296,0.0006694459007121623,0.962859375,1.0,100000000,0,100000000,0.0,77783040000,0.015487399999983609,0.0,1659.3369140625
dense,10000,32,0,297,0.0006694446783512831,0.962853125,1.0,100000000,0,100000000,0.0,77783040000,0.015431199999511591,0.0,1659.3369140625
dense,10000,32,0,298,0.0006694446201436222,0.96285625,1.0,100000000,0,100000000,0.0,77783040000,0.01560319999953208,0.0,1659.3369140625
dense,10000,32,0,299,0.0006694445619359612,0.96285625,1.0,100000000,0,100000000,0.0,77783040000,0.015472900000531808,0.0,1659.3369140625
dense,10000,32,0,300,0.0006694447947666049,0.962853125,1.0,100000000,0,100000000,0.0,77783040000,0.015447499999936554,0.0,1659.3369140625
dense,10000,32,0,301,0.0006694465409964323,0.96285625,1.0,100000000,0,100000000,0.0,77783040000,0.015405199999804609,0.0,1659.3369140625
dense,10000,32,0,302,0.0006694479961879551,0.962853125,1.0,100000000,0,100000000,0.0,77783040000,0.015428700000484241,0.0,1659.3369140625
dense,10000,32,0,303,0.0006694490439258516,0.962853125,1.0,100000000,0,100000000,0.0,77783040000,0.015450199999577308,0.0,1659.3369140625
dense,10000,32,0,304,0.0006694519543088973,0.96285625,1.0,100000000,0,100000000,0.0,77783040000,0.015436600000612088,0.0,1659.3369140625
dense,10000,32,0,305,0.0006694571347907186,0.962859375,1.0,100000000,0,100000000,0.0,77783040000,0.01728460000049381,0.0,1659.3369140625
dense,10000,32,0,306,0.0006694610929116607,0.962859375,1.0,100000000,0,100000000,0.0,77783040000,0.015441699999428238,0.0,1659.3369140625
dense,10000,32,0,307,0.0006694593466818333,0.962859375,1.0,100000000,0,100000000,0.0,77783040000,0.015440799999851151,0.0,1659.3369140625
dense,10000,32,0,308,0.0006694526528008282,0.96285625,1.0,100000000,0,100000000,0.0,77783040000,0.015498800000386836,0.0,1659.3369140625
dense,10000,32,0,309,0.0006694464245811105,0.96285625,1.0,100000000,0,100000000,0.0,77783040000,0.015461299999515177,0.0,1659.3369140625
dense,10000,32,0,310,0.0006694466574117541,0.962853125,1.0,100000000,0,100000000,0.0,77783040000,0.015446899999915331,0.0,1659.3369140625
dense,10000,32,0,311,0.0006694531184621155,0.962859375,1.0,100000000,0,100000000,0.0,77783040000,0.015460099999472732,0.0,1659.3369140625
dense,10000,32,0,312,0.0006694615003652871,0.96285,1.0,100000000,0,100000000,0.0,77783040000,0.015655200000765035,0.0,1659.3369140625
dense,10000,32,0,313,0.0006694667390547693,0.96285625,1.0,100000000,0,100000000,0.0,77783040000,0.01544850000027509,0.0,1659.3369140625
dense,10000,32,0,314,0.0006694654584862292,0.96285,1.0,100000000,0,100000000,0.0,77783040000,0.015432899999723304,0.0,1659.3369140625
dense,10000,32,0,315,0.0006694584153592587,0.962859375,1.0,100000000,0,100000000,0.0,77783040000,0.015474600000743521,0.0,1659.3369140625
dense,10000,32,0,316,0.0006694508483633399,0.96285625,1.0,100000000,0,100000000,0.0,77783040000,0.015637800000149582,0.0,1659.3369140625
dense,10000,32,0,317,0.0006694497424177825,0.96285,1.0,100000000,0,100000000,0.0,77783040000,0.015463100000488339,0.0,1659.3369140625
dense,10000,32,0,318,0.000669455504976213,0.962859375,1.0,100000000,0,100000000,0.0,77783040000,0.015393199999380158,0.0,1659.3369140625
dense,10000,32,0,319,0.0006694615003652871,0.96285,1.0,100000000,0,100000000,0.0,77783040000,0.0156979000003048,0.0,1659.3369140625
dense,10000,32,0,320,0.0006694623734802008,0.962859375,1.0,100000000,0,100000000,0.0,77783040000,0.015444200000274577,0.0,1659.3369140625
dense,10000,32,0,321,0.0006694633048027754,0.96285625,1.0,100000000,0,100000000,0.0,77783040000,0.015462000000297849,0.0,1659.3369140625
dense,10000,32,0,322,0.000669470289722085,0.96285625,1.0,100000000,0,100000000,0.0,77783040000,0.015456900000572205,0.0,1659.3369140625
dense,10000,32,0,323,0.0006694801850244403,0.96285625,1.0,100000000,0,100000000,0.0,77783040000,0.01544339999963995,0.0,1659.3369140625
dense,10000,32,0,324,0.0006694822222925723,0.962853125,1.0,100000000,0,100000000,0.0,77783040000,0.01543279999987135,0.0,1659.3369140625
dense,10000,32,0,325,0.0006694750627502799,0.96285625,1.0,100000000,0,100000000,0.0,77783040000,0.015422200000102748,0.0,1659.3369140625
dense,10000,32,0,326,0.0006694704061374068,0.96285625,1.0,100000000,0,100000000,0.0,77783040000,0.015493500000047788,0.0,1659.3369140625
dense,10000,32,0,327,0.0006694776238873601,0.96285625,1.0,100000000,0,100000000,0.0,77783040000,0.015449999999873398,0.0,1659.3369140625
dense,10000,32,0,328,0.0006694917101413012,0.96285625,1.0,100000000,0,100000000,0.0,77783040000,0.015424400000483729,0.0,1659.3369140625
dense,10000,32,0,329,0.0006694995099678636,0.962859375,1.0,100000000,0,100000000,0.0,77783040000,0.015472500000214495,0.0,1659.3369140625
dense,10000,32,0,330,0.0006694967160001397,0.962846875,1.0,100000000,0,100000000,0.0,77783040000,0.015451799999937066,0.0,1659.3369140625
dense,10000,32,0,331,0.0006694878684356809,0.9628625,1.0,100000000,0,100000000,0.0,77783040000,0.015465100000255916,0.0,1659.3369140625
dense,10000,32,0,332,0.0006694796611554921,0.96284375,1.0,100000000,0,100000000,0.0,77783040000,0.01542799999970157,0.0,1659.3369140625
dense,10000,32,0,333,0.0006694744806736708,0.9628625,1.0,100000000,0,100000000,0.0,77783040000,0.015435100000104285,0.0,1659.3369140625
dense,10000,32,0,334,0.0006694704061374068,0.96284375,1.0,100000000,0,100000000,0.0,77783040000,0.01564589999998134,0.0,1659.3369140625
dense,10000,32,0,335,0.0006694667390547693,0.962859375,1.0,100000000,0,100000000,0.0,77783040000,0.01547500000015134,0.0,1659.3369140625
dense,10000,32,0,336,0.0006694643525406718,0.962853125,1.0,100000000,0,100000000,0.0,77783040000,0.015448699999978999,0.0,1659.3369140625
dense,10000,32,0,337,0.0006694638286717236,0.962859375,1.0,100000000,0,100000000,0.0,77783040000,0.015425900000082038,0.0,1659.3369140625
dense,10000,32,0,338,0.0006694638286717236,0.96285625,1.0,100000000,0,100000000,0.0,77783040000,0.015449100000296312,0.0,1659.3369140625
dense,10000,32,0,339,0.0006694654002785683,0.962846875,1.0,100000000,0,100000000,0.0,77783040000,0.01568079999924521,0.0,1659.3369140625
dense,10000,32,0,340,0.0006694660405628383,0.962859375,1.0,100000000,0,100000000,0.0,77783040000,0.01546299999972689,0.0,1659.3369140625
dense,10000,32,0,341,0.0006694638868793845,0.96285,1.0,100000000,0,100000000,0.0,77783040000,0.015480099999876984,0.0,1659.3369140625
dense,10000,32,0,342,0.0006694598705507815,0.962859375,1.0,100000000,0,100000000,0.0,77783040000,0.015446899999915331,0.0,1659.3369140625
dense,10000,32,0,343,0.0006694559124298394,0.962853125,1.0,100000000,0,100000000,0.0,77783040000,0.01566880000063975,0.0,1659.3369140625
dense,10000,32,0,344,0.0006694549228996038,0.962853125,1.0,100000000,0,100000000,0.0,77783040000,0.015446700000211422,0.0,1659.3369140625
dense,10000,32,0,345,0.0006694564362987876,0.962853125,1.0,100000000,0,100000000,0.0,77783040000,0.015434599999935017,0.0,1659.3369140625
dense,10000,32,0,346,0.0006694571347907186,0.96285,1.0,100000000,0,100000000,0.0,77783040000,0.015406299999995099,0.0,1659.3369140625
dense,10000,32,0,347,0.0006694560870528221,0.9628625,1.0,100000000,0,100000000,0.0,77783040000,0.015442500000062864,0.0,1659.3369140625
dense,10000,32,0,348,0.0006694551557302475,0.96285,1.0,100000000,0,100000000,0.0,77783040000,0.015442899999470683,0.0,1659.3369140625
dense,10000,32,0,349,0.0006694562616758049,0.962853125,1.0,100000000,0,100000000,0.0,77783040000,0.015468999999939115,0.0,1659.3369140625
dense,10000,32,0,350,0.0006694599869661033,0.96285,1.0,100000000,0,100000000,0.0,77783040000,0.015447800000401912,0.0,1659.3369140625
dense,10000,32,0,351,0.0006694640615023673,0.962853125,1.0,100000000,0,100000000,0.0,77783040000,0.015455300000212446,0.0,1659.3369140625
dense,10000,32,0,352,0.0006694670300930738,0.96285625,1.0,100000000,0,100000000,0.0,77783040000,0.015425300000060815,0.0,1659.3369140625
dense,10000,32,0,353,0.0006694687763229012,0.962853125,1.0,100000000,0,100000000,0.0,77783040000,0.01567209999939223,0.0,1659.3369140625
dense,10000,32,0,354,0.0006694715120829642,0.96285625,1.0,100000000,0,100000000,0.0,77783040000,0.015462500000467116,0.0,1659.3369140625
dense,10000,32,0,355,0.0006694764015264809,0.96285,1.0,100000000,0,100000000,0.0,77783040000,0.015437000000019907,0.0,1659.3369140625
dense,10000,32,0,356,0.0006694792537018657,0.96285625,1.0,100000000,0,100000000,0.0,77783040000,0.0154566999999588,0.0,1659.3369140625
dense,10000,32,0,357,0.000669477041810751,0.96285,1.0,100000000,0,100000000,0.0,77783040000,0.015802099999746133,0.0,1659.3369140625
dense,10000,32,0,358,0.0006694737239740789,0.96285625,1.0,100000000,0,100000000,0.0,77783040000,0.01543889999993553,0.0,1659.3369140625
dense,10000,32,0,359,0.0006694748881272972,0.96285,1.0,100000000,0,100000000,0.0,77783040000,0.01544339999963995,0.0,1659.3369140625
dense,10000,32,0,360,0.0006694783223792911,0.962853125,1.0,100000000,0,100000000,0.0,77783040000,0.015457299999980023,0.0,1659.3369140625
dense,10000,32,0,361,0.000669477682095021,0.96285625,1.0,100000000,0,100000000,0.0,77783040000,0.015662499999962165,0.0,1659.3369140625
dense,10000,32,0,362,0.0006694711628369987,0.962853125,1.0,100000000,0,100000000,0.0,77783040000,0.015503800000260526,0.0,1659.3369140625
dense,10000,32,0,363,0.0006694657495245337,0.962859375,1.0,100000000,0,100000000,0.0,77783040000,0.015460900000107358,0.0,1659.3369140625
dense,10000,32,0,364,0.0006694674375467002,0.96284375,1.0,100000000,0,100000000,0.0,77783040000,0.015425000000504951,0.0,1659.3369140625
dense,10000,32,0,365,0.0006694732583127916,0.962865625,1.0,100000000,0,100000000,0.0,77783040000,0.015494899999794143,0.0,1659.3369140625
dense,10000,32,0,366,0.00066947698360309,0.962846875,1.0,100000000,0,100000000,0.0,77783040000,0.015458900000339781,0.0,1659.3369140625
dense,10000,32,0,367,0.000669477682095021,0.962859375,1.0,100000000,0,100000000,0.0,77783040000,0.015371299999969779,0.0,1659.3369140625
dense,10000,32,0,368,0.0006694812327623367,0.962853125,1.0,100000000,0,100000000,0.0,77783040000,0.015437000000019907,0.0,1659.3369140625
dense,10000,32,0,369,0.0006694893818348646,0.9628625,1.0,100000000,0,100000000,0.0,77783040000,0.015477699999792094,0.0,1659.3369140625
dense,10000,32,0,370,0.0006694975891150534,0.962853125,1.0,100000000,0,100000000,0.0,77783040000,0.015671599999222963,0.0,1659.3369140625
dense,10000,32,0,371,0.0006695002666674554,0.9628625,1.0,100000000,0,100000000,0.0,77783040000,0.015479900000173075,0.0,1659.3369140625
dense,10000,32,0,372,0.0006694954936392605,0.962853125,1.0,100000000,0,100000000,0.0,77783040000,0.015526700000009441,0.0,1659.3369140625
dense,10000,32,0,373,0.0006694878684356809,0.96285625,1.0,100000000,0,100000000,0.0,77783040000,0.015445199999703618,0.0,1659.3369140625
dense,10000,32,0,374,0.0006694818148389459,0.96285625,1.0,100000000,0,100000000,0.0,77783040000,0.015438100000210397,0.0,1659.3369140625
dense,10000,32,0,375,0.0006694815238006413,0.962853125,1.0,100000000,0,100000000,0.0,77783040000,0.01546050000069954,0.0,1659.3369140625
dense,10000,32,0,376,0.0006694873445667326,0.96285625,1.0,100000000,0,100000000,0.0,77783040000,0.015497699999286851,0.0,1659.3369140625
dense,10000,32,0,377,0.0006694964831694961,0.96285625,1.0,100000000,0,100000000,0.0,77783040000,0.015443499999491905,0.0,1659.3369140625
dense,10000,32,0,378,0.0006695060292258859,0.962859375,1.0,100000000,0,100000000,0.0,77783040000,0.015673299999434676,0.0,1659.3369140625
dense,10000,32,0,379,0.0006695135380141437,0.962846875,1.0,100000000,0,100000000,0.0,77783040000,0.01567019999947661,0.0,1659.3369140625
dense,10000,32,0,380,0.0006695209885947406,0.962859375,1.0,100000000,0,100000000,0.0,77783040000,0.015414800000144169,0.0,1659.3369140625
dense,10000,32,0,381,0.0006695319898426533,0.96285,1.0,100000000,0,100000000,0.0,77783040000,0.015402899999571673,0.0,1659.3369140625
dense,10000,32,0,382,0.0006695478223264217,0.96285625,1.0,100000000,0,100000000,0.0,77783040000,0.01540980000027048,0.0,1659.3369140625
dense,10000,32,0,383,0.0006695649935863912,0.9628625,1.0,100000000,0,100000000,0.0,77783040000,0.015465499999663734,0.0,1659.3369140625
dense,10000,32,0,384,0.000669577217195183,0.9628625,1.0,100000000,0,100000000,0.0,77783040000,0.015485500000067987,0.0,1659.3369140625
dense,10000,32,0,385,0.000669579952955246,0.962865625,1.0,100000000,0,100000000,0.0,77783040000,0.015440599999237747,0.0,1659.3369140625
dense,10000,32,0,386,0.0006695698830299079,0.962859375,1.0,100000000,0,100000000,0.0,77783040000,0.015438400000675756,0.0,1659.3369140625
dense,10000,32,0,387,0.0006695498013868928,0.96285625,1.0,100000000,0,100000000,0.0,77783040000,0.01545070000065607,0.0,1659.3369140625
dense,10000,32,0,388,0.000669530825689435,0.962853125,1.0,100000000,0,100000000,0.0,77783040000,0.015526600000157487,0.0,1659.3369140625
dense,10000,32,0,389,0.0006695262854918838,0.9628625,1.0,100000000,0,100000000,0.0,77783040000,0.015692099999796483,0.0,1659.3369140625
dense,10000,32,0,390,0.0006695388583466411,0.96284375,1.0,100000000,0,100000000,0.0,77783040000,0.015471900000193273,0.0,1659.3369140625
dense,10000,32,0,391,0.0006695539341308177,0.9628625,1.0,100000000,0,100000000,0.0,77783040000,0.015474399999220623,0.0,1659.3369140625
dense,10000,32,0,392,0.0006695538177154958,0.96285,1.0,100000000,0,100000000,0.0,77783040000,0.01565630000004603,0.0,1659.3369140625
dense,10000,32,0,393,0.0006695374613627791,0.9628625,1.0,100000000,0,100000000,0.0,77783040000,0.015483099999983096,0.0,1659.3369140625
dense,10000,32,0,394,0.0006695183692499995,0.962853125,1.0,100000000,0,100000000,0.0,77783040000,0.01545709999936662,0.0,1659.3369140625
dense,10000,32,0,395,0.0006695076590403914,0.962859375,1.0,100000000,0,100000000,0.0,77783040000,0.0158755000002202,0.0,1659.3369140625
dense,10000,32,0,396,0.000669507309794426,0.9628625,1.0,100000000,0,100000000,0.0,77783040000,0.015468800000235206,0.0,1659.3369140625
dense,10000,32,0,397,0.0006695139454677701,0.96285,1.0,100000000,0,100000000,0.0,77783040000,0.01543619999938528,0.0,1659.3369140625
dense,10000,32,0,398,0.0006695237243548036,0.96285625,1.0,100000000,0,100000000,0.0,77783040000,0.015482800000427233,0.0,1659.3369140625
dense,10000,32,0,399,0.0006695333868265152,0.962859375,1.0,100000000,0,100000000,0.0,77783040000,0.0154978000000483,0.0,1659.3369140625
dense,10000,32,0,400,0.000669540255330503,0.962853125,1.0,100000000,0,100000000,0.0,77783040000,0.01564680000046792,0.0,1659.3369140625
dense,10000,32,0,401,0.0006695427000522614,0.962859375,1.0,100000000,0,100000000,0.0,77783040000,0.015510700000049837,0.0,1659.3369140625
dense,10000,32,0,402,0.0006695417105220258,0.962853125,1.0,100000000,0,100000000,0.0,77783040000,0.015478899999834539,0.0,1659.3369140625
dense,10000,32,0,403,0.0006695373449474573,0.96285625,1.0,100000000,0,100000000,0.0,77783040000,0.01564660000076401,0.0,1659.3369140625
dense,10000,32,0,404,0.0006695300689898431,0.962859375,1.0,100000000,0,100000000,0.0,77783040000,0.015427199999976438,0.0,1659.3369140625
dense,10000,32,0,405,0.0006695205229334533,0.96285625,1.0,100000000,0,100000000,0.0,77783040000,0.015499900000577327,0.0,1659.3369140625
dense,10000,32,0,406,0.0006695119081996381,0.962859375,1.0,100000000,0,100000000,0.0,77783040000,0.01621290000002773,0.0,1659.3369140625
dense,10000,32,0,407,0.0006695109186694026,0.962846875,1.0,100000000,0,100000000,0.0,77783040000,0.015439999999216525,0.0,1659.3369140625
dense,10000,32,0,408,0.0006695165648125112,0.96285625,1.0,100000000,0,100000000,0.0,77783040000,0.015421399999468122,0.0,1659.3369140625
dense,10000,32,0,409,0.0006695184856653214,0.96285625,1.0,100000000,0,100000000,0.0,77783040000,0.01615510000010545,0.0,1659.3369140625
dense,10000,32,0,410,0.0006695098709315062,0.96285625,1.0,100000000,0,100000000,0.0,77783040000,0.016138300000420713,0.0,1659.3369140625
dense,10000,32,0,411,0.0006694986368529499,0.962859375,1.0,100000000,0,100000000,0.0,77783040000,0.015504899999541522,0.0,1659.3369140625
dense,10000,32,0,412,0.0006694968324154615,0.962853125,1.0,100000000,0,100000000,0.0,77783040000,0.015440899999703106,0.0,1659.3369140625
dense,10000,32,0,413,0.0006695037009194493,0.962859375,1.0,100000000,0,100000000,0.0,77783040000,0.015414399999826855,0.0,1659.3369140625
dense,10000,32,0,414,0.0006695106858387589,0.962846875,1.0,100000000,0,100000000,0.0,77783040000,0.015443299999787996,0.0,1659.3369140625
dense,10000,32,0,415,0.0006695127231068909,0.9628625,1.0,100000000,0,100000000,0.0,77783040000,0.015712700000221957,0.0,1659.3369140625
dense,10000,32,0,416,0.0006695130723528564,0.96285,1.0,100000000,0,100000000,0.0,77783040000,0.015399300000353833,0.0,1659.3369140625
dense,10000,32,0,417,0.0006695144693367183,0.9628625,1.0,100000000,0,100000000,0.0,77783040000,0.015433500000654021,0.0,1659.3369140625
dense,10000,32,0,418,0.000669514003675431,0.9628625,1.0,100000000,0,100000000,0.0,77783040000,0.016121900000143796,0.0,1659.3369140625
dense,10000,32,0,419,0.0006695087067782879,0.96285,1.0,100000000,0,100000000,0.0,77783040000,0.016352599999663653,0.0,1659.3369140625
dense,10000,32,0,420,0.0006695016636513174,0.962865625,1.0,100000000,0,100000000,0.0,77783040000,0.015459700000064913,0.0,1659.3369140625
dense,10000,32,0,421,0.0006694980547763407,0.962853125,1.0,100000000,0,100000000,0.0,77783040000,0.0154579999998532,0.0,1659.3369140625
dense,10000,32,0,422,0.0006694988114759326,0.9628625,1.0,100000000,0,100000000,0.0,77783040000,0.015423000000737375,0.0,1659.3369140625
dense,10000,32,0,423,0.0006695001502521336,0.962853125,1.0,100000000,0,100000000,0.0,77783040000,0.015416199999890523,0.0,1659.3369140625
dense,10000,32,0,424,0.0006695016636513174,0.9628625,1.0,100000000,0,100000000,0.0,77783040000,0.015498300000217569,0.0,1659.3369140625
dense,10000,32,0,425,0.000669505272526294,0.962853125,1.0,100000000,0,100000000,0.0,77783040000,0.015429000000040105,0.0,1659.3369140625
dense,10000,32,0,426,0.0006695134798064828,0.96285625,1.0,100000000,0,100000000,0.0,77783040000,0.015418099999806145,0.0,1659.3369140625
dense,10000,32,0,427,0.0006695252377539873,0.96285625,1.0,100000000,0,100000000,0.0,77783040000,0.015416599999298342,0.0,1659.3369140625
dense,10000,32,0,428,0.0006695391493849456,0.96285625,1.0,100000000,0,100000000,0.0,77783040000,0.01542539999991277,0.0,1659.3369140625
dense,10000,32,0,429,0.000669554399792105,0.962853125,1.0,100000000,0,100000000,0.0,77783040000,0.015425499999764725,0.0,1659.3369140625
dense,10000,32,0,430,0.0006695698830299079,0.9628625,1.0,100000000,0,100000000,0.0,77783040000,0.01669289999972534,0.0,1659.3369140625
dense,10000,32,0,431,0.0006695834454149008,0.962846875,1.0,100000000,0,100000000,0.0,77783040000,0.015433200000188663,0.0,1659.3369140625
dense,10000,32,0,432,0.0006695929332636297,0.9628625,1.0,100000000,0,100000000,0.0,77783040000,0.015422499999658612,0.0,1659.3369140625
dense,10000,32,0,433,0.0006696000345982611,0.96285,1.0,100000000,0,100000000,0.0,77783040000,0.01600849999977072,0.0,1659.3369140625
dense,10000,32,0,434,0.0006696083000861108,0.962865625,1.0,100000000,0,100000000,0.0,77783040000,0.015461900000445894,0.0,1659.3369140625
dense,10000,32,0,435,0.000669618952088058,0.96284375,1.0,100000000,0,100000000,0.0,77783040000,0.015409300000101211,0.0,1659.3369140625
dense,10000,32,0,436,0.0006696266354992986,0.9628625,1.0,100000000,0,100000000,0.0,77783040000,0.015478999999686494,0.0,1659.3369140625
dense,10000,32,0,437,0.0006696241325698793,0.9628625,1.0,100000000,0,100000000,0.0,77783040000,0.01630329999989044,0.0,1659.3369140625
dense,10000,32,0,438,0.0006696087657473981,0.962853125,1.0,100000000,0,100000000,0.0,77783040000,0.01628519999940181,0.0,1659.3369140625
dense,10000,32,0,439,0.0006695879274047911,0.962859375,1.0,100000000,0,100000000,0.0,77783040000,0.01540949999980512,0.0,1659.3369140625
dense,10000,32,0,440,0.0006695730262435973,0.96285,1.0,100000000,0,100000000,0.0,77783040000,0.015380999999251799,0.0,1659.3369140625
dense,10000,32,0,441,0.0006695702904835343,0.96285625,1.0,100000000,0,100000000,0.0,77783040000,0.016305600000123377,0.0,1659.3369140625
dense,10000,32,0,442,0.0006695797783322632,0.962853125,1.0,100000000,0,100000000,0.0,77783040000,0.015453299999535375,0.0,1659.3369140625
dense,10000,32,0,443,0.0006695968331769109,0.9628625,1.0,100000000,0,100000000,0.0,77783040000,0.015430999999807682,0.0,1659.3369140625
dense,10000,32,0,444,0.0006696129566989839,0.96284375,1.0,100000000,0,100000000,0.0,77783040000,0.015409099999487808,0.0,1659.3369140625
dense,10000,32,0,445,0.000669618952088058,0.96285625,1.0,100000000,0,100000000,0.0,77783040000,0.01541469999938272,0.0,1659.3369140625
dense,10000,32,0,446,0.0006696150521747768,0.962840625,1.0,100000000,0,100000000,0.0,77783040000,0.01625679999960994,0.0,1659.3369140625
dense,10000,32,0,447,0.0006696116179227829,0.962859375,1.0,100000000,0,100000000,0.0,77783040000,0.015443600000253355,0.0,1659.3369140625
dense,10000,32,0,448,0.0006696247728541493,0.96284375,1.0,100000000,0,100000000,0.0,77783040000,0.015458300000318559,0.0,1659.3369140625
dense,10000,32,0,449,0.0006696549244225025,0.962853125,1.0,100000000,0,100000000,0.0,77783040000,0.015441200000168465,0.0,1659.3369140625
dense,10000,32,0,450,0.0006696857744827867,0.96284375,1.0,100000000,0,100000000,0.0,77783040000,0.01603239999985817,0.0,1659.3369140625
dense,10000,32,0,451,0.0006696893251501024,0.962859375,1.0,100000000,0,100000000,0.0,77783040000,0.015617000000020198,0.0,1659.3369140625
dense,10000,32,0,452,0.0006696610362268984,0.962853125,1.0,100000000,0,100000000,0.0,77783040000,0.015459199999895645,0.0,1659.3369140625
dense,10000,32,0,453,0.0006696323398500681,0.962871875,1.0,100000000,0,100000000,0.0,77783040000,0.015460800000255404,0.0,1659.3369140625
dense,10000,32,0,454,0.0006696347263641655,0.9628625,1.0,100000000,0,100000000,0.0,77783040000,0.015413499999340274,0.0,1659.3369140625
dense,10000,32,0,455,0.0006696550990454853,0.96285625,1.0,100000000,0,100000000,0.0,77783040000,0.01541079999969952,0.0,1659.3369140625
dense,10000,32,0,456,0.0006696535856463015,0.9628625,1.0,100000000,0,100000000,0.0,77783040000,0.015421500000229571,0.0,1659.3369140625
dense,10000,32,0,457,0.0006696229102090001,0.96284375,1.0,100000000,0,100000000,0.0,77783040000,0.015657699999792385,0.0,1659.3369140625
dense,10000,32,0,458,0.000669603468850255,0.962871875,1.0,100000000,0,100000000,0.0,77783040000,0.015476599999601603,0.0,1659.3369140625
dense,10000,32,0,459,0.000669620290864259,0.962859375,1.0,100000000,0,100000000,0.0,77783040000,0.015711500000179512,0.0,1659.3369140625
dense,10000,32,0,460,0.000669650558847934,0.96286875,1.0,100000000,0,100000000,0.0,77783040000,0.015434300000379153,0.0,1659.3369140625
dense,10000,32,0,461,0.0006696704658679664,0.962853125,1.0,100000000,0,100000000,0.0,77783040000,0.015415099999700033,0.0,1659.3369140625
dense,10000,32,0,462,0.0006696856580674648,0.962853125,1.0,100000000,0,100000000,0.0,77783040000,0.01538540000001376,0.0,1659.3369140625
dense,10000,32,0,463,0.0006697046337649226,0.96284375,1.0,100000000,0,100000000,0.0,77783040000,0.015406699999402917,0.0,1659.3369140625
dense,10000,32,0,464,0.0006697208737023175,0.96284375,1.0,100000000,0,100000000,0.0,77783040000,0.016081199999462115,0.0,1659.3369140625
dense,10000,32,0,465,0.0006697241333313286,0.96284375,1.0,100000000,0,100000000,0.0,77783040000,0.015432700000019395,0.0,1659.3369140625
dense,10000,32,0,466,0.0006697083590552211,0.96285625,1.0,100000000,0,100000000,0.0,77783040000,0.01540949999980512,0.0,1659.3369140625
dense,10000,32,0,467,0.0006696695345453918,0.96284375,1.0,100000000,0,100000000,0.0,77783040000,0.015423599999849102,0.0,1659.3369140625
dense,10000,32,0,468,0.0006696123164147139,0.9628625,1.0,100000000,0,100000000,0.0,77783040000,0.016289799999867682,0.0,1659.3369140625
dense,10000,32,0,469,0.0006695632473565638,0.96285,1.0,100000000,0,100000000,0.0,77783040000,0.015446700000211422,0.0,1659.3369140625
dense,10000,32,0,470,0.0006695485790260136,0.96285625,1.0,100000000,0,100000000,0.0,77783040000,0.015468599999621802,0.0,1659.3369140625
dense,10000,32,0,471,0.0006695666816085577,0.962853125,1.0,100000000,0,100000000,0.0,77783040000,0.015417699999488832,0.0,1659.3369140625
dense,10000,32,0,472,0.0006695905467495322,0.962859375,1.0,100000000,0,100000000,0.0,77783040000,0.015393300000141608,0.0,1659.3369140625
dense,10000,32,0,473,0.0006696002674289048,0.962853125,1.0,100000000,0,100000000,0.0,77783040000,0.015469599999960337,0.0,1659.3369140625
dense,10000,32,0,474,0.0006695983465760946,0.96286875,1.0,100000000,0,100000000,0.0,77783040000,0.015438999999787484,0.0,1659.3369140625
dense,10000,32,0,475,0.0006696037016808987,0.962859375,1.0,100000000,0,100000000,0.0,77783040000,0.015401600000586768,0.0,1659.3369140625
dense,10000,32,0,476,0.0006696259370073676,0.962859375,1.0,100000000,0,100000000,0.0,77783040000,0.015428499999870837,0.0,1659.3369140625
dense,10000,32,0,477,0.0006696610944345593,0.96285625,1.0,100000000,0,100000000,0.0,77783040000,0.017514000000119267,0.0,1659.3369140625
dense,10000,32,0,478,0.0006696978816762567,0.96285,1.0,100000000,0,100000000,0.0,77783040000,0.015425000000504951,0.0,1659.3369140625
dense,10000,32,0,479,0.0006697238422930241,0.96285625,1.0,100000000,0,100000000,0.0,77783040000,0.015496300000449992,0.0,1659.3369140625
dense,10000,32,0,480,0.000669733330141753,0.9628375,1.0,100000000,0,100000000,0.0,77783040000,0.015435300000717689,0.0,1659.3369140625
dense,10000,32,0,481,0.000669733330141753,0.96285625,1.0,100000000,0,100000000,0.0,77783040000,0.015431899999384768,0.0,1659.3369140625
dense,10000,32,0,482,0.0006697384524159133,0.962840625,1.0,100000000,0,100000000,0.0,77783040000,0.015434799999638926,0.0,1659.3369140625
dense,10000,32,0,483,0.0006697563221678138,0.96285625,1.0,100000000,0,100000000,0.0,77783040000,0.015400899999804096,0.0,1659.3369140625
dense,10000,32,0,484,0.0006697742501273751,0.962853125,1.0,100000000,0,100000000,0.0,77783040000,0.015438000000358443,0.0,1659.3369140625
dense,10000,32,0,485,0.0006697704084217548,0.962840625,1.0,100000000,0,100000000,0.0,77783040000,0.015468399999917892,0.0,1659.3369140625
dense,10000,32,0,486,0.0006697348435409367,0.96285,1.0,100000000,0,100000000,0.0,77783040000,0.016170199999578472,0.0,1659.3369140625
dense,10000,32,0,487,0.0006696779164485633,0.96284375,1.0,100000000,0,100000000,0.0,77783040000,0.01546390000021347,0.0,1659.3369140625
dense,10000,32,0,488,0.0006696232594549656,0.962859375,1.0,100000000,0,100000000,0.0,77783040000,0.01545449999957782,0.0,1659.3369140625
dense,10000,32,0,489,0.0006695931078866124,0.962853125,1.0,100000000,0,100000000,0.0,77783040000,0.015463300000192248,0.0,1659.3369140625
dense,10000,32,0,490,0.0006695940974168479,0.96285,1.0,100000000,0,100000000,0.0,77783040000,0.015407899999445362,0.0,1659.3369140625
dense,10000,32,0,491,0.000669616914819926,0.96285625,1.0,100000000,0,100000000,0.0,77783040000,0.015446200000042154,0.0,1659.3369140625
dense,10000,32,0,492,0.0006696417694911361,0.962834375,1.0,100000000,0,100000000,0.0,77783040000,0.015412900000228547,0.0,1659.3369140625
dense,10000,32,0,493,0.0006696525379084051,0.9628625,1.0,100000000,0,100000000,0.0,77783040000,0.015423900000314461,0.0,1659.3369140625
dense,10000,32,0,494,0.0006696468917652965,0.962853125,1.0,100000000,0,100000000,0.0,77783040000,0.01540229999955045,0.0,1659.3369140625
dense,10000,32,0,495,0.0006696338532492518,0.962871875,1.0,100000000,0,100000000,0.0,77783040000,0.015445500000168977,0.0,1659.3369140625
dense,10000,32,0,496,0.0006696222117170691,0.962846875,1.0,100000000,0,100000000,0.0,77783040000,0.015407500000037544,0.0,1659.3369140625
dense,10000,32,0,497,0.0006696159252896905,0.9628625,1.0,100000000,0,100000000,0.0,77783040000,0.015381600000182516,0.0,1659.3369140625
dense,10000,32,0,498,0.0006696132477372885,0.962846875,1.0,100000000,0,100000000,0.0,77783040000,0.015461599999980535,0.0,1659.3369140625
dense,10000,32,0,499,0.0006696127238683403,0.96285625,1.0,100000000,0,100000000,0.0,77783040000,0.015863200000239885,0.0,1659.3369140625
dense,10000,32,0,500,0.0006696123746223748,0.96285,1.0,100000000,0,100000000,0.0,77783040000,0.015451699999175617,0.0,1659.3369140625
exact,10000,32,0,1,0.22715361416339874,0.10954375,1.0,320000,100000000,100320000,10000.0,14028800000,0.05271879999963858,0.004508200000600482,354.00146484375
exact,10000,32,0,2,0.18736374378204346,0.0940125,1.0,320000,100000000,100320000,10000.0,14028800000,0.007346000000325148,0.004506499999479274,354.12646484375
exact,10000,32,0,3,0.1649949550628662,0.080196875,1.0,320000,100000000,100320000,10000.0,14028800000,0.0075126000001546345,0.004518900000221038,354.12646484375
exact,10000,32,0,4,0.15249541401863098,0.06905625,1.0,320000,100000000,100320000,10000.0,14028800000,0.008522699999957695,0.0045327999996516155,354.12646484375
exact,10000,32,0,5,0.14504727721214294,0.06084375,1.0,320000,100000000,100320000,10000.0,14028800000,0.007378700000117533,0.004478900000322028,354.12646484375
exact,10000,32,0,6,0.14007633924484253,0.054440625,1.0,320000,100000000,100320000,10000.0,14028800000,0.007438799999363255,0.004470199999559554,354.12646484375
exact,10000,32,0,7,0.13618077337741852,0.050025,1.0,320000,100000000,100320000,10000.0,14028800000,0.00743750000037835,0.004451499999959196,354.12646484375
exact,10000,32,0,8,0.1329823136329651,0.04665,1.0,320000,100000000,100320000,10000.0,14028800000,0.007563899999695423,0.004492000000027474,354.12646484375
exact,10000,32,0,9,0.13008251786231995,0.04440625,1.0,320000,100000000,100320000,10000.0,14028800000,0.007508300000154122,0.004450399999768706,354.12646484375
exact,10000,32,0,10,0.12746787071228027,0.04261875,1.0,320000,100000000,100320000,10000.0,14028800000,0.007511799999520008,0.004470400000172958,354.12646484375
exact,10000,32,0,11,0.12515033781528473,0.0413875,1.0,320000,100000000,100320000,10000.0,14028800000,0.007571300000563497,0.004504100000303879,354.12646484375
exact,10000,32,0,12,0.12304280698299408,0.0405125,1.0,320000,100000000,100320000,10000.0,14028800000,0.007540800000242598,0.004462700000658515,354.12646484375
exact,10000,32,0,13,0.1212175115942955,0.039734375,1.0,320000,100000000,100320000,10000.0,14028800000,0.007484499999918626,0.004463600000235601,354.12646484375
exact,10000,32,0,14,0.11962617188692093,0.039453125,1.0,320000,100000000,100320000,10000.0,14028800000,0.0076108000002932386,0.004463299999770243,354.12646484375
exact,10000,32,0,15,0.1182747408747673,0.039353125,1.0,320000,100000000,100320000,10000.0,14028800000,0.007627699999829929,0.004455600000255799,354.12646484375
exact,10000,32,0,16,0.11710160970687866,0.039534375,1.0,320000,100000000,100320000,10000.0,14028800000,0.007843599999432627,0.004487199999857694,354.12646484375
exact,10000,32,0,17,0.11609892547130585,0.03989375,1.0,320000,100000000,100320000,10000.0,14028800000,0.007837599999220402,0.004509999999754655,354.12646484375
exact,10000,32,0,18,0.11521978676319122,0.040353125,1.0,320000,100000000,100320000,10000.0,14028800000,0.007881300000008196,0.004504600000473147,354.12646484375
exact,10000,32,0,19,0.11439613997936249,0.041,1.0,320000,100000000,100320000,10000.0,14028800000,0.00783789999968576,0.004497700000683835,354.12646484375
exact,10000,32,0,20,0.11368761956691742,0.04183125,1.0,320000,100000000,100320000,10000.0,14028800000,0.007852999999158783,0.004461499999706575,354.12646484375
exact,10000,32,0,21,0.11306300759315491,0.042715625,1.0,320000,100000000,100320000,10000.0,14028800000,0.007877600000028906,0.004458700000213867,354.12646484375
exact,10000,32,0,22,0.11251213401556015,0.043615625,1.0,320000,100000000,100320000,10000.0,14028800000,0.00799899999947229,0.0044687999998132,354.12646484375
exact,10000,32,0,23,0.11198289692401886,0.044675,1.0,320000,100000000,100320000,10000.0,14028800000,0.007947000000058324,0.004511500000262458,354.12646484375
exact,10000,32,0,24,0.11151085793972015,0.045821875,1.0,320000,100000000,100320000,10000.0,14028800000,0.0079104999995252,0.004464599999664642,354.12646484375
exact,10000,32,0,25,0.11109190434217453,0.04730625,1.0,320000,100000000,100320000,10000.0,14028800000,0.0079358000002685,0.004483800000343763,354.12646484375
exact,10000,32,0,26,0.11070325970649719,0.048821875,1.0,320000,100000000,100320000,10000.0,14028800000,0.007983899999999267,0.004478500000004715,354.12646484375
exact,10000,32,0,27,0.11036155372858047,0.050459375,1.0,320000,100000000,100320000,10000.0,14028800000,0.00796470000022964,0.004498600000260922,354.12646484375
exact,10000,32,0,28,0.1100454106926918,0.052134375,1.0,320000,100000000,100320000,10000.0,14028800000,0.00802179999936925,0.004477500000575674,354.12646484375
exact,10000,32,0,29,0.10973838716745377,0.053971875,1.0,320000,100000000,100320000,10000.0,14028800000,0.008587000000261469,0.004876599999988684,354.12646484375
exact,10000,32,0,30,0.10942886769771576,0.056025,1.0,320000,100000000,100320000,10000.0,14028800000,0.008011700000679411,0.004472399999940535,354.12646484375
exact,10000,32,0,31,0.10916486382484436,0.058315625,1.0,320000,100000000,100320000,10000.0,14028800000,0.00799159999951371,0.004477700000279583,354.12646484375
exact,10000,32,0,32,0.10891605913639069,0.060784375,1.0,320000,100000000,100320000,10000.0,14028800000,0.008046799999647192,0.004541700000117999,354.12646484375
exact,10000,32,0,33,0.10868235677480698,0.06363125,1.0,320000,100000000,100320000,10000.0,14028800000,0.008028399999602698,0.004485599999497936,354.12646484375
exact,10000,32,0,34,0.10843215137720108,0.066771875,1.0,320000,100000000,100320000,10000.0,14028800000,0.00800470000012865,0.004482000000280095,354.12646484375
exact,10000,32,0,35,0.10818815976381302,0.0704,1.0,320000,100000000,100320000,10000.0,14028800000,0.008979100000033213,0.005394199999500415,354.12646484375
exact,10000,32,0,36,0.10794039070606232,0.074190625,1.0,320000,100000000,100320000,10000.0,14028800000,0.007953100000122504,0.004463700000087556,354.12646484375
exact,10000,32,0,37,0.10768791288137436,0.07845625,1.0,320000,100000000,100320000,10000.0,14028800000,0.008048900000176218,0.004458399999748508,354.12646484375
exact,10000,32,0,38,0.10744155198335648,0.08298125,1.0,320000,100000000,100320000,10000.0,14028800000,0.007895499999904132,0.004467700000532204,354.12646484375
exact,10000,32,0,39,0.10716818273067474,0.0883875,1.0,320000,100000000,100320000,10000.0,14028800000,0.008133600000292063,0.004648000000088359,354.12646484375
exact,10000,32,0,40,0.10688261687755585,0.094384375,1.0,320000,100000000,100320000,10000.0,14028800000,0.009445300000152201,0.006102999999711756,354.12646484375
exact,10000,32,0,41,0.10658946633338928,0.10110625,1.0,320000,100000000,100320000,10000.0,14028800000,0.008984199999758857,0.005480699999679928,354.12646484375
exact,10000,32,0,42,0.10628871619701385,0.108796875,1.0,320000,100000000,100320000,10000.0,14028800000,0.007802399999491172,0.004461700000319979,354.12646484375
exact,10000,32,0,43,0.10595422238111496,0.117840625,1.0,320000,100000000,100320000,10000.0,14028800000,0.007745500000055472,0.004455500000403845,354.12646484375
exact,10000,32,0,44,0.10557853430509567,0.127625,1.0,320000,100000000,100320000,10000.0,14028800000,0.0077845000005254406,0.004515200000241748,354.12646484375
exact,10000,32,0,45,0.10514667630195618,0.13955,1.0,320000,100000000,100320000,10000.0,14028800000,0.007754000000204542,0.004474100000152248,354.12646484375
exact,10000,32,0,46,0.10464084148406982,0.15285625,1.0,320000,100000000,100320000,10000.0,14028800000,0.007700200000726909,0.004483100000470586,354.12646484375
exact,10000,32,0,47,0.10406848043203354,0.168678125,1.0,320000,100000000,100320000,10000.0,14028800000,0.007625899999766261,0.004471999999623222,354.12646484375
exact,10000,32,0,48,0.1034189909696579,0.1862375,1.0,320000,100000000,100320000,10000.0,14028800000,0.00765030000002298,0.0044839000001957174,354.12646484375
exact,10000,32,0,49,0.1026286855340004,0.206559375,1.0,320000,100000000,100320000,10000.0,14028800000,0.007907700000032492,0.004454500000065309,354.12646484375
exact,10000,32,0,50,0.1016981303691864,0.229465625,1.0,320000,100000000,100320000,10000.0,14028800000,0.0076691999993272475,0.00451710000015737,354.12646484375
exact,10000,32,0,51,0.1005864366889,0.255471875,1.0,320000,100000000,100320000,10000.0,14028800000,0.007599799999297829,0.0045134000001780805,354.12646484375
exact,10000,32,0,52,0.09925848990678787,0.283759375,1.0,320000,100000000,100320000,10000.0,14028800000,0.007549299999482173,0.004468000000088068,354.12646484375
exact,10000,32,0,53,0.0976748913526535,0.314778125,1.0,320000,100000000,100320000,10000.0,14028800000,0.007487200000468874,0.00449049999951967,354.12646484375
exact,10000,32,0,54,0.0958428904414177,0.34783125,1.0,320000,100000000,100320000,10000.0,14028800000,0.007480100000066159,0.004477999999835447,354.12646484375
exact,10000,32,0,55,0.09369859099388123,0.382021875,1.0,320000,100000000,100320000,10000.0,14028800000,0.007360999999946216,0.004443199999514036,354.12646484375
exact,10000,32,0,56,0.09124667942523956,0.415253125,1.0,320000,100000000,100320000,10000.0,14028800000,0.007310199999665201,0.004464600000574137,354.12646484375
exact,10000,32,0,57,0.08848072588443756,0.447753125,1.0,320000,100000000,100320000,10000.0,14028800000,0.007266100000379083,0.004472900000109803,354.12646484375
exact,10000,32,0,58,0.08542469143867493,0.47709375,1.0,320000,100000000,100320000,10000.0,14028800000,0.007208600000012666,0.0044512000004033325,354.12646484375
exact,10000,32,0,59,0.08206301927566528,0.50383125,1.0,320000,100000000,100320000,10000.0,14028800000,0.007322199999180157,0.004492099999879429,354.12646484375
exact,10000,32,0,60,0.07843690365552902,0.5273,1.0,320000,100000000,100320000,10000.0,14028800000,0.007454999999936263,0.004527300000518153,354.12646484375
exact,10000,32,0,61,0.07459339499473572,0.547565625,1.0,320000,100000000,100320000,10000.0,14028800000,0.0072374999999738066,0.004457099999854108,354.12646484375
exact,10000,32,0,62,0.07057546079158783,0.565803125,1.0,320000,100000000,100320000,10000.0,14028800000,0.007249700000102166,0.004486400000132562,354.12646484375
exact,10000,32,0,63,0.06647852808237076,0.58155625,1.0,320000,100000000,100320000,10000.0,14028800000,0.007188100000348641,0.004479999999603024,354.12646484375
exact,10000,32,0,64,0.06238071247935295,0.59518125,1.0,320000,100000000,100320000,10000.0,14028800000,0.007205599999906553,0.004476400000385183,354.12646484375
exact,10000,32,0,65,0.05837580934166908,0.6074,1.0,320000,100000000,100320000,10000.0,14028800000,0.007116699999642151,0.004448300000149175,354.12646484375
exact,10000,32,0,66,0.05452905222773552,0.618240625,1.0,320000,100000000,100320000,10000.0,14028800000,0.00934270000016113,0.0058392999999341555,354.12646484375
exact,10000,32,0,67,0.050877928733825684,0.6284125,1.0,320000,100000000,100320000,10000.0,14028800000,0.007923099999970873,0.004723799999737821,354.12646484375
exact,10000,32,0,68,0.04742535203695297,0.637759375,1.0,320000,100000000,100320000,10000.0,14028800000,0.007150800000090385,0.0044821999999840045,354.12646484375
exact,10000,32,0,69,0.04416286572813988,0.646728125,1.0,320000,100000000,100320000,10000.0,14028800000,0.00785970000015368,0.005159299999832001,354.12646484375
exact,10000,32,0,70,0.04109589010477066,0.655621875,1.0,320000,100000000,100320000,10000.0,14028800000,0.007149799999751849,0.004451400000107242,354.12646484375
exact,10000,32,0,71,0.038248468190431595,0.66381875,1.0,320000,100000000,100320000,10000.0,14028800000,0.007216300000436604,0.004479899999751069,354.12646484375
exact,10000,32,0,72,0.03564209118485451,0.672796875,1.0,320000,100000000,100320000,10000.0,14028800000,0.00718830000005255,0.004482800000005227,354.12646484375
exact,10000,32,0,73,0.033278074115514755,0.680578125,1.0,320000,100000000,100320000,10000.0,14028800000,0.0071770000004107715,0.004487399999561603,354.12646484375
exact,10000,32,0,74,0.03114422596991062,0.6886,1.0,320000,100000000,100320000,10000.0,14028800000,0.007251600000017788,0.004483199999413046,354.12646484375
exact,10000,32,0,75,0.029231371358036995,0.696396875,1.0,320000,100000000,100320000,10000.0,14028800000,0.007157500000175787,0.004486699999688426,354.12646484375
exact,10000,32,0,76,0.027515102177858353,0.70398125,1.0,320000,100000000,100320000,10000.0,14028800000,0.007172799999352719,0.004481099999793514,354.12646484375
exact,10000,32,0,77,0.025951696559786797,0.7114,1.0,320000,100000000,100320000,10000.0,14028800000,0.0071017999998730375,0.004445200000191107,354.12646484375
exact,10000,32,0,78,0.02448658086359501,0.7187375,1.0,320000,100000000,100320000,10000.0,14028800000,0.007472100000086357,0.00447359999998298,354.12646484375
exact,10000,32,0,79,0.023075688630342484,0.726021875,1.0,320000,100000000,100320000,10000.0,14028800000,0.007187100000010105,0.004461900000023888,354.12646484375
exact,10000,32,0,80,0.021696558222174644,0.733471875,1.0,320000,100000000,100320000,10000.0,14028800000,0.00715570000011212,0.0044720000005327165,354.12646484375
exact,10000,32,0,81,0.020349828526377678,0.741159375,1.0,320000,100000000,100320000,10000.0,14028800000,0.007193399999778194,0.004470600000786362,354.12646484375
exact,10000,32,0,82,0.019049299880862236,0.74826875,1.0,320000,100000000,100320000,10000.0,14028800000,0.007110200000170153,0.004459499999938998,354.12646484375
exact,10000,32,0,83,0.017807388678193092,0.7557375,1.0,320000,100000000,100320000,10000.0,14028800000,0.007195300000603311,0.004462099999727798,354.12646484375
exact,10000,32,0,84,0.016629470512270927,0.763103125,1.0,320000,100000000,100320000,10000.0,14028800000,0.007182299999840325,0.0044604000004255795,354.12646484375
exact,10000,32,0,85,0.015512746758759022,0.770478125,1.0,320000,100000000,100320000,10000.0,14028800000,0.0072077999993780395,0.004510599999775877,354.12646484375
exact,10000,32,0,86,0.014450606890022755,0.778165625,1.0,320000,100000000,100320000,10000.0,14028800000,0.007163500000388012,0.004486499999984517,354.12646484375
exact,10000,32,0,87,0.013441069982945919,0.78586875,1.0,320000,100000000,100320000,10000.0,14028800000,0.007214899999780755,0.004470900000342226,354.12646484375
exact,10000,32,0,88,0.012492328882217407,0.794003125,1.0,320000,100000000,100320000,10000.0,14028800000,0.0071402999992642435,0.004470899999432731,354.12646484375
exact,10000,32,0,89,0.0116146020591259,0.801828125,1.0,320000,100000000,100320000,10000.0,14028800000,0.00715810000019701,0.004505199999584875,354.12646484375
exact,10000,32,0,90,0.010806693695485592,0.809846875,1.0,320000,100000000,100320000,10000.0,14028800000,0.0071131000004243106,0.004463299999770243,354.12646484375
exact,10000,32,0,91,0.010057120583951473,0.8171125,1.0,320000,100000000,100320000,10000.0,14028800000,0.007201799999165814,0.0044768999996449566,354.12646484375
exact,10000,32,0,92,0.009352155961096287,0.824346875,1.0,320000,100000000,100320000,10000.0,14028800000,0.007164999999986321,0.004465199999685865,354.12646484375
exact,10000,32,0,93,0.008684657514095306,0.831425,1.0,320000,100000000,100320000,10000.0,14028800000,0.007805400000506779,0.004642200000489538,354.12646484375
exact,10000,32,0,94,0.008053881116211414,0.83855,1.0,320000,100000000,100320000,10000.0,14028800000,0.007149399999434536,0.004479600000195205,354.12646484375
exact,10000,32,0,95,0.007461304310709238,0.84523125,1.0,320000,100000000,100320000,10000.0,14028800000,0.007129300000087824,0.004455399999642395,354.12646484375
exact,10000,32,0,96,0.006905746180564165,0.852084375,1.0,320000,100000000,100320000,10000.0,14028800000,0.007183800000348128,0.004496800000197254,354.12646484375
exact,10000,32,0,97,0.006383989471942186,0.858521875,1.0,320000,100000000,100320000,10000.0,14028800000,0.007159100000535545,0.004484999999476713,354.12646484375
exact,10000,32,0,98,0.005895100999623537,0.864840625,1.0,320000,100000000,100320000,10000.0,14028800000,0.007140400000025693,0.004451699999663106,354.12646484375
exact,10000,32,0,99,0.00543806841596961,0.870940625,1.0,320000,100000000,100320000,10000.0,14028800000,0.007221599999866157,0.004530000000158907,354.12646484375
exact,10000,32,0,100,0.005009008571505547,0.876984375,1.0,320000,100000000,100320000,10000.0,14028800000,0.007110800000191375,0.00444710000010673,354.12646484375
exact,10000,32,0,101,0.004603954032063484,0.88324375,1.0,320000,100000000,100320000,10000.0,14028800000,0.00719310000022233,0.004484000000047672,354.12646484375
exact,10000,32,0,102,0.0042222607880830765,0.888709375,1.0,320000,100000000,100320000,10000.0,14028800000,0.007181699999819102,0.0044664999995802646,354.12646484375
exact,10000,32,0,103,0.003865637583658099,0.894190625,1.0,320000,100000000,100320000,10000.0,14028800000,0.007170099999711965,0.0044809999999415595,354.12646484375
exact,10000,32,0,104,0.0035346290096640587,0.89981875,1.0,320000,100000000,100320000,10000.0,14028800000,0.007166699999288539,0.004499900000155321,354.12646484375
exact,10000,32,0,105,0.0032277172431349754,0.9050125,1.0,320000,100000000,100320000,10000.0,14028800000,0.007141799999772047,0.004465999999410997,354.12646484375
exact,10000,32,0,106,0.0029426708351820707,0.910690625,1.0,320000,100000000,100320000,10000.0,14028800000,0.007944400000269525,0.004726699999991979,354.12646484375
exact,10000,32,0,107,0.00267910142429173,0.91604375,1.0,320000,100000000,100320000,10000.0,14028800000,0.007808199999999488,0.004722399999991467,354.12646484375
exact,10000,32,0,108,0.0024390334729105234,0.92133125,1.0,320000,100000000,100320000,10000.0,14028800000,0.007164699999520963,0.004482899999857182,354.12646484375
exact,10000,32,0,109,0.0022250511683523655,0.926521875,1.0,320000,100000000,100320000,10000.0,14028800000,0.007226599999739847,0.0044800000005125185,354.12646484375
exact,10000,32,0,110,0.0020387405529618263,0.931109375,1.0,320000,100000000,100320000,10000.0,14028800000,0.007134399999813468,0.0044616000004680245,354.12646484375
exact,10000,32,0,111,0.0018786650616675615,0.93479375,1.0,320000,100000000,100320000,10000.0,14028800000,0.007912299999588868,0.004809900000509515,354.12646484375
exact,10000,32,0,112,0.0017418100032955408,0.93760625,1.0,320000,100000000,100320000,10000.0,14028800000,0.007111400000212598,0.004458299999896553,354.12646484375
exact,10000,32,0,113,0.001623076619580388,0.9396375,1.0,320000,100000000,100320000,10000.0,14028800000,0.007486299999982293,0.004489899999498448,354.12646484375
exact,10000,32,0,114,0.0015167882665991783,0.941121875,1.0,320000,100000000,100320000,10000.0,14028800000,0.007207800000287534,0.004473499999221531,354.12646484375
exact,10000,32,0,115,0.0014185472391545773,0.942365625,1.0,320000,100000000,100320000,10000.0,14028800000,0.007172200000240991,0.004486799999540381,354.12646484375
exact,10000,32,0,116,0.0013262942666187882,0.943525,1.0,320000,100000000,100320000,10000.0,14028800000,0.007218800000373449,0.0045042000001558335,354.12646484375
exact,10000,32,0,117,0.0012395187513902783,0.944584375,1.0,320000,100000000,100320000,10000.0,14028800000,0.00710960000014893,0.0044800000005125185,354.12646484375
exact,10000,32,0,118,0.0011575506068766117,0.945775,1.0,320000,100000000,100320000,10000.0,14028800000,0.007281600000169419,0.004511099999945145,354.12646484375
exact,10000,32,0,119,0.0010794727131724358,0.947353125,1.0,320000,100000000,100320000,10000.0,14028800000,0.007166200000028766,0.004484000000047672,354.12646484375
exact,10000,32,0,120,0.0010050577111542225,0.94879375,1.0,320000,100000000,100320000,10000.0,14028800000,0.007732899999609799,0.00474949999988894,354.12646484375
exact,10000,32,0,121,0.0009343440760858357,0.95009375,1.0,320000,100000000,100320000,10000.0,14028800000,0.007281399999556015,0.004521299999396433,354.12646484375
exact,10000,32,0,122,0.0008675034041516483,0.951803125,1.0,320000,100000000,100320000,10000.0,14028800000,0.008543999999346852,0.005712700000003679,354.12646484375
exact,10000,32,0,123,0.0008047331357374787,0.95339375,1.0,320000,100000000,100320000,10000.0,14028800000,0.007177499999670545,0.004490500000429165,354.12646484375
exact,10000,32,0,124,0.0007465888047590852,0.955046875,1.0,320000,100000000,100320000,10000.0,14028800000,0.007219099999929313,0.004479100000025937,354.12646484375
exact,10000,32,0,125,0.0006936651770956814,0.956621875,1.0,320000,100000000,100320000,10000.0,14028800000,0.007199700000455778,0.0044819999993706006,354.12646484375
exact,10000,32,0,126,0.0006464010803028941,0.958015625,1.0,320000,100000000,100320000,10000.0,14028800000,0.007226900000205205,0.0045124000007490395,354.12646484375
exact,10000,32,0,127,0.0006044624024070799,0.95920625,1.0,320000,100000000,100320000,10000.0,14028800000,0.00722219999988738,0.004474600000321516,354.12646484375
exact,10000,32,0,128,0.0005673241103067994,0.96015,1.0,320000,100000000,100320000,10000.0,14028800000,0.0073103000004266505,0.004637699999875622,354.12646484375
exact,10000,32,0,129,0.0005338223418220878,0.961046875,1.0,320000,100000000,100320000,10000.0,14028800000,0.007774799999424431,0.0050072999993062695,354.12646484375
exact,10000,32,0,130,0.0005034206551499665,0.961925,1.0,320000,100000000,100320000,10000.0,14028800000,0.00717609999992419,0.004464900000130001,354.12646484375
exact,10000,32,0,131,0.00047586477012373507,0.96243125,1.0,320000,100000000,100320000,10000.0,14028800000,0.00753900000017893,0.0045196999999461696,354.12646484375
exact,10000,32,0,132,0.0004509933351073414,0.962775,1.0,320000,100000000,100320000,10000.0,14028800000,0.007604999999784923,0.004494599999816273,354.12646484375
exact,10000,32,0,133,0.00042820547241717577,0.962971875,1.0,320000,100000000,100320000,10000.0,14028800000,0.007226500000797387,0.004479299999729847,354.12646484375
exact,10000,32,0,134,0.00040690985042601824,0.963209375,1.0,320000,100000000,100320000,10000.0,14028800000,0.007203500000287022,0.004470600000786362,354.12646484375
exact,10000,32,0,135,0.00038680038414895535,0.963671875,1.0,320000,100000000,100320000,10000.0,14028800000,0.007156799999393115,0.004466899999897578,354.12646484375
exact,10000,32,0,136,0.00036798760993406177,0.964125,1.0,320000,100000000,100320000,10000.0,14028800000,0.007230800000797899,0.0044993999999860534,354.12646484375
exact,10000,32,0,137,0.0003506166976876557,0.964675,1.0,320000,100000000,100320000,10000.0,14028800000,0.007107499999619904,0.004476099999919825,354.12646484375
exact,10000,32,0,138,0.0003347327874507755,0.96494375,1.0,320000,100000000,100320000,10000.0,14028800000,0.0071833000001788605,0.004481599999962782,354.12646484375
exact,10000,32,0,139,0.0003200902137905359,0.965246875,1.0,320000,100000000,100320000,10000.0,14028800000,0.0072648999994271435,0.004476099999919825,354.12646484375
exact,10000,32,0,140,0.0003067005891352892,0.96555,1.0,320000,100000000,100320000,10000.0,14028800000,0.007159699999647273,0.004470200000469049,354.12646484375
exact,10000,32,0,141,0.00029463227838277817,0.96593125,1.0,320000,100000000,100320000,10000.0,14028800000,0.007161000000451168,0.0044643000001087785,354.12646484375
exact,10000,32,0,142,0.00028380064759403467,0.966325,1.0,320000,100000000,100320000,10000.0,14028800000,0.007188699999460368,0.004504099999394384,354.12646484375
exact,10000,32,0,143,0.00027411876362748444,0.9667,1.0,320000,100000000,100320000,10000.0,14028800000,0.007934399999612651,0.0052806000003329245,354.12646484375
exact,10000,32,0,144,0.000265337381279096,0.96671875,1.0,320000,100000000,100320000,10000.0,14028800000,0.007158200000048964,0.004471400000511494,354.12646484375
exact,10000,32,0,145,0.00025733141228556633,0.966915625,1.0,320000,100000000,100320000,10000.0,14028800000,0.007157600000027742,0.004492500000196742,354.12646484375
exact,10000,32,0,146,0.0002499814727343619,0.96703125,1.0,320000,100000000,100320000,10000.0,14028800000,0.0072508000002926565,0.004464799999368552,354.12646484375
exact,10000,32,0,147,0.00024318844953086227,0.96730625,1.0,320000,100000000,100320000,10000.0,14028800000,0.007116900000255555,0.004454799999621173,354.12646484375
exact,10000,32,0,148,0.00023696846619714051,0.9675,1.0,320000,100000000,100320000,10000.0,14028800000,0.007175100000495149,0.004473899999538844,354.12646484375
exact,10000,32,0,149,0.00023126629821490496,0.96765,1.0,320000,100000000,100320000,10000.0,14028800000,0.007105799999408191,0.00444939999943017,354.12646484375
exact,10000,32,0,150,0.00022613520559389144,0.96765,1.0,320000,100000000,100320000,10000.0,14028800000,0.007107399999767949,0.004458600000361912,354.12646484375
exact,10000,32,0,151,0.00022153262398205698,0.96773125,1.0,320000,100000000,100320000,10000.0,14028800000,0.007216299999527109,0.004494700000577723,354.12646484375
exact,10000,32,0,152,0.00021735126210842282,0.967775,1.0,320000,100000000,100320000,10000.0,14028800000,0.007200600000032864,0.004480200000216428,354.12646484375
exact,10000,32,0,153,0.00021357592777349055,0.967853125,1.0,320000,100000000,100320000,10000.0,14028800000,0.007149500000195985,0.004465899999559042,354.12646484375
exact,10000,32,0,154,0.00021010776981711388,0.968003125,1.0,320000,100000000,100320000,10000.0,14028800000,0.007149500000195985,0.004470300000321004,354.12646484375
exact,10000,32,0,155,0.00020694098202511668,0.968021875,1.0,320000,100000000,100320000,10000.0,14028800000,0.007786399999531568,0.0050827000004574074,354.12646484375
exact,10000,32,0,156,0.00020409336138982326,0.968103125,1.0,320000,100000000,100320000,10000.0,14028800000,0.007192899999608926,0.004487899999730871,354.12646484375
exact,10000,32,0,157,0.00020151084754616022,0.968203125,1.0,320000,100000000,100320000,10000.0,14028800000,0.007127800000489515,0.004479199999877892,354.12646484375
exact,10000,32,0,158,0.000199188114493154,0.968196875,1.0,320000,100000000,100320000,10000.0,14028800000,0.0072017000002233544,0.004489799999646493,354.12646484375
exact,10000,32,0,159,0.00019702989084180444,0.968284375,1.0,320000,100000000,100320000,10000.0,14028800000,0.007991200000105891,0.0048439000001962995,354.12646484375
exact,10000,32,0,160,0.00019508980039972812,0.968384375,1.0,320000,100000000,100320000,10000.0,14028800000,0.007129300000087824,0.004461999999875843,354.12646484375
exact,10000,32,0,161,0.00019335374236106873,0.968453125,1.0,320000,100000000,100320000,10000.0,14028800000,0.0071196999997482635,0.004467799999474664,354.12646484375
exact,10000,32,0,162,0.00019176147179678082,0.968490625,1.0,320000,100000000,100320000,10000.0,14028800000,0.007175699999606877,0.004485200000090117,354.12646484375
exact,10000,32,0,163,0.00019032701675314456,0.968428125,1.0,320000,100000000,100320000,10000.0,14028800000,0.007139399999687157,0.004474100000152248,354.12646484375
exact,10000,32,0,164,0.00018904311582446098,0.968396875,1.0,320000,100000000,100320000,10000.0,14028800000,0.007107600000381353,0.004447400000572088,354.12646484375
exact,10000,32,0,165,0.00018790365720633417,0.968403125,1.0,320000,100000000,100320000,10000.0,14028800000,0.007154900000386988,0.004471299999750045,354.12646484375
exact,10000,32,0,166,0.0001868091057986021,0.968446875,1.0,320000,100000000,100320000,10000.0,14028800000,0.007133600000088336,0.004471600000215403,354.12646484375
exact,10000,32,0,167,0.0001858625328168273,0.9683875,1.0,320000,100000000,100320000,10000.0,14028800000,0.007152199999836739,0.004466000000320491,354.12646484375
exact,10000,32,0,168,0.00018501770682632923,0.96841875,1.0,320000,100000000,100320000,10000.0,14028800000,0.00715310000032332,0.004468500000257336,354.12646484375
exact,10000,32,0,169,0.0001842755009420216,0.96841875,1.0,320000,100000000,100320000,10000.0,14028800000,0.007380000000011933,0.004497499999160937,354.12646484375
exact,10000,32,0,170,0.00018360704416409135,0.968428125,1.0,320000,100000000,100320000,10000.0,14028800000,0.007550700000138022,0.004916800000501098,354.12646484375
exact,10000,32,0,171,0.0001830125693231821,0.96841875,1.0,320000,100000000,100320000,10000.0,14028800000,0.007173700000748795,0.004484199999751581,354.12646484375
exact,10000,32,0,172,0.00018247253319714218,0.968459375,1.0,320000,100000000,100320000,10000.0,14028800000,0.008144300000822113,0.004449299999578216,354.12646484375
exact,10000,32,0,173,0.00018198635370936245,0.96843125,1.0,320000,100000000,100320000,10000.0,14028800000,0.007157600000027742,0.004452299999684328,354.12646484375
exact,10000,32,0,174,0.00018155219731852412,0.968440625,1.0,320000,100000000,100320000,10000.0,14028800000,0.0071027999993020785,0.004462700000658515,354.12646484375
exact,10000,32,0,175,0.0001811451220419258,0.9685375,1.0,320000,100000000,100320000,10000.0,14028800000,0.007144400000470341,0.004474000000300293,354.12646484375
exact,10000,32,0,176,0.00018076902779284865,0.96861875,1.0,320000,100000000,100320000,10000.0,14028800000,0.00710590000016964,0.004483099999561091,354.12646484375
exact,10000,32,0,177,0.00018045191245619208,0.96855625,1.0,320000,100000000,100320000,10000.0,14028800000,0.007170799999585142,0.004485299999942072,354.12646484375
exact,10000,32,0,178,0.0001801599282771349,0.968559375,1.0,320000,100000000,100320000,10000.0,14028800000,0.007112499999493593,0.004454500000065309,354.12646484375
exact,10000,32,0,179,0.0001799089222913608,0.968540625,1.0,320000,100000000,100320000,10000.0,14028800000,0.0072442999999111635,0.004476199999771779,354.12646484375
exact,10000,32,0,180,0.00017967041640076786,0.968553125,1.0,320000,100000000,100320000,10000.0,14028800000,0.007154099999752361,0.004461800000171934,354.12646484375
exact,10000,32,0,181,0.00017946572916116565,0.968575,1.0,320000,100000000,100320000,10000.0,14028800000,0.0071562000002813875,0.004494300000260409,354.12646484375
exact,10000,32,0,182,0.00017928708984982222,0.96855,1.0,320000,100000000,100320000,10000.0,14028800000,0.0071625000000494765,0.004460500000277534,354.12646484375
exact,10000,32,0,183,0.0001791171234799549,0.9685375,1.0,320000,100000000,100320000,10000.0,14028800000,0.007111699999768462,0.004469800000151736,354.12646484375
exact,10000,32,0,184,0.00017898509395308793,0.968546875,1.0,320000,100000000,100320000,10000.0,14028800000,0.007089199999427365,0.004453600000488223,354.12646484375
exact,10000,32,0,185,0.00017885261331684887,0.968590625,1.0,320000,100000000,100320000,10000.0,14028800000,0.008624600000075588,0.005130700000336219,354.12646484375
exact,10000,32,0,186,0.00017873657634481788,0.968603125,1.0,320000,100000000,100320000,10000.0,14028800000,0.007159900000260677,0.0044628999994529295,354.12646484375
exact,10000,32,0,187,0.00017863944231066853,0.968628125,1.0,320000,100000000,100320000,10000.0,14028800000,0.007139699999243021,0.00448320000032254,354.12646484375
exact,10000,32,0,188,0.0001785576605470851,0.968625,1.0,320000,100000000,100320000,10000.0,14028800000,0.00712779999958002,0.004480300000068382,354.12646484375
exact,10000,32,0,189,0.0001784995838534087,0.96860625,1.0,320000,100000000,100320000,10000.0,14028800000,0.00714109999989887,0.004460899999685353,354.12646484375
exact,10000,32,0,190,0.0001784283376764506,0.968625,1.0,320000,100000000,100320000,10000.0,14028800000,0.007164399999965099,0.004489499999181135,354.12646484375
exact,10000,32,0,191,0.0001783626212272793,0.9686,1.0,320000,100000000,100320000,10000.0,14028800000,0.007156599999689206,0.00445670000044629,354.12646484375
exact,10000,32,0,192,0.00017830761498771608,0.968590625,1.0,320000,100000000,100320000,10000.0,14028800000,0.007164199999351695,0.004494400000112364,354.12646484375
exact,10000,32,0,193,0.00017825195391196758,0.968584375,1.0,320000,100000000,100320000,10000.0,14028800000,0.007141800000681542,0.004475800000363961,354.12646484375
exact,10000,32,0,194,0.00017821499204728752,0.968578125,1.0,320000,100000000,100320000,10000.0,14028800000,0.007105800000317686,0.004456399999980931,354.12646484375
exact,10000,32,0,195,0.00017818539345171303,0.9685875,1.0,320000,100000000,100320000,10000.0,14028800000,0.007186599999840837,0.004468499999347841,354.12646484375
exact,10000,32,0,196,0.0001781597820809111,0.968571875,1.0,320000,100000000,100320000,10000.0,14028800000,0.0071729000001141685,0.004470899999432731,354.12646484375
exact,10000,32,0,197,0.00017812590522225946,0.968596875,1.0,320000,100000000,100320000,10000.0,14028800000,0.007100400000126683,0.004461799999262439,354.12646484375
exact,10000,32,0,198,0.00017809879500418901,0.96860625,1.0,320000,100000000,100320000,10000.0,14028800000,0.0073853000003509806,0.004514799999924435,354.12646484375
exact,10000,32,0,199,0.00017807885888032615,0.968625,1.0,320000,100000000,100320000,10000.0,14028800000,0.0072130999997170875,0.004477799999222043,354.12646484375
exact,10000,32,0,200,0.00017805992683861405,0.96864375,1.0,320000,100000000,100320000,10000.0,14028800000,0.007247100000313367,0.0044875999992655125,354.12646484375
exact,10000,32,0,201,0.00017804595699999481,0.96863125,1.0,320000,100000000,100320000,10000.0,14028800000,0.0071654000003036344,0.004472999999961758,354.12646484375
exact,10000,32,0,202,0.0001780331222107634,0.9686375,1.0,320000,100000000,100320000,10000.0,14028800000,0.007151699999667471,0.0044717999999193125,354.12646484375
exact,10000,32,0,203,0.00017801395733840764,0.968640625,1.0,320000,100000000,100320000,10000.0,14028800000,0.007142800000110583,0.004501100000197766,354.12646484375
exact,10000,32,0,204,0.0001780041347956285,0.96865,1.0,320000,100000000,100320000,10000.0,14028800000,0.007161499999710941,0.0045110000000931905,354.12646484375
exact,10000,32,0,205,0.0001779896265361458,0.968640625,1.0,320000,100000000,100320000,10000.0,14028800000,0.007098399999449612,0.004454500000065309,354.12646484375
exact,10000,32,0,206,0.00017798399494495243,0.96863125,1.0,320000,100000000,100320000,10000.0,14028800000,0.00726440000016737,0.004511899999670277,354.12646484375
exact,10000,32,0,207,0.00017798323824536055,0.968640625,1.0,320000,100000000,100320000,10000.0,14028800000,0.007134600000426872,0.004463799999939511,354.12646484375
exact,10000,32,0,208,0.00017798019689507782,0.96865,1.0,320000,100000000,100320000,10000.0,14028800000,0.00714349999998376,0.004465899999559042,354.12646484375
exact,10000,32,0,209,0.00017797596228774637,0.9686375,1.0,320000,100000000,100320000,10000.0,14028800000,0.007118200000149955,0.004463499999474152,354.12646484375
exact,10000,32,0,210,0.00017796472820919007,0.96864375,1.0,320000,100000000,100320000,10000.0,14028800000,0.007097499999872525,0.004456100000425067,354.12646484375
exact,10000,32,0,211,0.00017795841267798096,0.96865625,1.0,320000,100000000,100320000,10000.0,14028800000,0.008561699999518169,0.004632799999853887,354.12646484375
exact,10000,32,0,212,0.0001779613521648571,0.968646875,1.0,320000,100000000,100320000,10000.0,14028800000,0.007203599999229482,0.004491900000175519,354.12646484375
exact,10000,32,0,213,0.00017795528401620686,0.9686375,1.0,320000,100000000,100320000,10000.0,14028800000,0.007103099999767437,0.004457099999854108,354.12646484375
exact,10000,32,0,214,0.00017795800522435457,0.968609375,1.0,320000,100000000,100320000,10000.0,14028800000,0.007174700000177836,0.004521399999248388,354.12646484375
exact,10000,32,0,215,0.00017795924213714898,0.968621875,1.0,320000,100000000,100320000,10000.0,14028800000,0.007095499999195454,0.004454799999621173,354.12646484375
exact,10000,32,0,216,0.00017795465828385204,0.9686375,1.0,320000,100000000,100320000,10000.0,14028800000,0.007152899999709916,0.004461900000023888,354.12646484375
exact,10000,32,0,217,0.0001779493468347937,0.968628125,1.0,320000,100000000,100320000,10000.0,14028800000,0.007142299999941315,0.004468899999665155,354.12646484375
exact,10000,32,0,218,0.00017794821178540587,0.968621875,1.0,320000,100000000,100320000,10000.0,14028800000,0.007382000000689004,0.0046264000002338435,354.12646484375
exact,10000,32,0,219,0.00017794754239730537,0.968603125,1.0,320000,100000000,100320000,10000.0,14028800000,0.007181599999967148,0.00448820000019623,354.12646484375
exact,10000,32,0,220,0.0001779447338776663,0.968621875,1.0,320000,100000000,100320000,10000.0,14028800000,0.007109199999831617,0.004474099999242753,354.12646484375
exact,10000,32,0,221,0.00017794810992199928,0.96860625,1.0,320000,100000000,100320000,10000.0,14028800000,0.007141400000364229,0.004468399999495887,354.12646484375
exact,10000,32,0,222,0.00017794713494367898,0.96861875,1.0,320000,100000000,100320000,10000.0,14028800000,0.0071937000002435525,0.004481199999645469,354.12646484375
exact,10000,32,0,223,0.00017794569430407137,0.968615625,1.0,320000,100000000,100320000,10000.0,14028800000,0.007466500000191445,0.004467899999326619,354.12646484375
exact,10000,32,0,224,0.00017795070016290992,0.9686125,1.0,320000,100000000,100320000,10000.0,14028800000,0.007128100000045379,0.004475200000342738,354.12646484375
exact,10000,32,0,225,0.00017794850282371044,0.968609375,1.0,320000,100000000,100320000,10000.0,14028800000,0.00785989999985759,0.005012800000258721,354.12646484375
exact,10000,32,0,226,0.00017794618906918913,0.96860625,1.0,320000,100000000,100320000,10000.0,14028800000,0.007108299999345036,0.004454000000805536,354.12646484375
exact,10000,32,0,227,0.00017794522864278406,0.968603125,1.0,320000,100000000,100320000,10000.0,14028800000,0.007098500000211061,0.004450299999916751,354.12646484375
exact,10000,32,0,228,0.00017794474842958152,0.968590625,1.0,320000,100000000,100320000,10000.0,14028800000,0.007104899999831105,0.004472999999961758,354.12646484375
exact,10000,32,0,229,0.00017794563609641045,0.968603125,1.0,320000,100000000,100320000,10000.0,14028800000,0.007126399999833666,0.0044708000004902715,354.12646484375
exact,10000,32,0,230,0.00017794512677937746,0.968590625,1.0,320000,100000000,100320000,10000.0,14028800000,0.0071717000000717235,0.004461900000023888,354.12646484375
exact,10000,32,0,231,0.00017794620362110436,0.968609375,1.0,320000,100000000,100320000,10000.0,14028800000,0.00949769999988348,0.006130100000518723,354.12646484375
exact,10000,32,0,232,0.00017793998995330185,0.968628125,1.0,320000,100000000,100320000,10000.0,14028800000,0.007246500000292144,0.004481099999793514,354.12646484375
exact,10000,32,0,233,0.00017794189625419676,0.968615625,1.0,320000,100000000,100320000,10000.0,14028800000,0.007150999999794294,0.004486400000132562,354.12646484375
exact,10000,32,0,234,0.00017794259474612772,0.968603125,1.0,320000,100000000,100320000,10000.0,14028800000,0.00858669999979611,0.00549109999974462,354.12646484375
exact,10000,32,0,235,0.00017794384621083736,0.96860625,1.0,320000,100000000,100320000,10000.0,14028800000,0.007117699999980687,0.004446300000381598,354.12646484375
exact,10000,32,0,236,0.00017794092127587646,0.96860625,1.0,320000,100000000,100320000,10000.0,14028800000,0.0071605000002819,0.004472800000257848,354.12646484375
exact,10000,32,0,237,0.0001779425365384668,0.9686125,1.0,320000,100000000,100320000,10000.0,14028800000,0.007151199999498203,0.00446269999974902,354.12646484375
exact,10000,32,0,238,0.00017794036830309778,0.9686125,1.0,320000,100000000,100320000,10000.0,14028800000,0.007129200000235869,0.004455599999346305,354.12646484375
exact,10000,32,0,239,0.00017794033919926733,0.968615625,1.0,320000,100000000,100320000,10000.0,14028800000,0.0073323999995409395,0.004544999999779975,354.12646484375
exact,10000,32,0,240,0.00017794004816096276,0.96860625,1.0,320000,100000000,100320000,10000.0,14028800000,0.007138599999962025,0.0044524000004457776,354.12646484375
exact,10000,32,0,241,0.00017794060113374144,0.968603125,1.0,320000,100000000,100320000,10000.0,14028800000,0.007192699999905017,0.0044708000004902715,354.12646484375
exact,10000,32,0,242,0.00017794111045077443,0.968615625,1.0,320000,100000000,100320000,10000.0,14028800000,0.00710849999995844,0.004474299999856157,354.12646484375
exact,10000,32,0,243,0.00017793939332477748,0.968621875,1.0,320000,100000000,100320000,10000.0,14028800000,0.0071520999999847845,0.004480499999772292,354.12646484375
exact,10000,32,0,244,0.0001779415615601465,0.968609375,1.0,320000,100000000,100320000,10000.0,14028800000,0.007087099999807833,0.004452600000149687,354.12646484375
exact,10000,32,0,245,0.00017793783626984805,0.9686125,1.0,320000,100000000,100320000,10000.0,14028800000,0.007151400000111607,0.004504999999880965,354.12646484375
exact,10000,32,0,246,0.00017794131417758763,0.968603125,1.0,320000,100000000,100320000,10000.0,14028800000,0.00721979999980249,0.004526599999735481,354.12646484375
exact,10000,32,0,247,0.00017794112500268966,0.9686,1.0,320000,100000000,100320000,10000.0,14028800000,0.007163299999774608,0.004470699999728822,354.12646484375
exact,10000,32,0,248,0.00017794454470276833,0.9686,1.0,320000,100000000,100320000,10000.0,14028800000,0.00715070000023843,0.004485200000090117,354.12646484375
exact,10000,32,0,249,0.0001779446320142597,0.968596875,1.0,320000,100000000,100320000,10000.0,14028800000,0.0071907999999893946,0.004487900000640366,354.12646484375
exact,10000,32,0,250,0.00017794336599763483,0.96860625,1.0,320000,100000000,100320000,10000.0,14028800000,0.007102100000338396,0.004456100000425067,354.12646484375
exact,10000,32,0,251,0.00017794112500268966,0.96860625,1.0,320000,100000000,100320000,10000.0,14028800000,0.007141100000808365,0.0044783000003008056,354.12646484375
exact,10000,32,0,252,0.00017794208542909473,0.968603125,1.0,320000,100000000,100320000,10000.0,14028800000,0.007181700000728597,0.0044679000002361136,354.12646484375
exact,10000,32,0,253,0.00017794327868614346,0.9686,1.0,320000,100000000,100320000,10000.0,14028800000,0.007202599999800441,0.004480300000068382,354.12646484375
exact,10000,32,0,254,0.00017794116865843534,0.96859375,1.0,320000,100000000,100320000,10000.0,14028800000,0.007434399999510788,0.004684900000029302,354.12646484375
exact,10000,32,0,255,0.00017793921870179474,0.9686125,1.0,320000,100000000,100320000,10000.0,14028800000,0.0073570000004110625,0.004459799999494862,354.12646484375
exact,10000,32,0,256,0.00017794228915590793,0.9686,1.0,320000,100000000,100320000,10000.0,14028800000,0.007157099999858474,0.004482399999687914,354.12646484375
exact,10000,32,0,257,0.0001779397134669125,0.9686125,1.0,320000,100000000,100320000,10000.0,14028800000,0.007146099999772559,0.0044954000004509,354.12646484375
exact,10000,32,0,258,0.00017794182349462062,0.968609375,1.0,320000,100000000,100320000,10000.0,14028800000,0.0071719000006851275,0.004502499999944121,354.12646484375
exact,10000,32,0,259,0.00017793968436308205,0.96861875,1.0,320000,100000000,100320000,10000.0,14028800000,0.007195999999566993,0.004497599999922386,354.12646484375
exact,10000,32,0,260,0.0001779419690137729,0.96861875,1.0,320000,100000000,100320000,10000.0,14028800000,0.007165600000007544,0.004496099999414582,354.12646484375
exact,10000,32,0,261,0.00017793932056520134,0.96861875,1.0,320000,100000000,100320000,10000.0,14028800000,0.007141799999772047,0.00445780000063678,354.12646484375
exact,10000,32,0,262,0.00017794007726479322,0.96861875,1.0,320000,100000000,100320000,10000.0,14028800000,0.007125699999960489,0.00447230000008858,354.12646484375
exact,10000,32,0,263,0.0001779412414180115,0.9686125,1.0,320000,100000000,100320000,10000.0,14028800000,0.007149199999730627,0.004477399999814224,354.12646484375
exact,10000,32,0,264,0.00017794223094824702,0.968609375,1.0,320000,100000000,100320000,10000.0,14028800000,0.007530400000177906,0.004477899999983492,354.12646484375
exact,10000,32,0,265,0.00017793901497498155,0.968609375,1.0,320000,100000000,100320000,10000.0,14028800000,0.007164799999372917,0.004471899999771267,354.12646484375
exact,10000,32,0,266,0.00017794297309592366,0.968596875,1.0,320000,100000000,100320000,10000.0,14028800000,0.007188900000073772,0.0045122000001356355,354.12646484375
exact,10000,32,0,267,0.00017794019368011504,0.968603125,1.0,320000,100000000,100320000,10000.0,14028800000,0.007135300000300049,0.004459599999790953,354.12646484375
exact,10000,32,0,268,0.00017794153245631605,0.968596875,1.0,320000,100000000,100320000,10000.0,14028800000,0.007162000000789703,0.004479100000025937,354.12646484375
exact,10000,32,0,269,0.00017793803999666125,0.9686125,1.0,320000,100000000,100320000,10000.0,14028800000,0.007126799999241484,0.004475299999285198,354.12646484375
exact,10000,32,0,270,0.0001779406302375719,0.968603125,1.0,320000,100000000,100320000,10000.0,14028800000,0.0071325999997498,0.004456299999219482,354.12646484375
exact,10000,32,0,271,0.00017794362793210894,0.968596875,1.0,320000,100000000,100320000,10000.0,14028800000,0.007194499999968684,0.004497500000070431,354.12646484375
exact,10000,32,0,272,0.00017794029554352164,0.968603125,1.0,320000,100000000,100320000,10000.0,14028800000,0.007164800000282412,0.00445780000063678,354.12646484375
exact,10000,32,0,273,0.00017794070299714804,0.968596875,1.0,320000,100000000,100320000,10000.0,14028800000,0.007099700000253506,0.004475200000342738,354.12646484375
exact,10000,32,0,274,0.0001779391459422186,0.968596875,1.0,320000,100000000,100320000,10000.0,14028800000,0.0072946000000229105,0.004611600000316685,354.12646484375
exact,10000,32,0,275,0.0001779394078766927,0.9686,1.0,320000,100000000,100320000,10000.0,14028800000,0.007098900000528374,0.004460999999537307,354.12646484375
exact,10000,32,0,276,0.00017794138693716377,0.968596875,1.0,320000,100000000,100320000,10000.0,14028800000,0.00715310000032332,0.004465400000299269,354.12646484375
exact,10000,32,0,277,0.0001779400190571323,0.96860625,1.0,320000,100000000,100320000,10000.0,14028800000,0.007144299999708892,0.004451300000255287,354.12646484375
exact,10000,32,0,278,0.00017794163431972265,0.9686,1.0,320000,100000000,100320000,10000.0,14028800000,0.007221500000014203,0.004491499999858206,354.12646484375
exact,10000,32,0,279,0.0001779394515324384,0.96860625,1.0,320000,100000000,100320000,10000.0,14028800000,0.0071794000004956615,0.004486499999984517,354.12646484375
exact,10000,32,0,280,0.00017794138693716377,0.968609375,1.0,320000,100000000,100320000,10000.0,14028800000,0.007195299999693816,0.004462100000637292,354.12646484375
exact,10000,32,0,281,0.00017793998995330185,0.968615625,1.0,320000,100000000,100320000,10000.0,14028800000,0.007126700000299024,0.004461800000171934,354.12646484375
exact,10000,32,0,282,0.00017793958249967545,0.9686125,1.0,320000,100000000,100320000,10000.0,14028800000,0.007168099999944388,0.004479000000173983,354.12646484375
exact,10000,32,0,283,0.00017794195446185768,0.968603125,1.0,320000,100000000,100320000,10000.0,14028800000,0.00719799999933457,0.0045238000002427725,354.12646484375
exact,10000,32,0,284,0.00017794234736356884,0.968603125,1.0,320000,100000000,100320000,10000.0,14028800000,0.007174899999881745,0.004465600000003178,354.12646484375
exact,10000,32,0,285,0.0001779398589860648,0.96860625,1.0,320000,100000000,100320000,10000.0,14028800000,0.007107299999915995,0.0044575000001714216,354.12646484375
exact,10000,32,0,286,0.00017794017912819982,0.968609375,1.0,320000,100000000,100320000,10000.0,14028800000,0.007159599999795319,0.0044732000005751615,354.12646484375
exact,10000,32,0,287,0.0001779415615601465,0.968603125,1.0,320000,100000000,100320000,10000.0,14028800000,0.007130799999686133,0.004490000000259897,354.12646484375
exact,10000,32,0,288,0.00017793984443414956,0.968603125,1.0,320000,100000000,100320000,10000.0,14028800000,0.007142100000237406,0.004453800000192132,354.12646484375
exact,10000,32,0,289,0.00017794143059290946,0.968596875,1.0,320000,100000000,100320000,10000.0,14028800000,0.00713019999966491,0.004463700000087556,354.12646484375
exact,10000,32,0,290,0.00017794090672396123,0.968603125,1.0,320000,100000000,100320000,10000.0,14028800000,0.007121200000256067,0.004455500000403845,354.12646484375
exact,10000,32,0,291,0.0001779410376911983,0.968609375,1.0,320000,100000000,100320000,10000.0,14028800000,0.007137799999327399,0.004457400000319467,354.12646484375
exact,10000,32,0,292,0.00017794019368011504,0.968621875,1.0,320000,100000000,100320000,10000.0,14028800000,0.007211300000562915,0.004476299999623734,354.12646484375
exact,10000,32,0,293,0.0001779415615601465,0.9686,1.0,320000,100000000,100320000,10000.0,14028800000,0.007110800000191375,0.004463000000214379,354.12646484375
exact,10000,32,0,294,0.00017794137238524854,0.968596875,1.0,320000,100000000,100320000,10000.0,14028800000,0.007192399999439658,0.004493700000239187,354.12646484375
exact,10000,32,0,295,0.00017794159066397697,0.9686,1.0,320000,100000000,100320000,10000.0,14028800000,0.007166800000049989,0.004468099999940023,354.12646484375
exact,10000,32,0,296,0.0001779378071660176,0.968621875,1.0,320000,100000000,100320000,10000.0,14028800000,0.008327300000019022,0.004544200000054843,354.12646484375
exact,10000,32,0,297,0.0001779422746039927,0.968603125,1.0,320000,100000000,100320000,10000.0,14028800000,0.009510599999885017,0.006731499999659718,354.12646484375
exact,10000,32,0,298,0.0001779412996256724,0.968603125,1.0,320000,100000000,100320000,10000.0,14028800000,0.007173799999691255,0.004488300000048184,354.12646484375
exact,10000,32,0,299,0.00017794057202991098,0.9686,1.0,320000,100000000,100320000,10000.0,14028800000,0.007126799999241484,0.004485200000090117,354.12646484375
exact,10000,32,0,300,0.0001779419690137729,0.968609375,1.0,320000,100000000,100320000,10000.0,14028800000,0.007116199999472883,0.004455599999346305,354.12646484375
exact,10000,32,0,301,0.0001779412996256724,0.96860625,1.0,320000,100000000,100320000,10000.0,14028800000,0.007115100000191887,0.004474800000025425,354.12646484375
exact,10000,32,0,302,0.00017793988808989525,0.968603125,1.0,320000,100000000,100320000,10000.0,14028800000,0.007106799999746727,0.004458599999452417,354.12646484375
exact,10000,32,0,303,0.0001779438171070069,0.96859375,1.0,320000,100000000,100320000,10000.0,14028800000,0.007224500000120315,0.004545199999483884,354.12646484375
exact,10000,32,0,304,0.000177941910806112,0.968609375,1.0,320000,100000000,100320000,10000.0,14028800000,0.008880800000042655,0.0055322999996860744,354.12646484375
exact,10000,32,0,305,0.00017793891311157495,0.968615625,1.0,320000,100000000,100320000,10000.0,14028800000,0.007159799999499228,0.00446990000000369,354.12646484375
exact,10000,32,0,306,0.00017793913139030337,0.96860625,1.0,320000,100000000,100320000,10000.0,14028800000,0.007149000000026717,0.004473699999834935,354.12646484375
exact,10000,32,0,307,0.00017794161976780742,0.96860625,1.0,320000,100000000,100320000,10000.0,14028800000,0.007142600000406674,0.004455600000255799,354.12646484375
exact,10000,32,0,308,0.0001779415615601465,0.968603125,1.0,320000,100000000,100320000,10000.0,14028800000,0.007087099999807833,0.004445799999302835,354.12646484375
exact,10000,32,0,309,0.00017794111045077443,0.968609375,1.0,320000,100000000,100320000,10000.0,14028800000,0.007126399999833666,0.004483199999413046,354.12646484375
exact,10000,32,0,310,0.00017793952429201454,0.968615625,1.0,320000,100000000,100320000,10000.0,14028800000,0.007131700000172714,0.0044543000003614,354.12646484375
exact,10000,32,0,311,0.00017794144514482468,0.9686125,1.0,320000,100000000,100320000,10000.0,14028800000,0.007607399999869813,0.004627000000255066,354.12646484375
exact,10000,32,0,312,0.00017794144514482468,0.9686,1.0,320000,100000000,100320000,10000.0,14028800000,0.00718460000007326,0.004479000000173983,354.12646484375
exact,10000,32,0,313,0.00017794070299714804,0.968603125,1.0,320000,100000000,100320000,10000.0,14028800000,0.007166700000198034,0.004501600000367034,354.12646484375
exact,10000,32,0,314,0.0001779417070792988,0.968603125,1.0,320000,100000000,100320000,10000.0,14028800000,0.007146300000385963,0.00446760000068025,354.12646484375
exact,10000,32,0,315,0.00017793943698052317,0.968609375,1.0,320000,100000000,100320000,10000.0,14028800000,0.007171199999902456,0.004487600000175007,354.12646484375
exact,10000,32,0,316,0.0001779416634235531,0.96860625,1.0,320000,100000000,100320000,10000.0,14028800000,0.007264799999575189,0.004530700000032084,354.12646484375
exact,10000,32,0,317,0.00017794051382225007,0.9686,1.0,320000,100000000,100320000,10000.0,14028800000,0.007580999999845517,0.004840499999772874,354.12646484375
exact,10000,32,0,318,0.00017794303130358458,0.968596875,1.0,320000,100000000,100320000,10000.0,14028800000,0.007217800000034913,0.0045112000007065944,354.12646484375
exact,10000,32,0,319,0.0001779410376911983,0.96860625,1.0,320000,100000000,100320000,10000.0,14028800000,0.007126900000002934,0.004453300000022864,354.12646484375
exact,10000,32,0,320,0.0001779395097400993,0.968609375,1.0,320000,100000000,100320000,10000.0,14028800000,0.007277400000020862,0.00454009999975824,354.12646484375
exact,10000,32,0,321,0.00017794064478948712,0.9686,1.0,320000,100000000,100320000,10000.0,14028800000,0.007189300000391086,0.004510400000071968,354.12646484375
exact,10000,32,0,322,0.0001779416634235531,0.9686,1.0,320000,100000000,100320000,10000.0,14028800000,0.007167600000684615,0.004461999999875843,354.12646484375
exact,10000,32,0,323,0.00017794097948353738,0.968609375,1.0,320000,100000000,100320000,10000.0,14028800000,0.007169900000008056,0.0044604000004255795,354.12646484375
exact,10000,32,0,324,0.0001779410376911983,0.96860625,1.0,320000,100000000,100320000,10000.0,14028800000,0.007185600000411796,0.004498899999816786,354.12646484375
exact,10000,32,0,325,0.0001779385784175247,0.96860625,1.0,320000,100000000,100320000,10000.0,14028800000,0.007352399999945192,0.0044577999997272855,354.12646484375
exact,10000,32,0,326,0.00017794224550016224,0.9686,1.0,320000,100000000,100320000,10000.0,14028800000,0.00719440000011673,0.004453500000636268,354.12646484375
exact,10000,32,0,327,0.00017794097948353738,0.96860625,1.0,320000,100000000,100320000,10000.0,14028800000,0.007104299999809882,0.004472900000109803,354.12646484375
exact,10000,32,0,328,0.00017793958249967545,0.96860625,1.0,320000,100000000,100320000,10000.0,14028800000,0.007199900000159687,0.004473099999813712,354.12646484375
exact,10000,32,0,329,0.00017794029554352164,0.968609375,1.0,320000,100000000,100320000,10000.0,14028800000,0.0071354000001520035,0.004454599999917264,354.12646484375
exact,10000,32,0,330,0.00017794236191548407,0.968596875,1.0,320000,100000000,100320000,10000.0,14028800000,0.007164600000578503,0.004491699999562115,354.12646484375
exact,10000,32,0,331,0.00017794064478948712,0.968609375,1.0,320000,100000000,100320000,10000.0,14028800000,0.00730310000017198,0.0045122000001356355,354.12646484375
exact,10000,32,0,332,0.00017793932056520134,0.96860625,1.0,320000,100000000,100320000,10000.0,14028800000,0.007251300000461924,0.004477999999835447,354.12646484375
exact,10000,32,0,333,0.00017794393352232873,0.9686,1.0,320000,100000000,100320000,10000.0,14028800000,0.007116099999620928,0.004450399999768706,354.12646484375
exact,10000,32,0,334,0.00017794182349462062,0.968603125,1.0,320000,100000000,100320000,10000.0,14028800000,0.0071654000003036344,0.004458399999748508,354.12646484375
exact,10000,32,0,335,0.00017793900042306632,0.96860625,1.0,320000,100000000,100320000,10000.0,14028800000,0.0073451999996905215,0.0044536999994306825,354.12646484375
exact,10000,32,0,336,0.00017793939332477748,0.96860625,1.0,320000,100000000,100320000,10000.0,14028800000,0.007127099999706843,0.0044517000005726,354.12646484375
exact,10000,32,0,337,0.0001779417652869597,0.968603125,1.0,320000,100000000,100320000,10000.0,14028800000,0.007236899999952584,0.00451599999996688,354.12646484375
exact,10000,32,0,338,0.00017794233281165361,0.9686,1.0,320000,100000000,100320000,10000.0,14028800000,0.00716160000047239,0.004474999999729334,354.12646484375
exact,10000,32,0,339,0.00017794087762013078,0.968603125,1.0,320000,100000000,100320000,10000.0,14028800000,0.007122500000150467,0.004456600000594335,354.12646484375
exact,10000,32,0,340,0.00017793846200220287,0.96860625,1.0,320000,100000000,100320000,10000.0,14028800000,0.007798200000252109,0.004795200000444311,354.12646484375
exact,10000,32,0,341,0.00017794108134694397,0.96860625,1.0,320000,100000000,100320000,10000.0,14028800000,0.0071404999998776475,0.004502700000557525,354.12646484375
exact,10000,32,0,342,0.00017794192535802722,0.968609375,1.0,320000,100000000,100320000,10000.0,14028800000,0.0071378000002368935,0.004477999999835447,354.12646484375
exact,10000,32,0,343,0.00017794071754906327,0.968603125,1.0,320000,100000000,100320000,10000.0,14028800000,0.007112299999789684,0.004458700000213867,354.12646484375
exact,10000,32,0,344,0.00017794090672396123,0.9686,1.0,320000,100000000,100320000,10000.0,14028800000,0.007582400000501366,0.004511500000262458,354.12646484375
exact,10000,32,0,345,0.00017793946608435363,0.96860625,1.0,320000,100000000,100320000,10000.0,14028800000,0.007134300000871008,0.00445060000038211,354.12646484375
exact,10000,32,0,346,0.00017794147424865514,0.968609375,1.0,320000,100000000,100320000,10000.0,14028800000,0.0071651999996902305,0.004494599999816273,354.12646484375
exact,10000,32,0,347,0.00017794138693716377,0.96860625,1.0,320000,100000000,100320000,10000.0,14028800000,0.007154300000365765,0.004474299999856157,354.12646484375
exact,10000,32,0,348,0.00017794320592656732,0.968596875,1.0,320000,100000000,100320000,10000.0,14028800000,0.007099800000105461,0.004464000000552915,354.12646484375
exact,10000,32,0,349,0.000177940892172046,0.9686,1.0,320000,100000000,100320000,10000.0,14028800000,0.0071419000005334965,0.004496899999139714,354.12646484375
exact,10000,32,0,350,0.00017794044106267393,0.968609375,1.0,320000,100000000,100320000,10000.0,14028800000,0.007091699999364209,0.004450399999768706,354.12646484375
exact,10000,32,0,351,0.00017794071754906327,0.96860625,1.0,320000,100000000,100320000,10000.0,14028800000,0.007111799999620416,0.004487300000619143,354.12646484375
exact,10000,32,0,352,0.00017794095037970692,0.968603125,1.0,320000,100000000,100320000,10000.0,14028800000,0.007210299999314884,0.004493400000683323,354.12646484375
exact,10000,32,0,353,0.00017794077575672418,0.9686,1.0,320000,100000000,100320000,10000.0,14028800000,0.007158400000662368,0.0044628999994529295,354.12646484375
exact,10000,32,0,354,0.00017794153245631605,0.968603125,1.0,320000,100000000,100320000,10000.0,14028800000,0.007143400000131805,0.004465400000299269,354.12646484375
exact,10000,32,0,355,0.00017794025188777596,0.968609375,1.0,320000,100000000,100320000,10000.0,14028800000,0.008385099999941303,0.004455500000403845,354.12646484375
exact,10000,32,0,356,0.0001779407903086394,0.968609375,1.0,320000,100000000,100320000,10000.0,14028800000,0.007147600000280363,0.004463600000235601,354.12646484375
exact,10000,32,0,357,0.00017794077575672418,0.968603125,1.0,320000,100000000,100320000,10000.0,14028800000,0.007161100000303122,0.00447489999987738,354.12646484375
exact,10000,32,0,358,0.00017794000450521708,0.968603125,1.0,320000,100000000,100320000,10000.0,14028800000,0.007150299999921117,0.004458399999748508,354.12646484375
exact,10000,32,0,359,0.00017794127052184194,0.96860625,1.0,320000,100000000,100320000,10000.0,14028800000,0.00710109999999986,0.004456399999980931,354.12646484375
exact,10000,32,0,360,0.00017794143059290946,0.9686125,1.0,320000,100000000,100320000,10000.0,14028800000,0.0071586000003662775,0.004504100000303879,354.12646484375
exact,10000,32,0,361,0.00017793993174564093,0.968603125,1.0,320000,100000000,100320000,10000.0,14028800000,0.007123100000171689,0.004457600000023376,354.12646484375
exact,10000,32,0,362,0.00017793997540138662,0.9686,1.0,320000,100000000,100320000,10000.0,14028800000,0.007284100000106264,0.004484199999751581,354.12646484375
exact,10000,32,0,363,0.00017794167797546834,0.9686,1.0,320000,100000000,100320000,10000.0,14028800000,0.007100100000570819,0.004455700000107754,354.12646484375
exact,10000,32,0,364,0.00017794122686609626,0.9686125,1.0,320000,100000000,100320000,10000.0,14028800000,0.007339799999499519,0.0046416000004683156,354.12646484375
exact,10000,32,0,365,0.00017794167797546834,0.968603125,1.0,320000,100000000,100320000,10000.0,14028800000,0.007171500000367814,0.004449299999578216,354.12646484375
exact,10000,32,0,366,0.000177940062712878,0.9686,1.0,320000,100000000,100320000,10000.0,14028800000,0.007153999999900407,0.004494499999964319,354.12646484375
exact,10000,32,0,367,0.000177939553395845,0.96860625,1.0,320000,100000000,100320000,10000.0,14028800000,0.0071770000004107715,0.004474500000469561,354.12646484375
exact,10000,32,0,368,0.00017794154700823128,0.968603125,1.0,320000,100000000,100320000,10000.0,14028800000,0.0071898999995028134,0.004459700000552402,354.12646484375
exact,10000,32,0,369,0.00017794045561458915,0.96860625,1.0,320000,100000000,100320000,10000.0,14028800000,0.007298999999875377,0.004460600000129489,354.12646484375
exact,10000,32,0,370,0.00017794157611206174,0.968603125,1.0,320000,100000000,100320000,10000.0,14028800000,0.007184099999903992,0.004491099999540893,354.12646484375
exact,10000,32,0,371,0.00017794097948353738,0.96860625,1.0,320000,100000000,100320000,10000.0,14028800000,0.007167499999923166,0.004496800000197254,354.12646484375
exact,10000,32,0,372,0.00017793932056520134,0.96860625,1.0,320000,100000000,100320000,10000.0,14028800000,0.0071779999998398125,0.0044768999996449566,354.12646484375
exact,10000,32,0,373,0.00017794169252738357,0.968609375,1.0,320000,100000000,100320000,10000.0,14028800000,0.007128100000045379,0.004483300000174495,354.12646484375
exact,10000,32,0,374,0.0001779406884452328,0.9686,1.0,320000,100000000,100320000,10000.0,14028800000,0.0071366000001944485,0.004482600000301318,354.12646484375
exact,10000,32,0,375,0.00017794179439079016,0.9686,1.0,320000,100000000,100320000,10000.0,14028800000,0.007177800000135903,0.004463199999918288,354.12646484375
exact,10000,32,0,376,0.00017793936422094703,0.968609375,1.0,320000,100000000,100320000,10000.0,14028800000,0.007136999999602267,0.004467500000828295,354.12646484375
exact,10000,32,0,377,0.0001779416052158922,0.96860625,1.0,320000,100000000,100320000,10000.0,14028800000,0.007135000000744185,0.004468000000088068,354.12646484375
exact,10000,32,0,378,0.00017794067389331758,0.968603125,1.0,320000,100000000,100320000,10000.0,14028800000,0.007156900000154565,0.004494799999520183,354.12646484375
exact,10000,32,0,379,0.00017794175073504448,0.9686,1.0,320000,100000000,100320000,10000.0,14028800000,0.007142499999645224,0.004460699999981443,354.12646484375
exact,10000,32,0,380,0.00017793911683838814,0.96860625,1.0,320000,100000000,100320000,10000.0,14028800000,0.007150800000090385,0.0044553000006999355,354.12646484375
exact,10000,32,0,381,0.00017794175073504448,0.968609375,1.0,320000,100000000,100320000,10000.0,14028800000,0.008028100000046834,0.005373599999984435,354.12646484375
exact,10000,32,0,382,0.00017794208542909473,0.968603125,1.0,320000,100000000,100320000,10000.0,14028800000,0.0072053000003506895,0.004494499999964319,354.12646484375
exact,10000,32,0,383,0.00017794000450521708,0.9686,1.0,320000,100000000,100320000,10000.0,14028800000,0.007118999999875086,0.004463299999770243,354.12646484375
exact,10000,32,0,384,0.000177940382855013,0.968603125,1.0,320000,100000000,100320000,10000.0,14028800000,0.007152500000302098,0.0044643000001087785,354.12646484375
exact,10000,32,0,385,0.00017794173618312925,0.968609375,1.0,320000,100000000,100320000,10000.0,14028800000,0.007152199999836739,0.004512999999860767,354.12646484375
exact,10000,32,0,386,0.00017794224550016224,0.968603125,1.0,320000,100000000,100320000,10000.0,14028800000,0.007243799999741896,0.004520500000580796,354.12646484375
exact,10000,32,0,387,0.00017793987353798002,0.968603125,1.0,320000,100000000,100320000,10000.0,14028800000,0.007217299999865645,0.004473699999834935,354.12646484375
exact,10000,32,0,388,0.00017793936422094703,0.968603125,1.0,320000,100000000,100320000,10000.0,14028800000,0.008036599999286409,0.004947399999764457,354.12646484375
exact,10000,32,0,389,0.00017794108134694397,0.96860625,1.0,320000,100000000,100320000,10000.0,14028800000,0.007152299999688694,0.00447230000008858,354.12646484375
exact,10000,32,0,390,0.00017794239101931453,0.96860625,1.0,320000,100000000,100320000,10000.0,14028800000,0.0072246999998242245,0.004477700000279583,354.12646484375
exact,10000,32,0,391,0.00017793998995330185,0.9686,1.0,320000,100000000,100320000,10000.0,14028800000,0.00747259999934613,0.004754700000376033,354.12646484375
exact,10000,32,0,392,0.00017793933511711657,0.968603125,1.0,320000,100000000,100320000,10000.0,14028800000,0.0071934999996301485,0.004503199999817298,354.12646484375
exact,10000,32,0,393,0.00017794172163121402,0.96860625,1.0,320000,100000000,100320000,10000.0,14028800000,0.007164999999986321,0.0044628999994529295,354.12646484375
exact,10000,32,0,394,0.00017794189625419676,0.96860625,1.0,320000,100000000,100320000,10000.0,14028800000,0.007208199999695353,0.00452210000003106,354.12646484375
exact,10000,32,0,395,0.00017794004816096276,0.968603125,1.0,320000,100000000,100320000,10000.0,14028800000,0.007897700000285113,0.005022299999836832,354.12646484375
exact,10000,32,0,396,0.00017794070299714804,0.968603125,1.0,320000,100000000,100320000,10000.0,14028800000,0.007150800000090385,0.004451599999811151,354.12646484375
exact,10000,32,0,397,0.00017794164887163788,0.96860625,1.0,320000,100000000,100320000,10000.0,14028800000,0.007549400000243622,0.004488100000344275,354.12646484375
exact,10000,32,0,398,0.00017794231825973839,0.968603125,1.0,320000,100000000,100320000,10000.0,14028800000,0.007198600000265287,0.004482399999687914,354.12646484375
exact,10000,32,0,399,0.0001779395097400993,0.968603125,1.0,320000,100000000,100320000,10000.0,14028800000,0.007156199999371893,0.0044667000001936685,354.12646484375
exact,10000,32,0,400,0.00017793939332477748,0.96860625,1.0,320000,100000000,100320000,10000.0,14028800000,0.007159400000091409,0.004462799999600975,354.12646484375
exact,10000,32,0,401,0.0001779416052158922,0.968603125,1.0,320000,100000000,100320000,10000.0,14028800000,0.007190999999693304,0.004475199999433244,354.12646484375
exact,10000,32,0,402,0.00017794239101931453,0.968603125,1.0,320000,100000000,100320000,10000.0,14028800000,0.0072413999996570055,0.0044993999999860534,354.12646484375
exact,10000,32,0,403,0.00017794004816096276,0.968603125,1.0,320000,100000000,100320000,10000.0,14028800000,0.007170900000346592,0.004475800000363961,354.12646484375
exact,10000,32,0,404,0.0001779394515324384,0.96860625,1.0,320000,100000000,100320000,10000.0,14028800000,0.007888399999501416,0.00501310000072408,354.12646484375
exact,10000,32,0,405,0.0001779410376911983,0.96860625,1.0,320000,100000000,100320000,10000.0,14028800000,0.007438999999976659,0.004757200000312878,354.12646484375
exact,10000,32,0,406,0.00017794070299714804,0.968603125,1.0,320000,100000000,100320000,10000.0,14028800000,0.007320999999137712,0.004485799999201845,354.12646484375
exact,10000,32,0,407,0.00017794134328141809,0.968603125,1.0,320000,100000000,100320000,10000.0,14028800000,0.007131899999876623,0.00447119999989809,354.12646484375
exact,10000,32,0,408,0.00017794108134694397,0.968603125,1.0,320000,100000000,100320000,10000.0,14028800000,0.007156199999371893,0.004461900000023888,354.12646484375
exact,10000,32,0,409,0.00017793993174564093,0.96860625,1.0,320000,100000000,100320000,10000.0,14028800000,0.007229700000607409,0.004496399999879941,354.12646484375
exact,10000,32,0,410,0.00017794242012314498,0.96860625,1.0,320000,100000000,100320000,10000.0,14028800000,0.007193299999926239,0.004480900000089605,354.12646484375
exact,10000,32,0,411,0.00017794100858736783,0.9686,1.0,320000,100000000,100320000,10000.0,14028800000,0.007319199999983539,0.004504700000325101,354.12646484375
exact,10000,32,0,412,0.00017793926235754043,0.96860625,1.0,320000,100000000,100320000,10000.0,14028800000,0.007111799999620416,0.0044800000005125185,354.12646484375
exact,10000,32,0,413,0.0001779399608494714,0.96860625,1.0,320000,100000000,100320000,10000.0,14028800000,0.007752999999866006,0.004731699999865668,354.12646484375
exact,10000,32,0,414,0.0001779418671503663,0.96860625,1.0,320000,100000000,100320000,10000.0,14028800000,0.007187100000010105,0.004520299999967392,354.12646484375
exact,10000,32,0,415,0.00017794159066397697,0.968596875,1.0,320000,100000000,100320000,10000.0,14028800000,0.0077848000000813045,0.004611800000020594,354.12646484375
exact,10000,32,0,416,0.00017793929146137089,0.96860625,1.0,320000,100000000,100320000,10000.0,14028800000,0.007242499999847496,0.004485299999942072,354.12646484375
exact,10000,32,0,417,0.00017794004816096276,0.968609375,1.0,320000,100000000,100320000,10000.0,14028800000,0.007302899999558576,0.00453040000047622,354.12646484375
exact,10000,32,0,418,0.00017794234736356884,0.9686,1.0,320000,100000000,100320000,10000.0,14028800000,0.007115100000191887,0.004468499999347841,354.12646484375
exact,10000,32,0,419,0.0001779399608494714,0.9686,1.0,320000,100000000,100320000,10000.0,14028800000,0.00712909999947442,0.004462900000362424,354.12646484375
exact,10000,32,0,420,0.00017794102313928306,0.96860625,1.0,320000,100000000,100320000,10000.0,14028800000,0.00712299999941024,0.004474200000004203,354.12646484375
exact,10000,32,0,421,0.00017794108134694397,0.968609375,1.0,320000,100000000,100320000,10000.0,14028800000,0.0070872999995117425,0.004469000000426604,354.12646484375
exact,10000,32,0,422,0.00017794057202991098,0.9686,1.0,320000,100000000,100320000,10000.0,14028800000,0.008277900000393856,0.005088600000817678,354.12646484375
exact,10000,32,0,423,0.00017794239101931453,0.9686,1.0,320000,100000000,100320000,10000.0,14028800000,0.008588099999542465,0.005763400000432739,354.12646484375
exact,10000,32,0,424,0.00017794100858736783,0.96860625,1.0,320000,100000000,100320000,10000.0,14028800000,0.007142099999327911,0.004476900000554451,354.12646484375
exact,10000,32,0,425,0.00017793998995330185,0.968609375,1.0,320000,100000000,100320000,10000.0,14028800000,0.007174400000621972,0.0044613999998546205,354.12646484375
exact,10000,32,0,426,0.00017794004816096276,0.968603125,1.0,320000,100000000,100320000,10000.0,14028800000,0.007163600000239967,0.004491200000302342,354.12646484375
exact,10000,32,0,427,0.00017794209998100996,0.968596875,1.0,320000,100000000,100320000,10000.0,14028800000,0.007587000000057742,0.0047662999995736754,354.12646484375
exact,10000,32,0,428,0.00017794106679502875,0.96860625,1.0,320000,100000000,100320000,10000.0,14028800000,0.008310500000334287,0.005631199999697856,354.12646484375
exact,10000,32,0,429,0.00017793998995330185,0.96860625,1.0,320000,100000000,100320000,10000.0,14028800000,0.007226600000649341,0.004476999999496911,354.12646484375
exact,10000,32,0,430,0.00017794065934140235,0.968603125,1.0,320000,100000000,100320000,10000.0,14028800000,0.007196700000349665,0.004488300000048184,354.12646484375
exact,10000,32,0,431,0.0001779411977622658,0.9686,1.0,320000,100000000,100320000,10000.0,14028800000,0.007184200000665442,0.004500000000007276,354.12646484375
exact,10000,32,0,432,0.0001779407903086394,0.96860625,1.0,320000,100000000,100320000,10000.0,14028800000,0.00719920000028651,0.0044687999998132,354.12646484375
exact,10000,32,0,433,0.00017794004816096276,0.968609375,1.0,320000,100000000,100320000,10000.0,14028800000,0.0072496000002502115,0.004542399999991176,354.12646484375
exact,10000,32,0,434,0.00017794070299714804,0.968603125,1.0,320000,100000000,100320000,10000.0,14028800000,0.007298200000150246,0.00457410000035452,354.12646484375
exact,10000,32,0,435,0.00017794169252738357,0.968596875,1.0,320000,100000000,100320000,10000.0,14028800000,0.007195700000011129,0.004504899999119516,354.12646484375
exact,10000,32,0,436,0.00017793885490391403,0.9686125,1.0,320000,100000000,100320000,10000.0,14028800000,0.007997100000466162,0.005221800000072108,354.12646484375
exact,10000,32,0,437,0.00017794167797546834,0.96860625,1.0,320000,100000000,100320000,10000.0,14028800000,0.007133200000680517,0.004456100000425067,354.12646484375
exact,10000,32,0,438,0.0001779422746039927,0.9686,1.0,320000,100000000,100320000,10000.0,14028800000,0.007812000000740227,0.005170100000214006,354.12646484375
exact,10000,32,0,439,0.00017794004816096276,0.9686,1.0,320000,100000000,100320000,10000.0,14028800000,0.00717869999971299,0.004486100000576698,354.12646484375
exact,10000,32,0,440,0.00017794009181670845,0.968609375,1.0,320000,100000000,100320000,10000.0,14028800000,0.0071922999995877035,0.004488699999456003,354.12646484375
exact,10000,32,0,441,0.00017794137238524854,0.968603125,1.0,320000,100000000,100320000,10000.0,14028800000,0.007187899999735237,0.004492599999139202,354.12646484375
exact,10000,32,0,442,0.00017794233281165361,0.9686,1.0,320000,100000000,100320000,10000.0,14028800000,0.007125099999939266,0.004465699999855133,354.12646484375
exact,10000,32,0,443,0.00017793948063626885,0.968603125,1.0,320000,100000000,100320000,10000.0,14028800000,0.007085799999913434,0.00444950000019162,354.12646484375
exact,10000,32,0,444,0.0001779394515324384,0.968609375,1.0,320000,100000000,100320000,10000.0,14028800000,0.007128199999897333,0.004494599999816273,354.12646484375
exact,10000,32,0,445,0.00017794163431972265,0.96860625,1.0,320000,100000000,100320000,10000.0,14028800000,0.007093199999872013,0.004452399999536283,354.12646484375
exact,10000,32,0,446,0.0001779406302375719,0.9686,1.0,320000,100000000,100320000,10000.0,14028800000,0.007175900000220281,0.004496400000789436,354.12646484375
exact,10000,32,0,447,0.00017794169252738357,0.9686,1.0,320000,100000000,100320000,10000.0,14028800000,0.0071446000001742505,0.004472199999327131,354.12646484375
exact,10000,32,0,448,0.00017793943698052317,0.968609375,1.0,320000,100000000,100320000,10000.0,14028800000,0.007160499999372405,0.004482099999222555,354.12646484375
exact,10000,32,0,449,0.00017794111045077443,0.96860625,1.0,320000,100000000,100320000,10000.0,14028800000,0.007886499999585794,0.005116699999234697,354.12646484375
exact,10000,32,0,450,0.0001779412414180115,0.968603125,1.0,320000,100000000,100320000,10000.0,14028800000,0.007856300000639749,0.004478299999391311,354.12646484375
exact,10000,32,0,451,0.00017794148880057037,0.9686,1.0,320000,100000000,100320000,10000.0,14028800000,0.007117399999515328,0.004475100000490784,354.12646484375
exact,10000,32,0,452,0.00017793921870179474,0.968609375,1.0,320000,100000000,100320000,10000.0,14028800000,0.0071366000001944485,0.0044759000002159155,354.12646484375
exact,10000,32,0,453,0.00017794004816096276,0.968609375,1.0,320000,100000000,100320000,10000.0,14028800000,0.007069299999784562,0.004454500000065309,354.12646484375
exact,10000,32,0,454,0.00017794175073504448,0.968603125,1.0,320000,100000000,100320000,10000.0,14028800000,0.007136199999877135,0.0044628999994529295,354.12646484375
exact,10000,32,0,455,0.0001779420708771795,0.968603125,1.0,320000,100000000,100320000,10000.0,14028800000,0.00713739999991958,0.004487899999730871,354.12646484375
exact,10000,32,0,456,0.00017793968436308205,0.96860625,1.0,320000,100000000,100320000,10000.0,14028800000,0.007910199999969336,0.005067900000540249,354.12646484375
exact,10000,32,0,457,0.00017794010636862367,0.968609375,1.0,320000,100000000,100320000,10000.0,14028800000,0.007183699999586679,0.00450390000059997,354.12646484375
exact,10000,32,0,458,0.00017794182349462062,0.968603125,1.0,320000,100000000,100320000,10000.0,14028800000,0.007106200000634999,0.004460500000277534,354.12646484375
exact,10000,32,0,459,0.00017794231825973839,0.9686,1.0,320000,100000000,100320000,10000.0,14028800000,0.007171100000050501,0.004528299999947194,354.12646484375
exact,10000,32,0,460,0.00017793933511711657,0.96860625,1.0,320000,100000000,100320000,10000.0,14028800000,0.0073352000008526375,0.004457699999875331,354.12646484375
exact,10000,32,0,461,0.00017794010636862367,0.968609375,1.0,320000,100000000,100320000,10000.0,14028800000,0.007105300000148418,0.004471000000194181,354.12646484375
exact,10000,32,0,462,0.00017794233281165361,0.968596875,1.0,320000,100000000,100320000,10000.0,14028800000,0.0072561000006317045,0.004513800000495394,354.12646484375
exact,10000,32,0,463,0.00017794060113374144,0.968603125,1.0,320000,100000000,100320000,10000.0,14028800000,0.0071925000002011075,0.004498300000705058,354.12646484375
exact,10000,32,0,464,0.000177940892172046,0.968609375,1.0,320000,100000000,100320000,10000.0,14028800000,0.007147500000428408,0.004506600000240724,354.12646484375
exact,10000,32,0,465,0.00017794100858736783,0.968603125,1.0,320000,100000000,100320000,10000.0,14028800000,0.00714109999989887,0.004490700000133074,354.12646484375
exact,10000,32,0,466,0.00017794064478948712,0.968603125,1.0,320000,100000000,100320000,10000.0,14028800000,0.007122199999685108,0.004459599999790953,354.12646484375
exact,10000,32,0,467,0.0001779415033524856,0.968603125,1.0,320000,100000000,100320000,10000.0,14028800000,0.007192899999608926,0.004489199999625271,354.12646484375
exact,10000,32,0,468,0.00017794096493162215,0.968603125,1.0,320000,100000000,100320000,10000.0,14028800000,0.00752459999966959,0.004458600000361912,354.12646484375
exact,10000,32,0,469,0.00017793952429201454,0.9686125,1.0,320000,100000000,100320000,10000.0,14028800000,0.00739270000030956,0.004508200000600482,354.12646484375
exact,10000,32,0,470,0.00017794202722143382,0.9686,1.0,320000,100000000,100320000,10000.0,14028800000,0.007182899999861547,0.004471100000046135,354.12646484375
exact,10000,32,0,471,0.00017794067389331758,0.9686,1.0,320000,100000000,100320000,10000.0,14028800000,0.007128500000362692,0.004473400000279071,354.12646484375
exact,10000,32,0,472,0.0001779407903086394,0.96860625,1.0,320000,100000000,100320000,10000.0,14028800000,0.007150100000217208,0.004495700000006764,354.12646484375
exact,10000,32,0,473,0.000177940062712878,0.9686125,1.0,320000,100000000,100320000,10000.0,14028800000,0.007175400000051013,0.004476099999919825,354.12646484375
exact,10000,32,0,474,0.00017794231825973839,0.9686,1.0,320000,100000000,100320000,10000.0,14028800000,0.007146500000089873,0.004467100000510982,354.12646484375
exact,10000,32,0,475,0.00017794015002436936,0.96860625,1.0,320000,100000000,100320000,10000.0,14028800000,0.008625700000266079,0.005090099999506492,354.12646484375
exact,10000,32,0,476,0.00017793932056520134,0.9686125,1.0,320000,100000000,100320000,10000.0,14028800000,0.0072496000002502115,0.00447600000006787,354.12646484375
exact,10000,32,0,477,0.0001779410376911983,0.968603125,1.0,320000,100000000,100320000,10000.0,14028800000,0.0071627000006628805,0.004525399999693036,354.12646484375
exact,10000,32,0,478,0.00017794236191548407,0.968603125,1.0,320000,100000000,100320000,10000.0,14028800000,0.0071508999999423395,0.004477899999983492,354.12646484375
exact,10000,32,0,479,0.00017794019368011504,0.968603125,1.0,320000,100000000,100320000,10000.0,14028800000,0.007155299999794806,0.004469599999538332,354.12646484375
exact,10000,32,0,480,0.0001779392478056252,0.968609375,1.0,320000,100000000,100320000,10000.0,14028800000,0.007151900000280875,0.004478099999687402,354.12646484375
exact,10000,32,0,481,0.0001779410376911983,0.96860625,1.0,320000,100000000,100320000,10000.0,14028800000,0.00716779999947903,0.004462599999897066,354.12646484375
exact,10000,32,0,482,0.00017794064478948712,0.968603125,1.0,320000,100000000,100320000,10000.0,14028800000,0.007407099999909406,0.004462500000045111,354.12646484375
exact,10000,32,0,483,0.0001779420708771795,0.96860625,1.0,320000,100000000,100320000,10000.0,14028800000,0.00718700000015815,0.004455399999642395,354.12646484375
exact,10000,32,0,484,0.0001779391459422186,0.96860625,1.0,320000,100000000,100320000,10000.0,14028800000,0.007146200000534009,0.00449060000028112,354.12646484375
exact,10000,32,0,485,0.00017794159066397697,0.9686,1.0,320000,100000000,100320000,10000.0,14028800000,0.007148100000449631,0.0044720999994751764,354.12646484375
exact,10000,32,0,486,0.0001779407903086394,0.968609375,1.0,320000,100000000,100320000,10000.0,14028800000,0.0072130000007746276,0.004524700000729354,354.12646484375
exact,10000,32,0,487,0.00017794202722143382,0.96860625,1.0,320000,100000000,100320000,10000.0,14028800000,0.007145200000195473,0.004471800000828807,354.12646484375
exact,10000,32,0,488,0.00017793911683838814,0.968603125,1.0,320000,100000000,100320000,10000.0,14028800000,0.007987500000126602,0.005042800000410352,354.12646484375
exact,10000,32,0,489,0.00017793932056520134,0.968609375,1.0,320000,100000000,100320000,10000.0,14028800000,0.007202800000413845,0.004540300000371644,354.12646484375
exact,10000,32,0,490,0.00017794228915590793,0.968603125,1.0,320000,100000000,100320000,10000.0,14028800000,0.0071755999997549225,0.004478099999687402,354.12646484375
exact,10000,32,0,491,0.0001779420126695186,0.96860625,1.0,320000,100000000,100320000,10000.0,14028800000,0.007145400000808877,0.004462599999897066,354.12646484375
exact,10000,32,0,492,0.00017793902952689677,0.96860625,1.0,320000,100000000,100320000,10000.0,14028800000,0.007848100000046543,0.004471200000807585,354.12646484375
exact,10000,32,0,493,0.00017793920414987952,0.968609375,1.0,320000,100000000,100320000,10000.0,14028800000,0.007130899999538087,0.0044669999997495324,354.12646484375
exact,10000,32,0,494,0.00017794228915590793,0.9686,1.0,320000,100000000,100320000,10000.0,14028800000,0.007183900000200083,0.004474200000004203,354.12646484375
exact,10000,32,0,495,0.00017794041195884347,0.968609375,1.0,320000,100000000,100320000,10000.0,14028800000,0.0071598000004087226,0.00448930000038672,354.12646484375
exact,10000,32,0,496,0.0001779409358277917,0.968603125,1.0,320000,100000000,100320000,10000.0,14028800000,0.007189199999629636,0.0044955000003028545,354.12646484375
exact,10000,32,0,497,0.00017793993174564093,0.968603125,1.0,320000,100000000,100320000,10000.0,14028800000,0.0071407000004910515,0.004494699999668228,354.12646484375
exact,10000,32,0,498,0.00017794025188777596,0.968609375,1.0,320000,100000000,100320000,10000.0,14028800000,0.007158299999900919,0.004484000000047672,354.12646484375
exact,10000,32,0,499,0.00017794198356568813,0.96860625,1.0,320000,100000000,100320000,10000.0,14028800000,0.007165999999415362,0.004480300000068382,354.12646484375
exact,10000,32,0,500,0.0001779406302375719,0.9686,1.0,320000,100000000,100320000,10000.0,14028800000,0.007364000000052329,0.004457000000002154,354.12646484375
ariad,10000,32,0,1,0.20829150080680847,0.011403125,0.0130125,320000,1440000,1760000,144.0,1413120000,0.08959239999967394,0.08654100000057952,354.00146484375
ariad,10000,32,0,2,0.1789686530828476,0.021353125,0.035175,320000,1440000,1760000,144.0,1413120000,0.007391399999505666,0.004669499999181426,353.65771484375
ariad,10000,32,0,3,0.1624753326177597,0.031784375,0.0717625,320000,1440000,1760000,144.0,1413120000,0.007379299999229261,0.0047234000003300025,354.12646484375
ariad,10000,32,0,4,0.15060769021511078,0.042078125,0.12183125,320000,1440000,1760000,144.0,1413120000,0.008215599999857659,0.005322400000295602,353.65771484375
ariad,10000,32,0,5,0.14157599210739136,0.052684375,0.1829625,320000,1440000,1760000,144.0,1413120000,0.009088199999496283,0.006095699999605131,354.12646484375
ariad,10000,32,0,6,0.13529518246650696,0.06166875,0.249834375,320000,1440000,1760000,144.0,1413120000,0.007526100000177394,0.0047156999999060645,354.12646484375
ariad,10000,32,0,7,0.13080599904060364,0.068178125,0.319303125,320000,1440000,1760000,144.0,1413120000,0.007953899999847636,0.0051255000007586204,354.12646484375
ariad,10000,32,0,8,0.1274493932723999,0.072803125,0.3859375,320000,1440000,1760000,144.0,1413120000,0.0074811999993471545,0.004618500000105996,354.12646484375
ariad,10000,32,0,9,0.12493971735239029,0.075284375,0.446640625,320000,1440000,1760000,144.0,1413120000,0.007531600000220351,0.004622600000402599,354.12646484375
ariad,10000,32,0,10,0.1226813942193985,0.07611875,0.500903125,320000,1440000,1760000,144.0,1413120000,0.00759609999931854,0.004742500000247674,354.12646484375
ariad,10000,32,0,11,0.12069513648748398,0.076290625,0.546428125,320000,1440000,1760000,144.0,1413120000,0.007612499999595457,0.004675700000007055,354.12646484375
ariad,10000,32,0,12,0.11891390383243561,0.0755875,0.585371875,320000,1440000,1760000,144.0,1413120000,0.007611500000166416,0.004686399999627611,354.12646484375
ariad,10000,32,0,13,0.11736016720533371,0.07494375,0.618365625,320000,1440000,1760000,144.0,1413120000,0.007746499999484513,0.0047904999992169905,354.12646484375
ariad,10000,32,0,14,0.11600705236196518,0.07385625,0.646046875,320000,1440000,1760000,144.0,1413120000,0.007687600000281236,0.004740000000310829,354.12646484375
ariad,10000,32,0,15,0.11492371559143066,0.0732,0.67016875,320000,1440000,1760000,144.0,1413120000,0.007680400000026566,0.004734000000098604,354.12646484375
ariad,10000,32,0,16,0.11405971646308899,0.07219375,0.691328125,320000,1440000,1760000,144.0,1413120000,0.007586699999592383,0.004590399999869987,354.12646484375
ariad,10000,32,0,17,0.11335578560829163,0.0719,0.709571875,320000,1440000,1760000,144.0,1413120000,0.007721099999798753,0.004724700000224402,354.12646484375
ariad,10000,32,0,18,0.1127464547753334,0.07135625,0.72584375,320000,1440000,1760000,144.0,1413120000,0.007759600000099454,0.004717600000731181,354.12646484375
ariad,10000,32,0,19,0.11220644414424896,0.071359375,0.74021875,320000,1440000,1760000,144.0,1413120000,0.007964299999912328,0.004805699999451463,354.12646484375
ariad,10000,32,0,20,0.11170939356088638,0.071821875,0.7537375,320000,1440000,1760000,144.0,1413120000,0.00778230000014446,0.004726699999991979,354.12646484375
ariad,10000,32,0,21,0.11123066395521164,0.072371875,0.765271875,320000,1440000,1760000,144.0,1413120000,0.007704399999965972,0.0046053999994910555,354.12646484375
ariad,10000,32,0,22,0.11077598482370377,0.0735,0.77551875,320000,1440000,1760000,144.0,1413120000,0.007865999999921769,0.004742600000099628,354.12646484375
ariad,10000,32,0,23,0.11039336025714874,0.07466875,0.784740625,320000,1440000,1760000,144.0,1413120000,0.007753099999717961,0.00465269999949669,354.12646484375
ariad,10000,32,0,24,0.11003714054822922,0.07616875,0.792865625,320000,1440000,1760000,144.0,1413120000,0.007840000000214786,0.004740899999887915,354.12646484375
ariad,10000,32,0,25,0.10971465706825256,0.078146875,0.799865625,320000,1440000,1760000,144.0,1413120000,0.00778100000025006,0.004670500000429456,354.12646484375
ariad,10000,32,0,26,0.10940197110176086,0.080415625,0.80586875,320000,1440000,1760000,144.0,1413120000,0.0077809000003981055,0.004678799999965122,354.12646484375
ariad,10000,32,0,27,0.1090964823961258,0.082978125,0.810546875,320000,1440000,1760000,144.0,1413120000,0.007858100000703416,0.00470469999982015,354.12646484375
ariad,10000,32,0,28,0.108823262155056,0.085971875,0.81425,320000,1440000,1760000,144.0,1413120000,0.007727100000010978,0.004623000000719912,354.12646484375
ariad,10000,32,0,29,0.10853825509548187,0.089634375,0.816203125,320000,1440000,1760000,144.0,1413120000,0.009732800000165298,0.00550070000008418,354.12646484375
ariad,10000,32,0,30,0.1082419902086258,0.09336875,0.81598125,320000,1440000,1760000,144.0,1413120000,0.007913299999927403,0.004778699999405944,354.12646484375
ariad,10000,32,0,31,0.10791662335395813,0.09801875,0.815359375,320000,1440000,1760000,144.0,1413120000,0.007971299999553594,0.004839100000026519,354.12646484375
ariad,10000,32,0,32,0.10756976157426834,0.103215625,0.813178125,320000,1440000,1760000,144.0,1413120000,0.007847100000617502,0.004696200000580575,354.12646484375
ariad,10000,32,0,33,0.10720578581094742,0.109140625,0.81018125,320000,1440000,1760000,144.0,1413120000,0.007909899999503978,0.004751299999952607,354.12646484375
ariad,10000,32,0,34,0.10680650174617767,0.11596875,0.806040625,320000,1440000,1760000,144.0,1413120000,0.0078024999993431265,0.004724700000224402,354.12646484375
ariad,10000,32,0,35,0.1063791811466217,0.1238,0.800940625,320000,1440000,1760000,144.0,1413120000,0.0077015999995637685,0.004604900000231282,354.12646484375
ariad,10000,32,0,36,0.1059189885854721,0.132828125,0.7945,320000,1440000,1760000,144.0,1413120000,0.007734099999652244,0.004605899999660323,354.12646484375
ariad,10000,32,0,37,0.10539867728948593,0.142984375,0.7881375,320000,1440000,1760000,144.0,1413120000,0.007985399999597576,0.004691199999797391,354.12646484375
ariad,10000,32,0,38,0.10480868816375732,0.1550625,0.781440625,320000,1440000,1760000,144.0,1413120000,0.007953100000122504,0.00483780000013212,354.12646484375
ariad,10000,32,0,39,0.10414993762969971,0.16815625,0.7734375,320000,1440000,1760000,144.0,1413120000,0.007726400000137801,0.004660399999920628,354.12646484375
ariad,10000,32,0,40,0.10338123887777328,0.18348125,0.766284375,320000,1440000,1760000,144.0,1413120000,0.0077473000001191394,0.004693100000622508,354.12646484375
ariad,10000,32,0,41,0.10250243544578552,0.201065625,0.75948125,320000,1440000,1760000,144.0,1413120000,0.007656900000256428,0.004644799999368843,354.12646484375
ariad,10000,32,0,42,0.10151510685682297,0.22088125,0.7538375,320000,1440000,1760000,144.0,1413120000,0.007600100000672683,0.0046431000000666245,354.12646484375
ariad,10000,32,0,43,0.1003679633140564,0.24271875,0.749296875,320000,1440000,1760000,144.0,1413120000,0.007625599999300903,0.004662999999709427,354.12646484375
ariad,10000,32,0,44,0.09905184060335159,0.266521875,0.7467875,320000,1440000,1760000,144.0,1413120000,0.007601000000249769,0.004637299999558309,354.12646484375
ariad,10000,32,0,45,0.09753776341676712,0.2932125,0.746434375,320000,1440000,1760000,144.0,1413120000,0.007727399999566842,0.004724000000351225,354.12646484375
ariad,10000,32,0,46,0.0957496166229248,0.32115625,0.74889375,320000,1440000,1760000,144.0,1413120000,0.008037799999328854,0.005011000000195054,354.12646484375
ariad,10000,32,0,47,0.0937851071357727,0.350596875,0.75345,320000,1440000,1760000,144.0,1413120000,0.007548200000201177,0.004654299999856448,354.12646484375
ariad,10000,32,0,48,0.09156624227762222,0.38015625,0.76004375,320000,1440000,1760000,144.0,1413120000,0.0075188999999227235,0.004667000000154076,354.12646484375
ariad,10000,32,0,49,0.08913660794496536,0.4094,0.76914375,320000,1440000,1760000,144.0,1413120000,0.007518299999901501,0.004627300000720425,354.12646484375
ariad,10000,32,0,50,0.0864637941122055,0.437653125,0.779121875,320000,1440000,1760000,144.0,1413120000,0.0076304000003801775,0.004797100000359933,354.12646484375
ariad,10000,32,0,51,0.0835631787776947,0.4635375,0.788321875,320000,1440000,1760000,144.0,1413120000,0.00746770000023389,0.004630699999324861,354.12646484375
ariad,10000,32,0,52,0.08045616745948792,0.487053125,0.79723125,320000,1440000,1760000,144.0,1413120000,0.007473900000150024,0.0046939000003476394,354.12646484375
ariad,10000,32,0,53,0.07713056355714798,0.508203125,0.80599375,320000,1440000,1760000,144.0,1413120000,0.0076551000001927605,0.004889599999842176,354.12646484375
ariad,10000,32,0,54,0.07362444698810577,0.526740625,0.813928125,320000,1440000,1760000,144.0,1413120000,0.007485900000574475,0.004674400000112655,354.12646484375
ariad,10000,32,0,55,0.06997287273406982,0.542953125,0.82048125,320000,1440000,1760000,144.0,1413120000,0.007533299999522569,0.004738399999951071,354.12646484375
ariad,10000,32,0,56,0.06619742512702942,0.556928125,0.8257875,320000,1440000,1760000,144.0,1413120000,0.0074022999997396255,0.0047011999995447695,354.12646484375
ariad,10000,32,0,57,0.062376175075769424,0.569375,0.831646875,320000,1440000,1760000,144.0,1413120000,0.0073594000004959526,0.0045874999996158294,354.12646484375
ariad,10000,32,0,58,0.05853065103292465,0.580828125,0.8369,320000,1440000,1760000,144.0,1413120000,0.007395300000098359,0.004659299999730138,354.12646484375
ariad,10000,32,0,59,0.05479978024959564,0.59078125,0.841565625,320000,1440000,1760000,144.0,1413120000,0.007470399999874644,0.004737500000373984,354.12646484375
ariad,10000,32,0,60,0.05120695009827614,0.599775,0.84575,320000,1440000,1760000,144.0,1413120000,0.009062600000106613,0.006308299999545852,354.12646484375
ariad,10000,32,0,61,0.04777967557311058,0.607903125,0.84829375,320000,1440000,1760000,144.0,1413120000,0.007453499999428459,0.004709599999841885,354.12646484375
ariad,10000,32,0,62,0.044496871531009674,0.6162875,0.850853125,320000,1440000,1760000,144.0,1413120000,0.00735169999916252,0.004612200000337907,354.12646484375
ariad,10000,32,0,63,0.04138026759028435,0.6241625,0.85284375,320000,1440000,1760000,144.0,1413120000,0.007461700000021665,0.004751100000248698,354.12646484375
ariad,10000,32,0,64,0.038436949253082275,0.631909375,0.854240625,320000,1440000,1760000,144.0,1413120000,0.007279299999936484,0.004617500000676955,354.12646484375
ariad,10000,32,0,65,0.03566925227642059,0.6394,0.854421875,320000,1440000,1760000,144.0,1413120000,0.00744600000052742,0.004733699999633245,354.12646484375
ariad,10000,32,0,66,0.03311474993824959,0.646915625,0.853890625,320000,1440000,1760000,144.0,1413120000,0.007389399999738089,0.004686300000685151,354.12646484375
ariad,10000,32,0,67,0.0308164544403553,0.65430625,0.8537,320000,1440000,1760000,144.0,1413120000,0.007506100000682636,0.004719399999885354,354.12646484375
ariad,10000,32,0,68,0.028741363435983658,0.661696875,0.85306875,320000,1440000,1760000,144.0,1413120000,0.007369099999777973,0.004658099999687693,354.12646484375
ariad,10000,32,0,69,0.026905816048383713,0.668796875,0.8520625,320000,1440000,1760000,144.0,1413120000,0.007319399999687448,0.004643799999939802,354.12646484375
ariad,10000,32,0,70,0.025285867974162102,0.6759625,0.851721875,320000,1440000,1760000,144.0,1413120000,0.007352699999501056,0.004619000000275264,354.12646484375
ariad,10000,32,0,71,0.023805974051356316,0.68329375,0.851528125,320000,1440000,1760000,144.0,1413120000,0.007386299999780022,0.0046148000001267064,354.12646484375
ariad,10000,32,0,72,0.022443603724241257,0.689975,0.851321875,320000,1440000,1760000,144.0,1413120000,0.007332600000154343,0.00468760000057955,354.12646484375
ariad,10000,32,0,73,0.021145597100257874,0.6965625,0.851440625,320000,1440000,1760000,144.0,1413120000,0.007356299999628391,0.004686000000219792,354.12646484375
ariad,10000,32,0,74,0.019891997799277306,0.703340625,0.851725,320000,1440000,1760000,144.0,1413120000,0.0073551999994379,0.004638599999452708,354.12646484375
ariad,10000,32,0,75,0.0186868067830801,0.7096125,0.8523,320000,1440000,1760000,144.0,1413120000,0.00735160000022006,0.0046948999997766805,354.12646484375
ariad,10000,32,0,76,0.0175313837826252,0.716134375,0.853403125,320000,1440000,1760000,144.0,1413120000,0.007311700000173005,0.004660400000830123,354.12646484375
ariad,10000,32,0,77,0.016432886943221092,0.722509375,0.85464375,320000,1440000,1760000,144.0,1413120000,0.0074008000001413166,0.004688400000304682,354.12646484375
ariad,10000,32,0,78,0.015393479727208614,0.7283375,0.855596875,320000,1440000,1760000,144.0,1413120000,0.00734920000013517,0.004667300000619434,354.12646484375
ariad,10000,32,0,79,0.014422506093978882,0.73438125,0.856675,320000,1440000,1760000,144.0,1413120000,0.007330700000238721,0.004681200000050012,354.12646484375
ariad,10000,32,0,80,0.013512452132999897,0.740284375,0.857965625,320000,1440000,1760000,144.0,1413120000,0.007244200000059209,0.0045538000003944035,354.12646484375
ariad,10000,32,0,81,0.012659908272325993,0.746,0.8595375,320000,1440000,1760000,144.0,1413120000,0.007451700000274286,0.004707300000518444,354.12646484375
ariad,10000,32,0,82,0.01185685582458973,0.751775,0.861496875,320000,1440000,1760000,144.0,1413120000,0.008029099999475875,0.0053454999997484265,354.12646484375
ariad,10000,32,0,83,0.011095669120550156,0.75723125,0.86295,320000,1440000,1760000,144.0,1413120000,0.007264700000632729,0.004603800000040792,354.12646484375
ariad,10000,32,0,84,0.010370333679020405,0.762359375,0.864890625,320000,1440000,1760000,144.0,1413120000,0.007278799999767216,0.004601800000273215,354.12646484375
ariad,10000,32,0,85,0.009676600806415081,0.76769375,0.866496875,320000,1440000,1760000,144.0,1413120000,0.007375799999863375,0.00467079999998532,354.12646484375
ariad,10000,32,0,86,0.009015258401632309,0.773221875,0.86795,320000,1440000,1760000,144.0,1413120000,0.007382099999631464,0.004701200000454264,354.12646484375
ariad,10000,32,0,87,0.008388462476432323,0.778565625,0.86975625,320000,1440000,1760000,144.0,1413120000,0.007833600000594743,0.005091399999400892,354.12646484375
ariad,10000,32,0,88,0.007797456346452236,0.784075,0.8715,320000,1440000,1760000,144.0,1413120000,0.00738660000024538,0.004694100000051549,354.12646484375
ariad,10000,32,0,89,0.007240398786962032,0.7896125,0.873228125,320000,1440000,1760000,144.0,1413120000,0.007331799999519717,0.004658300000301097,354.12646484375
ariad,10000,32,0,90,0.006712791044265032,0.79510625,0.8748875,320000,1440000,1760000,144.0,1413120000,0.007611800000631774,0.004780700000083016,354.12646484375
ariad,10000,32,0,91,0.006210561841726303,0.80063125,0.8765125,320000,1440000,1760000,144.0,1413120000,0.007365800000115996,0.004684300000008079,354.12646484375
ariad,10000,32,0,92,0.005731291137635708,0.806203125,0.878128125,320000,1440000,1760000,144.0,1413120000,0.007327700000132609,0.0046793999999863445,354.12646484375
ariad,10000,32,0,93,0.005275796167552471,0.811928125,0.87976875,320000,1440000,1760000,144.0,1413120000,0.00730199999998149,0.0046612999994977145,354.12646484375
ariad,10000,32,0,94,0.004846219904720783,0.8176,0.88128125,320000,1440000,1760000,144.0,1413120000,0.007372600000053353,0.004698200000348152,354.12646484375
ariad,10000,32,0,95,0.004443668294698,0.823315625,0.883275,320000,1440000,1760000,144.0,1413120000,0.0073118000000249594,0.00463339999987511,354.12646484375
ariad,10000,32,0,96,0.004067487083375454,0.829203125,0.88475625,320000,1440000,1760000,144.0,1413120000,0.007273700000041572,0.004608799999914481,354.12646484375
ariad,10000,32,0,97,0.0037169235292822123,0.83498125,0.88625625,320000,1440000,1760000,144.0,1413120000,0.007336399999985588,0.004628900000170688,354.12646484375
ariad,10000,32,0,98,0.003392919898033142,0.840890625,0.887715625,320000,1440000,1760000,144.0,1413120000,0.00729349999983242,0.004575900000418187,354.12646484375
ariad,10000,32,0,99,0.0030958049464970827,0.84666875,0.889225,320000,1440000,1760000,144.0,1413120000,0.007434799999828101,0.004756100000122387,354.12646484375
ariad,10000,32,0,100,0.00282436260022223,0.8520125,0.890903125,320000,1440000,1760000,144.0,1413120000,0.007331499999963853,0.004662099999222846,354.12646484375
ariad,10000,32,0,101,0.0025764177553355694,0.8572,0.892015625,320000,1440000,1760000,144.0,1413120000,0.0073594000004959526,0.004709299999376526,354.12646484375
ariad,10000,32,0,102,0.002350447466596961,0.8623375,0.893146875,320000,1440000,1760000,144.0,1413120000,0.0073216999999203836,0.004663499999878695,354.12646484375
ariad,10000,32,0,103,0.0021456375252455473,0.866990625,0.8949375,320000,1440000,1760000,144.0,1413120000,0.007424100000207545,0.004754999999931897,354.12646484375
ariad,10000,32,0,104,0.0019603786058723927,0.871096875,0.896490625,320000,1440000,1760000,144.0,1413120000,0.00744959999974526,0.004697099999248167,354.12646484375
ariad,10000,32,0,105,0.001792188617400825,0.8750875,0.897940625,320000,1440000,1760000,144.0,1413120000,0.00722570000016276,0.004550199999357574,354.12646484375
ariad,10000,32,0,106,0.001638088608160615,0.878775,0.8992,320000,1440000,1760000,144.0,1413120000,0.007570700000542274,0.004703600000539154,354.12646484375
ariad,10000,32,0,107,0.0014966304879635572,0.882015625,0.900646875,320000,1440000,1760000,144.0,1413120000,0.007480099999156664,0.004769000000123924,354.12646484375
ariad,10000,32,0,108,0.0013673478970304132,0.885409375,0.902153125,320000,1440000,1760000,144.0,1413120000,0.007282499999746506,0.004605099999935192,354.12646484375
ariad,10000,32,0,109,0.0012511861277744174,0.888603125,0.9037625,320000,1440000,1760000,144.0,1413120000,0.007301699999516131,0.004618900000423309,354.12646484375
ariad,10000,32,0,110,0.0011483031557872891,0.891790625,0.905259375,320000,1440000,1760000,144.0,1413120000,0.007347000000663684,0.004723600000033912,354.12646484375
ariad,10000,32,0,111,0.0010587041033431888,0.89468125,0.906878125,320000,1440000,1760000,144.0,1413120000,0.007408100000247941,0.004691699999966659,354.12646484375
ariad,10000,32,0,112,0.0009808597387745976,0.89748125,0.90845,320000,1440000,1760000,144.0,1413120000,0.00743750000037835,0.00474099999973987,354.12646484375
ariad,10000,32,0,113,0.0009125685319304466,0.899965625,0.910096875,320000,1440000,1760000,144.0,1413120000,0.007295200000044133,0.004643499999474443,354.12646484375
ariad,10000,32,0,114,0.0008517341339029372,0.902240625,0.911871875,320000,1440000,1760000,144.0,1413120000,0.007344199999351986,0.004646399999728601,354.12646484375
ariad,10000,32,0,115,0.0007968785357661545,0.90435,0.913521875,320000,1440000,1760000,144.0,1413120000,0.00740239999959158,0.004683799999838811,354.12646484375
ariad,10000,32,0,116,0.0007466634851880372,0.906171875,0.915384375,320000,1440000,1760000,144.0,1413120000,0.007710599999882106,0.004937599999720987,354.12646484375
ariad,10000,32,0,117,0.0007001699996180832,0.90783125,0.917275,320000,1440000,1760000,144.0,1413120000,0.007434300000568328,0.004690900000241527,354.12646484375
ariad,10000,32,0,118,0.0006565238581970334,0.909309375,0.918984375,320000,1440000,1760000,144.0,1413120000,0.0072660999994695885,0.004621399999450659,354.12646484375
ariad,10000,32,0,119,0.0006153284921310842,0.91066875,0.920434375,320000,1440000,1760000,144.0,1413120000,0.0074879000003420515,0.004773900000145659,354.12646484375
ariad,10000,32,0,120,0.0005763315130025148,0.9122375,0.922265625,320000,1440000,1760000,144.0,1413120000,0.007312499999898137,0.004665200000090408,354.12646484375
ariad,10000,32,0,121,0.0005399830988608301,0.913565625,0.923584375,320000,1440000,1760000,144.0,1413120000,0.007351799999923969,0.004671800000323856,354.12646484375
ariad,10000,32,0,122,0.00050647760508582,0.914740625,0.92505,320000,1440000,1760000,144.0,1413120000,0.007328000000597967,0.004675700000007055,354.12646484375
ariad,10000,32,0,123,0.0004758293507620692,0.91591875,0.92635625,320000,1440000,1760000,144.0,1413120000,0.007452100000591599,0.004728599999907601,354.12646484375
ariad,10000,32,0,124,0.0004479379567783326,0.917028125,0.927503125,320000,1440000,1760000,144.0,1413120000,0.007340500000282191,0.004634199999600241,354.12646484375
ariad,10000,32,0,125,0.0004224501026328653,0.91809375,0.928678125,320000,1440000,1760000,144.0,1413120000,0.00739519999933691,0.0046769000000495,354.12646484375
ariad,10000,32,0,126,0.00039927902980707586,0.9191,0.9297,320000,1440000,1760000,144.0,1413120000,0.0076146999999764375,0.004828299999644514,354.12646484375
ariad,10000,32,0,127,0.0003782425483223051,0.9199625,0.930553125,320000,1440000,1760000,144.0,1413120000,0.007391799999822979,0.004684200000156125,354.12646484375
ariad,10000,32,0,128,0.00035918469075113535,0.92091875,0.93151875,320000,1440000,1760000,144.0,1413120000,0.00736120000055962,0.004685899999458343,354.12646484375
ariad,10000,32,0,129,0.00034195376792922616,0.9218125,0.932303125,320000,1440000,1760000,144.0,1413120000,0.007425800000419258,0.00472390000049927,354.12646484375
ariad,10000,32,0,130,0.0003263664257247001,0.92255625,0.932915625,320000,1440000,1760000,144.0,1413120000,0.007401900000331807,0.004706599999735772,354.12646484375
ariad,10000,32,0,131,0.00031235592905431986,0.923315625,0.93380625,320000,1440000,1760000,144.0,1413120000,0.007349800000156392,0.004671200000302633,354.12646484375
ariad,10000,32,0,132,0.0002998812997248024,0.923990625,0.934540625,320000,1440000,1760000,144.0,1413120000,0.00775199999952747,0.004660800000237941,354.12646484375
ariad,10000,32,0,133,0.0002886916045099497,0.924534375,0.935109375,320000,1440000,1760000,144.0,1413120000,0.007470599999578553,0.004690300000220304,354.12646484375
ariad,10000,32,0,134,0.0002787538105621934,0.92505625,0.93579375,320000,1440000,1760000,144.0,1413120000,0.007287000000360422,0.00463809999928344,354.12646484375
ariad,10000,32,0,135,0.00026965493452735245,0.925671875,0.936503125,320000,1440000,1760000,144.0,1413120000,0.007391699999971024,0.004707199999756995,354.12646484375
ariad,10000,32,0,136,0.00026121916016563773,0.926253125,0.93705,320000,1440000,1760000,144.0,1413120000,0.007384999999885622,0.00468540000019857,354.12646484375
ariad,10000,32,0,137,0.0002534981176722795,0.926703125,0.937615625,320000,1440000,1760000,144.0,1413120000,0.007341499999711232,0.004663300000174786,354.12646484375
ariad,10000,32,0,138,0.00024630752159282565,0.927178125,0.938253125,320000,1440000,1760000,144.0,1413120000,0.007313299999623268,0.004668599999604339,354.12646484375
ariad,10000,32,0,139,0.00023976877855602652,0.927590625,0.9387875,320000,1440000,1760000,144.0,1413120000,0.007382800000414136,0.004730599999675178,354.12646484375
ariad,10000,32,0,140,0.0002339092461625114,0.927946875,0.939175,320000,1440000,1760000,144.0,1413120000,0.008011200000510144,0.004565100000036182,354.12646484375
ariad,10000,32,0,141,0.00022870067914482206,0.928384375,0.9395125,320000,1440000,1760000,144.0,1413120000,0.0073930999997173785,0.004667300000619434,354.12646484375
ariad,10000,32,0,142,0.00022408262884709984,0.928775,0.939884375,320000,1440000,1760000,144.0,1413120000,0.008206600000448816,0.005459500000142725,354.12646484375
ariad,10000,32,0,143,0.00021996311261318624,0.929140625,0.94025625,320000,1440000,1760000,144.0,1413120000,0.007423699999890232,0.00475540000024921,354.12646484375
ariad,10000,32,0,144,0.0002162246237276122,0.92955,0.940696875,320000,1440000,1760000,144.0,1413120000,0.008060999999543128,0.004689299999881769,354.12646484375
ariad,10000,32,0,145,0.00021284508693497628,0.92985625,0.941103125,320000,1440000,1760000,144.0,1413120000,0.007329099999878963,0.00466969999979483,354.12646484375
ariad,10000,32,0,146,0.00020978838438168168,0.930034375,0.9414375,320000,1440000,1760000,144.0,1413120000,0.007420999999339983,0.00473610000062763,354.12646484375
ariad,10000,32,0,147,0.0002069744368782267,0.930284375,0.94163125,320000,1440000,1760000,144.0,1413120000,0.007379799999398529,0.004684099999394675,354.12646484375
ariad,10000,32,0,148,0.00020444374240469187,0.930546875,0.9419125,320000,1440000,1760000,144.0,1413120000,0.007661900000130117,0.004663100000470877,354.12646484375
ariad,10000,32,0,149,0.00020213992684148252,0.930696875,0.94209375,320000,1440000,1760000,144.0,1413120000,0.007363900000200374,0.004696599999988393,354.12646484375
ariad,10000,32,0,150,0.00020006198610644788,0.930946875,0.942321875,320000,1440000,1760000,144.0,1413120000,0.007379499999842665,0.004735499999696913,354.12646484375
ariad,10000,32,0,151,0.00019818598229903728,0.9311625,0.94248125,320000,1440000,1760000,144.0,1413120000,0.008338099999491533,0.004755200000545301,354.12646484375
ariad,10000,32,0,152,0.00019653321942314506,0.93138125,0.942928125,320000,1440000,1760000,144.0,1413120000,0.007330700000238721,0.004638899999918067,354.12646484375
ariad,10000,32,0,153,0.0001951261656358838,0.93165,0.943128125,320000,1440000,1760000,144.0,1413120000,0.00737329999992653,0.004676999999901454,354.12646484375
ariad,10000,32,0,154,0.0001938667701324448,0.93195625,0.94339375,320000,1440000,1760000,144.0,1413120000,0.0073662000004333095,0.004682100000536593,354.12646484375
ariad,10000,32,0,155,0.0001927413686644286,0.9321375,0.9437375,320000,1440000,1760000,144.0,1413120000,0.007406799999444047,0.004759400000693859,354.12646484375
ariad,10000,32,0,156,0.00019170594168826938,0.93225,0.943959375,320000,1440000,1760000,144.0,1413120000,0.007417900000291411,0.004733600000690785,354.12646484375
ariad,10000,32,0,157,0.00019074884767178446,0.932384375,0.94418125,320000,1440000,1760000,144.0,1413120000,0.007319999999708671,0.004656000000068161,354.12646484375
ariad,10000,32,0,158,0.00018989098316524178,0.932496875,0.944328125,320000,1440000,1760000,144.0,1413120000,0.007440600000336417,0.004715099999884842,354.12646484375
ariad,10000,32,0,159,0.00018912897212430835,0.932665625,0.944528125,320000,1440000,1760000,144.0,1413120000,0.007386199999928067,0.0046975999994174344,354.12646484375
ariad,10000,32,0,160,0.00018845948216039687,0.9327625,0.944759375,320000,1440000,1760000,144.0,1413120000,0.0074229000001651,0.0047193000000333996,354.12646484375
ariad,10000,32,0,161,0.00018789476598612964,0.93291875,0.94495,320000,1440000,1760000,144.0,1413120000,0.007374099999651662,0.004691699999966659,354.12646484375
ariad,10000,32,0,162,0.000187378260307014,0.9330875,0.945109375,320000,1440000,1760000,144.0,1413120000,0.007252800000060233,0.004606200000125682,354.12646484375
ariad,10000,32,0,163,0.00018690733122639358,0.933228125,0.945290625,320000,1440000,1760000,144.0,1413120000,0.007428799999615876,0.004716299999927287,354.12646484375
ariad,10000,32,0,164,0.00018649072444532067,0.933334375,0.945471875,320000,1440000,1760000,144.0,1413120000,0.007392800000161515,0.004736900000352762,354.12646484375
ariad,10000,32,0,165,0.00018611962150316685,0.933459375,0.945690625,320000,1440000,1760000,144.0,1413120000,0.007672200000342855,0.004752499999995052,354.12646484375
ariad,10000,32,0,166,0.00018578951130621135,0.933534375,0.945771875,320000,1440000,1760000,144.0,1413120000,0.007430700000440993,0.0047193000000333996,354.12646484375
ariad,10000,32,0,167,0.00018547475337982178,0.933665625,0.9459375,320000,1440000,1760000,144.0,1413120000,0.008013700000446988,0.004894900000181224,354.12646484375
ariad,10000,32,0,168,0.00018520583398640156,0.933759375,0.946065625,320000,1440000,1760000,144.0,1413120000,0.008607900000242807,0.0047611999998480314,354.12646484375
ariad,10000,32,0,169,0.0001849873224273324,0.93386875,0.946178125,320000,1440000,1760000,144.0,1413120000,0.007375099999990198,0.004662600000301609,354.12646484375
ariad,10000,32,0,170,0.0001847798121161759,0.93399375,0.94629375,320000,1440000,1760000,144.0,1413120000,0.007319800000004761,0.004662099999222846,354.12646484375
ariad,10000,32,0,171,0.0001845903170760721,0.93413125,0.946453125,320000,1440000,1760000,144.0,1413120000,0.007343599999330763,0.0046535000001313165,354.12646484375
ariad,10000,32,0,172,0.0001844177459133789,0.934234375,0.9466125,320000,1440000,1760000,144.0,1413120000,0.007344599999669299,0.004661800000576477,354.12646484375
ariad,10000,32,0,173,0.00018426250608172268,0.93435,0.946740625,320000,1440000,1760000,144.0,1413120000,0.007349800000156392,0.0046960999998191255,354.12646484375
ariad,10000,32,0,174,0.00018414742953609675,0.93440625,0.946878125,320000,1440000,1760000,144.0,1413120000,0.007307799999580311,0.004649900000003981,354.12646484375
ariad,10000,32,0,175,0.00018403409922029823,0.93448125,0.9470125,320000,1440000,1760000,144.0,1413120000,0.007318699999814271,0.004645699999855424,354.12646484375
ariad,10000,32,0,176,0.00018393596110399812,0.934546875,0.947103125,320000,1440000,1760000,144.0,1413120000,0.007371599999714817,0.00468890000047395,354.12646484375
ariad,10000,32,0,177,0.0001838483876781538,0.934634375,0.947215625,320000,1440000,1760000,144.0,1413120000,0.007400100000268139,0.004709200000434066,354.12646484375
ariad,10000,32,0,178,0.00018377786909695715,0.934709375,0.94735,320000,1440000,1760000,144.0,1413120000,0.007364899999629415,0.004727599999569065,354.12646484375
ariad,10000,32,0,179,0.0001837173622334376,0.93478125,0.947409375,320000,1440000,1760000,144.0,1413120000,0.007276100000126462,0.004597500000272703,354.12646484375
ariad,10000,32,0,180,0.00018365029245615005,0.9348625,0.947540625,320000,1440000,1760000,144.0,1413120000,0.007257899999785877,0.0045933999999761,354.12646484375
ariad,10000,32,0,181,0.0001835995353758335,0.93493125,0.94765625,320000,1440000,1760000,144.0,1413120000,0.007360599999628903,0.0047094000001379754,354.12646484375
ariad,10000,32,0,182,0.0001835432485677302,0.93501875,0.9477875,320000,1440000,1760000,144.0,1413120000,0.007466300000487536,0.004813100000319537,354.12646484375
ariad,10000,32,0,183,0.00018350299797020853,0.935125,0.94789375,320000,1440000,1760000,144.0,1413120000,0.007402799999908893,0.004741199999443779,354.12646484375
ariad,10000,32,0,184,0.00018345782882533967,0.935221875,0.948025,320000,1440000,1760000,144.0,1413120000,0.007432499999595166,0.004756500000439701,354.12646484375
ariad,10000,32,0,185,0.00018342632392887026,0.9353,0.948115625,320000,1440000,1760000,144.0,1413120000,0.007555299999694398,0.004800499999873864,354.12646484375
ariad,10000,32,0,186,0.0001833922287914902,0.93536875,0.948175,320000,1440000,1760000,144.0,1413120000,0.0074855000002571614,0.004788100000041595,354.12646484375
ariad,10000,32,0,187,0.00018336933862883598,0.935428125,0.94828125,320000,1440000,1760000,144.0,1413120000,0.007414800000333344,0.004655500000808388,354.12646484375
ariad,10000,32,0,188,0.0001833354472182691,0.93549375,0.948334375,320000,1440000,1760000,144.0,1413120000,0.0073231000005762326,0.004649800000152027,354.12646484375
ariad,10000,32,0,189,0.0001833069254644215,0.935534375,0.948415625,320000,1440000,1760000,144.0,1413120000,0.007400100000268139,0.004715500000202155,354.12646484375
ariad,10000,32,0,190,0.00018327882571611553,0.93560625,0.9485,320000,1440000,1760000,144.0,1413120000,0.0073026000000027125,0.004666900000302121,354.12646484375
ariad,10000,32,0,191,0.00018326322606299073,0.935653125,0.948584375,320000,1440000,1760000,144.0,1413120000,0.007384500000625849,0.004702500000348664,354.12646484375
ariad,10000,32,0,192,0.0001832259731600061,0.9357125,0.948659375,320000,1440000,1760000,144.0,1413120000,0.007305799999812734,0.004616899999746238,354.12646484375
ariad,10000,32,0,193,0.00018320402887184173,0.9357625,0.948734375,320000,1440000,1760000,144.0,1413120000,0.007784999999785214,0.004673800000091433,354.12646484375
ariad,10000,32,0,194,0.0001831917033996433,0.93579375,0.9487875,320000,1440000,1760000,144.0,1413120000,0.0073942999997598235,0.004712599999947997,354.12646484375
ariad,10000,32,0,195,0.00018317982903681695,0.9358375,0.94888125,320000,1440000,1760000,144.0,1413120000,0.007349800000156392,0.00470820000009553,354.12646484375
ariad,10000,32,0,196,0.0001831583649618551,0.93588125,0.948946875,320000,1440000,1760000,144.0,1413120000,0.007354800000030082,0.004670600000281411,354.12646484375
ariad,10000,32,0,197,0.0001831639528973028,0.935903125,0.9489875,320000,1440000,1760000,144.0,1413120000,0.007569000000330561,0.004671799999414361,354.12646484375
ariad,10000,32,0,198,0.0001831486588343978,0.93595625,0.949021875,320000,1440000,1760000,144.0,1413120000,0.007467200000064622,0.004755099999783852,354.12646484375
ariad,10000,32,0,199,0.00018314180488232523,0.935978125,0.949059375,320000,1440000,1760000,144.0,1413120000,0.007341199999245873,0.004673800000091433,354.12646484375
ariad,10000,32,0,200,0.00018313796317670494,0.93605625,0.949125,320000,1440000,1760000,144.0,1413120000,0.008265899999969406,0.004711399999905552,354.12646484375
ariad,10000,32,0,201,0.00018312832980882376,0.93613125,0.9492125,320000,1440000,1760000,144.0,1413120000,0.007463500000085332,0.004711700000370911,354.12646484375
ariad,10000,32,0,202,0.00018311406893189996,0.93615625,0.949246875,320000,1440000,1760000,144.0,1413120000,0.007562699999652978,0.004763100000673148,354.12646484375
ariad,10000,32,0,203,0.00018310992163605988,0.936196875,0.94929375,320000,1440000,1760000,144.0,1413120000,0.007894499999565596,0.005172600000150851,354.12646484375
ariad,10000,32,0,204,0.00018308692960999906,0.9362625,0.94938125,320000,1440000,1760000,144.0,1413120000,0.0077485000001615845,0.004678900000726571,354.12646484375
ariad,10000,32,0,205,0.00018306577112525702,0.9363,0.949478125,320000,1440000,1760000,144.0,1413120000,0.007347799999479321,0.004671499999858497,354.12646484375
ariad,10000,32,0,206,0.00018305705452803522,0.93635,0.949534375,320000,1440000,1760000,144.0,1413120000,0.008033000000068569,0.005248099999334954,354.12646484375
ariad,10000,32,0,207,0.00018305516277905554,0.936384375,0.9495875,320000,1440000,1760000,144.0,1413120000,0.00809560000016063,0.004716399999779242,354.12646484375
ariad,10000,32,0,208,0.00018305028788745403,0.936434375,0.9496625,320000,1440000,1760000,144.0,1413120000,0.0077393000001393375,0.004689200000029814,354.12646484375
ariad,10000,32,0,209,0.00018303783144801855,0.93646875,0.949728125,320000,1440000,1760000,144.0,1413120000,0.00802300000032119,0.005255699999906938,354.12646484375
ariad,10000,32,0,210,0.00018302812532056123,0.936515625,0.9498,320000,1440000,1760000,144.0,1413120000,0.008125700000164215,0.00466469999992114,354.12646484375
ariad,10000,32,0,211,0.00018300747615285218,0.93658125,0.949871875,320000,1440000,1760000,144.0,1413120000,0.00741459999971994,0.004681600000367325,354.12646484375
ariad,10000,32,0,212,0.00018299232760909945,0.93664375,0.949915625,320000,1440000,1760000,144.0,1413120000,0.008103299999675073,0.005308099999638216,354.12646484375
ariad,10000,32,0,213,0.00018298160284757614,0.936696875,0.94998125,320000,1440000,1760000,144.0,1413120000,0.007428599999911967,0.004741499999909138,354.12646484375
ariad,10000,32,0,214,0.00018297263886779547,0.93674375,0.950046875,320000,1440000,1760000,144.0,1413120000,0.007361500000115484,0.004680299999563431,354.12646484375
ariad,10000,32,0,215,0.00018296277266927063,0.936809375,0.95010625,320000,1440000,1760000,144.0,1413120000,0.00815119999970193,0.005394699999669683,354.12646484375
ariad,10000,32,0,216,0.00018295564223080873,0.93685625,0.950196875,320000,1440000,1760000,144.0,1413120000,0.007493300000533054,0.004809600000044156,354.12646484375
ariad,10000,32,0,217,0.0001829514658311382,0.93691875,0.95028125,320000,1440000,1760000,144.0,1413120000,0.009335299999293056,0.006469500000093831,354.12646484375
ariad,10000,32,0,218,0.00018294512119609863,0.937003125,0.950346875,320000,1440000,1760000,144.0,1413120000,0.007831599999917671,0.004757699999572651,354.12646484375
ariad,10000,32,0,219,0.00018293308676220477,0.937065625,0.950396875,320000,1440000,1760000,144.0,1413120000,0.0074242000000595,0.004718500000308268,354.12646484375
ariad,10000,32,0,220,0.0001829293614719063,0.9371125,0.950471875,320000,1440000,1760000,144.0,1413120000,0.007516799999393697,0.004726799999843934,354.12646484375
ariad,10000,32,0,221,0.0001829136599553749,0.9371875,0.950546875,320000,1440000,1760000,144.0,1413120000,0.007449400000041351,0.004695700000411307,354.12646484375
ariad,10000,32,0,222,0.00018290359003003687,0.937234375,0.950621875,320000,1440000,1760000,144.0,1413120000,0.007317600000533275,0.004625900000064576,354.12646484375
ariad,10000,32,0,223,0.00018289336003363132,0.937271875,0.950690625,320000,1440000,1760000,144.0,1413120000,0.007352600000558596,0.004603200000019569,354.12646484375
ariad,10000,32,0,224,0.0001828931999625638,0.937328125,0.95074375,320000,1440000,1760000,144.0,1413120000,0.007523700000092504,0.004806500000086089,354.12646484375
ariad,10000,32,0,225,0.000182883144589141,0.93739375,0.95081875,320000,1440000,1760000,144.0,1413120000,0.007363199999417702,0.004678799999965122,354.12646484375
ariad,10000,32,0,226,0.00018287567945662886,0.937453125,0.9509125,320000,1440000,1760000,144.0,1413120000,0.007409499999994296,0.0047067000004972215,354.12646484375
ariad,10000,32,0,227,0.00018286358681507409,0.93750625,0.950978125,320000,1440000,1760000,144.0,1413120000,0.007444900000336929,0.0047439999998459825,354.12646484375
ariad,10000,32,0,228,0.00018285850819665939,0.937540625,0.95103125,320000,1440000,1760000,144.0,1413120000,0.007344999999986612,0.004665700000259676,354.12646484375
ariad,10000,32,0,229,0.000182852047146298,0.93759375,0.951075,320000,1440000,1760000,144.0,1413120000,0.00792609999916749,0.004654800000025716,354.12646484375
ariad,10000,32,0,230,0.00018284485850017518,0.937625,0.95111875,320000,1440000,1760000,144.0,1413120000,0.007404500000120606,0.004681299999901967,354.12646484375
ariad,10000,32,0,231,0.00018283726240042597,0.937675,0.951178125,320000,1440000,1760000,144.0,1413120000,0.0073088999997708015,0.0046264000002338435,354.12646484375
ariad,10000,32,0,232,0.00018282663950230926,0.9377375,0.95125,320000,1440000,1760000,144.0,1413120000,0.007555099999990489,0.004659700000047451,354.12646484375
ariad,10000,32,0,233,0.00018282097880728543,0.937803125,0.951321875,320000,1440000,1760000,144.0,1413120000,0.007453799999893818,0.004728699999759556,354.12646484375
ariad,10000,32,0,234,0.00018281085067428648,0.937846875,0.951396875,320000,1440000,1760000,144.0,1413120000,0.007316500000342785,0.004652999999962049,354.12646484375
ariad,10000,32,0,235,0.00018280441872775555,0.9379,0.95144375,320000,1440000,1760000,144.0,1413120000,0.008082000000285916,0.0049331999998685205,354.12646484375
ariad,10000,32,0,236,0.00018279389769304544,0.937953125,0.9515125,320000,1440000,1760000,144.0,1413120000,0.007409100000586477,0.004698300000200106,354.12646484375
ariad,10000,32,0,237,0.00018279124924447387,0.937978125,0.951559375,320000,1440000,1760000,144.0,1413120000,0.007379900000159978,0.004727900000034424,354.12646484375
ariad,10000,32,0,238,0.00018279200594406575,0.938034375,0.9516125,320000,1440000,1760000,144.0,1413120000,0.0073698999995031045,0.004688500000156637,354.12646484375
ariad,10000,32,0,239,0.0001827865926316008,0.93809375,0.95166875,320000,1440000,1760000,144.0,1413120000,0.007572000000436674,0.004695600000559352,354.12646484375
ariad,10000,32,0,240,0.00018277914205100387,0.938140625,0.95171875,320000,1440000,1760000,144.0,1413120000,0.00825540000005276,0.004790899999534304,354.12646484375
ariad,10000,32,0,241,0.000182769465027377,0.938184375,0.95176875,320000,1440000,1760000,144.0,1413120000,0.00746290000006411,0.004676399999880232,354.12646484375
ariad,10000,32,0,242,0.00018276373157277703,0.938228125,0.951825,320000,1440000,1760000,144.0,1413120000,0.007417000000714324,0.004679800000303658,354.12646484375
ariad,10000,32,0,243,0.0001827460655476898,0.938278125,0.95188125,320000,1440000,1760000,144.0,1413120000,0.0073442000002614805,0.0046187000007194,354.12646484375
ariad,10000,32,0,244,0.00018273814930580556,0.938325,0.95195,320000,1440000,1760000,144.0,1413120000,0.007923599999230646,0.005182799999602139,354.12646484375
ariad,10000,32,0,245,0.00018273612658958882,0.93839375,0.952028125,320000,1440000,1760000,144.0,1413120000,0.007392299999992247,0.004693500000030326,354.12646484375
ariad,10000,32,0,246,0.00018273080058861524,0.938440625,0.95209375,320000,1440000,1760000,144.0,1413120000,0.007429799999954412,0.004656799999793293,354.12646484375
ariad,10000,32,0,247,0.00018272407760377973,0.9384875,0.95215625,320000,1440000,1760000,144.0,1413120000,0.007576499999231601,0.004825099999834492,354.12646484375
ariad,10000,32,0,248,0.00018272154557053,0.938534375,0.95221875,320000,1440000,1760000,144.0,1413120000,0.007349900000008347,0.004670999999689229,354.12646484375
ariad,10000,32,0,249,0.0001827189844334498,0.938590625,0.952284375,320000,1440000,1760000,144.0,1413120000,0.007227400000374473,0.004557899999781512,354.12646484375
ariad,10000,32,0,250,0.0001827134983614087,0.938640625,0.9523375,320000,1440000,1760000,144.0,1413120000,0.007310699999834469,0.004633999999896332,354.12646484375
ariad,10000,32,0,251,0.00018271509907208383,0.9386875,0.952409375,320000,1440000,1760000,144.0,1413120000,0.007981600000675826,0.004720599999927799,354.12646484375
ariad,10000,32,0,252,0.00018271172302775085,0.9387375,0.95245625,320000,1440000,1760000,144.0,1413120000,0.007687000000260014,0.00476630000048317,354.12646484375
ariad,10000,32,0,253,0.00018270315194968134,0.9387875,0.952521875,320000,1440000,1760000,144.0,1413120000,0.007499000000279921,0.004791099999238213,354.12646484375
ariad,10000,32,0,254,0.00018268961866851896,0.9388375,0.952596875,320000,1440000,1760000,144.0,1413120000,0.007266700000400306,0.004594899999574409,354.12646484375
ariad,10000,32,0,255,0.00018268627172801644,0.9388875,0.95265625,320000,1440000,1760000,144.0,1413120000,0.007340800000747549,0.004673599999478029,354.12646484375
ariad,10000,32,0,256,0.00018267497944179922,0.93895,0.952734375,320000,1440000,1760000,144.0,1413120000,0.007283099999767728,0.004596599999786122,354.12646484375
ariad,10000,32,0,257,0.00018266982806380838,0.938965625,0.952771875,320000,1440000,1760000,144.0,1413120000,0.008525299999746494,0.004776700000547862,354.12646484375
ariad,10000,32,0,258,0.00018266233382746577,0.938990625,0.952821875,320000,1440000,1760000,144.0,1413120000,0.007407699999930628,0.004691800000728108,354.12646484375
ariad,10000,32,0,259,0.00018265990365762264,0.939015625,0.9528375,320000,1440000,1760000,144.0,1413120000,0.007434199999806879,0.004706200000327954,354.12646484375
ariad,10000,32,0,260,0.000182652089279145,0.9390375,0.952859375,320000,1440000,1760000,144.0,1413120000,0.0072996999997485545,0.0046232999993662816,354.12646484375
ariad,10000,32,0,261,0.00018264590471517295,0.9390625,0.952903125,320000,1440000,1760000,144.0,1413120000,0.007820199999514443,0.005098399999951653,354.12646484375
ariad,10000,32,0,262,0.00018263583478983492,0.939109375,0.9529625,320000,1440000,1760000,144.0,1413120000,0.0074150999998892075,0.0046910000000934815,354.12646484375
ariad,10000,32,0,263,0.00018263867241330445,0.9391375,0.953,320000,1440000,1760000,144.0,1413120000,0.007352399999945192,0.0046588000004703645,354.12646484375
ariad,10000,32,0,264,0.00018263816309627146,0.93915625,0.953028125,320000,1440000,1760000,144.0,1413120000,0.007348500000261993,0.004669299999477516,354.12646484375
ariad,10000,32,0,265,0.00018262863159179688,0.939178125,0.953059375,320000,1440000,1760000,144.0,1413120000,0.007339799999499519,0.004680900000494148,354.12646484375
ariad,10000,32,0,266,0.0001826234074542299,0.93920625,0.95310625,320000,1440000,1760000,144.0,1413120000,0.007412700000713812,0.004724800000076357,354.12646484375
ariad,10000,32,0,267,0.0001825919607654214,0.93925,0.95315,320000,1440000,1760000,144.0,1413120000,0.007348499999352498,0.004668900000069698,354.12646484375
ariad,10000,32,0,268,0.00018258762429468334,0.939296875,0.95320625,320000,1440000,1760000,144.0,1413120000,0.007357200000114972,0.004668499999752385,354.12646484375
ariad,10000,32,0,269,0.0001825817016651854,0.93934375,0.9532625,320000,1440000,1760000,144.0,1413120000,0.007732000000032713,0.004765399999996589,354.12646484375
ariad,10000,32,0,270,0.00018257576448377222,0.9393875,0.95330625,320000,1440000,1760000,144.0,1413120000,0.007427099999404163,0.004743500000586209,354.12646484375
ariad,10000,32,0,271,0.00018257265037391335,0.93943125,0.953365625,320000,1440000,1760000,144.0,1413120000,0.007307299999411043,0.00461760000052891,354.12646484375
ariad,10000,32,0,272,0.000182569187018089,0.93945,0.953390625,320000,1440000,1760000,144.0,1413120000,0.0074942000001101405,0.0048269999997501145,354.12646484375
ariad,10000,32,0,273,0.00018256962357554585,0.939471875,0.9534375,320000,1440000,1760000,144.0,1413120000,0.007378899999821442,0.004687000000558328,354.12646484375
ariad,10000,32,0,274,0.00018257004558108747,0.939496875,0.953478125,320000,1440000,1760000,144.0,1413120000,0.007192900000518421,0.004530600000180129,354.12646484375
ariad,10000,32,0,275,0.000182570016477257,0.939525,0.953503125,320000,1440000,1760000,144.0,1413120000,0.007289000000127999,0.004607199999554723,354.12646484375
ariad,10000,32,0,276,0.0001825613871915266,0.93955,0.9535375,320000,1440000,1760000,144.0,1413120000,0.007347400000071502,0.004687999999987369,354.12646484375
ariad,10000,32,0,277,0.00018255974282510579,0.939578125,0.953590625,320000,1440000,1760000,144.0,1413120000,0.0073909000002458924,0.00469980000070791,354.12646484375
ariad,10000,32,0,278,0.00018255721079185605,0.939646875,0.953659375,320000,1440000,1760000,144.0,1413120000,0.007643799999641487,0.004691899999670568,354.12646484375
ariad,10000,32,0,279,0.0001825544604798779,0.939690625,0.953725,320000,1440000,1760000,144.0,1413120000,0.007376900000053865,0.004738200000247161,354.12646484375
ariad,10000,32,0,280,0.00018254951282870024,0.939734375,0.953790625,320000,1440000,1760000,144.0,1413120000,0.007638500000211934,0.004694799999924726,354.12646484375
ariad,10000,32,0,281,0.00018254599126521498,0.939765625,0.953828125,320000,1440000,1760000,144.0,1413120000,0.007648799999515177,0.0046496000004481175,354.12646484375
ariad,10000,32,0,282,0.0001825401996029541,0.9398,0.953859375,320000,1440000,1760000,144.0,1413120000,0.007711799999924551,0.0046987000005174195,354.12646484375
ariad,10000,32,0,283,0.00018253864254802465,0.939825,0.9539,320000,1440000,1760000,144.0,1413120000,0.007391500000267115,0.004709600000751379,354.12646484375
ariad,10000,32,0,284,0.00018253742018714547,0.939853125,0.953940625,320000,1440000,1760000,144.0,1413120000,0.007324700000026496,0.004612499999893771,354.12646484375
ariad,10000,32,0,285,0.00018254140741191804,0.93986875,0.95396875,320000,1440000,1760000,144.0,1413120000,0.007321099999899161,0.004649200000130804,354.12646484375
ariad,10000,32,0,286,0.00018253586313221604,0.9398875,0.953996875,320000,1440000,1760000,144.0,1413120000,0.00736849999975675,0.004675000000133878,354.12646484375
ariad,10000,32,0,287,0.00018253520829603076,0.939928125,0.954040625,320000,1440000,1760000,144.0,1413120000,0.0073894999995900434,0.004675399999541696,354.12646484375
ariad,10000,32,0,288,0.00018252644804306328,0.93996875,0.954090625,320000,1440000,1760000,144.0,1413120000,0.007567200000266894,0.004735900000014226,354.12646484375
ariad,10000,32,0,289,0.00018252135487273335,0.94,0.95415,320000,1440000,1760000,144.0,1413120000,0.00741199999993114,0.004729100000076869,354.12646484375
ariad,10000,32,0,290,0.00018250674474984407,0.940025,0.954184375,320000,1440000,1760000,144.0,1413120000,0.00735999999960768,0.004675800000768504,354.12646484375
ariad,10000,32,0,291,0.00018250555149279535,0.940053125,0.954225,320000,1440000,1760000,144.0,1413120000,0.007325199999286269,0.004667000000154076,354.12646484375
ariad,10000,32,0,292,0.00018250230641569942,0.9400875,0.954253125,320000,1440000,1760000,144.0,1413120000,0.007323200000428187,0.004663300000174786,354.12646484375
ariad,10000,32,0,293,0.00018250105495098978,0.9401125,0.954296875,320000,1440000,1760000,144.0,1413120000,0.00738790000013978,0.004738499999803025,354.12646484375
ariad,10000,32,0,294,0.00018248625565320253,0.94015625,0.954353125,320000,1440000,1760000,144.0,1413120000,0.00770250000005035,0.004673399999774119,354.12646484375
ariad,10000,32,0,295,0.00018248739070259035,0.940178125,0.954403125,320000,1440000,1760000,144.0,1413120000,0.007314999999834981,0.004650099999707891,354.12646484375
ariad,10000,32,0,296,0.0001824870560085401,0.940215625,0.954465625,320000,1440000,1760000,144.0,1413120000,0.008228200000303332,0.005056900000454334,354.12646484375
ariad,10000,32,0,297,0.00018247732077725232,0.940271875,0.95453125,320000,1440000,1760000,144.0,1413120000,0.007343700000092213,0.004645299999538111,354.12646484375
ariad,10000,32,0,298,0.000182463918463327,0.940309375,0.954584375,320000,1440000,1760000,144.0,1413120000,0.007417600000735547,0.0046960999998191255,354.12646484375
ariad,10000,32,0,299,0.00018246236140839756,0.94033125,0.9546125,320000,1440000,1760000,144.0,1413120000,0.0076681999998982064,0.004660299999159179,354.12646484375
ariad,10000,32,0,300,0.000182465257239528,0.94036875,0.954659375,320000,1440000,1760000,144.0,1413120000,0.0076120999992781435,0.004650999999284977,354.12646484375
ariad,10000,32,0,301,0.00018246671243105084,0.9404125,0.954715625,320000,1440000,1760000,144.0,1413120000,0.007561600000371982,0.0046913999995013,354.12646484375
ariad,10000,32,0,302,0.00018246244871988893,0.940446875,0.954740625,320000,1440000,1760000,144.0,1413120000,0.007485699999961071,0.004789399999935995,354.12646484375
ariad,10000,32,0,303,0.0001824604405555874,0.940490625,0.954796875,320000,1440000,1760000,144.0,1413120000,0.007274900000084017,0.004579600000397477,354.12646484375
ariad,10000,32,0,304,0.00018245687533635646,0.940534375,0.95485625,320000,1440000,1760000,144.0,1413120000,0.0075902000007772585,0.004744400000163296,354.12646484375
ariad,10000,32,0,305,0.00018244830425828695,0.940565625,0.9549,320000,1440000,1760000,144.0,1413120000,0.007377299999461684,0.004696799999692303,354.12646484375
ariad,10000,32,0,306,0.00018244927923660725,0.9406,0.954925,320000,1440000,1760000,144.0,1413120000,0.008106100000077276,0.005355399999643851,354.12646484375
ariad,10000,32,0,307,0.0001824456121539697,0.940634375,0.954990625,320000,1440000,1760000,144.0,1413120000,0.007451599999512837,0.004673499999626074,354.12646484375
ariad,10000,32,0,308,0.00018244249804411083,0.94068125,0.955034375,320000,1440000,1760000,144.0,1413120000,0.0076408000004448695,0.004626200000529934,354.12646484375
ariad,10000,32,0,309,0.00018244296370539814,0.940690625,0.955084375,320000,1440000,1760000,144.0,1413120000,0.00793599999997241,0.0046883000004527275,354.12646484375
ariad,10000,32,0,310,0.00018243311205878854,0.94073125,0.955128125,320000,1440000,1760000,144.0,1413120000,0.007308799999918847,0.004612400000041816,354.12646484375
ariad,10000,32,0,311,0.00018242465739604086,0.940778125,0.955178125,320000,1440000,1760000,144.0,1413120000,0.007411500000671367,0.0047231999997165985,354.12646484375
ariad,10000,32,0,312,0.00018241844372823834,0.94080625,0.9552125,320000,1440000,1760000,144.0,1413120000,0.0073514999994586105,0.004657200000110606,354.12646484375
ariad,10000,32,0,313,0.00018239404016640037,0.94085,0.955275,320000,1440000,1760000,144.0,1413120000,0.008737099999962084,0.005783400000836991,354.12646484375
ariad,10000,32,0,314,0.00018239073688164353,0.940909375,0.955340625,320000,1440000,1760000,144.0,1413120000,0.007602700000461482,0.004674199999499251,354.12646484375
ariad,10000,32,0,315,0.00018237449694424868,0.940928125,0.955371875,320000,1440000,1760000,144.0,1413120000,0.0076045000005251495,0.00465130000065983,354.12646484375
ariad,10000,32,0,316,0.00018237026233691722,0.940946875,0.95540625,320000,1440000,1760000,144.0,1413120000,0.007352300000093237,0.004664400000365276,354.12646484375
ariad,10000,32,0,317,0.00018236534378957003,0.94099375,0.955459375,320000,1440000,1760000,144.0,1413120000,0.007382400000096823,0.004730799999379087,354.12646484375
ariad,10000,32,0,318,0.00018236885080114007,0.941040625,0.9555375,320000,1440000,1760000,144.0,1413120000,0.008558499999708147,0.005475200000546465,354.12646484375
ariad,10000,32,0,319,0.00018236279720440507,0.9410875,0.95559375,320000,1440000,1760000,144.0,1413120000,0.007485600000109116,0.004783999999744992,354.12646484375
ariad,10000,32,0,320,0.00018234965682495385,0.9411125,0.955609375,320000,1440000,1760000,144.0,1413120000,0.007361599999967439,0.004712099999778729,354.12646484375
ariad,10000,32,0,321,0.0001823483471525833,0.94113125,0.955665625,320000,1440000,1760000,144.0,1413120000,0.007588299999952142,0.004672000000027765,354.12646484375
ariad,10000,32,0,322,0.00018233632727060467,0.941190625,0.955740625,320000,1440000,1760000,144.0,1413120000,0.007472799999959534,0.004762099999425118,354.12646484375
ariad,10000,32,0,323,0.00018232643196824938,0.941234375,0.955784375,320000,1440000,1760000,144.0,1413120000,0.0074112999991484685,0.004656299999624025,354.12646484375
ariad,10000,32,0,324,0.00018232707225251943,0.941253125,0.95581875,320000,1440000,1760000,144.0,1413120000,0.007349700000304438,0.004693199999564968,354.12646484375
ariad,10000,32,0,325,0.0001823192578740418,0.941275,0.955859375,320000,1440000,1760000,144.0,1413120000,0.007312300000194227,0.004652799999348645,354.12646484375
ariad,10000,32,0,326,0.00018231570720672607,0.9413125,0.9559,320000,1440000,1760000,144.0,1413120000,0.007255999999870255,0.004573899999741116,354.12646484375
ariad,10000,32,0,327,0.00018230293062515557,0.941353125,0.955946875,320000,1440000,1760000,144.0,1413120000,0.007300799999939045,0.004634700000679004,354.12646484375
ariad,10000,32,0,328,0.0001822798658395186,0.94139375,0.956,320000,1440000,1760000,144.0,1413120000,0.007340400000430236,0.0046300000003611785,354.12646484375
ariad,10000,32,0,329,0.00018227753753308207,0.94140625,0.956021875,320000,1440000,1760000,144.0,1413120000,0.007333999999900698,0.004658199999539647,354.12646484375
ariad,10000,32,0,330,0.00018227490363642573,0.941425,0.95605625,320000,1440000,1760000,144.0,1413120000,0.007391300000563206,0.004753899999741407,354.12646484375
ariad,10000,32,0,331,0.0001822739141061902,0.941428125,0.95609375,320000,1440000,1760000,144.0,1413120000,0.007367499999418214,0.004722399999991467,354.12646484375
ariad,10000,32,0,332,0.0001822669873945415,0.94145625,0.95613125,320000,1440000,1760000,144.0,1413120000,0.007391900000584428,0.0047002000001157285,354.12646484375
ariad,10000,32,0,333,0.00018226219981443137,0.941478125,0.956175,320000,1440000,1760000,144.0,1413120000,0.007317099999454513,0.004672500000197033,354.12646484375
ariad,10000,32,0,334,0.00018225261010229588,0.94150625,0.956225,320000,1440000,1760000,144.0,1413120000,0.007432399999743211,0.004797499999767751,354.12646484375
ariad,10000,32,0,335,0.00018224258383270353,0.941525,0.95625625,320000,1440000,1760000,144.0,1413120000,0.007359299999734503,0.004664700000830635,354.12646484375
ariad,10000,32,0,336,0.0001822364574763924,0.9415625,0.956290625,320000,1440000,1760000,144.0,1413120000,0.007357800000136194,0.004719399999885354,354.12646484375
ariad,10000,32,0,337,0.00018223626830149442,0.941571875,0.95633125,320000,1440000,1760000,144.0,1413120000,0.007254500000271946,0.004560200000014447,354.12646484375
ariad,10000,32,0,338,0.00018222190556116402,0.94160625,0.956371875,320000,1440000,1760000,144.0,1413120000,0.007394600000225182,0.004713399999673129,354.12646484375
ariad,10000,32,0,339,0.0001822221529437229,0.941640625,0.9564,320000,1440000,1760000,144.0,1413120000,0.00727900000038062,0.004635599999346596,354.12646484375
ariad,10000,32,0,340,0.0001822219492169097,0.94165,0.9564375,320000,1440000,1760000,144.0,1413120000,0.008554800000638352,0.005565299999943818,354.12646484375
ariad,10000,32,0,341,0.0001822109188651666,0.94168125,0.956471875,320000,1440000,1760000,144.0,1413120000,0.007422000000588014,0.004732700000204204,354.12646484375
ariad,10000,32,0,342,0.00018218104378320277,0.941715625,0.95650625,320000,1440000,1760000,144.0,1413120000,0.00730810000004567,0.004668499999752385,354.12646484375
ariad,10000,32,0,343,0.00018216947501059622,0.9417375,0.956540625,320000,1440000,1760000,144.0,1413120000,0.0073463999997329665,0.004673299999922165,354.12646484375
ariad,10000,32,0,344,0.00018216724856756628,0.94175625,0.956575,320000,1440000,1760000,144.0,1413120000,0.007297300000573159,0.004642699999749311,354.12646484375
ariad,10000,32,0,345,0.00018216445459984243,0.941790625,0.95661875,320000,1440000,1760000,144.0,1413120000,0.007278699999915261,0.004624100000000908,354.12646484375
ariad,10000,32,0,346,0.00018216072930954397,0.94180625,0.95665,320000,1440000,1760000,144.0,1413120000,0.007355699999607168,0.004675799999859009,354.12646484375
ariad,10000,32,0,347,0.0001821613113861531,0.941834375,0.956684375,320000,1440000,1760000,144.0,1413120000,0.008399199999985285,0.004658899999412824,354.12646484375
ariad,10000,32,0,348,0.00018216240277979523,0.941865625,0.956725,320000,1440000,1760000,144.0,1413120000,0.007448100000146951,0.004738999999972293,354.12646484375
ariad,10000,32,0,349,0.00018215480668004602,0.9419,0.956784375,320000,1440000,1760000,144.0,1413120000,0.007349700000304438,0.0046068000001469045,354.12646484375
ariad,10000,32,0,350,0.00018215102318208665,0.941921875,0.956809375,320000,1440000,1760000,144.0,1413120000,0.007340800000747549,0.004686000000219792,354.12646484375
ariad,10000,32,0,351,0.0001821444893721491,0.941953125,0.95684375,320000,1440000,1760000,144.0,1413120000,0.007465599999704864,0.004673299999922165,354.12646484375
ariad,10000,32,0,352,0.0001821412588469684,0.941978125,0.956875,320000,1440000,1760000,144.0,1413120000,0.0076575000002776505,0.004668300000048475,354.12646484375
ariad,10000,32,0,353,0.00018213559815194458,0.94200625,0.9569125,320000,1440000,1760000,144.0,1413120000,0.007330999999794585,0.004659299999730138,354.12646484375
ariad,10000,32,0,354,0.0001821306359488517,0.9420625,0.956975,320000,1440000,1760000,144.0,1413120000,0.007752200000140874,0.00488249999943946,354.12646484375
ariad,10000,32,0,355,0.0001821273472160101,0.9421125,0.95703125,320000,1440000,1760000,144.0,1413120000,0.007343500000388303,0.00468520000049466,354.12646484375
ariad,10000,32,0,356,0.00018212501890957355,0.942146875,0.957078125,320000,1440000,1760000,144.0,1413120000,0.007313900000553986,0.0046118999998725485,354.12646484375
ariad,10000,32,0,357,0.0001821165787987411,0.942196875,0.95711875,320000,1440000,1760000,144.0,1413120000,0.007766799999444629,0.0050277999998797895,354.12646484375
ariad,10000,32,0,358,0.0001821161713451147,0.9422125,0.957146875,320000,1440000,1760000,144.0,1413120000,0.0073739999997997074,0.004708100000243576,354.12646484375
ariad,10000,32,0,359,0.00018211449787486345,0.94225,0.957178125,320000,1440000,1760000,144.0,1413120000,0.007590999999592896,0.004580499999974563,354.12646484375
ariad,10000,32,0,360,0.00018211043789051473,0.942271875,0.95720625,320000,1440000,1760000,144.0,1413120000,0.007402000000183762,0.004719699999441218,354.12646484375
ariad,10000,32,0,361,0.00018211106362286955,0.9423,0.9572375,320000,1440000,1760000,144.0,1413120000,0.007403399999930116,0.00470709999990504,354.12646484375
ariad,10000,32,0,362,0.00018210758571512997,0.94235,0.9572875,320000,1440000,1760000,144.0,1413120000,0.007269800000358373,0.00460910000037984,354.12646484375
ariad,10000,32,0,363,0.00018209771951660514,0.942396875,0.95734375,320000,1440000,1760000,144.0,1413120000,0.0073475999997754116,0.004669099999773607,354.12646484375
ariad,10000,32,0,364,0.00018209998961538076,0.942425,0.9574125,320000,1440000,1760000,144.0,1413120000,0.007505599999603874,0.004658200000449142,354.12646484375
ariad,10000,32,0,365,0.00018208498659078032,0.942459375,0.9574375,320000,1440000,1760000,144.0,1413120000,0.008125399999698857,0.004695900000115216,354.12646484375
ariad,10000,32,0,366,0.00018207983521278948,0.9424875,0.957478125,320000,1440000,1760000,144.0,1413120000,0.0077214000002641114,0.0049956000002566725,354.12646484375
ariad,10000,32,0,367,0.0001820727193262428,0.942515625,0.957534375,320000,1440000,1760000,144.0,1413120000,0.007349399999839079,0.004650199999559845,354.12646484375
ariad,10000,32,0,368,0.0001820674369810149,0.942546875,0.957584375,320000,1440000,1760000,144.0,1413120000,0.007219500000246626,0.004540800000540912,354.12646484375
ariad,10000,32,0,369,0.00018206318782176822,0.94259375,0.957646875,320000,1440000,1760000,144.0,1413120000,0.007440299999871058,0.0045806999996784725,354.12646484375
ariad,10000,32,0,370,0.00018204857769887894,0.9426125,0.95768125,320000,1440000,1760000,144.0,1413120000,0.007325900000068941,0.004644599999664933,354.12646484375
ariad,10000,32,0,371,0.00018204707885161042,0.942628125,0.957709375,320000,1440000,1760000,144.0,1413120000,0.007401900000331807,0.004731099999844446,354.12646484375
ariad,10000,32,0,372,0.00018204603111371398,0.9426375,0.957728125,320000,1440000,1760000,144.0,1413120000,0.007383199999821954,0.004711399999905552,354.12646484375
ariad,10000,32,0,373,0.0001820454781409353,0.942675,0.95775,320000,1440000,1760000,144.0,1413120000,0.008244399999966845,0.004841799999667273,354.12646484375
ariad,10000,32,0,374,0.00018204677326139063,0.942715625,0.95779375,320000,1440000,1760000,144.0,1413120000,0.0075730999997176696,0.004830900000342808,354.12646484375
ariad,10000,32,0,375,0.00018204643856734037,0.94274375,0.957834375,320000,1440000,1760000,144.0,1413120000,0.007355200000347395,0.004662399999688205,354.12646484375
ariad,10000,32,0,376,0.0001820372708607465,0.94276875,0.957865625,320000,1440000,1760000,144.0,1413120000,0.007630100000824314,0.004698300000200106,354.12646484375
ariad,10000,32,0,377,0.00018203479703515768,0.9428,0.9579,320000,1440000,1760000,144.0,1413120000,0.007371200000306999,0.0046544999995603575,354.12646484375
ariad,10000,32,0,378,0.0001820405013859272,0.94283125,0.95794375,320000,1440000,1760000,144.0,1413120000,0.007438399999955436,0.0047921000004862435,354.12646484375
ariad,10000,32,0,379,0.000182037110789679,0.9428625,0.957990625,320000,1440000,1760000,144.0,1413120000,0.007368599999608705,0.004722600000604871,354.12646484375
ariad,10000,32,0,380,0.00018202836508862674,0.942896875,0.958028125,320000,1440000,1760000,144.0,1413120000,0.007416099999318249,0.004736599999887403,354.12646484375
ariad,10000,32,0,381,0.00018202255887445062,0.942921875,0.958059375,320000,1440000,1760000,144.0,1413120000,0.007435099999383965,0.004662000000280386,354.12646484375
ariad,10000,32,0,382,0.00018202338833361864,0.94296875,0.958121875,320000,1440000,1760000,144.0,1413120000,0.007400600000437407,0.004681499999605876,354.12646484375
ariad,10000,32,0,383,0.00018201486091129482,0.94301875,0.958196875,320000,1440000,1760000,144.0,1413120000,0.007318900000427675,0.00462119999974675,354.12646484375
ariad,10000,32,0,384,0.00018200640624854714,0.943071875,0.958234375,320000,1440000,1760000,144.0,1413120000,0.00742179999997461,0.004761700000017299,354.12646484375
ariad,10000,32,0,385,0.00018200324848294258,0.943096875,0.958278125,320000,1440000,1760000,144.0,1413120000,0.007401800000479852,0.004750499999317981,354.12646484375
ariad,10000,32,0,386,0.00018199579790234566,0.943146875,0.958321875,320000,1440000,1760000,144.0,1413120000,0.007257500000378059,0.00461769999947137,354.12646484375
ariad,10000,32,0,387,0.00018198200268670917,0.943190625,0.958371875,320000,1440000,1760000,144.0,1413120000,0.007420599999932165,0.004691099999945436,354.12646484375
ariad,10000,32,0,388,0.00018198072211816907,0.943209375,0.95839375,320000,1440000,1760000,144.0,1413120000,0.0073374999992665835,0.004642000000785629,354.12646484375
ariad,10000,32,0,389,0.0001819695607991889,0.943253125,0.958434375,320000,1440000,1760000,144.0,1413120000,0.00737829999980022,0.004650500000025204,354.12646484375
ariad,10000,32,0,390,0.0001819674507714808,0.94326875,0.958478125,320000,1440000,1760000,144.0,1413120000,0.007411300000057963,0.0046868999997968785,354.12646484375
ariad,10000,32,0,391,0.00018196723249275237,0.943290625,0.95853125,320000,1440000,1760000,144.0,1413120000,0.007422399999995832,0.004709099999672617,354.12646484375
ariad,10000,32,0,392,0.00018196336168330163,0.943328125,0.958584375,320000,1440000,1760000,144.0,1413120000,0.0075667999999495805,0.004869200000030105,354.12646484375
ariad,10000,32,0,393,0.00018195841403212398,0.943353125,0.958609375,320000,1440000,1760000,144.0,1413120000,0.007448000000294996,0.004756499999530206,354.12646484375
ariad,10000,32,0,394,0.00018195559096056968,0.94335625,0.9586375,320000,1440000,1760000,144.0,1413120000,0.007449499999893305,0.00476509999953123,354.12646484375
ariad,10000,32,0,395,0.0001819528843043372,0.943375,0.958665625,320000,1440000,1760000,144.0,1413120000,0.0073216999999203836,0.004647799999474955,354.12646484375
ariad,10000,32,0,396,0.000181952171260491,0.943403125,0.9587,320000,1440000,1760000,144.0,1413120000,0.007349700000304438,0.0047088999999687076,354.12646484375
ariad,10000,32,0,397,0.00018194828589912504,0.943425,0.958721875,320000,1440000,1760000,144.0,1413120000,0.007342100000641949,0.0046636999995826045,354.12646484375
ariad,10000,32,0,398,0.00018194731092080474,0.943453125,0.958759375,320000,1440000,1760000,144.0,1413120000,0.0073023999993893085,0.004681299999901967,354.12646484375
ariad,10000,32,0,399,0.0001819456520024687,0.9434875,0.958784375,320000,1440000,1760000,144.0,1413120000,0.00731050000013056,0.004619400000592577,354.12646484375
ariad,10000,32,0,400,0.0001819436001824215,0.943509375,0.95880625,320000,1440000,1760000,144.0,1413120000,0.008209599999645434,0.005441100000098231,354.12646484375
ariad,10000,32,0,401,0.00018194131553173065,0.943525,0.958828125,320000,1440000,1760000,144.0,1413120000,0.00770009999996546,0.004701800000475487,354.12646484375
ariad,10000,32,0,402,0.00018193991854786873,0.9435375,0.9588375,320000,1440000,1760000,144.0,1413120000,0.007550600000286067,0.004633600000488514,354.12646484375
ariad,10000,32,0,403,0.00018194220319855958,0.943546875,0.958859375,320000,1440000,1760000,144.0,1413120000,0.007456199999978708,0.004765199999383185,354.12646484375
ariad,10000,32,0,404,0.0001819376484490931,0.94358125,0.95890625,320000,1440000,1760000,144.0,1413120000,0.007395499999802269,0.004724999999780266,354.12646484375
ariad,10000,32,0,405,0.00018192906281910837,0.943634375,0.958978125,320000,1440000,1760000,144.0,1413120000,0.007355499999903259,0.004671300000154588,354.12646484375
ariad,10000,32,0,406,0.00018192865536548197,0.9436625,0.959021875,320000,1440000,1760000,144.0,1413120000,0.007317200000215962,0.004674400000112655,354.12646484375
ariad,10000,32,0,407,0.0001819250755943358,0.94370625,0.9590625,320000,1440000,1760000,144.0,1413120000,0.007267400000273483,0.004601899999215675,354.12646484375
ariad,10000,32,0,408,0.00018191665003541857,0.943753125,0.959115625,320000,1440000,1760000,144.0,1413120000,0.007316799999898649,0.004587100000208011,354.12646484375
ariad,10000,32,0,409,0.0001819160534068942,0.943784375,0.9591625,320000,1440000,1760000,144.0,1413120000,0.007532499999797437,0.00482689999989816,354.12646484375
ariad,10000,32,0,410,0.00018191417620982975,0.943834375,0.959225,320000,1440000,1760000,144.0,1413120000,0.007313899999644491,0.004648099999940314,354.12646484375
ariad,10000,32,0,411,0.00018190743867307901,0.94386875,0.95926875,320000,1440000,1760000,144.0,1413120000,0.007363099999565748,0.004710499999418971,354.12646484375
ariad,10000,32,0,412,0.00018190428090747446,0.943896875,0.9593,320000,1440000,1760000,144.0,1413120000,0.007336699999541452,0.0046663000002808985,354.12646484375
ariad,10000,32,0,413,0.00018190144328400493,0.9439125,0.959328125,320000,1440000,1760000,144.0,1413120000,0.007381200000054378,0.004703300000073796,354.12646484375
ariad,10000,32,0,414,0.00018189172260463238,0.943934375,0.95938125,320000,1440000,1760000,144.0,1413120000,0.007347499999923457,0.00470339999992575,354.12646484375
ariad,10000,32,0,415,0.00018188334070146084,0.943975,0.959434375,320000,1440000,1760000,144.0,1413120000,0.007493899999644782,0.004803199999514618,354.12646484375
ariad,10000,32,0,416,0.00018187797104474157,0.944003125,0.95944375,320000,1440000,1760000,144.0,1413120000,0.007395099999484955,0.004711300000053598,354.12646484375
ariad,10000,32,0,417,0.0001818807504605502,0.94403125,0.959471875,320000,1440000,1760000,144.0,1413120000,0.007394399999611778,0.004700100000263774,354.12646484375
ariad,10000,32,0,418,0.00018187894602306187,0.944059375,0.9595,320000,1440000,1760000,144.0,1413120000,0.007616900000357418,0.004894900000181224,354.12646484375
ariad,10000,32,0,419,0.0001818709570216015,0.944084375,0.959540625,320000,1440000,1760000,144.0,1413120000,0.007484499999918626,0.004803599999831931,354.12646484375
ariad,10000,32,0,420,0.00018186512170359492,0.944125,0.9596,320000,1440000,1760000,144.0,1413120000,0.007377100000667269,0.004668100000344566,354.12646484375
ariad,10000,32,0,421,0.0001818628516048193,0.94413125,0.959615625,320000,1440000,1760000,144.0,1413120000,0.007426000000123167,0.004710100000011153,354.12646484375
ariad,10000,32,0,422,0.0001818625460145995,0.9441625,0.959646875,320000,1440000,1760000,144.0,1413120000,0.007322800000110874,0.0046835000002829474,354.12646484375
ariad,10000,32,0,423,0.00018186063971370459,0.9442,0.95968125,320000,1440000,1760000,144.0,1413120000,0.007334199999604607,0.004644999999982247,354.12646484375
ariad,10000,32,0,424,0.00018186042143497616,0.9442125,0.9597125,320000,1440000,1760000,144.0,1413120000,0.007399000000077649,0.0047168999999485095,354.12646484375
ariad,10000,32,0,425,0.00018185908265877515,0.9442375,0.95978125,320000,1440000,1760000,144.0,1413120000,0.008149300000695803,0.004793099999915285,354.12646484375
ariad,10000,32,0,426,0.00018185176304541528,0.944278125,0.95981875,320000,1440000,1760000,144.0,1413120000,0.007475200000044424,0.004753399999572139,354.12646484375
ariad,10000,32,0,427,0.00018184717919211835,0.9443125,0.95985625,320000,1440000,1760000,144.0,1413120000,0.007403500000691565,0.0047026000002006185,354.12646484375
ariad,10000,32,0,428,0.0001818435121094808,0.944353125,0.959884375,320000,1440000,1760000,144.0,1413120000,0.007314399999813759,0.004660399999920628,354.12646484375
ariad,10000,32,0,429,0.00018183670181315392,0.94438125,0.95993125,320000,1440000,1760000,144.0,1413120000,0.007317900000089139,0.0046406999999817344,354.12646484375
ariad,10000,32,0,430,0.00018183173961006105,0.94440625,0.95996875,320000,1440000,1760000,144.0,1413120000,0.007324799999878451,0.004631899999367306,354.12646484375
ariad,10000,32,0,431,0.00018182990606874228,0.94445,0.960021875,320000,1440000,1760000,144.0,1413120000,0.008070599999882688,0.005351300000256742,354.12646484375
ariad,10000,32,0,432,0.00018182503117714077,0.944471875,0.96005,320000,1440000,1760000,144.0,1413120000,0.007380400000329246,0.004736999999295222,354.12646484375
ariad,10000,32,0,433,0.00018181731866206974,0.9444875,0.96009375,320000,1440000,1760000,144.0,1413120000,0.007330099999308004,0.004659199999878183,354.12646484375
ariad,10000,32,0,434,0.00018180841288994998,0.9445125,0.96014375,320000,1440000,1760000,144.0,1413120000,0.0073103000004266505,0.00466469999992114,354.12646484375
ariad,10000,32,0,435,0.00018180697225034237,0.944546875,0.960159375,320000,1440000,1760000,144.0,1413120000,0.007347200000367593,0.004695300000093994,354.12646484375
ariad,10000,32,0,436,0.00018180249026045203,0.944571875,0.960190625,320000,1440000,1760000,144.0,1413120000,0.00733589999981632,0.004662500000449654,354.12646484375
ariad,10000,32,0,437,0.00018179793551098555,0.9446,0.96021875,320000,1440000,1760000,144.0,1413120000,0.007575200000246696,0.004631800000424846,354.12646484375
ariad,10000,32,0,438,0.0001817817537812516,0.94463125,0.960259375,320000,1440000,1760000,144.0,1413120000,0.0073394000000917,0.004634599999917555,354.12646484375
ariad,10000,32,0,439,0.00018178133177571,0.94466875,0.96030625,320000,1440000,1760000,144.0,1413120000,0.007352399999945192,0.0046595999992860015,354.12646484375
ariad,10000,32,0,440,0.0001817727170418948,0.944715625,0.960371875,320000,1440000,1760000,144.0,1413120000,0.007340500000282191,0.004682299999331008,354.12646484375
ariad,10000,32,0,441,0.00018177057791035622,0.944753125,0.960425,320000,1440000,1760000,144.0,1413120000,0.007396199999675446,0.004715500000202155,354.12646484375
ariad,10000,32,0,442,0.00018175526929553598,0.944796875,0.960484375,320000,1440000,1760000,144.0,1413120000,0.007360800000242307,0.004702199999883305,354.12646484375
ariad,10000,32,0,443,0.0001817439479054883,0.94484375,0.960515625,320000,1440000,1760000,144.0,1413120000,0.00731169999926351,0.004642299999431998,354.12646484375
ariad,10000,32,0,444,0.00018174113938584924,0.944865625,0.960546875,320000,1440000,1760000,144.0,1413120000,0.008053800000197953,0.005337100000360806,354.12646484375
ariad,10000,32,0,445,0.0001817301963455975,0.944875,0.960590625,320000,1440000,1760000,144.0,1413120000,0.007365700000264042,0.004676000000472413,354.12646484375
ariad,10000,32,0,446,0.00018172938143834472,0.9449,0.9606375,320000,1440000,1760000,144.0,1413120000,0.007988100000147824,0.004656899999645248,354.12646484375
ariad,10000,32,0,447,0.0001817229058360681,0.94495,0.96068125,320000,1440000,1760000,144.0,1413120000,0.007443000000421307,0.004686799999944924,354.12646484375
ariad,10000,32,0,448,0.0001817188021959737,0.944990625,0.960734375,320000,1440000,1760000,144.0,1413120000,0.007372900000518712,0.0046704000005775015,354.12646484375
ariad,10000,32,0,449,0.00018171862757299095,0.945025,0.960771875,320000,1440000,1760000,144.0,1413120000,0.007329100000788458,0.004635899999811954,354.12646484375
ariad,10000,32,0,450,0.00018171702686231583,0.94505625,0.960796875,320000,1440000,1760000,144.0,1413120000,0.007545599999502883,0.0046677999998792075,354.12646484375
ariad,10000,32,0,451,0.0001817152660805732,0.945065625,0.96081875,320000,1440000,1760000,144.0,1413120000,0.007285800000317977,0.004625799999303126,354.12646484375
ariad,10000,32,0,452,0.000181703973794356,0.945096875,0.960853125,320000,1440000,1760000,144.0,1413120000,0.007359600000199862,0.004658999999264779,354.12646484375
ariad,10000,32,0,453,0.0001816991571104154,0.945121875,0.960896875,320000,1440000,1760000,144.0,1413120000,0.00789119999990362,0.004695999999967171,354.12646484375
ariad,10000,32,0,454,0.00018169703253079206,0.945159375,0.96094375,320000,1440000,1760000,144.0,1413120000,0.007301799999368086,0.004605500000252505,354.12646484375
ariad,10000,32,0,455,0.0001816843869164586,0.94520625,0.960990625,320000,1440000,1760000,144.0,1413120000,0.007295599999451952,0.004611000000295462,354.12646484375
ariad,10000,32,0,456,0.00018168524547945708,0.9452125,0.96101875,320000,1440000,1760000,144.0,1413120000,0.0076108000002932386,0.004731600000013714,354.12646484375
ariad,10000,32,0,457,0.00018167567031923681,0.9452375,0.961046875,320000,1440000,1760000,144.0,1413120000,0.007432100000187347,0.0047326000003522495,354.12646484375
ariad,10000,32,0,458,0.00018167286179959774,0.945265625,0.961075,320000,1440000,1760000,144.0,1413120000,0.007285599999704573,0.004598900000019057,354.12646484375
ariad,10000,32,0,459,0.00018167805683333427,0.94526875,0.96110625,320000,1440000,1760000,144.0,1413120000,0.007376200000180688,0.004722499999843421,354.12646484375
ariad,10000,32,0,460,0.0001816679141484201,0.9453,0.961146875,320000,1440000,1760000,144.0,1413120000,0.007318699999814271,0.004672000000027765,354.12646484375
ariad,10000,32,0,461,0.00018166287918575108,0.9453375,0.961196875,320000,1440000,1760000,144.0,1413120000,0.008356399999684072,0.005019700000048033,354.12646484375
ariad,10000,32,0,462,0.00018165992514695972,0.945365625,0.961246875,320000,1440000,1760000,144.0,1413120000,0.007338099999287806,0.004691099999945436,354.12646484375
ariad,10000,32,0,463,0.00018165452638641,0.945390625,0.961278125,320000,1440000,1760000,144.0,1413120000,0.007298099999388796,0.004636300000129268,354.12646484375
ariad,10000,32,0,464,0.0001816379517549649,0.945415625,0.96130625,320000,1440000,1760000,144.0,1413120000,0.007362499999544525,0.0046677999998792075,354.12646484375
ariad,10000,32,0,465,0.00018164116772823036,0.94545,0.961321875,320000,1440000,1760000,144.0,1413120000,0.00733349999973143,0.004631800000424846,354.12646484375
ariad,10000,32,0,466,0.00018163614731747657,0.945478125,0.96135625,320000,1440000,1760000,144.0,1413120000,0.0073635999997350154,0.004675799999859009,354.12646484375
ariad,10000,32,0,467,0.00018163541972171515,0.9455,0.9613875,320000,1440000,1760000,144.0,1413120000,0.007348000000092725,0.004693599999882281,354.12646484375
ariad,10000,32,0,468,0.000181627954589203,0.94554375,0.96143125,320000,1440000,1760000,144.0,1413120000,0.007308299999749579,0.00461390000054962,354.12646484375
ariad,10000,32,0,469,0.00018161922344006598,0.945565625,0.9614625,320000,1440000,1760000,144.0,1413120000,0.007346200000029057,0.004651499999454245,354.12646484375
ariad,10000,32,0,470,0.00018161804473493248,0.94558125,0.961490625,320000,1440000,1760000,144.0,1413120000,0.008121799999571522,0.00541849999990518,354.12646484375
ariad,10000,32,0,471,0.00018161408661399037,0.945621875,0.96153125,320000,1440000,1760000,144.0,1413120000,0.0072713999998086365,0.004625699999451172,354.12646484375
ariad,10000,32,0,472,0.00018161727348342538,0.945659375,0.96156875,320000,1440000,1760000,144.0,1413120000,0.00736250000045402,0.0047263000005841604,354.12646484375
ariad,10000,32,0,473,0.00018161740445066243,0.945684375,0.961603125,320000,1440000,1760000,144.0,1413120000,0.007420099999762897,0.00474209999993036,354.12646484375
ariad,10000,32,0,474,0.00018161391199100763,0.945709375,0.961634375,320000,1440000,1760000,144.0,1413120000,0.0073909000002458924,0.00469989999965037,354.12646484375
ariad,10000,32,0,475,0.00018161576008424163,0.94573125,0.961671875,320000,1440000,1760000,144.0,1413120000,0.007410500000332831,0.0047195000006468035,354.12646484375
ariad,10000,32,0,476,0.00018157281738240272,0.94576875,0.961715625,320000,1440000,1760000,144.0,1413120000,0.007353300000431773,0.004656999999497202,354.12646484375
ariad,10000,32,0,477,0.00018156472651753575,0.945803125,0.961765625,320000,1440000,1760000,144.0,1413120000,0.007369900000412599,0.004685099999733211,354.12646484375
ariad,10000,32,0,478,0.00018156437727157027,0.9458125,0.9617875,320000,1440000,1760000,144.0,1413120000,0.007430999999996857,0.004739299999528157,354.12646484375
ariad,10000,32,0,479,0.00018155862926505506,0.94584375,0.96180625,320000,1440000,1760000,144.0,1413120000,0.007747200000267185,0.004809699999896111,354.12646484375
ariad,10000,32,0,480,0.00018155552970711142,0.945859375,0.9618375,320000,1440000,1760000,144.0,1413120000,0.007386000000224158,0.004707600000074308,354.12646484375
ariad,10000,32,0,481,0.00018155582074541599,0.945871875,0.96185,320000,1440000,1760000,144.0,1413120000,0.007274100000358885,0.00463339999987511,354.12646484375
ariad,10000,32,0,482,0.00018155363795813173,0.94589375,0.961890625,320000,1440000,1760000,144.0,1413120000,0.007216400000288559,0.004565999999613268,354.12646484375
ariad,10000,32,0,483,0.00018155232828576118,0.945921875,0.961928125,320000,1440000,1760000,144.0,1413120000,0.007353499999226187,0.004685899999458343,354.12646484375
ariad,10000,32,0,484,0.00018155283760279417,0.94594375,0.961971875,320000,1440000,1760000,144.0,1413120000,0.007287800000085554,0.004605699999956414,354.12646484375
ariad,10000,32,0,485,0.00018154975259676576,0.94598125,0.962,320000,1440000,1760000,144.0,1413120000,0.0073287000004711444,0.004691599999205209,354.12646484375
ariad,10000,32,0,486,0.00018154837016481906,0.94600625,0.9620375,320000,1440000,1760000,144.0,1413120000,0.007353200000579818,0.00469859999975597,354.12646484375
ariad,10000,32,0,487,0.00018153947894461453,0.9460375,0.962075,320000,1440000,1760000,144.0,1413120000,0.007357299999966926,0.0046793999999863445,354.12646484375
ariad,10000,32,0,488,0.00018153047130908817,0.946059375,0.962125,320000,1440000,1760000,144.0,1413120000,0.007345699999859789,0.0046752999996897415,354.12646484375
ariad,10000,32,0,489,0.00018152629490941763,0.94608125,0.96215,320000,1440000,1760000,144.0,1413120000,0.00743629999942641,0.004718400000456313,354.12646484375
ariad,10000,32,0,490,0.00018152216216549277,0.9461,0.962165625,320000,1440000,1760000,144.0,1413120000,0.007414800000333344,0.004765199999383185,354.12646484375
ariad,10000,32,0,491,0.00018152310803998262,0.946109375,0.96221875,320000,1440000,1760000,144.0,1413120000,0.007240599999931874,0.0045946999998705,354.12646484375
ariad,10000,32,0,492,0.0001815192517824471,0.9461375,0.962265625,320000,1440000,1760000,144.0,1413120000,0.009973899999749847,0.007312200000342273,354.12646484375
ariad,10000,32,0,493,0.00018151347467210144,0.946171875,0.962296875,320000,1440000,1760000,144.0,1413120000,0.0074424000004000845,0.0047609999992346275,354.12646484375
ariad,10000,32,0,494,0.0001815122814150527,0.946203125,0.962346875,320000,1440000,1760000,144.0,1413120000,0.007704099999500613,0.0047439999998459825,354.12646484375
ariad,10000,32,0,495,0.00018150854157283902,0.9462375,0.962378125,320000,1440000,1760000,144.0,1413120000,0.0078038999999989755,0.004698499999904016,354.12646484375
ariad,10000,32,0,496,0.00018149348034057766,0.94626875,0.962415625,320000,1440000,1760000,144.0,1413120000,0.008082000000285916,0.005364600000575592,354.12646484375
ariad,10000,32,0,497,0.00018148872186429799,0.9462875,0.962465625,320000,1440000,1760000,144.0,1413120000,0.007428799999615876,0.004727399999865156,354.12646484375
ariad,10000,32,0,498,0.0001814872375689447,0.9463,0.9624875,320000,1440000,1760000,144.0,1413120000,0.0074153000005026115,0.0047439999998459825,354.12646484375
ariad,10000,32,0,499,0.00018148732488043606,0.94633125,0.96254375,320000,1440000,1760000,144.0,1413120000,0.007286700000804558,0.004622399999789195,354.12646484375
ariad,10000,32,0,500,0.000181484516360797,0.94636875,0.962578125,320000,1440000,1760000,144.0,1413120000,0.007432899999912479,0.004712599999947997,354.12646484375
