method,n,k,seed,epoch,mse,teacher_match,match_exhaustive,attn_scores,search_scores,total_scores,c_scored,est_flops,step_time_s,search_time_s,peak_mem_mb
dense,1008,32,0,1,0.12558962404727936,0.27883184523809523,1.0,1016064,0,1016064,0.0,879427584,0.2558349000000817,0.0,35.001953125
dense,1008,32,0,2,0.10970485210418701,0.2464657738095238,1.0,1016064,0,1016064,0.0,879427584,0.0012599000001500826,0.0,35.126953125
dense,1008,32,0,3,0.10323536396026611,0.21977306547619047,1.0,1016064,0,1016064,0.0,879427584,0.0008308999995279009,0.0,35.126953125
dense,1008,32,0,4,0.09992977231740952,0.1995907738095238,1.0,1016064,0,1016064,0.0,879427584,0.0007441999996444792,0.0,35.126953125
dense,1008,32,0,5,0.09786248207092285,0.1879340277777778,1.0,1016064,0,1016064,0.0,879427584,0.0008795000003374298,0.0,35.126953125
dense,1008,32,0,6,0.09629029780626297,0.18226066468253968,1.0,1016064,0,1016064,0.0,879427584,0.000750299999708659,0.0,35.126953125
dense,1008,32,0,7,0.09488832950592041,0.18334573412698413,1.0,1016064,0,1016064,0.0,879427584,0.0007857000000512926,0.0,35.126953125
dense,1008,32,0,8,0.09351097792387009,0.18994915674603174,1.0,1016064,0,1016064,0.0,879427584,0.0008215999996536993,0.0,35.126953125
dense,1008,32,0,9,0.09208931028842926,0.20262896825396826,1.0,1016064,0,1016064,0.0,879427584,0.0008297000003949506,0.0,35.126953125
dense,1008,32,0,10,0.09057247638702393,0.21875,1.0,1016064,0,1016064,0.0,879427584,0.0007384000000456581,0.0,35.126953125
dense,1008,32,0,11,0.08895176649093628,0.2386532738095238,1.0,1016064,0,1016064,0.0,879427584,0.0008220000008805073,0.0,35.126953125
dense,1008,32,0,12,0.08729907125234604,0.2604166666666667,1.0,1016064,0,1016064,0.0,879427584,0.0008920999998736079,0.0,35.126953125
dense,1008,32,0,13,0.08568089455366135,0.28348214285714285,1.0,1016064,0,1016064,0.0,879427584,0.00083710000035353,0.0,35.126953125
dense,1008,32,0,14,0.084074966609478,0.30744667658730157,1.0,1016064,0,1016064,0.0,879427584,0.0008135999996738974,0.0,35.126953125
dense,1008,32,0,15,0.08239186555147171,0.3306671626984127,1.0,1016064,0,1016064,0.0,879427584,0.0007695000003877794,0.0,35.126953125
dense,1008,32,0,16,0.08058186620473862,0.3517795138888889,1.0,1016064,0,1016064,0.0,879427584,0.0007777000000714906,0.0,35.126953125
dense,1008,32,0,17,0.07869058102369308,0.3702256944444444,1.0,1016064,0,1016064,0.0,879427584,0.000785600000199338,0.0,35.126953125
dense,1008,32,0,18,0.07678578048944473,0.38588169642857145,1.0,1016064,0,1016064,0.0,879427584,0.0008293000000776374,0.0,35.126953125
dense,1008,32,0,19,0.07491689175367355,0.3994295634920635,1.0,1016064,0,1016064,0.0,879427584,0.0008695000005900511,0.0,35.126953125
dense,1008,32,0,20,0.0731441006064415,0.41127232142857145,1.0,1016064,0,1016064,0.0,879427584,0.000794300000052317,0.0,35.126953125
dense,1008,32,0,21,0.07149315625429153,0.4224020337301587,1.0,1016064,0,1016064,0.0,879427584,0.0009001999997053645,0.0,35.126953125
dense,1008,32,0,22,0.06988196074962616,0.43232266865079366,1.0,1016064,0,1016064,0.0,879427584,0.0008393000007345108,0.0,35.126953125
dense,1008,32,0,23,0.06824436038732529,0.4428323412698413,1.0,1016064,0,1016064,0.0,879427584,0.0007645000005140901,0.0,35.126953125
dense,1008,32,0,24,0.06659874320030212,0.45287698412698413,1.0,1016064,0,1016064,0.0,879427584,0.0007571999994979706,0.0,35.126953125
dense,1008,32,0,25,0.06498754769563675,0.4639756944444444,1.0,1016064,0,1016064,0.0,879427584,0.0008379000000786618,0.0,35.126953125
dense,1008,32,0,26,0.06342663615942001,0.4735243055555556,1.0,1016064,0,1016064,0.0,879427584,0.0007516000005125534,0.0,35.126953125
dense,1008,32,0,27,0.06188180297613144,0.4807787698412698,1.0,1016064,0,1016064,0.0,879427584,0.0007599999999001739,0.0,35.126953125
dense,1008,32,0,28,0.06033962592482567,0.4877542162698413,1.0,1016064,0,1016064,0.0,879427584,0.0007331999995585647,0.0,35.126953125
dense,1008,32,0,29,0.058829132467508316,0.49308655753968256,1.0,1016064,0,1016064,0.0,879427584,0.0008791000000201166,0.0,35.126953125
dense,1008,32,0,30,0.057377565652132034,0.49724082341269843,1.0,1016064,0,1016064,0.0,879427584,0.000770100000409002,0.0,35.126953125
dense,1008,32,0,31,0.05597422271966934,0.501922123015873,1.0,1016064,0,1016064,0.0,879427584,0.0007983000004969654,0.0,35.126953125
dense,1008,32,0,32,0.05462116375565529,0.5066344246031746,1.0,1016064,0,1016064,0.0,879427584,0.0007353999999395455,0.0,35.126953125
dense,1008,32,0,33,0.05333944782614708,0.5122457837301587,1.0,1016064,0,1016064,0.0,879427584,0.0015812999999980093,0.0,35.126953125
dense,1008,32,0,34,0.05209290608763695,0.5161830357142857,1.0,1016064,0,1016064,0.0,879427584,0.0009139999992839876,0.0,35.126953125
dense,1008,32,0,35,0.050859056413173676,0.5198102678571429,1.0,1016064,0,1016064,0.0,879427584,0.0007709000001341337,0.0,35.126953125
dense,1008,32,0,36,0.04968172684311867,0.5236855158730159,1.0,1016064,0,1016064,0.0,879427584,0.0007475000002159504,0.0,35.126953125
dense,1008,32,0,37,0.04856429994106293,0.5276847718253969,1.0,1016064,0,1016064,0.0,879427584,0.0009171000001515495,0.0,35.126953125
dense,1008,32,0,38,0.04747845232486725,0.5318700396825397,1.0,1016064,0,1016064,0.0,879427584,0.0007131000002118526,0.0,35.126953125
dense,1008,32,0,39,0.0464385561645031,0.5362413194444444,1.0,1016064,0,1016064,0.0,879427584,0.0007385999997495674,0.0,35.126953125
dense,1008,32,0,40,0.04546814411878586,0.5397755456349206,1.0,1016064,0,1016064,0.0,879427584,0.0008496999998897081,0.0,35.126953125
dense,1008,32,0,41,0.044544145464897156,0.5441778273809523,1.0,1016064,0,1016064,0.0,879427584,0.0007078999997247593,0.0,35.126953125
dense,1008,32,0,42,0.04363742843270302,0.5474950396825397,1.0,1016064,0,1016064,0.0,879427584,0.0007396999999400578,0.0,35.126953125
dense,1008,32,0,43,0.04275987669825554,0.5510602678571429,1.0,1016064,0,1016064,0.0,879427584,0.0007176999997682287,0.0,35.126953125
dense,1008,32,0,44,0.04193214699625969,0.5539124503968254,1.0,1016064,0,1016064,0.0,879427584,0.0012113000002500485,0.0,35.126953125
dense,1008,32,0,45,0.04114682599902153,0.5567336309523809,1.0,1016064,0,1016064,0.0,879427584,0.0007808999998815125,0.0,35.126953125
dense,1008,32,0,46,0.040387313812971115,0.5603298611111112,1.0,1016064,0,1016064,0.0,879427584,0.0007212999998955638,0.0,35.126953125
dense,1008,32,0,47,0.03965921327471733,0.5630890376984127,1.0,1016064,0,1016064,0.0,879427584,0.0007235000002765446,0.0,35.126953125
dense,1008,32,0,48,0.03896806761622429,0.5652591765873016,1.0,1016064,0,1016064,0.0,879427584,0.0008093999995253398,0.0,35.126953125
dense,1008,32,0,49,0.03830709308385849,0.5680183531746031,1.0,1016064,0,1016064,0.0,879427584,0.000956400000177382,0.0,35.126953125
dense,1008,32,0,50,0.03767770528793335,0.5704055059523809,1.0,1016064,0,1016064,0.0,879427584,0.0008312999998452142,0.0,35.126953125
dense,1008,32,0,51,0.037079714238643646,0.5723896329365079,1.0,1016064,0,1016064,0.0,879427584,0.0007252000004882575,0.0,35.126953125
dense,1008,32,0,52,0.036506086587905884,0.5746837797619048,1.0,1016064,0,1016064,0.0,879427584,0.0007118000003174529,0.0,35.126953125
dense,1008,32,0,53,0.03595450893044472,0.5770089285714286,1.0,1016064,0,1016064,0.0,879427584,0.0008087999995041173,0.0,35.126953125
dense,1008,32,0,54,0.03542434051632881,0.5798301091269841,1.0,1016064,0,1016064,0.0,879427584,0.0007450000002791057,0.0,35.126953125
dense,1008,32,0,55,0.03491295874118805,0.5819072420634921,1.0,1016064,0,1016064,0.0,879427584,0.0007341999998971005,0.0,35.126953125
dense,1008,32,0,56,0.03441943973302841,0.5842013888888888,1.0,1016064,0,1016064,0.0,879427584,0.0007448999995176564,0.0,35.126953125
dense,1008,32,0,57,0.03394289314746857,0.5860925099206349,1.0,1016064,0,1016064,0.0,879427584,0.0008629000003566034,0.0,35.126953125
dense,1008,32,0,58,0.03348224610090256,0.587952628968254,1.0,1016064,0,1016064,0.0,879427584,0.0007950999997774488,0.0,35.126953125
dense,1008,32,0,59,0.03303639590740204,0.5892547123015873,1.0,1016064,0,1016064,0.0,879427584,0.0007430000005115289,0.0,35.126953125
dense,1008,32,0,60,0.03260234370827675,0.5913008432539683,1.0,1016064,0,1016064,0.0,879427584,0.0007899000001998502,0.0,35.126953125
dense,1008,32,0,61,0.032180093228816986,0.593781001984127,1.0,1016064,0,1016064,0.0,879427584,0.0008975999999165651,0.0,35.126953125
dense,1008,32,0,62,0.031770482659339905,0.5953000992063492,1.0,1016064,0,1016064,0.0,879427584,0.0008146000000124332,0.0,35.126953125
dense,1008,32,0,63,0.03136974573135376,0.597625248015873,1.0,1016064,0,1016064,0.0,879427584,0.0007337999995797873,0.0,35.126953125
dense,1008,32,0,64,0.030977338552474976,0.5990823412698413,1.0,1016064,0,1016064,0.0,879427584,0.000692200000230514,0.0,35.126953125
dense,1008,32,0,65,0.030594179406762123,0.6002914186507936,1.0,1016064,0,1016064,0.0,879427584,0.000767200000154844,0.0,35.126953125
dense,1008,32,0,66,0.03021490015089512,0.6018725198412699,1.0,1016064,0,1016064,0.0,879427584,0.000863299999764422,0.0,35.126953125
dense,1008,32,0,67,0.02983948402106762,0.6030815972222222,1.0,1016064,0,1016064,0.0,879427584,0.0007358000002568588,0.0,35.126953125
dense,1008,32,0,68,0.029471755027770996,0.6050967261904762,1.0,1016064,0,1016064,0.0,879427584,0.0007171999995989609,0.0,35.126953125
dense,1008,32,0,69,0.029108399525284767,0.6068018353174603,1.0,1016064,0,1016064,0.0,879427584,0.0006970000004002941,0.0,35.126953125
dense,1008,32,0,70,0.028747770935297012,0.6082279265873016,1.0,1016064,0,1016064,0.0,879427584,0.0008375000006708433,0.0,35.126953125
dense,1008,32,0,71,0.028391007333993912,0.6090029761904762,1.0,1016064,0,1016064,0.0,879427584,0.0008105999995677848,0.0,35.126953125
dense,1008,32,0,72,0.028036000207066536,0.6106150793650794,1.0,1016064,0,1016064,0.0,879427584,0.0007384999998976127,0.0,35.126953125
dense,1008,32,0,73,0.027681661769747734,0.6117311507936508,1.0,1016064,0,1016064,0.0,879427584,0.0007262000008267933,0.0,35.126953125
dense,1008,32,0,74,0.02732887491583824,0.613219246031746,1.0,1016064,0,1016064,0.0,879427584,0.000741399999242276,0.0,35.126953125
dense,1008,32,0,75,0.026977242901921272,0.6148623511904762,1.0,1016064,0,1016064,0.0,879427584,0.0008529000006092247,0.0,35.126953125
dense,1008,32,0,76,0.026625510305166245,0.6156684027777778,1.0,1016064,0,1016064,0.0,879427584,0.0008108000001811888,0.0,35.126953125
dense,1008,32,0,77,0.026273570954799652,0.6170324900793651,1.0,1016064,0,1016064,0.0,879427584,0.000719500000741391,0.0,35.126953125
dense,1008,32,0,78,0.025921577587723732,0.6178385416666666,1.0,1016064,0,1016064,0.0,879427584,0.0007047000008242321,0.0,35.126953125
dense,1008,32,0,79,0.02556902915239334,0.6185515873015873,1.0,1016064,0,1016064,0.0,879427584,0.0013216999996075174,0.0,35.126953125
dense,1008,32,0,80,0.02521517500281334,0.6201946924603174,1.0,1016064,0,1016064,0.0,879427584,0.0008637999999336898,0.0,35.126953125
dense,1008,32,0,81,0.024859562516212463,0.6209077380952381,1.0,1016064,0,1016064,0.0,879427584,0.0007301999994524522,0.0,35.126953125
dense,1008,32,0,82,0.02450159378349781,0.6214347718253969,1.0,1016064,0,1016064,0.0,879427584,0.0008036999997784733,0.0,35.126953125
dense,1008,32,0,83,0.024140948429703712,0.6220858134920635,1.0,1016064,0,1016064,0.0,879427584,0.0010849999998754356,0.0,35.126953125
dense,1008,32,0,84,0.023777028545737267,0.6227058531746031,1.0,1016064,0,1016064,0.0,879427584,0.0006980999996812898,0.0,35.126953125
dense,1008,32,0,85,0.023409226909279823,0.6236049107142857,1.0,1016064,0,1016064,0.0,879427584,0.0007123999994291808,0.0,35.126953125
dense,1008,32,0,86,0.02303721196949482,0.6245659722222222,1.0,1016064,0,1016064,0.0,879427584,0.0007795000001351582,0.0,35.126953125
dense,1008,32,0,87,0.022660396993160248,0.6254030257936508,1.0,1016064,0,1016064,0.0,879427584,0.0008281000000351924,0.0,35.126953125
dense,1008,32,0,88,0.02227836661040783,0.6274801587301587,1.0,1016064,0,1016064,0.0,879427584,0.0007734000000709784,0.0,35.126953125
dense,1008,32,0,89,0.021890072152018547,0.6281622023809523,1.0,1016064,0,1016064,0.0,879427584,0.0007384000000456581,0.0,35.126953125
dense,1008,32,0,90,0.021495096385478973,0.6297743055555556,1.0,1016064,0,1016064,0.0,879427584,0.0007843000003049383,0.0,35.126953125
dense,1008,32,0,91,0.02109314687550068,0.6313244047619048,1.0,1016064,0,1016064,0.0,879427584,0.002443899999889254,0.0,35.126953125
dense,1008,32,0,92,0.020683731883764267,0.6324404761904762,1.0,1016064,0,1016064,0.0,879427584,0.000785600000199338,0.0,35.126953125
dense,1008,32,0,93,0.020266495645046234,0.6337735615079365,1.0,1016064,0,1016064,0.0,879427584,0.0007272000002558343,0.0,35.126953125
dense,1008,32,0,94,0.019841283559799194,0.6351686507936508,1.0,1016064,0,1016064,0.0,879427584,0.0012743999996018829,0.0,35.126953125
dense,1008,32,0,95,0.01940762996673584,0.6364707341269841,1.0,1016064,0,1016064,0.0,879427584,0.0009184000000459491,0.0,35.126953125
dense,1008,32,0,96,0.01896512880921364,0.6371837797619048,1.0,1016064,0,1016064,0.0,879427584,0.0007855000003473833,0.0,35.126953125
dense,1008,32,0,97,0.018513312563300133,0.6381448412698413,1.0,1016064,0,1016064,0.0,879427584,0.0007449000004271511,0.0,35.126953125
dense,1008,32,0,98,0.01805225759744644,0.6393539186507936,1.0,1016064,0,1016064,0.0,879427584,0.0009520000003249152,0.0,35.126953125
dense,1008,32,0,99,0.01758192665874958,0.6409660218253969,1.0,1016064,0,1016064,0.0,879427584,0.0009703000005174545,0.0,35.126953125
dense,1008,32,0,100,0.01710195094347,0.6427021329365079,1.0,1016064,0,1016064,0.0,879427584,0.0007362999995166319,0.0,35.126953125
dense,1008,32,0,101,0.01661244034767151,0.6443762400793651,1.0,1016064,0,1016064,0.0,879427584,0.0007393999994746991,0.0,35.126953125
dense,1008,32,0,102,0.01611354388296604,0.6458333333333334,1.0,1016064,0,1016064,0.0,879427584,0.0008679999991727527,0.0,35.126953125
dense,1008,32,0,103,0.015605298802256584,0.6478174603174603,1.0,1016064,0,1016064,0.0,879427584,0.0007369999993898091,0.0,35.126953125
dense,1008,32,0,104,0.015088054351508617,0.6498015873015873,1.0,1016064,0,1016064,0.0,879427584,0.000716900000043097,0.0,35.126953125
dense,1008,32,0,105,0.014562387950718403,0.6511966765873016,1.0,1016064,0,1016064,0.0,879427584,0.002373900000748108,0.0,35.126953125
dense,1008,32,0,106,0.014029187150299549,0.6528707837301587,1.0,1016064,0,1016064,0.0,879427584,0.0008589000008214498,0.0,35.126953125
dense,1008,32,0,107,0.013489339500665665,0.6544518849206349,1.0,1016064,0,1016064,0.0,879427584,0.0007189999996626284,0.0,35.126953125
dense,1008,32,0,108,0.01294375117868185,0.6570560515873016,1.0,1016064,0,1016064,0.0,879427584,0.0007492999993701233,0.0,35.126953125
dense,1008,32,0,109,0.012393672950565815,0.6588231646825397,1.0,1016064,0,1016064,0.0,879427584,0.0008400999995501479,0.0,35.126953125
dense,1008,32,0,110,0.011840777471661568,0.6610243055555556,1.0,1016064,0,1016064,0.0,879427584,0.0007137000002330751,0.0,35.126953125
dense,1008,32,0,111,0.011287008412182331,0.6630704365079365,1.0,1016064,0,1016064,0.0,879427584,0.0008315999994010781,0.0,35.126953125
dense,1008,32,0,112,0.010734518989920616,0.6651475694444444,1.0,1016064,0,1016064,0.0,879427584,0.0008984999994936516,0.0,35.126953125
dense,1008,32,0,113,0.010185658931732178,0.6674417162698413,1.0,1016064,0,1016064,0.0,879427584,0.0009669999999459833,0.0,35.126953125
dense,1008,32,0,114,0.009642968885600567,0.669921875,1.0,1016064,0,1016064,0.0,879427584,0.0007845999998608022,0.0,35.126953125
dense,1008,32,0,115,0.009109175764024258,0.6723710317460317,1.0,1016064,0,1016064,0.0,879427584,0.0007675000006202026,0.0,35.126953125
dense,1008,32,0,116,0.008587026968598366,0.6752542162698413,1.0,1016064,0,1016064,0.0,879427584,0.000735999999960768,0.0,35.126953125
dense,1008,32,0,117,0.008079220540821552,0.6780133928571429,1.0,1016064,0,1016064,0.0,879427584,0.0008422999999311287,0.0,35.126953125
dense,1008,32,0,118,0.007588295731693506,0.6798425099206349,1.0,1016064,0,1016064,0.0,879427584,0.0008268999999927473,0.0,35.126953125
dense,1008,32,0,119,0.0071167307905852795,0.6813306051587301,1.0,1016064,0,1016064,0.0,879427584,0.0007757999992463738,0.0,35.126953125
dense,1008,32,0,120,0.006666753441095352,0.6831907242063492,1.0,1016064,0,1016064,0.0,879427584,0.0007353999999395455,0.0,35.126953125
dense,1008,32,0,121,0.006240156479179859,0.6858258928571429,1.0,1016064,0,1016064,0.0,879427584,0.001322999999501917,0.0,35.126953125
dense,1008,32,0,122,0.005838225595653057,0.6879960317460317,1.0,1016064,0,1016064,0.0,879427584,0.0007269999996424303,0.0,35.126953125
dense,1008,32,0,123,0.005461614113301039,0.6906001984126984,1.0,1016064,0,1016064,0.0,879427584,0.0007087000003593857,0.0,35.126953125
dense,1008,32,0,124,0.00511049572378397,0.6929253472222222,1.0,1016064,0,1016064,0.0,879427584,0.0007470000000466825,0.0,35.126953125
dense,1008,32,0,125,0.004784543067216873,0.6950334821428571,1.0,1016064,0,1016064,0.0,879427584,0.0025233000005755457,0.0,35.126953125
dense,1008,32,0,126,0.004483059514313936,0.6968625992063492,1.0,1016064,0,1016064,0.0,879427584,0.0008070999992924044,0.0,35.126953125
dense,1008,32,0,127,0.004204899072647095,0.699280753968254,1.0,1016064,0,1016064,0.0,879427584,0.000741099999686412,0.0,35.126953125
dense,1008,32,0,128,0.003948445897549391,0.7016369047619048,1.0,1016064,0,1016064,0.0,879427584,0.000779099999817845,0.0,35.126953125
dense,1008,32,0,129,0.0037119321059435606,0.7034350198412699,1.0,1016064,0,1016064,0.0,879427584,0.0008389000004171976,0.0,35.126953125
dense,1008,32,0,130,0.0034938277676701546,0.7051711309523809,1.0,1016064,0,1016064,0.0,879427584,0.0008060000000114087,0.0,35.126953125
dense,1008,32,0,131,0.00329277734272182,0.707000248015873,1.0,1016064,0,1016064,0.0,879427584,0.000768400000197289,0.0,35.126953125
dense,1008,32,0,132,0.003107631579041481,0.7084263392857143,1.0,1016064,0,1016064,0.0,879427584,0.0007319000005736598,0.0,35.126953125
dense,1008,32,0,133,0.002937452867627144,0.7102554563492064,1.0,1016064,0,1016064,0.0,879427584,0.0011631000006673275,0.0,35.126953125
dense,1008,32,0,134,0.0027813762426376343,0.7121155753968254,1.0,1016064,0,1016064,0.0,879427584,0.0007375000004685717,0.0,35.126953125
dense,1008,32,0,135,0.0026384228840470314,0.7134796626984127,1.0,1016064,0,1016064,0.0,879427584,0.0007380000006378395,0.0,35.126953125
dense,1008,32,0,136,0.0025074274744838476,0.7149677579365079,1.0,1016064,0,1016064,0.0,879427584,0.0009785000002011657,0.0,35.126953125
dense,1008,32,0,137,0.002387132029980421,0.7169208829365079,1.0,1016064,0,1016064,0.0,879427584,0.0008155999994414742,0.0,35.126953125
dense,1008,32,0,138,0.002276330953463912,0.7177269345238095,1.0,1016064,0,1016064,0.0,879427584,0.00075970000034431,0.0,35.126953125
dense,1008,32,0,139,0.0021739366929978132,0.7194010416666666,1.0,1016064,0,1016064,0.0,879427584,0.0007242000001497217,0.0,35.126953125
dense,1008,32,0,140,0.002079006051644683,0.7214161706349206,1.0,1016064,0,1016064,0.0,879427584,0.0007933999995657359,0.0,35.126953125
dense,1008,32,0,141,0.0019907678943127394,0.7228112599206349,1.0,1016064,0,1016064,0.0,879427584,0.0008222999995268765,0.0,35.126953125
dense,1008,32,0,142,0.0019086061511188745,0.7237723214285714,1.0,1016064,0,1016064,0.0,879427584,0.0007567000002381974,0.0,35.126953125
dense,1008,32,0,143,0.0018320780945941806,0.7253534226190477,1.0,1016064,0,1016064,0.0,879427584,0.0007054999996398692,0.0,35.126953125
dense,1008,32,0,144,0.001760849030688405,0.7266555059523809,1.0,1016064,0,1016064,0.0,879427584,0.0007163999998738291,0.0,35.126953125
dense,1008,32,0,145,0.0016945905517786741,0.7274615575396826,1.0,1016064,0,1016064,0.0,879427584,0.0015747999996165163,0.0,35.126953125
dense,1008,32,0,146,0.0016329296631738544,0.728577628968254,1.0,1016064,0,1016064,0.0,879427584,0.0008238999998866348,0.0,35.126953125
dense,1008,32,0,147,0.0015754635678604245,0.7301277281746031,1.0,1016064,0,1016064,0.0,879427584,0.0007726999992883066,0.0,35.126953125
dense,1008,32,0,148,0.0015218257904052734,0.7314298115079365,1.0,1016064,0,1016064,0.0,879427584,0.000863299999764422,0.0,35.126953125
dense,1008,32,0,149,0.0014717414742335677,0.7327008928571429,1.0,1016064,0,1016064,0.0,879427584,0.0012642000001505949,0.0,35.126953125
dense,1008,32,0,150,0.0014250276144593954,0.7337549603174603,1.0,1016064,0,1016064,0.0,879427584,0.0008094999993772944,0.0,35.126953125
dense,1008,32,0,151,0.0013815482379868627,0.7347160218253969,1.0,1016064,0,1016064,0.0,879427584,0.0007595999995828606,0.0,35.126953125
dense,1008,32,0,152,0.0013411481631919742,0.7358940972222222,1.0,1016064,0,1016064,0.0,879427584,0.001352700000097684,0.0,35.126953125
dense,1008,32,0,153,0.001303616794757545,0.7365761408730159,1.0,1016064,0,1016064,0.0,879427584,0.0016893000001800829,0.0,35.126953125
dense,1008,32,0,154,0.0012687210692092776,0.7372891865079365,1.0,1016064,0,1016064,0.0,879427584,0.0009473999998590443,0.0,35.126953125
dense,1008,32,0,155,0.0012362274574115872,0.738343253968254,1.0,1016064,0,1016064,0.0,879427584,0.0008022000001801644,0.0,35.126953125
dense,1008,32,0,156,0.001205918611958623,0.7391493055555556,1.0,1016064,0,1016064,0.0,879427584,0.0007439000000886153,0.0,35.126953125
dense,1008,32,0,157,0.0011776003520935774,0.7400173611111112,1.0,1016064,0,1016064,0.0,879427584,0.0007635000001755543,0.0,35.126953125
dense,1008,32,0,158,0.0011510951444506645,0.7409164186507936,1.0,1016064,0,1016064,0.0,879427584,0.0008082000003923895,0.0,35.126953125
dense,1008,32,0,159,0.0011262355837970972,0.7419084821428571,1.0,1016064,0,1016064,0.0,879427584,0.0008414999992965022,0.0,35.126953125
dense,1008,32,0,160,0.0011028588050976396,0.7425285218253969,1.0,1016064,0,1016064,0.0,879427584,0.0007349999996222323,0.0,35.126953125
dense,1008,32,0,161,0.0010808175429701805,0.7433035714285714,1.0,1016064,0,1016064,0.0,879427584,0.0007184999994933605,0.0,35.126953125
dense,1008,32,0,162,0.0010599851375445724,0.7439546130952381,1.0,1016064,0,1016064,0.0,879427584,0.0007922000004327856,0.0,35.126953125
dense,1008,32,0,163,0.001040256698615849,0.7448846726190477,1.0,1016064,0,1016064,0.0,879427584,0.0008662000000185799,0.0,35.126953125
dense,1008,32,0,164,0.0010215591173619032,0.7456597222222222,1.0,1016064,0,1016064,0.0,879427584,0.0008258999996542116,0.0,35.126953125
dense,1008,32,0,165,0.001003834418952465,0.7462177579365079,1.0,1016064,0,1016064,0.0,879427584,0.000778800000261981,0.0,35.126953125
dense,1008,32,0,166,0.0009870335925370455,0.7473648313492064,1.0,1016064,0,1016064,0.0,879427584,0.0007511000003432855,0.0,35.126953125
dense,1008,32,0,167,0.000971108500380069,0.748046875,1.0,1016064,0,1016064,0.0,879427584,0.0012010999998892657,0.0,35.126953125
dense,1008,32,0,168,0.0009560136240907013,0.7487289186507936,1.0,1016064,0,1016064,0.0,879427584,0.0007746000001134234,0.0,35.126953125
dense,1008,32,0,169,0.0009417029796168208,0.7497519841269841,1.0,1016064,0,1016064,0.0,879427584,0.0007063000002744957,0.0,35.126953125
dense,1008,32,0,170,0.0009281242964789271,0.7503100198412699,1.0,1016064,0,1016064,0.0,879427584,0.0007068000004437636,0.0,35.126953125
dense,1008,32,0,171,0.0009152190177701414,0.7510230654761905,1.0,1016064,0,1016064,0.0,879427584,0.000863299999764422,0.0,35.126953125
dense,1008,32,0,172,0.0009029329521581531,0.7513330853174603,1.0,1016064,0,1016064,0.0,879427584,0.0007180000002335873,0.0,35.126953125
dense,1008,32,0,173,0.0008912187768146396,0.7517671130952381,1.0,1016064,0,1016064,0.0,879427584,0.0006825000000389991,0.0,35.126953125
dense,1008,32,0,174,0.0008800377836450934,0.7524801587301587,1.0,1016064,0,1016064,0.0,879427584,0.0007639000004928675,0.0,35.126953125
dense,1008,32,0,175,0.0008693553390912712,0.7528211805555556,1.0,1016064,0,1016064,0.0,879427584,0.001441500000510132,0.0,35.126953125
dense,1008,32,0,176,0.0008591390796937048,0.7533172123015873,1.0,1016064,0,1016064,0.0,879427584,0.0007980999998835614,0.0,35.126953125
dense,1008,32,0,177,0.0008493583300150931,0.753968253968254,1.0,1016064,0,1016064,0.0,879427584,0.0007501999998567044,0.0,35.126953125
dense,1008,32,0,178,0.0008399842772632837,0.7542162698412699,1.0,1016064,0,1016064,0.0,879427584,0.0007683999992877943,0.0,35.126953125
dense,1008,32,0,179,0.0008309919503517449,0.7547433035714286,1.0,1016064,0,1016064,0.0,879427584,0.0008465000000796863,0.0,35.126953125
dense,1008,32,0,180,0.0008223584154620767,0.7557043650793651,1.0,1016064,0,1016064,0.0,879427584,0.0007233000005726353,0.0,35.126953125
dense,1008,32,0,181,0.0008140602731145918,0.7564794146825397,1.0,1016064,0,1016064,0.0,879427584,0.0007283999993887846,0.0,35.126953125
dense,1008,32,0,182,0.0008060744730755687,0.7569134424603174,1.0,1016064,0,1016064,0.0,879427584,0.0007048999996186467,0.0,35.126953125
dense,1008,32,0,183,0.0007983793038874865,0.7571614583333334,1.0,1016064,0,1016064,0.0,879427584,0.0007702999992034165,0.0,35.126953125
dense,1008,32,0,184,0.0007909570122137666,0.7576574900793651,1.0,1016064,0,1016064,0.0,879427584,0.0007811000004949165,0.0,35.126953125
dense,1008,32,0,185,0.0007837917073629797,0.7584015376984127,1.0,1016064,0,1016064,0.0,879427584,0.0007527000007030438,0.0,35.126953125
dense,1008,32,0,186,0.0007768687792122364,0.7587425595238095,1.0,1016064,0,1016064,0.0,879427584,0.0007487999992008554,0.0,35.126953125
dense,1008,32,0,187,0.0007701771100983024,0.7590835813492064,1.0,1016064,0,1016064,0.0,879427584,0.0007480999993276782,0.0,35.126953125
dense,1008,32,0,188,0.0007637051166966558,0.7596726190476191,1.0,1016064,0,1016064,0.0,879427584,0.0007659999992029043,0.0,35.126953125
dense,1008,32,0,189,0.0007574428454972804,0.7601686507936508,1.0,1016064,0,1016064,0.0,879427584,0.002133200000571378,0.0,35.126953125
dense,1008,32,0,190,0.000751379644498229,0.7602306547619048,1.0,1016064,0,1016064,0.0,879427584,0.0007805000004736939,0.0,35.126953125
dense,1008,32,0,191,0.0007455063168890774,0.7606646825396826,1.0,1016064,0,1016064,0.0,879427584,0.0008878999997250503,0.0,35.126953125
dense,1008,32,0,192,0.0007398144225589931,0.7612537202380952,1.0,1016064,0,1016064,0.0,879427584,0.0008342999999513268,0.0,35.126953125
dense,1008,32,0,193,0.0007342954631894827,0.7615637400793651,1.0,1016064,0,1016064,0.0,879427584,0.0007869999999456923,0.0,35.126953125
dense,1008,32,0,194,0.000728941522538662,0.761749751984127,1.0,1016064,0,1016064,0.0,879427584,0.000706200000422541,0.0,35.126953125
dense,1008,32,0,195,0.0007237435784190893,0.7622457837301587,1.0,1016064,0,1016064,0.0,879427584,0.0021510999995371094,0.0,35.126953125
dense,1008,32,0,196,0.0007186944712884724,0.7628658234126984,1.0,1016064,0,1016064,0.0,879427584,0.0008207000000766129,0.0,35.126953125
dense,1008,32,0,197,0.0007137864013202488,0.7632998511904762,1.0,1016064,0,1016064,0.0,879427584,0.0007520999997723266,0.0,35.126953125
dense,1008,32,0,198,0.000709012383595109,0.7639508928571429,1.0,1016064,0,1016064,0.0,879427584,0.0007380999995802995,0.0,35.126953125
dense,1008,32,0,199,0.0007043668883852661,0.7641679067460317,1.0,1016064,0,1016064,0.0,879427584,0.0007820999999239575,0.0,35.126953125
dense,1008,32,0,200,0.0006998442113399506,0.7642609126984127,1.0,1016064,0,1016064,0.0,879427584,0.0007682000004933798,0.0,35.126953125
dense,1008,32,0,201,0.0006954387645237148,0.7646949404761905,1.0,1016064,0,1016064,0.0,879427584,0.0007227999994938727,0.0,35.126953125
dense,1008,32,0,202,0.0006911459495313466,0.7653149801587301,1.0,1016064,0,1016064,0.0,879427584,0.0006957000005058944,0.0,35.126953125
dense,1008,32,0,203,0.0006869605276733637,0.765687003968254,1.0,1016064,0,1016064,0.0,879427584,0.0008467999996355502,0.0,35.126953125
dense,1008,32,0,204,0.000682877900544554,0.7658420138888888,1.0,1016064,0,1016064,0.0,879427584,0.0007831000002624933,0.0,35.126953125
dense,1008,32,0,205,0.0006788937607780099,0.7660900297619048,1.0,1016064,0,1016064,0.0,879427584,0.0007358000002568588,0.0,35.126953125
dense,1008,32,0,206,0.0006750046159140766,0.7667100694444444,1.0,1016064,0,1016064,0.0,879427584,0.0007535000004281756,0.0,35.126953125
dense,1008,32,0,207,0.0006712058093398809,0.7672371031746031,1.0,1016064,0,1016064,0.0,879427584,0.0007396999999400578,0.0,35.126953125
dense,1008,32,0,208,0.0006674947217106819,0.767547123015873,1.0,1016064,0,1016064,0.0,879427584,0.0008487000004606671,0.0,35.126953125
dense,1008,32,0,209,0.0006638671038672328,0.767640128968254,1.0,1016064,0,1016064,0.0,879427584,0.000728500000150234,0.0,35.126953125
dense,1008,32,0,210,0.0006603199290111661,0.7678571428571429,1.0,1016064,0,1016064,0.0,879427584,0.0007420000001729932,0.0,35.126953125
dense,1008,32,0,211,0.000656850344967097,0.7680741567460317,1.0,1016064,0,1016064,0.0,879427584,0.0007448000005751965,0.0,35.126953125
dense,1008,32,0,212,0.000653454742860049,0.7685081845238095,1.0,1016064,0,1016064,0.0,879427584,0.0008050999995248276,0.0,35.126953125
dense,1008,32,0,213,0.0006501307943835855,0.7686321924603174,1.0,1016064,0,1016064,0.0,879427584,0.001688800000010815,0.0,35.126953125
dense,1008,32,0,214,0.000646876054815948,0.7692832341269841,1.0,1016064,0,1016064,0.0,879427584,0.0008293000000776374,0.0,35.126953125
dense,1008,32,0,215,0.0006436884286813438,0.76953125,1.0,1016064,0,1016064,0.0,879427584,0.0007836000004317611,0.0,35.126953125
dense,1008,32,0,216,0.0006405655876733363,0.7699652777777778,1.0,1016064,0,1016064,0.0,879427584,0.0008741000001464272,0.0,35.126953125
dense,1008,32,0,217,0.0006375054363161325,0.7706783234126984,1.0,1016064,0,1016064,0.0,879427584,0.0007233999995150953,0.0,35.126953125
dense,1008,32,0,218,0.0006345061119645834,0.7709573412698413,1.0,1016064,0,1016064,0.0,879427584,0.0007391999997707899,0.0,35.126953125
dense,1008,32,0,219,0.0006315657519735396,0.7712053571428571,1.0,1016064,0,1016064,0.0,879427584,0.0007356999994954094,0.0,35.126953125
dense,1008,32,0,220,0.0006286829593591392,0.771546378968254,1.0,1016064,0,1016064,0.0,879427584,0.0008059000001594541,0.0,35.126953125
dense,1008,32,0,221,0.0006258566281758249,0.7718253968253969,1.0,1016064,0,1016064,0.0,879427584,0.0008010000001377193,0.0,35.126953125
dense,1008,32,0,222,0.0006230877479538321,0.7722284226190477,1.0,1016064,0,1016064,0.0,879427584,0.0007208999995782506,0.0,35.126953125
dense,1008,32,0,223,0.000620380335021764,0.7725384424603174,1.0,1016064,0,1016064,0.0,879427584,0.0007642000000487315,0.0,35.126953125
dense,1008,32,0,224,0.0006177467876113951,0.7729104662698413,1.0,1016064,0,1016064,0.0,879427584,0.0007334000001719687,0.0,35.126953125
dense,1008,32,0,225,0.0006152201094664633,0.773375496031746,1.0,1016064,0,1016064,0.0,879427584,0.0008154999995895196,0.0,35.126953125
dense,1008,32,0,226,0.0006128926179371774,0.7737785218253969,1.0,1016064,0,1016064,0.0,879427584,0.0007807000001776032,0.0,35.126953125
dense,1008,32,0,227,0.0006109843379817903,0.7736235119047619,1.0,1016064,0,1016064,0.0,879427584,0.0007404000007227296,0.0,35.126953125
dense,1008,32,0,228,0.0006101489998400211,0.7741195436507936,1.0,1016064,0,1016064,0.0,879427584,0.0007254000001921668,0.0,35.126953125
dense,1008,32,0,229,0.0006118185119703412,0.7743675595238095,1.0,1016064,0,1016064,0.0,879427584,0.0008133000001180335,0.0,35.126953125
dense,1008,32,0,230,0.0006206899415701628,0.7747705853174603,1.0,1016064,0,1016064,0.0,879427584,0.0008559000007153372,0.0,35.126953125
dense,1008,32,0,231,0.0006431321380659938,0.7750186011904762,1.0,1016064,0,1016064,0.0,879427584,0.0008134999998219428,0.0,35.126953125
dense,1008,32,0,232,0.0007014696602709591,0.7756696428571429,1.0,1016064,0,1016064,0.0,879427584,0.0007417000006171293,0.0,35.126953125
dense,1008,32,0,233,0.0007602221448905766,0.7760726686507936,1.0,1016064,0,1016064,0.0,879427584,0.001712000000225089,0.0,35.126953125
dense,1008,32,0,234,0.0007912184810265899,0.7764756944444444,1.0,1016064,0,1016064,0.0,879427584,0.000819200000478304,0.0,35.126953125
dense,1008,32,0,235,0.0007164677372202277,0.7766617063492064,1.0,1016064,0,1016064,0.0,879427584,0.0007562999999208841,0.0,35.126953125
dense,1008,32,0,236,0.000651389011181891,0.7764756944444444,1.0,1016064,0,1016064,0.0,879427584,0.000783899999987625,0.0,35.126953125
dense,1008,32,0,237,0.0006956300931051373,0.7769717261904762,1.0,1016064,0,1016064,0.0,879427584,0.0008950000001277658,0.0,35.126953125
dense,1008,32,0,238,0.0007042625802569091,0.7775917658730159,1.0,1016064,0,1016064,0.0,879427584,0.0007691999999224208,0.0,35.126953125
dense,1008,32,0,239,0.0006593712023459375,0.7777157738095238,1.0,1016064,0,1016064,0.0,879427584,0.0007211000001916545,0.0,35.126953125
dense,1008,32,0,240,0.0006330448086373508,0.7779947916666666,1.0,1016064,0,1016064,0.0,879427584,0.0015955999997459003,0.0,35.126953125
dense,1008,32,0,241,0.0006320007378235459,0.7785218253968254,1.0,1016064,0,1016064,0.0,879427584,0.0008637000000817352,0.0,35.126953125
dense,1008,32,0,242,0.0006332950433716178,0.7784598214285714,1.0,1016064,0,1016064,0.0,879427584,0.0007342999997490551,0.0,35.126953125
dense,1008,32,0,243,0.0006260017398744822,0.7789248511904762,1.0,1016064,0,1016064,0.0,879427584,0.0009785000002011657,0.0,35.126953125
dense,1008,32,0,244,0.0006221685325726867,0.7789558531746031,1.0,1016064,0,1016064,0.0,879427584,0.0008563999999751104,0.0,35.126953125
dense,1008,32,0,245,0.0006183750228956342,0.779296875,1.0,1016064,0,1016064,0.0,879427584,0.0007579000002806424,0.0,35.126953125
dense,1008,32,0,246,0.0006079000304453075,0.7796999007936508,1.0,1016064,0,1016064,0.0,879427584,0.0007206999998743413,0.0,35.126953125
dense,1008,32,0,247,0.0006026953924447298,0.7800409226190477,1.0,1016064,0,1016064,0.0,879427584,0.0006871999994473299,0.0,35.126953125
dense,1008,32,0,248,0.0005982741131447256,0.7804439484126984,1.0,1016064,0,1016064,0.0,879427584,0.0008782000004430301,0.0,35.126953125
dense,1008,32,0,249,0.0005931340856477618,0.7803199404761905,1.0,1016064,0,1016064,0.0,879427584,0.0008610000004409812,0.0,35.126953125
dense,1008,32,0,250,0.0005898012313991785,0.7805989583333334,1.0,1016064,0,1016064,0.0,879427584,0.0007974000000103842,0.0,35.126953125
dense,1008,32,0,251,0.0005868938751518726,0.7806919642857143,1.0,1016064,0,1016064,0.0,879427584,0.0007468999992852332,0.0,35.126953125
dense,1008,32,0,252,0.0005825223634019494,0.7811569940476191,1.0,1016064,0,1016064,0.0,879427584,0.0012101000002076034,0.0,35.126953125
dense,1008,32,0,253,0.0005764508387073874,0.7817770337301587,1.0,1016064,0,1016064,0.0,879427584,0.0008099999995465623,0.0,35.126953125
dense,1008,32,0,254,0.0005707112140953541,0.7818080357142857,1.0,1016064,0,1016064,0.0,879427584,0.0007090999997672043,0.0,35.126953125
dense,1008,32,0,255,0.0005709358956664801,0.7821180555555556,1.0,1016064,0,1016064,0.0,879427584,0.0007351999993261416,0.0,35.126953125
dense,1008,32,0,256,0.0005711987614631653,0.7824590773809523,1.0,1016064,0,1016064,0.0,879427584,0.0008272999994005659,0.0,35.126953125
dense,1008,32,0,257,0.0005647757789120078,0.7825830853174603,1.0,1016064,0,1016064,0.0,879427584,0.0007653000002392218,0.0,35.126953125
dense,1008,32,0,258,0.0005599351716227829,0.7828311011904762,1.0,1016064,0,1016064,0.0,879427584,0.0007310999999390333,0.0,35.126953125
dense,1008,32,0,259,0.0005609681247733533,0.7829241071428571,1.0,1016064,0,1016064,0.0,879427584,0.0007101999999576947,0.0,35.126953125
dense,1008,32,0,260,0.0005590452346950769,0.7833581349206349,1.0,1016064,0,1016064,0.0,879427584,0.001450299999305571,0.0,35.126953125
dense,1008,32,0,261,0.0005528104957193136,0.7835441468253969,1.0,1016064,0,1016064,0.0,879427584,0.0008500999992975267,0.0,35.126953125
dense,1008,32,0,262,0.0005500012193806469,0.7836991567460317,1.0,1016064,0,1016064,0.0,879427584,0.000742799999898125,0.0,35.126953125
dense,1008,32,0,263,0.000550683937035501,0.7839471726190477,1.0,1016064,0,1016064,0.0,879427584,0.0006935999999768683,0.0,35.126953125
dense,1008,32,0,264,0.0005487821181304753,0.7839781746031746,1.0,1016064,0,1016064,0.0,879427584,0.000760900000386755,0.0,35.126953125
dense,1008,32,0,265,0.0005454489728435874,0.7841331845238095,1.0,1016064,0,1016064,0.0,879427584,0.0007504000004701084,0.0,35.126953125
dense,1008,32,0,266,0.0005436280625872314,0.7844432043650794,1.0,1016064,0,1016064,0.0,879427584,0.00073069999962172,0.0,35.126953125
dense,1008,32,0,267,0.0005426044808700681,0.7848772321428571,1.0,1016064,0,1016064,0.0,879427584,0.0007120999998733168,0.0,35.126953125
dense,1008,32,0,268,0.0005408654687926173,0.78515625,1.0,1016064,0,1016064,0.0,879427584,0.0009022999993248959,0.0,35.126953125
dense,1008,32,0,269,0.0005390387959778309,0.7852492559523809,1.0,1016064,0,1016064,0.0,879427584,0.0007953000003908528,0.0,35.126953125
dense,1008,32,0,270,0.0005374918691813946,0.7854352678571429,1.0,1016064,0,1016064,0.0,879427584,0.0007619999996677507,0.0,35.126953125
dense,1008,32,0,271,0.0005355208995752037,0.7855282738095238,1.0,1016064,0,1016064,0.0,879427584,0.0007200000000011642,0.0,35.126953125
dense,1008,32,0,272,0.0005337251932360232,0.7854972718253969,1.0,1016064,0,1016064,0.0,879427584,0.0007236000001284992,0.0,35.126953125
dense,1008,32,0,273,0.0005327274557203054,0.7855902777777778,1.0,1016064,0,1016064,0.0,879427584,0.0008128999998007203,0.0,35.126953125
dense,1008,32,0,274,0.0005315614398568869,0.7856832837301587,1.0,1016064,0,1016064,0.0,879427584,0.0008147999997163424,0.0,35.126953125
dense,1008,32,0,275,0.000529831275343895,0.7861173115079365,1.0,1016064,0,1016064,0.0,879427584,0.0007215999994514277,0.0,35.126953125
dense,1008,32,0,276,0.0005285172373987734,0.7859933035714286,1.0,1016064,0,1016064,0.0,879427584,0.0007046000000627828,0.0,35.126953125
dense,1008,32,0,277,0.0005280824261717498,0.7863963293650794,1.0,1016064,0,1016064,0.0,879427584,0.0007845999998608022,0.0,35.126953125
dense,1008,32,0,278,0.0005279805627651513,0.7865203373015873,1.0,1016064,0,1016064,0.0,879427584,0.0007562000000689295,0.0,35.126953125
dense,1008,32,0,279,0.0005280112382024527,0.7866753472222222,1.0,1016064,0,1016064,0.0,879427584,0.0007683000003453344,0.0,35.126953125
dense,1008,32,0,280,0.0005286218947730958,0.7869233630952381,1.0,1016064,0,1016064,0.0,879427584,0.0007304999999178108,0.0,35.126953125
dense,1008,32,0,281,0.0005307111423462629,0.7872023809523809,1.0,1016064,0,1016064,0.0,879427584,0.000708900000063295,0.0,35.126953125
dense,1008,32,0,282,0.0005347795085981488,0.787078373015873,1.0,1016064,0,1016064,0.0,879427584,0.0009388999997099745,0.0,35.126953125
dense,1008,32,0,283,0.0005425077979452908,0.7876054067460317,1.0,1016064,0,1016064,0.0,879427584,0.0007407000002785935,0.0,35.126953125
dense,1008,32,0,284,0.000551696284674108,0.7875124007936508,1.0,1016064,0,1016064,0.0,879427584,0.0007439000000886153,0.0,35.126953125
dense,1008,32,0,285,0.0005640258896164596,0.7881944444444444,1.0,1016064,0,1016064,0.0,879427584,0.0007023000007393421,0.0,35.126953125
dense,1008,32,0,286,0.0005728030228056014,0.7882254464285714,1.0,1016064,0,1016064,0.0,879427584,0.0007727000001978013,0.0,35.126953125
dense,1008,32,0,287,0.0005777113256044686,0.7884114583333334,1.0,1016064,0,1016064,0.0,879427584,0.0007143000002542976,0.0,35.126953125
dense,1008,32,0,288,0.0005731197888962924,0.7886904761904762,1.0,1016064,0,1016064,0.0,879427584,0.0006933999993634643,0.0,35.126953125
dense,1008,32,0,289,0.0005559915443882346,0.789031498015873,1.0,1016064,0,1016064,0.0,879427584,0.0006976000004215166,0.0,35.126953125
dense,1008,32,0,290,0.0005412883474491537,0.7889694940476191,1.0,1016064,0,1016064,0.0,879427584,0.002591799999208888,0.0,35.126953125
dense,1008,32,0,291,0.0005286866216920316,0.7894035218253969,1.0,1016064,0,1016064,0.0,879427584,0.0007920999996713363,0.0,35.126953125
dense,1008,32,0,292,0.0005283124046400189,0.7894035218253969,1.0,1016064,0,1016064,0.0,879427584,0.0007805000004736939,0.0,35.126953125
dense,1008,32,0,293,0.0005320229101926088,0.7896515376984127,1.0,1016064,0,1016064,0.0,879427584,0.0007706999995207298,0.0,35.126953125
dense,1008,32,0,294,0.0005346981342881918,0.7900855654761905,1.0,1016064,0,1016064,0.0,879427584,0.0008313999996971688,0.0,35.126953125
dense,1008,32,0,295,0.0005318498006090522,0.7900545634920635,1.0,1016064,0,1016064,0.0,879427584,0.0007658000004084897,0.0,35.126953125
dense,1008,32,0,296,0.0005251273978501558,0.7905195932539683,1.0,1016064,0,1016064,0.0,879427584,0.0007089999999152496,0.0,35.126953125
dense,1008,32,0,297,0.000518649467267096,0.7903645833333334,1.0,1016064,0,1016064,0.0,879427584,0.0007243000000016764,0.0,35.126953125
dense,1008,32,0,298,0.0005146367475390434,0.7907676091269841,1.0,1016064,0,1016064,0.0,879427584,0.0008133000001180335,0.0,35.126953125
dense,1008,32,0,299,0.0005136749823577702,0.791046626984127,1.0,1016064,0,1016064,0.0,879427584,0.0007596000004923553,0.0,35.126953125
dense,1008,32,0,300,0.000514123821631074,0.790984623015873,1.0,1016064,0,1016064,0.0,879427584,0.0007107999999789172,0.0,35.126953125
dense,1008,32,0,301,0.0005148017080500722,0.7915116567460317,1.0,1016064,0,1016064,0.0,879427584,0.0007158999997045612,0.0,35.126953125
dense,1008,32,0,302,0.0005135062383487821,0.7913566468253969,1.0,1016064,0,1016064,0.0,879427584,0.0007187000001067645,0.0,35.126953125
dense,1008,32,0,303,0.0005112963845022023,0.7919766865079365,1.0,1016064,0,1016064,0.0,879427584,0.0007501000000047497,0.0,35.126953125
dense,1008,32,0,304,0.0005084237200208008,0.7921626984126984,1.0,1016064,0,1016064,0.0,879427584,0.002559300000029907,0.0,35.126953125
dense,1008,32,0,305,0.0005058329552412033,0.7925037202380952,1.0,1016064,0,1016064,0.0,879427584,0.003464899999926274,0.0,35.126953125
dense,1008,32,0,306,0.00050382997142151,0.7926587301587301,1.0,1016064,0,1016064,0.0,879427584,0.0008608999996795319,0.0,35.126953125
dense,1008,32,0,307,0.0005024325218982995,0.7927207341269841,1.0,1016064,0,1016064,0.0,879427584,0.0016028000000005704,0.0,35.126953125
dense,1008,32,0,308,0.0005012865294702351,0.7930617559523809,1.0,1016064,0,1016064,0.0,879427584,0.0008135999996738974,0.0,35.126953125
dense,1008,32,0,309,0.0005001492099836469,0.7931547619047619,1.0,1016064,0,1016064,0.0,879427584,0.00072829999953683,0.0,35.126953125
dense,1008,32,0,310,0.0004994195187464356,0.7935267857142857,1.0,1016064,0,1016064,0.0,879427584,0.0007298999998965883,0.0,35.126953125
dense,1008,32,0,311,0.0004990582820028067,0.7932477678571429,1.0,1016064,0,1016064,0.0,879427584,0.0007787000004100264,0.0,35.126953125
dense,1008,32,0,312,0.000499588088132441,0.7937437996031746,1.0,1016064,0,1016064,0.0,879427584,0.0007169999998950516,0.0,35.126953125
dense,1008,32,0,313,0.0005012864712625742,0.7934957837301587,1.0,1016064,0,1016064,0.0,879427584,0.0007499000003008405,0.0,35.126953125
dense,1008,32,0,314,0.0005039257230237126,0.7937127976190477,1.0,1016064,0,1016064,0.0,879427584,0.0007152999996833387,0.0,35.126953125
dense,1008,32,0,315,0.0005096405511721969,0.7937437996031746,1.0,1016064,0,1016064,0.0,879427584,0.0026520999999775086,0.0,35.126953125
dense,1008,32,0,316,0.0005170414224267006,0.7944568452380952,1.0,1016064,0,1016064,0.0,879427584,0.0007440999997925246,0.0,35.126953125
dense,1008,32,0,317,0.0005329917185008526,0.7942088293650794,1.0,1016064,0,1016064,0.0,879427584,0.0007160000004660105,0.0,35.126953125
dense,1008,32,0,318,0.0005498162936419249,0.7943638392857143,1.0,1016064,0,1016064,0.0,879427584,0.0007310999999390333,0.0,35.126953125
dense,1008,32,0,319,0.0005789228016510606,0.7943638392857143,1.0,1016064,0,1016064,0.0,879427584,0.0007540999995399034,0.0,35.126953125
dense,1008,32,0,320,0.0005901106051169336,0.794890873015873,1.0,1016064,0,1016064,0.0,879427584,0.0007365000001300359,0.0,35.126953125
dense,1008,32,0,321,0.0005914058419875801,0.7943328373015873,1.0,1016064,0,1016064,0.0,879427584,0.0007252000004882575,0.0,35.126953125
dense,1008,32,0,322,0.0005523307481780648,0.7956659226190477,1.0,1016064,0,1016064,0.0,879427584,0.0007052000000840053,0.0,35.126953125
dense,1008,32,0,323,0.00051245087524876,0.7952628968253969,1.0,1016064,0,1016064,0.0,879427584,0.000835900000311085,0.0,35.126953125
dense,1008,32,0,324,0.0004969661822542548,0.7955419146825397,1.0,1016064,0,1016064,0.0,879427584,0.0007083000000420725,0.0,35.126953125
dense,1008,32,0,325,0.000512728001922369,0.7959139384920635,1.0,1016064,0,1016064,0.0,879427584,0.0006944000006114948,0.0,35.126953125
dense,1008,32,0,326,0.000535692204721272,0.7958519345238095,1.0,1016064,0,1016064,0.0,879427584,0.0007317999998122104,0.0,35.126953125
dense,1008,32,0,327,0.0005351239233277738,0.7967199900793651,1.0,1016064,0,1016064,0.0,879427584,0.004321899999922607,0.0,35.126953125
dense,1008,32,0,328,0.0005159774445928633,0.7962549603174603,1.0,1016064,0,1016064,0.0,879427584,0.0007961999999679392,0.0,35.126953125
dense,1008,32,0,329,0.0004925891407765448,0.796812996031746,1.0,1016064,0,1016064,0.0,879427584,0.0007507000000259723,0.0,35.126953125
dense,1008,32,0,330,0.00048824321129359305,0.7971540178571429,1.0,1016064,0,1016064,0.0,879427584,0.0008595999997851322,0.0,35.126953125
dense,1008,32,0,331,0.0004992219619452953,0.7969680059523809,1.0,1016064,0,1016064,0.0,879427584,0.0019303999997646315,0.0,35.126953125
dense,1008,32,0,332,0.0005102799041196704,0.7974640376984127,1.0,1016064,0,1016064,0.0,879427584,0.0008422999999311287,0.0,35.126953125
dense,1008,32,0,333,0.0005088892066851258,0.7971230158730159,1.0,1016064,0,1016064,0.0,879427584,0.0008379999999306165,0.0,35.126953125
dense,1008,32,0,334,0.0004969520960003138,0.7976500496031746,1.0,1016064,0,1016064,0.0,879427584,0.0008465000000796863,0.0,35.126953125
dense,1008,32,0,335,0.00048618423170410097,0.7976500496031746,1.0,1016064,0,1016064,0.0,879427584,0.0008752000003369176,0.0,35.126953125
dense,1008,32,0,336,0.00048317061737179756,0.7978670634920635,1.0,1016064,0,1016064,0.0,879427584,0.0007786999995005317,0.0,35.126953125
dense,1008,32,0,337,0.00048777557094581425,0.7979910714285714,1.0,1016064,0,1016064,0.0,879427584,0.0023746999995637452,0.0,35.126953125
dense,1008,32,0,338,0.0004918514750897884,0.7979910714285714,1.0,1016064,0,1016064,0.0,879427584,0.0008504999996148399,0.0,35.126953125
dense,1008,32,0,339,0.0004909023991785944,0.7980840773809523,1.0,1016064,0,1016064,0.0,879427584,0.0007216000003609224,0.0,35.126953125
dense,1008,32,0,340,0.00048451736802235246,0.7982390873015873,1.0,1016064,0,1016064,0.0,879427584,0.0008535000006304472,0.0,35.126953125
dense,1008,32,0,341,0.00047857576282694936,0.7985181051587301,1.0,1016064,0,1016064,0.0,879427584,0.0025647000002209097,0.0,35.126953125
dense,1008,32,0,342,0.0004772746760863811,0.7983940972222222,1.0,1016064,0,1016064,0.0,879427584,0.0008539999998902204,0.0,35.126953125
dense,1008,32,0,343,0.00048061119741760194,0.7985801091269841,1.0,1016064,0,1016064,0.0,879427584,0.003408100000342529,0.0,35.126953125
dense,1008,32,0,344,0.0004858626634813845,0.7987351190476191,1.0,1016064,0,1016064,0.0,879427584,0.0012311999998928513,0.0,35.126953125
dense,1008,32,0,345,0.0004883920773863792,0.798890128968254,1.0,1016064,0,1016064,0.0,879427584,0.0009408000005350914,0.0,35.126953125
dense,1008,32,0,346,0.0004889169940724969,0.7990141369047619,1.0,1016064,0,1016064,0.0,879427584,0.0008760000000620494,0.0,35.126953125
dense,1008,32,0,347,0.0004882962093688548,0.7992931547619048,1.0,1016064,0,1016064,0.0,879427584,0.001273800000490155,0.0,35.126953125
dense,1008,32,0,348,0.0004906593239866197,0.7992001488095238,1.0,1016064,0,1016064,0.0,879427584,0.001096799999686482,0.0,35.126953125
dense,1008,32,0,349,0.0005001291865482926,0.7996341765873016,1.0,1016064,0,1016064,0.0,879427584,0.0008607999998275773,0.0,35.126953125
dense,1008,32,0,350,0.000514173530973494,0.7993241567460317,1.0,1016064,0,1016064,0.0,879427584,0.0007755999995424645,0.0,35.126953125
dense,1008,32,0,351,0.0005357943009585142,0.8001302083333334,1.0,1016064,0,1016064,0.0,879427584,0.0007543000001533073,0.0,35.126953125
dense,1008,32,0,352,0.0005469974130392075,0.7998201884920635,1.0,1016064,0,1016064,0.0,879427584,0.0007619999996677507,0.0,35.126953125
dense,1008,32,0,353,0.0005483426502905786,0.8004402281746031,1.0,1016064,0,1016064,0.0,879427584,0.0009083999993890757,0.0,35.126953125
dense,1008,32,0,354,0.0005308547406457365,0.7998821924603174,1.0,1016064,0,1016064,0.0,879427584,0.0009653000006437651,0.0,35.126953125
dense,1008,32,0,355,0.0005048963939771056,0.80078125,1.0,1016064,0,1016064,0.0,879427584,0.00074399999994057,0.0,35.126953125
dense,1008,32,0,356,0.0004894769517704844,0.8003472222222222,1.0,1016064,0,1016064,0.0,879427584,0.0011481999999887194,0.0,35.126953125
dense,1008,32,0,357,0.0004860000917688012,0.8009672619047619,1.0,1016064,0,1016064,0.0,879427584,0.0008419999994657701,0.0,35.126953125
dense,1008,32,0,358,0.000494339328724891,0.8006572420634921,1.0,1016064,0,1016064,0.0,879427584,0.0007276999995156075,0.0,35.126953125
dense,1008,32,0,359,0.0005019356030970812,0.80078125,1.0,1016064,0,1016064,0.0,879427584,0.00073069999962172,0.0,35.126953125
dense,1008,32,0,360,0.0005013206973671913,0.8008742559523809,1.0,1016064,0,1016064,0.0,879427584,0.0007291000001714565,0.0,35.126953125
dense,1008,32,0,361,0.0004909741692245007,0.8009982638888888,1.0,1016064,0,1016064,0.0,879427584,0.0008380000008401112,0.0,35.126953125
dense,1008,32,0,362,0.00047668631304986775,0.8014632936507936,1.0,1016064,0,1016064,0.0,879427584,0.0007105999993655132,0.0,35.126953125
dense,1008,32,0,363,0.0004689989727921784,0.8014012896825397,1.0,1016064,0,1016064,0.0,879427584,0.0007167000003391877,0.0,35.126953125
dense,1008,32,0,364,0.00047061554505489767,0.8018043154761905,1.0,1016064,0,1016064,0.0,879427584,0.0007497000005969312,0.0,35.126953125
dense,1008,32,0,365,0.00047896255273371935,0.8018353174603174,1.0,1016064,0,1016064,0.0,879427584,0.0016516000005140086,0.0,35.126953125
dense,1008,32,0,366,0.0004862602218054235,0.8020523313492064,1.0,1016064,0,1016064,0.0,879427584,0.0007979000001796521,0.0,35.126953125
dense,1008,32,0,367,0.00048722344217821956,0.8020523313492064,1.0,1016064,0,1016064,0.0,879427584,0.0007274999998116982,0.0,35.126953125
dense,1008,32,0,368,0.00048123617307282984,0.8020833333333334,1.0,1016064,0,1016064,0.0,879427584,0.0010654999996404513,0.0,35.126953125
dense,1008,32,0,369,0.0004727891646325588,0.8022383432539683,1.0,1016064,0,1016064,0.0,879427584,0.0008051999993767822,0.0,35.126953125
dense,1008,32,0,370,0.00046720184036530554,0.8024863591269841,1.0,1016064,0,1016064,0.0,879427584,0.000749300000279618,0.0,35.126953125
dense,1008,32,0,371,0.0004674634546972811,0.8026103670634921,1.0,1016064,0,1016064,0.0,879427584,0.0007356999994954094,0.0,35.126953125
dense,1008,32,0,372,0.0004717026022262871,0.802796378968254,1.0,1016064,0,1016064,0.0,879427584,0.0007680000007894705,0.0,35.126953125
dense,1008,32,0,373,0.0004766382626257837,0.8028583829365079,1.0,1016064,0,1016064,0.0,879427584,0.0007801000001563807,0.0,35.126953125
dense,1008,32,0,374,0.0004793966072611511,0.8031684027777778,1.0,1016064,0,1016064,0.0,879427584,0.0007873000004110509,0.0,35.126953125
dense,1008,32,0,375,0.0004783300100825727,0.8032304067460317,1.0,1016064,0,1016064,0.0,879427584,0.0007150999999794294,0.0,35.126953125
dense,1008,32,0,376,0.0004756710259243846,0.8031994047619048,1.0,1016064,0,1016064,0.0,879427584,0.0007384999998976127,0.0,35.126953125
dense,1008,32,0,377,0.0004723354650195688,0.8035714285714286,1.0,1016064,0,1016064,0.0,879427584,0.0008902999998099403,0.0,35.126953125
dense,1008,32,0,378,0.00047145975986495614,0.8032614087301587,1.0,1016064,0,1016064,0.0,879427584,0.0016943000000537722,0.0,35.126953125
dense,1008,32,0,379,0.0004728310159407556,0.8036644345238095,1.0,1016064,0,1016064,0.0,879427584,0.0008555999993404839,0.0,35.126953125
dense,1008,32,0,380,0.0004757286806125194,0.8034784226190477,1.0,1016064,0,1016064,0.0,879427584,0.0008038999994823826,0.0,35.126953125
dense,1008,32,0,381,0.0004795725108124316,0.8039744543650794,1.0,1016064,0,1016064,0.0,879427584,0.0010029000004578847,0.0,35.126953125
dense,1008,32,0,382,0.0004808446974493563,0.8038504464285714,1.0,1016064,0,1016064,0.0,879427584,0.0007854000004954287,0.0,35.126953125
dense,1008,32,0,383,0.0004833016137126833,0.8042534722222222,1.0,1016064,0,1016064,0.0,879427584,0.0007226000006994582,0.0,35.126953125
dense,1008,32,0,384,0.00048084897571243346,0.8042224702380952,1.0,1016064,0,1016064,0.0,879427584,0.0007141999994928483,0.0,35.126953125
dense,1008,32,0,385,0.00048113989760167897,0.8044084821428571,1.0,1016064,0,1016064,0.0,879427584,0.0008152000000336557,0.0,35.126953125
dense,1008,32,0,386,0.00047796720173209906,0.8044394841269841,1.0,1016064,0,1016064,0.0,879427584,0.0007023000007393421,0.0,35.126953125
dense,1008,32,0,387,0.00047703227028250694,0.8046875,1.0,1016064,0,1016064,0.0,879427584,0.000961499999903026,0.0,35.126953125
dense,1008,32,0,388,0.0004770458908751607,0.8048115079365079,1.0,1016064,0,1016064,0.0,879427584,0.0009517999997115112,0.0,35.126953125
dense,1008,32,0,389,0.00047737048589624465,0.8049975198412699,1.0,1016064,0,1016064,0.0,879427584,0.0008206000002246583,0.0,35.126953125
dense,1008,32,0,390,0.0004794591513928026,0.8048735119047619,1.0,1016064,0,1016064,0.0,879427584,0.0007744000004095142,0.0,35.126953125
dense,1008,32,0,391,0.00048101693391799927,0.8051835317460317,1.0,1016064,0,1016064,0.0,879427584,0.0007276999995156075,0.0,35.126953125
dense,1008,32,0,392,0.0004832610720768571,0.8054005456349206,1.0,1016064,0,1016064,0.0,879427584,0.0008185999995475868,0.0,35.126953125
dense,1008,32,0,393,0.000490291160531342,0.8055865575396826,1.0,1016064,0,1016064,0.0,879427584,0.0008539000000382657,0.0,35.126953125
dense,1008,32,0,394,0.0004946331027895212,0.8056485615079365,1.0,1016064,0,1016064,0.0,879427584,0.0009203999998135259,0.0,35.126953125
dense,1008,32,0,395,0.0005071539781056345,0.8061135912698413,1.0,1016064,0,1016064,0.0,879427584,0.0009218999994118349,0.0,35.126953125
dense,1008,32,0,396,0.0005063452990725636,0.8059895833333334,1.0,1016064,0,1016064,0.0,879427584,0.0021587999999610474,0.0,35.126953125
dense,1008,32,0,397,0.0005060215480625629,0.8064236111111112,1.0,1016064,0,1016064,0.0,879427584,0.0013579999995272374,0.0,35.126953125
dense,1008,32,0,398,0.000498427776619792,0.8062686011904762,1.0,1016064,0,1016064,0.0,879427584,0.0009735000003274763,0.0,35.126953125
dense,1008,32,0,399,0.000490697450004518,0.8063306051587301,1.0,1016064,0,1016064,0.0,879427584,0.0008812000005491427,0.0,35.126953125
dense,1008,32,0,400,0.0004848969983868301,0.806609623015873,1.0,1016064,0,1016064,0.0,879427584,0.000938299999688752,0.0,35.126953125
dense,1008,32,0,401,0.0004826857475563884,0.806671626984127,1.0,1016064,0,1016064,0.0,879427584,0.0007190000005721231,0.0,35.126953125
dense,1008,32,0,402,0.0004850126861128956,0.806609623015873,1.0,1016064,0,1016064,0.0,879427584,0.0008115999999063206,0.0,35.126953125
dense,1008,32,0,403,0.0004908230621367693,0.8067956349206349,1.0,1016064,0,1016064,0.0,879427584,0.0007713999993939069,0.0,35.126953125
dense,1008,32,0,404,0.0005032963817939162,0.8068886408730159,1.0,1016064,0,1016064,0.0,879427584,0.0007322000001295237,0.0,35.126953125
dense,1008,32,0,405,0.0005141297006048262,0.8070746527777778,1.0,1016064,0,1016064,0.0,879427584,0.000760900000386755,0.0,35.126953125
dense,1008,32,0,406,0.0005325470119714737,0.8071056547619048,1.0,1016064,0,1016064,0.0,879427584,0.0007204000003184774,0.0,35.126953125
dense,1008,32,0,407,0.000538356660399586,0.8075086805555556,1.0,1016064,0,1016064,0.0,879427584,0.0008641000003990484,0.0,35.126953125
dense,1008,32,0,408,0.0005457155057229102,0.8068886408730159,1.0,1016064,0,1016064,0.0,879427584,0.0009077000004253932,0.0,35.126953125
dense,1008,32,0,409,0.000530034361872822,0.8075396825396826,1.0,1016064,0,1016064,0.0,879427584,0.0007587000000057742,0.0,35.126953125
dense,1008,32,0,410,0.000511677993927151,0.8070436507936508,1.0,1016064,0,1016064,0.0,879427584,0.0007307000005312148,0.0,35.126953125
dense,1008,32,0,411,0.0005101871793158352,0.8075086805555556,1.0,1016064,0,1016064,0.0,879427584,0.0007513000000471948,0.0,35.126953125
dense,1008,32,0,412,0.0005050635081715882,0.8071056547619048,1.0,1016064,0,1016064,0.0,879427584,0.0009931999993568752,0.0,35.126953125
dense,1008,32,0,413,0.0005091600469313562,0.8073536706349206,1.0,1016064,0,1016064,0.0,879427584,0.0007504000004701084,0.0,35.126953125
dense,1008,32,0,414,0.0004946537083014846,0.8071676587301587,1.0,1016064,0,1016064,0.0,879427584,0.0007419000003210385,0.0,35.126953125
dense,1008,32,0,415,0.00047776949941180646,0.8073846726190477,1.0,1016064,0,1016064,0.0,879427584,0.0007519999999203719,0.0,35.126953125
dense,1008,32,0,416,0.00046316010411828756,0.8075086805555556,1.0,1016064,0,1016064,0.0,879427584,0.0007930000001579174,0.0,35.126953125
dense,1008,32,0,417,0.0004632228519767523,0.8074776785714286,1.0,1016064,0,1016064,0.0,879427584,0.0007019000004220288,0.0,35.126953125
dense,1008,32,0,418,0.00047562344116158783,0.8078497023809523,1.0,1016064,0,1016064,0.0,879427584,0.0007022999998298474,0.0,35.126953125
dense,1008,32,0,419,0.0004829196841455996,0.8076946924603174,1.0,1016064,0,1016064,0.0,879427584,0.0007076000001688953,0.0,35.126953125
dense,1008,32,0,420,0.00048191301175393164,0.8078497023809523,1.0,1016064,0,1016064,0.0,879427584,0.0008760000000620494,0.0,35.126953125
dense,1008,32,0,421,0.00046793397632427514,0.8077876984126984,1.0,1016064,0,1016064,0.0,879427584,0.0007265999993251171,0.0,35.126953125
dense,1008,32,0,422,0.0004553822800517082,0.8079427083333334,1.0,1016064,0,1016064,0.0,879427584,0.0007721000001765788,0.0,35.126953125
dense,1008,32,0,423,0.0004489969287533313,0.8079737103174603,1.0,1016064,0,1016064,0.0,879427584,0.0013052000003881403,0.0,35.126953125
dense,1008,32,0,424,0.00045101522118784487,0.8082217261904762,1.0,1016064,0,1016064,0.0,879427584,0.0012661999999181717,0.0,35.126953125
dense,1008,32,0,425,0.00045669559040106833,0.8082837301587301,1.0,1016064,0,1016064,0.0,879427584,0.0012501000001066132,0.0,35.126953125
dense,1008,32,0,426,0.00045967978076078,0.8083147321428571,1.0,1016064,0,1016064,0.0,879427584,0.0010142000000996632,0.0,35.126953125
dense,1008,32,0,427,0.0004608939925674349,0.8087797619047619,1.0,1016064,0,1016064,0.0,879427584,0.0007573999992018798,0.0,35.126953125
dense,1008,32,0,428,0.0004554569604806602,0.8084387400793651,1.0,1016064,0,1016064,0.0,879427584,0.0007359000001088134,0.0,35.126953125
dense,1008,32,0,429,0.00045100474380888045,0.8091207837301587,1.0,1016064,0,1016064,0.0,879427584,0.0007075000003169407,0.0,35.126953125
dense,1008,32,0,430,0.00044576413347385824,0.808655753968254,1.0,1016064,0,1016064,0.0,879427584,0.0008369999995920807,0.0,35.126953125
dense,1008,32,0,431,0.0004432736895978451,0.8090587797619048,1.0,1016064,0,1016064,0.0,879427584,0.0007408000001305481,0.0,35.126953125
dense,1008,32,0,432,0.0004426763334777206,0.8093998015873016,1.0,1016064,0,1016064,0.0,879427584,0.0007569999997940613,0.0,35.126953125
dense,1008,32,0,433,0.0004432985733728856,0.8093067956349206,1.0,1016064,0,1016064,0.0,879427584,0.0007356999994954094,0.0,35.126953125
dense,1008,32,0,434,0.0004448368272278458,0.8094618055555556,1.0,1016064,0,1016064,0.0,879427584,0.0008041000000957865,0.0,35.126953125
dense,1008,32,0,435,0.0004455197777133435,0.8093687996031746,1.0,1016064,0,1016064,0.0,879427584,0.0007789999999658903,0.0,35.126953125
dense,1008,32,0,436,0.0004476435424294323,0.8097098214285714,1.0,1016064,0,1016064,0.0,879427584,0.0007702000002609566,0.0,35.126953125
dense,1008,32,0,437,0.0004468212428037077,0.8095548115079365,1.0,1016064,0,1016064,0.0,879427584,0.0009364000006826245,0.0,35.126953125
dense,1008,32,0,438,0.00044698501005768776,0.8097718253968254,1.0,1016064,0,1016064,0.0,879427584,0.0007901999997557141,0.0,35.126953125
dense,1008,32,0,439,0.0004453159053809941,0.8100198412698413,1.0,1016064,0,1016064,0.0,879427584,0.0008031999996092054,0.0,35.126953125
dense,1008,32,0,440,0.0004453895671758801,0.8098338293650794,1.0,1016064,0,1016064,0.0,879427584,0.0007451000001310604,0.0,35.126953125
dense,1008,32,0,441,0.00044751379755325615,0.8103298611111112,1.0,1016064,0,1016064,0.0,879427584,0.0007232999996631406,0.0,35.126953125
dense,1008,32,0,442,0.0004536625638138503,0.8099888392857143,1.0,1016064,0,1016064,0.0,879427584,0.0008873000006133225,0.0,35.126953125
dense,1008,32,0,443,0.00046388822374865413,0.810515873015873,1.0,1016064,0,1016064,0.0,879427584,0.0007912999999462045,0.0,35.126953125
dense,1008,32,0,444,0.0004818460438400507,0.8102678571428571,1.0,1016064,0,1016064,0.0,879427584,0.0006992000007812749,0.0,35.126953125
dense,1008,32,0,445,0.0005031158798374236,0.810577876984127,1.0,1016064,0,1016064,0.0,879427584,0.00078269999994518,0.0,35.126953125
dense,1008,32,0,446,0.0005335097666829824,0.810546875,1.0,1016064,0,1016064,0.0,879427584,0.0008345999995071907,0.0,35.126953125
dense,1008,32,0,447,0.0005499301478266716,0.8106398809523809,1.0,1016064,0,1016064,0.0,879427584,0.0008312999998452142,0.0,35.126953125
dense,1008,32,0,448,0.0005556472460739315,0.8107948908730159,1.0,1016064,0,1016064,0.0,879427584,0.0008302000005642185,0.0,35.126953125
dense,1008,32,0,449,0.0005273088463582098,0.8111979166666666,1.0,1016064,0,1016064,0.0,879427584,0.0008412999995925929,0.0,35.126953125
dense,1008,32,0,450,0.0004963702522218227,0.8110739087301587,1.0,1016064,0,1016064,0.0,879427584,0.0011295999993308214,0.0,35.126953125
dense,1008,32,0,451,0.0004740347503684461,0.8111979166666666,1.0,1016064,0,1016064,0.0,879427584,0.0008283000006485963,0.0,35.126953125
dense,1008,32,0,452,0.0004762299940921366,0.8116629464285714,1.0,1016064,0,1016064,0.0,879427584,0.0007261999999172986,0.0,35.126953125
dense,1008,32,0,453,0.0004890101263299584,0.8118179563492064,1.0,1016064,0,1016064,0.0,879427584,0.0006866000003356021,0.0,35.126953125
dense,1008,32,0,454,0.0004939267528243363,0.8116009424603174,1.0,1016064,0,1016064,0.0,879427584,0.0007939000006444985,0.0,35.126953125
dense,1008,32,0,455,0.0004822054470423609,0.8117869543650794,1.0,1016064,0,1016064,0.0,879427584,0.0008244999999078573,0.0,35.126953125
dense,1008,32,0,456,0.0004659807018470019,0.8116939484126984,1.0,1016064,0,1016064,0.0,879427584,0.0007598000001962646,0.0,35.126953125
dense,1008,32,0,457,0.0004584440030157566,0.8119419642857143,1.0,1016064,0,1016064,0.0,879427584,0.0007140999996408937,0.0,35.126953125
dense,1008,32,0,458,0.0004580938257277012,0.8116009424603174,1.0,1016064,0,1016064,0.0,879427584,0.0006800999999541091,0.0,35.126953125
dense,1008,32,0,459,0.0004612658522091806,0.8123759920634921,1.0,1016064,0,1016064,0.0,879427584,0.0011847000005218433,0.0,35.126953125
dense,1008,32,0,460,0.0004604954447131604,0.8120039682539683,1.0,1016064,0,1016064,0.0,879427584,0.0008420000003752648,0.0,35.126953125
dense,1008,32,0,461,0.0004547398129943758,0.8120349702380952,1.0,1016064,0,1016064,0.0,879427584,0.000733399999262474,0.0,35.126953125
dense,1008,32,0,462,0.0004493405285757035,0.8123139880952381,1.0,1016064,0,1016064,0.0,879427584,0.000713000000359898,0.0,35.126953125
dense,1008,32,0,463,0.0004472164437174797,0.8117249503968254,1.0,1016064,0,1016064,0.0,879427584,0.0007855000003473833,0.0,35.126953125
dense,1008,32,0,464,0.0004486354300752282,0.8124069940476191,1.0,1016064,0,1016064,0.0,879427584,0.0007851000000300701,0.0,35.126953125
dense,1008,32,0,465,0.00045111760846339166,0.8119729662698413,1.0,1016064,0,1016064,0.0,879427584,0.0007799999993949314,0.0,35.126953125
dense,1008,32,0,466,0.00045311453868635,0.812468998015873,1.0,1016064,0,1016064,0.0,879427584,0.0008858000001055188,0.0,35.126953125
dense,1008,32,0,467,0.00045469930046238005,0.8123139880952381,1.0,1016064,0,1016064,0.0,879427584,0.0011270000004515168,0.0,35.126953125
dense,1008,32,0,468,0.0004577252548187971,0.8125930059523809,1.0,1016064,0,1016064,0.0,879427584,0.0008639999996375991,0.0,35.126953125
dense,1008,32,0,469,0.0004617852973751724,0.812437996031746,1.0,1016064,0,1016064,0.0,879427584,0.0007899000001998502,0.0,35.126953125
dense,1008,32,0,470,0.0004697088443208486,0.8127790178571429,1.0,1016064,0,1016064,0.0,879427584,0.0007679000000280212,0.0,35.126953125
dense,1008,32,0,471,0.0004774551198352128,0.8130890376984127,1.0,1016064,0,1016064,0.0,879427584,0.0015469999998458661,0.0,35.126953125
dense,1008,32,0,472,0.0004926449619233608,0.8125,1.0,1016064,0,1016064,0.0,879427584,0.0009018999999170774,0.0,35.126953125
dense,1008,32,0,473,0.0005080958362668753,0.8131200396825397,1.0,1016064,0,1016064,0.0,879427584,0.0007005999996181345,0.0,35.126953125
dense,1008,32,0,474,0.0005200769519433379,0.8128410218253969,1.0,1016064,0,1016064,0.0,879427584,0.0007193999999799416,0.0,35.126953125
dense,1008,32,0,475,0.0005324886296875775,0.8134610615079365,1.0,1016064,0,1016064,0.0,879427584,0.000875100000484963,0.0,35.126953125
dense,1008,32,0,476,0.0005104112206026912,0.8129960317460317,1.0,1016064,0,1016064,0.0,879427584,0.000801099999989674,0.0,35.126953125
dense,1008,32,0,477,0.00048810741282068193,0.8137400793650794,1.0,1016064,0,1016064,0.0,879427584,0.0007367999996858998,0.0,35.126953125
dense,1008,32,0,478,0.0004596764629241079,0.8134920634920635,1.0,1016064,0,1016064,0.0,879427584,0.0007313999994948972,0.0,35.126953125
dense,1008,32,0,479,0.00044841712224297225,0.8137710813492064,1.0,1016064,0,1016064,0.0,879427584,0.0008007999995243154,0.0,35.126953125
dense,1008,32,0,480,0.0004522436938714236,0.8138020833333334,1.0,1016064,0,1016064,0.0,879427584,0.0007774000005156267,0.0,35.126953125
dense,1008,32,0,481,0.00046278155059553683,0.8136780753968254,1.0,1016064,0,1016064,0.0,879427584,0.000754400000005262,0.0,35.126953125
dense,1008,32,0,482,0.00047103033284656703,0.8136470734126984,1.0,1016064,0,1016064,0.0,879427584,0.002132500000698201,0.0,35.126953125
dense,1008,32,0,483,0.00046738216769881546,0.8135540674603174,1.0,1016064,0,1016064,0.0,879427584,0.0008229000004575937,0.0,35.126953125
dense,1008,32,0,484,0.00045860977843403816,0.8137710813492064,1.0,1016064,0,1016064,0.0,879427584,0.0007439000000886153,0.0,35.126953125
dense,1008,32,0,485,0.0004485053359530866,0.8140190972222222,1.0,1016064,0,1016064,0.0,879427584,0.000742799999898125,0.0,35.126953125
dense,1008,32,0,486,0.0004440522752702236,0.8138020833333334,1.0,1016064,0,1016064,0.0,879427584,0.0008055999996940955,0.0,35.126953125
dense,1008,32,0,487,0.00044415806769393384,0.8140190972222222,1.0,1016064,0,1016064,0.0,879427584,0.0007814000000507804,0.0,35.126953125
dense,1008,32,0,488,0.0004463219956960529,0.8139570932539683,1.0,1016064,0,1016064,0.0,879427584,0.0007535000004281756,0.0,35.126953125
dense,1008,32,0,489,0.0004485551326069981,0.8139570932539683,1.0,1016064,0,1016064,0.0,879427584,0.0006937999996807775,0.0,35.126953125
dense,1008,32,0,490,0.00044687610352411866,0.8140500992063492,1.0,1016064,0,1016064,0.0,879427584,0.0024203000002671615,0.0,35.126953125
dense,1008,32,0,491,0.00044438819168135524,0.8143291170634921,1.0,1016064,0,1016064,0.0,879427584,0.0008465999999316409,0.0,35.126953125
dense,1008,32,0,492,0.0004404774808790535,0.8141121031746031,1.0,1016064,0,1016064,0.0,879427584,0.0007432000002154382,0.0,35.126953125
dense,1008,32,0,493,0.0004378258890938014,0.8146701388888888,1.0,1016064,0,1016064,0.0,879427584,0.0008876000001691864,0.0,35.126953125
dense,1008,32,0,494,0.00043670058948919177,0.8140190972222222,1.0,1016064,0,1016064,0.0,879427584,0.0007709000001341337,0.0,35.126953125
dense,1008,32,0,495,0.00043755510705523193,0.8146081349206349,1.0,1016064,0,1016064,0.0,879427584,0.0008638999997856445,0.0,35.126953125
dense,1008,32,0,496,0.0004408271925058216,0.814515128968254,1.0,1016064,0,1016064,0.0,879427584,0.0008300999998027692,0.0,35.126953125
dense,1008,32,0,497,0.00044512690510600805,0.8145461309523809,1.0,1016064,0,1016064,0.0,879427584,0.0008283000006485963,0.0,35.126953125
dense,1008,32,0,498,0.00045209284871816635,0.8147321428571429,1.0,1016064,0,1016064,0.0,879427584,0.0008102000001599663,0.0,35.126953125
dense,1008,32,0,499,0.0004579461528919637,0.8143601190476191,1.0,1016064,0,1016064,0.0,879427584,0.0007428999997500796,0.0,35.126953125
dense,1008,32,0,500,0.00046713397023268044,0.8149181547619048,1.0,1016064,0,1016064,0.0,879427584,0.0008389000004171976,0.0,35.126953125
exact,1008,32,0,1,0.21209947764873505,0.2644469246031746,1.0,32256,1016064,1048320,1008.0,253919232,0.05048900000019785,0.00033490000078018056,50.30517578125
exact,1008,32,0,2,0.16565366089344025,0.21592881944444445,1.0,32256,1016064,1048320,1008.0,253919232,0.0016220000006796909,0.00033040000016626436,50.43017578125
exact,1008,32,0,3,0.14376398921012878,0.17981150793650794,1.0,32256,1016064,1048320,1008.0,253919232,0.001564400000461319,0.0003081999993810314,50.43017578125
exact,1008,32,0,4,0.1320393979549408,0.15677703373015872,1.0,32256,1016064,1048320,1008.0,253919232,0.0013383000004978385,0.0003126999999949476,50.43017578125
exact,1008,32,0,5,0.12475548684597015,0.1416170634920635,1.0,32256,1016064,1048320,1008.0,253919232,0.0014743000001544715,0.0003683000004457426,50.43017578125
exact,1008,32,0,6,0.11961444467306137,0.13445560515873015,1.0,32256,1016064,1048320,1008.0,253919232,0.0016142000004037982,0.0003020000003743917,50.43017578125
exact,1008,32,0,7,0.11531315743923187,0.1318204365079365,1.0,32256,1016064,1048320,1008.0,253919232,0.001414199999999255,0.0002736999995249789,50.43017578125
exact,1008,32,0,8,0.11174751818180084,0.13240947420634921,1.0,32256,1016064,1048320,1008.0,253919232,0.003184299999702489,0.00032869999995455146,50.43017578125
exact,1008,32,0,9,0.10833587497472763,0.1365637400793651,1.0,32256,1016064,1048320,1008.0,253919232,0.0030605000001742155,0.0002913999996962957,50.43017578125
exact,1008,32,0,10,0.10532670468091965,0.14186507936507936,1.0,32256,1016064,1048320,1008.0,253919232,0.0015313000003516208,0.00028930000007676426,50.43017578125
exact,1008,32,0,11,0.1022944375872612,0.14964657738095238,1.0,32256,1016064,1048320,1008.0,253919232,0.002878400000554393,0.00032779999946797034,50.43017578125
exact,1008,32,0,12,0.09956196695566177,0.15755208333333334,1.0,32256,1016064,1048320,1008.0,253919232,0.0015265000001818407,0.00030869999955029925,50.43017578125
exact,1008,32,0,13,0.09690215438604355,0.16762772817460317,1.0,32256,1016064,1048320,1008.0,253919232,0.0013797000001432025,0.00027380000028642826,50.43017578125
exact,1008,32,0,14,0.09440722316503525,0.17916046626984128,1.0,32256,1016064,1048320,1008.0,253919232,0.0013627000007545575,0.0002801000000545173,50.43017578125
exact,1008,32,0,15,0.0919642522931099,0.1900421626984127,1.0,32256,1016064,1048320,1008.0,253919232,0.001282799999898998,0.00029269999959069537,50.43017578125
exact,1008,32,0,16,0.08957593888044357,0.2013268849206349,1.0,32256,1016064,1048320,1008.0,253919232,0.001424099999894679,0.00033910000001924345,50.43017578125
exact,1008,32,0,17,0.08712385594844818,0.21223958333333334,1.0,32256,1016064,1048320,1008.0,253919232,0.0013730999999097548,0.00031209999997372506,50.43017578125
exact,1008,32,0,18,0.08486289530992508,0.22377232142857142,1.0,32256,1016064,1048320,1008.0,253919232,0.0013463999994201004,0.00032160000046133064,50.43017578125
exact,1008,32,0,19,0.08261069655418396,0.23434399801587302,1.0,32256,1016064,1048320,1008.0,253919232,0.0015602999992552213,0.00028729999939969275,50.43017578125
exact,1008,32,0,20,0.08043039590120316,0.24519469246031747,1.0,32256,1016064,1048320,1008.0,253919232,0.0014621999998780666,0.0003417999996599974,50.43017578125
exact,1008,32,0,21,0.07826710492372513,0.25666542658730157,1.0,32256,1016064,1048320,1008.0,253919232,0.0013136999996277154,0.0003025999994861195,50.43017578125
exact,1008,32,0,22,0.076053187251091,0.26841517857142855,1.0,32256,1016064,1048320,1008.0,253919232,0.006893599999784783,0.0006111000002420042,50.43017578125
exact,1008,32,0,23,0.07400281727313995,0.2802579365079365,1.0,32256,1016064,1048320,1008.0,253919232,0.0015911999998934334,0.00029850000009901123,50.43017578125
exact,1008,32,0,24,0.07188385725021362,0.2935267857142857,1.0,32256,1016064,1048320,1008.0,253919232,0.0015817999992577825,0.0002918999998655636,50.43017578125
exact,1008,32,0,25,0.06984230875968933,0.3068576388888889,1.0,32256,1016064,1048320,1008.0,253919232,0.0013307000008353498,0.0002997999999934109,50.43017578125
exact,1008,32,0,26,0.06781918555498123,0.3185453869047619,1.0,32256,1016064,1048320,1008.0,253919232,0.0022902000000613043,0.00032300000020768493,50.43017578125
exact,1008,32,0,27,0.06586197763681412,0.3302641369047619,1.0,32256,1016064,1048320,1008.0,253919232,0.001455500000702159,0.00027260000024398323,50.43017578125
exact,1008,32,0,28,0.06396645307540894,0.34207589285714285,1.0,32256,1016064,1048320,1008.0,253919232,0.0016743999995014747,0.00027570000020205043,50.43017578125
exact,1008,32,0,29,0.06208088621497154,0.35379464285714285,1.0,32256,1016064,1048320,1008.0,253919232,0.001555499999994936,0.0002855000002455199,50.43017578125
exact,1008,32,0,30,0.06025870516896248,0.36452132936507936,1.0,32256,1016064,1048320,1008.0,253919232,0.0021650000007866765,0.00027709999994840473,50.43017578125
exact,1008,32,0,31,0.05846191942691803,0.375031001984127,1.0,32256,1016064,1048320,1008.0,253919232,0.001505899999756366,0.0002873999992516474,50.43017578125
exact,1008,32,0,32,0.056765515357255936,0.386687748015873,1.0,32256,1016064,1048320,1008.0,253919232,0.0013275999999677879,0.0002941999991890043,50.43017578125
exact,1008,32,0,33,0.05515330284833908,0.39657738095238093,1.0,32256,1016064,1048320,1008.0,253919232,0.0013855999995939783,0.0003260000003137975,50.43017578125
exact,1008,32,0,34,0.05348814278841019,0.40696304563492064,1.0,32256,1016064,1048320,1008.0,253919232,0.0013004000002183602,0.0002853999994840706,50.43017578125
exact,1008,32,0,35,0.052002567797899246,0.41784474206349204,1.0,32256,1016064,1048320,1008.0,253919232,0.00142870000036055,0.0003021000002263463,50.43017578125
exact,1008,32,0,36,0.05053890869021416,0.4273313492063492,1.0,32256,1016064,1048320,1008.0,253919232,0.0013927999998486484,0.0002903000004153,50.43017578125
exact,1008,32,0,37,0.04911183565855026,0.4382750496031746,1.0,32256,1016064,1048320,1008.0,253919232,0.001332100000581704,0.0003169999999954598,50.43017578125
exact,1008,32,0,38,0.047812946140766144,0.44810267857142855,1.0,32256,1016064,1048320,1008.0,253919232,0.0014238000003388152,0.0002739000001383829,50.43017578125
exact,1008,32,0,39,0.046580731868743896,0.4558531746031746,1.0,32256,1016064,1048320,1008.0,253919232,0.0012962999999217573,0.00028920000022480963,50.43017578125
exact,1008,32,0,40,0.045388009399175644,0.4663938492063492,1.0,32256,1016064,1048320,1008.0,253919232,0.0013380999998844345,0.0002820999998220941,50.43017578125
exact,1008,32,0,41,0.04422365128993988,0.4754774305555556,1.0,32256,1016064,1048320,1008.0,253919232,0.0015419999999721767,0.00033089999942603754,50.43017578125
exact,1008,32,0,42,0.043127380311489105,0.4830419146825397,1.0,32256,1016064,1048320,1008.0,253919232,0.0014160000000629225,0.00031709999984741444,50.43017578125
exact,1008,32,0,43,0.0420280396938324,0.49116443452380953,1.0,32256,1016064,1048320,1008.0,253919232,0.0014876000004733214,0.00032310000005963957,50.43017578125
exact,1008,32,0,44,0.041037723422050476,0.49931795634920634,1.0,32256,1016064,1048320,1008.0,253919232,0.0015524000000368687,0.0002961999998660758,50.43017578125
exact,1008,32,0,45,0.040062688291072845,0.5066654265873016,1.0,32256,1016064,1048320,1008.0,253919232,0.0022288999998636427,0.0003264999995735707,50.43017578125
exact,1008,32,0,46,0.03910312056541443,0.5142609126984127,1.0,32256,1016064,1048320,1008.0,253919232,0.001499599999988277,0.0003079999996771221,50.43017578125
exact,1008,32,0,47,0.03819857910275459,0.5205853174603174,1.0,32256,1016064,1048320,1008.0,253919232,0.003047600000172679,0.0002643000007083174,50.43017578125
exact,1008,32,0,48,0.03735863044857979,0.5269407242063492,1.0,32256,1016064,1048320,1008.0,253919232,0.001415100000485836,0.0003096000000368804,50.43017578125
exact,1008,32,0,49,0.036527350544929504,0.5330481150793651,1.0,32256,1016064,1048320,1008.0,253919232,0.0013482000003932626,0.0002711000006456743,50.43017578125
exact,1008,32,0,50,0.03572438284754753,0.539031498015873,1.0,32256,1016064,1048320,1008.0,253919232,0.003033500000128697,0.0003077000001212582,50.43017578125
exact,1008,32,0,51,0.034969884902238846,0.5444878472222222,1.0,32256,1016064,1048320,1008.0,253919232,0.0014689999998154235,0.000321500000609376,50.43017578125
exact,1008,32,0,52,0.03424788638949394,0.5496341765873016,1.0,32256,1016064,1048320,1008.0,253919232,0.0014254999996410334,0.00031800000033399556,50.43017578125
exact,1008,32,0,53,0.03357185795903206,0.5541604662698413,1.0,32256,1016064,1048320,1008.0,253919232,0.001670900000135589,0.0002676999993127538,50.43017578125
exact,1008,32,0,54,0.03288472443819046,0.5585007440476191,1.0,32256,1016064,1048320,1008.0,253919232,0.0014280999994298327,0.00031859999944572337,50.43017578125
exact,1008,32,0,55,0.032230544835329056,0.5632130456349206,1.0,32256,1016064,1048320,1008.0,253919232,0.0013472000000547268,0.00033710000025166664,50.43017578125
exact,1008,32,0,56,0.03156808763742447,0.5675223214285714,1.0,32256,1016064,1048320,1008.0,253919232,0.00136339999971824,0.0003009000001839013,50.43017578125
exact,1008,32,0,57,0.030931640416383743,0.5709945436507936,1.0,32256,1016064,1048320,1008.0,253919232,0.0014556000005541136,0.0002899000000979868,50.43017578125
exact,1008,32,0,58,0.030311983078718185,0.5750868055555556,1.0,32256,1016064,1048320,1008.0,253919232,0.0015298999996957718,0.0003027000002475688,50.43017578125
exact,1008,32,0,59,0.029684899374842644,0.5794580853174603,1.0,32256,1016064,1048320,1008.0,253919232,0.0013830999996571336,0.0003119000002698158,50.43017578125
exact,1008,32,0,60,0.029074182733893394,0.5833333333333334,1.0,32256,1016064,1048320,1008.0,253919232,0.0013182000002416316,0.0002750000003288733,50.43017578125
exact,1008,32,0,61,0.02845977433025837,0.5867435515873016,1.0,32256,1016064,1048320,1008.0,253919232,0.0018463000005795038,0.0003080000005866168,50.43017578125
exact,1008,32,0,62,0.027846166864037514,0.5900297619047619,1.0,32256,1016064,1048320,1008.0,253919232,0.0014069999997445848,0.0002984000002470566,50.43017578125
exact,1008,32,0,63,0.027208639308810234,0.5936259920634921,1.0,32256,1016064,1048320,1008.0,253919232,0.0013230000004114117,0.00027749999935622327,50.43017578125
exact,1008,32,0,64,0.026587843894958496,0.5960441468253969,1.0,32256,1016064,1048320,1008.0,253919232,0.0014080000000831205,0.0003012999995917198,50.43017578125
exact,1008,32,0,65,0.025959361344575882,0.5990513392857143,1.0,32256,1016064,1048320,1008.0,253919232,0.001315499999691383,0.0002764999999271822,50.43017578125
exact,1008,32,0,66,0.02534620463848114,0.6023995535714286,1.0,32256,1016064,1048320,1008.0,253919232,0.0013989999997647828,0.0003178999995725462,50.43017578125
exact,1008,32,0,67,0.02471180073916912,0.6052517361111112,1.0,32256,1016064,1048320,1008.0,253919232,0.0013429999999061693,0.00027720000070985407,50.43017578125
exact,1008,32,0,68,0.024068720638751984,0.6082589285714286,1.0,32256,1016064,1048320,1008.0,253919232,0.0013453000001391047,0.00031739999940327834,50.43017578125
exact,1008,32,0,69,0.02341427654027939,0.611390128968254,1.0,32256,1016064,1048320,1008.0,253919232,0.0016826000000946806,0.0003198000003976631,50.43017578125
exact,1008,32,0,70,0.022739041596651077,0.6149243551587301,1.0,32256,1016064,1048320,1008.0,253919232,0.001306000000113272,0.00030049999986658804,50.43017578125
exact,1008,32,0,71,0.022059684619307518,0.6185205853174603,1.0,32256,1016064,1048320,1008.0,253919232,0.0021425000004455796,0.0005406000000220956,50.43017578125
exact,1008,32,0,72,0.021372130140662193,0.6214657738095238,1.0,32256,1016064,1048320,1008.0,253919232,0.0013704000002690009,0.00027909999971598154,50.43017578125
exact,1008,32,0,73,0.020675528794527054,0.6241009424603174,1.0,32256,1016064,1048320,1008.0,253919232,0.0015822000004845904,0.0003144000002066605,50.43017578125
exact,1008,32,0,74,0.019974524155259132,0.6276041666666666,1.0,32256,1016064,1048320,1008.0,253919232,0.0014718000002176268,0.0003149999993183883,50.43017578125
exact,1008,32,0,75,0.01926843822002411,0.6301773313492064,1.0,32256,1016064,1048320,1008.0,253919232,0.0013871999999537366,0.00029270000050019007,50.43017578125
exact,1008,32,0,76,0.01856410503387451,0.6329675099206349,1.0,32256,1016064,1048320,1008.0,253919232,0.002458199999637145,0.0002913999996962957,50.43017578125
exact,1008,32,0,77,0.017853885889053345,0.6359126984126984,1.0,32256,1016064,1048320,1008.0,253919232,0.0014539999992848607,0.00029690000064874766,50.43017578125
exact,1008,32,0,78,0.017141249030828476,0.6388578869047619,1.0,32256,1016064,1048320,1008.0,253919232,0.0014006000001245411,0.0003236999991713674,50.43017578125
exact,1008,32,0,79,0.01643814519047737,0.642516121031746,1.0,32256,1016064,1048320,1008.0,253919232,0.0013364999995246762,0.0002730000005612965,50.43017578125
exact,1008,32,0,80,0.015744170174002647,0.6453373015873016,1.0,32256,1016064,1048320,1008.0,253919232,0.0019292999995741411,0.0003791999997702078,50.43017578125
exact,1008,32,0,81,0.0150604248046875,0.6481274801587301,1.0,32256,1016064,1048320,1008.0,253919232,0.0014068999998926301,0.00030140000035316916,50.43017578125
exact,1008,32,0,82,0.014390255324542522,0.650328621031746,1.0,32256,1016064,1048320,1008.0,253919232,0.0012866000006397371,0.00029799999992974335,50.43017578125
exact,1008,32,0,83,0.013728043995797634,0.6533048115079365,1.0,32256,1016064,1048320,1008.0,253919232,0.001468100000238337,0.00030919999971956713,50.43017578125
exact,1008,32,0,84,0.013084029778838158,0.6561569940476191,1.0,32256,1016064,1048320,1008.0,253919232,0.0014404999992621015,0.0002741999996942468,50.43017578125
exact,1008,32,0,85,0.012461991980671883,0.658265128968254,1.0,32256,1016064,1048320,1008.0,253919232,0.001633400000173424,0.0002997999999934109,50.43017578125
exact,1008,32,0,86,0.01185761671513319,0.6610863095238095,1.0,32256,1016064,1048320,1008.0,253919232,0.0019118000000162283,0.0002770000000964501,50.43017578125
exact,1008,32,0,87,0.011271362192928791,0.6637214781746031,1.0,32256,1016064,1048320,1008.0,253919232,0.0014315999997052131,0.00028109999948355835,50.43017578125
exact,1008,32,0,88,0.010708749294281006,0.6665426587301587,1.0,32256,1016064,1048320,1008.0,253919232,0.0014002999996591825,0.000303199999507342,50.43017578125
exact,1008,32,0,89,0.010166134685277939,0.6688678075396826,1.0,32256,1016064,1048320,1008.0,253919232,0.00154480000037438,0.00028449999990698416,50.43017578125
exact,1008,32,0,90,0.0096482764929533,0.6714099702380952,1.0,32256,1016064,1048320,1008.0,253919232,0.0014964000001782551,0.0003428999998504878,50.43017578125
exact,1008,32,0,91,0.009149931371212006,0.6733320932539683,1.0,32256,1016064,1048320,1008.0,253919232,0.00152669999988575,0.00031960000069375383,50.43017578125
exact,1008,32,0,92,0.008677649311721325,0.6753782242063492,1.0,32256,1016064,1048320,1008.0,253919232,0.0013183000000935863,0.00026950000028591603,50.43017578125
exact,1008,32,0,93,0.00822819210588932,0.677703373015873,1.0,32256,1016064,1048320,1008.0,253919232,0.001489400000536989,0.00032559999999648426,50.43017578125
exact,1008,32,0,94,0.007803251966834068,0.6792844742063492,1.0,32256,1016064,1048320,1008.0,253919232,0.0013546000000133063,0.00027210000007471535,50.43017578125
exact,1008,32,0,95,0.00740021513774991,0.681702628968254,1.0,32256,1016064,1048320,1008.0,253919232,0.001306700000895944,0.0003059999999095453,50.43017578125
exact,1008,32,0,96,0.0070197503082454205,0.6843998015873016,1.0,32256,1016064,1048320,1008.0,253919232,0.0029678999999305233,0.0007925999998406041,50.43017578125
exact,1008,32,0,97,0.006659278180450201,0.6865079365079365,1.0,32256,1016064,1048320,1008.0,253919232,0.0014435999992201687,0.00027580000005400507,50.43017578125
exact,1008,32,0,98,0.006323289591819048,0.6874069940476191,1.0,32256,1016064,1048320,1008.0,253919232,0.001326800000242656,0.0002778000007310766,50.43017578125
exact,1008,32,0,99,0.006009532604366541,0.6892671130952381,1.0,32256,1016064,1048320,1008.0,253919232,0.0012674999998125713,0.00027719999980035936,50.43017578125
exact,1008,32,0,100,0.005717925727367401,0.6909412202380952,1.0,32256,1016064,1048320,1008.0,253919232,0.0013995999997860054,0.0002964000004794798,50.43017578125
exact,1008,32,0,101,0.0054451050236821175,0.6929873511904762,1.0,32256,1016064,1048320,1008.0,253919232,0.001424600000063947,0.00027890000001207227,50.43017578125
exact,1008,32,0,102,0.005190693307667971,0.6944134424603174,1.0,32256,1016064,1048320,1008.0,253919232,0.0014873000000079628,0.00027749999935622327,50.43017578125
exact,1008,32,0,103,0.004952467046678066,0.6959635416666666,1.0,32256,1016064,1048320,1008.0,253919232,0.0019282000002931454,0.0003063000003749039,50.43017578125
exact,1008,32,0,104,0.004728414583951235,0.6970176091269841,1.0,32256,1016064,1048320,1008.0,253919232,0.0013816999999107793,0.0002841000004991656,50.43017578125
exact,1008,32,0,105,0.0045192367397248745,0.6981336805555556,1.0,32256,1016064,1048320,1008.0,253919232,0.0014142999998512096,0.0002944999996543629,50.43017578125
exact,1008,32,0,106,0.00432313559576869,0.699187748015873,1.0,32256,1016064,1048320,1008.0,253919232,0.001337499999863212,0.00027660000068863155,50.43017578125
exact,1008,32,0,107,0.004139212425798178,0.7006448412698413,1.0,32256,1016064,1048320,1008.0,253919232,0.0013504999997167033,0.0002720000002227607,50.43017578125
exact,1008,32,0,108,0.003966817166656256,0.7024429563492064,1.0,32256,1016064,1048320,1008.0,253919232,0.0032283999998981017,0.00032499999997526174,50.43017578125
exact,1008,32,0,109,0.0038049216382205486,0.7033730158730159,1.0,32256,1016064,1048320,1008.0,253919232,0.0031947999996191356,0.0003098999995927443,50.43017578125
exact,1008,32,0,110,0.003653433872386813,0.7049851190476191,1.0,32256,1016064,1048320,1008.0,253919232,0.0014307000001281267,0.0002844000000550295,50.43017578125
exact,1008,32,0,111,0.0035111727192997932,0.7056051587301587,1.0,32256,1016064,1048320,1008.0,253919232,0.0014209000000846572,0.00031490000037592836,50.43017578125
exact,1008,32,0,112,0.003378687659278512,0.7069072420634921,1.0,32256,1016064,1048320,1008.0,253919232,0.0013466000000335043,0.0002764999999271822,50.43017578125
exact,1008,32,0,113,0.0032539095263928175,0.7080853174603174,1.0,32256,1016064,1048320,1008.0,253919232,0.0013226999999460531,0.0002751000001808279,50.43017578125
exact,1008,32,0,114,0.0031371985096484423,0.7097904265873016,1.0,32256,1016064,1048320,1008.0,253919232,0.001340199999503966,0.00027219999992667,50.43017578125
exact,1008,32,0,115,0.003027805360034108,0.7105344742063492,1.0,32256,1016064,1048320,1008.0,253919232,0.0013447000001178822,0.00026929999967251206,50.43017578125
exact,1008,32,0,116,0.0029244120232760906,0.710906498015873,1.0,32256,1016064,1048320,1008.0,253919232,0.0012876000000687782,0.0002795000000332948,50.43017578125
exact,1008,32,0,117,0.002826348878443241,0.7119915674603174,1.0,32256,1016064,1048320,1008.0,253919232,0.0013982999998916057,0.00028369999927235767,50.43017578125
exact,1008,32,0,118,0.0027343351393938065,0.712921626984127,1.0,32256,1016064,1048320,1008.0,253919232,0.0014217999996617436,0.0003152999997837469,50.43017578125
exact,1008,32,0,119,0.002647583605721593,0.7136346726190477,1.0,32256,1016064,1048320,1008.0,253919232,0.002081499999803782,0.000309699999888835,50.43017578125
exact,1008,32,0,120,0.0025660069659352303,0.7139136904761905,1.0,32256,1016064,1048320,1008.0,253919232,0.0014702999997098232,0.0002885999992940924,50.43017578125
exact,1008,32,0,121,0.002489169128239155,0.71484375,1.0,32256,1016064,1048320,1008.0,253919232,0.002189400000133901,0.0004887999994025449,50.43017578125
exact,1008,32,0,122,0.0024170102551579475,0.7159908234126984,1.0,32256,1016064,1048320,1008.0,253919232,0.0014781999998376705,0.00028730000030918745,50.43017578125
exact,1008,32,0,123,0.002348465146496892,0.7175719246031746,1.0,32256,1016064,1048320,1008.0,253919232,0.0013482000003932626,0.00028899999961140566,50.43017578125
exact,1008,32,0,124,0.002283345675095916,0.7189980158730159,1.0,32256,1016064,1048320,1008.0,253919232,0.0016512000001966953,0.00031820000003790483,50.43017578125
exact,1008,32,0,125,0.002221891889348626,0.7198040674603174,1.0,32256,1016064,1048320,1008.0,253919232,0.0014129000001048553,0.00028159999965282623,50.43017578125
exact,1008,32,0,126,0.002163470955565572,0.7209511408730159,1.0,32256,1016064,1048320,1008.0,253919232,0.0014628999997512437,0.0002592999999251333,50.43017578125
exact,1008,32,0,127,0.002107980428263545,0.7213231646825397,1.0,32256,1016064,1048320,1008.0,253919232,0.0015065999996295432,0.00033879999955388485,50.43017578125
exact,1008,32,0,128,0.0020554536022245884,0.7220362103174603,1.0,32256,1016064,1048320,1008.0,253919232,0.0014864999993733363,0.00039280000055441633,50.43017578125
exact,1008,32,0,129,0.0020054278429597616,0.7232452876984127,1.0,32256,1016064,1048320,1008.0,253919232,0.0014130999998087646,0.0002987000007124152,50.43017578125
exact,1008,32,0,130,0.0019580635707825422,0.7244233630952381,1.0,32256,1016064,1048320,1008.0,253919232,0.0030237000000852277,0.000299500000437547,50.43017578125
exact,1008,32,0,131,0.0019124174723401666,0.7252294146825397,1.0,32256,1016064,1048320,1008.0,253919232,0.0014327999997476581,0.00030140000035316916,50.43017578125
exact,1008,32,0,132,0.0018692242447286844,0.7260974702380952,1.0,32256,1016064,1048320,1008.0,253919232,0.0016931000000113272,0.00032479999936185777,50.43017578125
exact,1008,32,0,133,0.001827998086810112,0.7270275297619048,1.0,32256,1016064,1048320,1008.0,253919232,0.0021757999993496924,0.00030869999955029925,50.43017578125
exact,1008,32,0,134,0.0017884901026263833,0.7278955853174603,1.0,32256,1016064,1048320,1008.0,253919232,0.001369699999486329,0.0002885000003516325,50.43017578125
exact,1008,32,0,135,0.0017510100733488798,0.7286086309523809,1.0,32256,1016064,1048320,1008.0,253919232,0.0013641000005009118,0.00029290000020409934,50.43017578125
exact,1008,32,0,136,0.0017150755738839507,0.7291976686507936,1.0,32256,1016064,1048320,1008.0,253919232,0.0013834999999744468,0.0003714000004038098,50.43017578125
exact,1008,32,0,137,0.0016807388747110963,0.7301897321428571,1.0,32256,1016064,1048320,1008.0,253919232,0.0013869000003978726,0.00031630000012228265,50.43017578125
exact,1008,32,0,138,0.0016477773897349834,0.7305617559523809,1.0,32256,1016064,1048320,1008.0,253919232,0.0013457999993988778,0.000276099999609869,50.43017578125
exact,1008,32,0,139,0.0016162947285920382,0.7311507936507936,1.0,32256,1016064,1048320,1008.0,253919232,0.0013005999999222695,0.0002643000007083174,50.43017578125
exact,1008,32,0,140,0.0015860942658036947,0.7320188492063492,1.0,32256,1016064,1048320,1008.0,253919232,0.0014939999991838704,0.0002947000002677669,50.43017578125
exact,1008,32,0,141,0.0015571491094306111,0.7328559027777778,1.0,32256,1016064,1048320,1008.0,253919232,0.0013292000003275461,0.00029259999973874073,50.43017578125
exact,1008,32,0,142,0.0015293851029127836,0.7331659226190477,1.0,32256,1016064,1048320,1008.0,253919232,0.0013733000005231588,0.00028950000069016824,50.43017578125
exact,1008,32,0,143,0.0015023495070636272,0.7338479662698413,1.0,32256,1016064,1048320,1008.0,253919232,0.0013581999992311466,0.0003453999997873325,50.43017578125
exact,1008,32,0,144,0.0014766051899641752,0.7344680059523809,1.0,32256,1016064,1048320,1008.0,253919232,0.0013146999999662512,0.00030389999938051915,50.43017578125
exact,1008,32,0,145,0.0014517423696815968,0.7352740575396826,1.0,32256,1016064,1048320,1008.0,253919232,0.0013855000006515183,0.0002822999995260034,50.43017578125
exact,1008,32,0,146,0.0014277604641392827,0.7358940972222222,1.0,32256,1016064,1048320,1008.0,253919232,0.0013410000001385924,0.0002837000001818524,50.43017578125
exact,1008,32,0,147,0.0014045867137610912,0.7367311507936508,1.0,32256,1016064,1048320,1008.0,253919232,0.001481199999943783,0.0002718999994613114,50.43017578125
exact,1008,32,0,148,0.0013823077315464616,0.7375062003968254,1.0,32256,1016064,1048320,1008.0,253919232,0.00136339999971824,0.0002793000003293855,50.43017578125
exact,1008,32,0,149,0.001360758556984365,0.7375992063492064,1.0,32256,1016064,1048320,1008.0,253919232,0.0012813000003006891,0.00029269999959069537,50.43017578125
exact,1008,32,0,150,0.0013402871554717422,0.7374751984126984,1.0,32256,1016064,1048320,1008.0,253919232,0.0024684999998498824,0.0003079999996771221,50.43017578125
exact,1008,32,0,151,0.0013202038826420903,0.7377852182539683,1.0,32256,1016064,1048320,1008.0,253919232,0.0013287000001582783,0.0003119999992122757,50.43017578125
exact,1008,32,0,152,0.001300831907428801,0.738312251984127,1.0,32256,1016064,1048320,1008.0,253919232,0.0020089999998162966,0.0003492999994705315,50.43017578125
exact,1008,32,0,153,0.0012821312993764877,0.7392113095238095,1.0,32256,1016064,1048320,1008.0,253919232,0.0013171999999030959,0.00030920000062906183,50.43017578125
exact,1008,32,0,154,0.0012639026390388608,0.7396143353174603,1.0,32256,1016064,1048320,1008.0,253919232,0.00207589999990887,0.0003541999994922662,50.43017578125
exact,1008,32,0,155,0.0012464550090953708,0.7405443948412699,1.0,32256,1016064,1048320,1008.0,253919232,0.0015710999996372266,0.0003000999995492748,50.43017578125
exact,1008,32,0,156,0.0012294099433347583,0.7406994047619048,1.0,32256,1016064,1048320,1008.0,253919232,0.0013806999995722435,0.00027270000009593787,50.43017578125
exact,1008,32,0,157,0.0012127686059102416,0.7413194444444444,1.0,32256,1016064,1048320,1008.0,253919232,0.0013564000000769738,0.0002782000001388951,50.43017578125
exact,1008,32,0,158,0.001196912955492735,0.7419084821428571,1.0,32256,1016064,1048320,1008.0,253919232,0.003141400000458816,0.00031089999993128004,50.43017578125
exact,1008,32,0,159,0.0011814037570729852,0.7425285218253969,1.0,32256,1016064,1048320,1008.0,253919232,0.0030428000000028987,0.00030359999982465524,50.43017578125
exact,1008,32,0,160,0.0011665313504636288,0.7431175595238095,1.0,32256,1016064,1048320,1008.0,253919232,0.0014399000001503737,0.0002801000000545173,50.43017578125
exact,1008,32,0,161,0.0011520490515977144,0.7434585813492064,1.0,32256,1016064,1048320,1008.0,253919232,0.001341800000773219,0.00027289999979984714,50.43017578125
exact,1008,32,0,162,0.001137870247475803,0.7437375992063492,1.0,32256,1016064,1048320,1008.0,253919232,0.0013775999996141763,0.0002882999997382285,50.43017578125
exact,1008,32,0,163,0.001124153146520257,0.744171626984127,1.0,32256,1016064,1048320,1008.0,253919232,0.0013724000000365777,0.0002590000003692694,50.43017578125
exact,1008,32,0,164,0.001110787270590663,0.7447916666666666,1.0,32256,1016064,1048320,1008.0,253919232,0.0014467000000877306,0.0003119000002698158,50.43017578125
exact,1008,32,0,165,0.0010977747151628137,0.7448226686507936,1.0,32256,1016064,1048320,1008.0,253919232,0.0012704000000667293,0.00026669999988371274,50.43017578125
exact,1008,32,0,166,0.0010851345723494887,0.7455047123015873,1.0,32256,1016064,1048320,1008.0,253919232,0.00300500000048487,0.000273600000582519,50.43017578125
exact,1008,32,0,167,0.0010730662615969777,0.7457527281746031,1.0,32256,1016064,1048320,1008.0,253919232,0.0014717000003656722,0.00029409999933704967,50.43017578125
exact,1008,32,0,168,0.0010612065671011806,0.7457837301587301,1.0,32256,1016064,1048320,1008.0,253919232,0.0014363999998749932,0.0003079999996771221,50.43017578125
exact,1008,32,0,169,0.0010496394243091345,0.7459387400793651,1.0,32256,1016064,1048320,1008.0,253919232,0.0013583999998445506,0.00027719999980035936,50.43017578125
exact,1008,32,0,170,0.0010383091866970062,0.7464347718253969,1.0,32256,1016064,1048320,1008.0,253919232,0.0013247999995655846,0.00028250000013940735,50.43017578125
exact,1008,32,0,171,0.0010273923398926854,0.7467757936507936,1.0,32256,1016064,1048320,1008.0,253919232,0.00154720000045927,0.0003087999994022539,50.43017578125
exact,1008,32,0,172,0.001016685040667653,0.7473338293650794,1.0,32256,1016064,1048320,1008.0,253919232,0.0019865000003846944,0.0006786999992982601,50.43017578125
exact,1008,32,0,173,0.0010062090586870909,0.7476748511904762,1.0,32256,1016064,1048320,1008.0,253919232,0.0015850999998292536,0.00028479999946284806,50.43017578125
exact,1008,32,0,174,0.000996152637526393,0.747984871031746,1.0,32256,1016064,1048320,1008.0,253919232,0.0013757999995505088,0.00028560000009747455,50.43017578125
exact,1008,32,0,175,0.0009862203150987625,0.7484809027777778,1.0,32256,1016064,1048320,1008.0,253919232,0.0013608999997813953,0.000313599999572034,50.43017578125
exact,1008,32,0,176,0.0009765963768586516,0.7482948908730159,1.0,32256,1016064,1048320,1008.0,253919232,0.0015653000000384054,0.0003251000007367111,50.43017578125
exact,1008,32,0,177,0.0009673942113295197,0.7487909226190477,1.0,32256,1016064,1048320,1008.0,253919232,0.001387100000101782,0.0002637999996295548,50.43017578125
exact,1008,32,0,178,0.0009582031052559614,0.7491939484126984,1.0,32256,1016064,1048320,1008.0,253919232,0.0023805999999240157,0.0003765999999814085,50.43017578125
exact,1008,32,0,179,0.0009492909885011613,0.7495349702380952,1.0,32256,1016064,1048320,1008.0,253919232,0.0013599000003523543,0.00033710000025166664,50.43017578125
exact,1008,32,0,180,0.0009406161261722445,0.7499069940476191,1.0,32256,1016064,1048320,1008.0,253919232,0.0012866000006397371,0.0002660000000105356,50.43017578125
exact,1008,32,0,181,0.000932040624320507,0.7503720238095238,1.0,32256,1016064,1048320,1008.0,253919232,0.0013766000001851353,0.00028019999990647193,50.43017578125
exact,1008,32,0,182,0.0009236840414814651,0.7509300595238095,1.0,32256,1016064,1048320,1008.0,253919232,0.0013467999997374136,0.00027940000018134015,50.43017578125
exact,1008,32,0,183,0.0009156019077636302,0.7513950892857143,1.0,32256,1016064,1048320,1008.0,253919232,0.0031531000004179077,0.0011291000000710483,50.43017578125
exact,1008,32,0,184,0.0009076647693291306,0.751922123015873,1.0,32256,1016064,1048320,1008.0,253919232,0.001302399999985937,0.00026700000034907134,50.43017578125
exact,1008,32,0,185,0.000899944978300482,0.7521701388888888,1.0,32256,1016064,1048320,1008.0,253919232,0.0013754000001426903,0.00029229999927338213,50.43017578125
exact,1008,32,0,186,0.0008923637797124684,0.7526661706349206,1.0,32256,1016064,1048320,1008.0,253919232,0.0014663000001746695,0.0002997999999934109,50.43017578125
exact,1008,32,0,187,0.0008849478326737881,0.7533792162698413,1.0,32256,1016064,1048320,1008.0,253919232,0.0015447000005224254,0.0003223999992769677,50.43017578125
exact,1008,32,0,188,0.0008776846807450056,0.7535962301587301,1.0,32256,1016064,1048320,1008.0,253919232,0.0014381000000867061,0.00032000000010157237,50.43017578125
exact,1008,32,0,189,0.0008706898079253733,0.7536582341269841,1.0,32256,1016064,1048320,1008.0,253919232,0.0012833999999202206,0.0002722999997786246,50.43017578125
exact,1008,32,0,190,0.0008636616985313594,0.7538132440476191,1.0,32256,1016064,1048320,1008.0,253919232,0.0015774000003148103,0.0003079999996771221,50.43017578125
exact,1008,32,0,191,0.0008568605408072472,0.7544332837301587,1.0,32256,1016064,1048320,1008.0,253919232,0.0014578000000255997,0.0002903000004153,50.43017578125
exact,1008,32,0,192,0.0008503121207468212,0.7544952876984127,1.0,32256,1016064,1048320,1008.0,253919232,0.0033176999995703227,0.00027910000062547624,50.43017578125
exact,1008,32,0,193,0.0008437533397227526,0.7551153273809523,1.0,32256,1016064,1048320,1008.0,253919232,0.0013980000003357418,0.00031070000022737077,50.43017578125
exact,1008,32,0,194,0.0008373459568247199,0.7555803571428571,1.0,32256,1016064,1048320,1008.0,253919232,0.0013896000000386266,0.0002877000006265007,50.43017578125
exact,1008,32,0,195,0.0008310198900289834,0.7559523809523809,1.0,32256,1016064,1048320,1008.0,253919232,0.00136819999988802,0.0002795000000332948,50.43017578125
exact,1008,32,0,196,0.000824988295789808,0.7560763888888888,1.0,32256,1016064,1048320,1008.0,253919232,0.0013263999999253429,0.0002737000004344736,50.43017578125
exact,1008,32,0,197,0.0008188970386981964,0.7564174107142857,1.0,32256,1016064,1048320,1008.0,253919232,0.0029586000000563217,0.00027690000024449546,50.43017578125
exact,1008,32,0,198,0.0008132031070999801,0.7564174107142857,1.0,32256,1016064,1048320,1008.0,253919232,0.001333899999735877,0.00027739999950426864,50.43017578125
exact,1008,32,0,199,0.0008074440993368626,0.7567894345238095,1.0,32256,1016064,1048320,1008.0,253919232,0.0014385999993464793,0.00028980000024603214,50.43017578125
exact,1008,32,0,200,0.0008018617518246174,0.7569754464285714,1.0,32256,1016064,1048320,1008.0,253919232,0.00135610000052111,0.0003228999994462356,50.43017578125
exact,1008,32,0,201,0.0007964318501763046,0.7571924603174603,1.0,32256,1016064,1048320,1008.0,253919232,0.0025226000007023686,0.000830800000585441,50.43017578125
exact,1008,32,0,202,0.0007910334970802069,0.7574714781746031,1.0,32256,1016064,1048320,1008.0,253919232,0.0013536999995267252,0.00030560000050172675,50.43017578125
exact,1008,32,0,203,0.0007857440505176783,0.7574404761904762,1.0,32256,1016064,1048320,1008.0,253919232,0.0014178999999785447,0.00032390000069426605,50.43017578125
exact,1008,32,0,204,0.0007804605411365628,0.757843501984127,1.0,32256,1016064,1048320,1008.0,253919232,0.001424600000063947,0.00031430000035470584,50.43017578125
exact,1008,32,0,205,0.0007753215613774955,0.7580295138888888,1.0,32256,1016064,1048320,1008.0,253919232,0.0013926000001447392,0.0002917000001616543,50.43017578125
exact,1008,32,0,206,0.0007703232695348561,0.7583085317460317,1.0,32256,1016064,1048320,1008.0,253919232,0.0015855000001465669,0.0002938999996331404,50.43017578125
exact,1008,32,0,207,0.0007652587373740971,0.7588975694444444,1.0,32256,1016064,1048320,1008.0,253919232,0.0013952999997854931,0.00026359999992564553,50.43017578125
exact,1008,32,0,208,0.0007604377460666001,0.7589595734126984,1.0,32256,1016064,1048320,1008.0,253919232,0.0014094999996814295,0.0003361999997650855,50.43017578125
exact,1008,32,0,209,0.000755727756768465,0.7592385912698413,1.0,32256,1016064,1048320,1008.0,253919232,0.001373599999169528,0.0002899000000979868,50.43017578125
exact,1008,32,0,210,0.0007511427393183112,0.759734623015873,1.0,32256,1016064,1048320,1008.0,253919232,0.0013177999999243184,0.0002705000006244518,50.43017578125
exact,1008,32,0,211,0.0007466000388376415,0.7601686507936508,1.0,32256,1016064,1048320,1008.0,253919232,0.0014825999996901373,0.000294200000098499,50.43017578125
exact,1008,32,0,212,0.0007421433110721409,0.7602926587301587,1.0,32256,1016064,1048320,1008.0,253919232,0.0014411000001928187,0.00034130000040022423,50.43017578125
exact,1008,32,0,213,0.0007377728470601141,0.7605096726190477,1.0,32256,1016064,1048320,1008.0,253919232,0.0014605000005758484,0.0003619999997681589,50.43017578125
exact,1008,32,0,214,0.000733463151846081,0.7607886904761905,1.0,32256,1016064,1048320,1008.0,253919232,0.0013531000004149973,0.0003013000005012145,50.43017578125
exact,1008,32,0,215,0.0007291896617971361,0.7611917162698413,1.0,32256,1016064,1048320,1008.0,253919232,0.001321700000517012,0.00026499999967199983,50.43017578125
exact,1008,32,0,216,0.0007249964983202517,0.7616257440476191,1.0,32256,1016064,1048320,1008.0,253919232,0.001398200000039651,0.0002959000003102119,50.43017578125
exact,1008,32,0,217,0.0007209437899291515,0.7618117559523809,1.0,32256,1016064,1048320,1008.0,253919232,0.0013030999998591142,0.00025969999933295185,50.43017578125
exact,1008,32,0,218,0.0007168987649492919,0.7619977678571429,1.0,32256,1016064,1048320,1008.0,253919232,0.002611100000649458,0.0002832000000125845,50.43017578125
exact,1008,32,0,219,0.0007129629957489669,0.7623387896825397,1.0,32256,1016064,1048320,1008.0,253919232,0.0017097999998441082,0.00032000000010157237,50.43017578125
exact,1008,32,0,220,0.0007092016167007387,0.7625248015873016,1.0,32256,1016064,1048320,1008.0,253919232,0.0014547999999194872,0.0003253999993830803,50.43017578125
exact,1008,32,0,221,0.000705380633007735,0.7628038194444444,1.0,32256,1016064,1048320,1008.0,253919232,0.0013903999997637584,0.0003026000003956142,50.43017578125
exact,1008,32,0,222,0.0007017282187007368,0.7628968253968254,1.0,32256,1016064,1048320,1008.0,253919232,0.0014776999996684026,0.00032080000073619885,50.43017578125
exact,1008,32,0,223,0.0006980183534324169,0.7633618551587301,1.0,32256,1016064,1048320,1008.0,253919232,0.0018942000006063608,0.00048379999952885555,50.43017578125
exact,1008,32,0,224,0.0006944502238184214,0.763609871031746,1.0,32256,1016064,1048320,1008.0,253919232,0.0013173999996070052,0.000330500000018219,50.43017578125
exact,1008,32,0,225,0.0006908559589646757,0.7639508928571429,1.0,32256,1016064,1048320,1008.0,253919232,0.0013731999997617095,0.00030249999963416485,50.43017578125
exact,1008,32,0,226,0.0006873620441183448,0.7639508928571429,1.0,32256,1016064,1048320,1008.0,253919232,0.0013116999998601386,0.00028920000022480963,50.43017578125
exact,1008,32,0,227,0.0006839004345238209,0.7643849206349206,1.0,32256,1016064,1048320,1008.0,253919232,0.003156200000375975,0.00038920000042708125,50.43017578125
exact,1008,32,0,228,0.0006804309668950737,0.7645399305555556,1.0,32256,1016064,1048320,1008.0,253919232,0.001289599999836355,0.00027379999937693356,50.43017578125
exact,1008,32,0,229,0.0006772021297365427,0.7646949404761905,1.0,32256,1016064,1048320,1008.0,253919232,0.001327300000411924,0.0002751000001808279,50.43017578125
exact,1008,32,0,230,0.0006737631629221141,0.7650979662698413,1.0,32256,1016064,1048320,1008.0,253919232,0.001453100000617269,0.00031909999961499125,50.43017578125
exact,1008,32,0,231,0.0006706012063659728,0.765593998015873,1.0,32256,1016064,1048320,1008.0,253919232,0.0013168000004952773,0.00028920000022480963,50.43017578125
exact,1008,32,0,232,0.0006674171308986843,0.7658730158730159,1.0,32256,1016064,1048320,1008.0,253919232,0.0014587999994546408,0.00032670000018697465,50.43017578125
exact,1008,32,0,233,0.0006642811349593103,0.7658420138888888,1.0,32256,1016064,1048320,1008.0,253919232,0.0013728999992963509,0.0002808999997796491,50.43017578125
exact,1008,32,0,234,0.0006610998534597456,0.7659660218253969,1.0,32256,1016064,1048320,1008.0,253919232,0.004873199999565259,0.0002963999995699851,50.43017578125
exact,1008,32,0,235,0.0006581518682651222,0.7661830357142857,1.0,32256,1016064,1048320,1008.0,253919232,0.0016947000003710855,0.00029350000022532186,50.43017578125
exact,1008,32,0,236,0.0006551426486112177,0.7663690476190477,1.0,32256,1016064,1048320,1008.0,253919232,0.0019802999995590653,0.0006119000008766307,50.43017578125
exact,1008,32,0,237,0.0006522278999909759,0.7669270833333334,1.0,32256,1016064,1048320,1008.0,253919232,0.0014997999996921862,0.0003901999998561223,50.43017578125
exact,1008,32,0,238,0.0006493543041869998,0.7669890873015873,1.0,32256,1016064,1048320,1008.0,253919232,0.001968700000361423,0.0007180000002335873,50.43017578125
exact,1008,32,0,239,0.0006465231417678297,0.7672061011904762,1.0,32256,1016064,1048320,1008.0,253919232,0.0014510999999401974,0.00033489999987068586,50.43017578125
exact,1008,32,0,240,0.0006437304546125233,0.7672681051587301,1.0,32256,1016064,1048320,1008.0,253919232,0.0014946999999665422,0.00033030000031430973,50.43017578125
exact,1008,32,0,241,0.0006410611676983535,0.767609126984127,1.0,32256,1016064,1048320,1008.0,253919232,0.0013092999997752486,0.0002789999998640269,50.43017578125
exact,1008,32,0,242,0.0006383786676451564,0.7678571428571429,1.0,32256,1016064,1048320,1008.0,253919232,0.0014578000000255997,0.00033090000033553224,50.43017578125
exact,1008,32,0,243,0.0006356649100780487,0.7679191468253969,1.0,32256,1016064,1048320,1008.0,253919232,0.0013899000005039852,0.0003040999999939231,50.43017578125
exact,1008,32,0,244,0.0006329953321255744,0.7682911706349206,1.0,32256,1016064,1048320,1008.0,253919232,0.0013864000002286048,0.0002823000004354981,50.43017578125
exact,1008,32,0,245,0.0006303690024651587,0.7688182043650794,1.0,32256,1016064,1048320,1008.0,253919232,0.0013840000001437147,0.00028020000081596663,50.43017578125
exact,1008,32,0,246,0.0006278335931710899,0.7687872023809523,1.0,32256,1016064,1048320,1008.0,253919232,0.0013518999994630576,0.0003251000007367111,50.43017578125
exact,1008,32,0,247,0.0006252841558307409,0.7690972222222222,1.0,32256,1016064,1048320,1008.0,253919232,0.0013838000004398054,0.00029270000050019007,50.43017578125
exact,1008,32,0,248,0.0006228245911188424,0.7694072420634921,1.0,32256,1016064,1048320,1008.0,253919232,0.0013634999995701946,0.0002890999994633603,50.43017578125
exact,1008,32,0,249,0.0006203888333402574,0.7697172619047619,1.0,32256,1016064,1048320,1008.0,253919232,0.0013284999995448743,0.0002856999999494292,50.43017578125
exact,1008,32,0,250,0.0006179446936585009,0.7699962797619048,1.0,32256,1016064,1048320,1008.0,253919232,0.00143839999964257,0.00028479999946284806,50.43017578125
exact,1008,32,0,251,0.0006155949668027461,0.7703683035714286,1.0,32256,1016064,1048320,1008.0,253919232,0.00154480000037438,0.0003133000000161701,50.43017578125
exact,1008,32,0,252,0.0006133004790171981,0.7704923115079365,1.0,32256,1016064,1048320,1008.0,253919232,0.002672500000699074,0.0006546999993588543,50.43017578125
exact,1008,32,0,253,0.0006109841633588076,0.7706783234126984,1.0,32256,1016064,1048320,1008.0,253919232,0.0013908999999330263,0.0002948000001197215,50.43017578125
exact,1008,32,0,254,0.0006086747162044048,0.7709263392857143,1.0,32256,1016064,1048320,1008.0,253919232,0.0014904999998179846,0.00030250000054365955,50.43017578125
exact,1008,32,0,255,0.0006064167246222496,0.7710503472222222,1.0,32256,1016064,1048320,1008.0,253919232,0.0014092000001255656,0.00032329999976354884,50.43017578125
exact,1008,32,0,256,0.0006041816086508334,0.7712053571428571,1.0,32256,1016064,1048320,1008.0,253919232,0.002185499999541207,0.0003040000001419685,50.43017578125
exact,1008,32,0,257,0.0006020372384227812,0.771422371031746,1.0,32256,1016064,1048320,1008.0,253919232,0.0016024999995352118,0.0002826999998433166,50.43017578125
exact,1008,32,0,258,0.0005998825654387474,0.7716083829365079,1.0,32256,1016064,1048320,1008.0,253919232,0.0015965000002324814,0.0002775999992081779,50.43017578125
exact,1008,32,0,259,0.0005977735272608697,0.7717633928571429,1.0,32256,1016064,1048320,1008.0,253919232,0.0013171999999030959,0.0002606999996714876,50.43017578125
exact,1008,32,0,260,0.0005956536042504013,0.7720114087301587,1.0,32256,1016064,1048320,1008.0,253919232,0.0013031999997110688,0.00030609999976149993,50.43017578125
exact,1008,32,0,261,0.0005935896188020706,0.7724454365079365,1.0,32256,1016064,1048320,1008.0,253919232,0.001394599999912316,0.00030310000056488207,50.43017578125
exact,1008,32,0,262,0.0005915546789765358,0.7726624503968254,1.0,32256,1016064,1048320,1008.0,253919232,0.0013721999994231737,0.0002983999993375619,50.43017578125
exact,1008,32,0,263,0.000589621311519295,0.7727864583333334,1.0,32256,1016064,1048320,1008.0,253919232,0.0013436999997793464,0.00029859999995096587,50.43017578125
exact,1008,32,0,264,0.0005876218783669174,0.7728484623015873,1.0,32256,1016064,1048320,1008.0,253919232,0.001423199999408098,0.00029240000003483146,50.43017578125
exact,1008,32,0,265,0.0005856480565853417,0.7729724702380952,1.0,32256,1016064,1048320,1008.0,253919232,0.0013224000003901892,0.0002997999999934109,50.43017578125
exact,1008,32,0,266,0.0005836784257553518,0.7731274801587301,1.0,32256,1016064,1048320,1008.0,253919232,0.0015193999997791252,0.000351300000147603,50.43017578125
exact,1008,32,0,267,0.0005818153731524944,0.7732204861111112,1.0,32256,1016064,1048320,1008.0,253919232,0.0013809000001856475,0.00032980000014504185,50.43017578125
exact,1008,32,0,268,0.0005799632635898888,0.773499503968254,1.0,32256,1016064,1048320,1008.0,253919232,0.0012945999997100444,0.00026189999971393263,50.43017578125
exact,1008,32,0,269,0.0005781229701824486,0.7739025297619048,1.0,32256,1016064,1048320,1008.0,253919232,0.0013513000003513298,0.00028509999992820667,50.43017578125
exact,1008,32,0,270,0.0005763012450188398,0.7740575396825397,1.0,32256,1016064,1048320,1008.0,253919232,0.0013887000004615402,0.00027119999958813423,50.43017578125
exact,1008,32,0,271,0.0005744900554418564,0.7743985615079365,1.0,32256,1016064,1048320,1008.0,253919232,0.0023660999995627208,0.0003403999999136431,50.43017578125
exact,1008,32,0,272,0.0005727139650844038,0.7745845734126984,1.0,32256,1016064,1048320,1008.0,253919232,0.001388300000144227,0.0002730999995037564,50.43017578125
exact,1008,32,0,273,0.0005709496326744556,0.7750806051587301,1.0,32256,1016064,1048320,1008.0,253919232,0.0024927000004026922,0.0008797000000413391,50.43017578125
exact,1008,32,0,274,0.0005692222621291876,0.775390625,1.0,32256,1016064,1048320,1008.0,253919232,0.0015199999998003477,0.0002856999999494292,50.43017578125
exact,1008,32,0,275,0.0005675072316080332,0.7756386408730159,1.0,32256,1016064,1048320,1008.0,253919232,0.001566800000546209,0.0003416999998080428,50.43017578125
exact,1008,32,0,276,0.0005658729351125658,0.7758556547619048,1.0,32256,1016064,1048320,1008.0,253919232,0.001350800000182062,0.0002679999997781124,50.43017578125
exact,1008,32,0,277,0.0005642378237098455,0.7760726686507936,1.0,32256,1016064,1048320,1008.0,253919232,0.0013315000005604816,0.0002675000005183392,50.43017578125
exact,1008,32,0,278,0.0005625244230031967,0.7762276785714286,1.0,32256,1016064,1048320,1008.0,253919232,0.001477800000429852,0.00032170000031328527,50.43017578125
exact,1008,32,0,279,0.0005608925712294877,0.7765376984126984,1.0,32256,1016064,1048320,1008.0,253919232,0.0013842999996995786,0.0002778000007310766,50.43017578125
exact,1008,32,0,280,0.0005593511741608381,0.7767237103174603,1.0,32256,1016064,1048320,1008.0,253919232,0.002811199999996461,0.0002703000000110478,50.43017578125
exact,1008,32,0,281,0.0005577889387495816,0.7768477182539683,1.0,32256,1016064,1048320,1008.0,253919232,0.0014435000002777088,0.00036719999934575753,50.43017578125
exact,1008,32,0,282,0.0005562446895055473,0.7769717261904762,1.0,32256,1016064,1048320,1008.0,253919232,0.0012996000004932284,0.00025720000030560186,50.43017578125
exact,1008,32,0,283,0.0005547101609408855,0.7770027281746031,1.0,32256,1016064,1048320,1008.0,253919232,0.0013726000006499817,0.00027689999933500076,50.43017578125
exact,1008,32,0,284,0.0005533269140869379,0.7771577380952381,1.0,32256,1016064,1048320,1008.0,253919232,0.0013896000000386266,0.00032020000071497634,50.43017578125
exact,1008,32,0,285,0.0005518663092516363,0.77734375,1.0,32256,1016064,1048320,1008.0,253919232,0.0014652999998361338,0.0002885000003516325,50.43017578125
exact,1008,32,0,286,0.0005503255524672568,0.7775607638888888,1.0,32256,1016064,1048320,1008.0,253919232,0.0014129000001048553,0.0003036999996766099,50.43017578125
exact,1008,32,0,287,0.0005489008617587388,0.7777157738095238,1.0,32256,1016064,1048320,1008.0,253919232,0.0013869000003978726,0.0002804000005198759,50.43017578125
exact,1008,32,0,288,0.00054741749772802,0.7779947916666666,1.0,32256,1016064,1048320,1008.0,253919232,0.0014356000001498614,0.0003167000004395959,50.43017578125
exact,1008,32,0,289,0.0005459938547573984,0.7779947916666666,1.0,32256,1016064,1048320,1008.0,253919232,0.0013650000000779983,0.0002914000006057904,50.43017578125
exact,1008,32,0,290,0.0005445597926154733,0.7783048115079365,1.0,32256,1016064,1048320,1008.0,253919232,0.0015965000002324814,0.0002832000000125845,50.43017578125
exact,1008,32,0,291,0.0005430795717984438,0.7783668154761905,1.0,32256,1016064,1048320,1008.0,253919232,0.0013200000003052992,0.0002875000000130967,50.43017578125
exact,1008,32,0,292,0.0005417138454504311,0.7787388392857143,1.0,32256,1016064,1048320,1008.0,253919232,0.0029758999999103253,0.0008042999997996958,50.43017578125
exact,1008,32,0,293,0.0005403581308200955,0.7789248511904762,1.0,32256,1016064,1048320,1008.0,253919232,0.0012824999994336395,0.0002737000004344736,50.43017578125
exact,1008,32,0,294,0.0005390226724557579,0.7792038690476191,1.0,32256,1016064,1048320,1008.0,253919232,0.0014654000005975831,0.0003347000001667766,50.43017578125
exact,1008,32,0,295,0.000537724292371422,0.7794828869047619,1.0,32256,1016064,1048320,1008.0,253919232,0.0015999999995983671,0.0002737000004344736,50.43017578125
exact,1008,32,0,296,0.0005363578675314784,0.7798239087301587,1.0,32256,1016064,1048320,1008.0,253919232,0.001411299999745097,0.0002715999999054475,50.43017578125
exact,1008,32,0,297,0.0005350245628505945,0.7801029265873016,1.0,32256,1016064,1048320,1008.0,253919232,0.0013942999994469574,0.00027659999977913685,50.43017578125
exact,1008,32,0,298,0.0005337352631613612,0.7802269345238095,1.0,32256,1016064,1048320,1008.0,253919232,0.0012644999997064588,0.00028050000037183054,50.43017578125
exact,1008,32,0,299,0.0005324525409378111,0.7803509424603174,1.0,32256,1016064,1048320,1008.0,253919232,0.0014940999999453197,0.0003500000002532033,50.43017578125
exact,1008,32,0,300,0.0005311587010510266,0.7805989583333334,1.0,32256,1016064,1048320,1008.0,253919232,0.0013436999997793464,0.00026669999988371274,50.43017578125
exact,1008,32,0,301,0.0005300369230099022,0.7808779761904762,1.0,32256,1016064,1048320,1008.0,253919232,0.0013998999993418693,0.0003083000001424807,50.43017578125
exact,1008,32,0,302,0.0005288142710924149,0.7811569940476191,1.0,32256,1016064,1048320,1008.0,253919232,0.001447300000108953,0.00032609999925625743,50.43017578125
exact,1008,32,0,303,0.0005276074516586959,0.78125,1.0,32256,1016064,1048320,1008.0,253919232,0.0013298000003487687,0.00030779999997321283,50.43017578125
exact,1008,32,0,304,0.0005264516803435981,0.7813430059523809,1.0,32256,1016064,1048320,1008.0,253919232,0.0014302999998108135,0.0002627000003485591,50.43017578125
exact,1008,32,0,305,0.0005252576665952802,0.7815910218253969,1.0,32256,1016064,1048320,1008.0,253919232,0.0013983999997435603,0.00035630000002129236,50.43017578125
exact,1008,32,0,306,0.0005241296021267772,0.7819320436507936,1.0,32256,1016064,1048320,1008.0,253919232,0.001237800000126299,0.00026030000026366906,50.43017578125
exact,1008,32,0,307,0.0005229790112935007,0.7820870535714286,1.0,32256,1016064,1048320,1008.0,253919232,0.0015696000000389176,0.0002989000004163245,50.43017578125
exact,1008,32,0,308,0.0005218536243773997,0.7823350694444444,1.0,32256,1016064,1048320,1008.0,253919232,0.0013773000000583124,0.0003172000006088638,50.43017578125
exact,1008,32,0,309,0.0005206955829635262,0.7825210813492064,1.0,32256,1016064,1048320,1008.0,253919232,0.0019538999995347694,0.00041909999981726287,50.43017578125
exact,1008,32,0,310,0.0005196370766498148,0.7828000992063492,1.0,32256,1016064,1048320,1008.0,253919232,0.0013367999999900348,0.0002912999998443411,50.43017578125
exact,1008,32,0,311,0.0005185339250601828,0.7831101190476191,1.0,32256,1016064,1048320,1008.0,253919232,0.0013786999998046667,0.0002813000000969623,50.43017578125
exact,1008,32,0,312,0.000517534906975925,0.7833581349206349,1.0,32256,1016064,1048320,1008.0,253919232,0.0014259999998103012,0.00030609999976149993,50.43017578125
exact,1008,32,0,313,0.0005164378671906888,0.7835441468253969,1.0,32256,1016064,1048320,1008.0,253919232,0.0013644999999087304,0.0003237000000808621,50.43017578125
exact,1008,32,0,314,0.0005153722013346851,0.7837921626984127,1.0,32256,1016064,1048320,1008.0,253919232,0.0013809000001856475,0.00030619999961345457,50.43017578125
exact,1008,32,0,315,0.0005143117159605026,0.7840091765873016,1.0,32256,1016064,1048320,1008.0,253919232,0.001342300000032992,0.00030729999980394496,50.43017578125
exact,1008,32,0,316,0.0005132852820679545,0.7844122023809523,1.0,32256,1016064,1048320,1008.0,253919232,0.0013539000001401291,0.0002902000005633454,50.43017578125
exact,1008,32,0,317,0.0005122512229718268,0.7842881944444444,1.0,32256,1016064,1048320,1008.0,253919232,0.001368499999443884,0.0003285000002506422,50.43017578125
exact,1008,32,0,318,0.00051124207675457,0.7845362103174603,1.0,32256,1016064,1048320,1008.0,253919232,0.001385100000334205,0.0002970000005007023,50.43017578125
exact,1008,32,0,319,0.0005102684954181314,0.7847222222222222,1.0,32256,1016064,1048320,1008.0,253919232,0.0013472999999066815,0.0003158999998049694,50.43017578125
exact,1008,32,0,320,0.0005092202336527407,0.7848462301587301,1.0,32256,1016064,1048320,1008.0,253919232,0.003014400000211026,0.0016562999999223393,50.43017578125
exact,1008,32,0,321,0.0005082100396975875,0.7850322420634921,1.0,32256,1016064,1048320,1008.0,253919232,0.002857899999980873,0.00029209999956947286,50.43017578125
exact,1008,32,0,322,0.0005072877975180745,0.7850632440476191,1.0,32256,1016064,1048320,1008.0,253919232,0.0015016000006653485,0.00032449999980599387,50.43017578125
exact,1008,32,0,323,0.0005063196294941008,0.785125248015873,1.0,32256,1016064,1048320,1008.0,253919232,0.001354400000309397,0.00028360000032989774,50.43017578125
exact,1008,32,0,324,0.0005052940687164664,0.785125248015873,1.0,32256,1016064,1048320,1008.0,253919232,0.001351799999611103,0.0002764999999271822,50.43017578125
exact,1008,32,0,325,0.0005043285200372338,0.7853422619047619,1.0,32256,1016064,1048320,1008.0,253919232,0.0013495000002876623,0.0003467999995336868,50.43017578125
exact,1008,32,0,326,0.000503401446621865,0.7856522817460317,1.0,32256,1016064,1048320,1008.0,253919232,0.0014186999997036764,0.00027269999918644316,50.43017578125
exact,1008,32,0,327,0.0005024300189688802,0.7858382936507936,1.0,32256,1016064,1048320,1008.0,253919232,0.0021188999999139924,0.00029460000041581225,50.43017578125
exact,1008,32,0,328,0.0005015008500777185,0.7859312996031746,1.0,32256,1016064,1048320,1008.0,253919232,0.0014748000003237394,0.0003133000000161701,50.43017578125
exact,1008,32,0,329,0.0005005553248338401,0.7860553075396826,1.0,32256,1016064,1048320,1008.0,253919232,0.0013393000008363742,0.00031149999995250255,50.43017578125
exact,1008,32,0,330,0.0004996573552489281,0.7863343253968254,1.0,32256,1016064,1048320,1008.0,253919232,0.0013678000004802016,0.000276099999609869,50.43017578125
exact,1008,32,0,331,0.0004986823769286275,0.7864893353174603,1.0,32256,1016064,1048320,1008.0,253919232,0.0013668999999936204,0.00032110000029206276,50.43017578125
exact,1008,32,0,332,0.0004977677599526942,0.7867683531746031,1.0,32256,1016064,1048320,1008.0,253919232,0.0013619999999718857,0.000313599999572034,50.43017578125
exact,1008,32,0,333,0.0004968999419361353,0.7867683531746031,1.0,32256,1016064,1048320,1008.0,253919232,0.0013586000004579546,0.0002826999998433166,50.43017578125
exact,1008,32,0,334,0.0004959918442182243,0.7869233630952381,1.0,32256,1016064,1048320,1008.0,253919232,0.0012677000004259753,0.0002673999997568899,50.43017578125
exact,1008,32,0,335,0.0004951399751007557,0.787078373015873,1.0,32256,1016064,1048320,1008.0,253919232,0.005290200000672485,0.00027270000009593787,50.43017578125
exact,1008,32,0,336,0.0004942794912494719,0.7872953869047619,1.0,32256,1016064,1048320,1008.0,253919232,0.0014883000003464986,0.00026049999996757833,50.43017578125
exact,1008,32,0,337,0.0004934233147650957,0.7874503968253969,1.0,32256,1016064,1048320,1008.0,253919232,0.001372399999127083,0.000294200000098499,50.43017578125
exact,1008,32,0,338,0.0004926012479700148,0.7878534226190477,1.0,32256,1016064,1048320,1008.0,253919232,0.0038642000008621835,0.0002584999992905068,50.43017578125
exact,1008,32,0,339,0.0004918224294669926,0.7878224206349206,1.0,32256,1016064,1048320,1008.0,253919232,0.0015011999994385405,0.00028639999982260633,50.43017578125
exact,1008,32,0,340,0.0004910848801955581,0.7878224206349206,1.0,32256,1016064,1048320,1008.0,253919232,0.0014196000001902576,0.00028310000016062986,50.43017578125
exact,1008,32,0,341,0.0004902202053926885,0.7879464285714286,1.0,32256,1016064,1048320,1008.0,253919232,0.0013863000003766501,0.00030080000033194665,50.43017578125
exact,1008,32,0,342,0.0004893937148153782,0.7879154265873016,1.0,32256,1016064,1048320,1008.0,253919232,0.0015002000000094995,0.00028330000077403383,50.43017578125
exact,1008,32,0,343,0.0004885229864157736,0.7882564484126984,1.0,32256,1016064,1048320,1008.0,253919232,0.0014462999997704173,0.00033179999991261866,50.43017578125
exact,1008,32,0,344,0.0004876795574091375,0.7883804563492064,1.0,32256,1016064,1048320,1008.0,253919232,0.0012698999998974614,0.0002737000004344736,50.43017578125
exact,1008,32,0,345,0.00048691133270040154,0.7887214781746031,1.0,32256,1016064,1048320,1008.0,253919232,0.0014609999998356216,0.00028620000011869706,50.43017578125
exact,1008,32,0,346,0.00048610486555844545,0.7888764880952381,1.0,32256,1016064,1048320,1008.0,253919232,0.0013953000006949878,0.00033519999942654977,50.43017578125
exact,1008,32,0,347,0.0004853550926782191,0.7891865079365079,1.0,32256,1016064,1048320,1008.0,253919232,0.001351000000795466,0.00027659999977913685,50.43017578125
exact,1008,32,0,348,0.00048461236292496324,0.7892795138888888,1.0,32256,1016064,1048320,1008.0,253919232,0.0013429000000542146,0.00026870000056078425,50.43017578125
exact,1008,32,0,349,0.00048390633310191333,0.7894035218253969,1.0,32256,1016064,1048320,1008.0,253919232,0.0013613999999506632,0.0002974999997604755,50.43017578125
exact,1008,32,0,350,0.00048313947627320886,0.7896515376984127,1.0,32256,1016064,1048320,1008.0,253919232,0.0015093999991222518,0.0003054999997402774,50.43017578125
exact,1008,32,0,351,0.0004824617353733629,0.7897755456349206,1.0,32256,1016064,1048320,1008.0,253919232,0.0013793999996778439,0.00030590000005759066,50.43017578125
exact,1008,32,0,352,0.0004817379522137344,0.7897755456349206,1.0,32256,1016064,1048320,1008.0,253919232,0.0013502000001608394,0.000287699999717006,50.43017578125
exact,1008,32,0,353,0.0004809889942407608,0.7900545634920635,1.0,32256,1016064,1048320,1008.0,253919232,0.0013681000000360655,0.00029489999997167615,50.43017578125
exact,1008,32,0,354,0.0004802487383130938,0.7903335813492064,1.0,32256,1016064,1048320,1008.0,253919232,0.0012655000000449945,0.00027719999980035936,50.43017578125
exact,1008,32,0,355,0.0004795395361725241,0.7906125992063492,1.0,32256,1016064,1048320,1008.0,253919232,0.0013001999996049562,0.00027119999958813423,50.43017578125
exact,1008,32,0,356,0.0004787944781128317,0.7907366071428571,1.0,32256,1016064,1048320,1008.0,253919232,0.0013277999996716972,0.0003073999996558996,50.43017578125
exact,1008,32,0,357,0.00047809231909923255,0.7907986111111112,1.0,32256,1016064,1048320,1008.0,253919232,0.0013797000001432025,0.00028790000033040997,50.43017578125
exact,1008,32,0,358,0.00047740607988089323,0.7908296130952381,1.0,32256,1016064,1048320,1008.0,253919232,0.0015258000003086636,0.0003211999992345227,50.43017578125
exact,1008,32,0,359,0.00047675901441834867,0.7907056051587301,1.0,32256,1016064,1048320,1008.0,253919232,0.0013667000002897112,0.0002918999998655636,50.43017578125
exact,1008,32,0,360,0.00047608042950741947,0.7908296130952381,1.0,32256,1016064,1048320,1008.0,253919232,0.0026385000001027947,0.0002977999993163394,50.43017578125
exact,1008,32,0,361,0.00047545853885822,0.7908296130952381,1.0,32256,1016064,1048320,1008.0,253919232,0.0012858999998570653,0.00027460000001156004,50.43017578125
exact,1008,32,0,362,0.00047475684550590813,0.790953621031746,1.0,32256,1016064,1048320,1008.0,253919232,0.0025880000002871384,0.0002990000002682791,50.43017578125
exact,1008,32,0,363,0.00047409822582267225,0.7911396329365079,1.0,32256,1016064,1048320,1008.0,253919232,0.0014239000001907698,0.00029009999980189605,50.43017578125
exact,1008,32,0,364,0.0004734486574307084,0.7913256448412699,1.0,32256,1016064,1048320,1008.0,253919232,0.0013380000000324799,0.0002741999996942468,50.43017578125
exact,1008,32,0,365,0.0004728057829197496,0.7915736607142857,1.0,32256,1016064,1048320,1008.0,253919232,0.0013837000005878508,0.0002730000005612965,50.43017578125
exact,1008,32,0,366,0.00047219000407494605,0.7916976686507936,1.0,32256,1016064,1048320,1008.0,253919232,0.0013127999991411343,0.00029429999995045364,50.43017578125
exact,1008,32,0,367,0.00047154189087450504,0.7919146825396826,1.0,32256,1016064,1048320,1008.0,253919232,0.0013734999993175734,0.00026590000015858095,50.43017578125
exact,1008,32,0,368,0.00047090090811252594,0.7919766865079365,1.0,32256,1016064,1048320,1008.0,253919232,0.0014075000008233474,0.0003327000003991998,50.43017578125
exact,1008,32,0,369,0.00047033006558194757,0.7921937003968254,1.0,32256,1016064,1048320,1008.0,253919232,0.0012870999998995103,0.00026989999969373457,50.43017578125
exact,1008,32,0,370,0.0004696974065154791,0.7922867063492064,1.0,32256,1016064,1048320,1008.0,253919232,0.0013949000003776746,0.00028840000049967784,50.43017578125
exact,1008,32,0,371,0.00046907944488339126,0.7925037202380952,1.0,32256,1016064,1048320,1008.0,253919232,0.0013403999992078752,0.0003194999999323045,50.43017578125
exact,1008,32,0,372,0.0004685030144173652,0.7925967261904762,1.0,32256,1016064,1048320,1008.0,253919232,0.0014005000002725865,0.0003279000002294197,50.43017578125
exact,1008,32,0,373,0.00046786022721789777,0.793030753968254,1.0,32256,1016064,1048320,1008.0,253919232,0.0013663999998243526,0.000293000000056054,50.43017578125
exact,1008,32,0,374,0.00046723528066650033,0.7932477678571429,1.0,32256,1016064,1048320,1008.0,253919232,0.0013632000000143307,0.00032310000005963957,50.43017578125
exact,1008,32,0,375,0.0004665910091716796,0.7934337797619048,1.0,32256,1016064,1048320,1008.0,253919232,0.001462100000026112,0.0002807000000757398,50.43017578125
exact,1008,32,0,376,0.00046598678454756737,0.7934647817460317,1.0,32256,1016064,1048320,1008.0,253919232,0.001449799999136303,0.0002770000000964501,50.43017578125
exact,1008,32,0,377,0.00046540843322873116,0.7936817956349206,1.0,32256,1016064,1048320,1008.0,253919232,0.0022705000001224107,0.0003507999999783351,50.43017578125
exact,1008,32,0,378,0.0004648180038202554,0.7936507936507936,1.0,32256,1016064,1048320,1008.0,253919232,0.0014077000005272566,0.0002961000000141212,50.43017578125
exact,1008,32,0,379,0.0004642167186830193,0.7940228174603174,1.0,32256,1016064,1048320,1008.0,253919232,0.002977199999804725,0.00035509999997884734,50.43017578125
exact,1008,32,0,380,0.00046363595174625516,0.7941158234126984,1.0,32256,1016064,1048320,1008.0,253919232,0.001389000000017404,0.00027150000005349284,50.43017578125
exact,1008,32,0,381,0.00046300559188239276,0.7943328373015873,1.0,32256,1016064,1048320,1008.0,253919232,0.0014252000000851694,0.0003010000000358559,50.43017578125
exact,1008,32,0,382,0.00046247459249570966,0.7944878472222222,1.0,32256,1016064,1048320,1008.0,253919232,0.001366500000585802,0.00028649999967456097,50.43017578125
exact,1008,32,0,383,0.00046189059503376484,0.7948288690476191,1.0,32256,1016064,1048320,1008.0,253919232,0.001330999999481719,0.0002958999994007172,50.43017578125
exact,1008,32,0,384,0.00046134836156852543,0.794890873015873,1.0,32256,1016064,1048320,1008.0,253919232,0.0014119999996182742,0.0002856999999494292,50.43017578125
exact,1008,32,0,385,0.0004607744049280882,0.7950768849206349,1.0,32256,1016064,1048320,1008.0,253919232,0.0013446000002659275,0.00027039999986300245,50.43017578125
exact,1008,32,0,386,0.00046023220056667924,0.7952628968253969,1.0,32256,1016064,1048320,1008.0,253919232,0.0013503999998647487,0.000304600000163191,50.43017578125
exact,1008,32,0,387,0.0004596692160703242,0.7954179067460317,1.0,32256,1016064,1048320,1008.0,253919232,0.0014247999997678562,0.00027860000045620836,50.43017578125
exact,1008,32,0,388,0.00045917872921563685,0.7953869047619048,1.0,32256,1016064,1048320,1008.0,253919232,0.0012707999994745478,0.0002642999997988227,50.43017578125
exact,1008,32,0,389,0.00045860494719818234,0.7954179067460317,1.0,32256,1016064,1048320,1008.0,253919232,0.0013136999996277154,0.0002809999996316037,50.43017578125
exact,1008,32,0,390,0.00045808678260073066,0.7954489087301587,1.0,32256,1016064,1048320,1008.0,253919232,0.001372099999571219,0.0002704999997149571,50.43017578125
exact,1008,32,0,391,0.0004575474595185369,0.7955729166666666,1.0,32256,1016064,1048320,1008.0,253919232,0.0013559999997596606,0.0002975000006699702,50.43017578125
exact,1008,32,0,392,0.0004570024902932346,0.7956039186507936,1.0,32256,1016064,1048320,1008.0,253919232,0.0013659999995070393,0.0003110999996351893,50.43017578125
exact,1008,32,0,393,0.00045646773651242256,0.7958209325396826,1.0,32256,1016064,1048320,1008.0,253919232,0.0023578999998790096,0.0007301000005099922,50.43017578125
exact,1008,32,0,394,0.0004559044900815934,0.7960069444444444,1.0,32256,1016064,1048320,1008.0,253919232,0.0019430000002103043,0.00027739999950426864,50.43017578125
exact,1008,32,0,395,0.0004553543694783002,0.7963169642857143,1.0,32256,1016064,1048320,1008.0,253919232,0.00138390000029176,0.00028249999922991265,50.43017578125
exact,1008,32,0,396,0.0004548282304313034,0.7964099702380952,1.0,32256,1016064,1048320,1008.0,253919232,0.0014162999996187864,0.0003229000003557303,50.43017578125
exact,1008,32,0,397,0.00045432301703840494,0.7964409722222222,1.0,32256,1016064,1048320,1008.0,253919232,0.0014039999996384722,0.000323999999636726,50.43017578125
exact,1008,32,0,398,0.0004538509529083967,0.7965339781746031,1.0,32256,1016064,1048320,1008.0,253919232,0.0013163000003260095,0.0002810000005410984,50.43017578125
exact,1008,32,0,399,0.0004533757164608687,0.7962859623015873,1.0,32256,1016064,1048320,1008.0,253919232,0.0014744000000064261,0.00029830000039510196,50.43017578125
exact,1008,32,0,400,0.0004530266742222011,0.7965029761904762,1.0,32256,1016064,1048320,1008.0,253919232,0.0013025999996898463,0.00028949999978067353,50.43017578125
exact,1008,32,0,401,0.0004528944846242666,0.7964099702380952,1.0,32256,1016064,1048320,1008.0,253919232,0.0013392999999268795,0.00028329999986453913,50.43017578125
exact,1008,32,0,402,0.00045303342631086707,0.7965959821428571,1.0,32256,1016064,1048320,1008.0,253919232,0.0014157999994495185,0.00032159999955183594,50.43017578125
exact,1008,32,0,403,0.00045419385423883796,0.7967509920634921,1.0,32256,1016064,1048320,1008.0,253919232,0.001306200000726676,0.0002807000000757398,50.43017578125
exact,1008,32,0,404,0.00045702295028604567,0.7966889880952381,1.0,32256,1016064,1048320,1008.0,253919232,0.0013364999995246762,0.00028250000013940735,50.43017578125
exact,1008,32,0,405,0.0004651579656638205,0.796843998015873,1.0,32256,1016064,1048320,1008.0,253919232,0.0014266000007410184,0.00033369999982824083,50.43017578125
exact,1008,32,0,406,0.00047825928777456284,0.7969990079365079,1.0,32256,1016064,1048320,1008.0,253919232,0.0012696000003415975,0.00027010000030713854,50.43017578125
exact,1008,32,0,407,0.0005115965032018721,0.7970610119047619,1.0,32256,1016064,1048320,1008.0,253919232,0.0013510999997379258,0.00027709999994840473,50.43017578125
exact,1008,32,0,408,0.0005235134158283472,0.7972160218253969,1.0,32256,1016064,1048320,1008.0,253919232,0.0013343999999051448,0.0003167000004395959,50.43017578125
exact,1008,32,0,409,0.0005411962629295886,0.7972160218253969,1.0,32256,1016064,1048320,1008.0,253919232,0.0013100000005579204,0.0002635000000736909,50.43017578125
exact,1008,32,0,410,0.0004968391731381416,0.7974330357142857,1.0,32256,1016064,1048320,1008.0,253919232,0.0017879999995784601,0.0003860000006170594,50.43017578125
exact,1008,32,0,411,0.00046823720913380384,0.7973090277777778,1.0,32256,1016064,1048320,1008.0,253919232,0.001342500000646396,0.0002744999992501107,50.43017578125
exact,1008,32,0,412,0.0004697150143329054,0.7975570436507936,1.0,32256,1016064,1048320,1008.0,253919232,0.0028217999997650622,0.0007935999992696452,50.43017578125
exact,1008,32,0,413,0.0004824577481485903,0.7977120535714286,1.0,32256,1016064,1048320,1008.0,253919232,0.0014034999994692043,0.00032759999976406107,50.43017578125
exact,1008,32,0,414,0.00048701223568059504,0.7978670634920635,1.0,32256,1016064,1048320,1008.0,253919232,0.001473199999963981,0.0002793000003293855,50.43017578125
exact,1008,32,0,415,0.0004700103891082108,0.7979600694444444,1.0,32256,1016064,1048320,1008.0,253919232,0.001427299999704701,0.000282599999991362,50.43017578125
exact,1008,32,0,416,0.0004617856757249683,0.7981150793650794,1.0,32256,1016064,1048320,1008.0,253919232,0.0013991000005262322,0.00035029999980906723,50.43017578125
exact,1008,32,0,417,0.0004665770102292299,0.7982700892857143,1.0,32256,1016064,1048320,1008.0,253919232,0.0015174000000115484,0.00029259999973874073,50.43017578125
exact,1008,32,0,418,0.00047040681238286197,0.7983940972222222,1.0,32256,1016064,1048320,1008.0,253919232,0.001419000000169035,0.0003169999999954598,50.43017578125
exact,1008,32,0,419,0.0004662667342927307,0.7987041170634921,1.0,32256,1016064,1048320,1008.0,253919232,0.0025519000000713277,0.0005793000000267057,50.43017578125
exact,1008,32,0,420,0.0004562418325804174,0.798890128968254,1.0,32256,1016064,1048320,1008.0,253919232,0.00318520000018907,0.0003460000007180497,50.43017578125
exact,1008,32,0,421,0.0004533116880338639,0.7992001488095238,1.0,32256,1016064,1048320,1008.0,253919232,0.00148559999979625,0.000309900000502239,50.43017578125
exact,1008,32,0,422,0.00045696189044974744,0.7992001488095238,1.0,32256,1016064,1048320,1008.0,253919232,0.0013342000002012355,0.00028810000003431924,50.43017578125
exact,1008,32,0,423,0.0004593692719936371,0.7993241567460317,1.0,32256,1016064,1048320,1008.0,253919232,0.001385699999445933,0.00027719999980035936,50.43017578125
exact,1008,32,0,424,0.00045640472671948373,0.7995721726190477,1.0,32256,1016064,1048320,1008.0,253919232,0.0014700000001539593,0.00031709999984741444,50.43017578125
exact,1008,32,0,425,0.00044992443872615695,0.7996341765873016,1.0,32256,1016064,1048320,1008.0,253919232,0.0013562000003730645,0.000270799999270821,50.43017578125
exact,1008,32,0,426,0.0004469885607250035,0.8000372023809523,1.0,32256,1016064,1048320,1008.0,253919232,0.0015161000001171487,0.00029710000035265693,50.43017578125
exact,1008,32,0,427,0.00044851668644696474,0.8002232142857143,1.0,32256,1016064,1048320,1008.0,253919232,0.0013888000003134948,0.000313599999572034,50.43017578125
exact,1008,32,0,428,0.00045091769425198436,0.8000372023809523,1.0,32256,1016064,1048320,1008.0,253919232,0.0032409999994342797,0.0002837000001818524,50.43017578125
exact,1008,32,0,429,0.00045072342618368566,0.8005952380952381,1.0,32256,1016064,1048320,1008.0,253919232,0.0013753000002907356,0.00029969999923196156,50.43017578125
exact,1008,32,0,430,0.00044734354014508426,0.8004712301587301,1.0,32256,1016064,1048320,1008.0,253919232,0.0014830999998594052,0.00029400000039458973,50.43017578125
exact,1008,32,0,431,0.00044392707059159875,0.800719246031746,1.0,32256,1016064,1048320,1008.0,253919232,0.001399400000082096,0.0003156000002491055,50.43017578125
exact,1008,32,0,432,0.0004428049724083394,0.80078125,1.0,32256,1016064,1048320,1008.0,253919232,0.001341300000603951,0.00027800000043498585,50.43017578125
exact,1008,32,0,433,0.0004441995988599956,0.8010292658730159,1.0,32256,1016064,1048320,1008.0,253919232,0.0014593000005334034,0.000305800000205636,50.43017578125
exact,1008,32,0,434,0.00044640424312092364,0.800750248015873,1.0,32256,1016064,1048320,1008.0,253919232,0.001423400000021502,0.000278499999694759,50.43017578125
exact,1008,32,0,435,0.0004474121960811317,0.8010912698412699,1.0,32256,1016064,1048320,1008.0,253919232,0.001440099999854283,0.0003249000001233071,50.43017578125
exact,1008,32,0,436,0.00044607368181459606,0.8010292658730159,1.0,32256,1016064,1048320,1008.0,253919232,0.0014419000008274452,0.0003077000001212582,50.43017578125
exact,1008,32,0,437,0.00044461016659624875,0.8011842757936508,1.0,32256,1016064,1048320,1008.0,253919232,0.0013617000004160218,0.00026590000015858095,50.43017578125
exact,1008,32,0,438,0.0004441788187250495,0.8013392857142857,1.0,32256,1016064,1048320,1008.0,253919232,0.001557699999466422,0.00030109999988781055,50.43017578125
exact,1008,32,0,439,0.0004467632679734379,0.8015252976190477,1.0,32256,1016064,1048320,1008.0,253919232,0.001428200000191282,0.00032219999957305845,50.43017578125
exact,1008,32,0,440,0.000448523904196918,0.8014942956349206,1.0,32256,1016064,1048320,1008.0,253919232,0.001544599999760976,0.00036239999917597743,50.43017578125
exact,1008,32,0,441,0.0004504159733187407,0.8018973214285714,1.0,32256,1016064,1048320,1008.0,253919232,0.0013588000001618639,0.0003119000002698158,50.43017578125
exact,1008,32,0,442,0.00044836822780780494,0.8017733134920635,1.0,32256,1016064,1048320,1008.0,253919232,0.0013466000000335043,0.0003012000006492599,50.43017578125
exact,1008,32,0,443,0.0004473323642741889,0.8020213293650794,1.0,32256,1016064,1048320,1008.0,253919232,0.0013627999996970175,0.0002692000007300521,50.43017578125
exact,1008,32,0,444,0.00044298695866018534,0.8018353174603174,1.0,32256,1016064,1048320,1008.0,253919232,0.0014177000002746354,0.00030030000016267877,50.43017578125
exact,1008,32,0,445,0.00043952217674814165,0.8022693452380952,1.0,32256,1016064,1048320,1008.0,253919232,0.0014222999998310115,0.00030359999982465524,50.43017578125
exact,1008,32,0,446,0.00043591277790255845,0.8022383432539683,1.0,32256,1016064,1048320,1008.0,253919232,0.0015004999995653634,0.00034309999955439707,50.43017578125
exact,1008,32,0,447,0.00043419189751148224,0.8023003472222222,1.0,32256,1016064,1048320,1008.0,253919232,0.0014578000000255997,0.00034589999995660037,50.43017578125
exact,1008,32,0,448,0.00043420158908702433,0.8024553571428571,1.0,32256,1016064,1048320,1008.0,253919232,0.0014166999999360996,0.00028190000011818483,50.43017578125
exact,1008,32,0,449,0.0004350563103798777,0.8025793650793651,1.0,32256,1016064,1048320,1008.0,253919232,0.0013929999995525577,0.00030000000060681487,50.43017578125
exact,1008,32,0,450,0.000436181464465335,0.8028273809523809,1.0,32256,1016064,1048320,1008.0,253919232,0.0014297999996415456,0.0002747000007730094,50.43017578125
exact,1008,32,0,451,0.00043667564750649035,0.8030133928571429,1.0,32256,1016064,1048320,1008.0,253919232,0.001398700000208919,0.00027890000001207227,50.43017578125
exact,1008,32,0,452,0.00043739526881836355,0.8030443948412699,1.0,32256,1016064,1048320,1008.0,253919232,0.001361699999506527,0.0002758999999059597,50.43017578125
exact,1008,32,0,453,0.00043678839574567974,0.8031063988095238,1.0,32256,1016064,1048320,1008.0,253919232,0.0017451999992772471,0.00048799999967741314,50.43017578125
exact,1008,32,0,454,0.00043649127474054694,0.8034784226190477,1.0,32256,1016064,1048320,1008.0,253919232,0.0014224999995349208,0.00029209999956947286,50.43017578125
exact,1008,32,0,455,0.000434887915616855,0.8033234126984127,1.0,32256,1016064,1048320,1008.0,253919232,0.0014212000005500158,0.00029409999933704967,50.43017578125
exact,1008,32,0,456,0.00043361823190934956,0.8036024305555556,1.0,32256,1016064,1048320,1008.0,253919232,0.0013835999998264015,0.0002607000005809823,50.43017578125
exact,1008,32,0,457,0.0004321449960116297,0.8036024305555556,1.0,32256,1016064,1048320,1008.0,253919232,0.0013110999998389161,0.00026960000013787067,50.43017578125
exact,1008,32,0,458,0.0004312356759328395,0.8037884424603174,1.0,32256,1016064,1048320,1008.0,253919232,0.0015209999992293888,0.00035350000052858377,50.43017578125
exact,1008,32,0,459,0.0004306653863750398,0.8038504464285714,1.0,32256,1016064,1048320,1008.0,253919232,0.0013396000003922381,0.00025910000022122404,50.43017578125
exact,1008,32,0,460,0.00043020423618145287,0.8039124503968254,1.0,32256,1016064,1048320,1008.0,253919232,0.0014823000001342734,0.0003050999994229642,50.43017578125
exact,1008,32,0,461,0.00042986596236005425,0.8040054563492064,1.0,32256,1016064,1048320,1008.0,253919232,0.0013495000002876623,0.0002986999998029205,50.43017578125
exact,1008,32,0,462,0.00042978397686965764,0.8041294642857143,1.0,32256,1016064,1048320,1008.0,253919232,0.0013311000002431683,0.00028159999965282623,50.43017578125
exact,1008,32,0,463,0.00042984477477148175,0.8040984623015873,1.0,32256,1016064,1048320,1008.0,253919232,0.0014760000003661844,0.00026669999988371274,50.43017578125
exact,1008,32,0,464,0.00043013901449739933,0.8041914682539683,1.0,32256,1016064,1048320,1008.0,253919232,0.0015205999998215702,0.00027969999973720405,50.43017578125
exact,1008,32,0,465,0.0004304735630284995,0.8044704861111112,1.0,32256,1016064,1048320,1008.0,253919232,0.0029746000000159256,0.00027120000049762893,50.43017578125
exact,1008,32,0,466,0.000431043969001621,0.8043774801587301,1.0,32256,1016064,1048320,1008.0,253919232,0.001385100000334205,0.00028920000022480963,50.43017578125
exact,1008,32,0,467,0.00043197115883231163,0.8045014880952381,1.0,32256,1016064,1048320,1008.0,253919232,0.0025238999996872735,0.00031119999948714394,50.43017578125
exact,1008,32,0,468,0.0004332220123615116,0.804749503968254,1.0,32256,1016064,1048320,1008.0,253919232,0.0013341000003492809,0.00029630000062752515,50.43017578125
exact,1008,32,0,469,0.0004352738324087113,0.804625496031746,1.0,32256,1016064,1048320,1008.0,253919232,0.002179500000238477,0.00028310000016062986,50.43017578125
exact,1008,32,0,470,0.00043789276969619095,0.804718501984127,1.0,32256,1016064,1048320,1008.0,253919232,0.0014356000001498614,0.0002922000003309222,50.43017578125
exact,1008,32,0,471,0.00044124890700913966,0.804718501984127,1.0,32256,1016064,1048320,1008.0,253919232,0.0013116999998601386,0.0003256999998484389,50.43017578125
exact,1008,32,0,472,0.000445031764684245,0.8048735119047619,1.0,32256,1016064,1048320,1008.0,253919232,0.0013356999997995445,0.0002808999997796491,50.43017578125
exact,1008,32,0,473,0.00044859907939098775,0.8049045138888888,1.0,32256,1016064,1048320,1008.0,253919232,0.0012967000002390705,0.00027880000016011763,50.43017578125
exact,1008,32,0,474,0.00045059371041134,0.8050285218253969,1.0,32256,1016064,1048320,1008.0,253919232,0.0014166999999360996,0.00027440000030765077,50.43017578125
exact,1008,32,0,475,0.0004499990027397871,0.8051525297619048,1.0,32256,1016064,1048320,1008.0,253919232,0.0014249999994717655,0.00028759999986505136,50.43017578125
exact,1008,32,0,476,0.00044582667760550976,0.8050595238095238,1.0,32256,1016064,1048320,1008.0,253919232,0.001276299999517505,0.0002761000005193637,50.43017578125
exact,1008,32,0,477,0.0004394153947941959,0.8053385416666666,1.0,32256,1016064,1048320,1008.0,253919232,0.0015163000007305527,0.00029100000028847717,50.43017578125
exact,1008,32,0,478,0.00043260425445623696,0.8054005456349206,1.0,32256,1016064,1048320,1008.0,253919232,0.0014363999998749932,0.00033660000008239876,50.43017578125
exact,1008,32,0,479,0.00042816082714125514,0.8057415674603174,1.0,32256,1016064,1048320,1008.0,253919232,0.0032263000002785702,0.00031660000058764126,50.43017578125
exact,1008,32,0,480,0.0004273172526154667,0.8056795634920635,1.0,32256,1016064,1048320,1008.0,253919232,0.0014719000000695814,0.0002950999996755854,50.43017578125
exact,1008,32,0,481,0.00043034652480855584,0.8058035714285714,1.0,32256,1016064,1048320,1008.0,253919232,0.0014496000003418885,0.0002951000005850801,50.43017578125
exact,1008,32,0,482,0.000436119589721784,0.8058345734126984,1.0,32256,1016064,1048320,1008.0,253919232,0.001399400000082096,0.0002777999998215819,50.43017578125
exact,1008,32,0,483,0.0004449535335879773,0.8058345734126984,1.0,32256,1016064,1048320,1008.0,253919232,0.0014101999995546066,0.00027549999958864646,50.43017578125
exact,1008,32,0,484,0.00045325513929128647,0.8059585813492064,1.0,32256,1016064,1048320,1008.0,253919232,0.0013801999994029757,0.0003013000005012145,50.43017578125
exact,1008,32,0,485,0.00046510956599377096,0.8061755952380952,1.0,32256,1016064,1048320,1008.0,253919232,0.0012996000004932284,0.00029180000001360895,50.43017578125
exact,1008,32,0,486,0.00046916911378502846,0.8060515873015873,1.0,32256,1016064,1048320,1008.0,253919232,0.0013266000005387468,0.00029660000018338906,50.43017578125
exact,1008,32,0,487,0.0004762888711411506,0.8062375992063492,1.0,32256,1016064,1048320,1008.0,253919232,0.0013679999992746161,0.000282599999991362,50.43017578125
exact,1008,32,0,488,0.0004639971302822232,0.8062996031746031,1.0,32256,1016064,1048320,1008.0,253919232,0.0012778999998772633,0.0002680000006876071,50.43017578125
exact,1008,32,0,489,0.0004541036323644221,0.806671626984127,1.0,32256,1016064,1048320,1008.0,253919232,0.0014414000006581773,0.00031770000077813165,50.43017578125
exact,1008,32,0,490,0.00044196899398230016,0.8067956349206349,1.0,32256,1016064,1048320,1008.0,253919232,0.0013245000000097207,0.00028980000024603214,50.43017578125
exact,1008,32,0,491,0.00043973943684250116,0.8068886408730159,1.0,32256,1016064,1048320,1008.0,253919232,0.0012944999998580897,0.0003004000000146334,50.43017578125
exact,1008,32,0,492,0.00044789526145905256,0.8073536706349206,1.0,32256,1016064,1048320,1008.0,253919232,0.0013472999999066815,0.0002754000006461865,50.43017578125
exact,1008,32,0,493,0.000455838511697948,0.8067336309523809,1.0,32256,1016064,1048320,1008.0,253919232,0.001402300000336254,0.0003264999995735707,50.43017578125
exact,1008,32,0,494,0.0004594965430442244,0.8075086805555556,1.0,32256,1016064,1048320,1008.0,253919232,0.0014006000001245411,0.0002997999999934109,50.43017578125
exact,1008,32,0,495,0.0004510515427682549,0.8068886408730159,1.0,32256,1016064,1048320,1008.0,253919232,0.0014980000005380134,0.00029240000003483146,50.43017578125
exact,1008,32,0,496,0.00043990660924464464,0.8076326884920635,1.0,32256,1016064,1048320,1008.0,253919232,0.003814300000158255,0.0002917000001616543,50.43017578125
exact,1008,32,0,497,0.0004297909908927977,0.8074156746031746,1.0,32256,1016064,1048320,1008.0,253919232,0.0016175000000657747,0.00034529999993537785,50.43017578125
exact,1008,32,0,498,0.0004284880415070802,0.8074776785714286,1.0,32256,1016064,1048320,1008.0,253919232,0.003072400000746711,0.00030470000001514563,50.43017578125
exact,1008,32,0,499,0.0004323557950556278,0.8077566964285714,1.0,32256,1016064,1048320,1008.0,253919232,0.0014350999999805936,0.00029769999946438475,50.43017578125
exact,1008,32,0,500,0.0004360335587989539,0.8076016865079365,1.0,32256,1016064,1048320,1008.0,253919232,0.0015079000004334375,0.0003452000000834232,50.43017578125
ariad,1008,32,0,1,0.20258736610412598,0.10057043650793651,0.13247147817460317,32256,145152,177408,144.0,142442496,0.09572159999970609,0.09231770000042161,92.8037109375
ariad,1008,32,0,2,0.16650676727294922,0.15538194444444445,0.2924107142857143,32256,145152,177408,144.0,142442496,0.0031662000001233537,0.002021199999944656,93.6669921875
ariad,1008,32,0,3,0.14820505678653717,0.18384176587301587,0.47349330357142855,32256,145152,177408,144.0,142442496,0.0027033000005758367,0.001625400000193622,93.6669921875
ariad,1008,32,0,4,0.1346374750137329,0.18722098214285715,0.6216827876984127,32256,145152,177408,144.0,142442496,0.00259249999999156,0.001556199999868113,93.6669921875
ariad,1008,32,0,5,0.1253160983324051,0.1736111111111111,0.7173549107142857,32256,145152,177408,144.0,142442496,0.002768100000139384,0.001604300000508374,93.6669921875
ariad,1008,32,0,6,0.11897816509008408,0.16121031746031747,0.7701512896825397,32256,145152,177408,144.0,142442496,0.0043256999997538514,0.0015770999998494517,93.6669921875
ariad,1008,32,0,7,0.11468040198087692,0.15144469246031747,0.8044084821428571,32256,145152,177408,144.0,142442496,0.0026296000005459064,0.0015389000000141095,93.6669921875
ariad,1008,32,0,8,0.11126642674207687,0.14285714285714285,0.8312872023809523,32256,145152,177408,144.0,142442496,0.006570300000021234,0.0051446999996187515,93.6669921875
ariad,1008,32,0,9,0.10836479812860489,0.13795882936507936,0.8454241071428571,32256,145152,177408,144.0,142442496,0.0025633000004745554,0.0015698999995947815,93.6669921875
ariad,1008,32,0,10,0.10582269728183746,0.1349206349206349,0.8560577876984127,32256,145152,177408,144.0,142442496,0.002812400000038906,0.0017246000006707618,93.6669921875
ariad,1008,32,0,11,0.10349944978952408,0.1355716765873016,0.8674665178571429,32256,145152,177408,144.0,142442496,0.00268560000040452,0.0015905000000202563,93.6669921875
ariad,1008,32,0,12,0.1010582447052002,0.13761780753968253,0.8732638888888888,32256,145152,177408,144.0,142442496,0.0041001999998115934,0.002929799999947136,93.6669921875
ariad,1008,32,0,13,0.09883368015289307,0.14115203373015872,0.8784722222222222,32256,145152,177408,144.0,142442496,0.00420750000012049,0.0014996999998402316,93.6669921875
ariad,1008,32,0,14,0.09663040190935135,0.14558531746031747,0.8806113591269841,32256,145152,177408,144.0,142442496,0.0025301000005129026,0.001476199999160599,93.6669921875
ariad,1008,32,0,15,0.09437324106693268,0.15231274801587302,0.882843501984127,32256,145152,177408,144.0,142442496,0.002759900000455673,0.0016395000002376037,93.6669921875
ariad,1008,32,0,16,0.09232179820537567,0.16055927579365079,0.8865637400793651,32256,145152,177408,144.0,142442496,0.002601199999844539,0.0015386000004582456,93.6669921875
ariad,1008,32,0,17,0.09011686593294144,0.16967385912698413,0.8871217757936508,32256,145152,177408,144.0,142442496,0.0026618000001690234,0.0015744000002086977,93.6669921875
ariad,1008,32,0,18,0.08786775171756744,0.18055555555555555,0.8887958829365079,32256,145152,177408,144.0,142442496,0.0025703999999677762,0.0015624000006937422,93.6669921875
ariad,1008,32,0,19,0.08571463078260422,0.19261532738095238,0.888671875,32256,145152,177408,144.0,142442496,0.004455199999938486,0.001623000000108732,93.6669921875
ariad,1008,32,0,20,0.08350656181573868,0.2056671626984127,0.8896329365079365,32256,145152,177408,144.0,142442496,0.0026828000000023167,0.0015953000001900364,93.6669921875
ariad,1008,32,0,21,0.08117210119962692,0.2214781746031746,0.8932291666666666,32256,145152,177408,144.0,142442496,0.002658000000337779,0.0016073999995569466,93.6669921875
ariad,1008,32,0,22,0.07880548387765884,0.2386532738095238,0.8968563988095238,32256,145152,177408,144.0,142442496,0.002764500000012049,0.0016101999999591499,93.6669921875
ariad,1008,32,0,23,0.07649894058704376,0.25492931547619047,0.8985615079365079,32256,145152,177408,144.0,142442496,0.002752399999735644,0.0016187999999601743,93.6669921875
ariad,1008,32,0,24,0.0741700530052185,0.27123635912698413,0.9028397817460317,32256,145152,177408,144.0,142442496,0.002766200000223762,0.001643300000068848,93.6669921875
ariad,1008,32,0,25,0.07196038961410522,0.28698536706349204,0.9060639880952381,32256,145152,177408,144.0,142442496,0.0027583999999478692,0.001522800000202551,93.6669921875
ariad,1008,32,0,26,0.06957078725099564,0.304656498015873,0.910125248015873,32256,145152,177408,144.0,142442496,0.0026590999996187747,0.0015637999995306018,93.6669921875
ariad,1008,32,0,27,0.0673263669013977,0.3210875496031746,0.9129774305555556,32256,145152,177408,144.0,142442496,0.0027038000007451046,0.001557699999466422,93.6669921875
ariad,1008,32,0,28,0.06520029157400131,0.33742559523809523,0.9168526785714286,32256,145152,177408,144.0,142442496,0.0026494000003367546,0.001590599999872211,93.6669921875
ariad,1008,32,0,29,0.06304630637168884,0.35518973214285715,0.9186817956349206,32256,145152,177408,144.0,142442496,0.002801300000101037,0.001702100000329665,93.6669921875
ariad,1008,32,0,30,0.06096972897648811,0.37134176587301587,0.9224330357142857,32256,145152,177408,144.0,142442496,0.002589800000350806,0.0015550000007351628,93.6669921875
ariad,1008,32,0,31,0.058999840170145035,0.3860987103174603,0.9254092261904762,32256,145152,177408,144.0,142442496,0.0027249000004303525,0.001534400000309688,93.6669921875
ariad,1008,32,0,32,0.05703989043831825,0.3998325892857143,0.9270213293650794,32256,145152,177408,144.0,142442496,0.002977400000418129,0.001644500000111293,93.6669921875
ariad,1008,32,0,33,0.055296286940574646,0.41415550595238093,0.9309585813492064,32256,145152,177408,144.0,142442496,0.0027328000005582,0.0015609000001859386,93.6669921875
ariad,1008,32,0,34,0.05356229469180107,0.4271453373015873,0.9348958333333334,32256,145152,177408,144.0,142442496,0.002939999999398424,0.0016771000000517233,93.6669921875
ariad,1008,32,0,35,0.05188087746500969,0.4384610615079365,0.9369419642857143,32256,145152,177408,144.0,142442496,0.004617099999450147,0.0032318000003215275,93.6669921875
ariad,1008,32,0,36,0.050337035208940506,0.4488777281746032,0.9378720238095238,32256,145152,177408,144.0,142442496,0.002750700000433426,0.0016170999997484614,93.6669921875
ariad,1008,32,0,37,0.04872671887278557,0.4584263392857143,0.9388020833333334,32256,145152,177408,144.0,142442496,0.0026712999997471343,0.001583799999934854,93.6669921875
ariad,1008,32,0,38,0.047182634472846985,0.4698350694444444,0.9406001984126984,32256,145152,177408,144.0,142442496,0.004279900000256021,0.001607000000149128,93.6669921875
ariad,1008,32,0,39,0.045741695910692215,0.47975570436507936,0.9397941468253969,32256,145152,177408,144.0,142442496,0.0026598000004014466,0.0015553000002910267,93.6669921875
ariad,1008,32,0,40,0.04435039311647415,0.49069940476190477,0.9417472718253969,32256,145152,177408,144.0,142442496,0.002734499999860418,0.0015937999996822327,93.6669921875
ariad,1008,32,0,41,0.04314497858285904,0.4995969742063492,0.9435453869047619,32256,145152,177408,144.0,142442496,0.004123300000173913,0.0015585999999530031,93.6669921875
ariad,1008,32,0,42,0.041982632130384445,0.5088665674603174,0.9438554067460317,32256,145152,177408,144.0,142442496,0.002562900000157242,0.0015650999994250014,93.6669921875
ariad,1008,32,0,43,0.04085997864603996,0.5169890873015873,0.9441344246031746,32256,145152,177408,144.0,142442496,0.0026694999996834667,0.0015598999998474028,93.6669921875
ariad,1008,32,0,44,0.03978921100497246,0.5240885416666666,0.9462735615079365,32256,145152,177408,144.0,142442496,0.002692600000045786,0.0016550000000279397,93.6669921875
ariad,1008,32,0,45,0.038790252059698105,0.5310639880952381,0.9462115575396826,32256,145152,177408,144.0,142442496,0.002719200000683486,0.001514100000349572,93.6669921875
ariad,1008,32,0,46,0.0378127284348011,0.539000496031746,0.9485057043650794,32256,145152,177408,144.0,142442496,0.0028151000005891547,0.001579600000695791,93.6669921875
ariad,1008,32,0,47,0.03692450001835823,0.5469680059523809,0.9488467261904762,32256,145152,177408,144.0,142442496,0.0030206000001271605,0.0017678999993222533,93.6669921875
ariad,1008,32,0,48,0.03606183081865311,0.5532304067460317,0.9496217757936508,32256,145152,177408,144.0,142442496,0.004322400000091875,0.001606799999535724,93.6669921875
ariad,1008,32,0,49,0.03524038940668106,0.5588417658730159,0.9508928571428571,32256,145152,177408,144.0,142442496,0.002810400000271329,0.0015595999993820442,93.6669921875
ariad,1008,32,0,50,0.03445477783679962,0.5646391369047619,0.9517919146825397,32256,145152,177408,144.0,142442496,0.0027565999998842017,0.0015998999997464125,93.6669921875
ariad,1008,32,0,51,0.03370388597249985,0.5691654265873016,0.953093998015873,32256,145152,177408,144.0,142442496,0.0030247000004237634,0.0015086000003066147,93.6669921875
ariad,1008,32,0,52,0.03295673802495003,0.574187748015873,0.9549851190476191,32256,145152,177408,144.0,142442496,0.0027461999998195097,0.001538299999992887,93.6669921875
ariad,1008,32,0,53,0.03225812688469887,0.5783420138888888,0.9555121527777778,32256,145152,177408,144.0,142442496,0.0027875000005224138,0.0016085000006569317,93.6669921875
ariad,1008,32,0,54,0.03155846148729324,0.5828062996031746,0.9576822916666666,32256,145152,177408,144.0,142442496,0.0027677999996740255,0.0015906999997241655,93.6669921875
ariad,1008,32,0,55,0.03089124895632267,0.5870845734126984,0.9583953373015873,32256,145152,177408,144.0,142442496,0.002757199999905424,0.0016168000001925975,93.6669921875
ariad,1008,32,0,56,0.030227329581975937,0.5903087797619048,0.9594804067460317,32256,145152,177408,144.0,142442496,0.0027835000000777654,0.0015604999998686253,93.6669921875
ariad,1008,32,0,57,0.029576832428574562,0.593812003968254,0.9588913690476191,32256,145152,177408,144.0,142442496,0.003025799999704759,0.001732599999741069,93.6669921875
ariad,1008,32,0,58,0.028923504054546356,0.5977492559523809,0.9595114087301587,32256,145152,177408,144.0,142442496,0.0026801000003615627,0.001586499999575608,93.6669921875
ariad,1008,32,0,59,0.028254622593522072,0.6017485119047619,0.9608444940476191,32256,145152,177408,144.0,142442496,0.003000600000632403,0.0017268999999942025,93.6669921875
ariad,1008,32,0,60,0.027600755915045738,0.6048797123015873,0.9612475198412699,32256,145152,177408,144.0,142442496,0.0030107000002317363,0.0015002999998614541,93.6669921875
ariad,1008,32,0,61,0.026947949081659317,0.6085999503968254,0.9615575396825397,32256,145152,177408,144.0,142442496,0.0028187000007164897,0.0016107000001284177,93.6669921875
ariad,1008,32,0,62,0.026292772963643074,0.6117311507936508,0.9615885416666666,32256,145152,177408,144.0,142442496,0.0042254999998476706,0.003026500000487431,93.6669921875
ariad,1008,32,0,63,0.025635959580540657,0.615172371031746,0.9624875992063492,32256,145152,177408,144.0,142442496,0.00281989999984944,0.0016272999991997494,93.6669921875
ariad,1008,32,0,64,0.024979662150144577,0.6177765376984127,0.9624255952380952,32256,145152,177408,144.0,142442496,0.002761199999440578,0.0016200000000026193,93.6669921875
ariad,1008,32,0,65,0.0242957454174757,0.6209387400793651,0.962921626984127,32256,145152,177408,144.0,142442496,0.0027755000000979635,0.0016515999996045139,93.6669921875
ariad,1008,32,0,66,0.023612285032868385,0.6234188988095238,0.9619295634920635,32256,145152,177408,144.0,142442496,0.0027616000006673858,0.001569799999742827,93.6669921875
ariad,1008,32,0,67,0.02292769029736519,0.6266741071428571,0.9633866567460317,32256,145152,177408,144.0,142442496,0.0026854000007006107,0.001526400000329886,93.6669921875
ariad,1008,32,0,68,0.022229855880141258,0.6302083333333334,0.9635416666666666,32256,145152,177408,144.0,142442496,0.0026965999995809398,0.0016071000000010827,93.6669921875
ariad,1008,32,0,69,0.021519729867577553,0.6331535218253969,0.9634176587301587,32256,145152,177408,144.0,142442496,0.0026845000002140296,0.0015622000000803382,93.6669921875
ariad,1008,32,0,70,0.020822318270802498,0.6360057043650794,0.9638826884920635,32256,145152,177408,144.0,142442496,0.0026850000003832974,0.0015880999999353662,93.6669921875
ariad,1008,32,0,71,0.020119743421673775,0.6388268849206349,0.964812748015873,32256,145152,177408,144.0,142442496,0.0038127999996504514,0.0017597999994904967,93.6669921875
ariad,1008,32,0,72,0.01940833032131195,0.6409970238095238,0.9640687003968254,32256,145152,177408,144.0,142442496,0.0029835000004823087,0.0016759000000092783,93.6669921875
ariad,1008,32,0,73,0.018697280436754227,0.6438182043650794,0.9649367559523809,32256,145152,177408,144.0,142442496,0.0028032999998686137,0.0016430000005129841,93.6669921875
ariad,1008,32,0,74,0.017987463623285294,0.6460813492063492,0.9656187996031746,32256,145152,177408,144.0,142442496,0.004522700000052282,0.00331350000033126,93.6669921875
ariad,1008,32,0,75,0.017283543944358826,0.6487475198412699,0.9658668154761905,32256,145152,177408,144.0,142442496,0.0026733999993666657,0.0016018999995139893,93.6669921875
ariad,1008,32,0,76,0.01657862216234207,0.6508866567460317,0.9661458333333334,32256,145152,177408,144.0,142442496,0.002747800000179268,0.001601900000423484,93.6669921875
ariad,1008,32,0,77,0.015884649008512497,0.6534908234126984,0.9652157738095238,32256,145152,177408,144.0,142442496,0.0046389999997700215,0.0016887000001588603,93.6669921875
ariad,1008,32,0,78,0.015205588191747665,0.6565290178571429,0.9669828869047619,32256,145152,177408,144.0,142442496,0.0026918999992631143,0.0015205999998215702,93.6669921875
ariad,1008,32,0,79,0.014539706520736217,0.6588231646825397,0.9662388392857143,32256,145152,177408,144.0,142442496,0.0027581999993344652,0.0015756000002511428,93.6669921875
ariad,1008,32,0,80,0.013881093822419643,0.6609312996031746,0.9657738095238095,32256,145152,177408,144.0,142442496,0.0027189000002181274,0.001573600000483566,93.6669921875
ariad,1008,32,0,81,0.0132341543212533,0.6639384920634921,0.9664558531746031,32256,145152,177408,144.0,142442496,0.002918899999713176,0.0016276999995170627,93.6669921875
ariad,1008,32,0,82,0.012611251324415207,0.6661396329365079,0.966734871031746,32256,145152,177408,144.0,142442496,0.0027681999999913387,0.001626600000236067,93.6669921875
ariad,1008,32,0,83,0.011998489499092102,0.6688678075396826,0.9676959325396826,32256,145152,177408,144.0,142442496,0.002856699999938428,0.0017274000001634704,93.6669921875
ariad,1008,32,0,84,0.011406437493860722,0.6714099702380952,0.9678509424603174,32256,145152,177408,144.0,142442496,0.002829399999427551,0.0016315000002578017,93.6669921875
ariad,1008,32,0,85,0.010833336040377617,0.6739521329365079,0.9673549107142857,32256,145152,177408,144.0,142442496,0.002608400000099209,0.0015577000003759167,93.6669921875
ariad,1008,32,0,86,0.010284632444381714,0.6760292658730159,0.9681919642857143,32256,145152,177408,144.0,142442496,0.002834400000210735,0.0016488000001118053,93.6669921875
ariad,1008,32,0,87,0.009758172556757927,0.677796378968254,0.9682539682539683,32256,145152,177408,144.0,142442496,0.0026361999998698593,0.0015963000005285721,93.6669921875
ariad,1008,32,0,88,0.00925904605537653,0.6802455357142857,0.9686569940476191,32256,145152,177408,144.0,142442496,0.0026204999994661193,0.0015131000000110362,93.6669921875
ariad,1008,32,0,89,0.008783734403550625,0.6820436507936508,0.9680989583333334,32256,145152,177408,144.0,142442496,0.00259970000024623,0.0015465999995285529,93.6669921875
ariad,1008,32,0,90,0.008333335630595684,0.6844308035714286,0.9676649305555556,32256,145152,177408,144.0,142442496,0.00290820000009262,0.0016433999999208027,93.6669921875
ariad,1008,32,0,91,0.00790867954492569,0.6863219246031746,0.9675099206349206,32256,145152,177408,144.0,142442496,0.0027512000006026938,0.0016166000004886882,93.6669921875
ariad,1008,32,0,92,0.007508068811148405,0.6873759920634921,0.9681299603174603,32256,145152,177408,144.0,142442496,0.002647600000273087,0.0015587999996569124,93.6669921875
ariad,1008,32,0,93,0.007130851969122887,0.6891741071428571,0.9692460317460317,32256,145152,177408,144.0,142442496,0.002692199999728473,0.0016020000002754387,93.6669921875
ariad,1008,32,0,94,0.00677570141851902,0.6908482142857143,0.9692460317460317,32256,145152,177408,144.0,142442496,0.0026569999999992433,0.0016317999998136656,93.6669921875
ariad,1008,32,0,95,0.006441014353185892,0.6934833829365079,0.9711061507936508,32256,145152,177408,144.0,142442496,0.0028296999998929095,0.0015925999996397877,93.6669921875
ariad,1008,32,0,96,0.006126180291175842,0.6957155257936508,0.9730592757936508,32256,145152,177408,144.0,142442496,0.0027744999997594277,0.0015610000000378932,93.6669921875
ariad,1008,32,0,97,0.005830858834087849,0.697234623015873,0.9729662698412699,32256,145152,177408,144.0,142442496,0.0031316000004153466,0.0017505999994682497,93.6669921875
ariad,1008,32,0,98,0.00555370794609189,0.6981336805555556,0.9738033234126984,32256,145152,177408,144.0,142442496,0.0033708999999362277,0.0016240000004472677,93.6669921875
ariad,1008,32,0,99,0.005294238217175007,0.6995597718253969,0.9735243055555556,32256,145152,177408,144.0,142442496,0.0027772999992521363,0.0015872999993007397,93.6669921875
ariad,1008,32,0,100,0.005050637759268284,0.7008308531746031,0.9728732638888888,32256,145152,177408,144.0,142442496,0.0026513999991948367,0.0015431000001626671,93.6669921875
ariad,1008,32,0,101,0.004821987356990576,0.7021329365079365,0.9751054067460317,32256,145152,177408,144.0,142442496,0.0026894000002357643,0.0015640999999959604,93.6669921875
ariad,1008,32,0,102,0.004607460927218199,0.7034040178571429,0.9755394345238095,32256,145152,177408,144.0,142442496,0.0026760000000649597,0.0015503000004173373,93.6669921875
ariad,1008,32,0,103,0.004406519699841738,0.7044580853174603,0.974640376984127,32256,145152,177408,144.0,142442496,0.002595599999949627,0.0015112999999473686,93.6669921875
ariad,1008,32,0,104,0.004217785783112049,0.7059151785714286,0.9738343253968254,32256,145152,177408,144.0,142442496,0.0027411000000938657,0.0016340000001946464,93.6669921875
ariad,1008,32,0,105,0.004042079672217369,0.7074652777777778,0.9747953869047619,32256,145152,177408,144.0,142442496,0.002759699999842269,0.001623000000108732,93.6669921875
ariad,1008,32,0,106,0.00387724582105875,0.7087983630952381,0.9756014384920635,32256,145152,177408,144.0,142442496,0.0028814999996029655,0.0017578999995748745,93.6669921875
ariad,1008,32,0,107,0.00372245442122221,0.7094494047619048,0.9760664682539683,32256,145152,177408,144.0,142442496,0.0035930999993070145,0.0016476999999213149,93.6669921875
ariad,1008,32,0,108,0.003576654475182295,0.7103484623015873,0.9756324404761905,32256,145152,177408,144.0,142442496,0.0029584999992948724,0.0017558999998072977,93.6669921875
ariad,1008,32,0,109,0.003439216408878565,0.7116815476190477,0.9752914186507936,32256,145152,177408,144.0,142442496,0.00286469999991823,0.0016806000003271038,93.6669921875
ariad,1008,32,0,110,0.003309956518933177,0.7127666170634921,0.9758494543650794,32256,145152,177408,144.0,142442496,0.0026562000002741115,0.0015843999999560765,93.6669921875
ariad,1008,32,0,111,0.0031897169537842274,0.7130456349206349,0.9760044642857143,32256,145152,177408,144.0,142442496,0.0026973000003636116,0.0015476000007765833,93.6669921875
ariad,1008,32,0,112,0.003077106084674597,0.7143477182539683,0.9777095734126984,32256,145152,177408,144.0,142442496,0.004516400000284193,0.001583299999765586,93.6669921875
ariad,1008,32,0,113,0.0029713562689721584,0.714812748015873,0.9773375496031746,32256,145152,177408,144.0,142442496,0.0037152999993850244,0.0016281999996863306,93.6669921875
ariad,1008,32,0,114,0.0028720139525830746,0.7155877976190477,0.9774925595238095,32256,145152,177408,144.0,142442496,0.0027232000002186396,0.0015327000000979751,93.6669921875
ariad,1008,32,0,115,0.002777778310701251,0.716827876984127,0.9783916170634921,32256,145152,177408,144.0,142442496,0.0025611999999455293,0.0015197000002444838,93.6669921875
ariad,1008,32,0,116,0.002689055632799864,0.7176029265873016,0.9789806547619048,32256,145152,177408,144.0,142442496,0.002741299999797775,0.0015857999997024308,93.6669921875
ariad,1008,32,0,117,0.0026058456860482693,0.7179439484126984,0.9796626984126984,32256,145152,177408,144.0,142442496,0.002839499999936379,0.0015488999997614883,93.6669921875
ariad,1008,32,0,118,0.002527036005631089,0.7185639880952381,0.9792906746031746,32256,145152,177408,144.0,142442496,0.0027605999994193553,0.0015960999999151682,93.6669921875
ariad,1008,32,0,119,0.0024526091292500496,0.7189980158730159,0.9797247023809523,32256,145152,177408,144.0,142442496,0.0026295999996364117,0.0015553000002910267,93.6669921875
ariad,1008,32,0,120,0.0023825226817280054,0.7194630456349206,0.9800657242063492,32256,145152,177408,144.0,142442496,0.0026260999993610312,0.001538299999992887,93.6669921875
ariad,1008,32,0,121,0.0023162125144153833,0.7201140873015873,0.9807477678571429,32256,145152,177408,144.0,142442496,0.002994299999954819,0.0016883000007510418,93.6669921875
ariad,1008,32,0,122,0.0022534336894750595,0.720734126984127,0.9808717757936508,32256,145152,177408,144.0,142442496,0.0028630999995584716,0.0015911000000414788,93.6669921875
ariad,1008,32,0,123,0.0021937983110547066,0.7215091765873016,0.9816158234126984,32256,145152,177408,144.0,142442496,0.0026403000001664623,0.0014935999997760518,93.6669921875
ariad,1008,32,0,124,0.002136882394552231,0.722625248015873,0.9815538194444444,32256,145152,177408,144.0,142442496,0.0026583999997455976,0.0015792999993209378,93.6669921875
ariad,1008,32,0,125,0.0020828049164265394,0.7236483134920635,0.9828869047619048,32256,145152,177408,144.0,142442496,0.004677500000070722,0.0016691000000719214,93.6669921875
ariad,1008,32,0,126,0.002031665062531829,0.7242373511904762,0.9825768849206349,32256,145152,177408,144.0,142442496,0.002782699999443139,0.001640899999983958,93.6669921875
ariad,1008,32,0,127,0.001982833491638303,0.724671378968254,0.9825768849206349,32256,145152,177408,144.0,142442496,0.0026515999998082407,0.0016387000005124719,93.6669921875
ariad,1008,32,0,128,0.0019361748127266765,0.7254464285714286,0.9833209325396826,32256,145152,177408,144.0,142442496,0.0025911000002452056,0.0015237000006891321,93.6669921875
ariad,1008,32,0,129,0.0018920120783150196,0.7260974702380952,0.9834759424603174,32256,145152,177408,144.0,142442496,0.0026760000000649597,0.0015878999993219622,93.6669921875
ariad,1008,32,0,130,0.0018499575089663267,0.7263144841269841,0.984312996031746,32256,145152,177408,144.0,142442496,0.0063149999996312545,0.0015953000001900364,93.6669921875
ariad,1008,32,0,131,0.0018096155254170299,0.7273685515873016,0.984437003968254,32256,145152,177408,144.0,142442496,0.0036808000004384667,0.001639699999941513,93.6669921875
ariad,1008,32,0,132,0.001771254581399262,0.7281746031746031,0.9837859623015873,32256,145152,177408,144.0,142442496,0.003660899999886169,0.001840299999457784,93.6669921875
ariad,1008,32,0,133,0.001734479214064777,0.7291046626984127,0.9834139384920635,32256,145152,177408,144.0,142442496,0.003188399999999092,0.0016586000001552748,93.6669921875
ariad,1008,32,0,134,0.001699451357126236,0.7299417162698413,0.984437003968254,32256,145152,177408,144.0,142442496,0.004751600000417966,0.003080200000113109,93.6669921875
ariad,1008,32,0,135,0.0016656424850225449,0.7305617559523809,0.9848710317460317,32256,145152,177408,144.0,142442496,0.0030075000004217145,0.0015241999999489053,93.6669921875
ariad,1008,32,0,136,0.001633223844692111,0.7311197916666666,0.984343998015873,32256,145152,177408,144.0,142442496,0.004482599999391823,0.0029605999998238985,93.6669921875
ariad,1008,32,0,137,0.0016020301263779402,0.7318328373015873,0.984437003968254,32256,145152,177408,144.0,142442496,0.004200700000183133,0.0026144000003114343,93.6669921875
ariad,1008,32,0,138,0.0015723491087555885,0.732452876984127,0.9845300099206349,32256,145152,177408,144.0,142442496,0.00394369999958144,0.002042500000243308,93.6669921875
ariad,1008,32,0,139,0.0015438476111739874,0.7328869047619048,0.9846540178571429,32256,145152,177408,144.0,142442496,0.0034077000000252156,0.0016844000001583481,93.6669921875
ariad,1008,32,0,140,0.0015165322693064809,0.7331969246031746,0.984375,32256,145152,177408,144.0,142442496,0.0036954000006517163,0.0016419000003224937,93.6669921875
ariad,1008,32,0,141,0.0014901653630658984,0.7340649801587301,0.9844680059523809,32256,145152,177408,144.0,142442496,0.0032199000006585266,0.0016557999997530715,93.6669921875
ariad,1008,32,0,142,0.0014649268705397844,0.7348710317460317,0.9851500496031746,32256,145152,177408,144.0,142442496,0.0032258000001093023,0.0018377999995209393,93.6669921875
ariad,1008,32,0,143,0.001440497231669724,0.7356150793650794,0.9859561011904762,32256,145152,177408,144.0,142442496,0.0036410000002433662,0.001698999999462103,93.6669921875
ariad,1008,32,0,144,0.0014170351205393672,0.7361731150793651,0.986297123015873,32256,145152,177408,144.0,142442496,0.003412000000025728,0.00197180000031949,93.6669921875
ariad,1008,32,0,145,0.0013944420497864485,0.7371031746031746,0.9851190476190477,32256,145152,177408,144.0,142442496,0.00289009999960399,0.0016138999999384396,93.6669921875
ariad,1008,32,0,146,0.0013726636534556746,0.7376612103174603,0.9859871031746031,32256,145152,177408,144.0,142442496,0.0030374999996638508,0.0016408000001320033,93.6669921875
ariad,1008,32,0,147,0.0013515258906409144,0.7381262400793651,0.9855220734126984,32256,145152,177408,144.0,142442496,0.003037200000107987,0.0015625999994881568,93.6669921875
ariad,1008,32,0,148,0.0013310927897691727,0.7389012896825397,0.9859250992063492,32256,145152,177408,144.0,142442496,0.0032259000008707517,0.0016910000003917958,93.6669921875
ariad,1008,32,0,149,0.0013114332687109709,0.7393973214285714,0.9869171626984127,32256,145152,177408,144.0,142442496,0.003125499999441672,0.0016934000004766858,93.6669921875
ariad,1008,32,0,150,0.0012921708403155208,0.740172371031746,0.9865761408730159,32256,145152,177408,144.0,142442496,0.003826600000138569,0.001683700000285171,93.6669921875
ariad,1008,32,0,151,0.0012738850200548768,0.7405443948412699,0.9861421130952381,32256,145152,177408,144.0,142442496,0.00332550000075571,0.0017143000004580244,93.6669921875
ariad,1008,32,0,152,0.0012561497278511524,0.7409784226190477,0.9868861607142857,32256,145152,177408,144.0,142442496,0.0035516999996616505,0.0021379999998316634,93.6669921875
ariad,1008,32,0,153,0.0012390812626108527,0.7415984623015873,0.9872271825396826,32256,145152,177408,144.0,142442496,0.0033170000006066402,0.0016205000001718872,93.6669921875
ariad,1008,32,0,154,0.0012224371312186122,0.7420324900793651,0.9868241567460317,32256,145152,177408,144.0,142442496,0.00443600000016886,0.0026757999994515558,93.6669921875
ariad,1008,32,0,155,0.001206510467454791,0.7425595238095238,0.9869481646825397,32256,145152,177408,144.0,142442496,0.002875799999856099,0.0015530999999100459,93.6669921875
ariad,1008,32,0,156,0.0011908916058018804,0.7433345734126984,0.9868861607142857,32256,145152,177408,144.0,142442496,0.003081900000324822,0.0016951999996308587,93.6669921875
ariad,1008,32,0,157,0.0011759297922253609,0.7439236111111112,0.9872271825396826,32256,145152,177408,144.0,142442496,0.0032163999994736514,0.0016983999994408805,93.6669921875
ariad,1008,32,0,158,0.0011613979004323483,0.7445126488095238,0.9876922123015873,32256,145152,177408,144.0,142442496,0.003244999999878928,0.0017177999998239102,93.6669921875
ariad,1008,32,0,159,0.001147379050962627,0.7447916666666666,0.9875062003968254,32256,145152,177408,144.0,142442496,0.003011000000697095,0.0015948000000207685,93.6669921875
ariad,1008,32,0,160,0.0011334654409438372,0.7456287202380952,0.9880022321428571,32256,145152,177408,144.0,142442496,0.004754200000206765,0.002920099999755621,93.6669921875
ariad,1008,32,0,161,0.0011201039887964725,0.7461867559523809,0.9879402281746031,32256,145152,177408,144.0,142442496,0.005139800000506511,0.0032535999998799525,93.6669921875
ariad,1008,32,0,162,0.001107107033021748,0.7471168154761905,0.9879712301587301,32256,145152,177408,144.0,142442496,0.0032823999999891385,0.0017797000000427943,93.6669921875
ariad,1008,32,0,163,0.0010944759706035256,0.7474268353174603,0.988250248015873,32256,145152,177408,144.0,142442496,0.004797500000677246,0.002826600000844337,93.6669921875
ariad,1008,32,0,164,0.001082123606465757,0.7479538690476191,0.9878782242063492,32256,145152,177408,144.0,142442496,0.00554420000025857,0.003011499999956868,93.6669921875
ariad,1008,32,0,165,0.0010701263090595603,0.7485119047619048,0.9881882440476191,32256,145152,177408,144.0,142442496,0.003235099999983504,0.0017682999996395665,93.6669921875
ariad,1008,32,0,166,0.001058508874848485,0.7492249503968254,0.988343253968254,32256,145152,177408,144.0,142442496,0.0030167000004439615,0.0015885000002526795,93.6669921875
ariad,1008,32,0,167,0.0010473589645698667,0.7497829861111112,0.9889012896825397,32256,145152,177408,144.0,142442496,0.0028563999994730693,0.0015905000000202563,93.6669921875
ariad,1008,32,0,168,0.0010364210465922952,0.7500930059523809,0.9885292658730159,32256,145152,177408,144.0,142442496,0.003408300000046438,0.0017250000000785803,93.6669921875
ariad,1008,32,0,169,0.0010256498353555799,0.7506510416666666,0.9888082837301587,32256,145152,177408,144.0,142442496,0.0032773000002634944,0.0017639999996390543,93.6669921875
ariad,1008,32,0,170,0.0010152070317417383,0.7507130456349206,0.9886842757936508,32256,145152,177408,144.0,142442496,0.004421399999955611,0.0027939000001424574,93.6669921875
ariad,1008,32,0,171,0.0010051097488030791,0.7508370535714286,0.9884672619047619,32256,145152,177408,144.0,142442496,0.0053689000005761045,0.0032753999994383776,93.6669921875
ariad,1008,32,0,172,0.0009950791718438268,0.7515500992063492,0.9889012896825397,32256,145152,177408,144.0,142442496,0.003024599999662314,0.0016611000000921194,93.6669921875
ariad,1008,32,0,173,0.0009853920200839639,0.7517671130952381,0.9893973214285714,32256,145152,177408,144.0,142442496,0.003334799999720417,0.0018805999998221523,93.6669921875
ariad,1008,32,0,174,0.0009760537650436163,0.7520771329365079,0.9895523313492064,32256,145152,177408,144.0,142442496,0.003288800000518677,0.0016608000005362555,93.6669921875
ariad,1008,32,0,175,0.0009669224382378161,0.7526351686507936,0.9896453373015873,32256,145152,177408,144.0,142442496,0.003125299999737763,0.0015855999999985215,93.6669921875
ariad,1008,32,0,176,0.0009578713215887547,0.7528831845238095,0.990172371031746,32256,145152,177408,144.0,142442496,0.0030689000004713307,0.0016265000003841124,93.6669921875
ariad,1008,32,0,177,0.0009493782417848706,0.7530381944444444,0.9901413690476191,32256,145152,177408,144.0,142442496,0.002938700000413519,0.0016374999995605322,93.6669921875
ariad,1008,32,0,178,0.0009409501799382269,0.7531001984126984,0.9901103670634921,32256,145152,177408,144.0,142442496,0.003029700000297453,0.001562000000376429,93.6669921875
ariad,1008,32,0,179,0.0009327001753263175,0.7535032242063492,0.9896143353174603,32256,145152,177408,144.0,142442496,0.003749900000002526,0.0022275000001172884,93.6669921875
ariad,1008,32,0,180,0.0009244814864359796,0.753937251984127,0.9893973214285714,32256,145152,177408,144.0,142442496,0.0032279999995807884,0.0017670999995971215,93.6669921875
ariad,1008,32,0,181,0.0009167189127765596,0.7546192956349206,0.9899553571428571,32256,145152,177408,144.0,142442496,0.0028640999998970074,0.0015479999992749072,93.6669921875
ariad,1008,32,0,182,0.0009090573294088244,0.7549293154761905,0.9901103670634921,32256,145152,177408,144.0,142442496,0.0033324999994874815,0.0016918000001169275,93.6669921875
ariad,1008,32,0,183,0.0009015082032419741,0.7556423611111112,0.990172371031746,32256,145152,177408,144.0,142442496,0.0033361000005243113,0.0017745000004651956,93.6669921875
ariad,1008,32,0,184,0.0008940812549553812,0.7559833829365079,0.9900483630952381,32256,145152,177408,144.0,142442496,0.003737899999578076,0.0021335999999791966,93.6669921875
ariad,1008,32,0,185,0.0008868516306392848,0.7564794146825397,0.9905133928571429,32256,145152,177408,144.0,142442496,0.0030379999998331186,0.0016243999998550862,93.6669921875
ariad,1008,32,0,186,0.0008798291091807187,0.7565104166666666,0.9903583829365079,32256,145152,177408,144.0,142442496,0.0032313000001522596,0.0016679000000294764,93.6669921875
ariad,1008,32,0,187,0.0008729043765924871,0.7568514384920635,0.990234375,32256,145152,177408,144.0,142442496,0.005502400000295893,0.003142100000331993,93.6669921875
ariad,1008,32,0,188,0.0008662613108754158,0.7569754464285714,0.9898623511904762,32256,145152,177408,144.0,142442496,0.0037307000002329005,0.0019581999995352817,93.6669921875
ariad,1008,32,0,189,0.0008596545085310936,0.7576264880952381,0.990172371031746,32256,145152,177408,144.0,142442496,0.003297299999758252,0.0018359999994572718,93.6669921875
ariad,1008,32,0,190,0.0008532916544936597,0.7577194940476191,0.9904823908730159,32256,145152,177408,144.0,142442496,0.0031626999998479732,0.0016544999998586718,93.6669921875
ariad,1008,32,0,191,0.0008469887543469667,0.7582155257936508,0.9906063988095238,32256,145152,177408,144.0,142442496,0.0036629000005632406,0.0020077999997738516,93.6669921875
ariad,1008,32,0,192,0.000840812164824456,0.7585255456349206,0.9905133928571429,32256,145152,177408,144.0,142442496,0.003510399999868241,0.001847000000452681,93.6669921875
ariad,1008,32,0,193,0.0008346503018401563,0.7589905753968254,0.9903583829365079,32256,145152,177408,144.0,142442496,0.0046416000004683156,0.003044699999918521,93.6669921875
ariad,1008,32,0,194,0.000828778778668493,0.7593625992063492,0.9900793650793651,32256,145152,177408,144.0,142442496,0.0029580000000350992,0.0016053999997893698,93.6669921875
ariad,1008,32,0,195,0.0008229585364460945,0.7596416170634921,0.9904513888888888,32256,145152,177408,144.0,142442496,0.003194100000655453,0.0017643999999563675,93.6669921875
ariad,1008,32,0,196,0.000817297026515007,0.7596106150793651,0.9901413690476191,32256,145152,177408,144.0,142442496,0.0028384000006553833,0.001592999999957101,93.6669921875
ariad,1008,32,0,197,0.0008117492543533444,0.7599206349206349,0.990265376984127,32256,145152,177408,144.0,142442496,0.0030864000000292435,0.0017385999999532942,93.6669921875
ariad,1008,32,0,198,0.0008063039858825505,0.7600756448412699,0.9905133928571429,32256,145152,177408,144.0,142442496,0.0031730999999126652,0.0016624999998384737,93.6669921875
ariad,1008,32,0,199,0.000800950510893017,0.7603856646825397,0.9903583829365079,32256,145152,177408,144.0,142442496,0.0033902000004673027,0.0018173999997088686,93.6669921875
ariad,1008,32,0,200,0.0007957089692354202,0.7603856646825397,0.9899863591269841,32256,145152,177408,144.0,142442496,0.005484899999828485,0.0028757000000041444,93.6669921875
ariad,1008,32,0,201,0.0007905289530754089,0.7606026785714286,0.9895833333333334,32256,145152,177408,144.0,142442496,0.004543999999441439,0.0028638000003411435,93.6669921875
ariad,1008,32,0,202,0.0007855365402065217,0.7611607142857143,0.9894283234126984,32256,145152,177408,144.0,142442496,0.003154299999550858,0.001695099999778904,93.6669921875
ariad,1008,32,0,203,0.0007806906360201538,0.7613777281746031,0.9895833333333334,32256,145152,177408,144.0,142442496,0.0055724000003465335,0.003034500000467233,93.6669921875
ariad,1008,32,0,204,0.0007758502615615726,0.761687748015873,0.9904823908730159,32256,145152,177408,144.0,142442496,0.003866800000650983,0.002415099999780068,93.6669921875
ariad,1008,32,0,205,0.0007711310172453523,0.761780753968254,0.9904513888888888,32256,145152,177408,144.0,142442496,0.003037399999811896,0.0016758000001573237,93.6669921875
ariad,1008,32,0,206,0.0007664745207875967,0.7620287698412699,0.9908544146825397,32256,145152,177408,144.0,142442496,0.0027922000008402392,0.0015932999995129649,93.6669921875
ariad,1008,32,0,207,0.000761956034693867,0.7621527777777778,0.9908854166666666,32256,145152,177408,144.0,142442496,0.0029664000003322144,0.0016576999996686936,93.6669921875
ariad,1008,32,0,208,0.0007574916817247868,0.7624007936507936,0.9906994047619048,32256,145152,177408,144.0,142442496,0.00346599999920727,0.001706699999886041,93.6669921875
ariad,1008,32,0,209,0.0007531410083174706,0.7624627976190477,0.9912264384920635,32256,145152,177408,144.0,142442496,0.003131000000394124,0.0017960000004677568,93.6669921875
ariad,1008,32,0,210,0.0007488296832889318,0.7627418154761905,0.9911954365079365,32256,145152,177408,144.0,142442496,0.004053999999996449,0.002505800000108138,93.6669921875
ariad,1008,32,0,211,0.0007444820366799831,0.7631758432539683,0.9911024305555556,32256,145152,177408,144.0,142442496,0.0033008000000336324,0.001650100000006205,93.6669921875
ariad,1008,32,0,212,0.0007401927141472697,0.763609871031746,0.9908544146825397,32256,145152,177408,144.0,142442496,0.003096700000241981,0.0017116999997597304,93.6669921875
ariad,1008,32,0,213,0.0007361156749539077,0.7637648809523809,0.9910404265873016,32256,145152,177408,144.0,142442496,0.003150199999254255,0.001659099999415048,93.6669921875
ariad,1008,32,0,214,0.0007320994045585394,0.763702876984127,0.9908544146825397,32256,145152,177408,144.0,142442496,0.00554310000006808,0.0031584999996994156,93.6669921875
ariad,1008,32,0,215,0.0007280368590727448,0.7639818948412699,0.9912574404761905,32256,145152,177408,144.0,142442496,0.0033423000004404457,0.0017238000000361353,93.6669921875
ariad,1008,32,0,216,0.000724195851944387,0.7643229166666666,0.9909164186507936,32256,145152,177408,144.0,142442496,0.005065999999715132,0.0030150000002322486,93.6669921875
ariad,1008,32,0,217,0.0007202429696917534,0.7647569444444444,0.9912884424603174,32256,145152,177408,144.0,142442496,0.004858500000409549,0.002998200000547513,93.6669921875
ariad,1008,32,0,218,0.0007164697744883597,0.7647879464285714,0.9915364583333334,32256,145152,177408,144.0,142442496,0.004945600000610284,0.0029978000002301997,93.6669921875
ariad,1008,32,0,219,0.0007127863354980946,0.7653149801587301,0.9915984623015873,32256,145152,177408,144.0,142442496,0.005531899999368761,0.003370299999915005,93.6669921875
ariad,1008,32,0,220,0.0007092258892953396,0.7654699900793651,0.9916294642857143,32256,145152,177408,144.0,142442496,0.0030697000001964625,0.0017196999997395324,93.6669921875
ariad,1008,32,0,221,0.0007056236499920487,0.7653459821428571,0.9915054563492064,32256,145152,177408,144.0,142442496,0.003433699999732198,0.0017683999994915212,93.6669921875
ariad,1008,32,0,222,0.000702119548805058,0.765562996031746,0.9919394841269841,32256,145152,177408,144.0,142442496,0.003505300000142597,0.0018326999997952953,93.6669921875
ariad,1008,32,0,223,0.0006985903601162136,0.7658730158730159,0.9917844742063492,32256,145152,177408,144.0,142442496,0.005732499999794527,0.003169700000398734,93.6669921875
ariad,1008,32,0,224,0.000695152091793716,0.7663690476190477,0.9913194444444444,32256,145152,177408,144.0,142442496,0.002950500000224565,0.0016584000004513655,93.6669921875
ariad,1008,32,0,225,0.0006918435683473945,0.7667100694444444,0.9918464781746031,32256,145152,177408,144.0,142442496,0.002793700000438548,0.0016022999998313026,93.6669921875
ariad,1008,32,0,226,0.0006886420887894928,0.7667720734126984,0.9916604662698413,32256,145152,177408,144.0,142442496,0.0028935999998793704,0.0015654999997423147,93.6669921875
ariad,1008,32,0,227,0.0006854222156107426,0.7669580853174603,0.9915984623015873,32256,145152,177408,144.0,142442496,0.00298930000008113,0.0016445999999632477,93.6669921875
ariad,1008,32,0,228,0.0006822158466093242,0.767516121031746,0.9914744543650794,32256,145152,177408,144.0,142442496,0.0027544000004127156,0.0015759000007165014,93.6669921875
ariad,1008,32,0,229,0.0006791093619540334,0.7677021329365079,0.9918774801587301,32256,145152,177408,144.0,142442496,0.0027092000000266125,0.0015874999999141437,93.6669921875
ariad,1008,32,0,230,0.0006759206880815327,0.7677021329365079,0.9920634920634921,32256,145152,177408,144.0,142442496,0.0031132000003708526,0.0017237000001841807,93.6669921875
ariad,1008,32,0,231,0.0006729265442118049,0.7679501488095238,0.9920944940476191,32256,145152,177408,144.0,142442496,0.0027846999992107158,0.00164889999996376,93.6669921875
ariad,1008,32,0,232,0.0006698642391711473,0.7683221726190477,0.9925285218253969,32256,145152,177408,144.0,142442496,0.0028978999998798827,0.0015466000004380476,93.6669921875
ariad,1008,32,0,233,0.0006669408176094294,0.7685391865079365,0.9929935515873016,32256,145152,177408,144.0,142442496,0.0034262999997736188,0.001700100000562088,93.6669921875
ariad,1008,32,0,234,0.000663894519675523,0.7688182043650794,0.9926215277777778,32256,145152,177408,144.0,142442496,0.0029020000001764856,0.0016869000000951928,93.6669921875
ariad,1008,32,0,235,0.0006610489217564464,0.7690662202380952,0.9926835317460317,32256,145152,177408,144.0,142442496,0.0028134000003774418,0.0016304000000673113,93.6669921875
ariad,1008,32,0,236,0.000658198376186192,0.769593253968254,0.9924665178571429,32256,145152,177408,144.0,142442496,0.0027501999993546633,0.0015812000001460547,93.6669921875
ariad,1008,32,0,237,0.0006553827552124858,0.7698102678571429,0.9927765376984127,32256,145152,177408,144.0,142442496,0.00264459999925748,0.001530500000626489,93.6669921875
ariad,1008,32,0,238,0.0006525710341520607,0.7702442956349206,0.9927145337301587,32256,145152,177408,144.0,142442496,0.002829899999596819,0.001623699999981909,93.6669921875
ariad,1008,32,0,239,0.0006498545408248901,0.7705853174603174,0.9924665178571429,32256,145152,177408,144.0,142442496,0.002745800000411691,0.0015745000000606524,93.6669921875
ariad,1008,32,0,240,0.0006472262903116643,0.7708953373015873,0.9921875,32256,145152,177408,144.0,142442496,0.002997200000208977,0.0016528999994989135,93.6669921875
ariad,1008,32,0,241,0.0006445954204536974,0.7708643353174603,0.9927145337301587,32256,145152,177408,144.0,142442496,0.0026066000000355416,0.0015328000008594245,93.6669921875
ariad,1008,32,0,242,0.0006420355057343841,0.7711433531746031,0.9929005456349206,32256,145152,177408,144.0,142442496,0.0027396000004955567,0.0015854000002946123,93.6669921875
ariad,1008,32,0,243,0.0006394904921762645,0.7712983630952381,0.9928385416666666,32256,145152,177408,144.0,142442496,0.0031357999996544095,0.001558800000566407,93.6669921875
ariad,1008,32,0,244,0.0006369586335495114,0.771515376984127,0.9930555555555556,32256,145152,177408,144.0,142442496,0.0027713999998013605,0.0015830999991521821,93.6669921875
ariad,1008,32,0,245,0.0006344226421788335,0.7717943948412699,0.9927455357142857,32256,145152,177408,144.0,142442496,0.0032712000001993147,0.0016876999998203246,93.6669921875
ariad,1008,32,0,246,0.000631936127319932,0.7719494047619048,0.9931175595238095,32256,145152,177408,144.0,142442496,0.0027046999994126963,0.0015779999994265381,93.6669921875
ariad,1008,32,0,247,0.000629548798315227,0.7721664186507936,0.9930245535714286,32256,145152,177408,144.0,142442496,0.004357199999503791,0.0018681999999898835,93.6669921875
ariad,1008,32,0,248,0.0006271926104091108,0.7724144345238095,0.9933345734126984,32256,145152,177408,144.0,142442496,0.003293100000519189,0.0018399000000499655,93.6669921875
ariad,1008,32,0,249,0.0006248684949241579,0.7724454365079365,0.9929625496031746,32256,145152,177408,144.0,142442496,0.002689500000087719,0.001562000000376429,93.6669921875
ariad,1008,32,0,250,0.0006225042161531746,0.7724764384920635,0.9929005456349206,32256,145152,177408,144.0,142442496,0.002698499999496562,0.0015699000005042762,93.6669921875
ariad,1008,32,0,251,0.0006203019293025136,0.7727864583333334,0.9930865575396826,32256,145152,177408,144.0,142442496,0.0030287999998108717,0.0016651999994792277,93.6669921875
ariad,1008,32,0,252,0.0006180817144922912,0.7731584821428571,0.9931485615079365,32256,145152,177408,144.0,142442496,0.004015800000161107,0.002241100000901497,93.6669921875
ariad,1008,32,0,253,0.00061585265211761,0.7733444940476191,0.9933655753968254,32256,145152,177408,144.0,142442496,0.0029248000000734464,0.0016739000002417015,93.6669921875
ariad,1008,32,0,254,0.000613630109000951,0.7735615079365079,0.9933035714285714,32256,145152,177408,144.0,142442496,0.0032920000003286987,0.0016550000000279397,93.6669921875
ariad,1008,32,0,255,0.000611465482506901,0.7736855158730159,0.9935205853174603,32256,145152,177408,144.0,142442496,0.002987899999425281,0.0015543999998044455,93.6669921875
ariad,1008,32,0,256,0.0006093902629800141,0.7740575396825397,0.9934585813492064,32256,145152,177408,144.0,142442496,0.004977900000085356,0.003086300000177289,93.6669921875
ariad,1008,32,0,257,0.0006072929827496409,0.7742125496031746,0.9935205853174603,32256,145152,177408,144.0,142442496,0.0030992999991212855,0.001698900000519643,93.6669921875
ariad,1008,32,0,258,0.0006051500095054507,0.7743985615079365,0.9939236111111112,32256,145152,177408,144.0,142442496,0.002715599999646656,0.0015597999999954482,93.6669921875
ariad,1008,32,0,259,0.0006031318916939199,0.7744295634920635,0.9933965773809523,32256,145152,177408,144.0,142442496,0.0028535999999803607,0.0016963999996733037,93.6669921875
ariad,1008,32,0,260,0.0006012064986862242,0.7746155753968254,0.9942646329365079,32256,145152,177408,144.0,142442496,0.002676999999494001,0.0015773000004628557,93.6669921875
ariad,1008,32,0,261,0.0005992211517877877,0.7748015873015873,0.9943266369047619,32256,145152,177408,144.0,142442496,0.0025205000001733424,0.001480500000070606,93.6669921875
ariad,1008,32,0,262,0.0005972612416371703,0.7748635912698413,0.9939546130952381,32256,145152,177408,144.0,142442496,0.003083399999923131,0.0016894000000320375,93.6669921875
ariad,1008,32,0,263,0.0005953427171334624,0.7750806051587301,0.9937375992063492,32256,145152,177408,144.0,142442496,0.0026954999993904494,0.0015812999999980093,93.6669921875
ariad,1008,32,0,264,0.000593477685470134,0.7752046130952381,0.9938926091269841,32256,145152,177408,144.0,142442496,0.002763800000138872,0.0016052000000854605,93.6669921875
ariad,1008,32,0,265,0.0005915851215831935,0.775452628968254,0.994078621031746,32256,145152,177408,144.0,142442496,0.0027496000002429355,0.0016772999997556326,93.6669921875
ariad,1008,32,0,266,0.0005897252704016864,0.7755766369047619,0.9935825892857143,32256,145152,177408,144.0,142442496,0.0026864000001296517,0.0015664000002288958,93.6669921875
ariad,1008,32,0,267,0.0005879037198610604,0.7757936507936508,0.9937065972222222,32256,145152,177408,144.0,142442496,0.002609199999824341,0.001510000000052969,93.6669921875
ariad,1008,32,0,268,0.0005861488170921803,0.7763206845238095,0.9937686011904762,32256,145152,177408,144.0,142442496,0.002738600000157021,0.001557699999466422,93.6669921875
ariad,1008,32,0,269,0.000584402761887759,0.7767237103174603,0.9936755952380952,32256,145152,177408,144.0,142442496,0.0027404000002206885,0.0015883000005487702,93.6669921875
ariad,1008,32,0,270,0.0005826050182804465,0.7767237103174603,0.9937686011904762,32256,145152,177408,144.0,142442496,0.002603599999929429,0.0015402999997604638,93.6669921875
ariad,1008,32,0,271,0.0005808244459331036,0.7769717261904762,0.994171626984127,32256,145152,177408,144.0,142442496,0.002691400000003341,0.0016052000000854605,93.6669921875
ariad,1008,32,0,272,0.0005790760624222457,0.7771267361111112,0.9939856150793651,32256,145152,177408,144.0,142442496,0.0027278999996269704,0.001645499999540334,93.6669921875
ariad,1008,32,0,273,0.0005774821620434523,0.7772507440476191,0.9940166170634921,32256,145152,177408,144.0,142442496,0.002683400000023539,0.0015904000001683016,93.6669921875
ariad,1008,32,0,274,0.0005757849430665374,0.7776537698412699,0.9943266369047619,32256,145152,177408,144.0,142442496,0.002709600000343926,0.0015267999997377046,93.6669921875
ariad,1008,32,0,275,0.0005741565837524831,0.7778707837301587,0.9943886408730159,32256,145152,177408,144.0,142442496,0.002662400000190246,0.0015822999994270504,93.6669921875
ariad,1008,32,0,276,0.0005725527880713344,0.7781498015873016,0.9943576388888888,32256,145152,177408,144.0,142442496,0.0028345999999146443,0.0016247000003204448,93.6669921875
ariad,1008,32,0,277,0.0005708792596124113,0.7783048115079365,0.9940476190476191,32256,145152,177408,144.0,142442496,0.0030111000005490496,0.0018098000000463799,93.6669921875
ariad,1008,32,0,278,0.0005692880367860198,0.7785528273809523,0.9940166170634921,32256,145152,177408,144.0,142442496,0.0026502000000618864,0.001639400000385649,93.6669921875
ariad,1008,32,0,279,0.0005677391309291124,0.7788008432539683,0.9943886408730159,32256,145152,177408,144.0,142442496,0.0026651999996829545,0.001576799999384093,93.6669921875
ariad,1008,32,0,280,0.0005661646719090641,0.7786148313492064,0.9945746527777778,32256,145152,177408,144.0,142442496,0.0026874999994106474,0.0016341999998985557,93.6669921875
ariad,1008,32,0,281,0.0005646971985697746,0.7784908234126984,0.9943576388888888,32256,145152,177408,144.0,142442496,0.0026557999999567983,0.001539799999591196,93.6669921875
ariad,1008,32,0,282,0.0005630922387354076,0.7788008432539683,0.9944506448412699,32256,145152,177408,144.0,142442496,0.0025950000008378993,0.0015342999995482387,93.6669921875
ariad,1008,32,0,283,0.0005616523558273911,0.7789558531746031,0.9944506448412699,32256,145152,177408,144.0,142442496,0.0025826999999480904,0.0015289000002667308,93.6669921875
ariad,1008,32,0,284,0.0005601592711172998,0.7788008432539683,0.994078621031746,32256,145152,177408,144.0,142442496,0.0026533000000199536,0.0015559000003122492,93.6669921875
ariad,1008,32,0,285,0.0005587090854533017,0.779234871031746,0.994140625,32256,145152,177408,144.0,142442496,0.004556099999717844,0.0033771999997043167,93.6669921875
ariad,1008,32,0,286,0.000557278748601675,0.7794518849206349,0.9940166170634921,32256,145152,177408,144.0,142442496,0.0026627999995980645,0.0015741999995952938,93.6669921875
ariad,1008,32,0,287,0.0005558636621572077,0.7797619047619048,0.9940476190476191,32256,145152,177408,144.0,142442496,0.002611899999465095,0.001530800000182353,93.6669921875
ariad,1008,32,0,288,0.000554416561499238,0.7801029265873016,0.9943266369047619,32256,145152,177408,144.0,142442496,0.0034795000001395238,0.0022983999997450155,93.6669921875
ariad,1008,32,0,289,0.0005530717899091542,0.7802889384920635,0.9942956349206349,32256,145152,177408,144.0,142442496,0.0027169999993930105,0.0016202999995584833,93.6669921875
ariad,1008,32,0,290,0.0005517065874300897,0.7804749503968254,0.9946676587301587,32256,145152,177408,144.0,142442496,0.00263360000008106,0.0015467999992324621,93.6669921875
ariad,1008,32,0,291,0.0005503751453943551,0.7806919642857143,0.9947296626984127,32256,145152,177408,144.0,142442496,0.002655899999808753,0.0016085999995993916,93.6669921875
ariad,1008,32,0,292,0.0005489910254254937,0.7807539682539683,0.9945126488095238,32256,145152,177408,144.0,142442496,0.0026739000004454283,0.0015715999998064945,93.6669921875
ariad,1008,32,0,293,0.0005476658116094768,0.7809089781746031,0.994171626984127,32256,145152,177408,144.0,142442496,0.0027438999995865743,0.0015670999991925783,93.6669921875
ariad,1008,32,0,294,0.000546397699508816,0.781218998015873,0.9944816468253969,32256,145152,177408,144.0,142442496,0.0025573000002623303,0.0015637999995306018,93.6669921875
ariad,1008,32,0,295,0.0005450728931464255,0.7816220238095238,0.9946366567460317,32256,145152,177408,144.0,142442496,0.0026671000005080714,0.0015563999995720224,93.6669921875
ariad,1008,32,0,296,0.0005437979707494378,0.7819010416666666,0.9944506448412699,32256,145152,177408,144.0,142442496,0.002636999999594991,0.0015285000008589122,93.6669921875
ariad,1008,32,0,297,0.0005425178678706288,0.7822420634920635,0.9948536706349206,32256,145152,177408,144.0,142442496,0.0027153000000907923,0.0015340999998443294,93.6669921875
ariad,1008,32,0,298,0.0005412698956206441,0.7823350694444444,0.9950706845238095,32256,145152,177408,144.0,142442496,0.0026610999993863516,0.0016256999997494859,93.6669921875
ariad,1008,32,0,299,0.0005400364752858877,0.7823660714285714,0.9950396825396826,32256,145152,177408,144.0,142442496,0.002697799999623385,0.0015666999997847597,93.6669921875
ariad,1008,32,0,300,0.0005388499121181667,0.7825830853174603,0.9950396825396826,32256,145152,177408,144.0,142442496,0.0025788000002648914,0.0015482000007978058,93.6669921875
ariad,1008,32,0,301,0.000537630810867995,0.7829241071428571,0.9952876984126984,32256,145152,177408,144.0,142442496,0.0027018999999199877,0.0015454999993380625,93.6669921875
ariad,1008,32,0,302,0.000536407926119864,0.7829861111111112,0.9951016865079365,32256,145152,177408,144.0,142442496,0.0042620000003807945,0.0016377000001739361,93.6669921875
ariad,1008,32,0,303,0.0005352075095288455,0.7830481150793651,0.9952876984126984,32256,145152,177408,144.0,142442496,0.002803700000185927,0.0015947999991112738,93.6669921875
ariad,1008,32,0,304,0.0005340842762961984,0.7832961309523809,0.9951636904761905,32256,145152,177408,144.0,142442496,0.0028087000000596163,0.0015899999998509884,93.6669921875
ariad,1008,32,0,305,0.0005329546402208507,0.7833581349206349,0.9952876984126984,32256,145152,177408,144.0,142442496,0.003404199999749835,0.0021655000000464497,93.6669921875
ariad,1008,32,0,306,0.0005318181356415153,0.7835441468253969,0.9946056547619048,32256,145152,177408,144.0,142442496,0.003457900000285008,0.001628099999834376,93.6669921875
ariad,1008,32,0,307,0.0005307582323439419,0.7837921626984127,0.9947916666666666,32256,145152,177408,144.0,142442496,0.002641600000060862,0.0015422999995280406,93.6669921875
ariad,1008,32,0,308,0.0005295430892147124,0.7840091765873016,0.9948536706349206,32256,145152,177408,144.0,142442496,0.0026905000004262547,0.0015880000000834116,93.6669921875
ariad,1008,32,0,309,0.000528426724486053,0.7841331845238095,0.9948846726190477,32256,145152,177408,144.0,142442496,0.0027348000003257766,0.0016444000002593384,93.6669921875
ariad,1008,32,0,310,0.000527355819940567,0.7843501984126984,0.9946676587301587,32256,145152,177408,144.0,142442496,0.0029421999997794046,0.0015131000000110362,93.6669921875
ariad,1008,32,0,311,0.0005262810736894608,0.7844742063492064,0.9949776785714286,32256,145152,177408,144.0,142442496,0.00260829999933776,0.0015331999993577483,93.6669921875
ariad,1008,32,0,312,0.0005251805414445698,0.7849082341269841,0.9952256944444444,32256,145152,177408,144.0,142442496,0.0028238000004421338,0.0017223000004378264,93.6669921875
ariad,1008,32,0,313,0.0005241198814474046,0.7850322420634921,0.9951326884920635,32256,145152,177408,144.0,142442496,0.0026511999994909274,0.0015493000000788015,93.6669921875
ariad,1008,32,0,314,0.0005230551469139755,0.785187251984127,0.9955047123015873,32256,145152,177408,144.0,142442496,0.002768699999251112,0.0015765999996801838,93.6669921875
ariad,1008,32,0,315,0.0005219982122071087,0.7853732638888888,0.9952876984126984,32256,145152,177408,144.0,142442496,0.002838299999893934,0.0016071999998530373,93.6669921875
ariad,1008,32,0,316,0.0005210363888181746,0.7854352678571429,0.9953807043650794,32256,145152,177408,144.0,142442496,0.0027789999994638492,0.0015690999998696498,93.6669921875
ariad,1008,32,0,317,0.0005200196173973382,0.7856212797619048,0.9951946924603174,32256,145152,177408,144.0,142442496,0.003611799999816867,0.0016845000000103028,93.6669921875
ariad,1008,32,0,318,0.0005189927760511637,0.7858692956349206,0.9951946924603174,32256,145152,177408,144.0,142442496,0.0028359999996609986,0.0016059999998105923,93.6669921875
ariad,1008,32,0,319,0.000518011802341789,0.7859623015873016,0.9949776785714286,32256,145152,177408,144.0,142442496,0.002666299999873445,0.0015203000002657063,93.6669921875
ariad,1008,32,0,320,0.0005170097574591637,0.7862723214285714,0.9949466765873016,32256,145152,177408,144.0,142442496,0.0026758000003610505,0.0015966999999363907,93.6669921875
ariad,1008,32,0,321,0.0005160578293725848,0.7865513392857143,0.9949466765873016,32256,145152,177408,144.0,142442496,0.002795000000332948,0.0016731000005165697,93.6669921875
ariad,1008,32,0,322,0.0005151135264895856,0.7867063492063492,0.9951016865079365,32256,145152,177408,144.0,142442496,0.0026370999994469457,0.001520600000731065,93.6669921875
ariad,1008,32,0,323,0.000514178245794028,0.7869853670634921,0.9951016865079365,32256,145152,177408,144.0,142442496,0.0026900999991994468,0.001587900000231457,93.6669921875
ariad,1008,32,0,324,0.0005132531514391303,0.7873263888888888,0.9950396825396826,32256,145152,177408,144.0,142442496,0.002745599999798287,0.0016122000006362214,93.6669921875
ariad,1008,32,0,325,0.000512329104822129,0.7876364087301587,0.9950396825396826,32256,145152,177408,144.0,142442496,0.0026877000000240514,0.0015777999997226289,93.6669921875
ariad,1008,32,0,326,0.0005114306695759296,0.7877914186507936,0.9950396825396826,32256,145152,177408,144.0,142442496,0.004278300000805757,0.0016181000000869972,93.6669921875
ariad,1008,32,0,327,0.0005105099990032613,0.7878844246031746,0.9950086805555556,32256,145152,177408,144.0,142442496,0.0027465000002848683,0.0015825000000404543,93.6669921875
ariad,1008,32,0,328,0.0005095316446386278,0.7878844246031746,0.9951326884920635,32256,145152,177408,144.0,142442496,0.0027063000006819493,0.001591799999914656,93.6669921875
ariad,1008,32,0,329,0.0005086252931505442,0.7881944444444444,0.9951016865079365,32256,145152,177408,144.0,142442496,0.0027190999999220367,0.001611100000445731,93.6669921875
ariad,1008,32,0,330,0.000507725402712822,0.7882874503968254,0.9948226686507936,32256,145152,177408,144.0,142442496,0.00552849999985483,0.00322520000008808,93.6669921875
ariad,1008,32,0,331,0.0005068445461802185,0.7885664682539683,0.9947606646825397,32256,145152,177408,144.0,142442496,0.002800500000375905,0.0016095999999379274,93.6669921875
ariad,1008,32,0,332,0.000505948206409812,0.7886284722222222,0.9947916666666666,32256,145152,177408,144.0,142442496,0.0028468999998949585,0.0016181999999389518,93.6669921875
ariad,1008,32,0,333,0.0005050998297519982,0.7887214781746031,0.9949776785714286,32256,145152,177408,144.0,142442496,0.0027237000003879075,0.0015715999998064945,93.6669921875
ariad,1008,32,0,334,0.0005042459233663976,0.7889384920634921,0.9948536706349206,32256,145152,177408,144.0,142442496,0.0029182999996919534,0.0016243000000031316,93.6669921875
ariad,1008,32,0,335,0.0005033875349909067,0.7888764880952381,0.9949156746031746,32256,145152,177408,144.0,142442496,0.004426099999363942,0.0015604000000166707,93.6669921875
ariad,1008,32,0,336,0.000502529030200094,0.7889074900793651,0.9948536706349206,32256,145152,177408,144.0,142442496,0.002705900000364636,0.0015679999996791594,93.6669921875
ariad,1008,32,0,337,0.0005017039948143065,0.7892175099206349,0.9949156746031746,32256,145152,177408,144.0,142442496,0.0026605000002746237,0.0015339000001404202,93.6669921875
ariad,1008,32,0,338,0.0005008187144994736,0.7891865079365079,0.9952566964285714,32256,145152,177408,144.0,142442496,0.0026170000001002336,0.0015091999994183425,93.6669921875
ariad,1008,32,0,339,0.000499992398545146,0.7892795138888888,0.9950396825396826,32256,145152,177408,144.0,142442496,0.0027009999994334066,0.0015555999998468906,93.6669921875
ariad,1008,32,0,340,0.0004991948371753097,0.7893725198412699,0.9950706845238095,32256,145152,177408,144.0,142442496,0.005594600000222272,0.001524999999674037,93.6669921875
ariad,1008,32,0,341,0.000498373294249177,0.7895275297619048,0.9948846726190477,32256,145152,177408,144.0,142442496,0.0028223999997862848,0.0015827000006538583,93.6669921875
ariad,1008,32,0,342,0.000497584929689765,0.7898065476190477,0.9951326884920635,32256,145152,177408,144.0,142442496,0.002969400000438327,0.0015187000008154428,93.6669921875
ariad,1008,32,0,343,0.0004968240391463041,0.7901165674603174,0.9952566964285714,32256,145152,177408,144.0,142442496,0.0026810999997906038,0.0015378999996755738,93.6669921875
ariad,1008,32,0,344,0.0004960414371453226,0.7903025793650794,0.9951946924603174,32256,145152,177408,144.0,142442496,0.0026311000001442153,0.0015541000002485816,93.6669921875
ariad,1008,32,0,345,0.0004952758899889886,0.7903645833333334,0.9953497023809523,32256,145152,177408,144.0,142442496,0.0028817000002163695,0.0017003000002659974,93.6669921875
ariad,1008,32,0,346,0.0004944978281855583,0.7905505952380952,0.9951946924603174,32256,145152,177408,144.0,142442496,0.002663100000063423,0.0015706999993199133,93.6669921875
ariad,1008,32,0,347,0.0004937310586683452,0.7908916170634921,0.9953497023809523,32256,145152,177408,144.0,142442496,0.0027193000005354406,0.0015733000000182074,93.6669921875
ariad,1008,32,0,348,0.0004929709830321372,0.7912016369047619,0.9956907242063492,32256,145152,177408,144.0,142442496,0.0027062999997724546,0.0016519999999218271,93.6669921875
ariad,1008,32,0,349,0.0004922578227706254,0.7912636408730159,0.9955357142857143,32256,145152,177408,144.0,142442496,0.002710599999772967,0.0015735000006316113,93.6669921875
ariad,1008,32,0,350,0.0004914929158985615,0.7913876488095238,0.9958767361111112,32256,145152,177408,144.0,142442496,0.003864899999825866,0.0027962999993178528,93.6669921875
ariad,1008,32,0,351,0.0004907649126835167,0.7916046626984127,0.9955667162698413,32256,145152,177408,144.0,142442496,0.0027118999996673665,0.0015468000001419568,93.6669921875
ariad,1008,32,0,352,0.0004900165949948132,0.7917286706349206,0.9952876984126984,32256,145152,177408,144.0,142442496,0.0028095999996367027,0.0016589000006206334,93.6669921875
ariad,1008,32,0,353,0.0004892799188382924,0.7918836805555556,0.9950396825396826,32256,145152,177408,144.0,142442496,0.002551300000050105,0.0015405000003738678,93.6669921875
ariad,1008,32,0,354,0.0004885154776275158,0.7920386904761905,0.9950706845238095,32256,145152,177408,144.0,142442496,0.004574499999762338,0.0016146999996635714,93.6669921875
ariad,1008,32,0,355,0.00048774643801152706,0.7920696924603174,0.9953187003968254,32256,145152,177408,144.0,142442496,0.00271100000009028,0.0015818000001672772,93.6669921875
ariad,1008,32,0,356,0.00048704963410273194,0.7920696924603174,0.9953497023809523,32256,145152,177408,144.0,142442496,0.0026099999995494727,0.0015031000002636574,93.6669921875
ariad,1008,32,0,357,0.0004863898502662778,0.7922247023809523,0.9952876984126984,32256,145152,177408,144.0,142442496,0.002635599999848637,0.0015710999996372266,93.6669921875
ariad,1008,32,0,358,0.00048567712656222284,0.7926277281746031,0.9951016865079365,32256,145152,177408,144.0,142442496,0.002702099999623897,0.0015750000002299203,93.6669921875
ariad,1008,32,0,359,0.00048496350063942373,0.792999751984127,0.9953187003968254,32256,145152,177408,144.0,142442496,0.002636900000652531,0.0015484000005017151,93.6669921875
ariad,1008,32,0,360,0.0004842727503273636,0.792999751984127,0.9953497023809523,32256,145152,177408,144.0,142442496,0.002672599999641534,0.0015747000006740564,93.6669921875
ariad,1008,32,0,361,0.0004835523141082376,0.7931547619047619,0.9951636904761905,32256,145152,177408,144.0,142442496,0.0026946999996653176,0.0015768000002935878,93.6669921875
ariad,1008,32,0,362,0.0004828695091418922,0.7934027777777778,0.9952256944444444,32256,145152,177408,144.0,142442496,0.0026179000005868147,0.0015367000005426235,93.6669921875
ariad,1008,32,0,363,0.0004822316695936024,0.7933717757936508,0.9952876984126984,32256,145152,177408,144.0,142442496,0.0030254999992394005,0.0016120000000228174,93.6669921875
ariad,1008,32,0,364,0.0004815263382624835,0.7936817956349206,0.9952876984126984,32256,145152,177408,144.0,142442496,0.0045226000002003275,0.001728000000184693,93.6669921875
ariad,1008,32,0,365,0.00048083896399475634,0.7938368055555556,0.9954737103174603,32256,145152,177408,144.0,142442496,0.002773700000034296,0.0015790000006745686,93.6669921875
ariad,1008,32,0,366,0.0004801722534466535,0.7939298115079365,0.9953497023809523,32256,145152,177408,144.0,142442496,0.0035964999997304403,0.002314700000169978,93.6669921875
ariad,1008,32,0,367,0.00047949451254680753,0.7942088293650794,0.9953187003968254,32256,145152,177408,144.0,142442496,0.002754600000116625,0.0016273000001092441,93.6669921875
ariad,1008,32,0,368,0.0004788111837115139,0.7943018353174603,0.9952256944444444,32256,145152,177408,144.0,142442496,0.0026806999994732905,0.0015675000004193862,93.6669921875
ariad,1008,32,0,369,0.00047816362348385155,0.7944878472222222,0.9950396825396826,32256,145152,177408,144.0,142442496,0.0028265000000828877,0.0016686999997546081,93.6669921875
ariad,1008,32,0,370,0.00047755433479323983,0.7948288690476191,0.9948536706349206,32256,145152,177408,144.0,142442496,0.002606799999739451,0.0015072000005602604,93.6669921875
ariad,1008,32,0,371,0.0004769240622408688,0.7951388888888888,0.9953187003968254,32256,145152,177408,144.0,142442496,0.0026141000007555704,0.0015135000003283494,93.6669921875
ariad,1008,32,0,372,0.0004762584576383233,0.7954489087301587,0.9952256944444444,32256,145152,177408,144.0,142442496,0.0026819000004252302,0.001588600000104634,93.6669921875
ariad,1008,32,0,373,0.00047567294677719474,0.7956969246031746,0.9951016865079365,32256,145152,177408,144.0,142442496,0.002913999999691441,0.0015878000003795023,93.6669921875
ariad,1008,32,0,374,0.00047510003787465394,0.7960379464285714,0.9955047123015873,32256,145152,177408,144.0,142442496,0.002727000000049884,0.0015981000005922397,93.6669921875
ariad,1008,32,0,375,0.0004744630423374474,0.7962549603174603,0.9954117063492064,32256,145152,177408,144.0,142442496,0.002622999999402964,0.0015730999994048034,93.6669921875
ariad,1008,32,0,376,0.0004739750293083489,0.7961619543650794,0.9949156746031746,32256,145152,177408,144.0,142442496,0.0026698000001488253,0.0016217000002143322,93.6669921875
ariad,1008,32,0,377,0.0004733273235615343,0.7962239583333334,0.9950396825396826,32256,145152,177408,144.0,142442496,0.0027779000001828535,0.0016267999999399763,93.6669921875
ariad,1008,32,0,378,0.00047268898924812675,0.7965649801587301,0.9951946924603174,32256,145152,177408,144.0,142442496,0.0025870999998005573,0.001543600000331935,93.6669921875
ariad,1008,32,0,379,0.000472100218757987,0.7965959821428571,0.9951946924603174,32256,145152,177408,144.0,142442496,0.002666999999746622,0.0015923000000839238,93.6669921875
ariad,1008,32,0,380,0.0004714655806310475,0.7967199900793651,0.9952256944444444,32256,145152,177408,144.0,142442496,0.002964600000268547,0.0016217000002143322,93.6669921875
ariad,1008,32,0,381,0.00047088187420740724,0.796843998015873,0.9950706845238095,32256,145152,177408,144.0,142442496,0.0026711999998951796,0.0015819000000192318,93.6669921875
ariad,1008,32,0,382,0.00047030640416778624,0.7970610119047619,0.9955357142857143,32256,145152,177408,144.0,142442496,0.002950799999780429,0.0016049999994720565,93.6669921875
ariad,1008,32,0,383,0.00046973954886198044,0.7970920138888888,0.9953807043650794,32256,145152,177408,144.0,142442496,0.0027532000003702706,0.0015966999999363907,93.6669921875
ariad,1008,32,0,384,0.00046911605750210583,0.7970610119047619,0.9954737103174603,32256,145152,177408,144.0,142442496,0.002704300000004878,0.0015677000001232955,93.6669921875
ariad,1008,32,0,385,0.00046853566891513765,0.7970920138888888,0.9951946924603174,32256,145152,177408,144.0,142442496,0.0027381999998397077,0.0016163000000233296,93.6669921875
ariad,1008,32,0,386,0.0004679493431467563,0.7972160218253969,0.9954427083333334,32256,145152,177408,144.0,142442496,0.002694800000426767,0.0015997999998944579,93.6669921875
ariad,1008,32,0,387,0.0004674124647863209,0.7973710317460317,0.9954427083333334,32256,145152,177408,144.0,142442496,0.0029922999992777477,0.0016681999995853403,93.6669921875
ariad,1008,32,0,388,0.0004668643232434988,0.7975570436507936,0.9955047123015873,32256,145152,177408,144.0,142442496,0.0026799999996001134,0.0015972999999576132,93.6669921875
ariad,1008,32,0,389,0.0004663183935917914,0.7978050595238095,0.9952876984126984,32256,145152,177408,144.0,142442496,0.0026871999998547835,0.001582599999892409,93.6669921875
ariad,1008,32,0,390,0.0004657231329474598,0.7978050595238095,0.9950396825396826,32256,145152,177408,144.0,142442496,0.0026267000002917484,0.0016056000004027737,93.6669921875
ariad,1008,32,0,391,0.0004651634080801159,0.7980530753968254,0.9952876984126984,32256,145152,177408,144.0,142442496,0.0027385000003050664,0.0016080000004876638,93.6669921875
ariad,1008,32,0,392,0.00046466264757327735,0.7981770833333334,0.9951636904761905,32256,145152,177408,144.0,142442496,0.002668199999789067,0.0015259000001606182,93.6669921875
ariad,1008,32,0,393,0.00046408799244090915,0.7982080853174603,0.9951326884920635,32256,145152,177408,144.0,142442496,0.002721400000154972,0.001568300000144518,93.6669921875
ariad,1008,32,0,394,0.00046356936218217015,0.7983010912698413,0.9954117063492064,32256,145152,177408,144.0,142442496,0.0025986000000557397,0.0015871000005063252,93.6669921875
ariad,1008,32,0,395,0.0004630539915524423,0.7986111111111112,0.9954737103174603,32256,145152,177408,144.0,142442496,0.00276060000032885,0.001616499999727239,93.6669921875
ariad,1008,32,0,396,0.00046247447608038783,0.7986731150793651,0.9957527281746031,32256,145152,177408,144.0,142442496,0.0027018999999199877,0.0015708999999333173,93.6669921875
ariad,1008,32,0,397,0.0004619548562914133,0.798797123015873,0.9955357142857143,32256,145152,177408,144.0,142442496,0.0026564999998299754,0.001538800000162155,93.6669921875
ariad,1008,32,0,398,0.0004614469362422824,0.7989211309523809,0.9955357142857143,32256,145152,177408,144.0,142442496,0.0026726000005510286,0.0015662000005249865,93.6669921875
ariad,1008,32,0,399,0.0004609127063304186,0.7991381448412699,0.9957217261904762,32256,145152,177408,144.0,142442496,0.002748799999608309,0.001593200000570505,93.6669921875
ariad,1008,32,0,400,0.00046038773143664,0.7991691468253969,0.9955977182539683,32256,145152,177408,144.0,142442496,0.0026121999999304535,0.0015155999999478809,93.6669921875
ariad,1008,32,0,401,0.000459876173408702,0.7992931547619048,0.9957217261904762,32256,145152,177408,144.0,142442496,0.0027019999997719424,0.0015714000001025852,93.6669921875
ariad,1008,32,0,402,0.00045936304377391934,0.7993551587301587,0.9957527281746031,32256,145152,177408,144.0,142442496,0.002702599999793165,0.0015773000004628557,93.6669921875
ariad,1008,32,0,403,0.0004588525043800473,0.7993551587301587,0.9954117063492064,32256,145152,177408,144.0,142442496,0.0025903999994625337,0.0015533000005234499,93.6669921875
ariad,1008,32,0,404,0.00045832429896108806,0.7996341765873016,0.9953187003968254,32256,145152,177408,144.0,142442496,0.004349299999375944,0.0032780000001366716,93.6669921875
ariad,1008,32,0,405,0.0004578721127472818,0.7998821924603174,0.9958457341269841,32256,145152,177408,144.0,142442496,0.0026351999995313236,0.0015083999996932107,93.6669921875
ariad,1008,32,0,406,0.0004573633777908981,0.8001302083333334,0.9958457341269841,32256,145152,177408,144.0,142442496,0.002677399999811314,0.0015231000006679096,93.6669921875
ariad,1008,32,0,407,0.0004568538861349225,0.8001612103174603,0.996031746031746,32256,145152,177408,144.0,142442496,0.0027496000002429355,0.0015905000000202563,93.6669921875
ariad,1008,32,0,408,0.000456333247711882,0.8001922123015873,0.9960007440476191,32256,145152,177408,144.0,142442496,0.0027479999998831772,0.0015997999998944579,93.6669921875
ariad,1008,32,0,409,0.00045584357576444745,0.8003472222222222,0.9961867559523809,32256,145152,177408,144.0,142442496,0.0026673000002119807,0.0015811000002941,93.6669921875
ariad,1008,32,0,410,0.0004553517501335591,0.8004402281746031,0.9958457341269841,32256,145152,177408,144.0,142442496,0.002695300000596035,0.0016576999996686936,93.6669921875
ariad,1008,32,0,411,0.0004548446158878505,0.8005642361111112,0.9956907242063492,32256,145152,177408,144.0,142442496,0.0026823999996850034,0.001580199999807519,93.6669921875
ariad,1008,32,0,412,0.00045437872176989913,0.8006882440476191,0.9959077380952381,32256,145152,177408,144.0,142442496,0.0026668999998946674,0.0015966999999363907,93.6669921875
ariad,1008,32,0,413,0.0004538739158306271,0.8006882440476191,0.996062748015873,32256,145152,177408,144.0,142442496,0.002642099999320635,0.001545099999930244,93.6669921875
ariad,1008,32,0,414,0.00045347234117798507,0.80078125,0.9960007440476191,32256,145152,177408,144.0,142442496,0.0025868000002446934,0.001531799999611394,93.6669921875
ariad,1008,32,0,415,0.0004530203004833311,0.800843253968254,0.9961867559523809,32256,145152,177408,144.0,142442496,0.0025974000000132946,0.0015063000000736793,93.6669921875
ariad,1008,32,0,416,0.0004525801632553339,0.800843253968254,0.9959697420634921,32256,145152,177408,144.0,142442496,0.00366070000018226,0.0025169000000460073,93.6669921875
ariad,1008,32,0,417,0.0004521355440374464,0.8006262400793651,0.9958767361111112,32256,145152,177408,144.0,142442496,0.0027215000000069267,0.0016098999994937913,93.6669921875
ariad,1008,32,0,418,0.0004516708431765437,0.8005332341269841,0.996031746031746,32256,145152,177408,144.0,142442496,0.00274009999975533,0.0016437000003861613,93.6669921875
ariad,1008,32,0,419,0.0004511988954618573,0.8006572420634921,0.9958457341269841,32256,145152,177408,144.0,142442496,0.002611599999909231,0.0015452999996341532,93.6669921875
ariad,1008,32,0,420,0.0004507529374677688,0.8008742559523809,0.9959697420634921,32256,145152,177408,144.0,142442496,0.0028062000001227716,0.0016213999997489736,93.6669921875
ariad,1008,32,0,421,0.00045026352745480835,0.8009362599206349,0.9960007440476191,32256,145152,177408,144.0,142442496,0.002570900000137044,0.0015313000003516208,93.6669921875
ariad,1008,32,0,422,0.0004498048801906407,0.8009052579365079,0.9958147321428571,32256,145152,177408,144.0,142442496,0.002677699999367178,0.0015930999998090556,93.6669921875
ariad,1008,32,0,423,0.00044933558092452586,0.8010912698412699,0.9955977182539683,32256,145152,177408,144.0,142442496,0.002790399999867077,0.0017038000005413778,93.6669921875
ariad,1008,32,0,424,0.00044886907562613487,0.8011222718253969,0.9955047123015873,32256,145152,177408,144.0,142442496,0.002687100000002829,0.0015437000001838896,93.6669921875
ariad,1008,32,0,425,0.00044847046956419945,0.8013392857142857,0.9955977182539683,32256,145152,177408,144.0,142442496,0.0026422000000820844,0.0015569999995932449,93.6669921875
ariad,1008,32,0,426,0.0004480285570025444,0.8014632936507936,0.9958767361111112,32256,145152,177408,144.0,142442496,0.0026661000001695356,0.001559100000122271,93.6669921875
ariad,1008,32,0,427,0.0004475892928894609,0.8014322916666666,0.9958147321428571,32256,145152,177408,144.0,142442496,0.0026400999995530583,0.0015998999997464125,93.6669921875
ariad,1008,32,0,428,0.00044715654803439975,0.8014632936507936,0.996062748015873,32256,145152,177408,144.0,142442496,0.0029199000000517117,0.0015559000003122492,93.6669921875
ariad,1008,32,0,429,0.0004467099788598716,0.8016183035714286,0.9957217261904762,32256,145152,177408,144.0,142442496,0.003945600000406557,0.0025325000005977927,93.6669921875
ariad,1008,32,0,430,0.00044629009789787233,0.8018973214285714,0.9957837301587301,32256,145152,177408,144.0,142442496,0.0026675999997678446,0.0015714999999545398,93.6669921875
ariad,1008,32,0,431,0.0004458964103832841,0.8021453373015873,0.9957837301587301,32256,145152,177408,144.0,142442496,0.0026915999997072504,0.0015855999999985215,93.6669921875
ariad,1008,32,0,432,0.00044550932943820953,0.8022383432539683,0.9958147321428571,32256,145152,177408,144.0,142442496,0.0027152000002388377,0.0016115999997055042,93.6669921875
ariad,1008,32,0,433,0.00044520144001580775,0.8025483630952381,0.9955357142857143,32256,145152,177408,144.0,142442496,0.0026373000000603497,0.0015451999997821986,93.6669921875
ariad,1008,32,0,434,0.0004447957908269018,0.8028273809523809,0.9958767361111112,32256,145152,177408,144.0,142442496,0.002641099999891594,0.0015330999995057937,93.6669921875
ariad,1008,32,0,435,0.0004443585348781198,0.8030133928571429,0.996062748015873,32256,145152,177408,144.0,142442496,0.0027072000002590357,0.0016015000001061708,93.6669921875
ariad,1008,32,0,436,0.0004439346375875175,0.8031063988095238,0.9959387400793651,32256,145152,177408,144.0,142442496,0.004436100000020815,0.0016003999999156804,93.6669921875
ariad,1008,32,0,437,0.0004435323644429445,0.8032304067460317,0.9960007440476191,32256,145152,177408,144.0,142442496,0.00280179999936081,0.0015645000003132736,93.6669921875
ariad,1008,32,0,438,0.0004431007255334407,0.8033544146825397,0.9957527281746031,32256,145152,177408,144.0,142442496,0.002658500000507047,0.001533499999823107,93.6669921875
ariad,1008,32,0,439,0.0004426769446581602,0.8035404265873016,0.9958767361111112,32256,145152,177408,144.0,142442496,0.0027217999995627906,0.0015935000001263688,93.6669921875
ariad,1008,32,0,440,0.00044232833897694945,0.8036954365079365,0.9957837301587301,32256,145152,177408,144.0,142442496,0.002718799999456678,0.0015943999997034553,93.6669921875
ariad,1008,32,0,441,0.0004419323231559247,0.8038504464285714,0.9957217261904762,32256,145152,177408,144.0,142442496,0.0026877000000240514,0.001534699999865552,93.6669921875
ariad,1008,32,0,442,0.0004415384028106928,0.8038814484126984,0.9958457341269841,32256,145152,177408,144.0,142442496,0.0026590999996187747,0.0015646000001652283,93.6669921875
ariad,1008,32,0,443,0.000441109441453591,0.8038814484126984,0.9957837301587301,32256,145152,177408,144.0,142442496,0.002710700000534416,0.0016180000002350425,93.6669921875
ariad,1008,32,0,444,0.0004407007363624871,0.8040364583333334,0.9959697420634921,32256,145152,177408,144.0,142442496,0.0026786000007632538,0.0016059999998105923,93.6669921875
ariad,1008,32,0,445,0.00044025658280588686,0.8041604662698413,0.996124751984127,32256,145152,177408,144.0,142442496,0.0026634000005287817,0.0015766999995321385,93.6669921875
ariad,1008,32,0,446,0.0004398738965392113,0.8044084821428571,0.9963727678571429,32256,145152,177408,144.0,142442496,0.0025712999995448627,0.001578200000039942,93.6669921875
ariad,1008,32,0,447,0.0004395225550979376,0.8043154761904762,0.9963727678571429,32256,145152,177408,144.0,142442496,0.002797600000121747,0.001504900000327325,93.6669921875
ariad,1008,32,0,448,0.000439180206740275,0.8043154761904762,0.9959387400793651,32256,145152,177408,144.0,142442496,0.0026581000001897337,0.0015741999995952938,93.6669921875
ariad,1008,32,0,449,0.00043878002907149494,0.8045944940476191,0.9962487599206349,32256,145152,177408,144.0,142442496,0.0026318000000173924,0.0015299999995477265,93.6669921875
ariad,1008,32,0,450,0.00043839652789756656,0.8045944940476191,0.996062748015873,32256,145152,177408,144.0,142442496,0.002624400000058813,0.0015339000001404202,93.6669921875
ariad,1008,32,0,451,0.00043801587889902294,0.8046875,0.9962487599206349,32256,145152,177408,144.0,142442496,0.0027010000003429013,0.0015893999998297659,93.6669921875
ariad,1008,32,0,452,0.0004376430297270417,0.8045944940476191,0.9959697420634921,32256,145152,177408,144.0,142442496,0.002879399999983434,0.00161260000004404,93.6669921875
ariad,1008,32,0,453,0.0004372765251901001,0.804718501984127,0.9963107638888888,32256,145152,177408,144.0,142442496,0.0026774999996632687,0.0015449000002263347,93.6669921875
ariad,1008,32,0,454,0.00043685571290552616,0.8048115079365079,0.9964347718253969,32256,145152,177408,144.0,142442496,0.002734200000304554,0.0016532999998162268,93.6669921875
ariad,1008,32,0,455,0.00043652585009112954,0.8048425099206349,0.9964657738095238,32256,145152,177408,144.0,142442496,0.002700600000025588,0.0016305999997712206,93.6669921875
ariad,1008,32,0,456,0.0004361524770502001,0.8049355158730159,0.9964347718253969,32256,145152,177408,144.0,142442496,0.0026619999998729327,0.0015079000004334375,93.6669921875
ariad,1008,32,0,457,0.00043580043711699545,0.8050285218253969,0.9967137896825397,32256,145152,177408,144.0,142442496,0.002670199999556644,0.001552800000354182,93.6669921875
ariad,1008,32,0,458,0.0004354241245891899,0.8049975198412699,0.9963727678571429,32256,145152,177408,144.0,142442496,0.003002299999934621,0.0018404000002192333,93.6669921875
ariad,1008,32,0,459,0.00043504731729626656,0.8050905257936508,0.9962797619047619,32256,145152,177408,144.0,142442496,0.004502900000261434,0.0015491000003748923,93.6669921875
ariad,1008,32,0,460,0.00043465584167279303,0.8051215277777778,0.9962797619047619,32256,145152,177408,144.0,142442496,0.00265419999959704,0.001600999999936903,93.6669921875
ariad,1008,32,0,461,0.00043429399374872446,0.8052145337301587,0.9963417658730159,32256,145152,177408,144.0,142442496,0.0034790000008797506,0.0022384999992937082,93.6669921875
ariad,1008,32,0,462,0.0004339548177085817,0.8051835317460317,0.9964037698412699,32256,145152,177408,144.0,142442496,0.0029156000000511995,0.0016791999996712548,93.6669921875
ariad,1008,32,0,463,0.00043360755080357194,0.8053695436507936,0.9964037698412699,32256,145152,177408,144.0,142442496,0.0027102000003651483,0.001575100000081875,93.6669921875
ariad,1008,32,0,464,0.0004332504468038678,0.8056485615079365,0.9963417658730159,32256,145152,177408,144.0,142442496,0.0026734999992186204,0.0015137999998842133,93.6669921875
ariad,1008,32,0,465,0.0004328514914959669,0.8057105654761905,0.9963107638888888,32256,145152,177408,144.0,142442496,0.004469200000130513,0.003374499999154068,93.6669921875
ariad,1008,32,0,466,0.00043249523150734603,0.8058345734126984,0.9963107638888888,32256,145152,177408,144.0,142442496,0.0026594000000841334,0.0015897000002951245,93.6669921875
ariad,1008,32,0,467,0.0004321261658333242,0.8058655753968254,0.9963727678571429,32256,145152,177408,144.0,142442496,0.002641800000674266,0.001513899999736168,93.6669921875
ariad,1008,32,0,468,0.0004317689163144678,0.8058345734126984,0.9964037698412699,32256,145152,177408,144.0,142442496,0.002709299999878567,0.0016199000001506647,93.6669921875
ariad,1008,32,0,469,0.0004314263351261616,0.8060515873015873,0.9963727678571429,32256,145152,177408,144.0,142442496,0.002739100000326289,0.001605800000106683,93.6669921875
ariad,1008,32,0,470,0.0004310685908421874,0.8062065972222222,0.9966207837301587,32256,145152,177408,144.0,142442496,0.0026804000008269213,0.001565199999276956,93.6669921875
ariad,1008,32,0,471,0.0004307077033445239,0.8062996031746031,0.9964967757936508,32256,145152,177408,144.0,142442496,0.002724899999520858,0.0015099000002010143,93.6669921875
ariad,1008,32,0,472,0.0004303665482439101,0.8063926091269841,0.9968377976190477,32256,145152,177408,144.0,142442496,0.0026782999993884005,0.0016089000000647502,93.6669921875
ariad,1008,32,0,473,0.0004300271684769541,0.8065476190476191,0.9970548115079365,32256,145152,177408,144.0,142442496,0.0026363999995737686,0.0015028000007077935,93.6669921875
ariad,1008,32,0,474,0.00042964870226569474,0.806609623015873,0.9968377976190477,32256,145152,177408,144.0,142442496,0.002572100000179489,0.001543399999718531,93.6669921875
ariad,1008,32,0,475,0.00042929183109663427,0.806671626984127,0.9968998015873016,32256,145152,177408,144.0,142442496,0.0026470000002518645,0.0015781000001879875,93.6669921875
ariad,1008,32,0,476,0.0004289498901925981,0.806640625,0.9966827876984127,32256,145152,177408,144.0,142442496,0.0035625999998956104,0.0021062000005258597,93.6669921875
ariad,1008,32,0,477,0.000428640516474843,0.806578621031746,0.9968377976190477,32256,145152,177408,144.0,142442496,0.0027085000001534354,0.00163559999964491,93.6669921875
ariad,1008,32,0,478,0.00042828390724025667,0.806640625,0.9966517857142857,32256,145152,177408,144.0,142442496,0.0026196000007985276,0.0015345000001616427,93.6669921875
ariad,1008,32,0,479,0.00042797462083399296,0.8067956349206349,0.9968687996031746,32256,145152,177408,144.0,142442496,0.002550899999732792,0.0015198000000964385,93.6669921875
ariad,1008,32,0,480,0.00042764475801959634,0.8068886408730159,0.9968377976190477,32256,145152,177408,144.0,142442496,0.0027760000002672314,0.0015872000003582798,93.6669921875
ariad,1008,32,0,481,0.00042732851579785347,0.8069196428571429,0.9969308035714286,32256,145152,177408,144.0,142442496,0.002687799999876006,0.0015400000002046,93.6669921875
ariad,1008,32,0,482,0.00042703805956989527,0.8070436507936508,0.9968377976190477,32256,145152,177408,144.0,142442496,0.0026584000006550923,0.0015670000002501183,93.6669921875
ariad,1008,32,0,483,0.0004266976029612124,0.8070746527777778,0.9966827876984127,32256,145152,177408,144.0,142442496,0.0026017999998657615,0.0015299000006052665,93.6669921875
ariad,1008,32,0,484,0.0004263601149432361,0.8071676587301587,0.9968067956349206,32256,145152,177408,144.0,142442496,0.002753100000518316,0.0016114999998535495,93.6669921875
ariad,1008,32,0,485,0.0004260543792042881,0.8071056547619048,0.9968067956349206,32256,145152,177408,144.0,142442496,0.002732799999648705,0.0016571999994994258,93.6669921875
ariad,1008,32,0,486,0.0004257339460309595,0.8071366567460317,0.9966827876984127,32256,145152,177408,144.0,142442496,0.0026685000002544257,0.001573199999256758,93.6669921875
ariad,1008,32,0,487,0.00042540516005828977,0.8074466765873016,0.9966827876984127,32256,145152,177408,144.0,142442496,0.002656300000126066,0.0015392000004794681,93.6669921875
ariad,1008,32,0,488,0.000425145699409768,0.8076016865079365,0.9964347718253969,32256,145152,177408,144.0,142442496,0.0026959999995597173,0.0015693000004830537,93.6669921875
ariad,1008,32,0,489,0.000424812053097412,0.8077566964285714,0.9968067956349206,32256,145152,177408,144.0,142442496,0.002833499999724154,0.0015717000005679438,93.6669921875
ariad,1008,32,0,490,0.00042446667794138193,0.8080047123015873,0.9968687996031746,32256,145152,177408,144.0,142442496,0.002775599999949918,0.0015720000001238077,93.6669921875
ariad,1008,32,0,491,0.00042419059900566936,0.8081287202380952,0.9966517857142857,32256,145152,177408,144.0,142442496,0.004419300000336079,0.0015035999995234306,93.6669921875
ariad,1008,32,0,492,0.00042387627763673663,0.8081907242063492,0.9970238095238095,32256,145152,177408,144.0,142442496,0.0026576999998724204,0.0016010999997888575,93.6669921875
ariad,1008,32,0,493,0.00042359885992482305,0.8083147321428571,0.9968998015873016,32256,145152,177408,144.0,142442496,0.00272919999952137,0.001531000000795757,93.6669921875
ariad,1008,32,0,494,0.00042332601151429117,0.8084697420634921,0.9966517857142857,32256,145152,177408,144.0,142442496,0.0026378000002296176,0.0015622999999322928,93.6669921875
ariad,1008,32,0,495,0.0004230633785482496,0.8086867559523809,0.9969928075396826,32256,145152,177408,144.0,142442496,0.0026620999997248873,0.0015595000004395843,93.6669921875
ariad,1008,32,0,496,0.0004227146855555475,0.8088727678571429,0.9970548115079365,32256,145152,177408,144.0,142442496,0.0027875000005224138,0.0016760999997131876,93.6669921875
ariad,1008,32,0,497,0.00042242452036589384,0.8089347718253969,0.9970238095238095,32256,145152,177408,144.0,142442496,0.0027018999999199877,0.0015933000004224596,93.6669921875
ariad,1008,32,0,498,0.0004221413691993803,0.8091517857142857,0.9972098214285714,32256,145152,177408,144.0,142442496,0.0026930000003630994,0.0015687000004618312,93.6669921875
ariad,1008,32,0,499,0.0004218557442072779,0.8091827876984127,0.9968998015873016,32256,145152,177408,144.0,142442496,0.0025765999998839106,0.0014830999998594052,93.6669921875
ariad,1008,32,0,500,0.00042163682519458234,0.8091827876984127,0.9971478174603174,32256,145152,177408,144.0,142442496,0.0027798000000984757,0.0016402000001107808,93.6669921875
