method,n,k,seed,epoch,mse,teacher_match,match_exhaustive,attn_scores,search_scores,total_scores,c_scored,est_flops,step_time_s,search_time_s,peak_mem_mb
dense,2000,32,1,1,0.12862469255924225,0.2373125,1.0,4000000,0,4000000,0.0,3268608000,0.2410228000007919,0.0,88.0341796875
dense,2000,32,1,2,0.11506177484989166,0.217328125,1.0,4000000,0,4000000,0.0,3268608000,0.001875300000392599,0.0,88.1591796875
dense,2000,32,1,3,0.10910402983427048,0.199953125,1.0,4000000,0,4000000,0.0,3268608000,0.0008875000003172318,0.0,88.1591796875
dense,2000,32,1,4,0.10612178593873978,0.1848125,1.0,4000000,0,4000000,0.0,3268608000,0.00079590000132157,0.0,88.1591796875
dense,2000,32,1,5,0.10444244742393494,0.1739375,1.0,4000000,0,4000000,0.0,3268608000,0.0009372999993502162,0.0,88.1591796875
dense,2000,32,1,6,0.10335925966501236,0.167984375,1.0,4000000,0,4000000,0.0,3268608000,0.0010338000010960968,0.0,88.1591796875
dense,2000,32,1,7,0.10254710912704468,0.16590625,1.0,4000000,0,4000000,0.0,3268608000,0.0008309000004373956,0.0,88.1591796875
dense,2000,32,1,8,0.10184956341981888,0.16678125,1.0,4000000,0,4000000,0.0,3268608000,0.0008070999992924044,0.0,88.1591796875
dense,2000,32,1,9,0.10118993371725082,0.169484375,1.0,4000000,0,4000000,0.0,3268608000,0.0006948999998712679,0.0,88.1591796875
dense,2000,32,1,10,0.10053043812513351,0.175703125,1.0,4000000,0,4000000,0.0,3268608000,0.0007700999994995072,0.0,88.1591796875
dense,2000,32,1,11,0.09985233098268509,0.184265625,1.0,4000000,0,4000000,0.0,3268608000,0.0007457000010617776,0.0,88.1591796875
dense,2000,32,1,12,0.09914626181125641,0.194546875,1.0,4000000,0,4000000,0.0,3268608000,0.0007955000000947621,0.0,88.1591796875
dense,2000,32,1,13,0.09840826690196991,0.20640625,1.0,4000000,0,4000000,0.0,3268608000,0.0007470999989891425,0.0,88.1591796875
dense,2000,32,1,14,0.09763724356889725,0.221,1.0,4000000,0,4000000,0.0,3268608000,0.000684200000250712,0.0,88.1591796875
dense,2000,32,1,15,0.09683073312044144,0.2365625,1.0,4000000,0,4000000,0.0,3268608000,0.0007609999993292149,0.0,88.1591796875
dense,2000,32,1,16,0.09598223865032196,0.252546875,1.0,4000000,0,4000000,0.0,3268608000,0.0007771000000502681,0.0,88.1591796875
dense,2000,32,1,17,0.09509135782718658,0.269359375,1.0,4000000,0,4000000,0.0,3268608000,0.0007120999998733168,0.0,88.1591796875
dense,2000,32,1,18,0.09417406469583511,0.28625,1.0,4000000,0,4000000,0.0,3268608000,0.000736099998903228,0.0,88.1591796875
dense,2000,32,1,19,0.0932471975684166,0.302515625,1.0,4000000,0,4000000,0.0,3268608000,0.0007373000007646624,0.0,88.1591796875
dense,2000,32,1,20,0.0923101156949997,0.31796875,1.0,4000000,0,4000000,0.0,3268608000,0.000727099999494385,0.0,88.1591796875
dense,2000,32,1,21,0.09135113656520844,0.3323125,1.0,4000000,0,4000000,0.0,3268608000,0.0007220999996206956,0.0,88.1591796875
dense,2000,32,1,22,0.09036345034837723,0.346515625,1.0,4000000,0,4000000,0.0,3268608000,0.0006967999997868901,0.0,88.1591796875
dense,2000,32,1,23,0.08935157209634781,0.359203125,1.0,4000000,0,4000000,0.0,3268608000,0.0008001999995030928,0.0,88.1591796875
dense,2000,32,1,24,0.08832770586013794,0.372265625,1.0,4000000,0,4000000,0.0,3268608000,0.0006924999997863779,0.0,88.1591796875
dense,2000,32,1,25,0.08730147778987885,0.383828125,1.0,4000000,0,4000000,0.0,3268608000,0.000696000000971253,0.0,88.1591796875
dense,2000,32,1,26,0.08626960963010788,0.39503125,1.0,4000000,0,4000000,0.0,3268608000,0.0007687999986956129,0.0,88.1591796875
dense,2000,32,1,27,0.0852225124835968,0.40565625,1.0,4000000,0,4000000,0.0,3268608000,0.000706200000422541,0.0,88.1591796875
dense,2000,32,1,28,0.08416148275136948,0.415625,1.0,4000000,0,4000000,0.0,3268608000,0.0007132999999157619,0.0,88.1591796875
dense,2000,32,1,29,0.08308859914541245,0.42371875,1.0,4000000,0,4000000,0.0,3268608000,0.0007230000010167714,0.0,88.1591796875
dense,2000,32,1,30,0.08199608325958252,0.43178125,1.0,4000000,0,4000000,0.0,3268608000,0.0007355000016104896,0.0,88.1591796875
dense,2000,32,1,31,0.08088060468435287,0.439421875,1.0,4000000,0,4000000,0.0,3268608000,0.0007647999991604593,0.0,88.1591796875
dense,2000,32,1,32,0.0797472819685936,0.4468125,1.0,4000000,0,4000000,0.0,3268608000,0.0006988999994064216,0.0,88.1591796875
dense,2000,32,1,33,0.07860049605369568,0.4531875,1.0,4000000,0,4000000,0.0,3268608000,0.0007111000013537705,0.0,88.1591796875
dense,2000,32,1,34,0.07743989676237106,0.458484375,1.0,4000000,0,4000000,0.0,3268608000,0.0006986999997025123,0.0,88.1591796875
dense,2000,32,1,35,0.07626418769359589,0.464421875,1.0,4000000,0,4000000,0.0,3268608000,0.0007648999999219086,0.0,88.1591796875
dense,2000,32,1,36,0.07507196068763733,0.46965625,1.0,4000000,0,4000000,0.0,3268608000,0.0034730000006675255,0.0,88.1591796875
dense,2000,32,1,37,0.07386046648025513,0.474859375,1.0,4000000,0,4000000,0.0,3268608000,0.0009403999993082834,0.0,88.1591796875
dense,2000,32,1,38,0.07263708114624023,0.4803125,1.0,4000000,0,4000000,0.0,3268608000,0.0007561000002169749,0.0,88.1591796875
dense,2000,32,1,39,0.07141823321580887,0.486609375,1.0,4000000,0,4000000,0.0,3268608000,0.0007277000004251022,0.0,88.1591796875
dense,2000,32,1,40,0.07020880281925201,0.49190625,1.0,4000000,0,4000000,0.0,3268608000,0.000739699999030563,0.0,88.1591796875
dense,2000,32,1,41,0.06900390237569809,0.49753125,1.0,4000000,0,4000000,0.0,3268608000,0.0007406000004266389,0.0,88.1591796875
dense,2000,32,1,42,0.06780637055635452,0.502625,1.0,4000000,0,4000000,0.0,3268608000,0.0007052000000840053,0.0,88.1591796875
dense,2000,32,1,43,0.06662001460790634,0.507984375,1.0,4000000,0,4000000,0.0,3268608000,0.0006843999999546213,0.0,88.1591796875
dense,2000,32,1,44,0.06544175744056702,0.51209375,1.0,4000000,0,4000000,0.0,3268608000,0.0006833999996160856,0.0,88.1591796875
dense,2000,32,1,45,0.06427230685949326,0.515671875,1.0,4000000,0,4000000,0.0,3268608000,0.0007326000013563316,0.0,88.1591796875
dense,2000,32,1,46,0.06311590224504471,0.520234375,1.0,4000000,0,4000000,0.0,3268608000,0.000677699999869219,0.0,88.1591796875
dense,2000,32,1,47,0.061971891671419144,0.524765625,1.0,4000000,0,4000000,0.0,3268608000,0.0008027000003494322,0.0,88.1591796875
dense,2000,32,1,48,0.06083986163139343,0.528875,1.0,4000000,0,4000000,0.0,3268608000,0.0007260000002133893,0.0,88.1591796875
dense,2000,32,1,49,0.059721726924180984,0.533140625,1.0,4000000,0,4000000,0.0,3268608000,0.000698900001225411,0.0,88.1591796875
dense,2000,32,1,50,0.058616138994693756,0.537421875,1.0,4000000,0,4000000,0.0,3268608000,0.000747800000681309,0.0,88.1591796875
dense,2000,32,1,51,0.05752412602305412,0.541171875,1.0,4000000,0,4000000,0.0,3268608000,0.0008336999999301042,0.0,88.1591796875
dense,2000,32,1,52,0.05645032599568367,0.54528125,1.0,4000000,0,4000000,0.0,3268608000,0.0007431999983964488,0.0,88.1591796875
dense,2000,32,1,53,0.05539640411734581,0.5484375,1.0,4000000,0,4000000,0.0,3268608000,0.0007121999988157768,0.0,88.1591796875
dense,2000,32,1,54,0.05436154454946518,0.55315625,1.0,4000000,0,4000000,0.0,3268608000,0.0006852999995317077,0.0,88.1591796875
dense,2000,32,1,55,0.05334394425153732,0.556515625,1.0,4000000,0,4000000,0.0,3268608000,0.0007023999987723073,0.0,88.1591796875
dense,2000,32,1,56,0.05234019085764885,0.561078125,1.0,4000000,0,4000000,0.0,3268608000,0.0007087000012688804,0.0,88.1591796875
dense,2000,32,1,57,0.0513480082154274,0.564953125,1.0,4000000,0,4000000,0.0,3268608000,0.0007188999989011791,0.0,88.1591796875
dense,2000,32,1,58,0.05036547780036926,0.56859375,1.0,4000000,0,4000000,0.0,3268608000,0.0007471999997505918,0.0,88.1591796875
dense,2000,32,1,59,0.04938814789056778,0.572140625,1.0,4000000,0,4000000,0.0,3268608000,0.0006874999999126885,0.0,88.1591796875
dense,2000,32,1,60,0.048413246870040894,0.5765,1.0,4000000,0,4000000,0.0,3268608000,0.0006747000006726012,0.0,88.1591796875
dense,2000,32,1,61,0.0474429577589035,0.5803125,1.0,4000000,0,4000000,0.0,3268608000,0.000702199999068398,0.0,88.1591796875
dense,2000,32,1,62,0.046477992087602615,0.583578125,1.0,4000000,0,4000000,0.0,3268608000,0.000719300000127987,0.0,88.1591796875
dense,2000,32,1,63,0.04551481828093529,0.58765625,1.0,4000000,0,4000000,0.0,3268608000,0.0007362000014836667,0.0,88.1591796875
dense,2000,32,1,64,0.04455089941620827,0.591390625,1.0,4000000,0,4000000,0.0,3268608000,0.0006803999986004783,0.0,88.1591796875
dense,2000,32,1,65,0.043584395200014114,0.595546875,1.0,4000000,0,4000000,0.0,3268608000,0.0006892999990668613,0.0,88.1591796875
dense,2000,32,1,66,0.04261175915598869,0.5998125,1.0,4000000,0,4000000,0.0,3268608000,0.0006852999995317077,0.0,88.1591796875
dense,2000,32,1,67,0.04163109138607979,0.6033125,1.0,4000000,0,4000000,0.0,3268608000,0.0006885000002512243,0.0,88.1591796875
dense,2000,32,1,68,0.040642477571964264,0.606921875,1.0,4000000,0,4000000,0.0,3268608000,0.0007320000004256144,0.0,88.1591796875
dense,2000,32,1,69,0.0396445095539093,0.611171875,1.0,4000000,0,4000000,0.0,3268608000,0.000686699999278062,0.0,88.1591796875
dense,2000,32,1,70,0.038635365664958954,0.614828125,1.0,4000000,0,4000000,0.0,3268608000,0.0006899999989400385,0.0,88.1591796875
dense,2000,32,1,71,0.03761404752731323,0.618953125,1.0,4000000,0,4000000,0.0,3268608000,0.0006816000004619127,0.0,88.1591796875
dense,2000,32,1,72,0.036578964442014694,0.623109375,1.0,4000000,0,4000000,0.0,3268608000,0.0024972000010166084,0.0,88.1591796875
dense,2000,32,1,73,0.035529185086488724,0.62753125,1.0,4000000,0,4000000,0.0,3268608000,0.0007991999991645571,0.0,88.1591796875
dense,2000,32,1,74,0.03446563333272934,0.631765625,1.0,4000000,0,4000000,0.0,3268608000,0.0007564000006823335,0.0,88.1591796875
dense,2000,32,1,75,0.0333886593580246,0.6360625,1.0,4000000,0,4000000,0.0,3268608000,0.0007808999998815125,0.0,88.1591796875
dense,2000,32,1,76,0.03229629248380661,0.64021875,1.0,4000000,0,4000000,0.0,3268608000,0.0006933999993634643,0.0,88.1591796875
dense,2000,32,1,77,0.03118511661887169,0.64434375,1.0,4000000,0,4000000,0.0,3268608000,0.0006931000007170951,0.0,88.1591796875
dense,2000,32,1,78,0.0300527885556221,0.648359375,1.0,4000000,0,4000000,0.0,3268608000,0.0007448999986081617,0.0,88.1591796875
dense,2000,32,1,79,0.028898172080516815,0.65228125,1.0,4000000,0,4000000,0.0,3268608000,0.0007268999997904757,0.0,88.1591796875
dense,2000,32,1,80,0.02771895006299019,0.656671875,1.0,4000000,0,4000000,0.0,3268608000,0.0006709999997838167,0.0,88.1591796875
dense,2000,32,1,81,0.02651163749396801,0.66025,1.0,4000000,0,4000000,0.0,3268608000,0.000778800000261981,0.0,88.1591796875
dense,2000,32,1,82,0.025273315608501434,0.664984375,1.0,4000000,0,4000000,0.0,3268608000,0.0007537000001320848,0.0,88.1591796875
dense,2000,32,1,83,0.02400358021259308,0.67,1.0,4000000,0,4000000,0.0,3268608000,0.0007291000001714565,0.0,88.1591796875
dense,2000,32,1,84,0.022704042494297028,0.674703125,1.0,4000000,0,4000000,0.0,3268608000,0.0007590000004711328,0.0,88.1591796875
dense,2000,32,1,85,0.021376023069024086,0.678640625,1.0,4000000,0,4000000,0.0,3268608000,0.0006742999994457932,0.0,88.1591796875
dense,2000,32,1,86,0.020022345706820488,0.68309375,1.0,4000000,0,4000000,0.0,3268608000,0.0007450000011886004,0.0,88.1591796875
dense,2000,32,1,87,0.018650002777576447,0.688109375,1.0,4000000,0,4000000,0.0,3268608000,0.0006933000004210044,0.0,88.1591796875
dense,2000,32,1,88,0.01726965419948101,0.692546875,1.0,4000000,0,4000000,0.0,3268608000,0.0006795000008423813,0.0,88.1591796875
dense,2000,32,1,89,0.015895990654826164,0.697578125,1.0,4000000,0,4000000,0.0,3268608000,0.0007330000007641502,0.0,88.1591796875
dense,2000,32,1,90,0.014545129612088203,0.70209375,1.0,4000000,0,4000000,0.0,3268608000,0.0006859000004624249,0.0,88.1591796875
dense,2000,32,1,91,0.013233342207968235,0.706984375,1.0,4000000,0,4000000,0.0,3268608000,0.0006897000002936693,0.0,88.1591796875
dense,2000,32,1,92,0.01198038924485445,0.711828125,1.0,4000000,0,4000000,0.0,3268608000,0.0007146999996621162,0.0,88.1591796875
dense,2000,32,1,93,0.010805719532072544,0.716390625,1.0,4000000,0,4000000,0.0,3268608000,0.0007114999989425996,0.0,88.1591796875
dense,2000,32,1,94,0.00972609780728817,0.720453125,1.0,4000000,0,4000000,0.0,3268608000,0.0007230999999592314,0.0,88.1591796875
dense,2000,32,1,95,0.008753137663006783,0.72509375,1.0,4000000,0,4000000,0.0,3268608000,0.0007301999994524522,0.0,88.1591796875
dense,2000,32,1,96,0.007892155088484287,0.72903125,1.0,4000000,0,4000000,0.0,3268608000,0.000709100000676699,0.0,88.1591796875
dense,2000,32,1,97,0.007142283953726292,0.7331875,1.0,4000000,0,4000000,0.0,3268608000,0.0007122999995772261,0.0,88.1591796875
dense,2000,32,1,98,0.006498175207525492,0.737359375,1.0,4000000,0,4000000,0.0,3268608000,0.0007063000011839904,0.0,88.1591796875
dense,2000,32,1,99,0.0059544299729168415,0.741765625,1.0,4000000,0,4000000,0.0,3268608000,0.0007114000000001397,0.0,88.1591796875
dense,2000,32,1,100,0.005500808823853731,0.74546875,1.0,4000000,0,4000000,0.0,3268608000,0.000753199999962817,0.0,88.1591796875
dense,2000,32,1,101,0.005122866947203875,0.749578125,1.0,4000000,0,4000000,0.0,3268608000,0.0007636000009370036,0.0,88.1591796875
dense,2000,32,1,102,0.004805873613804579,0.753109375,1.0,4000000,0,4000000,0.0,3268608000,0.0007506999991164776,0.0,88.1591796875
dense,2000,32,1,103,0.004534738603979349,0.756453125,1.0,4000000,0,4000000,0.0,3268608000,0.0006945999994059093,0.0,88.1591796875
dense,2000,32,1,104,0.00429495656862855,0.76034375,1.0,4000000,0,4000000,0.0,3268608000,0.0007640000003448222,0.0,88.1591796875
dense,2000,32,1,105,0.004076374229043722,0.76384375,1.0,4000000,0,4000000,0.0,3268608000,0.0006868000000395114,0.0,88.1591796875
dense,2000,32,1,106,0.0038739268202334642,0.76709375,1.0,4000000,0,4000000,0.0,3268608000,0.0008109000009426381,0.0,88.1591796875
dense,2000,32,1,107,0.0036861312109977007,0.770125,1.0,4000000,0,4000000,0.0,3268608000,0.0007058000010147225,0.0,88.1591796875
dense,2000,32,1,108,0.0035108886659145355,0.7736875,1.0,4000000,0,4000000,0.0,3268608000,0.0007223000011435943,0.0,88.1591796875
dense,2000,32,1,109,0.0033449556212872267,0.7763125,1.0,4000000,0,4000000,0.0,3268608000,0.0007359000010183081,0.0,88.1591796875
dense,2000,32,1,110,0.0031856789719313383,0.779,1.0,4000000,0,4000000,0.0,3268608000,0.0007002000002103159,0.0,88.1591796875
dense,2000,32,1,111,0.0030322663951665163,0.78221875,1.0,4000000,0,4000000,0.0,3268608000,0.0007874000002630055,0.0,88.1591796875
dense,2000,32,1,112,0.002885347930714488,0.78546875,1.0,4000000,0,4000000,0.0,3268608000,0.000775999998950283,0.0,88.1591796875
dense,2000,32,1,113,0.0027459876146167517,0.78859375,1.0,4000000,0,4000000,0.0,3268608000,0.0007070999999996275,0.0,88.1591796875
dense,2000,32,1,114,0.0026148934848606586,0.79221875,1.0,4000000,0,4000000,0.0,3268608000,0.0006669999984296737,0.0,88.1591796875
dense,2000,32,1,115,0.0024921013973653316,0.7950625,1.0,4000000,0,4000000,0.0,3268608000,0.0006909000003361143,0.0,88.1591796875
dense,2000,32,1,116,0.0023774877190589905,0.797640625,1.0,4000000,0,4000000,0.0,3268608000,0.000698499999998603,0.0,88.1591796875
dense,2000,32,1,117,0.002271009376272559,0.8008125,1.0,4000000,0,4000000,0.0,3268608000,0.0006814999997004634,0.0,88.1591796875
dense,2000,32,1,118,0.002172470558434725,0.803453125,1.0,4000000,0,4000000,0.0,3268608000,0.0007211000011011492,0.0,88.1591796875
dense,2000,32,1,119,0.002081754617393017,0.806390625,1.0,4000000,0,4000000,0.0,3268608000,0.000664699999106233,0.0,88.1591796875
dense,2000,32,1,120,0.0019984927494078875,0.809109375,1.0,4000000,0,4000000,0.0,3268608000,0.0007351000003836816,0.0,88.1591796875
dense,2000,32,1,121,0.0019220068352296948,0.81153125,1.0,4000000,0,4000000,0.0,3268608000,0.0009985999986383831,0.0,88.1591796875
dense,2000,32,1,122,0.0018515837145969272,0.814265625,1.0,4000000,0,4000000,0.0,3268608000,0.0008225999990827404,0.0,88.1591796875
dense,2000,32,1,123,0.0017867668066173792,0.8164375,1.0,4000000,0,4000000,0.0,3268608000,0.0007447999996657018,0.0,88.1591796875
dense,2000,32,1,124,0.0017272715922445059,0.819265625,1.0,4000000,0,4000000,0.0,3268608000,0.000722999999197782,0.0,88.1591796875
dense,2000,32,1,125,0.001672611222602427,0.821359375,1.0,4000000,0,4000000,0.0,3268608000,0.0006697000007989118,0.0,88.1591796875
dense,2000,32,1,126,0.0016220558900386095,0.823015625,1.0,4000000,0,4000000,0.0,3268608000,0.0006628000010096002,0.0,88.1591796875
dense,2000,32,1,127,0.0015749841695651412,0.82503125,1.0,4000000,0,4000000,0.0,3268608000,0.0006725000002916204,0.0,88.1591796875
dense,2000,32,1,128,0.00153122388292104,0.827046875,1.0,4000000,0,4000000,0.0,3268608000,0.0007166999985201983,0.0,88.1591796875
dense,2000,32,1,129,0.001490672817453742,0.828890625,1.0,4000000,0,4000000,0.0,3268608000,0.000680199998896569,0.0,88.1591796875
dense,2000,32,1,130,0.00145305588375777,0.830625,1.0,4000000,0,4000000,0.0,3268608000,0.0006933999993634643,0.0,88.1591796875
dense,2000,32,1,131,0.0014180250000208616,0.83259375,1.0,4000000,0,4000000,0.0,3268608000,0.0006916000002092915,0.0,88.1591796875
dense,2000,32,1,132,0.0013852260308340192,0.83421875,1.0,4000000,0,4000000,0.0,3268608000,0.0013625999999931082,0.0,88.1591796875
dense,2000,32,1,133,0.0013543893583118916,0.835984375,1.0,4000000,0,4000000,0.0,3268608000,0.0007191999993665377,0.0,88.1591796875
dense,2000,32,1,134,0.0013253536308184266,0.83759375,1.0,4000000,0,4000000,0.0,3268608000,0.000699700000041048,0.0,88.1591796875
dense,2000,32,1,135,0.0012979167513549328,0.839046875,1.0,4000000,0,4000000,0.0,3268608000,0.0007132000009733019,0.0,88.1591796875
dense,2000,32,1,136,0.0012718429788947105,0.840875,1.0,4000000,0,4000000,0.0,3268608000,0.0007408000001305481,0.0,88.1591796875
dense,2000,32,1,137,0.0012469718931242824,0.842515625,1.0,4000000,0,4000000,0.0,3268608000,0.0007263000006787479,0.0,88.1591796875
dense,2000,32,1,138,0.0012231908040121198,0.844140625,1.0,4000000,0,4000000,0.0,3268608000,0.000680500001180917,0.0,88.1591796875
dense,2000,32,1,139,0.0012004288146272302,0.84559375,1.0,4000000,0,4000000,0.0,3268608000,0.0006814999997004634,0.0,88.1591796875
dense,2000,32,1,140,0.001178588019683957,0.8474375,1.0,4000000,0,4000000,0.0,3268608000,0.0006888999996590428,0.0,88.1591796875
dense,2000,32,1,141,0.0011575516546145082,0.8484375,1.0,4000000,0,4000000,0.0,3268608000,0.0007005000006756745,0.0,88.1591796875
dense,2000,32,1,142,0.001137313898652792,0.849609375,1.0,4000000,0,4000000,0.0,3268608000,0.00072589999945194,0.0,88.1591796875
dense,2000,32,1,143,0.001117895939387381,0.851578125,1.0,4000000,0,4000000,0.0,3268608000,0.0006877000014355872,0.0,88.1591796875
dense,2000,32,1,144,0.0010992453899234533,0.852875,1.0,4000000,0,4000000,0.0,3268608000,0.0006709000008413568,0.0,88.1591796875
dense,2000,32,1,145,0.0010812646942213178,0.854109375,1.0,4000000,0,4000000,0.0,3268608000,0.0006699000005028211,0.0,88.1591796875
dense,2000,32,1,146,0.0010638514067977667,0.85525,1.0,4000000,0,4000000,0.0,3268608000,0.0007485999994969461,0.0,88.1591796875
dense,2000,32,1,147,0.0010469569824635983,0.85653125,1.0,4000000,0,4000000,0.0,3268608000,0.0007126000000425847,0.0,88.1591796875
dense,2000,32,1,148,0.0010305816540494561,0.858046875,1.0,4000000,0,4000000,0.0,3268608000,0.0007309000011446187,0.0,88.1591796875
dense,2000,32,1,149,0.0010147001594305038,0.8593125,1.0,4000000,0,4000000,0.0,3268608000,0.0006873000002087792,0.0,88.1591796875
dense,2000,32,1,150,0.0009992859559133649,0.860640625,1.0,4000000,0,4000000,0.0,3268608000,0.0006756000002496876,0.0,88.1591796875
dense,2000,32,1,151,0.000984335201792419,0.8616875,1.0,4000000,0,4000000,0.0,3268608000,0.0006912999997439329,0.0,88.1591796875
dense,2000,32,1,152,0.0009698461508378386,0.86303125,1.0,4000000,0,4000000,0.0,3268608000,0.0006866000003356021,0.0,88.1591796875
dense,2000,32,1,153,0.0009558085585013032,0.864109375,1.0,4000000,0,4000000,0.0,3268608000,0.0006839000016043428,0.0,88.1591796875
dense,2000,32,1,154,0.000942193903028965,0.86503125,1.0,4000000,0,4000000,0.0,3268608000,0.0007119000001694076,0.0,88.1591796875
dense,2000,32,1,155,0.0009289590525440872,0.86603125,1.0,4000000,0,4000000,0.0,3268608000,0.000672399999530171,0.0,88.1591796875
dense,2000,32,1,156,0.0009160745539702475,0.867453125,1.0,4000000,0,4000000,0.0,3268608000,0.0006967000008444302,0.0,88.1591796875
dense,2000,32,1,157,0.0009035328403115273,0.868390625,1.0,4000000,0,4000000,0.0,3268608000,0.0006862000009277835,0.0,88.1591796875
dense,2000,32,1,158,0.0008913390920497477,0.86971875,1.0,4000000,0,4000000,0.0,3268608000,0.0006553999992320314,0.0,88.1591796875
dense,2000,32,1,159,0.0008795058820396662,0.870703125,1.0,4000000,0,4000000,0.0,3268608000,0.000666200001433026,0.0,88.1591796875
dense,2000,32,1,160,0.0008680419414304197,0.871828125,1.0,4000000,0,4000000,0.0,3268608000,0.0006637999995291466,0.0,88.1591796875
dense,2000,32,1,161,0.0008569463388994336,0.873328125,1.0,4000000,0,4000000,0.0,3268608000,0.0007382000003417488,0.0,88.1591796875
dense,2000,32,1,162,0.0008462070836685598,0.874234375,1.0,4000000,0,4000000,0.0,3268608000,0.0007537999990745448,0.0,88.1591796875
dense,2000,32,1,163,0.0008358198683708906,0.875609375,1.0,4000000,0,4000000,0.0,3268608000,0.0007471999997505918,0.0,88.1591796875
dense,2000,32,1,164,0.0008257936569862068,0.876671875,1.0,4000000,0,4000000,0.0,3268608000,0.0007035999988147523,0.0,88.1591796875
dense,2000,32,1,165,0.0008161358418874443,0.8780625,1.0,4000000,0,4000000,0.0,3268608000,0.0007177999996201834,0.0,88.1591796875
dense,2000,32,1,166,0.0008068445022217929,0.879203125,1.0,4000000,0,4000000,0.0,3268608000,0.0006890000004204921,0.0,88.1591796875
dense,2000,32,1,167,0.0007979133515618742,0.880390625,1.0,4000000,0,4000000,0.0,3268608000,0.000693600000886363,0.0,88.1591796875
dense,2000,32,1,168,0.0007893376750871539,0.88140625,1.0,4000000,0,4000000,0.0,3268608000,0.0007946999994601356,0.0,88.1591796875
dense,2000,32,1,169,0.0007811167160980403,0.8821875,1.0,4000000,0,4000000,0.0,3268608000,0.0007769000003463589,0.0,88.1591796875
dense,2000,32,1,170,0.000773250125348568,0.88303125,1.0,4000000,0,4000000,0.0,3268608000,0.0006787000002077548,0.0,88.1591796875
dense,2000,32,1,171,0.0007657420937903225,0.8838125,1.0,4000000,0,4000000,0.0,3268608000,0.0006718000004184432,0.0,88.1591796875
dense,2000,32,1,172,0.0007585954735986888,0.885125,1.0,4000000,0,4000000,0.0,3268608000,0.0006606999995710794,0.0,88.1591796875
dense,2000,32,1,173,0.0007518093916587532,0.885953125,1.0,4000000,0,4000000,0.0,3268608000,0.0006947000001673587,0.0,88.1591796875
dense,2000,32,1,174,0.0007453770958818495,0.88696875,1.0,4000000,0,4000000,0.0,3268608000,0.0006810000013501849,0.0,88.1591796875
dense,2000,32,1,175,0.000739288458134979,0.887875,1.0,4000000,0,4000000,0.0,3268608000,0.0007019999993644888,0.0,88.1591796875
dense,2000,32,1,176,0.0007335299742408097,0.88871875,1.0,4000000,0,4000000,0.0,3268608000,0.0006511999999929685,0.0,88.1591796875
dense,2000,32,1,177,0.0007280907593667507,0.889515625,1.0,4000000,0,4000000,0.0,3268608000,0.0006804999993619276,0.0,88.1591796875
dense,2000,32,1,178,0.0007229605107568204,0.890234375,1.0,4000000,0,4000000,0.0,3268608000,0.0006466000013460871,0.0,88.1591796875
dense,2000,32,1,179,0.0007181291002780199,0.890875,1.0,4000000,0,4000000,0.0,3268608000,0.0006694000003335532,0.0,88.1591796875
dense,2000,32,1,180,0.0007135837222449481,0.891875,1.0,4000000,0,4000000,0.0,3268608000,0.0006730999994033482,0.0,88.1591796875
dense,2000,32,1,181,0.0007093099411576986,0.892765625,1.0,4000000,0,4000000,0.0,3268608000,0.0007189000007201685,0.0,88.1591796875
dense,2000,32,1,182,0.0007052931468933821,0.893375,1.0,4000000,0,4000000,0.0,3268608000,0.0007112000002962304,0.0,88.1591796875
dense,2000,32,1,183,0.0007015190203674138,0.89415625,1.0,4000000,0,4000000,0.0,3268608000,0.0007053999997879146,0.0,88.1591796875
dense,2000,32,1,184,0.0006979730678722262,0.894796875,1.0,4000000,0,4000000,0.0,3268608000,0.0006744000002072426,0.0,88.1591796875
dense,2000,32,1,185,0.0006946414359845221,0.895390625,1.0,4000000,0,4000000,0.0,3268608000,0.0006627999991906108,0.0,88.1591796875
dense,2000,32,1,186,0.0006915093981660903,0.89603125,1.0,4000000,0,4000000,0.0,3268608000,0.0006551999995281221,0.0,88.1591796875
dense,2000,32,1,187,0.0006885623442940414,0.8965,1.0,4000000,0,4000000,0.0,3268608000,0.0006559000012202887,0.0,88.1591796875
dense,2000,32,1,188,0.0006857854314148426,0.89696875,1.0,4000000,0,4000000,0.0,3268608000,0.0006952000003366265,0.0,88.1591796875
dense,2000,32,1,189,0.0006831631762906909,0.897203125,1.0,4000000,0,4000000,0.0,3268608000,0.0006837999990239041,0.0,88.1591796875
dense,2000,32,1,190,0.0006806819583289325,0.89759375,1.0,4000000,0,4000000,0.0,3268608000,0.00072589999945194,0.0,88.1591796875
dense,2000,32,1,191,0.0006783280405215919,0.898125,1.0,4000000,0,4000000,0.0,3268608000,0.0006806999990658369,0.0,88.1591796875
dense,2000,32,1,192,0.0006760894320905209,0.8986875,1.0,4000000,0,4000000,0.0,3268608000,0.0006912999997439329,0.0,88.1591796875
dense,2000,32,1,193,0.0006739540258422494,0.8991875,1.0,4000000,0,4000000,0.0,3268608000,0.0006852999995317077,0.0,88.1591796875
dense,2000,32,1,194,0.0006719102384522557,0.89953125,1.0,4000000,0,4000000,0.0,3268608000,0.0006946000012248987,0.0,88.1591796875
dense,2000,32,1,195,0.0006699468940496445,0.89996875,1.0,4000000,0,4000000,0.0,3268608000,0.0006995000003371388,0.0,88.1591796875
dense,2000,32,1,196,0.0006680520600639284,0.90021875,1.0,4000000,0,4000000,0.0,3268608000,0.0007483000008505769,0.0,88.1591796875
dense,2000,32,1,197,0.0006662160158157349,0.9006875,1.0,4000000,0,4000000,0.0,3268608000,0.0006914000005053822,0.0,88.1591796875
dense,2000,32,1,198,0.0006644276436418295,0.901046875,1.0,4000000,0,4000000,0.0,3268608000,0.0006816000004619127,0.0,88.1591796875
dense,2000,32,1,199,0.0006626778049394488,0.901375,1.0,4000000,0,4000000,0.0,3268608000,0.0006797999994887505,0.0,88.1591796875
dense,2000,32,1,200,0.0006609566044062376,0.901546875,1.0,4000000,0,4000000,0.0,3268608000,0.0024663000003783964,0.0,88.1591796875
dense,2000,32,1,201,0.0006592556601390243,0.901765625,1.0,4000000,0,4000000,0.0,3268608000,0.0007738999993307516,0.0,88.1591796875
dense,2000,32,1,202,0.0006575669394806027,0.90225,1.0,4000000,0,4000000,0.0,3268608000,0.0007599000000482192,0.0,88.1591796875
dense,2000,32,1,203,0.0006558826426044106,0.9025,1.0,4000000,0,4000000,0.0,3268608000,0.0007289999994100071,0.0,88.1591796875
dense,2000,32,1,204,0.000654195377137512,0.90275,1.0,4000000,0,4000000,0.0,3268608000,0.0006950999995751772,0.0,88.1591796875
dense,2000,32,1,205,0.0006524978089146316,0.903,1.0,4000000,0,4000000,0.0,3268608000,0.0006810999984736554,0.0,88.1591796875
dense,2000,32,1,206,0.0006507831858471036,0.9033125,1.0,4000000,0,4000000,0.0,3268608000,0.0006718999993609032,0.0,88.1591796875
dense,2000,32,1,207,0.000649045396130532,0.903578125,1.0,4000000,0,4000000,0.0,3268608000,0.0006878000003780471,0.0,88.1591796875
dense,2000,32,1,208,0.0006472782697528601,0.903875,1.0,4000000,0,4000000,0.0,3268608000,0.000681800000165822,0.0,88.1591796875
dense,2000,32,1,209,0.0006454759859479964,0.90415625,1.0,4000000,0,4000000,0.0,3268608000,0.0006788000009692041,0.0,88.1591796875
dense,2000,32,1,210,0.0006436333642341197,0.904421875,1.0,4000000,0,4000000,0.0,3268608000,0.0006766000005882233,0.0,88.1591796875
dense,2000,32,1,211,0.0006417449912987649,0.90478125,1.0,4000000,0,4000000,0.0,3268608000,0.0007094000011420576,0.0,88.1591796875
dense,2000,32,1,212,0.0006398062687367201,0.904875,1.0,4000000,0,4000000,0.0,3268608000,0.000712799999746494,0.0,88.1591796875
dense,2000,32,1,213,0.0006378130638040602,0.905265625,1.0,4000000,0,4000000,0.0,3268608000,0.0007253000003402121,0.0,88.1591796875
dense,2000,32,1,214,0.0006357608363032341,0.90553125,1.0,4000000,0,4000000,0.0,3268608000,0.0007301000005099922,0.0,88.1591796875
dense,2000,32,1,215,0.0006336461519822478,0.905734375,1.0,4000000,0,4000000,0.0,3268608000,0.0006888999996590428,0.0,88.1591796875
dense,2000,32,1,216,0.0006314656930044293,0.906078125,1.0,4000000,0,4000000,0.0,3268608000,0.0006831999999121763,0.0,88.1591796875
dense,2000,32,1,217,0.0006292173056863248,0.906484375,1.0,4000000,0,4000000,0.0,3268608000,0.000685499999235617,0.0,88.1591796875
dense,2000,32,1,218,0.0006268983124755323,0.9068125,1.0,4000000,0,4000000,0.0,3268608000,0.0006708000000799075,0.0,88.1591796875
dense,2000,32,1,219,0.000624507199972868,0.9071875,1.0,4000000,0,4000000,0.0,3268608000,0.0006893000008858507,0.0,88.1591796875
dense,2000,32,1,220,0.0006220432696864009,0.90746875,1.0,4000000,0,4000000,0.0,3268608000,0.0006706000003759982,0.0,88.1591796875
dense,2000,32,1,221,0.0006195054738782346,0.90771875,1.0,4000000,0,4000000,0.0,3268608000,0.0006693000013910932,0.0,88.1591796875
dense,2000,32,1,222,0.0006168943946249783,0.907875,1.0,4000000,0,4000000,0.0,3268608000,0.0006679999987682095,0.0,88.1591796875
dense,2000,32,1,223,0.0006142111378721893,0.908265625,1.0,4000000,0,4000000,0.0,3268608000,0.0007535999993706355,0.0,88.1591796875
dense,2000,32,1,224,0.0006114573334343731,0.908734375,1.0,4000000,0,4000000,0.0,3268608000,0.0007676000004721573,0.0,88.1591796875
dense,2000,32,1,225,0.0006086358334869146,0.9093125,1.0,4000000,0,4000000,0.0,3268608000,0.000707499999407446,0.0,88.1591796875
dense,2000,32,1,226,0.0006057501304894686,0.909796875,1.0,4000000,0,4000000,0.0,3268608000,0.000733599999875878,0.0,88.1591796875
dense,2000,32,1,227,0.0006028047064319253,0.910125,1.0,4000000,0,4000000,0.0,3268608000,0.0007027000010566553,0.0,88.1591796875
dense,2000,32,1,228,0.0005998049164190888,0.91065625,1.0,4000000,0,4000000,0.0,3268608000,0.0007015999999566702,0.0,88.1591796875
dense,2000,32,1,229,0.0005967564648017287,0.911,1.0,4000000,0,4000000,0.0,3268608000,0.0006905000009282958,0.0,88.1591796875
dense,2000,32,1,230,0.0005936670349910855,0.91140625,1.0,4000000,0,4000000,0.0,3268608000,0.0006794000000809319,0.0,88.1591796875
dense,2000,32,1,231,0.0005905446014367044,0.9120625,1.0,4000000,0,4000000,0.0,3268608000,0.000697299999956158,0.0,88.1591796875
dense,2000,32,1,232,0.000587397487834096,0.912484375,1.0,4000000,0,4000000,0.0,3268608000,0.0006935000001249136,0.0,88.1591796875
dense,2000,32,1,233,0.0005842360551469028,0.91315625,1.0,4000000,0,4000000,0.0,3268608000,0.0006911000000400236,0.0,88.1591796875
dense,2000,32,1,234,0.0005810693255625665,0.91375,1.0,4000000,0,4000000,0.0,3268608000,0.0006809999995311955,0.0,88.1591796875
dense,2000,32,1,235,0.0005779087659902871,0.91440625,1.0,4000000,0,4000000,0.0,3268608000,0.0007344000005105045,0.0,88.1591796875
dense,2000,32,1,236,0.0005747648538090289,0.914859375,1.0,4000000,0,4000000,0.0,3268608000,0.0006958000012673438,0.0,88.1591796875
dense,2000,32,1,237,0.0005716486484743655,0.915421875,1.0,4000000,0,4000000,0.0,3268608000,0.0006998000008024974,0.0,88.1591796875
dense,2000,32,1,238,0.0005685714422725141,0.91621875,1.0,4000000,0,4000000,0.0,3268608000,0.0006869999997434206,0.0,88.1591796875
dense,2000,32,1,239,0.0005655439454130828,0.916859375,1.0,4000000,0,4000000,0.0,3268608000,0.0006885000002512243,0.0,88.1591796875
dense,2000,32,1,240,0.0005625770427286625,0.917296875,1.0,4000000,0,4000000,0.0,3268608000,0.0006827000015618978,0.0,88.1591796875
dense,2000,32,1,241,0.0005596810951828957,0.917765625,1.0,4000000,0,4000000,0.0,3268608000,0.0007000999994488666,0.0,88.1591796875
dense,2000,32,1,242,0.000556865066755563,0.918296875,1.0,4000000,0,4000000,0.0,3268608000,0.0006995000003371388,0.0,88.1591796875
dense,2000,32,1,243,0.000554138096049428,0.9186875,1.0,4000000,0,4000000,0.0,3268608000,0.0006931000007170951,0.0,88.1591796875
dense,2000,32,1,244,0.0005515078664757311,0.9194375,1.0,4000000,0,4000000,0.0,3268608000,0.00068700000156241,0.0,88.1591796875
dense,2000,32,1,245,0.0005489811883307993,0.9201875,1.0,4000000,0,4000000,0.0,3268608000,0.0008316000003105728,0.0,88.1591796875
dense,2000,32,1,246,0.000546563882380724,0.920828125,1.0,4000000,0,4000000,0.0,3268608000,0.0007049000014376361,0.0,88.1591796875
dense,2000,32,1,247,0.0005442603724077344,0.92140625,1.0,4000000,0,4000000,0.0,3268608000,0.0007012999994913116,0.0,88.1591796875
dense,2000,32,1,248,0.0005420743254944682,0.921921875,1.0,4000000,0,4000000,0.0,3268608000,0.0006947999991098186,0.0,88.1591796875
dense,2000,32,1,249,0.0005400085938163102,0.9223125,1.0,4000000,0,4000000,0.0,3268608000,0.0006979000008868752,0.0,88.1591796875
dense,2000,32,1,250,0.0005380635266192257,0.922984375,1.0,4000000,0,4000000,0.0,3268608000,0.0006918999988556607,0.0,88.1591796875
dense,2000,32,1,251,0.0005362399970181286,0.923453125,1.0,4000000,0,4000000,0.0,3268608000,0.0007125999982235953,0.0,88.1591796875
dense,2000,32,1,252,0.0005345370736904442,0.923875,1.0,4000000,0,4000000,0.0,3268608000,0.0007317999989027157,0.0,88.1591796875
dense,2000,32,1,253,0.0005329529521986842,0.924203125,1.0,4000000,0,4000000,0.0,3268608000,0.0007803999997122446,0.0,88.1591796875
dense,2000,32,1,254,0.0005314851296134293,0.924828125,1.0,4000000,0,4000000,0.0,3268608000,0.0008116000008158153,0.0,88.1591796875
dense,2000,32,1,255,0.0005301300552673638,0.925265625,1.0,4000000,0,4000000,0.0,3268608000,0.0007957000016176607,0.0,88.1591796875
dense,2000,32,1,256,0.0005288842367008328,0.925578125,1.0,4000000,0,4000000,0.0,3268608000,0.0007006999985605944,0.0,88.1591796875
dense,2000,32,1,257,0.0005277431919239461,0.925921875,1.0,4000000,0,4000000,0.0,3268608000,0.0006969999994907994,0.0,88.1591796875
dense,2000,32,1,258,0.0005267014494165778,0.926296875,1.0,4000000,0,4000000,0.0,3268608000,0.0006802999996580184,0.0,88.1591796875
dense,2000,32,1,259,0.000525754236150533,0.92671875,1.0,4000000,0,4000000,0.0,3268608000,0.000713999999788939,0.0,88.1591796875
dense,2000,32,1,260,0.0005248962552286685,0.927125,1.0,4000000,0,4000000,0.0,3268608000,0.0006826000008004485,0.0,88.1591796875
dense,2000,32,1,261,0.0005241215694695711,0.927390625,1.0,4000000,0,4000000,0.0,3268608000,0.0007052999990264652,0.0,88.1591796875
dense,2000,32,1,262,0.0005234244163148105,0.92753125,1.0,4000000,0,4000000,0.0,3268608000,0.0007535999993706355,0.0,88.1591796875
dense,2000,32,1,263,0.0005227994988672435,0.9276875,1.0,4000000,0,4000000,0.0,3268608000,0.0007173000012699049,0.0,88.1591796875
dense,2000,32,1,264,0.0005222409963607788,0.927734375,1.0,4000000,0,4000000,0.0,3268608000,0.000769899999795598,0.0,88.1591796875
dense,2000,32,1,265,0.0005217435536906123,0.927703125,1.0,4000000,0,4000000,0.0,3268608000,0.0008023999998840736,0.0,88.1591796875
dense,2000,32,1,266,0.0005213018739596009,0.92796875,1.0,4000000,0,4000000,0.0,3268608000,0.000750299999708659,0.0,88.1591796875
dense,2000,32,1,267,0.0005209109513089061,0.92803125,1.0,4000000,0,4000000,0.0,3268608000,0.0007411000005959067,0.0,88.1591796875
dense,2000,32,1,268,0.0005205658380873501,0.92809375,1.0,4000000,0,4000000,0.0,3268608000,0.0007163999998738291,0.0,88.1591796875
dense,2000,32,1,269,0.0005202622851356864,0.92821875,1.0,4000000,0,4000000,0.0,3268608000,0.0007040000000415603,0.0,88.1591796875
dense,2000,32,1,270,0.0005199960432946682,0.9283125,1.0,4000000,0,4000000,0.0,3268608000,0.0006883999994897749,0.0,88.1591796875
dense,2000,32,1,271,0.000519762746989727,0.928390625,1.0,4000000,0,4000000,0.0,3268608000,0.0008120999991660938,0.0,88.1591796875
dense,2000,32,1,272,0.0005195591365918517,0.92840625,1.0,4000000,0,4000000,0.0,3268608000,0.0006979999998293351,0.0,88.1591796875
dense,2000,32,1,273,0.0005193817778490484,0.9284375,1.0,4000000,0,4000000,0.0,3268608000,0.0006871999994473299,0.0,88.1591796875
dense,2000,32,1,274,0.0005192276439629495,0.92846875,1.0,4000000,0,4000000,0.0,3268608000,0.0006929999999556458,0.0,88.1591796875
dense,2000,32,1,275,0.0005190940573811531,0.92840625,1.0,4000000,0,4000000,0.0,3268608000,0.0006971000002522487,0.0,88.1591796875
dense,2000,32,1,276,0.0005189787480048835,0.928546875,1.0,4000000,0,4000000,0.0,3268608000,0.0006904999991093064,0.0,88.1591796875
dense,2000,32,1,277,0.0005188803770579398,0.928671875,1.0,4000000,0,4000000,0.0,3268608000,0.0006819999998697313,0.0,88.1591796875
dense,2000,32,1,278,0.0005187986535020173,0.928703125,1.0,4000000,0,4000000,0.0,3268608000,0.0006707000011374475,0.0,88.1591796875
dense,2000,32,1,279,0.0005187371862120926,0.928734375,1.0,4000000,0,4000000,0.0,3268608000,0.0006665999990218552,0.0,88.1591796875
dense,2000,32,1,280,0.0005187085480429232,0.92890625,1.0,4000000,0,4000000,0.0,3268608000,0.0006756000002496876,0.0,88.1591796875
dense,2000,32,1,281,0.0005187527276575565,0.928875,1.0,4000000,0,4000000,0.0,3268608000,0.0006935999990673736,0.0,88.1591796875
dense,2000,32,1,282,0.0005189745570532978,0.929,1.0,4000000,0,4000000,0.0,3268608000,0.0006747000006726012,0.0,88.1591796875
dense,2000,32,1,283,0.0005197241553105414,0.929,1.0,4000000,0,4000000,0.0,3268608000,0.0007518000002164626,0.0,88.1591796875
dense,2000,32,1,284,0.0005217249854467809,0.92909375,1.0,4000000,0,4000000,0.0,3268608000,0.0006862999998702435,0.0,88.1591796875
dense,2000,32,1,285,0.0005279842880554497,0.92909375,1.0,4000000,0,4000000,0.0,3268608000,0.0006935000001249136,0.0,88.1591796875
dense,2000,32,1,286,0.0005400868831202388,0.929515625,1.0,4000000,0,4000000,0.0,3268608000,0.0006754999994882382,0.0,88.1591796875
dense,2000,32,1,287,0.0005764789530076087,0.928953125,1.0,4000000,0,4000000,0.0,3268608000,0.0006558000004588393,0.0,88.1591796875
dense,2000,32,1,288,0.0005812989547848701,0.9296875,1.0,4000000,0,4000000,0.0,3268608000,0.0007941000003484078,0.0,88.1591796875
dense,2000,32,1,289,0.0005888232844881713,0.928875,1.0,4000000,0,4000000,0.0,3268608000,0.0007298000000446336,0.0,88.1591796875
dense,2000,32,1,290,0.0005448433803394437,0.9295625,1.0,4000000,0,4000000,0.0,3268608000,0.0007185000013123499,0.0,88.1591796875
dense,2000,32,1,291,0.0005331615684553981,0.92946875,1.0,4000000,0,4000000,0.0,3268608000,0.0007473000005120412,0.0,88.1591796875
dense,2000,32,1,292,0.0005571842775680125,0.929171875,1.0,4000000,0,4000000,0.0,3268608000,0.0007010999997874023,0.0,88.1591796875
dense,2000,32,1,293,0.0005657825968228281,0.9295625,1.0,4000000,0,4000000,0.0,3268608000,0.0007488999999623047,0.0,88.1591796875
dense,2000,32,1,294,0.000559063337277621,0.929171875,1.0,4000000,0,4000000,0.0,3268608000,0.0006952000003366265,0.0,88.1591796875
dense,2000,32,1,295,0.0005340779898688197,0.929515625,1.0,4000000,0,4000000,0.0,3268608000,0.0006814999997004634,0.0,88.1591796875
dense,2000,32,1,296,0.0005322520737536252,0.9295,1.0,4000000,0,4000000,0.0,3268608000,0.0006863000016892329,0.0,88.1591796875
dense,2000,32,1,297,0.0005504940054379404,0.92909375,1.0,4000000,0,4000000,0.0,3268608000,0.0006859999994048849,0.0,88.1591796875
dense,2000,32,1,298,0.000551025674212724,0.9295625,1.0,4000000,0,4000000,0.0,3268608000,0.0006832999988546362,0.0,88.1591796875
dense,2000,32,1,299,0.0005390135338529944,0.92925,1.0,4000000,0,4000000,0.0,3268608000,0.0006912000008014729,0.0,88.1591796875
dense,2000,32,1,300,0.000527199066709727,0.929453125,1.0,4000000,0,4000000,0.0,3268608000,0.0006921999993210193,0.0,88.1591796875
dense,2000,32,1,301,0.000530694960616529,0.929609375,1.0,4000000,0,4000000,0.0,3268608000,0.0007010999997874023,0.0,88.1591796875
dense,2000,32,1,302,0.0005404921830631793,0.929328125,1.0,4000000,0,4000000,0.0,3268608000,0.0006863000016892329,0.0,88.1591796875
dense,2000,32,1,303,0.000538713182322681,0.929421875,1.0,4000000,0,4000000,0.0,3268608000,0.0006894999987707706,0.0,88.1591796875
dense,2000,32,1,304,0.0005325825186446309,0.92934375,1.0,4000000,0,4000000,0.0,3268608000,0.0007963000007293886,0.0,88.1591796875
dense,2000,32,1,305,0.0005253353156149387,0.929546875,1.0,4000000,0,4000000,0.0,3268608000,0.000763300000471645,0.0,88.1591796875
dense,2000,32,1,306,0.0005258265882730484,0.929609375,1.0,4000000,0,4000000,0.0,3268608000,0.0007291000001714565,0.0,88.1591796875
dense,2000,32,1,307,0.0005304024089127779,0.929359375,1.0,4000000,0,4000000,0.0,3268608000,0.0007523999993281905,0.0,88.1591796875
dense,2000,32,1,308,0.0005314670270308852,0.929640625,1.0,4000000,0,4000000,0.0,3268608000,0.000727000000551925,0.0,88.1591796875
dense,2000,32,1,309,0.000531253288500011,0.929484375,1.0,4000000,0,4000000,0.0,3268608000,0.0007458000000042375,0.0,88.1591796875
dense,2000,32,1,310,0.0005260119796730578,0.929484375,1.0,4000000,0,4000000,0.0,3268608000,0.0007187999999587191,0.0,88.1591796875
dense,2000,32,1,311,0.000523370981682092,0.92953125,1.0,4000000,0,4000000,0.0,3268608000,0.0007137000011425698,0.0,88.1591796875
dense,2000,32,1,312,0.0005235444405116141,0.929515625,1.0,4000000,0,4000000,0.0,3268608000,0.0006919000006746501,0.0,88.1591796875
dense,2000,32,1,313,0.0005248250090517104,0.929515625,1.0,4000000,0,4000000,0.0,3268608000,0.0006812999999965541,0.0,88.1591796875
dense,2000,32,1,314,0.0005261896876618266,0.929390625,1.0,4000000,0,4000000,0.0,3268608000,0.0007337999995797873,0.0,88.1591796875
dense,2000,32,1,315,0.0005253978306427598,0.929640625,1.0,4000000,0,4000000,0.0,3268608000,0.0006857000007585157,0.0,88.1591796875
dense,2000,32,1,316,0.0005246751243248582,0.929203125,1.0,4000000,0,4000000,0.0,3268608000,0.0006795999997848412,0.0,88.1591796875
dense,2000,32,1,317,0.0005227191722951829,0.929734375,1.0,4000000,0,4000000,0.0,3268608000,0.0006792000003770227,0.0,88.1591796875
dense,2000,32,1,318,0.0005211321986280382,0.929359375,1.0,4000000,0,4000000,0.0,3268608000,0.000680199998896569,0.0,88.1591796875
dense,2000,32,1,319,0.0005208597285673022,0.9295,1.0,4000000,0,4000000,0.0,3268608000,0.0006778999995731283,0.0,88.1591796875
dense,2000,32,1,320,0.0005217204452492297,0.929625,1.0,4000000,0,4000000,0.0,3268608000,0.0007640000003448222,0.0,88.1591796875
dense,2000,32,1,321,0.0005227237124927342,0.929359375,1.0,4000000,0,4000000,0.0,3268608000,0.0007241000002977671,0.0,88.1591796875
dense,2000,32,1,322,0.0005226266221143305,0.9296875,1.0,4000000,0,4000000,0.0,3268608000,0.0006870999986858806,0.0,88.1591796875
dense,2000,32,1,323,0.0005218914011493325,0.92928125,1.0,4000000,0,4000000,0.0,3268608000,0.0006826000008004485,0.0,88.1591796875
dense,2000,32,1,324,0.0005206202040426433,0.9295625,1.0,4000000,0,4000000,0.0,3268608000,0.0006811000002926448,0.0,88.1591796875
dense,2000,32,1,325,0.0005198707222007215,0.929546875,1.0,4000000,0,4000000,0.0,3268608000,0.0007630999989487464,0.0,88.1591796875
dense,2000,32,1,326,0.0005197608843445778,0.9295625,1.0,4000000,0,4000000,0.0,3268608000,0.0007279999990714714,0.0,88.1591796875
dense,2000,32,1,327,0.0005199394654482603,0.929703125,1.0,4000000,0,4000000,0.0,3268608000,0.0007133999988582218,0.0,88.1591796875
dense,2000,32,1,328,0.0005200938903726637,0.92940625,1.0,4000000,0,4000000,0.0,3268608000,0.0006914999994478421,0.0,88.1591796875
dense,2000,32,1,329,0.0005202696775086224,0.929640625,1.0,4000000,0,4000000,0.0,3268608000,0.0007738000003882917,0.0,88.1591796875
dense,2000,32,1,330,0.0005204059416428208,0.929453125,1.0,4000000,0,4000000,0.0,3268608000,0.0009201000011671567,0.0,88.1591796875
dense,2000,32,1,331,0.0005201862659305334,0.929609375,1.0,4000000,0,4000000,0.0,3268608000,0.002628500000355416,0.0,88.1591796875
dense,2000,32,1,332,0.0005198270082473755,0.929484375,1.0,4000000,0,4000000,0.0,3268608000,0.0007437000003847061,0.0,88.1591796875
dense,2000,32,1,333,0.0005195074481889606,0.92959375,1.0,4000000,0,4000000,0.0,3268608000,0.0008326999995915685,0.0,88.1591796875
dense,2000,32,1,334,0.0005193784600123763,0.929609375,1.0,4000000,0,4000000,0.0,3268608000,0.0007089999999152496,0.0,88.1591796875
dense,2000,32,1,335,0.0005193163524381816,0.92953125,1.0,4000000,0,4000000,0.0,3268608000,0.0007189999996626284,0.0,88.1591796875
dense,2000,32,1,336,0.0005192691460251808,0.929671875,1.0,4000000,0,4000000,0.0,3268608000,0.0006974000007176073,0.0,88.1591796875
dense,2000,32,1,337,0.0005193051183596253,0.929625,1.0,4000000,0,4000000,0.0,3268608000,0.0006843000010121614,0.0,88.1591796875
dense,2000,32,1,338,0.0005195058765821159,0.9295,1.0,4000000,0,4000000,0.0,3268608000,0.0006823999992775498,0.0,88.1591796875
dense,2000,32,1,339,0.0005199406296014786,0.92959375,1.0,4000000,0,4000000,0.0,3268608000,0.0006923000000824686,0.0,88.1591796875
dense,2000,32,1,340,0.0005205749184824526,0.9295,1.0,4000000,0,4000000,0.0,3268608000,0.0006721999998262618,0.0,88.1591796875
dense,2000,32,1,341,0.0005216020508669317,0.92953125,1.0,4000000,0,4000000,0.0,3268608000,0.0006862000009277835,0.0,88.1591796875
dense,2000,32,1,342,0.0005233196425251663,0.929609375,1.0,4000000,0,4000000,0.0,3268608000,0.0006737000003340654,0.0,88.1591796875
dense,2000,32,1,343,0.0005265494110062718,0.929484375,1.0,4000000,0,4000000,0.0,3268608000,0.0006775000001653098,0.0,88.1591796875
dense,2000,32,1,344,0.000531890313141048,0.929515625,1.0,4000000,0,4000000,0.0,3268608000,0.0006810000013501849,0.0,88.1591796875
dense,2000,32,1,345,0.0005417218198999763,0.9295,1.0,4000000,0,4000000,0.0,3268608000,0.0006737999992765253,0.0,88.1591796875
dense,2000,32,1,346,0.0005551273934543133,0.929453125,1.0,4000000,0,4000000,0.0,3268608000,0.0006749000003765104,0.0,88.1591796875
dense,2000,32,1,347,0.0005764525849372149,0.929234375,1.0,4000000,0,4000000,0.0,3268608000,0.0006800000010116491,0.0,88.1591796875
dense,2000,32,1,348,0.0005893973284401,0.929328125,1.0,4000000,0,4000000,0.0,3268608000,0.000672800000756979,0.0,88.1591796875
dense,2000,32,1,349,0.0005970882484689355,0.929296875,1.0,4000000,0,4000000,0.0,3268608000,0.0006725999992340803,0.0,88.1591796875
dense,2000,32,1,350,0.0005724511574953794,0.929375,1.0,4000000,0,4000000,0.0,3268608000,0.0007392000006802846,0.0,88.1591796875
dense,2000,32,1,351,0.0005423450493253767,0.9295,1.0,4000000,0,4000000,0.0,3268608000,0.0007005000006756745,0.0,88.1591796875
dense,2000,32,1,352,0.0005238096928223968,0.929546875,1.0,4000000,0,4000000,0.0,3268608000,0.0007796999998390675,0.0,88.1591796875
dense,2000,32,1,353,0.0005285815568640828,0.9296875,1.0,4000000,0,4000000,0.0,3268608000,0.0007201999997050734,0.0,88.1591796875
dense,2000,32,1,354,0.0005477668019011617,0.92928125,1.0,4000000,0,4000000,0.0,3268608000,0.0007191999993665377,0.0,88.1591796875
dense,2000,32,1,355,0.0005594581598415971,0.9295,1.0,4000000,0,4000000,0.0,3268608000,0.0007081999992806232,0.0,88.1591796875
dense,2000,32,1,356,0.0005576280527748168,0.929296875,1.0,4000000,0,4000000,0.0,3268608000,0.0006964000003790716,0.0,88.1591796875
dense,2000,32,1,357,0.0005383226089179516,0.929640625,1.0,4000000,0,4000000,0.0,3268608000,0.0006998999997449573,0.0,88.1591796875
dense,2000,32,1,358,0.00052379269618541,0.9295625,1.0,4000000,0,4000000,0.0,3268608000,0.0006916000002092915,0.0,88.1591796875
dense,2000,32,1,359,0.0005232750554569066,0.92953125,1.0,4000000,0,4000000,0.0,3268608000,0.0006838999997853534,0.0,88.1591796875
dense,2000,32,1,360,0.0005332345026545227,0.92971875,1.0,4000000,0,4000000,0.0,3268608000,0.0007091999996191589,0.0,88.1591796875
dense,2000,32,1,361,0.0005423162947408855,0.929484375,1.0,4000000,0,4000000,0.0,3268608000,0.0007475999991584104,0.0,88.1591796875
dense,2000,32,1,362,0.0005405110423453152,0.929515625,1.0,4000000,0,4000000,0.0,3268608000,0.0007059999988996424,0.0,88.1591796875
dense,2000,32,1,363,0.0005314437439665198,0.9295625,1.0,4000000,0,4000000,0.0,3268608000,0.0006929999999556458,0.0,88.1591796875
dense,2000,32,1,364,0.0005222248146310449,0.929609375,1.0,4000000,0,4000000,0.0,3268608000,0.00068460000147752,0.0,88.1591796875
dense,2000,32,1,365,0.0005204217741265893,0.929609375,1.0,4000000,0,4000000,0.0,3268608000,0.0006804999993619276,0.0,88.1591796875
dense,2000,32,1,366,0.0005252130795270205,0.929484375,1.0,4000000,0,4000000,0.0,3268608000,0.0006848000011814293,0.0,88.1591796875
dense,2000,32,1,367,0.0005304337828420103,0.9295625,1.0,4000000,0,4000000,0.0,3268608000,0.0006990000001678709,0.0,88.1591796875
dense,2000,32,1,368,0.0005316949100233614,0.9295625,1.0,4000000,0,4000000,0.0,3268608000,0.0006888999996590428,0.0,88.1591796875
dense,2000,32,1,369,0.0005274013965390623,0.929546875,1.0,4000000,0,4000000,0.0,3268608000,0.000678899999911664,0.0,88.1591796875
dense,2000,32,1,370,0.0005222337204031646,0.9296875,1.0,4000000,0,4000000,0.0,3268608000,0.0006770999989385018,0.0,88.1591796875
dense,2000,32,1,371,0.0005196816055104136,0.92965625,1.0,4000000,0,4000000,0.0,3268608000,0.0007700999994995072,0.0,88.1591796875
dense,2000,32,1,372,0.0005209093214944005,0.929546875,1.0,4000000,0,4000000,0.0,3268608000,0.0007112999992386904,0.0,88.1591796875
dense,2000,32,1,373,0.0005239294841885567,0.929625,1.0,4000000,0,4000000,0.0,3268608000,0.0006905999998707557,0.0,88.1591796875
dense,2000,32,1,374,0.000525898125488311,0.929390625,1.0,4000000,0,4000000,0.0,3268608000,0.0006894999987707706,0.0,88.1591796875
dense,2000,32,1,375,0.0005256464355625212,0.92965625,1.0,4000000,0,4000000,0.0,3268608000,0.0006859000004624249,0.0,88.1591796875
dense,2000,32,1,376,0.0005237251170910895,0.9294375,1.0,4000000,0,4000000,0.0,3268608000,0.0007114000000001397,0.0,88.1591796875
dense,2000,32,1,377,0.0005220696912147105,0.92975,1.0,4000000,0,4000000,0.0,3268608000,0.0007046000009722775,0.0,88.1591796875
dense,2000,32,1,378,0.0005224786582402885,0.9295,1.0,4000000,0,4000000,0.0,3268608000,0.0006924999997863779,0.0,88.1591796875
dense,2000,32,1,379,0.0005248221568763256,0.92965625,1.0,4000000,0,4000000,0.0,3268608000,0.0007501000000047497,0.0,88.1591796875
dense,2000,32,1,380,0.0005298936157487333,0.92946875,1.0,4000000,0,4000000,0.0,3268608000,0.000690799999574665,0.0,88.1591796875
dense,2000,32,1,381,0.0005341017968021333,0.929765625,1.0,4000000,0,4000000,0.0,3268608000,0.0008190999997168547,0.0,88.1591796875
dense,2000,32,1,382,0.0005421750829555094,0.92925,1.0,4000000,0,4000000,0.0,3268608000,0.0006937999987712828,0.0,88.1591796875
dense,2000,32,1,383,0.00054359674686566,0.92975,1.0,4000000,0,4000000,0.0,3268608000,0.0006840999994892627,0.0,88.1591796875
dense,2000,32,1,384,0.0005504808505065739,0.929234375,1.0,4000000,0,4000000,0.0,3268608000,0.0006971999991947087,0.0,88.1591796875
dense,2000,32,1,385,0.0005462988629005849,0.929828125,1.0,4000000,0,4000000,0.0,3268608000,0.0007607999996253056,0.0,88.1591796875
dense,2000,32,1,386,0.0005462235421873629,0.92925,1.0,4000000,0,4000000,0.0,3268608000,0.0007064000001264503,0.0,88.1591796875
dense,2000,32,1,387,0.0005439427332021296,0.9296875,1.0,4000000,0,4000000,0.0,3268608000,0.0006976000004215166,0.0,88.1591796875
dense,2000,32,1,388,0.0005439577507786453,0.929390625,1.0,4000000,0,4000000,0.0,3268608000,0.00068959999953222,0.0,88.1591796875
dense,2000,32,1,389,0.0005444528069347143,0.9295,1.0,4000000,0,4000000,0.0,3268608000,0.0006877999985590577,0.0,88.1591796875
dense,2000,32,1,390,0.0005433588521555066,0.929421875,1.0,4000000,0,4000000,0.0,3268608000,0.0006940999992366415,0.0,88.1591796875
dense,2000,32,1,391,0.0005427582073025405,0.929265625,1.0,4000000,0,4000000,0.0,3268608000,0.0006957999994483544,0.0,88.1591796875
dense,2000,32,1,392,0.0005398182547651231,0.92959375,1.0,4000000,0,4000000,0.0,3268608000,0.0007605999999213964,0.0,88.1591796875
dense,2000,32,1,393,0.000539787404704839,0.92921875,1.0,4000000,0,4000000,0.0,3268608000,0.0007404000007227296,0.0,88.1591796875
dense,2000,32,1,394,0.0005365067045204341,0.929703125,1.0,4000000,0,4000000,0.0,3268608000,0.0007762000004731817,0.0,88.1591796875
dense,2000,32,1,395,0.0005354387685656548,0.929390625,1.0,4000000,0,4000000,0.0,3268608000,0.0007998999990377342,0.0,88.1591796875
dense,2000,32,1,396,0.0005326629616320133,0.9298125,1.0,4000000,0,4000000,0.0,3268608000,0.0007344000005105045,0.0,88.1591796875
dense,2000,32,1,397,0.0005308389663696289,0.92921875,1.0,4000000,0,4000000,0.0,3268608000,0.0008218000002671033,0.0,88.1591796875
dense,2000,32,1,398,0.0005290834815241396,0.92965625,1.0,4000000,0,4000000,0.0,3268608000,0.0007676999994146172,0.0,88.1591796875
dense,2000,32,1,399,0.0005280861514620483,0.9294375,1.0,4000000,0,4000000,0.0,3268608000,0.0007313000005524373,0.0,88.1591796875
dense,2000,32,1,400,0.0005274052964523435,0.92953125,1.0,4000000,0,4000000,0.0,3268608000,0.0007676000004721573,0.0,88.1591796875
dense,2000,32,1,401,0.0005278452299535275,0.92959375,1.0,4000000,0,4000000,0.0,3268608000,0.0008531000003131339,0.0,88.1591796875
dense,2000,32,1,402,0.0005289105465635657,0.929390625,1.0,4000000,0,4000000,0.0,3268608000,0.0007511000003432855,0.0,88.1591796875
dense,2000,32,1,403,0.000530125224031508,0.929703125,1.0,4000000,0,4000000,0.0,3268608000,0.0008545000000594882,0.0,88.1591796875
dense,2000,32,1,404,0.0005321379285305738,0.92928125,1.0,4000000,0,4000000,0.0,3268608000,0.0007127000008040341,0.0,88.1591796875
dense,2000,32,1,405,0.0005323564982973039,0.929765625,1.0,4000000,0,4000000,0.0,3268608000,0.0007172999994509155,0.0,88.1591796875
dense,2000,32,1,406,0.0005334648303687572,0.929171875,1.0,4000000,0,4000000,0.0,3268608000,0.0007640999992872821,0.0,88.1591796875
dense,2000,32,1,407,0.0005317451432347298,0.929734375,1.0,4000000,0,4000000,0.0,3268608000,0.0008025999995879829,0.0,88.1591796875
dense,2000,32,1,408,0.0005311380373314023,0.929328125,1.0,4000000,0,4000000,0.0,3268608000,0.0008620999997219769,0.0,88.1591796875
dense,2000,32,1,409,0.000528723350726068,0.929671875,1.0,4000000,0,4000000,0.0,3268608000,0.0007227000005514128,0.0,88.1591796875
dense,2000,32,1,410,0.0005278832395561039,0.929359375,1.0,4000000,0,4000000,0.0,3268608000,0.0006873000002087792,0.0,88.1591796875
dense,2000,32,1,411,0.0005268452223390341,0.929640625,1.0,4000000,0,4000000,0.0,3268608000,0.0007940000014059478,0.0,88.1591796875
dense,2000,32,1,412,0.0005272890557534993,0.929359375,1.0,4000000,0,4000000,0.0,3268608000,0.00075970000034431,0.0,88.1591796875
dense,2000,32,1,413,0.0005282824276946485,0.929609375,1.0,4000000,0,4000000,0.0,3268608000,0.0006917999999132007,0.0,88.1591796875
dense,2000,32,1,414,0.0005303188809193671,0.929421875,1.0,4000000,0,4000000,0.0,3268608000,0.0006900000007590279,0.0,88.1591796875
dense,2000,32,1,415,0.0005333597655408084,0.92971875,1.0,4000000,0,4000000,0.0,3268608000,0.0006785000005038455,0.0,88.1591796875
dense,2000,32,1,416,0.0005365774850361049,0.929484375,1.0,4000000,0,4000000,0.0,3268608000,0.000731100000848528,0.0,88.1591796875
dense,2000,32,1,417,0.0005409276927821338,0.929734375,1.0,4000000,0,4000000,0.0,3268608000,0.0006721999998262618,0.0,88.1591796875
dense,2000,32,1,418,0.0005434390623122454,0.929375,1.0,4000000,0,4000000,0.0,3268608000,0.0007562999999208841,0.0,88.1591796875
dense,2000,32,1,419,0.0005459503154270351,0.929546875,1.0,4000000,0,4000000,0.0,3268608000,0.0007141999994928483,0.0,88.1591796875
dense,2000,32,1,420,0.0005449166637845337,0.92928125,1.0,4000000,0,4000000,0.0,3268608000,0.0006962999996176222,0.0,88.1591796875
dense,2000,32,1,421,0.0005428454023785889,0.929625,1.0,4000000,0,4000000,0.0,3268608000,0.0007248999991134042,0.0,88.1591796875
dense,2000,32,1,422,0.0005393183673731983,0.92925,1.0,4000000,0,4000000,0.0,3268608000,0.000707900000634254,0.0,88.1591796875
dense,2000,32,1,423,0.0005362696829251945,0.929546875,1.0,4000000,0,4000000,0.0,3268608000,0.000711500000761589,0.0,88.1591796875
dense,2000,32,1,424,0.0005348389386199415,0.92921875,1.0,4000000,0,4000000,0.0,3268608000,0.0008333000005222857,0.0,88.1591796875
dense,2000,32,1,425,0.0005349550629034638,0.929640625,1.0,4000000,0,4000000,0.0,3268608000,0.000803700000687968,0.0,88.1591796875
dense,2000,32,1,426,0.0005363862728700042,0.92934375,1.0,4000000,0,4000000,0.0,3268608000,0.0007694000014453195,0.0,88.1591796875
dense,2000,32,1,427,0.0005376336630433798,0.929671875,1.0,4000000,0,4000000,0.0,3268608000,0.000714099998731399,0.0,88.1591796875
dense,2000,32,1,428,0.0005383769166655838,0.929515625,1.0,4000000,0,4000000,0.0,3268608000,0.0007263000006787479,0.0,88.1591796875
dense,2000,32,1,429,0.0005373101448640227,0.92975,1.0,4000000,0,4000000,0.0,3268608000,0.0007521000006818213,0.0,88.1591796875
dense,2000,32,1,430,0.0005351512809284031,0.929515625,1.0,4000000,0,4000000,0.0,3268608000,0.0006866000003356021,0.0,88.1591796875
dense,2000,32,1,431,0.0005322060897015035,0.929640625,1.0,4000000,0,4000000,0.0,3268608000,0.0006967000008444302,0.0,88.1591796875
dense,2000,32,1,432,0.0005292470450513065,0.92965625,1.0,4000000,0,4000000,0.0,3268608000,0.0006890999993629521,0.0,88.1591796875
dense,2000,32,1,433,0.0005275575094856322,0.92953125,1.0,4000000,0,4000000,0.0,3268608000,0.0006794999990233919,0.0,88.1591796875
dense,2000,32,1,434,0.0005268488894216716,0.929625,1.0,4000000,0,4000000,0.0,3268608000,0.0007070000010571675,0.0,88.1591796875
dense,2000,32,1,435,0.0005278686294332147,0.929484375,1.0,4000000,0,4000000,0.0,3268608000,0.0006792999993194826,0.0,88.1591796875
dense,2000,32,1,436,0.0005295529845170677,0.929671875,1.0,4000000,0,4000000,0.0,3268608000,0.0007707000004302245,0.0,88.1591796875
dense,2000,32,1,437,0.0005330140702426434,0.929515625,1.0,4000000,0,4000000,0.0,3268608000,0.0006814000007580034,0.0,88.1591796875
dense,2000,32,1,438,0.0005356446490623057,0.9298125,1.0,4000000,0,4000000,0.0,3268608000,0.0006807999998272862,0.0,88.1591796875
dense,2000,32,1,439,0.0005419840454123914,0.92934375,1.0,4000000,0,4000000,0.0,3268608000,0.0006831999999121763,0.0,88.1591796875
dense,2000,32,1,440,0.0005423048278316855,0.9296875,1.0,4000000,0,4000000,0.0,3268608000,0.0006804999993619276,0.0,88.1591796875
dense,2000,32,1,441,0.000547812960576266,0.929203125,1.0,4000000,0,4000000,0.0,3268608000,0.0006888999996590428,0.0,88.1591796875
dense,2000,32,1,442,0.0005406253621913493,0.929609375,1.0,4000000,0,4000000,0.0,3268608000,0.0006731000012223376,0.0,88.1591796875
dense,2000,32,1,443,0.0005368713173083961,0.92934375,1.0,4000000,0,4000000,0.0,3268608000,0.0006941999999980908,0.0,88.1591796875
dense,2000,32,1,444,0.0005305867525748909,0.929640625,1.0,4000000,0,4000000,0.0,3268608000,0.0007252999985212227,0.0,88.1591796875
dense,2000,32,1,445,0.0005288023967295885,0.929390625,1.0,4000000,0,4000000,0.0,3268608000,0.000721799999155337,0.0,88.1591796875
dense,2000,32,1,446,0.0005304251099005342,0.929375,1.0,4000000,0,4000000,0.0,3268608000,0.0006897999992361292,0.0,88.1591796875
dense,2000,32,1,447,0.000534809660166502,0.929578125,1.0,4000000,0,4000000,0.0,3268608000,0.0007021000001259381,0.0,88.1591796875
dense,2000,32,1,448,0.0005401505623012781,0.92928125,1.0,4000000,0,4000000,0.0,3268608000,0.0007102000017766841,0.0,88.1591796875
dense,2000,32,1,449,0.0005444267299026251,0.92959375,1.0,4000000,0,4000000,0.0,3268608000,0.0006986999997025123,0.0,88.1591796875
dense,2000,32,1,450,0.0005477507365867496,0.929109375,1.0,4000000,0,4000000,0.0,3268608000,0.0007884999995440012,0.0,88.1591796875
dense,2000,32,1,451,0.0005467055016197264,0.929546875,1.0,4000000,0,4000000,0.0,3268608000,0.0007132000009733019,0.0,88.1591796875
dense,2000,32,1,452,0.0005456765647977591,0.929171875,1.0,4000000,0,4000000,0.0,3268608000,0.0007069999992381781,0.0,88.1591796875
dense,2000,32,1,453,0.00054194126278162,0.929671875,1.0,4000000,0,4000000,0.0,3268608000,0.0008101999992504716,0.0,88.1591796875
dense,2000,32,1,454,0.0005411937600001693,0.92925,1.0,4000000,0,4000000,0.0,3268608000,0.000727099999494385,0.0,88.1591796875
dense,2000,32,1,455,0.0005422320682555437,0.929671875,1.0,4000000,0,4000000,0.0,3268608000,0.0007043999994493788,0.0,88.1591796875
dense,2000,32,1,456,0.0005455840146169066,0.929578125,1.0,4000000,0,4000000,0.0,3268608000,0.0006847999993624398,0.0,88.1591796875
dense,2000,32,1,457,0.0005506267189048231,0.929640625,1.0,4000000,0,4000000,0.0,3268608000,0.0007484999987354968,0.0,88.1591796875
dense,2000,32,1,458,0.0005528430338017642,0.9294375,1.0,4000000,0,4000000,0.0,3268608000,0.0006909000003361143,0.0,88.1591796875
dense,2000,32,1,459,0.0005529264453798532,0.92940625,1.0,4000000,0,4000000,0.0,3268608000,0.0006833000006736256,0.0,88.1591796875
dense,2000,32,1,460,0.0005479450337588787,0.9295625,1.0,4000000,0,4000000,0.0,3268608000,0.0007512000011047348,0.0,88.1591796875
dense,2000,32,1,461,0.0005411779275164008,0.929453125,1.0,4000000,0,4000000,0.0,3268608000,0.0006931000007170951,0.0,88.1591796875
dense,2000,32,1,462,0.0005347826518118382,0.929546875,1.0,4000000,0,4000000,0.0,3268608000,0.0006913999986863928,0.0,88.1591796875
dense,2000,32,1,463,0.0005314426962286234,0.929578125,1.0,4000000,0,4000000,0.0,3268608000,0.0007585000003018649,0.0,88.1591796875
dense,2000,32,1,464,0.0005329447449184954,0.929453125,1.0,4000000,0,4000000,0.0,3268608000,0.0008313000016642036,0.0,88.1591796875
dense,2000,32,1,465,0.0005375767941586673,0.929625,1.0,4000000,0,4000000,0.0,3268608000,0.001189900000099442,0.0,88.1591796875
dense,2000,32,1,466,0.0005462276167236269,0.929375,1.0,4000000,0,4000000,0.0,3268608000,0.000785300000643474,0.0,88.1591796875
dense,2000,32,1,467,0.0005507747991941869,0.929671875,1.0,4000000,0,4000000,0.0,3268608000,0.0008127999990392709,0.0,88.1591796875
dense,2000,32,1,468,0.00055734469788149,0.929140625,1.0,4000000,0,4000000,0.0,3268608000,0.0007005000006756745,0.0,88.1591796875
dense,2000,32,1,469,0.0005517590907402337,0.92978125,1.0,4000000,0,4000000,0.0,3268608000,0.000711599999704049,0.0,88.1591796875
dense,2000,32,1,470,0.000547729548998177,0.92928125,1.0,4000000,0,4000000,0.0,3268608000,0.000741300000299816,0.0,88.1591796875
dense,2000,32,1,471,0.0005377498455345631,0.929703125,1.0,4000000,0,4000000,0.0,3268608000,0.0007224000000860542,0.0,88.1591796875
dense,2000,32,1,472,0.0005324246594682336,0.929515625,1.0,4000000,0,4000000,0.0,3268608000,0.0006941999999980908,0.0,88.1591796875
dense,2000,32,1,473,0.0005303455982357264,0.92953125,1.0,4000000,0,4000000,0.0,3268608000,0.0007279000001290115,0.0,88.1591796875
dense,2000,32,1,474,0.0005314762820489705,0.9295625,1.0,4000000,0,4000000,0.0,3268608000,0.0007903999994596234,0.0,88.1591796875
dense,2000,32,1,475,0.0005330755957402289,0.929390625,1.0,4000000,0,4000000,0.0,3268608000,0.0006941999999980908,0.0,88.1591796875
dense,2000,32,1,476,0.0005332353175617754,0.929734375,1.0,4000000,0,4000000,0.0,3268608000,0.0006766999995306833,0.0,88.1591796875
dense,2000,32,1,477,0.0005318837356753647,0.9294375,1.0,4000000,0,4000000,0.0,3268608000,0.000681800000165822,0.0,88.1591796875
dense,2000,32,1,478,0.000529012642800808,0.929734375,1.0,4000000,0,4000000,0.0,3268608000,0.0006867000010970514,0.0,88.1591796875
dense,2000,32,1,479,0.0005275401053950191,0.929453125,1.0,4000000,0,4000000,0.0,3268608000,0.0007170999997470062,0.0,88.1591796875
dense,2000,32,1,480,0.0005271545378491282,0.929671875,1.0,4000000,0,4000000,0.0,3268608000,0.0006947999991098186,0.0,88.1591796875
dense,2000,32,1,481,0.0005296373856253922,0.929515625,1.0,4000000,0,4000000,0.0,3268608000,0.0006971999991947087,0.0,88.1591796875
dense,2000,32,1,482,0.0005327081889845431,0.929546875,1.0,4000000,0,4000000,0.0,3268608000,0.0007740999990346609,0.0,88.1591796875
dense,2000,32,1,483,0.0005372384330257773,0.929578125,1.0,4000000,0,4000000,0.0,3268608000,0.0007685000000492437,0.0,88.1591796875
dense,2000,32,1,484,0.0005394649342633784,0.9295625,1.0,4000000,0,4000000,0.0,3268608000,0.0007112999992386904,0.0,88.1591796875
dense,2000,32,1,485,0.0005426474963314831,0.929484375,1.0,4000000,0,4000000,0.0,3268608000,0.0006739999989804346,0.0,88.1591796875
dense,2000,32,1,486,0.0005414006300270557,0.92959375,1.0,4000000,0,4000000,0.0,3268608000,0.0006828000005043577,0.0,88.1591796875
dense,2000,32,1,487,0.0005435866769403219,0.92921875,1.0,4000000,0,4000000,0.0,3268608000,0.0006852000005892478,0.0,88.1591796875
dense,2000,32,1,488,0.0005392294260673225,0.92965625,1.0,4000000,0,4000000,0.0,3268608000,0.000675299999784329,0.0,88.1591796875
dense,2000,32,1,489,0.0005393591127358377,0.929171875,1.0,4000000,0,4000000,0.0,3268608000,0.0006667999987257645,0.0,88.1591796875
dense,2000,32,1,490,0.0005343684460967779,0.92990625,1.0,4000000,0,4000000,0.0,3268608000,0.0006596000002900837,0.0,88.1591796875
dense,2000,32,1,491,0.0005328581319190562,0.929203125,1.0,4000000,0,4000000,0.0,3268608000,0.0007017999996605795,0.0,88.1591796875
dense,2000,32,1,492,0.0005320794880390167,0.929828125,1.0,4000000,0,4000000,0.0,3268608000,0.000693600000886363,0.0,88.1591796875
dense,2000,32,1,493,0.0005333592416718602,0.9291875,1.0,4000000,0,4000000,0.0,3268608000,0.0006714000010106247,0.0,88.1591796875
dense,2000,32,1,494,0.0005363559466786683,0.9295625,1.0,4000000,0,4000000,0.0,3268608000,0.0006857999997009756,0.0,88.1591796875
dense,2000,32,1,495,0.0005393269821070135,0.929375,1.0,4000000,0,4000000,0.0,3268608000,0.0007032000012259232,0.0,88.1591796875
dense,2000,32,1,496,0.0005427980795502663,0.929421875,1.0,4000000,0,4000000,0.0,3268608000,0.00065320000067004,0.0,88.1591796875
dense,2000,32,1,497,0.0005443592090159655,0.929515625,1.0,4000000,0,4000000,0.0,3268608000,0.0006766000005882233,0.0,88.1591796875
dense,2000,32,1,498,0.0005457555525936186,0.929359375,1.0,4000000,0,4000000,0.0,3268608000,0.0006565999992744764,0.0,88.1591796875
dense,2000,32,1,499,0.000544103211723268,0.9295,1.0,4000000,0,4000000,0.0,3268608000,0.000697299999956158,0.0,88.1591796875
dense,2000,32,1,500,0.0005429178127087653,0.929359375,1.0,4000000,0,4000000,0.0,3268608000,0.000696099999913713,0.0,88.1591796875
exact,2000,32,1,1,0.22954951226711273,0.21796875,1.0,64000,4000000,4064000,2000.0,757760000,0.04916609999963839,0.0003921000006812392,85.25732421875
exact,2000,32,1,2,0.1825457662343979,0.18053125,1.0,64000,4000000,4064000,2000.0,757760000,0.0016753999989305157,0.0003606999998737592,85.38232421875
exact,2000,32,1,3,0.15772755444049835,0.149140625,1.0,64000,4000000,4064000,2000.0,757760000,0.0014372000005096197,0.00036099999852012843,85.38232421875
exact,2000,32,1,4,0.14383743703365326,0.12721875,1.0,64000,4000000,4064000,2000.0,757760000,0.001450499999918975,0.0003691000001708744,85.38232421875
exact,2000,32,1,5,0.1355392336845398,0.113515625,1.0,64000,4000000,4064000,2000.0,757760000,0.0014317000004666625,0.0003691000001708744,85.38232421875
exact,2000,32,1,6,0.12982141971588135,0.103265625,1.0,64000,4000000,4064000,2000.0,757760000,0.0014597999997931765,0.0003635000011854572,85.38232421875
exact,2000,32,1,7,0.12570054829120636,0.09721875,1.0,64000,4000000,4064000,2000.0,757760000,0.001460199999200995,0.0003314000005048001,85.38232421875
exact,2000,32,1,8,0.12223483622074127,0.0939375,1.0,64000,4000000,4064000,2000.0,757760000,0.0014703000015288126,0.00035209999987273477,85.38232421875
exact,2000,32,1,9,0.11934711784124374,0.09215625,1.0,64000,4000000,4064000,2000.0,757760000,0.001451299998734612,0.0003429000007599825,85.38232421875
exact,2000,32,1,10,0.11671265214681625,0.0919375,1.0,64000,4000000,4064000,2000.0,757760000,0.0013777000003756257,0.00031859999944572337,85.38232421875
exact,2000,32,1,11,0.1142963171005249,0.09271875,1.0,64000,4000000,4064000,2000.0,757760000,0.0014355999992403667,0.0003698999989865115,85.38232421875
exact,2000,32,1,12,0.11207053065299988,0.095140625,1.0,64000,4000000,4064000,2000.0,757760000,0.0014917000007699244,0.00033679999978630804,85.38232421875
exact,2000,32,1,13,0.11014661192893982,0.098265625,1.0,64000,4000000,4064000,2000.0,757760000,0.0014831999997113599,0.0003710000000864966,85.38232421875
exact,2000,32,1,14,0.10835295915603638,0.102,1.0,64000,4000000,4064000,2000.0,757760000,0.0014355000002979068,0.0003307999995740829,85.38232421875
exact,2000,32,1,15,0.10668163746595383,0.106078125,1.0,64000,4000000,4064000,2000.0,757760000,0.0014611999995395308,0.00035260000004200265,85.38232421875
exact,2000,32,1,16,0.10506725311279297,0.111078125,1.0,64000,4000000,4064000,2000.0,757760000,0.00152909999997064,0.00033490000168967526,85.38232421875
exact,2000,32,1,17,0.10358734428882599,0.1169375,1.0,64000,4000000,4064000,2000.0,757760000,0.0015352999998867745,0.00032809999902383424,85.38232421875
exact,2000,32,1,18,0.10209544748067856,0.12396875,1.0,64000,4000000,4064000,2000.0,757760000,0.0014922000009391923,0.00039089999881980475,85.38232421875
exact,2000,32,1,19,0.10070699453353882,0.131625,1.0,64000,4000000,4064000,2000.0,757760000,0.0014394999998330604,0.00032529999953112565,85.38232421875
exact,2000,32,1,20,0.09929519891738892,0.13925,1.0,64000,4000000,4064000,2000.0,757760000,0.0014795999995840248,0.00037460000021383166,85.38232421875
exact,2000,32,1,21,0.09807286411523819,0.148046875,1.0,64000,4000000,4064000,2000.0,757760000,0.0014937999985704664,0.0003612000000430271,85.38232421875
exact,2000,32,1,22,0.09672235697507858,0.156609375,1.0,64000,4000000,4064000,2000.0,757760000,0.0014675000002171146,0.0003464999990683282,85.38232421875
exact,2000,32,1,23,0.09541253000497818,0.1655,1.0,64000,4000000,4064000,2000.0,757760000,0.001414100001056795,0.00033769999936339445,85.38232421875
exact,2000,32,1,24,0.09407353401184082,0.174375,1.0,64000,4000000,4064000,2000.0,757760000,0.0014128000002529006,0.000333100000716513,85.38232421875
exact,2000,32,1,25,0.09271840006113052,0.18521875,1.0,64000,4000000,4064000,2000.0,757760000,0.001543300000776071,0.0003436999995756196,85.38232421875
exact,2000,32,1,26,0.09135449677705765,0.196140625,1.0,64000,4000000,4064000,2000.0,757760000,0.001437499999155989,0.00033039999834727496,85.38232421875
exact,2000,32,1,27,0.0899626612663269,0.207984375,1.0,64000,4000000,4064000,2000.0,757760000,0.001377399999910267,0.00031259999923349824,85.38232421875
exact,2000,32,1,28,0.08856885135173798,0.220796875,1.0,64000,4000000,4064000,2000.0,757760000,0.0014396000005945098,0.00036469999940891284,85.38232421875
exact,2000,32,1,29,0.08719149976968765,0.233484375,1.0,64000,4000000,4064000,2000.0,757760000,0.0031701999996585073,0.0011159000005136477,85.38232421875
exact,2000,32,1,30,0.0858566090464592,0.246296875,1.0,64000,4000000,4064000,2000.0,757760000,0.0013854999997420236,0.0003388999994058395,85.38232421875
exact,2000,32,1,31,0.08442287892103195,0.259203125,1.0,64000,4000000,4064000,2000.0,757760000,0.0016095999999379274,0.000346200000421959,85.38232421875
exact,2000,32,1,32,0.08300966024398804,0.27315625,1.0,64000,4000000,4064000,2000.0,757760000,0.0013690999985556118,0.0003116000007139519,85.38232421875
exact,2000,32,1,33,0.08154124766588211,0.287234375,1.0,64000,4000000,4064000,2000.0,757760000,0.001441500000510132,0.00031260000105248764,85.38232421875
exact,2000,32,1,34,0.08002158999443054,0.3023125,1.0,64000,4000000,4064000,2000.0,757760000,0.0014482000005955342,0.0003556000010576099,85.38232421875
exact,2000,32,1,35,0.07848222553730011,0.31725,1.0,64000,4000000,4064000,2000.0,757760000,0.0015131000000110362,0.00034979999873030465,85.38232421875
exact,2000,32,1,36,0.07689975202083588,0.33225,1.0,64000,4000000,4064000,2000.0,757760000,0.0014843999997538049,0.0003557999989425298,85.38232421875
exact,2000,32,1,37,0.07532728463411331,0.346765625,1.0,64000,4000000,4064000,2000.0,757760000,0.001406499999575317,0.00035489999936544336,85.38232421875
exact,2000,32,1,38,0.07370507717132568,0.36171875,1.0,64000,4000000,4064000,2000.0,757760000,0.0014381000000867061,0.0003347000001667766,85.38232421875
exact,2000,32,1,39,0.07208047807216644,0.37709375,1.0,64000,4000000,4064000,2000.0,757760000,0.0014026999997440726,0.00034779999987222254,85.38232421875
exact,2000,32,1,40,0.0704566016793251,0.39196875,1.0,64000,4000000,4064000,2000.0,757760000,0.0014465999993262812,0.00034699999923759606,85.38232421875
exact,2000,32,1,41,0.06879351288080215,0.40696875,1.0,64000,4000000,4064000,2000.0,757760000,0.0013866000008420087,0.00034330000016780104,85.38232421875
exact,2000,32,1,42,0.06713676452636719,0.421640625,1.0,64000,4000000,4064000,2000.0,757760000,0.0013349999990168726,0.0003062999985559145,85.38232421875
exact,2000,32,1,43,0.06543559581041336,0.43640625,1.0,64000,4000000,4064000,2000.0,757760000,0.0013562999993155245,0.00032139999893843196,85.38232421875
exact,2000,32,1,44,0.063762366771698,0.4499375,1.0,64000,4000000,4064000,2000.0,757760000,0.001395799999954761,0.00034389999927952886,85.38232421875
exact,2000,32,1,45,0.06206824630498886,0.46271875,1.0,64000,4000000,4064000,2000.0,757760000,0.0014167999997880543,0.00035910000042349566,85.38232421875
exact,2000,32,1,46,0.060368094593286514,0.47553125,1.0,64000,4000000,4064000,2000.0,757760000,0.0014307999990705866,0.00034720000076049473,85.38232421875
exact,2000,32,1,47,0.0586695522069931,0.487890625,1.0,64000,4000000,4064000,2000.0,757760000,0.0013852000010956544,0.0003531000002112705,85.38232421875
exact,2000,32,1,48,0.0569453202188015,0.5009375,1.0,64000,4000000,4064000,2000.0,757760000,0.0015273999997589272,0.00037059999885968864,85.38232421875
exact,2000,32,1,49,0.055276211351156235,0.512296875,1.0,64000,4000000,4064000,2000.0,757760000,0.0013761000009253621,0.00033289999919361435,85.38232421875
exact,2000,32,1,50,0.05360853299498558,0.523375,1.0,64000,4000000,4064000,2000.0,757760000,0.0013331999998626998,0.00031660000058764126,85.38232421875
exact,2000,32,1,51,0.05196833238005638,0.533640625,1.0,64000,4000000,4064000,2000.0,757760000,0.0014009999995323597,0.0003326999994897051,85.38232421875
exact,2000,32,1,52,0.05033022537827492,0.543359375,1.0,64000,4000000,4064000,2000.0,757760000,0.0032226000002992805,0.0002974999988509808,85.38232421875
exact,2000,32,1,53,0.048693712800741196,0.55290625,1.0,64000,4000000,4064000,2000.0,757760000,0.0017511999994894722,0.00036469999940891284,85.38232421875
exact,2000,32,1,54,0.04709397628903389,0.561125,1.0,64000,4000000,4064000,2000.0,757760000,0.0014229000007617287,0.000344900001437054,85.38232421875
exact,2000,32,1,55,0.045502614229917526,0.56959375,1.0,64000,4000000,4064000,2000.0,757760000,0.0014029000012669712,0.0003491000006761169,85.38232421875
exact,2000,32,1,56,0.04394054785370827,0.577890625,1.0,64000,4000000,4064000,2000.0,757760000,0.0013746000004175585,0.00030499999957100954,85.38232421875
exact,2000,32,1,57,0.042401354759931564,0.585921875,1.0,64000,4000000,4064000,2000.0,757760000,0.0013835999998264015,0.00035509999906935263,85.38232421875
exact,2000,32,1,58,0.0408829003572464,0.592546875,1.0,64000,4000000,4064000,2000.0,757760000,0.0014250000003812602,0.00033989999974437524,85.38232421875
exact,2000,32,1,59,0.03940114751458168,0.599609375,1.0,64000,4000000,4064000,2000.0,757760000,0.0013959999996586703,0.0003409999990253709,85.38232421875
exact,2000,32,1,60,0.037923891097307205,0.60603125,1.0,64000,4000000,4064000,2000.0,757760000,0.0015347000007750466,0.0003490999988571275,85.38232421875
exact,2000,32,1,61,0.036480363458395004,0.612296875,1.0,64000,4000000,4064000,2000.0,757760000,0.0013963000001240289,0.00030639999931736384,85.38232421875
exact,2000,32,1,62,0.03505837172269821,0.617921875,1.0,64000,4000000,4064000,2000.0,757760000,0.001482600000599632,0.00034279999999853317,85.38232421875
exact,2000,32,1,63,0.033668383955955505,0.623609375,1.0,64000,4000000,4064000,2000.0,757760000,0.001376199999867822,0.0003589999996620463,85.38232421875
exact,2000,32,1,64,0.03230643644928932,0.628796875,1.0,64000,4000000,4064000,2000.0,757760000,0.0013424000007944414,0.00029549999999289867,85.38232421875
exact,2000,32,1,65,0.030972717329859734,0.634859375,1.0,64000,4000000,4064000,2000.0,757760000,0.001294699999561999,0.0003096999989793403,85.38232421875
exact,2000,32,1,66,0.029635803773999214,0.64009375,1.0,64000,4000000,4064000,2000.0,757760000,0.0013233999998192303,0.00031859999944572337,85.38232421875
exact,2000,32,1,67,0.028313618153333664,0.644359375,1.0,64000,4000000,4064000,2000.0,757760000,0.001333300000624149,0.0003359000002092216,85.38232421875
exact,2000,32,1,68,0.027007924392819405,0.648578125,1.0,64000,4000000,4064000,2000.0,757760000,0.0013736000000790227,0.0003538000000844477,85.38232421875
exact,2000,32,1,69,0.02572500705718994,0.65328125,1.0,64000,4000000,4064000,2000.0,757760000,0.0013509999989764765,0.0003496000008453848,85.38232421875
exact,2000,32,1,70,0.024464502930641174,0.657671875,1.0,64000,4000000,4064000,2000.0,757760000,0.0013347000003705034,0.00030750000041734893,85.38232421875
exact,2000,32,1,71,0.023233147338032722,0.661859375,1.0,64000,4000000,4064000,2000.0,757760000,0.0013927999989391537,0.0003455000005487818,85.38232421875
exact,2000,32,1,72,0.022037381306290627,0.665234375,1.0,64000,4000000,4064000,2000.0,757760000,0.0013177000000723638,0.00031490000037592836,85.38232421875
exact,2000,32,1,73,0.020868508145213127,0.668984375,1.0,64000,4000000,4064000,2000.0,757760000,0.0013433999993139878,0.0003221000006305985,85.38232421875
exact,2000,32,1,74,0.019735516980290413,0.672421875,1.0,64000,4000000,4064000,2000.0,757760000,0.001322000000072876,0.0003358000012667617,85.38232421875
exact,2000,32,1,75,0.018641343340277672,0.675375,1.0,64000,4000000,4064000,2000.0,757760000,0.0014615000000048894,0.00032190000092668924,85.38232421875
exact,2000,32,1,76,0.01758723519742489,0.67865625,1.0,64000,4000000,4064000,2000.0,757760000,0.0014098999999987427,0.0003068000005441718,85.38232421875
exact,2000,32,1,77,0.016577845439314842,0.681890625,1.0,64000,4000000,4064000,2000.0,757760000,0.0013424999997369014,0.00031739999940327834,85.38232421875
exact,2000,32,1,78,0.015619635581970215,0.685078125,1.0,64000,4000000,4064000,2000.0,757760000,0.0013498000007530209,0.00034299999970244244,85.38232421875
exact,2000,32,1,79,0.014716047793626785,0.68809375,1.0,64000,4000000,4064000,2000.0,757760000,0.0013349000000744127,0.00029259999973874073,85.38232421875
exact,2000,32,1,80,0.013871921226382256,0.690984375,1.0,64000,4000000,4064000,2000.0,757760000,0.001323100001172861,0.00035229999957664404,85.38232421875
exact,2000,32,1,81,0.013080921024084091,0.694328125,1.0,64000,4000000,4064000,2000.0,757760000,0.0013615999996545725,0.0003209999995306134,85.38232421875
exact,2000,32,1,82,0.012337922118604183,0.69721875,1.0,64000,4000000,4064000,2000.0,757760000,0.0013543999993999023,0.00032920000012381934,85.38232421875
exact,2000,32,1,83,0.011643282137811184,0.70028125,1.0,64000,4000000,4064000,2000.0,757760000,0.0013552000000345288,0.00037599999996018596,85.38232421875
exact,2000,32,1,84,0.010993989184498787,0.703203125,1.0,64000,4000000,4064000,2000.0,757760000,0.0013127999991411343,0.00032110000029206276,85.38232421875
exact,2000,32,1,85,0.010390502400696278,0.706609375,1.0,64000,4000000,4064000,2000.0,757760000,0.0012839000009989832,0.0002939000005426351,85.38232421875
exact,2000,32,1,86,0.009830922819674015,0.709609375,1.0,64000,4000000,4064000,2000.0,757760000,0.0013644999999087304,0.00030640000113635324,85.38232421875
exact,2000,32,1,87,0.009312266483902931,0.7124375,1.0,64000,4000000,4064000,2000.0,757760000,0.00285980000080599,0.0007435999996232567,85.38232421875
exact,2000,32,1,88,0.008830294013023376,0.71471875,1.0,64000,4000000,4064000,2000.0,757760000,0.0015180999998847255,0.00032590000046184286,85.38232421875
exact,2000,32,1,89,0.008382325060665607,0.717515625,1.0,64000,4000000,4064000,2000.0,757760000,0.0017694000016490463,0.000518600001669256,85.38232421875
exact,2000,32,1,90,0.007962738163769245,0.719765625,1.0,64000,4000000,4064000,2000.0,757760000,0.001762300000336836,0.0003712999987328658,85.38232421875
exact,2000,32,1,91,0.007568393833935261,0.722109375,1.0,64000,4000000,4064000,2000.0,757760000,0.0016703000001143664,0.0003469000002951361,85.38232421875
exact,2000,32,1,92,0.007198483683168888,0.72459375,1.0,64000,4000000,4064000,2000.0,757760000,0.0016899000002013054,0.0003077000001212582,85.38232421875
exact,2000,32,1,93,0.006852252408862114,0.726828125,1.0,64000,4000000,4064000,2000.0,757760000,0.001582599999892409,0.0003358999983902322,85.38232421875
exact,2000,32,1,94,0.006529151927679777,0.729296875,1.0,64000,4000000,4064000,2000.0,757760000,0.001642100000026403,0.0003470999999990454,85.38232421875
exact,2000,32,1,95,0.00622721528634429,0.731625,1.0,64000,4000000,4064000,2000.0,757760000,0.0017055999996955507,0.0003328000002511544,85.38232421875
exact,2000,32,1,96,0.0059456853196024895,0.733796875,1.0,64000,4000000,4064000,2000.0,757760000,0.0018522000009397743,0.000359200001184945,85.38232421875
exact,2000,32,1,97,0.005682573653757572,0.736125,1.0,64000,4000000,4064000,2000.0,757760000,0.0018801000005623791,0.00041570000030333176,85.38232421875
exact,2000,32,1,98,0.005436553619801998,0.73784375,1.0,64000,4000000,4064000,2000.0,757760000,0.001758700000209501,0.000374700000975281,85.38232421875
exact,2000,32,1,99,0.005206212401390076,0.739640625,1.0,64000,4000000,4064000,2000.0,757760000,0.0016274999998131534,0.00036080000063520856,85.38232421875
exact,2000,32,1,100,0.004990309942513704,0.74184375,1.0,64000,4000000,4064000,2000.0,757760000,0.0015304999997169944,0.00031320000016421545,85.38232421875
exact,2000,32,1,101,0.00478889886289835,0.743421875,1.0,64000,4000000,4064000,2000.0,757760000,0.001709300000584335,0.0003687999997055158,85.38232421875
exact,2000,32,1,102,0.004600357264280319,0.74559375,1.0,64000,4000000,4064000,2000.0,757760000,0.00199360000078741,0.00040500000068277586,85.38232421875
exact,2000,32,1,103,0.004423375241458416,0.747296875,1.0,64000,4000000,4064000,2000.0,757760000,0.0017824999995355029,0.00035799999932351056,85.38232421875
exact,2000,32,1,104,0.004256616346538067,0.74946875,1.0,64000,4000000,4064000,2000.0,757760000,0.0016289000013784971,0.00035059999936493114,85.38232421875
exact,2000,32,1,105,0.004098696168512106,0.7515625,1.0,64000,4000000,4064000,2000.0,757760000,0.0016436999994766666,0.00032640000063111074,85.38232421875
exact,2000,32,1,106,0.003948683850467205,0.753671875,1.0,64000,4000000,4064000,2000.0,757760000,0.0017483999999967637,0.0004616999995050719,85.38232421875
exact,2000,32,1,107,0.003806502791121602,0.7558125,1.0,64000,4000000,4064000,2000.0,757760000,0.001549200000226847,0.000309900000502239,85.38232421875
exact,2000,32,1,108,0.0036724803503602743,0.7574375,1.0,64000,4000000,4064000,2000.0,757760000,0.00170579999939946,0.00042829999983950984,85.38232421875
exact,2000,32,1,109,0.0035455937031656504,0.759296875,1.0,64000,4000000,4064000,2000.0,757760000,0.0015561999989586184,0.00034589999995660037,85.38232421875
exact,2000,32,1,110,0.003425288014113903,0.7615625,1.0,64000,4000000,4064000,2000.0,757760000,0.0015602000003127614,0.0003546999996615341,85.38232421875
exact,2000,32,1,111,0.0033110957592725754,0.76375,1.0,64000,4000000,4064000,2000.0,757760000,0.0016696000002411893,0.00032420000025012996,85.38232421875
exact,2000,32,1,112,0.0032026004046201706,0.765625,1.0,64000,4000000,4064000,2000.0,757760000,0.006025700000463985,0.0003560999994078884,85.38232421875
exact,2000,32,1,113,0.003099587047472596,0.76746875,1.0,64000,4000000,4064000,2000.0,757760000,0.0015853000004426576,0.0003424000005907146,85.38232421875
exact,2000,32,1,114,0.0030020244885236025,0.769390625,1.0,64000,4000000,4064000,2000.0,757760000,0.0016507999989698874,0.0003519000001688255,85.38232421875
exact,2000,32,1,115,0.002909235656261444,0.771390625,1.0,64000,4000000,4064000,2000.0,757760000,0.0030399999996006954,0.0004659000005631242,85.38232421875
exact,2000,32,1,116,0.002820853842422366,0.773359375,1.0,64000,4000000,4064000,2000.0,757760000,0.001534400000309688,0.0003071999999519903,85.38232421875
exact,2000,32,1,117,0.0027365360874682665,0.7753125,1.0,64000,4000000,4064000,2000.0,757760000,0.001702800000202842,0.00035010000101465266,85.38232421875
exact,2000,32,1,118,0.00265606795437634,0.77715625,1.0,64000,4000000,4064000,2000.0,757760000,0.0015204999999696156,0.0003108000000793254,85.38232421875
exact,2000,32,1,119,0.0025789132341742516,0.77896875,1.0,64000,4000000,4064000,2000.0,757760000,0.0016262000008282484,0.0003281999997852836,85.38232421875
exact,2000,32,1,120,0.0025051217526197433,0.780703125,1.0,64000,4000000,4064000,2000.0,757760000,0.0015193999988696305,0.00030780000088270754,85.38232421875
exact,2000,32,1,121,0.0024349880404770374,0.782453125,1.0,64000,4000000,4064000,2000.0,757760000,0.0017315999994025333,0.0003918999991583405,85.38232421875
exact,2000,32,1,122,0.0023679621517658234,0.7843125,1.0,64000,4000000,4064000,2000.0,757760000,0.0015931999987515155,0.000334399999701418,85.38232421875
exact,2000,32,1,123,0.002303811488673091,0.78625,1.0,64000,4000000,4064000,2000.0,757760000,0.0015839000006963033,0.0003431000004638918,85.38232421875
exact,2000,32,1,124,0.00224245130084455,0.787890625,1.0,64000,4000000,4064000,2000.0,757760000,0.004772999998749583,0.001341099999990547,85.38232421875
exact,2000,32,1,125,0.0021835167426615953,0.79,1.0,64000,4000000,4064000,2000.0,757760000,0.0017086999996536179,0.0003699000008055009,85.38232421875
exact,2000,32,1,126,0.0021269444841891527,0.79215625,1.0,64000,4000000,4064000,2000.0,757760000,0.0016654000010021264,0.0003276999996160157,85.38232421875
exact,2000,32,1,127,0.0020727950613945723,0.794109375,1.0,64000,4000000,4064000,2000.0,757760000,0.001609400000234018,0.0003637999998318264,85.38232421875
exact,2000,32,1,128,0.0020212254021316767,0.7963125,1.0,64000,4000000,4064000,2000.0,757760000,0.003289599999334314,0.0010640000000421423,85.38232421875
exact,2000,32,1,129,0.0019717474933713675,0.798078125,1.0,64000,4000000,4064000,2000.0,757760000,0.0017508999990241136,0.0003211999992345227,85.38232421875
exact,2000,32,1,130,0.0019239104585722089,0.800078125,1.0,64000,4000000,4064000,2000.0,757760000,0.0015640000001440058,0.0003505000004224712,85.38232421875
exact,2000,32,1,131,0.0018778169760480523,0.80225,1.0,64000,4000000,4064000,2000.0,757760000,0.0015440999995917082,0.0003507999990688404,85.38232421875
exact,2000,32,1,132,0.0018336991779506207,0.803703125,1.0,64000,4000000,4064000,2000.0,757760000,0.00152909999997064,0.0003141999986837618,85.38232421875
exact,2000,32,1,133,0.001790856709703803,0.805328125,1.0,64000,4000000,4064000,2000.0,757760000,0.0015595999993820442,0.00031829999898036476,85.38232421875
exact,2000,32,1,134,0.0017496756045147777,0.807078125,1.0,64000,4000000,4064000,2000.0,757760000,0.006715400000757654,0.0017733000004227506,85.38232421875
exact,2000,32,1,135,0.001710099051706493,0.808828125,1.0,64000,4000000,4064000,2000.0,757760000,0.0014643000013165874,0.00030789999982516747,85.38232421875
exact,2000,32,1,136,0.0016719147097319365,0.810734375,1.0,64000,4000000,4064000,2000.0,757760000,0.0014909000001352979,0.00030730000071343966,85.38232421875
exact,2000,32,1,137,0.001634943182580173,0.812515625,1.0,64000,4000000,4064000,2000.0,757760000,0.0015236999988701427,0.0003450999993219739,85.38232421875
exact,2000,32,1,138,0.0015992322005331516,0.8140625,1.0,64000,4000000,4064000,2000.0,757760000,0.0016451999999844702,0.00034529999902588315,85.38232421875
exact,2000,32,1,139,0.001564759761095047,0.815703125,1.0,64000,4000000,4064000,2000.0,757760000,0.0016247000003204448,0.0003661999999167165,85.38232421875
exact,2000,32,1,140,0.0015314078191295266,0.8170625,1.0,64000,4000000,4064000,2000.0,757760000,0.0016018999995139893,0.00034869999944930896,85.38232421875
exact,2000,32,1,141,0.001499192789196968,0.818640625,1.0,64000,4000000,4064000,2000.0,757760000,0.001634300000660005,0.0003531000002112705,85.38232421875
exact,2000,32,1,142,0.0014676550636067986,0.82034375,1.0,64000,4000000,4064000,2000.0,757760000,0.0014955000006011687,0.00030470000092464034,85.38232421875
exact,2000,32,1,143,0.0014373192097991705,0.8218125,1.0,64000,4000000,4064000,2000.0,757760000,0.001961699999810662,0.00038330000097630545,85.38232421875
exact,2000,32,1,144,0.001408021547831595,0.82371875,1.0,64000,4000000,4064000,2000.0,757760000,0.0015080000011948869,0.0003080000005866168,85.38232421875
exact,2000,32,1,145,0.0013795405393466353,0.824859375,1.0,64000,4000000,4064000,2000.0,757760000,0.0015117000002646819,0.00030789999982516747,85.38232421875
exact,2000,32,1,146,0.0013518250780180097,0.826109375,1.0,64000,4000000,4064000,2000.0,757760000,0.0015280000006896444,0.0003603999994084006,85.38232421875
exact,2000,32,1,147,0.0013248196337372065,0.8279375,1.0,64000,4000000,4064000,2000.0,757760000,0.001658799999859184,0.00034159999995608814,85.38232421875
exact,2000,32,1,148,0.0012985739158466458,0.829171875,1.0,64000,4000000,4064000,2000.0,757760000,0.002021199999944656,0.0003884999987349147,85.38232421875
exact,2000,32,1,149,0.0012733186595141888,0.83078125,1.0,64000,4000000,4064000,2000.0,757760000,0.001564199999847915,0.00035599999864643905,85.38232421875
exact,2000,32,1,150,0.0012486728373914957,0.832375,1.0,64000,4000000,4064000,2000.0,757760000,0.0015689000010752352,0.00037199999860604294,85.38232421875
exact,2000,32,1,151,0.0012247529812157154,0.833890625,1.0,64000,4000000,4064000,2000.0,757760000,0.0015998000017134473,0.0003214999996998813,85.38232421875
exact,2000,32,1,152,0.0012014160165563226,0.83546875,1.0,64000,4000000,4064000,2000.0,757760000,0.00525509999897622,0.0003469000002951361,85.38232421875
exact,2000,32,1,153,0.0011787650873884559,0.83703125,1.0,64000,4000000,4064000,2000.0,757760000,0.001623000000108732,0.0003271999994467478,85.38232421875
exact,2000,32,1,154,0.0011569202179089189,0.8384375,1.0,64000,4000000,4064000,2000.0,757760000,0.001479000000472297,0.00031090000084077474,85.38232421875
exact,2000,32,1,155,0.0011356170289218426,0.840140625,1.0,64000,4000000,4064000,2000.0,757760000,0.003272100000685896,0.00034609999966050964,85.38232421875
exact,2000,32,1,156,0.0011149808997288346,0.841796875,1.0,64000,4000000,4064000,2000.0,757760000,0.0015264000012393808,0.00031289999969885685,85.38232421875
exact,2000,32,1,157,0.0010948972776532173,0.843484375,1.0,64000,4000000,4064000,2000.0,757760000,0.0015911999998934334,0.0003311000000394415,85.38232421875
exact,2000,32,1,158,0.0010754198301583529,0.845015625,1.0,64000,4000000,4064000,2000.0,757760000,0.0015391999986604787,0.00034500000037951395,85.38232421875
exact,2000,32,1,159,0.0010564652038738132,0.8465625,1.0,64000,4000000,4064000,2000.0,757760000,0.0015456000000995118,0.00034419999974488746,85.38232421875
exact,2000,32,1,160,0.0010380309540778399,0.848171875,1.0,64000,4000000,4064000,2000.0,757760000,0.0015129999992495868,0.0003478999988146825,85.38232421875
exact,2000,32,1,161,0.0010202304692938924,0.849671875,1.0,64000,4000000,4064000,2000.0,757760000,0.0015948999989632284,0.00034330000016780104,85.38232421875
exact,2000,32,1,162,0.001002854434773326,0.851359375,1.0,64000,4000000,4064000,2000.0,757760000,0.002217800001744763,0.0004188999992038589,85.38232421875
exact,2000,32,1,163,0.0009861886501312256,0.852765625,1.0,64000,4000000,4064000,2000.0,757760000,0.005317799999829731,0.00036860000000160653,85.38232421875
exact,2000,32,1,164,0.0009700607624836266,0.8541875,1.0,64000,4000000,4064000,2000.0,757760000,0.003528199998982018,0.000392699999792967,85.38232421875
exact,2000,32,1,165,0.0009544574422761798,0.85540625,1.0,64000,4000000,4064000,2000.0,757760000,0.002847499999916181,0.0007862999991630204,85.38232421875
exact,2000,32,1,166,0.0009393568034283817,0.8569375,1.0,64000,4000000,4064000,2000.0,757760000,0.0024680000005901093,0.0004937000012432691,85.38232421875
exact,2000,32,1,167,0.0009247308480553329,0.8578125,1.0,64000,4000000,4064000,2000.0,757760000,0.002163200000723009,0.0003722000001289416,85.38232421875
exact,2000,32,1,168,0.0009105923236347735,0.8590625,1.0,64000,4000000,4064000,2000.0,757760000,0.0019828999993478647,0.0003438000003370689,85.38232421875
exact,2000,32,1,169,0.0008969330228865147,0.860640625,1.0,64000,4000000,4064000,2000.0,757760000,0.0019331000003148802,0.0004324000001361128,85.38232421875
exact,2000,32,1,170,0.000883805681951344,0.861875,1.0,64000,4000000,4064000,2000.0,757760000,0.0015551999986200826,0.0003457000002526911,85.38232421875
exact,2000,32,1,171,0.0008710065158084035,0.863390625,1.0,64000,4000000,4064000,2000.0,757760000,0.0016869999999471474,0.00034530000084487256,85.38232421875
exact,2000,32,1,172,0.0008587606134824455,0.8645625,1.0,64000,4000000,4064000,2000.0,757760000,0.0017994000008911826,0.0003758000002562767,85.38232421875
exact,2000,32,1,173,0.0008469533058814704,0.8658125,1.0,64000,4000000,4064000,2000.0,757760000,0.0015591999999742256,0.0003450999993219739,85.38232421875
exact,2000,32,1,174,0.0008355877944268286,0.86703125,1.0,64000,4000000,4064000,2000.0,757760000,0.0016305999997712206,0.0003156000002491055,85.38232421875
exact,2000,32,1,175,0.0008247201330959797,0.86809375,1.0,64000,4000000,4064000,2000.0,757760000,0.0015167000001383713,0.0003470999999990454,85.38232421875
exact,2000,32,1,176,0.0008142105652950704,0.869109375,1.0,64000,4000000,4064000,2000.0,757760000,0.0016697000010026386,0.00032620000092720147,85.38232421875
exact,2000,32,1,177,0.0008041257970035076,0.870203125,1.0,64000,4000000,4064000,2000.0,757760000,0.001544599999760976,0.0003612000000430271,85.38232421875
exact,2000,32,1,178,0.0007944954559206963,0.871296875,1.0,64000,4000000,4064000,2000.0,757760000,0.0016064999999798601,0.00036240000008547213,85.38232421875
exact,2000,32,1,179,0.0007852328126318753,0.872515625,1.0,64000,4000000,4064000,2000.0,757760000,0.0016056999993452337,0.000346200000421959,85.38232421875
exact,2000,32,1,180,0.0007763528265058994,0.873796875,1.0,64000,4000000,4064000,2000.0,757760000,0.0018454000000929227,0.0003328000002511544,85.38232421875
exact,2000,32,1,181,0.0007678851252421737,0.874765625,1.0,64000,4000000,4064000,2000.0,757760000,0.0015173000010690885,0.0003219999998691492,85.38232421875
exact,2000,32,1,182,0.0007597416406497359,0.876078125,1.0,64000,4000000,4064000,2000.0,757760000,0.0017723000000842148,0.00034580000101414043,85.38232421875
exact,2000,32,1,183,0.0007519210921600461,0.877171875,1.0,64000,4000000,4064000,2000.0,757760000,0.0015586999998049578,0.0003455000005487818,85.38232421875
exact,2000,32,1,184,0.0007445566006936133,0.878109375,1.0,64000,4000000,4064000,2000.0,757760000,0.0016864000008354196,0.00034729999970295466,85.38232421875
exact,2000,32,1,185,0.0007375602726824582,0.879078125,1.0,64000,4000000,4064000,2000.0,757760000,0.0015571999992971541,0.00034450000021024607,85.38232421875
exact,2000,32,1,186,0.0007307944470085204,0.8800625,1.0,64000,4000000,4064000,2000.0,757760000,0.0014979999996285187,0.00031739999940327834,85.38232421875
exact,2000,32,1,187,0.0007243353757075965,0.880953125,1.0,64000,4000000,4064000,2000.0,757760000,0.001496800001405063,0.0003126999999949476,85.38232421875
exact,2000,32,1,188,0.0007181719411164522,0.882,1.0,64000,4000000,4064000,2000.0,757760000,0.0014709000006405404,0.00030759999935980886,85.38232421875
exact,2000,32,1,189,0.0007123698596842587,0.88296875,1.0,64000,4000000,4064000,2000.0,757760000,0.0017750999995769234,0.0004926999990857439,85.38232421875
exact,2000,32,1,190,0.0007067752303555608,0.88409375,1.0,64000,4000000,4064000,2000.0,757760000,0.0016202999995584833,0.0003570000008039642,85.38232421875
exact,2000,32,1,191,0.0007014404400251806,0.8850625,1.0,64000,4000000,4064000,2000.0,757760000,0.0018597999987832736,0.00036580000050889794,85.38232421875
exact,2000,32,1,192,0.0006964459898881614,0.88590625,1.0,64000,4000000,4064000,2000.0,757760000,0.0018008999995799968,0.00032250000003841706,85.38232421875
exact,2000,32,1,193,0.0006915599224157631,0.88678125,1.0,64000,4000000,4064000,2000.0,757760000,0.009557999999742606,0.0027931000004173256,85.38232421875
exact,2000,32,1,194,0.0006869705393910408,0.887265625,1.0,64000,4000000,4064000,2000.0,757760000,0.003161000000545755,0.0007088999991538003,85.38232421875
exact,2000,32,1,195,0.0006825673044659197,0.887765625,1.0,64000,4000000,4064000,2000.0,757760000,0.0016218999990087468,0.00035430000025371555,85.38232421875
exact,2000,32,1,196,0.0006784778088331223,0.8884375,1.0,64000,4000000,4064000,2000.0,757760000,0.0024464999987685587,0.0005461999990075128,85.38232421875
exact,2000,32,1,197,0.0006744342390447855,0.88915625,1.0,64000,4000000,4064000,2000.0,757760000,0.0016023000007407973,0.0003083000010519754,85.38232421875
exact,2000,32,1,198,0.0006706439307890832,0.89009375,1.0,64000,4000000,4064000,2000.0,757760000,0.0018135999998776242,0.00039059999835444614,85.38232421875
exact,2000,32,1,199,0.0006670952425338328,0.890515625,1.0,64000,4000000,4064000,2000.0,757760000,0.0019144999987474876,0.00035260000004200265,85.38232421875
exact,2000,32,1,200,0.000663699465803802,0.89121875,1.0,64000,4000000,4064000,2000.0,757760000,0.0016743000014685094,0.0003754999997909181,85.38232421875
exact,2000,32,1,201,0.0006605106755159795,0.891890625,1.0,64000,4000000,4064000,2000.0,757760000,0.0015223000009427778,0.00031400000079884194,85.38232421875
exact,2000,32,1,202,0.0006574603612534702,0.8924375,1.0,64000,4000000,4064000,2000.0,757760000,0.0020184999993944075,0.0007250000016938429,85.38232421875
exact,2000,32,1,203,0.0006545811775140464,0.892890625,1.0,64000,4000000,4064000,2000.0,757760000,0.0016476000000693602,0.00035989999923913274,85.38232421875
exact,2000,32,1,204,0.0006517692236229777,0.8930625,1.0,64000,4000000,4064000,2000.0,757760000,0.004595800000970485,0.000497499999255524,85.38232421875
exact,2000,32,1,205,0.0006491195526905358,0.893515625,1.0,64000,4000000,4064000,2000.0,757760000,0.004238699999405071,0.0003668000008474337,85.38232421875
exact,2000,32,1,206,0.0006466525956057012,0.894171875,1.0,64000,4000000,4064000,2000.0,757760000,0.0021379000008892035,0.0003744999994523823,85.38232421875
exact,2000,32,1,207,0.0006443220772780478,0.894890625,1.0,64000,4000000,4064000,2000.0,757760000,0.0017846000009740237,0.0003460000007180497,85.38232421875
exact,2000,32,1,208,0.0006420771242119372,0.895265625,1.0,64000,4000000,4064000,2000.0,757760000,0.0018927000000985572,0.00043370000094000716,85.38232421875
exact,2000,32,1,209,0.0006399318226613104,0.895703125,1.0,64000,4000000,4064000,2000.0,757760000,0.0018645000000105938,0.000318899999911082,85.38232421875
exact,2000,32,1,210,0.0006379237165674567,0.89596875,1.0,64000,4000000,4064000,2000.0,757760000,0.0015966999999363907,0.00037850000080652535,85.38232421875
exact,2000,32,1,211,0.000636056181974709,0.896265625,1.0,64000,4000000,4064000,2000.0,757760000,0.0032226999992417404,0.000981500001216773,85.38232421875
exact,2000,32,1,212,0.000634249416179955,0.89646875,1.0,64000,4000000,4064000,2000.0,757760000,0.0016084999988379423,0.00035229999957664404,85.38232421875
exact,2000,32,1,213,0.0006324696587398648,0.8968125,1.0,64000,4000000,4064000,2000.0,757760000,0.0017346000004181406,0.00036670000008598436,85.38232421875
exact,2000,32,1,214,0.0006308273295871913,0.897203125,1.0,64000,4000000,4064000,2000.0,757760000,0.0015182999995886348,0.0003048999988095602,85.38232421875
exact,2000,32,1,215,0.0006292801117524505,0.8975625,1.0,64000,4000000,4064000,2000.0,757760000,0.0016569999988860218,0.0003403999999136431,85.38232421875
exact,2000,32,1,216,0.0006277605425566435,0.897953125,1.0,64000,4000000,4064000,2000.0,757760000,0.0016317999998136656,0.00035029999889957253,85.38232421875
exact,2000,32,1,217,0.000626320019364357,0.89815625,1.0,64000,4000000,4064000,2000.0,757760000,0.0020111000012548175,0.0005175999995117309,85.38232421875
exact,2000,32,1,218,0.000624913489446044,0.89840625,1.0,64000,4000000,4064000,2000.0,757760000,0.002916300001743366,0.00032610000016575214,85.38232421875
exact,2000,32,1,219,0.0006236101617105305,0.898765625,1.0,64000,4000000,4064000,2000.0,757760000,0.001802799999495619,0.00035600000046542846,85.38232421875
exact,2000,32,1,220,0.0006223389063961804,0.898890625,1.0,64000,4000000,4064000,2000.0,757760000,0.004955399999744259,0.00038810000114608556,85.38232421875
exact,2000,32,1,221,0.0006210972787812352,0.899234375,1.0,64000,4000000,4064000,2000.0,757760000,0.001807599999665399,0.0003424000005907146,85.38232421875
exact,2000,32,1,222,0.0006199032650329173,0.899359375,1.0,64000,4000000,4064000,2000.0,757760000,0.0015645000003132736,0.00030809999952907674,85.38232421875
exact,2000,32,1,223,0.0006187905091792345,0.899640625,1.0,64000,4000000,4064000,2000.0,757760000,0.0017446000001655193,0.0003720999993674923,85.38232421875
exact,2000,32,1,224,0.000617717276327312,0.89971875,1.0,64000,4000000,4064000,2000.0,757760000,0.0015799000011611497,0.0003713999994943151,85.38232421875
exact,2000,32,1,225,0.0006166846142150462,0.89990625,1.0,64000,4000000,4064000,2000.0,757760000,0.0028086000002076617,0.0007325999995373422,85.38232421875
exact,2000,32,1,226,0.0006156436284072697,0.9000625,1.0,64000,4000000,4064000,2000.0,757760000,0.002943599998616264,0.0005182000004424481,85.38232421875
exact,2000,32,1,227,0.000614623655565083,0.900484375,1.0,64000,4000000,4064000,2000.0,757760000,0.0017160999996121973,0.0003526999989844626,85.38232421875
exact,2000,32,1,228,0.0006136822048574686,0.900671875,1.0,64000,4000000,4064000,2000.0,757760000,0.0025386999986949377,0.0003442999986873474,85.38232421875
exact,2000,32,1,229,0.0006126945372670889,0.900984375,1.0,64000,4000000,4064000,2000.0,757760000,0.0017389999993611127,0.00038300000051094685,85.38232421875
exact,2000,32,1,230,0.0006116960430517793,0.901234375,1.0,64000,4000000,4064000,2000.0,757760000,0.0022143999995023478,0.00045250000039231963,85.38232421875
exact,2000,32,1,231,0.0006107892259024084,0.901234375,1.0,64000,4000000,4064000,2000.0,757760000,0.0016997000002447749,0.00035769999885815196,85.38232421875
exact,2000,32,1,232,0.0006098375888541341,0.901265625,1.0,64000,4000000,4064000,2000.0,757760000,0.0021464000001287786,0.0004368999998405343,85.38232421875
exact,2000,32,1,233,0.0006089143571443856,0.901375,1.0,64000,4000000,4064000,2000.0,757760000,0.0016228999993472826,0.0003400999994482845,85.38232421875
exact,2000,32,1,234,0.0006079693557694554,0.901375,1.0,64000,4000000,4064000,2000.0,757760000,0.0020927000005031005,0.0003494000011414755,85.38232421875
exact,2000,32,1,235,0.000607066962402314,0.901609375,1.0,64000,4000000,4064000,2000.0,757760000,0.0016695000012987293,0.00032670000109646935,85.38232421875
exact,2000,32,1,236,0.0006061390740796924,0.90184375,1.0,64000,4000000,4064000,2000.0,757760000,0.006479899999249028,0.0003383999992365716,85.38232421875
exact,2000,32,1,237,0.0006052008247934282,0.901890625,1.0,64000,4000000,4064000,2000.0,757760000,0.0022902000000613043,0.0006536000000778586,85.38232421875
exact,2000,32,1,238,0.0006042327731847763,0.902,1.0,64000,4000000,4064000,2000.0,757760000,0.0015401000000565546,0.00031010000020614825,85.38232421875
exact,2000,32,1,239,0.0006032790406607091,0.902046875,1.0,64000,4000000,4064000,2000.0,757760000,0.0022860000008222414,0.0006823000003350899,85.38232421875
exact,2000,32,1,240,0.0006023258320055902,0.902140625,1.0,64000,4000000,4064000,2000.0,757760000,0.0015595000004395843,0.00031230000058712903,85.38232421875
exact,2000,32,1,241,0.0006013529491610825,0.902421875,1.0,64000,4000000,4064000,2000.0,757760000,0.0019307000002299901,0.0005687000011675991,85.38232421875
exact,2000,32,1,242,0.0006003071321174502,0.902625,1.0,64000,4000000,4064000,2000.0,757760000,0.0029929000011179596,0.0003240999994886806,85.38232421875
exact,2000,32,1,243,0.000599277438595891,0.902921875,1.0,64000,4000000,4064000,2000.0,757760000,0.0017908000008901581,0.0004103999999642838,85.38232421875
exact,2000,32,1,244,0.0005982216680422425,0.90296875,1.0,64000,4000000,4064000,2000.0,757760000,0.0016150000010384247,0.00034950000008393545,85.38232421875
exact,2000,32,1,245,0.0005970664788037539,0.903203125,1.0,64000,4000000,4064000,2000.0,757760000,0.0015829999993002275,0.0003476999991107732,85.38232421875
exact,2000,32,1,246,0.0005960095440968871,0.90340625,1.0,64000,4000000,4064000,2000.0,757760000,0.0018421000004309462,0.00036130000080447644,85.38232421875
exact,2000,32,1,247,0.0005948863108642399,0.903671875,1.0,64000,4000000,4064000,2000.0,757760000,0.00164039999981469,0.0003268000000389293,85.38232421875
exact,2000,32,1,248,0.0005937421228736639,0.903875,1.0,64000,4000000,4064000,2000.0,757760000,0.0035211000013077864,0.0013577000008808682,85.38232421875
exact,2000,32,1,249,0.000592611322645098,0.9040625,1.0,64000,4000000,4064000,2000.0,757760000,0.001555200000439072,0.00031089999902178533,85.38232421875
exact,2000,32,1,250,0.0005914074718020856,0.9043125,1.0,64000,4000000,4064000,2000.0,757760000,0.0015321999999287073,0.00030930000139051117,85.38232421875
exact,2000,32,1,251,0.0005901860422454774,0.90453125,1.0,64000,4000000,4064000,2000.0,757760000,0.001550400000269292,0.0003340999992360594,85.38232421875
exact,2000,32,1,252,0.0005888639716431499,0.904734375,1.0,64000,4000000,4064000,2000.0,757760000,0.006721199999446981,0.0012134000007790746,85.38232421875
exact,2000,32,1,253,0.0005875167553313076,0.90503125,1.0,64000,4000000,4064000,2000.0,757760000,0.0026129999987460906,0.00033690000054775737,85.38232421875
exact,2000,32,1,254,0.000586161739192903,0.905203125,1.0,64000,4000000,4064000,2000.0,757760000,0.0021333000004233327,0.00035259999822301324,85.38232421875
exact,2000,32,1,255,0.0005847807042300701,0.905375,1.0,64000,4000000,4064000,2000.0,757760000,0.001721100001304876,0.00039709999873593915,85.38232421875
exact,2000,32,1,256,0.0005833349423483014,0.905625,1.0,64000,4000000,4064000,2000.0,757760000,0.0018872999989980599,0.00032589999864285346,85.38232421875
exact,2000,32,1,257,0.000581842556130141,0.90603125,1.0,64000,4000000,4064000,2000.0,757760000,0.0016930000001593726,0.0003240999994886806,85.38232421875
exact,2000,32,1,258,0.0005802306695841253,0.90621875,1.0,64000,4000000,4064000,2000.0,757760000,0.0016537999999854947,0.0003648000001703622,85.38232421875
exact,2000,32,1,259,0.0005786389810964465,0.90653125,1.0,64000,4000000,4064000,2000.0,757760000,0.0021290999993652804,0.000512100001287763,85.38232421875
exact,2000,32,1,260,0.000576962367631495,0.90684375,1.0,64000,4000000,4064000,2000.0,757760000,0.0017389999993611127,0.00037320000046747737,85.38232421875
exact,2000,32,1,261,0.0005752830766141415,0.90715625,1.0,64000,4000000,4064000,2000.0,757760000,0.0027098999998997897,0.0003851999990729382,85.38232421875
exact,2000,32,1,262,0.00057352235307917,0.907390625,1.0,64000,4000000,4064000,2000.0,757760000,0.001664199999140692,0.0003273999991506571,85.38232421875
exact,2000,32,1,263,0.0005717195454053581,0.907640625,1.0,64000,4000000,4064000,2000.0,757760000,0.008069500001511187,0.0008515999998053303,85.38232421875
exact,2000,32,1,264,0.0005699038156308234,0.908078125,1.0,64000,4000000,4064000,2000.0,757760000,0.0016930999991018325,0.0003754999997909181,85.38232421875
exact,2000,32,1,265,0.0005679866881109774,0.9083125,1.0,64000,4000000,4064000,2000.0,757760000,0.0019535999999789055,0.00031350000062957406,85.38232421875
exact,2000,32,1,266,0.0005660477909259498,0.90853125,1.0,64000,4000000,4064000,2000.0,757760000,0.001717600000120001,0.0003442999986873474,85.38232421875
exact,2000,32,1,267,0.0005640745512209833,0.9088125,1.0,64000,4000000,4064000,2000.0,757760000,0.0020951000005879905,0.0003559000015229685,85.38232421875
exact,2000,32,1,268,0.0005620734882541001,0.909046875,1.0,64000,4000000,4064000,2000.0,757760000,0.0015442000003531575,0.0003077000001212582,85.38232421875
exact,2000,32,1,269,0.0005600302247330546,0.909578125,1.0,64000,4000000,4064000,2000.0,757760000,0.0019125999988318654,0.00040720000106375664,85.38232421875
exact,2000,32,1,270,0.0005579445278272033,0.910140625,1.0,64000,4000000,4064000,2000.0,757760000,0.0014866999990772456,0.000311100000544684,85.38232421875
exact,2000,32,1,271,0.0005558315897360444,0.91040625,1.0,64000,4000000,4064000,2000.0,757760000,0.00661739999850397,0.0030418999995163176,85.38232421875
exact,2000,32,1,272,0.0005536885582841933,0.91078125,1.0,64000,4000000,4064000,2000.0,757760000,0.0016624000018055085,0.0003484999997453997,85.38232421875
exact,2000,32,1,273,0.000551481731235981,0.911109375,1.0,64000,4000000,4064000,2000.0,757760000,0.0018123999998351792,0.0004869999993388774,85.38232421875
exact,2000,32,1,274,0.0005492738564498723,0.91140625,1.0,64000,4000000,4064000,2000.0,757760000,0.005820200000016484,0.0003133000009256648,85.38232421875
exact,2000,32,1,275,0.000547024654224515,0.911796875,1.0,64000,4000000,4064000,2000.0,757760000,0.003427600000577513,0.0003620999996201135,85.38232421875
exact,2000,32,1,276,0.0005447601433843374,0.912375,1.0,64000,4000000,4064000,2000.0,757760000,0.001617199999600416,0.00033940000139409676,85.38232421875
exact,2000,32,1,277,0.0005424980190582573,0.912671875,1.0,64000,4000000,4064000,2000.0,757760000,0.0022718999989592703,0.0003792000006797025,85.38232421875
exact,2000,32,1,278,0.0005402262904681265,0.913453125,1.0,64000,4000000,4064000,2000.0,757760000,0.0016685999999026535,0.0003164999998261919,85.38232421875
exact,2000,32,1,279,0.0005379755166359246,0.9138125,1.0,64000,4000000,4064000,2000.0,757760000,0.0016228999993472826,0.00032279999868478626,85.38232421875
exact,2000,32,1,280,0.0005356657784432173,0.914375,1.0,64000,4000000,4064000,2000.0,757760000,0.0015905000000202563,0.0003390000001672888,85.38232421875
exact,2000,32,1,281,0.0005334157613106072,0.914796875,1.0,64000,4000000,4064000,2000.0,757760000,0.001573199999256758,0.00033849999999802094,85.38232421875
exact,2000,32,1,282,0.0005310976994223893,0.91546875,1.0,64000,4000000,4064000,2000.0,757760000,0.0016787999993539415,0.0003385999989404809,85.38232421875
exact,2000,32,1,283,0.0005288412794470787,0.916046875,1.0,64000,4000000,4064000,2000.0,757760000,0.0015803999995114282,0.00033679999978630804,85.38232421875
exact,2000,32,1,284,0.000526581599842757,0.916609375,1.0,64000,4000000,4064000,2000.0,757760000,0.001564100000905455,0.00031379999927594326,85.38232421875
exact,2000,32,1,285,0.0005243881605565548,0.917109375,1.0,64000,4000000,4064000,2000.0,757760000,0.001717600000120001,0.00042979999852832407,85.38232421875
exact,2000,32,1,286,0.000522238842677325,0.91753125,1.0,64000,4000000,4064000,2000.0,757760000,0.0030876999990141485,0.0009591999987605959,85.38232421875
exact,2000,32,1,287,0.0005201153689995408,0.917796875,1.0,64000,4000000,4064000,2000.0,757760000,0.0015232999994623242,0.0003386999997019302,85.38232421875
exact,2000,32,1,288,0.0005179871805012226,0.918390625,1.0,64000,4000000,4064000,2000.0,757760000,0.0016347000000678236,0.0003209000005881535,85.38232421875
exact,2000,32,1,289,0.0005158681888133287,0.91878125,1.0,64000,4000000,4064000,2000.0,757760000,0.0028502999994088896,0.00030899999910616316,85.38232421875
exact,2000,32,1,290,0.0005138484411872923,0.9193125,1.0,64000,4000000,4064000,2000.0,757760000,0.0016911999991862103,0.00036689999978989363,85.38232421875
exact,2000,32,1,291,0.0005118938279338181,0.919921875,1.0,64000,4000000,4064000,2000.0,757760000,0.0015538000006927177,0.000352700000803452,85.38232421875
exact,2000,32,1,292,0.000509959296323359,0.920484375,1.0,64000,4000000,4064000,2000.0,757760000,0.0015204000010271557,0.000347400000464404,85.38232421875
exact,2000,32,1,293,0.000508079887367785,0.9206875,1.0,64000,4000000,4064000,2000.0,757760000,0.0014979000006860588,0.000305800000205636,85.38232421875
exact,2000,32,1,294,0.0005062563577666879,0.92121875,1.0,64000,4000000,4064000,2000.0,757760000,0.006309299998974893,0.0031698000002506888,85.38232421875
exact,2000,32,1,295,0.0005045693251304328,0.921609375,1.0,64000,4000000,4064000,2000.0,757760000,0.001582099999723141,0.0003555999992386205,85.38232421875
exact,2000,32,1,296,0.0005029362509958446,0.92203125,1.0,64000,4000000,4064000,2000.0,757760000,0.001609499999176478,0.0003754999997909181,85.38232421875
exact,2000,32,1,297,0.0005013555055484176,0.922703125,1.0,64000,4000000,4064000,2000.0,757760000,0.0015376000010292046,0.0003360999999131309,85.38232421875
exact,2000,32,1,298,0.0004998475196771324,0.923125,1.0,64000,4000000,4064000,2000.0,757760000,0.001635099999475642,0.0003448000006756047,85.38232421875
exact,2000,32,1,299,0.0004983949474990368,0.9235625,1.0,64000,4000000,4064000,2000.0,757760000,0.0016482999999425374,0.00033959999927901663,85.38232421875
exact,2000,32,1,300,0.0004970457521267235,0.92390625,1.0,64000,4000000,4064000,2000.0,757760000,0.0015382000001409324,0.0003496000008453848,85.38232421875
exact,2000,32,1,301,0.0004957181517966092,0.924328125,1.0,64000,4000000,4064000,2000.0,757760000,0.0015260000000125729,0.0003401000012672739,85.38232421875
exact,2000,32,1,302,0.0004944802494719625,0.92478125,1.0,64000,4000000,4064000,2000.0,757760000,0.001473299998906441,0.00031210000088321976,85.38232421875
exact,2000,32,1,303,0.0004932992742396891,0.925203125,1.0,64000,4000000,4064000,2000.0,757760000,0.0035502000009728363,0.00036560000080498867,85.38232421875
exact,2000,32,1,304,0.0004921775544062257,0.925671875,1.0,64000,4000000,4064000,2000.0,757760000,0.0014923999988241121,0.00030750000041734893,85.38232421875
exact,2000,32,1,305,0.0004910782445222139,0.92590625,1.0,64000,4000000,4064000,2000.0,757760000,0.0015820000007806811,0.00035489999936544336,85.38232421875
exact,2000,32,1,306,0.0004901218344457448,0.926265625,1.0,64000,4000000,4064000,2000.0,757760000,0.0014645999999629566,0.0003144000002066605,85.38232421875
exact,2000,32,1,307,0.0004891993594355881,0.92659375,1.0,64000,4000000,4064000,2000.0,757760000,0.00153159999899799,0.00034389999927952886,85.38232421875
exact,2000,32,1,308,0.0004883591900579631,0.927046875,1.0,64000,4000000,4064000,2000.0,757760000,0.002406600000540493,0.0006580999997822801,85.38232421875
exact,2000,32,1,309,0.0004875746672041714,0.92746875,1.0,64000,4000000,4064000,2000.0,757760000,0.0030079999996814877,0.0007930000010674121,85.38232421875
exact,2000,32,1,310,0.00048682259512133896,0.92775,1.0,64000,4000000,4064000,2000.0,757760000,0.0015244000005623093,0.0003374999996594852,85.38232421875
exact,2000,32,1,311,0.0004861218621954322,0.928109375,1.0,64000,4000000,4064000,2000.0,757760000,0.00160169999981008,0.00036610000097425655,85.38232421875
exact,2000,32,1,312,0.0004854914150200784,0.928171875,1.0,64000,4000000,4064000,2000.0,757760000,0.0016426999991381308,0.0003652000013971701,85.38232421875
exact,2000,32,1,313,0.00048491061897948384,0.928265625,1.0,64000,4000000,4064000,2000.0,757760000,0.0017107999992731493,0.0003560999994078884,85.38232421875
exact,2000,32,1,314,0.00048439446254633367,0.928515625,1.0,64000,4000000,4064000,2000.0,757760000,0.002153899999029818,0.0007678999991185265,85.38232421875
exact,2000,32,1,315,0.0004838936438318342,0.92865625,1.0,64000,4000000,4064000,2000.0,757760000,0.0016032999992603436,0.0003073999996558996,85.38232421875
exact,2000,32,1,316,0.000483393989270553,0.928921875,1.0,64000,4000000,4064000,2000.0,757760000,0.0016430999985459493,0.00030730000071343966,85.38232421875
exact,2000,32,1,317,0.00048296182649210095,0.928984375,1.0,64000,4000000,4064000,2000.0,757760000,0.001571200000398676,0.00034560000131023116,85.38232421875
exact,2000,32,1,318,0.0004825526848435402,0.92934375,1.0,64000,4000000,4064000,2000.0,757760000,0.0015237000006891321,0.0003495999990263954,85.38232421875
exact,2000,32,1,319,0.00048222430632449687,0.92946875,1.0,64000,4000000,4064000,2000.0,757760000,0.0015423999993799953,0.00030929999957152177,85.38232421875
exact,2000,32,1,320,0.0004819184250663966,0.929625,1.0,64000,4000000,4064000,2000.0,757760000,0.0015294000004359987,0.0003243000010115793,85.38232421875
exact,2000,32,1,321,0.0004816432192455977,0.92953125,1.0,64000,4000000,4064000,2000.0,757760000,0.00159200000052806,0.0003280000000813743,85.38232421875
exact,2000,32,1,322,0.00048137232079170644,0.9295,1.0,64000,4000000,4064000,2000.0,757760000,0.0017882000011013588,0.0003513999999995576,85.38232421875
exact,2000,32,1,323,0.0004811332910321653,0.929609375,1.0,64000,4000000,4064000,2000.0,757760000,0.0015416000005643582,0.0003089000001637032,85.38232421875
exact,2000,32,1,324,0.00048092170618474483,0.929546875,1.0,64000,4000000,4064000,2000.0,757760000,0.0015310999988287222,0.0003505000004224712,85.38232421875
exact,2000,32,1,325,0.0004807543591596186,0.929609375,1.0,64000,4000000,4064000,2000.0,757760000,0.0016381000004912494,0.0003727999992406694,85.38232421875
exact,2000,32,1,326,0.00048056928790174425,0.929625,1.0,64000,4000000,4064000,2000.0,757760000,0.0017629000012675533,0.00046690000090165995,85.38232421875
exact,2000,32,1,327,0.0004804030177183449,0.929734375,1.0,64000,4000000,4064000,2000.0,757760000,0.00159200000052806,0.00034050000067509245,85.38232421875
exact,2000,32,1,328,0.00048027231241576374,0.92971875,1.0,64000,4000000,4064000,2000.0,757760000,0.0015803999995114282,0.00031459999991056975,85.38232421875
exact,2000,32,1,329,0.0004801359318662435,0.929703125,1.0,64000,4000000,4064000,2000.0,757760000,0.001596399999471032,0.00037119999979040585,85.38232421875
exact,2000,32,1,330,0.00048000196693465114,0.92975,1.0,64000,4000000,4064000,2000.0,757760000,0.0015149999999266583,0.0003110000016022241,85.38232421875
exact,2000,32,1,331,0.0004798934969585389,0.929796875,1.0,64000,4000000,4064000,2000.0,757760000,0.001552800000354182,0.00035930000012740493,85.38232421875
exact,2000,32,1,332,0.00047979570808820426,0.92978125,1.0,64000,4000000,4064000,2000.0,757760000,0.0017217000004166039,0.0003150000011373777,85.38232421875
exact,2000,32,1,333,0.0004797335132025182,0.929921875,1.0,64000,4000000,4064000,2000.0,757760000,0.0015922000002319692,0.00037200000042503234,85.38232421875
exact,2000,32,1,334,0.00047966931015253067,0.92996875,1.0,64000,4000000,4064000,2000.0,757760000,0.008998999999676016,0.0025021999990713084,85.38232421875
exact,2000,32,1,335,0.0004795944842044264,0.93,1.0,64000,4000000,4064000,2000.0,757760000,0.0016843000012158882,0.0003643000000010943,85.38232421875
exact,2000,32,1,336,0.00047952457680366933,0.930125,1.0,64000,4000000,4064000,2000.0,757760000,0.0016039999991335208,0.0003341000010550488,85.38232421875
exact,2000,32,1,337,0.00047945845290087163,0.930078125,1.0,64000,4000000,4064000,2000.0,757760000,0.0015853999993851176,0.00034749999940686394,85.38232421875
exact,2000,32,1,338,0.00047940644435584545,0.93015625,1.0,64000,4000000,4064000,2000.0,757760000,0.00148799999988114,0.0003325000016047852,85.38232421875
exact,2000,32,1,339,0.0004793611296918243,0.930078125,1.0,64000,4000000,4064000,2000.0,757760000,0.0015299999995477265,0.0003453999997873325,85.38232421875
exact,2000,32,1,340,0.00047934349277056754,0.930046875,1.0,64000,4000000,4064000,2000.0,757760000,0.0014823000001342734,0.0003161000004183734,85.38232421875
exact,2000,32,1,341,0.00047932611778378487,0.9300625,1.0,64000,4000000,4064000,2000.0,757760000,0.0015248999989125878,0.0003395000003365567,85.38232421875
exact,2000,32,1,342,0.000479290058137849,0.930046875,1.0,64000,4000000,4064000,2000.0,757760000,0.007062799999403069,0.0033687000013742363,85.38232421875
exact,2000,32,1,343,0.0004792835097759962,0.930125,1.0,64000,4000000,4064000,2000.0,757760000,0.0015363999991677701,0.0003367000008438481,85.38232421875
exact,2000,32,1,344,0.0004792471299879253,0.930109375,1.0,64000,4000000,4064000,2000.0,757760000,0.0016211999991355697,0.00034779999987222254,85.38232421875
exact,2000,32,1,345,0.0004792152321897447,0.93003125,1.0,64000,4000000,4064000,2000.0,757760000,0.006299699998635333,0.0007278000011865515,85.38232421875
exact,2000,32,1,346,0.0004791802784893662,0.930109375,1.0,64000,4000000,4064000,2000.0,757760000,0.0015764999989187345,0.00037680000059481245,85.38232421875
exact,2000,32,1,347,0.0004791875835508108,0.93015625,1.0,64000,4000000,4064000,2000.0,757760000,0.0015923999999358784,0.0003482000010990305,85.38232421875
exact,2000,32,1,348,0.0004791867977473885,0.930171875,1.0,64000,4000000,4064000,2000.0,757760000,0.001499800000601681,0.00032889999965846073,85.38232421875
exact,2000,32,1,349,0.00047917227493599057,0.9301875,1.0,64000,4000000,4064000,2000.0,757760000,0.0015311999995901715,0.00032619999910821207,85.38232421875
exact,2000,32,1,350,0.0004791559767909348,0.93021875,1.0,64000,4000000,4064000,2000.0,757760000,0.0015347999997175066,0.0003214999996998813,85.38232421875
exact,2000,32,1,351,0.00047916098264977336,0.9301875,1.0,64000,4000000,4064000,2000.0,757760000,0.001649800000450341,0.0003371999991941266,85.38232421875
exact,2000,32,1,352,0.0004791469546034932,0.9301875,1.0,64000,4000000,4064000,2000.0,757760000,0.001504600000771461,0.00031399999897985253,85.38232421875
exact,2000,32,1,353,0.0004791082174051553,0.930234375,1.0,64000,4000000,4064000,2000.0,757760000,0.0015232999994623242,0.0003378999990673037,85.38232421875
exact,2000,32,1,354,0.0004791041137650609,0.93025,1.0,64000,4000000,4064000,2000.0,757760000,0.0025093000003835186,0.0007674999997107079,85.38232421875
exact,2000,32,1,355,0.00047909453860484064,0.930203125,1.0,64000,4000000,4064000,2000.0,757760000,0.0015108999996300554,0.00031180000041786116,85.38232421875
exact,2000,32,1,356,0.0004791021056007594,0.9301875,1.0,64000,4000000,4064000,2000.0,757760000,0.002790900000036345,0.0003121999998256797,85.38232421875
exact,2000,32,1,357,0.00047908644773997366,0.93015625,1.0,64000,4000000,4064000,2000.0,757760000,0.001486700000896235,0.0003051000003324589,85.38232421875
exact,2000,32,1,358,0.00047911336878314614,0.93015625,1.0,64000,4000000,4064000,2000.0,757760000,0.0016181000009964919,0.0003156000002491055,85.38232421875
exact,2000,32,1,359,0.0004791066749021411,0.930125,1.0,64000,4000000,4064000,2000.0,757760000,0.001498500001616776,0.0003062999985559145,85.38232421875
exact,2000,32,1,360,0.00047909762361086905,0.93015625,1.0,64000,4000000,4064000,2000.0,757760000,0.0016240999993897276,0.0003598000002966728,85.38232421875
exact,2000,32,1,361,0.00047909433487802744,0.930171875,1.0,64000,4000000,4064000,2000.0,757760000,0.0016402000001107808,0.0003690000012284145,85.38232421875
exact,2000,32,1,362,0.0004790890961885452,0.9301875,1.0,64000,4000000,4064000,2000.0,757760000,0.001525099998616497,0.00031040000067150686,85.38232421875
exact,2000,32,1,363,0.00047909803106449544,0.930171875,1.0,64000,4000000,4064000,2000.0,757760000,0.0014946999999665422,0.00031519999902229756,85.38232421875
exact,2000,32,1,364,0.00047909768181852996,0.930171875,1.0,64000,4000000,4064000,2000.0,757760000,0.0015180000009422656,0.00030530000003636815,85.38232421875
exact,2000,32,1,365,0.0004790988168679178,0.930171875,1.0,64000,4000000,4064000,2000.0,757760000,0.0016439999999420252,0.00032839999948919285,85.38232421875
exact,2000,32,1,366,0.0004790971288457513,0.93015625,1.0,64000,4000000,4064000,2000.0,757760000,0.0035195000000385335,0.00031429999944521114,85.38232421875
exact,2000,32,1,367,0.00047909500426612794,0.930203125,1.0,64000,4000000,4064000,2000.0,757760000,0.001996299999518669,0.00045449999925040174,85.38232421875
exact,2000,32,1,368,0.00047908839769661427,0.930171875,1.0,64000,4000000,4064000,2000.0,757760000,0.00160409999989497,0.0003566999985196162,85.38232421875
exact,2000,32,1,369,0.0004790908133145422,0.9301875,1.0,64000,4000000,4064000,2000.0,757760000,0.0015738999991299352,0.00035539999953471124,85.38232421875
exact,2000,32,1,370,0.00047909480053931475,0.930203125,1.0,64000,4000000,4064000,2000.0,757760000,0.001986500001294189,0.0003541000005498063,85.38232421875
exact,2000,32,1,371,0.00047910050489008427,0.93028125,1.0,64000,4000000,4064000,2000.0,757760000,0.0016644999996060506,0.0003816999997070525,85.38232421875
exact,2000,32,1,372,0.00047908350825309753,0.93028125,1.0,64000,4000000,4064000,2000.0,757760000,0.001995500000703032,0.0005581000004895031,85.38232421875
exact,2000,32,1,373,0.00047908499254845083,0.9303125,1.0,64000,4000000,4064000,2000.0,757760000,0.0026658999995561317,0.0003453999997873325,85.38232421875
exact,2000,32,1,374,0.0004790702951140702,0.9303125,1.0,64000,4000000,4064000,2000.0,757760000,0.0017699999989417847,0.0004135999988648109,85.38232421875
exact,2000,32,1,375,0.00047907407861202955,0.930328125,1.0,64000,4000000,4064000,2000.0,757760000,0.0016794000002846587,0.0003708000003825873,85.38232421875
exact,2000,32,1,376,0.0004790724196936935,0.9303125,1.0,64000,4000000,4064000,2000.0,757760000,0.0015815999995538732,0.000353900000845897,85.38232421875
exact,2000,32,1,377,0.0004790622915606946,0.9303125,1.0,64000,4000000,4064000,2000.0,757760000,0.004170400001385133,0.00031540000054519624,85.38232421875
exact,2000,32,1,378,0.0004790683451574296,0.93028125,1.0,64000,4000000,4064000,2000.0,757760000,0.0027919999993173406,0.00037349999911384657,85.38232421875
exact,2000,32,1,379,0.0004790753300767392,0.930296875,1.0,64000,4000000,4064000,2000.0,757760000,0.001652700000704499,0.00033790000088629313,85.38232421875
exact,2000,32,1,380,0.00047905201790854335,0.9303125,1.0,64000,4000000,4064000,2000.0,757760000,0.0016276000005746027,0.0003209999995306134,85.38232421875
exact,2000,32,1,381,0.0004790530656464398,0.9303125,1.0,64000,4000000,4064000,2000.0,757760000,0.0015626000003976515,0.00034889999915321823,85.38232421875
exact,2000,32,1,382,0.00047905967221595347,0.93034375,1.0,64000,4000000,4064000,2000.0,757760000,0.0015184000003500842,0.0003526999989844626,85.38232421875
exact,2000,32,1,383,0.0004790498351212591,0.930390625,1.0,64000,4000000,4064000,2000.0,757760000,0.0033177999994222773,0.00031380000109493267,85.38232421875
exact,2000,32,1,384,0.00047905053361319005,0.930359375,1.0,64000,4000000,4064000,2000.0,757760000,0.0017335000011371449,0.0003722000001289416,85.38232421875
exact,2000,32,1,385,0.0004790592647623271,0.93034375,1.0,64000,4000000,4064000,2000.0,757760000,0.001652299999477691,0.0003353000010974938,85.38232421875
exact,2000,32,1,386,0.0004790441307704896,0.930359375,1.0,64000,4000000,4064000,2000.0,757760000,0.007254199999806588,0.0003173000004608184,85.38232421875
exact,2000,32,1,387,0.00047905175597406924,0.930359375,1.0,64000,4000000,4064000,2000.0,757760000,0.0021498999994946644,0.0004666999993787613,85.38232421875
exact,2000,32,1,388,0.0004790455859620124,0.93034375,1.0,64000,4000000,4064000,2000.0,757760000,0.0015359999997599516,0.0003126999999949476,85.38232421875
exact,2000,32,1,389,0.0004790558305103332,0.930328125,1.0,64000,4000000,4064000,2000.0,757760000,0.001593900000443682,0.0003169999999954598,85.38232421875
exact,2000,32,1,390,0.00047904462553560734,0.930359375,1.0,64000,4000000,4064000,2000.0,757760000,0.0015287000005628215,0.0003515999997034669,85.38232421875
exact,2000,32,1,391,0.00047904509119689465,0.9303125,1.0,64000,4000000,4064000,2000.0,757760000,0.001693899999736459,0.00034699999923759606,85.38232421875
exact,2000,32,1,392,0.00047903411905281246,0.930359375,1.0,64000,4000000,4064000,2000.0,757760000,0.0016603000003669877,0.0003223000003345078,85.38232421875
exact,2000,32,1,393,0.0004790373786818236,0.930296875,1.0,64000,4000000,4064000,2000.0,757760000,0.001587499999004649,0.00034360000063315965,85.38232421875
exact,2000,32,1,394,0.000479042500955984,0.93028125,1.0,64000,4000000,4064000,2000.0,757760000,0.0016995000005408656,0.0003341999999975087,85.38232421875
exact,2000,32,1,395,0.0004790359234903008,0.930296875,1.0,64000,4000000,4064000,2000.0,757760000,0.001527100001112558,0.00033350000012433156,85.38232421875
exact,2000,32,1,396,0.0004790456441696733,0.930328125,1.0,64000,4000000,4064000,2000.0,757760000,0.0056244000006699935,0.0018075000007229391,85.38232421875
exact,2000,32,1,397,0.000479034089948982,0.930296875,1.0,64000,4000000,4064000,2000.0,757760000,0.0016104000005725538,0.0003209999995306134,85.38232421875
exact,2000,32,1,398,0.00047904279199428856,0.93028125,1.0,64000,4000000,4064000,2000.0,757760000,0.001711099999738508,0.00033210000037797727,85.38232421875
exact,2000,32,1,399,0.0004790378734469414,0.9303125,1.0,64000,4000000,4064000,2000.0,757760000,0.0016292000000248663,0.00036719999843626283,85.38232421875
exact,2000,32,1,400,0.00047904750681482255,0.9303125,1.0,64000,4000000,4064000,2000.0,757760000,0.0016095999999379274,0.0003120000001217704,85.38232421875
exact,2000,32,1,401,0.00047903411905281246,0.930265625,1.0,64000,4000000,4064000,2000.0,757760000,0.0015585999990435084,0.0003255000010540243,85.38232421875
exact,2000,32,1,402,0.00047903950326144695,0.93028125,1.0,64000,4000000,4064000,2000.0,757760000,0.0021521000016946346,0.0005000000001018634,85.38232421875
exact,2000,32,1,403,0.00047904151142574847,0.930296875,1.0,64000,4000000,4064000,2000.0,757760000,0.0015448000012838747,0.000344599999152706,85.38232421875
exact,2000,32,1,404,0.0004790408129338175,0.930234375,1.0,64000,4000000,4064000,2000.0,757760000,0.0022599000003538094,0.00045789999967382755,85.38232421875
exact,2000,32,1,405,0.0004790477978531271,0.930265625,1.0,64000,4000000,4064000,2000.0,757760000,0.0015351999991253251,0.00033849999999802094,85.38232421875
exact,2000,32,1,406,0.00047903606900945306,0.930265625,1.0,64000,4000000,4064000,2000.0,757760000,0.005738399999245303,0.0015781999991304474,85.38232421875
exact,2000,32,1,407,0.00047904130769893527,0.930265625,1.0,64000,4000000,4064000,2000.0,757760000,0.002297000000908156,0.00034109999978682026,85.38232421875
exact,2000,32,1,408,0.0004790397360920906,0.930265625,1.0,64000,4000000,4064000,2000.0,757760000,0.0019033999997191131,0.00035679999928106554,85.38232421875
exact,2000,32,1,409,0.00047903612721711397,0.9303125,1.0,64000,4000000,4064000,2000.0,757760000,0.0015786999992997153,0.0003082000002905261,85.38232421875
exact,2000,32,1,410,0.00047904191887937486,0.930265625,1.0,64000,4000000,4064000,2000.0,757760000,0.0016371000001527136,0.00033290000101260375,85.38232421875
exact,2000,32,1,411,0.00047904436360113323,0.93028125,1.0,64000,4000000,4064000,2000.0,757760000,0.0016117000013764482,0.00036189999991620425,85.38232421875
exact,2000,32,1,412,0.00047903222730383277,0.930265625,1.0,64000,4000000,4064000,2000.0,757760000,0.0017382000005454756,0.0004090000002179295,85.38232421875
exact,2000,32,1,413,0.000479035108583048,0.9303125,1.0,64000,4000000,4064000,2000.0,757760000,0.0016627999993943376,0.00034890000097220764,85.38232421875
exact,2000,32,1,414,0.00047903304221108556,0.930265625,1.0,64000,4000000,4064000,2000.0,757760000,0.0016596000004938105,0.0003490999988571275,85.38232421875
exact,2000,32,1,415,0.0004790281818713993,0.93028125,1.0,64000,4000000,4064000,2000.0,757760000,0.001578499999595806,0.0003491000006761169,85.38232421875
exact,2000,32,1,416,0.0004790316161233932,0.930328125,1.0,64000,4000000,4064000,2000.0,757760000,0.0015311999995901715,0.0003252000005886657,85.38232421875
exact,2000,32,1,417,0.00047903149970807135,0.93028125,1.0,64000,4000000,4064000,2000.0,757760000,0.0015476999997190433,0.00032620000092720147,85.38232421875
exact,2000,32,1,418,0.00047903222730383277,0.93025,1.0,64000,4000000,4064000,2000.0,757760000,0.0014931000005162787,0.00033510000139358453,85.38232421875
exact,2000,32,1,419,0.00047903312952257693,0.9303125,1.0,64000,4000000,4064000,2000.0,757760000,0.0015125999998417683,0.00030839999999443535,85.38232421875
exact,2000,32,1,420,0.00047903016093187034,0.9303125,1.0,64000,4000000,4064000,2000.0,757760000,0.0016912999999476597,0.00036890000046696514,85.38232421875
exact,2000,32,1,421,0.0004790214297827333,0.9303125,1.0,64000,4000000,4064000,2000.0,757760000,0.0016553999994357582,0.0003864999998768326,85.38232421875
exact,2000,32,1,422,0.0004790307430084795,0.930296875,1.0,64000,4000000,4064000,2000.0,757760000,0.0016634999992675148,0.00034980000054929405,85.38232421875
exact,2000,32,1,423,0.00047903231461532414,0.93028125,1.0,64000,4000000,4064000,2000.0,757760000,0.001906299999973271,0.0003697000011015916,85.38232421875
exact,2000,32,1,424,0.00047903097583912313,0.930328125,1.0,64000,4000000,4064000,2000.0,757760000,0.003933600000891602,0.0015435000004799804,85.38232421875
exact,2000,32,1,425,0.00047903205268085003,0.930296875,1.0,64000,4000000,4064000,2000.0,757760000,0.0017516000007162802,0.0003360999999131309,85.38232421875
exact,2000,32,1,426,0.0004790436942130327,0.93028125,1.0,64000,4000000,4064000,2000.0,757760000,0.0016928000004554633,0.0003259999994043028,85.38232421875
exact,2000,32,1,427,0.0004790359234903008,0.93028125,1.0,64000,4000000,4064000,2000.0,757760000,0.0019195999993826263,0.0005781999989267206,85.38232421875
exact,2000,32,1,428,0.0004790389211848378,0.93028125,1.0,64000,4000000,4064000,2000.0,757760000,0.001901499999803491,0.0003524999992805533,85.38232421875
exact,2000,32,1,429,0.0004790439270436764,0.93028125,1.0,64000,4000000,4064000,2000.0,757760000,0.0015688000003137859,0.0003479999995761318,85.38232421875
exact,2000,32,1,430,0.00047903097583912313,0.930296875,1.0,64000,4000000,4064000,2000.0,757760000,0.0022286999992502388,0.0006654999997408595,85.38232421875
exact,2000,32,1,431,0.00047903574886731803,0.93028125,1.0,64000,4000000,4064000,2000.0,757760000,0.0015110999993339647,0.0003139000000373926,85.38232421875
exact,2000,32,1,432,0.0004790443927049637,0.9303125,1.0,64000,4000000,4064000,2000.0,757760000,0.0018672999995033024,0.00036999999974796083,85.38232421875
exact,2000,32,1,433,0.0004790282982867211,0.930296875,1.0,64000,4000000,4064000,2000.0,757760000,0.0016374000006180722,0.0003558000007615192,85.38232421875
exact,2000,32,1,434,0.0004790245438925922,0.9303125,1.0,64000,4000000,4064000,2000.0,757760000,0.0018992000004800502,0.00034609999966050964,85.38232421875
exact,2000,32,1,435,0.00047902882215566933,0.930296875,1.0,64000,4000000,4064000,2000.0,757760000,0.00156539999989036,0.0003637000008893665,85.38232421875
exact,2000,32,1,436,0.00047904092934913933,0.930328125,1.0,64000,4000000,4064000,2000.0,757760000,0.007100499999069143,0.0003440000000409782,85.38232421875
exact,2000,32,1,437,0.0004790363018400967,0.930296875,1.0,64000,4000000,4064000,2000.0,757760000,0.0018232000002171844,0.00038219999987632036,85.38232421875
exact,2000,32,1,438,0.0004790385428350419,0.930265625,1.0,64000,4000000,4064000,2000.0,757760000,0.00239289999990433,0.00031659999876865186,85.38232421875
exact,2000,32,1,439,0.00047904319944791496,0.9303125,1.0,64000,4000000,4064000,2000.0,757760000,0.002040100000158418,0.00035969999953522347,85.38232421875
exact,2000,32,1,440,0.0004790402017533779,0.930296875,1.0,64000,4000000,4064000,2000.0,757760000,0.0017375999996147584,0.00035650000063469633,85.38232421875
exact,2000,32,1,441,0.0004790334205608815,0.930296875,1.0,64000,4000000,4064000,2000.0,757760000,0.002094999999826541,0.00034720000076049473,85.38232421875
exact,2000,32,1,442,0.0004790372622665018,0.930328125,1.0,64000,4000000,4064000,2000.0,757760000,0.0016073000006144866,0.0003119000011793105,85.38232421875
exact,2000,32,1,443,0.00047905155224725604,0.930296875,1.0,64000,4000000,4064000,2000.0,757760000,0.0017123000015999423,0.00033350000012433156,85.38232421875
exact,2000,32,1,444,0.00047902518417686224,0.9303125,1.0,64000,4000000,4064000,2000.0,757760000,0.0016398000007029623,0.0003451000011409633,85.38232421875
exact,2000,32,1,445,0.0004790236125700176,0.9303125,1.0,64000,4000000,4064000,2000.0,757760000,0.0015812999990885146,0.00035230000139563344,85.38232421875
exact,2000,32,1,446,0.0004790300445165485,0.930328125,1.0,64000,4000000,4064000,2000.0,757760000,0.0049895000011019874,0.0010806000009324634,85.38232421875
exact,2000,32,1,447,0.0004790450620930642,0.93028125,1.0,64000,4000000,4064000,2000.0,757760000,0.001833700000133831,0.00035289999868837185,85.38232421875
exact,2000,32,1,448,0.000479037465993315,0.930296875,1.0,64000,4000000,4064000,2000.0,757760000,0.0017584999986866023,0.000366599999324535,85.38232421875
exact,2000,32,1,449,0.00047903956146910787,0.930265625,1.0,64000,4000000,4064000,2000.0,757760000,0.0017846999999164836,0.00037029999839433003,85.38232421875
exact,2000,32,1,450,0.00047905047540552914,0.9303125,1.0,64000,4000000,4064000,2000.0,757760000,0.001602199999979348,0.00036050000016984995,85.38232421875
exact,2000,32,1,451,0.00047903976519592106,0.930296875,1.0,64000,4000000,4064000,2000.0,757760000,0.0016427999998995801,0.00035179999940737616,85.38232421875
exact,2000,32,1,452,0.00047903566155582666,0.930296875,1.0,64000,4000000,4064000,2000.0,757760000,0.0017666000003373483,0.0003271000005042879,85.38232421875
exact,2000,32,1,453,0.000479042500955984,0.9303125,1.0,64000,4000000,4064000,2000.0,757760000,0.0017080999987229006,0.0003661999999167165,85.38232421875
exact,2000,32,1,454,0.0004790428502019495,0.93028125,1.0,64000,4000000,4064000,2000.0,757760000,0.0018307999998796731,0.00038859999949636403,85.38232421875
exact,2000,32,1,455,0.00047903734957799315,0.9303125,1.0,64000,4000000,4064000,2000.0,757760000,0.001564700000017183,0.0003360999999131309,85.38232421875
exact,2000,32,1,456,0.0004790487000718713,0.930328125,1.0,64000,4000000,4064000,2000.0,757760000,0.0019589000003179535,0.00043259999984002206,85.38232421875
exact,2000,32,1,457,0.0004790361854247749,0.930296875,1.0,64000,4000000,4064000,2000.0,757760000,0.0018417999999655876,0.0004239999998389976,85.38232421875
exact,2000,32,1,458,0.000479041162179783,0.930265625,1.0,64000,4000000,4064000,2000.0,757760000,0.0015168000008998206,0.00031539999872620683,85.38232421875
exact,2000,32,1,459,0.0004790506500285119,0.930296875,1.0,64000,4000000,4064000,2000.0,757760000,0.0016536000002815854,0.00030669999978272244,85.38232421875
exact,2000,32,1,460,0.0004790282982867211,0.93028125,1.0,64000,4000000,4064000,2000.0,757760000,0.0016816999996080995,0.0003727000002982095,85.38232421875
exact,2000,32,1,461,0.00047904063831083477,0.93028125,1.0,64000,4000000,4064000,2000.0,757760000,0.005833199998960481,0.00040499999886378646,85.38232421875
exact,2000,32,1,462,0.00047904893290251493,0.93025,1.0,64000,4000000,4064000,2000.0,757760000,0.0028619000004255213,0.0003264999995735707,85.38232421875
exact,2000,32,1,463,0.00047903647646307945,0.9303125,1.0,64000,4000000,4064000,2000.0,757760000,0.0016711999996914528,0.00031510000007983763,85.38232421875
exact,2000,32,1,464,0.00047904934035614133,0.93028125,1.0,64000,4000000,4064000,2000.0,757760000,0.0016124000012496253,0.00034919999961857684,85.38232421875
exact,2000,32,1,465,0.0004790453240275383,0.930265625,1.0,64000,4000000,4064000,2000.0,757760000,0.001580199999807519,0.00035089999983028974,85.38232421875
exact,2000,32,1,466,0.0004790415405295789,0.930296875,1.0,64000,4000000,4064000,2000.0,757760000,0.00174440000046161,0.00034760000016831327,85.38232421875
exact,2000,32,1,467,0.0004790376697201282,0.930296875,1.0,64000,4000000,4064000,2000.0,757760000,0.001579699999638251,0.00033959999927901663,85.38232421875
exact,2000,32,1,468,0.00047905597602948546,0.930296875,1.0,64000,4000000,4064000,2000.0,757760000,0.0017592000003787689,0.0003617999991547549,85.38232421875
exact,2000,32,1,469,0.000479028036352247,0.93028125,1.0,64000,4000000,4064000,2000.0,757760000,0.0015543999998044455,0.0003420000011828961,85.38232421875
exact,2000,32,1,470,0.0004790424427483231,0.93028125,1.0,64000,4000000,4064000,2000.0,757760000,0.0015149999999266583,0.0003393000006326474,85.38232421875
exact,2000,32,1,471,0.00047904535313136876,0.930265625,1.0,64000,4000000,4064000,2000.0,757760000,0.011075799999161973,0.0028128999983891845,85.38232421875
exact,2000,32,1,472,0.00047903673839755356,0.930296875,1.0,64000,4000000,4064000,2000.0,757760000,0.001803599998311256,0.0003388999994058395,85.38232421875
exact,2000,32,1,473,0.00047903668018989265,0.930296875,1.0,64000,4000000,4064000,2000.0,757760000,0.0018047000012302306,0.0003888000010192627,85.38232421875
exact,2000,32,1,474,0.0004790466628037393,0.930265625,1.0,64000,4000000,4064000,2000.0,757760000,0.0016631999988021562,0.0003400999994482845,85.38232421875
exact,2000,32,1,475,0.0004790434904862195,0.930296875,1.0,64000,4000000,4064000,2000.0,757760000,0.0015531999997620005,0.00034729999970295466,85.38232421875
exact,2000,32,1,476,0.0004790430248249322,0.930265625,1.0,64000,4000000,4064000,2000.0,757760000,0.001622599998881924,0.0003347999991092365,85.38232421875
exact,2000,32,1,477,0.0004790450620930642,0.930296875,1.0,64000,4000000,4064000,2000.0,757760000,0.004047200000059092,0.0003108000000793254,85.38232421875
exact,2000,32,1,478,0.00047904805978760123,0.93028125,1.0,64000,4000000,4064000,2000.0,757760000,0.001577299999553361,0.00031230000058712903,85.38232421875
exact,2000,32,1,479,0.0004790429666172713,0.930265625,1.0,64000,4000000,4064000,2000.0,757760000,0.0015352000009443145,0.00034699999923759606,85.38232421875
exact,2000,32,1,480,0.000479045877000317,0.930296875,1.0,64000,4000000,4064000,2000.0,757760000,0.005085699998744531,0.00039459999970858917,85.38232421875
exact,2000,32,1,481,0.0004790371749550104,0.93028125,1.0,64000,4000000,4064000,2000.0,757760000,0.0015929000001051463,0.0003470999999990454,85.38232421875
exact,2000,32,1,482,0.0004790376406162977,0.93028125,1.0,64000,4000000,4064000,2000.0,757760000,0.0021464000001287786,0.000305800000205636,85.38232421875
exact,2000,32,1,483,0.00047904576058499515,0.9303125,1.0,64000,4000000,4064000,2000.0,757760000,0.0015720999999757623,0.00034719999894150533,85.38232421875
exact,2000,32,1,484,0.0004790455859620124,0.930265625,1.0,64000,4000000,4064000,2000.0,757760000,0.00148799999988114,0.00030309999965538736,85.38232421875
exact,2000,32,1,485,0.0004790389211848378,0.93028125,1.0,64000,4000000,4064000,2000.0,757760000,0.0016876999998203246,0.00034139999843318947,85.38232421875
exact,2000,32,1,486,0.0004790454695466906,0.9303125,1.0,64000,4000000,4064000,2000.0,757760000,0.001587900000231457,0.00033629999961704016,85.38232421875
exact,2000,32,1,487,0.00047904904931783676,0.93025,1.0,64000,4000000,4064000,2000.0,757760000,0.0049307000008411705,0.0012587999990500975,85.38232421875
exact,2000,32,1,488,0.0004790371749550104,0.93028125,1.0,64000,4000000,4064000,2000.0,757760000,0.0016073000006144866,0.0003715999991982244,85.38232421875
exact,2000,32,1,489,0.000479047215776518,0.93028125,1.0,64000,4000000,4064000,2000.0,757760000,0.0020119999990129145,0.000311100000544684,85.38232421875
exact,2000,32,1,490,0.00047904232633300126,0.930265625,1.0,64000,4000000,4064000,2000.0,757760000,0.0017091999998228857,0.0004214000000501983,85.38232421875
exact,2000,32,1,491,0.0004790379316546023,0.930296875,1.0,64000,4000000,4064000,2000.0,757760000,0.0017672000012680655,0.00037739999970654026,85.38232421875
exact,2000,32,1,492,0.00047903749509714544,0.930265625,1.0,64000,4000000,4064000,2000.0,757760000,0.0016044999993027886,0.0003156000002491055,85.38232421875
exact,2000,32,1,493,0.0004790544626303017,0.93028125,1.0,64000,4000000,4064000,2000.0,757760000,0.002320499999768799,0.0003378000001248438,85.38232421875
exact,2000,32,1,494,0.0004790379316546023,0.930296875,1.0,64000,4000000,4064000,2000.0,757760000,0.001610600000276463,0.00033199999961652793,85.38232421875
exact,2000,32,1,495,0.0004790333623532206,0.930296875,1.0,64000,4000000,4064000,2000.0,757760000,0.0019898999998986255,0.00047559999984514434,85.38232421875
exact,2000,32,1,496,0.0004790538514498621,0.93028125,1.0,64000,4000000,4064000,2000.0,757760000,0.0015899999998509884,0.00030760000117879827,85.38232421875
exact,2000,32,1,497,0.0004790360399056226,0.9303125,1.0,64000,4000000,4064000,2000.0,757760000,0.0015860000003158348,0.00030929999957152177,85.38232421875
exact,2000,32,1,498,0.00047904375242069364,0.930265625,1.0,64000,4000000,4064000,2000.0,757760000,0.0038623000000370666,0.0012931000001117354,85.38232421875
exact,2000,32,1,499,0.0004790443053934723,0.93025,1.0,64000,4000000,4064000,2000.0,757760000,0.00185330000022077,0.000383700000384124,85.38232421875
exact,2000,32,1,500,0.00047904462553560734,0.930328125,1.0,64000,4000000,4064000,2000.0,757760000,0.0015954000009514857,0.00034279999999853317,85.38232421875
ariad,2000,32,1,1,0.21090930700302124,0.05375,0.067171875,64000,288000,352000,144.0,282624000,0.08678119999967748,0.08309619999999995,167.232421875
ariad,2000,32,1,2,0.17825497686862946,0.091875,0.163625,64000,288000,352000,144.0,282624000,0.006067700000130571,0.002970199999253964,168.822265625
ariad,2000,32,1,3,0.15867799520492554,0.12109375,0.290984375,64000,288000,352000,144.0,282624000,0.004153699999733362,0.0023859000011725584,168.822265625
ariad,2000,32,1,4,0.14467352628707886,0.138859375,0.427375,64000,288000,352000,144.0,282624000,0.004206999999951222,0.002528600000005099,168.822265625
ariad,2000,32,1,5,0.1344069540500641,0.142640625,0.547546875,64000,288000,352000,144.0,282624000,0.0036884000001009554,0.0022095999993325677,168.822265625
ariad,2000,32,1,6,0.127089262008667,0.140109375,0.63653125,64000,288000,352000,144.0,282624000,0.0038250000015978003,0.0022724999998899875,168.822265625
ariad,2000,32,1,7,0.12207260727882385,0.132734375,0.697296875,64000,288000,352000,144.0,282624000,0.004233600000588922,0.0024472000004607253,168.822265625
ariad,2000,32,1,8,0.1185736134648323,0.124828125,0.74034375,64000,288000,352000,144.0,282624000,0.005977000000711996,0.0020433999998203944,168.822265625
ariad,2000,32,1,9,0.11583753675222397,0.118703125,0.770359375,64000,288000,352000,144.0,282624000,0.004071299999850453,0.0025271000013162848,168.822265625
ariad,2000,32,1,10,0.1134297251701355,0.113453125,0.794265625,64000,288000,352000,144.0,282624000,0.0035023000000364846,0.002091300000756746,168.822265625
ariad,2000,32,1,11,0.11155101656913757,0.1098125,0.811640625,64000,288000,352000,144.0,282624000,0.003612099999372731,0.0022140000000945292,168.822265625
ariad,2000,32,1,12,0.10984554886817932,0.107703125,0.8253125,64000,288000,352000,144.0,282624000,0.003541199999745004,0.0022628000006079674,168.822265625
ariad,2000,32,1,13,0.10821627080440521,0.10678125,0.838015625,64000,288000,352000,144.0,282624000,0.003310800000690506,0.0020239999994373647,168.822265625
ariad,2000,32,1,14,0.10677797347307205,0.1064375,0.84771875,64000,288000,352000,144.0,282624000,0.003305299998828559,0.0020733000001200708,168.822265625
ariad,2000,32,1,15,0.10542493313550949,0.107484375,0.854375,64000,288000,352000,144.0,282624000,0.0032547000009799376,0.0020606999987649033,168.822265625
ariad,2000,32,1,16,0.10403699427843094,0.109890625,0.85940625,64000,288000,352000,144.0,282624000,0.0033111000011558644,0.002081200000247918,168.822265625
ariad,2000,32,1,17,0.10273480415344238,0.113203125,0.863921875,64000,288000,352000,144.0,282624000,0.0032433000014862046,0.0020380999994813465,168.822265625
ariad,2000,32,1,18,0.10145335644483566,0.118171875,0.866828125,64000,288000,352000,144.0,282624000,0.003264500001023407,0.0020411999994394137,168.822265625
ariad,2000,32,1,19,0.10007208585739136,0.124,0.869484375,64000,288000,352000,144.0,282624000,0.003315299998575938,0.002066999999442487,168.822265625
ariad,2000,32,1,20,0.09883283823728561,0.12990625,0.869921875,64000,288000,352000,144.0,282624000,0.003259200000684359,0.0020309999999881256,168.822265625
ariad,2000,32,1,21,0.09742119163274765,0.138046875,0.871046875,64000,288000,352000,144.0,282624000,0.0034226000007038238,0.0021833999999216758,168.822265625
ariad,2000,32,1,22,0.09605711698532104,0.147171875,0.868734375,64000,288000,352000,144.0,282624000,0.0034396000010019634,0.0021303999983501853,168.822265625
ariad,2000,32,1,23,0.09466610848903656,0.15771875,0.868765625,64000,288000,352000,144.0,282624000,0.0033518000000185566,0.0020840999986830866,168.822265625
ariad,2000,32,1,24,0.09324498474597931,0.16915625,0.867828125,64000,288000,352000,144.0,282624000,0.003357499999765423,0.0020980000008421484,168.822265625
ariad,2000,32,1,25,0.09177960455417633,0.183015625,0.868734375,64000,288000,352000,144.0,282624000,0.003264000000854139,0.0020768999984284164,168.822265625
ariad,2000,32,1,26,0.0902450904250145,0.196828125,0.868203125,64000,288000,352000,144.0,282624000,0.0032525999995414168,0.002007499999308493,168.822265625
ariad,2000,32,1,27,0.0886361300945282,0.21184375,0.86634375,64000,288000,352000,144.0,282624000,0.0032780999990791315,0.002065299999230774,168.822265625
ariad,2000,32,1,28,0.08703627437353134,0.228828125,0.867953125,64000,288000,352000,144.0,282624000,0.0032076000006782124,0.0020230999998602783,168.822265625
ariad,2000,32,1,29,0.08535540103912354,0.246875,0.870390625,64000,288000,352000,144.0,282624000,0.0034149999992223457,0.002174699999159202,168.822265625
ariad,2000,32,1,30,0.08369128406047821,0.264859375,0.87265625,64000,288000,352000,144.0,282624000,0.003199700000550365,0.002034099999946193,168.822265625
ariad,2000,32,1,31,0.08192923665046692,0.28384375,0.874234375,64000,288000,352000,144.0,282624000,0.003199000000677188,0.002018099999986589,168.822265625
ariad,2000,32,1,32,0.08010942488908768,0.302640625,0.8763125,64000,288000,352000,144.0,282624000,0.0032566999998380197,0.0020268999996915227,168.822265625
ariad,2000,32,1,33,0.07829990237951279,0.32203125,0.88028125,64000,288000,352000,144.0,282624000,0.003268200000093202,0.0019766000004892703,168.822265625
ariad,2000,32,1,34,0.07641460001468658,0.341328125,0.884890625,64000,288000,352000,144.0,282624000,0.0031976000009308336,0.0020304999998188578,168.822265625
ariad,2000,32,1,35,0.07444418966770172,0.360203125,0.8878125,64000,288000,352000,144.0,282624000,0.0031873000007180963,0.001997200000914745,168.822265625
ariad,2000,32,1,36,0.07251293957233429,0.379515625,0.8923125,64000,288000,352000,144.0,282624000,0.0034795000010490185,0.002091899999868474,168.822265625
ariad,2000,32,1,37,0.07060228288173676,0.397859375,0.8968125,64000,288000,352000,144.0,282624000,0.0032501000005140668,0.0020487000001594424,168.822265625
ariad,2000,32,1,38,0.06858575344085693,0.416796875,0.90203125,64000,288000,352000,144.0,282624000,0.0033356999992975034,0.002090100000714301,168.822265625
ariad,2000,32,1,39,0.06663425266742706,0.433625,0.9048125,64000,288000,352000,144.0,282624000,0.003315100000691018,0.0020518000001175096,168.822265625
ariad,2000,32,1,40,0.06464981287717819,0.449,0.907203125,64000,288000,352000,144.0,282624000,0.0033108999996329658,0.0020851999997830717,168.822265625
ariad,2000,32,1,41,0.06267031282186508,0.465296875,0.910140625,64000,288000,352000,144.0,282624000,0.0032572999989497475,0.002073999999993248,168.822265625
ariad,2000,32,1,42,0.06065943464636803,0.47965625,0.911640625,64000,288000,352000,144.0,282624000,0.0032921000001806533,0.0020523999992292374,168.822265625
ariad,2000,32,1,43,0.058733150362968445,0.49340625,0.91421875,64000,288000,352000,144.0,282624000,0.004648800000722986,0.00202020000142511,168.822265625
ariad,2000,32,1,44,0.05684046819806099,0.506265625,0.91703125,64000,288000,352000,144.0,282624000,0.0039032000004226575,0.002246299998660106,168.822265625
ariad,2000,32,1,45,0.05500876158475876,0.518140625,0.919640625,64000,288000,352000,144.0,282624000,0.0037125000017113052,0.0021415000010165386,168.822265625
ariad,2000,32,1,46,0.05322962626814842,0.52846875,0.920671875,64000,288000,352000,144.0,282624000,0.0034386999996058876,0.002080500000374741,168.822265625
ariad,2000,32,1,47,0.05147326737642288,0.53909375,0.922109375,64000,288000,352000,144.0,282624000,0.004298699999708333,0.0025914999987435294,168.822265625
ariad,2000,32,1,48,0.04975377023220062,0.547984375,0.92425,64000,288000,352000,144.0,282624000,0.0035426000013103476,0.002192500000091968,168.822265625
ariad,2000,32,1,49,0.04806656762957573,0.55653125,0.92409375,64000,288000,352000,144.0,282624000,0.003290700000434299,0.002054399999906309,168.822265625
ariad,2000,32,1,50,0.046421654522418976,0.565625,0.926453125,64000,288000,352000,144.0,282624000,0.008784099998592865,0.007174800000939285,168.822265625
ariad,2000,32,1,51,0.04479541629552841,0.573125,0.92775,64000,288000,352000,144.0,282624000,0.004216299999825424,0.002102000000377302,168.822265625
ariad,2000,32,1,52,0.04322763904929161,0.579953125,0.928625,64000,288000,352000,144.0,282624000,0.0035771999991993653,0.0021340999992389698,168.822265625
ariad,2000,32,1,53,0.04167092964053154,0.587140625,0.929078125,64000,288000,352000,144.0,282624000,0.0040817999997670995,0.0024493999990227167,168.822265625
ariad,2000,32,1,54,0.040159035474061966,0.593265625,0.9313125,64000,288000,352000,144.0,282624000,0.0038622000010946067,0.0021621000014420133,168.822265625
ariad,2000,32,1,55,0.03869443014264107,0.59965625,0.9323125,64000,288000,352000,144.0,282624000,0.003335999999762862,0.002013700001043617,168.822265625
ariad,2000,32,1,56,0.03721638023853302,0.6058125,0.93340625,64000,288000,352000,144.0,282624000,0.0034696000002440996,0.002116300000125193,168.822265625
ariad,2000,32,1,57,0.035758983343839645,0.61134375,0.934609375,64000,288000,352000,144.0,282624000,0.003998300000603194,0.0023632000011275522,168.822265625
ariad,2000,32,1,58,0.03432038053870201,0.616359375,0.935078125,64000,288000,352000,144.0,282624000,0.0034445000001142034,0.0021034000001236564,168.822265625
ariad,2000,32,1,59,0.032904986292123795,0.62153125,0.93596875,64000,288000,352000,144.0,282624000,0.004572399999233312,0.0020738000002893386,168.822265625
ariad,2000,32,1,60,0.03151468187570572,0.6264375,0.937140625,64000,288000,352000,144.0,282624000,0.003333500000735512,0.0020869999989372445,168.822265625
ariad,2000,32,1,61,0.030142102390527725,0.631109375,0.937796875,64000,288000,352000,144.0,282624000,0.00364379999882658,0.002000999998927,168.822265625
ariad,2000,32,1,62,0.028812356293201447,0.635484375,0.939125,64000,288000,352000,144.0,282624000,0.0036431000007723924,0.002207900000939844,168.822265625
ariad,2000,32,1,63,0.027506008744239807,0.639421875,0.938828125,64000,288000,352000,144.0,282624000,0.003359799999088864,0.0020921000013913726,168.822265625
ariad,2000,32,1,64,0.02623835764825344,0.643265625,0.93903125,64000,288000,352000,144.0,282624000,0.003395599998839316,0.0021071000010124408,168.822265625
ariad,2000,32,1,65,0.024988675490021706,0.64759375,0.939765625,64000,288000,352000,144.0,282624000,0.003276900000855676,0.002012799999647541,168.822265625
ariad,2000,32,1,66,0.023762136697769165,0.6515,0.94096875,64000,288000,352000,144.0,282624000,0.0038984000002528774,0.00242679999973916,168.822265625
ariad,2000,32,1,67,0.02256031706929207,0.65528125,0.94078125,64000,288000,352000,144.0,282624000,0.005251999999018153,0.003905300000042189,168.822265625
ariad,2000,32,1,68,0.02138703688979149,0.65809375,0.941578125,64000,288000,352000,144.0,282624000,0.0036344000000099186,0.0021219999998720596,168.822265625
ariad,2000,32,1,69,0.020250504836440086,0.6613125,0.941359375,64000,288000,352000,144.0,282624000,0.0035926000000472413,0.0022503000000142492,168.822265625
ariad,2000,32,1,70,0.019160492345690727,0.664234375,0.94203125,64000,288000,352000,144.0,282624000,0.010134100000868784,0.00819940000110364,168.822265625
ariad,2000,32,1,71,0.018118035048246384,0.667890625,0.942015625,64000,288000,352000,144.0,282624000,0.003565099999832455,0.002235899999504909,168.822265625
ariad,2000,32,1,72,0.01711452193558216,0.671140625,0.942734375,64000,288000,352000,144.0,282624000,0.0036228000008122763,0.002177000000301632,168.822265625
ariad,2000,32,1,73,0.01615152508020401,0.6744375,0.943234375,64000,288000,352000,144.0,282624000,0.008244499998909305,0.005558499999096966,168.822265625
ariad,2000,32,1,74,0.015229495242238045,0.677390625,0.9435625,64000,288000,352000,144.0,282624000,0.0036885000008624047,0.002236300000731717,168.822265625
ariad,2000,32,1,75,0.014344637282192707,0.68040625,0.94459375,64000,288000,352000,144.0,282624000,0.003987899999629008,0.0024068999991868623,168.822265625
ariad,2000,32,1,76,0.013500180095434189,0.68375,0.94465625,64000,288000,352000,144.0,282624000,0.003357400000822963,0.00206860000071174,168.822265625
ariad,2000,32,1,77,0.012700146064162254,0.6865625,0.94503125,64000,288000,352000,144.0,282624000,0.0039496999997936655,0.002301399999851128,168.822265625
ariad,2000,32,1,78,0.011947006918489933,0.68984375,0.945640625,64000,288000,352000,144.0,282624000,0.003725500000655302,0.002118799999152543,168.822265625
ariad,2000,32,1,79,0.0112457862123847,0.692546875,0.94590625,64000,288000,352000,144.0,282624000,0.0036725999998452608,0.002239200000985875,168.822265625
ariad,2000,32,1,80,0.010594185441732407,0.69546875,0.947046875,64000,288000,352000,144.0,282624000,0.003519300000334624,0.002079300000332296,168.822265625
ariad,2000,32,1,81,0.009990635327994823,0.69796875,0.947609375,64000,288000,352000,144.0,282624000,0.0034259000003658002,0.0020606999987649033,168.822265625
ariad,2000,32,1,82,0.009431076236069202,0.700875,0.947875,64000,288000,352000,144.0,282624000,0.003412000000025728,0.0021385000000009313,168.822265625
ariad,2000,32,1,83,0.008913004770874977,0.7036875,0.94865625,64000,288000,352000,144.0,282624000,0.0032522000001335982,0.002062899999145884,168.822265625
ariad,2000,32,1,84,0.008435089141130447,0.70678125,0.949765625,64000,288000,352000,144.0,282624000,0.0033838999988802243,0.002081000000544009,168.822265625
ariad,2000,32,1,85,0.007995355874300003,0.709546875,0.950421875,64000,288000,352000,144.0,282624000,0.003938600000765291,0.002516799999284558,168.822265625
ariad,2000,32,1,86,0.007589255925267935,0.712453125,0.951125,64000,288000,352000,144.0,282624000,0.0039027000002533896,0.002108099999531987,168.822265625
ariad,2000,32,1,87,0.007213098928332329,0.71540625,0.952390625,64000,288000,352000,144.0,282624000,0.0035509999997884734,0.0021365999982663197,168.822265625
ariad,2000,32,1,88,0.006863006390631199,0.7180625,0.953,64000,288000,352000,144.0,282624000,0.0039293000008910894,0.002585600001111743,168.822265625
ariad,2000,32,1,89,0.006537295877933502,0.720515625,0.95365625,64000,288000,352000,144.0,282624000,0.0036058999994565966,0.002162099999623024,168.822265625
ariad,2000,32,1,90,0.006234068423509598,0.7228125,0.954015625,64000,288000,352000,144.0,282624000,0.003532900000209338,0.002089599998726044,168.822265625
ariad,2000,32,1,91,0.005951985251158476,0.724546875,0.954796875,64000,288000,352000,144.0,282624000,0.006627799999478157,0.0029930000000604196,168.822265625
ariad,2000,32,1,92,0.005690611433237791,0.727171875,0.955046875,64000,288000,352000,144.0,282624000,0.003712600000653765,0.0021534999996219995,168.822265625
ariad,2000,32,1,93,0.0054469360038638115,0.729671875,0.95578125,64000,288000,352000,144.0,282624000,0.003403700000490062,0.002101399999446585,168.822265625
ariad,2000,32,1,94,0.005219983868300915,0.731734375,0.95625,64000,288000,352000,144.0,282624000,0.00484859999960463,0.0035313000007590745,168.822265625
ariad,2000,32,1,95,0.00500705698505044,0.73378125,0.957359375,64000,288000,352000,144.0,282624000,0.004347399999460322,0.002089900001010392,168.822265625
ariad,2000,32,1,96,0.0048068612813949585,0.7365625,0.957609375,64000,288000,352000,144.0,282624000,0.0035889999999199063,0.0021410999997897306,168.822265625
ariad,2000,32,1,97,0.004618686158210039,0.738703125,0.95928125,64000,288000,352000,144.0,282624000,0.003919100001439801,0.002398299999185838,168.822265625
ariad,2000,32,1,98,0.00444213580340147,0.741,0.959671875,64000,288000,352000,144.0,282624000,0.0037100999998074258,0.0020541000012599397,168.822265625
ariad,2000,32,1,99,0.004276616033166647,0.74296875,0.960859375,64000,288000,352000,144.0,282624000,0.003513200001179939,0.002123500000379863,168.822265625
ariad,2000,32,1,100,0.004121257923543453,0.744828125,0.961109375,64000,288000,352000,144.0,282624000,0.0036397999992914265,0.002342499999940628,168.822265625
ariad,2000,32,1,101,0.003974777180701494,0.74659375,0.961453125,64000,288000,352000,144.0,282624000,0.0035415000002103625,0.0020760999996127794,168.822265625
ariad,2000,32,1,102,0.0038368720561265945,0.748453125,0.961765625,64000,288000,352000,144.0,282624000,0.003513300000122399,0.0021273000002111075,168.822265625
ariad,2000,32,1,103,0.003707344178110361,0.750125,0.962421875,64000,288000,352000,144.0,282624000,0.0034011999996437225,0.0020827999996981816,168.822265625
ariad,2000,32,1,104,0.0035859558265656233,0.75240625,0.9628125,64000,288000,352000,144.0,282624000,0.003322800001114956,0.0020636999997805106,168.822265625
ariad,2000,32,1,105,0.003471868112683296,0.754453125,0.963359375,64000,288000,352000,144.0,282624000,0.0032554000008531148,0.0020035000015923288,168.822265625
ariad,2000,32,1,106,0.0033645264338701963,0.756390625,0.963546875,64000,288000,352000,144.0,282624000,0.0035139000010531163,0.0021556000010605203,168.822265625
ariad,2000,32,1,107,0.0032626448664814234,0.758140625,0.963953125,64000,288000,352000,144.0,282624000,0.003229599999031052,0.001978600001166342,168.822265625
ariad,2000,32,1,108,0.003166245063766837,0.760328125,0.965234375,64000,288000,352000,144.0,282624000,0.0035951000008935807,0.0021316000002116198,168.822265625
ariad,2000,32,1,109,0.0030742522794753313,0.761796875,0.96559375,64000,288000,352000,144.0,282624000,0.005401700000220444,0.0020684999999502907,168.822265625
ariad,2000,32,1,110,0.0029858401976525784,0.76328125,0.966015625,64000,288000,352000,144.0,282624000,0.0034998000010091346,0.0021682000005966984,168.822265625
ariad,2000,32,1,111,0.002901703817769885,0.764890625,0.966390625,64000,288000,352000,144.0,282624000,0.0033136000001832144,0.0020494000000326196,168.822265625
ariad,2000,32,1,112,0.0028211951721459627,0.766859375,0.966546875,64000,288000,352000,144.0,282624000,0.0033129000003100373,0.002063599999019061,168.822265625
ariad,2000,32,1,113,0.0027444821316748857,0.768296875,0.96709375,64000,288000,352000,144.0,282624000,0.003742400000191992,0.002114400000209571,168.822265625
ariad,2000,32,1,114,0.0026715020649135113,0.76975,0.967515625,64000,288000,352000,144.0,282624000,0.0052871999996568775,0.0021321999993233476,168.822265625
ariad,2000,32,1,115,0.0026016365736722946,0.7715625,0.9686875,64000,288000,352000,144.0,282624000,0.003408000000490574,0.002176300000428455,168.822265625
ariad,2000,32,1,116,0.00253490824252367,0.773015625,0.969140625,64000,288000,352000,144.0,282624000,0.0035824000005959533,0.002160300000468851,168.822265625
ariad,2000,32,1,117,0.002471460960805416,0.77434375,0.9693125,64000,288000,352000,144.0,282624000,0.008248400001320988,0.0021340999992389698,168.822265625
ariad,2000,32,1,118,0.0024108400102704763,0.7756875,0.96946875,64000,288000,352000,144.0,282624000,0.003415799999856972,0.0021249999990686774,168.822265625
ariad,2000,32,1,119,0.0023527571465820074,0.777265625,0.97021875,64000,288000,352000,144.0,282624000,0.003394399998796871,0.0021326000005501555,168.822265625
ariad,2000,32,1,120,0.0022973886225372553,0.778671875,0.970671875,64000,288000,352000,144.0,282624000,0.0032957000003079884,0.00202990000070713,168.822265625
ariad,2000,32,1,121,0.0022444548085331917,0.78028125,0.9709375,64000,288000,352000,144.0,282624000,0.0033701000011205906,0.0019407999989198288,168.822265625
ariad,2000,32,1,122,0.002193465828895569,0.781640625,0.971125,64000,288000,352000,144.0,282624000,0.004032099999676575,0.002216799999587238,168.822265625
ariad,2000,32,1,123,0.0021445341408252716,0.7831875,0.971515625,64000,288000,352000,144.0,282624000,0.0038294000005407725,0.0021479000006365823,168.822265625
ariad,2000,32,1,124,0.002097619930282235,0.784453125,0.971765625,64000,288000,352000,144.0,282624000,0.0035380000008444767,0.002131700000973069,168.822265625
ariad,2000,32,1,125,0.002052649622783065,0.785890625,0.972640625,64000,288000,352000,144.0,282624000,0.003658400000858819,0.0022038000006432412,168.822265625
ariad,2000,32,1,126,0.002009555697441101,0.787375,0.973140625,64000,288000,352000,144.0,282624000,0.003620499999669846,0.002078199999232311,168.822265625
ariad,2000,32,1,127,0.001968194730579853,0.788765625,0.973515625,64000,288000,352000,144.0,282624000,0.0035320000006322516,0.002001400000153808,168.822265625
ariad,2000,32,1,128,0.001928516197949648,0.79009375,0.973796875,64000,288000,352000,144.0,282624000,0.0034861000003729714,0.0020968000007997034,168.822265625
ariad,2000,32,1,129,0.0018903444288298488,0.791125,0.97359375,64000,288000,352000,144.0,282624000,0.003373999999894295,0.0020957999986421783,168.822265625
ariad,2000,32,1,130,0.0018531115492805839,0.792875,0.97321875,64000,288000,352000,144.0,282624000,0.0033058999997592764,0.0020576999995682854,168.822265625
ariad,2000,32,1,131,0.0018174898577854037,0.794234375,0.97346875,64000,288000,352000,144.0,282624000,0.005779000000984524,0.004128699998545926,168.822265625
ariad,2000,32,1,132,0.0017828653799369931,0.795453125,0.973828125,64000,288000,352000,144.0,282624000,0.0032923999988270225,0.0020761999985552393,168.822265625
ariad,2000,32,1,133,0.0017498309025540948,0.796765625,0.974265625,64000,288000,352000,144.0,282624000,0.0034164000007876894,0.002097999999023159,168.822265625
ariad,2000,32,1,134,0.0017176331020891666,0.79815625,0.9740625,64000,288000,352000,144.0,282624000,0.008343100000274717,0.006499700000858866,168.822265625
ariad,2000,32,1,135,0.0016866573132574558,0.79940625,0.973984375,64000,288000,352000,144.0,282624000,0.005274799999824609,0.002132499999788706,168.822265625
ariad,2000,32,1,136,0.0016566675622016191,0.80084375,0.974328125,64000,288000,352000,144.0,282624000,0.003482899999653455,0.0020719000003737165,168.822265625
ariad,2000,32,1,137,0.0016274669906124473,0.802125,0.974234375,64000,288000,352000,144.0,282624000,0.003419200000280398,0.002053299998806324,168.822265625
ariad,2000,32,1,138,0.0015990202082321048,0.803921875,0.974890625,64000,288000,352000,144.0,282624000,0.0036046999994141515,0.0022140000000945292,168.822265625
ariad,2000,32,1,139,0.0015716891502961516,0.80534375,0.975640625,64000,288000,352000,144.0,282624000,0.004213199999867356,0.0020612999996956205,168.822265625
ariad,2000,32,1,140,0.0015449769562110305,0.806296875,0.976,64000,288000,352000,144.0,282624000,0.003483000000414904,0.002111699999659322,168.822265625
ariad,2000,32,1,141,0.0015191055135801435,0.807421875,0.976,64000,288000,352000,144.0,282624000,0.005209599999943748,0.0037507000015466474,168.822265625
ariad,2000,32,1,142,0.0014940755208954215,0.809078125,0.97640625,64000,288000,352000,144.0,282624000,0.003421899999011657,0.002124099999491591,168.822265625
ariad,2000,32,1,143,0.0014698365703225136,0.810265625,0.976609375,64000,288000,352000,144.0,282624000,0.003260200001022895,0.0019606000005296664,168.822265625
ariad,2000,32,1,144,0.0014460643287748098,0.81134375,0.976234375,64000,288000,352000,144.0,282624000,0.003361600000062026,0.002079500000036205,168.822265625
ariad,2000,32,1,145,0.00142306974157691,0.812453125,0.97640625,64000,288000,352000,144.0,282624000,0.008546499999283697,0.005174300000362564,168.822265625
ariad,2000,32,1,146,0.001400756649672985,0.813625,0.976453125,64000,288000,352000,144.0,282624000,0.003453100000115228,0.002101500000208034,168.822265625
ariad,2000,32,1,147,0.0013792122481390834,0.815203125,0.9765625,64000,288000,352000,144.0,282624000,0.0034737999994831625,0.002132399999027257,168.822265625
ariad,2000,32,1,148,0.0013582349056378007,0.816484375,0.976375,64000,288000,352000,144.0,282624000,0.0031625999999960186,0.0019807000007858733,168.822265625
ariad,2000,32,1,149,0.001337842782959342,0.817828125,0.97671875,64000,288000,352000,144.0,282624000,0.003352199999426375,0.0020559000004141126,168.822265625
ariad,2000,32,1,150,0.0013180802343413234,0.8188125,0.976609375,64000,288000,352000,144.0,282624000,0.0034014999982900918,0.0020612000007531606,168.822265625
ariad,2000,32,1,151,0.0012986743822693825,0.820078125,0.97653125,64000,288000,352000,144.0,282624000,0.0033186999989993637,0.002010800000789459,168.822265625
ariad,2000,32,1,152,0.0012798856478184462,0.82121875,0.976890625,64000,288000,352000,144.0,282624000,0.003379400000994792,0.0020924999989802018,168.822265625
ariad,2000,32,1,153,0.001261556870304048,0.82240625,0.977078125,64000,288000,352000,144.0,282624000,0.003390899999430985,0.0020542999991448596,168.822265625
ariad,2000,32,1,154,0.001243853592313826,0.82328125,0.9773125,64000,288000,352000,144.0,282624000,0.0036878000009892276,0.002208099998824764,168.822265625
ariad,2000,32,1,155,0.0012266323901712894,0.82459375,0.977328125,64000,288000,352000,144.0,282624000,0.0034362999995209975,0.0021128000007593073,168.822265625
ariad,2000,32,1,156,0.001209715846925974,0.82603125,0.977515625,64000,288000,352000,144.0,282624000,0.005663400001139962,0.0036290000007284107,168.822265625
ariad,2000,32,1,157,0.001193464850075543,0.826921875,0.977640625,64000,288000,352000,144.0,282624000,0.0033374000013282057,0.0020672999999078456,168.822265625
ariad,2000,32,1,158,0.0011776050087064505,0.828046875,0.977609375,64000,288000,352000,144.0,282624000,0.003262199999880977,0.0020542999991448596,168.822265625
ariad,2000,32,1,159,0.0011619218857958913,0.82903125,0.977828125,64000,288000,352000,144.0,282624000,0.003438200001255609,0.0021153000016056467,168.822265625
ariad,2000,32,1,160,0.0011467008152976632,0.8300625,0.9781875,64000,288000,352000,144.0,282624000,0.0033622999999352032,0.0020903000004182104,168.822265625
ariad,2000,32,1,161,0.0011320126941427588,0.831296875,0.978203125,64000,288000,352000,144.0,282624000,0.003324199999042321,0.00206380000054196,168.822265625
ariad,2000,32,1,162,0.0011175628751516342,0.83228125,0.97821875,64000,288000,352000,144.0,282624000,0.004056699999637203,0.002255499999591848,168.822265625
ariad,2000,32,1,163,0.0011036343639716506,0.8335,0.97846875,64000,288000,352000,144.0,282624000,0.0033500000008643838,0.0021499000013136538,168.822265625
ariad,2000,32,1,164,0.0010898924665525556,0.83465625,0.978296875,64000,288000,352000,144.0,282624000,0.005696000000170898,0.004136199999265955,168.822265625
ariad,2000,32,1,165,0.0010764712933450937,0.835671875,0.978140625,64000,288000,352000,144.0,282624000,0.004203800001050695,0.002364700001635356,168.822265625
ariad,2000,32,1,166,0.0010634299833327532,0.8368125,0.978375,64000,288000,352000,144.0,282624000,0.0034771000009641284,0.0020470999988901895,168.822265625
ariad,2000,32,1,167,0.0010506091639399529,0.8379375,0.97871875,64000,288000,352000,144.0,282624000,0.003845900000669644,0.0020941999991919147,168.822265625
ariad,2000,32,1,168,0.001038133748807013,0.839015625,0.978875,64000,288000,352000,144.0,282624000,0.0032649000004312256,0.002028299999437877,168.822265625
ariad,2000,32,1,169,0.0010259266709908843,0.83984375,0.979078125,64000,288000,352000,144.0,282624000,0.0033414000008633593,0.002134200000000419,168.822265625
ariad,2000,32,1,170,0.0010139377554878592,0.841171875,0.979515625,64000,288000,352000,144.0,282624000,0.0032652000008965842,0.002084600000671344,168.822265625
ariad,2000,32,1,171,0.0010022614151239395,0.84221875,0.97934375,64000,288000,352000,144.0,282624000,0.0033370000001013977,0.002102000000377302,168.822265625
ariad,2000,32,1,172,0.0009907898493111134,0.843078125,0.978875,64000,288000,352000,144.0,282624000,0.0033162999989144737,0.002112000000124681,168.822265625
ariad,2000,32,1,173,0.0009795748628675938,0.844546875,0.97909375,64000,288000,352000,144.0,282624000,0.0033278999999311054,0.0020702999991044635,168.822265625
ariad,2000,32,1,174,0.0009686400298960507,0.845609375,0.979015625,64000,288000,352000,144.0,282624000,0.0033404999994672835,0.002094899999065092,168.822265625
ariad,2000,32,1,175,0.0009577794698998332,0.846375,0.97871875,64000,288000,352000,144.0,282624000,0.0033762000002752757,0.0021040999999968335,168.822265625
ariad,2000,32,1,176,0.0009473433019593358,0.8475,0.978671875,64000,288000,352000,144.0,282624000,0.003283400001237169,0.0020779999995284015,168.822265625
ariad,2000,32,1,177,0.000937032513320446,0.84865625,0.97978125,64000,288000,352000,144.0,282624000,0.003378100000190898,0.0021011000008002156,168.822265625
ariad,2000,32,1,178,0.0009268480935133994,0.849390625,0.9796875,64000,288000,352000,144.0,282624000,0.003396699999939301,0.002033599999776925,168.822265625
ariad,2000,32,1,179,0.0009169302065856755,0.850203125,0.9800625,64000,288000,352000,144.0,282624000,0.0032749000001786044,0.0020726000002468936,168.822265625
ariad,2000,32,1,180,0.0009070592350326478,0.851234375,0.97990625,64000,288000,352000,144.0,282624000,0.0037021999996795785,0.002084699999613804,168.822265625
ariad,2000,32,1,181,0.0008974891388788819,0.85234375,0.97975,64000,288000,352000,144.0,282624000,0.005074999999123975,0.00375259999964328,168.822265625
ariad,2000,32,1,182,0.0008880546665750444,0.853359375,0.98,64000,288000,352000,144.0,282624000,0.003247200000259909,0.0020022999997308943,168.822265625
ariad,2000,32,1,183,0.0008785438840277493,0.854515625,0.980390625,64000,288000,352000,144.0,282624000,0.003289000000222586,0.0020941999991919147,168.822265625
ariad,2000,32,1,184,0.0008691584225744009,0.855546875,0.98028125,64000,288000,352000,144.0,282624000,0.006659900000158814,0.003234199999496923,168.822265625
ariad,2000,32,1,185,0.0008602596935816109,0.856234375,0.980015625,64000,288000,352000,144.0,282624000,0.003560799999831943,0.0021285000002535526,168.822265625
ariad,2000,32,1,186,0.0008513632346875966,0.8573125,0.980234375,64000,288000,352000,144.0,282624000,0.0035754999989876524,0.002159100000426406,168.822265625
ariad,2000,32,1,187,0.0008425662526860833,0.858296875,0.98046875,64000,288000,352000,144.0,282624000,0.003970000001572771,0.0021634000004269183,168.822265625
ariad,2000,32,1,188,0.0008338526240549982,0.859234375,0.980625,64000,288000,352000,144.0,282624000,0.0033421000007365365,0.0020789999998669373,168.822265625
ariad,2000,32,1,189,0.0008253704872913659,0.86,0.98059375,64000,288000,352000,144.0,282624000,0.0032726999997976236,0.0019857000006595626,168.822265625
ariad,2000,32,1,190,0.000816898129414767,0.8611875,0.980859375,64000,288000,352000,144.0,282624000,0.0033708999999362277,0.0020629999999073334,168.822265625
ariad,2000,32,1,191,0.0008085833978839219,0.862109375,0.98125,64000,288000,352000,144.0,282624000,0.0033968000007007504,0.0022217000005184673,168.822265625
ariad,2000,32,1,192,0.0008004804840311408,0.86284375,0.981375,64000,288000,352000,144.0,282624000,0.01150460000098974,0.006945400000404334,168.822265625
ariad,2000,32,1,193,0.0007922844379208982,0.863671875,0.981515625,64000,288000,352000,144.0,282624000,0.003927300000214018,0.0021723999998357613,168.822265625
ariad,2000,32,1,194,0.0007842291379347444,0.8646875,0.981609375,64000,288000,352000,144.0,282624000,0.0038127999996504514,0.002241199999843957,168.822265625
ariad,2000,32,1,195,0.0007763585890643299,0.8655625,0.981625,64000,288000,352000,144.0,282624000,0.0032523000008950476,0.002010300000620191,168.822265625
ariad,2000,32,1,196,0.0007684780866838992,0.8663125,0.981625,64000,288000,352000,144.0,282624000,0.0032874999997147825,0.0020315999990998534,168.822265625
ariad,2000,32,1,197,0.0007607254665344954,0.867265625,0.981671875,64000,288000,352000,144.0,282624000,0.003578699999707169,0.0020958999994036276,168.822265625
ariad,2000,32,1,198,0.0007530063739977777,0.86825,0.98234375,64000,288000,352000,144.0,282624000,0.0034082000001944834,0.002098900000419235,168.822265625
ariad,2000,32,1,199,0.0007454496808350086,0.869078125,0.982109375,64000,288000,352000,144.0,282624000,0.0033440000006521586,0.0020797999986825744,168.822265625
ariad,2000,32,1,200,0.0007380028255283833,0.869984375,0.981734375,64000,288000,352000,144.0,282624000,0.00330490000123973,0.002110399998855428,168.822265625
ariad,2000,32,1,201,0.0007306007319130003,0.8711875,0.98203125,64000,288000,352000,144.0,282624000,0.00329530000090017,0.0020908000005874783,168.822265625
ariad,2000,32,1,202,0.0007233320502564311,0.872109375,0.982265625,64000,288000,352000,144.0,282624000,0.0032978999988699798,0.002124000000549131,168.822265625
ariad,2000,32,1,203,0.0007161256507970393,0.8731875,0.9820625,64000,288000,352000,144.0,282624000,0.0032417999991594115,0.0020672000009653857,168.822265625
ariad,2000,32,1,204,0.0007089486462064087,0.874109375,0.982234375,64000,288000,352000,144.0,282624000,0.0032358999997086357,0.0020247000011295313,168.822265625
ariad,2000,32,1,205,0.000701997778378427,0.875140625,0.982296875,64000,288000,352000,144.0,282624000,0.003174800000124378,0.0019998000007035444,168.822265625
ariad,2000,32,1,206,0.0006951732793822885,0.8760625,0.982265625,64000,288000,352000,144.0,282624000,0.004251299998941249,0.0020201000006636605,168.822265625
ariad,2000,32,1,207,0.0006883803871460259,0.877109375,0.98253125,64000,288000,352000,144.0,282624000,0.0037849999989703065,0.002212600000348175,168.822265625
ariad,2000,32,1,208,0.0006817029789090157,0.8781875,0.9824375,64000,288000,352000,144.0,282624000,0.0033268999995925697,0.002103799999531475,168.822265625
ariad,2000,32,1,209,0.000675064220558852,0.87928125,0.982625,64000,288000,352000,144.0,282624000,0.0033921000012924196,0.002121600000464241,168.822265625
ariad,2000,32,1,210,0.0006685382686555386,0.8804375,0.982640625,64000,288000,352000,144.0,282624000,0.0032565000001341105,0.0020631999996112427,168.822265625
ariad,2000,32,1,211,0.0006622183718718588,0.8815,0.982984375,64000,288000,352000,144.0,282624000,0.0033762000002752757,0.002110299999912968,168.822265625
ariad,2000,32,1,212,0.0006559885223396122,0.882296875,0.982890625,64000,288000,352000,144.0,282624000,0.0034036999986710725,0.0021302999994077254,168.822265625
ariad,2000,32,1,213,0.0006498777074739337,0.8830625,0.98303125,64000,288000,352000,144.0,282624000,0.003340600000228733,0.002149500000086846,168.822265625
ariad,2000,32,1,214,0.0006438881973735988,0.884078125,0.98303125,64000,288000,352000,144.0,282624000,0.0033903999992617173,0.0021691999991162447,168.822265625
ariad,2000,32,1,215,0.0006380497361533344,0.88525,0.983,64000,288000,352000,144.0,282624000,0.0033034999996743863,0.0021194000000832602,168.822265625
ariad,2000,32,1,216,0.0006322732660919428,0.886171875,0.982765625,64000,288000,352000,144.0,282624000,0.008836799999698997,0.0020719000003737165,168.822265625
ariad,2000,32,1,217,0.0006266295094974339,0.887109375,0.98309375,64000,288000,352000,144.0,282624000,0.003669699999591103,0.00216780000118888,168.822265625
ariad,2000,32,1,218,0.0006211980362422764,0.888140625,0.983015625,64000,288000,352000,144.0,282624000,0.0035664000006363494,0.002099100000123144,168.822265625
ariad,2000,32,1,219,0.0006158481119200587,0.8893125,0.98296875,64000,288000,352000,144.0,282624000,0.003439599999182974,0.0021261000001686625,168.822265625
ariad,2000,32,1,220,0.0006105593638494611,0.89025,0.983046875,64000,288000,352000,144.0,282624000,0.0031822999990254175,0.001894999999421998,168.822265625
ariad,2000,32,1,221,0.0006054050172679126,0.89146875,0.983140625,64000,288000,352000,144.0,282624000,0.0033010999995894963,0.0020765999997820472,168.822265625
ariad,2000,32,1,222,0.0006003253511153162,0.8925,0.98328125,64000,288000,352000,144.0,282624000,0.0032530000007682247,0.0019845000006171176,168.822265625
ariad,2000,32,1,223,0.0005953956278972328,0.89340625,0.98340625,64000,288000,352000,144.0,282624000,0.0033540000003995374,0.0021292000001267297,168.822265625
ariad,2000,32,1,224,0.0005906636943109334,0.894484375,0.983328125,64000,288000,352000,144.0,282624000,0.0034396999999444233,0.002113200000167126,168.822265625
ariad,2000,32,1,225,0.0005860179662704468,0.895265625,0.983296875,64000,288000,352000,144.0,282624000,0.003439200001594145,0.002147899998817593,168.822265625
ariad,2000,32,1,226,0.0005815168260596693,0.89625,0.983171875,64000,288000,352000,144.0,282624000,0.0032986999995046062,0.0021096999989822507,168.822265625
ariad,2000,32,1,227,0.0005771385622210801,0.897296875,0.98321875,64000,288000,352000,144.0,282624000,0.0032494000006408896,0.00206380000054196,168.822265625
ariad,2000,32,1,228,0.0005729006370529532,0.898125,0.983421875,64000,288000,352000,144.0,282624000,0.0033143000000563916,0.0020767000005434966,168.822265625
ariad,2000,32,1,229,0.0005687743541784585,0.899046875,0.983421875,64000,288000,352000,144.0,282624000,0.0032816000002640067,0.0020774999993591337,168.822265625
ariad,2000,32,1,230,0.0005647075013257563,0.899859375,0.9835625,64000,288000,352000,144.0,282624000,0.0032221999990724726,0.0020355000015115365,168.822265625
ariad,2000,32,1,231,0.0005608533974736929,0.900765625,0.98390625,64000,288000,352000,144.0,282624000,0.0033053000006475486,0.0020721999990200857,168.822265625
ariad,2000,32,1,232,0.0005571458605118096,0.90165625,0.983859375,64000,288000,352000,144.0,282624000,0.003385899999557296,0.002144800000678515,168.822265625
ariad,2000,32,1,233,0.0005535599193535745,0.902546875,0.9840625,64000,288000,352000,144.0,282624000,0.003393599999981234,0.0021321999993233476,168.822265625
ariad,2000,32,1,234,0.0005500830593518913,0.9033125,0.98425,64000,288000,352000,144.0,282624000,0.003939599999284837,0.0020779999995284015,168.822265625
ariad,2000,32,1,235,0.0005466821603477001,0.904,0.983625,64000,288000,352000,144.0,282624000,0.00863030000073195,0.002035900000919355,168.822265625
ariad,2000,32,1,236,0.0005433938931673765,0.904859375,0.984125,64000,288000,352000,144.0,282624000,0.003893999999490916,0.002122100000633509,168.822265625
ariad,2000,32,1,237,0.000540217210073024,0.905453125,0.984046875,64000,288000,352000,144.0,282624000,0.0036039000005985145,0.002066700000796118,168.822265625
ariad,2000,32,1,238,0.0005371490842662752,0.906296875,0.984171875,64000,288000,352000,144.0,282624000,0.0035057999994023703,0.00218959999983781,168.822265625
ariad,2000,32,1,239,0.0005342403892427683,0.907,0.98425,64000,288000,352000,144.0,282624000,0.0032547999999223975,0.002035200001046178,168.822265625
ariad,2000,32,1,240,0.0005313477013260126,0.90784375,0.984640625,64000,288000,352000,144.0,282624000,0.003374199999598204,0.002078800000163028,168.822265625
ariad,2000,32,1,241,0.0005285788211040199,0.90865625,0.9846875,64000,288000,352000,144.0,282624000,0.008945300000050338,0.007422599999699742,168.822265625
ariad,2000,32,1,242,0.0005259687313809991,0.90928125,0.984546875,64000,288000,352000,144.0,282624000,0.0035415000002103625,0.0022282999998424202,168.822265625
ariad,2000,32,1,243,0.0005234964191913605,0.91003125,0.984734375,64000,288000,352000,144.0,282624000,0.0033755999993445585,0.0020980999997846084,168.822265625
ariad,2000,32,1,244,0.0005210647941567004,0.910734375,0.98459375,64000,288000,352000,144.0,282624000,0.003318299999591545,0.002105199999277829,168.822265625
ariad,2000,32,1,245,0.0005187905044294894,0.911296875,0.9850625,64000,288000,352000,144.0,282624000,0.004827900000236696,0.0030421999999816762,168.822265625
ariad,2000,32,1,246,0.0005165811744518578,0.91184375,0.98515625,64000,288000,352000,144.0,282624000,0.0061414000010699965,0.002108599999701255,168.822265625
ariad,2000,32,1,247,0.000514517945703119,0.912390625,0.985109375,64000,288000,352000,144.0,282624000,0.003340600000228733,0.0020578999992721947,168.822265625
ariad,2000,32,1,248,0.0005125278257764876,0.912859375,0.985046875,64000,288000,352000,144.0,282624000,0.003330699999423814,0.0020707999992737314,168.822265625
ariad,2000,32,1,249,0.0005106048774905503,0.9134375,0.98490625,64000,288000,352000,144.0,282624000,0.0032934999999270076,0.002056100000118022,168.822265625
ariad,2000,32,1,250,0.00050879898481071,0.913984375,0.985390625,64000,288000,352000,144.0,282624000,0.0032881999995879596,0.0020832999998674495,168.822265625
ariad,2000,32,1,251,0.0005070821498520672,0.914671875,0.985328125,64000,288000,352000,144.0,282624000,0.0034054999996442348,0.0021849000004294794,168.822265625
ariad,2000,32,1,252,0.0005054250941611826,0.915328125,0.985609375,64000,288000,352000,144.0,282624000,0.003422800000407733,0.0021861999994143844,168.822265625
ariad,2000,32,1,253,0.0005038545932620764,0.91590625,0.985640625,64000,288000,352000,144.0,282624000,0.0033629000008659204,0.0020985999999538762,168.822265625
ariad,2000,32,1,254,0.0005023592384532094,0.916484375,0.985671875,64000,288000,352000,144.0,282624000,0.008427999999184976,0.001980799999728333,168.822265625
ariad,2000,32,1,255,0.00050091597950086,0.91703125,0.986109375,64000,288000,352000,144.0,282624000,0.0033561999989615288,0.0021081000013509765,168.822265625
ariad,2000,32,1,256,0.0004995794151909649,0.917390625,0.9860625,64000,288000,352000,144.0,282624000,0.00333649999993213,0.002096500000334345,168.822265625
ariad,2000,32,1,257,0.0004983566468581557,0.917984375,0.986015625,64000,288000,352000,144.0,282624000,0.003540199999406468,0.002156700000341516,168.822265625
ariad,2000,32,1,258,0.0004971309681423008,0.91853125,0.986140625,64000,288000,352000,144.0,282624000,0.003395499999896856,0.0021357000005082227,168.822265625
ariad,2000,32,1,259,0.0004959751386195421,0.919,0.986265625,64000,288000,352000,144.0,282624000,0.0042037000002892455,0.0026685000011639204,168.822265625
ariad,2000,32,1,260,0.0004948636633343995,0.9194375,0.98653125,64000,288000,352000,144.0,282624000,0.0033695000001898734,0.0020439999989321223,168.822265625
ariad,2000,32,1,261,0.0004938380443491042,0.919921875,0.986671875,64000,288000,352000,144.0,282624000,0.0033980000007431954,0.0020832999998674495,168.822265625
ariad,2000,32,1,262,0.0004928558482788503,0.92021875,0.98703125,64000,288000,352000,144.0,282624000,0.003385800000614836,0.0020695000002888264,168.822265625
ariad,2000,32,1,263,0.0004919429193250835,0.9204375,0.986875,64000,288000,352000,144.0,282624000,0.003744100000403705,0.002110299999912968,168.822265625
ariad,2000,32,1,264,0.0004910720745101571,0.920984375,0.98709375,64000,288000,352000,144.0,282624000,0.00820690000000468,0.0023586000006616814,168.822265625
ariad,2000,32,1,265,0.0004903044318780303,0.92140625,0.98709375,64000,288000,352000,144.0,282624000,0.0035714999994524987,0.0022623000004386995,168.822265625
ariad,2000,32,1,266,0.0004895881866104901,0.921703125,0.98740625,64000,288000,352000,144.0,282624000,0.003341800000271178,0.002126499999576481,168.822265625
ariad,2000,32,1,267,0.0004889161791652441,0.92196875,0.98728125,64000,288000,352000,144.0,282624000,0.0033101000008173287,0.002033000000665197,168.822265625
ariad,2000,32,1,268,0.000488259713165462,0.92240625,0.987578125,64000,288000,352000,144.0,282624000,0.0033027000008587493,0.002095499999995809,168.822265625
ariad,2000,32,1,269,0.0004876291786786169,0.9228125,0.9876875,64000,288000,352000,144.0,282624000,0.0034410999996907776,0.0021190999996179016,168.822265625
ariad,2000,32,1,270,0.0004870345292147249,0.92296875,0.98759375,64000,288000,352000,144.0,282624000,0.0033332999992126133,0.002064500000415137,168.822265625
ariad,2000,32,1,271,0.00048647180665284395,0.9233125,0.9880625,64000,288000,352000,144.0,282624000,0.0032529000000067754,0.0020748999995703343,168.822265625
ariad,2000,32,1,272,0.00048597302520647645,0.923546875,0.987875,64000,288000,352000,144.0,282624000,0.0031797999999980675,0.0019732999990083044,168.822265625
ariad,2000,32,1,273,0.00048542971489951015,0.923890625,0.988078125,64000,288000,352000,144.0,282624000,0.003359600001203944,0.002089999999952852,168.822265625
ariad,2000,32,1,274,0.00048499013064429164,0.924140625,0.98796875,64000,288000,352000,144.0,282624000,0.0037948999997752253,0.002405999999609776,168.822265625
ariad,2000,32,1,275,0.0004845856747124344,0.924484375,0.9879375,64000,288000,352000,144.0,282624000,0.0037336000004870584,0.002034299999650102,168.822265625
ariad,2000,32,1,276,0.00048417551442980766,0.924671875,0.988109375,64000,288000,352000,144.0,282624000,0.00351540000156092,0.002131299999746261,168.822265625
ariad,2000,32,1,277,0.00048381712986156344,0.9249375,0.988265625,64000,288000,352000,144.0,282624000,0.003227799999876879,0.002022200000283192,168.822265625
ariad,2000,32,1,278,0.0004834813007619232,0.925015625,0.988421875,64000,288000,352000,144.0,282624000,0.0033213000006071525,0.0020953000002918998,168.822265625
ariad,2000,32,1,279,0.00048314747982658446,0.925171875,0.98853125,64000,288000,352000,144.0,282624000,0.003334700000777957,0.002055099999779486,168.822265625
ariad,2000,32,1,280,0.0004828775709029287,0.92528125,0.988734375,64000,288000,352000,144.0,282624000,0.0033648999997240026,0.0020958000004611677,168.822265625
ariad,2000,32,1,281,0.00048256851732730865,0.925484375,0.9888125,64000,288000,352000,144.0,282624000,0.0034224999999423744,0.002148200001101941,168.822265625
ariad,2000,32,1,282,0.0004823517519980669,0.925609375,0.98890625,64000,288000,352000,144.0,282624000,0.003370099999301601,0.002168000000892789,168.822265625
ariad,2000,32,1,283,0.0004821393813472241,0.925671875,0.988828125,64000,288000,352000,144.0,282624000,0.008486700000503333,0.0037200999995548045,168.822265625
ariad,2000,32,1,284,0.000481912778923288,0.92590625,0.989,64000,288000,352000,144.0,282624000,0.004288599999199505,0.0020969000015611527,168.822265625
ariad,2000,32,1,285,0.0004817066655959934,0.926046875,0.988921875,64000,288000,352000,144.0,282624000,0.003688999999212683,0.0021473000015248545,168.822265625
ariad,2000,32,1,286,0.0004815289576072246,0.92609375,0.989109375,64000,288000,352000,144.0,282624000,0.003816299999016337,0.002146799999536597,168.822265625
ariad,2000,32,1,287,0.0004813495324924588,0.926125,0.98928125,64000,288000,352000,144.0,282624000,0.003393599999981234,0.0021045000012236414,168.822265625
ariad,2000,32,1,288,0.00048115948447957635,0.926234375,0.98940625,64000,288000,352000,144.0,282624000,0.0035208999997848878,0.002074500000162516,168.822265625
ariad,2000,32,1,289,0.00048100820276886225,0.926484375,0.9895625,64000,288000,352000,144.0,282624000,0.0033344999992550584,0.002059200000076089,168.822265625
ariad,2000,32,1,290,0.0004808821249753237,0.92665625,0.989703125,64000,288000,352000,144.0,282624000,0.00327849999848695,0.00207589999990887,168.822265625
ariad,2000,32,1,291,0.00048075185623019934,0.9266875,0.989765625,64000,288000,352000,144.0,282624000,0.0033191000002261717,0.0020731000004161615,168.822265625
ariad,2000,32,1,292,0.0004806049691978842,0.926828125,0.989859375,64000,288000,352000,144.0,282624000,0.008892900001228554,0.007423700000799727,168.822265625
ariad,2000,32,1,293,0.00048050083569251,0.926875,0.989921875,64000,288000,352000,144.0,282624000,0.003490500001134933,0.002083499999571359,168.822265625
ariad,2000,32,1,294,0.000480388494906947,0.926859375,0.989828125,64000,288000,352000,144.0,282624000,0.008734999999433057,0.002168799999708426,168.822265625
ariad,2000,32,1,295,0.0004802827606908977,0.926859375,0.990015625,64000,288000,352000,144.0,282624000,0.0034230000001116423,0.002064000000245869,168.822265625
ariad,2000,32,1,296,0.00048020610120147467,0.926828125,0.9900625,64000,288000,352000,144.0,282624000,0.00816590000067663,0.0021445999991556164,168.822265625
ariad,2000,32,1,297,0.0004801135801244527,0.926875,0.990015625,64000,288000,352000,144.0,282624000,0.003342099998917547,0.0021340999992389698,168.822265625
ariad,2000,32,1,298,0.0004800314491149038,0.926921875,0.990046875,64000,288000,352000,144.0,282624000,0.0032917999997152947,0.00208070000007865,168.822265625
ariad,2000,32,1,299,0.0004799551097676158,0.92709375,0.990109375,64000,288000,352000,144.0,282624000,0.003445599999395199,0.00215579999894544,168.822265625
ariad,2000,32,1,300,0.00047987967263907194,0.92709375,0.99028125,64000,288000,352000,144.0,282624000,0.0032709000006434508,0.0020569999996951083,168.822265625
ariad,2000,32,1,301,0.0004798040317837149,0.927125,0.99015625,64000,288000,352000,144.0,282624000,0.0036509000001387903,0.002263700000185054,168.822265625
ariad,2000,32,1,302,0.0004797644214704633,0.92709375,0.99028125,64000,288000,352000,144.0,282624000,0.003299699999843142,0.0020957999986421783,168.822265625
ariad,2000,32,1,303,0.0004797272849828005,0.927015625,0.990375,64000,288000,352000,144.0,282624000,0.003343100001075072,0.002121100000294973,168.822265625
ariad,2000,32,1,304,0.0004796988214366138,0.9270625,0.990515625,64000,288000,352000,144.0,282624000,0.003296199998658267,0.002061600000160979,168.822265625
ariad,2000,32,1,305,0.0004797027795575559,0.927140625,0.99059375,64000,288000,352000,144.0,282624000,0.003394999999727588,0.002132300000084797,168.822265625
ariad,2000,32,1,306,0.00047966602141968906,0.927140625,0.990671875,64000,288000,352000,144.0,282624000,0.003268299999035662,0.00203479999981937,168.822265625
ariad,2000,32,1,307,0.0004796396242454648,0.927109375,0.990515625,64000,288000,352000,144.0,282624000,0.007085600000209524,0.0020825999999942724,168.822265625
ariad,2000,32,1,308,0.0004796018183697015,0.927109375,0.990578125,64000,288000,352000,144.0,282624000,0.003335499999593594,0.0021029999988968484,168.822265625
ariad,2000,32,1,309,0.00047956727212294936,0.927078125,0.99065625,64000,288000,352000,144.0,282624000,0.0032513999994989717,0.0020767999994859565,168.822265625
ariad,2000,32,1,310,0.0004795485583599657,0.927125,0.9906875,64000,288000,352000,144.0,282624000,0.00716409999949974,0.002511200000299141,168.822265625
ariad,2000,32,1,311,0.0004795379936695099,0.927109375,0.99075,64000,288000,352000,144.0,282624000,0.0034517000003688736,0.0021200000010139775,168.822265625
ariad,2000,32,1,312,0.00047952448949217796,0.927140625,0.99084375,64000,288000,352000,144.0,282624000,0.003446700000495184,0.002106699999785633,168.822265625
ariad,2000,32,1,313,0.00047952664317563176,0.92721875,0.99090625,64000,288000,352000,144.0,282624000,0.0033659000000625383,0.002082999999402091,168.822265625
ariad,2000,32,1,314,0.0004794831620529294,0.927234375,0.991015625,64000,288000,352000,144.0,282624000,0.0032112000008055475,0.0020182999996904982,168.822265625
ariad,2000,32,1,315,0.0004794773121830076,0.927234375,0.99109375,64000,288000,352000,144.0,282624000,0.0032314000000042142,0.0020641000010073185,168.822265625
ariad,2000,32,1,316,0.0004794509441126138,0.9273125,0.991234375,64000,288000,352000,144.0,282624000,0.004106099999262369,0.002592900000308873,168.822265625
ariad,2000,32,1,317,0.00047943275421857834,0.927390625,0.99128125,64000,288000,352000,144.0,282624000,0.0032570000003033783,0.002058099998976104,168.822265625
ariad,2000,32,1,318,0.00047941377852112055,0.927375,0.99134375,64000,288000,352000,144.0,282624000,0.003224000000045635,0.002004399999350426,168.822265625
ariad,2000,32,1,319,0.00047939649084582925,0.9274375,0.99134375,64000,288000,352000,144.0,282624000,0.0036361000002216315,0.002155500000299071,168.822265625
ariad,2000,32,1,320,0.00047939454088918865,0.927515625,0.991484375,64000,288000,352000,144.0,282624000,0.0033772000006138114,0.002112699999997858,168.822265625
ariad,2000,32,1,321,0.0004793910193257034,0.92753125,0.991515625,64000,288000,352000,144.0,282624000,0.0032695000008970965,0.0020666000000346685,168.822265625
ariad,2000,32,1,322,0.00047936156624928117,0.927546875,0.991640625,64000,288000,352000,144.0,282624000,0.0032214999991992954,0.002037700000073528,168.822265625
ariad,2000,32,1,323,0.00047936313785612583,0.927546875,0.991609375,64000,288000,352000,144.0,282624000,0.0034095999999408377,0.0020786000004591187,168.822265625
ariad,2000,32,1,324,0.0004793574335053563,0.92759375,0.991578125,64000,288000,352000,144.0,282624000,0.003284100001110346,0.002078100000289851,168.822265625
ariad,2000,32,1,325,0.0004793553671333939,0.927640625,0.991609375,64000,288000,352000,144.0,282624000,0.003229500000088592,0.0020249000008334406,168.822265625
ariad,2000,32,1,326,0.00047934456961229444,0.92765625,0.99171875,64000,288000,352000,144.0,282624000,0.003390199999557808,0.0020404999995662365,168.822265625
ariad,2000,32,1,327,0.0004793400876224041,0.927640625,0.991765625,64000,288000,352000,144.0,282624000,0.003283699999883538,0.002059799999187817,168.822265625
ariad,2000,32,1,328,0.0004793326370418072,0.927671875,0.9918125,64000,288000,352000,144.0,282624000,0.003204599999662605,0.0020344999993540114,168.822265625
ariad,2000,32,1,329,0.0004793298721779138,0.92759375,0.99190625,64000,288000,352000,144.0,282624000,0.0033160999992105644,0.0021045000012236414,168.822265625
ariad,2000,32,1,330,0.00047933252062648535,0.927625,0.991859375,64000,288000,352000,144.0,282624000,0.003432299999985844,0.0021732999994128477,168.822265625
ariad,2000,32,1,331,0.00047933103633113205,0.927625,0.99190625,64000,288000,352000,144.0,282624000,0.003585899999961839,0.0022028999992471654,168.822265625
ariad,2000,32,1,332,0.0004793272528331727,0.92765625,0.991953125,64000,288000,352000,144.0,282624000,0.0036975999992137076,0.0022767999998904997,168.822265625
ariad,2000,32,1,333,0.0004793221887666732,0.927671875,0.991953125,64000,288000,352000,144.0,282624000,0.008589900000515627,0.0057291000011900906,168.822265625
ariad,2000,32,1,334,0.00047931389417499304,0.9276875,0.992046875,64000,288000,352000,144.0,282624000,0.0033598000009078532,0.002110700001139776,168.822265625
ariad,2000,32,1,335,0.0004793140687979758,0.92771875,0.992125,64000,288000,352000,144.0,282624000,0.0034241000012116274,0.0020535999992716825,168.822265625
ariad,2000,32,1,336,0.0004793133120983839,0.92771875,0.99215625,64000,288000,352000,144.0,282624000,0.00340669999968668,0.0021188999999139924,168.822265625
ariad,2000,32,1,337,0.00047931677545420825,0.92778125,0.992203125,64000,288000,352000,144.0,282624000,0.0032905999996728497,0.002099600000292412,168.822265625
ariad,2000,32,1,338,0.0004793019616045058,0.92784375,0.992203125,64000,288000,352000,144.0,282624000,0.003306900000097812,0.0021053999989817385,168.822265625
ariad,2000,32,1,339,0.00047929969150573015,0.927875,0.99221875,64000,288000,352000,144.0,282624000,0.0034200999998574844,0.00203239999973448,168.822265625
ariad,2000,32,1,340,0.0004792841209564358,0.927890625,0.992375,64000,288000,352000,144.0,282624000,0.0033831000000645872,0.0020476999998209067,168.822265625
ariad,2000,32,1,341,0.0004792696563526988,0.927890625,0.9924375,64000,288000,352000,144.0,282624000,0.0033000000003085006,0.0021165999987715622,168.822265625
ariad,2000,32,1,342,0.0004792710533365607,0.9279375,0.9925,64000,288000,352000,144.0,282624000,0.0033137999998871237,0.0020296999991842313,168.822265625
ariad,2000,32,1,343,0.0004792580148205161,0.92796875,0.9925625,64000,288000,352000,144.0,282624000,0.0032553999990341254,0.0020351999992271885,168.822265625
ariad,2000,32,1,344,0.0004792543186340481,0.927984375,0.9925,64000,288000,352000,144.0,282624000,0.008916900000258465,0.007423799999742187,168.822265625
ariad,2000,32,1,345,0.00047924843966029584,0.9279375,0.99253125,64000,288000,352000,144.0,282624000,0.0032959999989543576,0.002081299999190378,168.822265625
ariad,2000,32,1,346,0.0004792357503902167,0.927953125,0.9925625,64000,288000,352000,144.0,282624000,0.0032756000000517815,0.0020607999995263526,168.822265625
ariad,2000,32,1,347,0.0004792360414285213,0.927921875,0.992546875,64000,288000,352000,144.0,282624000,0.003380799998922157,0.0021063000003778143,168.822265625
ariad,2000,32,1,348,0.00047923519741743803,0.9279375,0.992546875,64000,288000,352000,144.0,282624000,0.0033530000000610016,0.002050899998721434,168.822265625
ariad,2000,32,1,349,0.0004792328109033406,0.9279375,0.9925625,64000,288000,352000,144.0,282624000,0.003732099999979255,0.0020547999993141275,168.822265625
ariad,2000,32,1,350,0.00047923263628035784,0.927953125,0.9925625,64000,288000,352000,144.0,282624000,0.003334200000608689,0.002091199999995297,168.822265625
ariad,2000,32,1,351,0.0004792287654709071,0.92796875,0.992640625,64000,288000,352000,144.0,282624000,0.0032417999991594115,0.0020322000000305707,168.822265625
ariad,2000,32,1,352,0.00047922064550220966,0.928,0.992734375,64000,288000,352000,144.0,282624000,0.0031812999986868817,0.00200089999998454,168.822265625
ariad,2000,32,1,353,0.00047922530211508274,0.928015625,0.99278125,64000,288000,352000,144.0,282624000,0.0032528000010643154,0.002086599999529426,168.822265625
ariad,2000,32,1,354,0.00047921808436512947,0.9280625,0.9928125,64000,288000,352000,144.0,282624000,0.003270199998951284,0.0020941000002494548,168.822265625
ariad,2000,32,1,355,0.0004792211693711579,0.928109375,0.992828125,64000,288000,352000,144.0,282624000,0.011974600000030478,0.008161800000380026,168.822265625
ariad,2000,32,1,356,0.00047922413796186447,0.928109375,0.992859375,64000,288000,352000,144.0,282624000,0.0042220000013912795,0.0020215000004100148,168.822265625
ariad,2000,32,1,357,0.00047922812518663704,0.92809375,0.9929375,64000,288000,352000,144.0,282624000,0.00375259999964328,0.0020849000011367025,168.822265625
ariad,2000,32,1,358,0.0004792254767380655,0.928125,0.992921875,64000,288000,352000,144.0,282624000,0.0034801000001607463,0.0020356000004539965,168.822265625
ariad,2000,32,1,359,0.00047921400982886553,0.928140625,0.9929375,64000,288000,352000,144.0,282624000,0.0034732000003714347,0.0020818000011786353,168.822265625
ariad,2000,32,1,360,0.000479209324112162,0.928140625,0.992984375,64000,288000,352000,144.0,282624000,0.003354899999976624,0.0020767999994859565,168.822265625
ariad,2000,32,1,361,0.0004792067629750818,0.928109375,0.99303125,64000,288000,352000,144.0,282624000,0.00897380000060366,0.007492900000215741,168.822265625
ariad,2000,32,1,362,0.00047920492943376303,0.92809375,0.9930625,64000,288000,352000,144.0,282624000,0.0033435999994253507,0.002089900001010392,168.822265625
ariad,2000,32,1,363,0.00047919852659106255,0.92815625,0.99309375,64000,288000,352000,144.0,282624000,0.007388700001683901,0.005989100000078906,168.822265625
ariad,2000,32,1,364,0.0004792014660779387,0.928203125,0.993203125,64000,288000,352000,144.0,282624000,0.003374600000825012,0.0021033000011811964,168.822265625
ariad,2000,32,1,365,0.0004792206746060401,0.928203125,0.993203125,64000,288000,352000,144.0,282624000,0.0033194000006915303,0.002096700000038254,168.822265625
ariad,2000,32,1,366,0.0004792173858731985,0.928234375,0.993265625,64000,288000,352000,144.0,282624000,0.0034016999998129904,0.00210259999948903,168.822265625
ariad,2000,32,1,367,0.0004792295512743294,0.928296875,0.993375,64000,288000,352000,144.0,282624000,0.0032775999989098636,0.0020617999998648884,168.822265625
ariad,2000,32,1,368,0.00047923982492648065,0.92834375,0.9934375,64000,288000,352000,144.0,282624000,0.0033463999989180593,0.0021414000002550893,168.822265625
ariad,2000,32,1,369,0.0004792372928932309,0.928359375,0.993453125,64000,288000,352000,144.0,282624000,0.003357400000822963,0.0020655999996961327,168.822265625
ariad,2000,32,1,370,0.0004792309773620218,0.92840625,0.9935,64000,288000,352000,144.0,282624000,0.0032308000008924864,0.002047899999524816,168.822265625
ariad,2000,32,1,371,0.00047921965597197413,0.928375,0.99353125,64000,288000,352000,144.0,282624000,0.003259799999796087,0.00206629999956931,168.822265625
ariad,2000,32,1,372,0.00047922346857376397,0.928375,0.993546875,64000,288000,352000,144.0,282624000,0.0033683999990898883,0.002129399999830639,168.822265625
ariad,2000,32,1,373,0.0004792152903974056,0.928375,0.99353125,64000,288000,352000,144.0,282624000,0.009516399999483838,0.0021165999987715622,168.822265625
ariad,2000,32,1,374,0.0004792183171957731,0.928390625,0.993578125,64000,288000,352000,144.0,282624000,0.0033218000007764203,0.002088299999741139,168.822265625
ariad,2000,32,1,375,0.0004792158433701843,0.92840625,0.99359375,64000,288000,352000,144.0,282624000,0.003332899999804795,0.002123300000675954,168.822265625
ariad,2000,32,1,376,0.00047922247904352844,0.92840625,0.993609375,64000,288000,352000,144.0,282624000,0.0036546999999700347,0.0021379999998316634,168.822265625
ariad,2000,32,1,377,0.0004792211693711579,0.9284375,0.993640625,64000,288000,352000,144.0,282624000,0.0035009000002901303,0.0020821999987674644,168.822265625
ariad,2000,32,1,378,0.0004792279505636543,0.928453125,0.993640625,64000,288000,352000,144.0,282624000,0.0035698000010597752,0.002169800000046962,168.822265625
ariad,2000,32,1,379,0.00047922946396283805,0.928453125,0.993640625,64000,288000,352000,144.0,282624000,0.0034159000006184215,0.0021319000006769784,168.822265625
ariad,2000,32,1,380,0.00047921790974214673,0.928484375,0.993671875,64000,288000,352000,144.0,282624000,0.00340420000065933,0.002103299999362207,168.822265625
ariad,2000,32,1,381,0.00047921593068167567,0.9285,0.993671875,64000,288000,352000,144.0,282624000,0.003332899999804795,0.0021149999993212987,168.822265625
ariad,2000,32,1,382,0.0004792223626282066,0.928515625,0.99365625,64000,288000,352000,144.0,282624000,0.003319999999803258,0.0020726000002468936,168.822265625
ariad,2000,32,1,383,0.00047922381781972945,0.928515625,0.99365625,64000,288000,352000,144.0,282624000,0.0032296999997925013,0.002039300001342781,168.822265625
ariad,2000,32,1,384,0.00047922012163326144,0.9285,0.993671875,64000,288000,352000,144.0,282624000,0.003385899999557296,0.0020953999992343597,168.822265625
ariad,2000,32,1,385,0.00047922556404955685,0.9285625,0.99375,64000,288000,352000,144.0,282624000,0.005540099999052472,0.0020707000003312714,168.822265625
ariad,2000,32,1,386,0.0004792283580172807,0.92853125,0.993796875,64000,288000,352000,144.0,282624000,0.0032358999997086357,0.002046600000539911,168.822265625
ariad,2000,32,1,387,0.0004792220424860716,0.928546875,0.99378125,64000,288000,352000,144.0,282624000,0.003362899999046931,0.002119700000548619,168.822265625
ariad,2000,32,1,388,0.00047922678641043603,0.9285625,0.993765625,64000,288000,352000,144.0,282624000,0.0040752000004431466,0.0021809999998367857,168.822265625
ariad,2000,32,1,389,0.0004792287654709071,0.92853125,0.993765625,64000,288000,352000,144.0,282624000,0.007549399999334128,0.004968400000507245,168.822265625
ariad,2000,32,1,390,0.00047923330566845834,0.92853125,0.99384375,64000,288000,352000,144.0,282624000,0.004393299999719602,0.0023930000006657792,168.822265625
ariad,2000,32,1,391,0.00047923403326421976,0.92853125,0.99384375,64000,288000,352000,144.0,282624000,0.0042025000002468005,0.0022501999992528,168.822265625
ariad,2000,32,1,392,0.00047923429519869387,0.92853125,0.993828125,64000,288000,352000,144.0,282624000,0.004020000000309665,0.0023027000006550224,168.822265625
ariad,2000,32,1,393,0.0004792383115272969,0.92853125,0.993828125,64000,288000,352000,144.0,282624000,0.0038996000002953224,0.0021672000002581626,168.822265625
ariad,2000,32,1,394,0.0004792338877450675,0.928578125,0.993859375,64000,288000,352000,144.0,282624000,0.0036958999990019947,0.0021243000010144897,168.822265625
ariad,2000,32,1,395,0.0004792342660948634,0.9285625,0.993875,64000,288000,352000,144.0,282624000,0.0034541000004537636,0.0020624999997380655,168.822265625
ariad,2000,32,1,396,0.0004792349354829639,0.928578125,0.993890625,64000,288000,352000,144.0,282624000,0.003408599999602302,0.0020624999997380655,168.822265625
ariad,2000,32,1,397,0.0004792308318428695,0.9285625,0.993921875,64000,288000,352000,144.0,282624000,0.003501300001516938,0.002125799999703304,168.822265625
ariad,2000,32,1,398,0.0004792307736352086,0.9285625,0.993921875,64000,288000,352000,144.0,282624000,0.0033554000001458917,0.002090199999656761,168.822265625
ariad,2000,32,1,399,0.00047923350939527154,0.928578125,0.99396875,64000,288000,352000,144.0,282624000,0.003695200000947807,0.002297700000781333,168.822265625
ariad,2000,32,1,400,0.00047922864905558527,0.928625,0.99403125,64000,288000,352000,144.0,282624000,0.0034897999994427664,0.0021118000004207715,168.822265625
ariad,2000,32,1,401,0.00047923254896886647,0.928609375,0.99403125,64000,288000,352000,144.0,282624000,0.0032673000005161157,0.002056399998764391,168.822265625
ariad,2000,32,1,402,0.00047923633246682584,0.928625,0.994078125,64000,288000,352000,144.0,282624000,0.003355099999680533,0.0020748000006278744,168.822265625
ariad,2000,32,1,403,0.00047923659440129995,0.928640625,0.99409375,64000,288000,352000,144.0,282624000,0.003218100000594859,0.0020368999994389014,168.822265625
ariad,2000,32,1,404,0.00047924622776918113,0.92865625,0.994078125,64000,288000,352000,144.0,282624000,0.0031582000010530464,0.0019690000008267816,168.822265625
ariad,2000,32,1,405,0.000479250680655241,0.92865625,0.994078125,64000,288000,352000,144.0,282624000,0.0033296999990852783,0.0020953000002918998,168.822265625
ariad,2000,32,1,406,0.0004792480613104999,0.928671875,0.994140625,64000,288000,352000,144.0,282624000,0.003185200001098565,0.0019904000000678934,168.822265625
ariad,2000,32,1,407,0.00047924823593348265,0.92865625,0.994171875,64000,288000,352000,144.0,282624000,0.003252000000429689,0.0020220999995217426,168.822265625
ariad,2000,32,1,408,0.0004792496911250055,0.92865625,0.99415625,64000,288000,352000,144.0,282624000,0.0033138999988295836,0.0020861000011791475,168.822265625
ariad,2000,32,1,409,0.0004792465188074857,0.928671875,0.99415625,64000,288000,352000,144.0,282624000,0.003286600000137696,0.002046799998424831,168.822265625
ariad,2000,32,1,410,0.0004792494873981923,0.92865625,0.994140625,64000,288000,352000,144.0,282624000,0.003287199999249424,0.002056799999991199,168.822265625
ariad,2000,32,1,411,0.0004792494873981923,0.928671875,0.99415625,64000,288000,352000,144.0,282624000,0.010743400000137626,0.0024466000013489975,168.822265625
ariad,2000,32,1,412,0.00047924838145263493,0.9286875,0.994171875,64000,288000,352000,144.0,282624000,0.004745000000184518,0.0023070000006555347,168.822265625
ariad,2000,32,1,413,0.0004792423569597304,0.9286875,0.9941875,64000,288000,352000,144.0,282624000,0.003917799998816918,0.002054800001133117,168.822265625
ariad,2000,32,1,414,0.00047924142563715577,0.928671875,0.99421875,64000,288000,352000,144.0,282624000,0.0037048999984108377,0.0020815000007132767,168.822265625
ariad,2000,32,1,415,0.00047924218233674765,0.928671875,0.994171875,64000,288000,352000,144.0,282624000,0.008605899998656241,0.004380700000183424,168.822265625
ariad,2000,32,1,416,0.0004792404070030898,0.92865625,0.99421875,64000,288000,352000,144.0,282624000,0.0034023999996861676,0.0020767999994859565,168.822265625
ariad,2000,32,1,417,0.00047923458623699844,0.9286875,0.994203125,64000,288000,352000,144.0,282624000,0.006090200000471668,0.0020481999999901745,168.822265625
ariad,2000,32,1,418,0.0004792328109033406,0.9286875,0.994203125,64000,288000,352000,144.0,282624000,0.0033992999997281004,0.0020820999998250045,168.822265625
ariad,2000,32,1,419,0.00047924197860993445,0.9286875,0.994203125,64000,288000,352000,144.0,282624000,0.0032625000003463356,0.0020402000009198673,168.822265625
ariad,2000,32,1,420,0.00047924485988914967,0.9286875,0.994234375,64000,288000,352000,144.0,282624000,0.003853400001389673,0.0021307999995769933,168.822265625
ariad,2000,32,1,421,0.0004792445688508451,0.928703125,0.99421875,64000,288000,352000,144.0,282624000,0.005905699999857461,0.0026230000003124587,168.822265625
ariad,2000,32,1,422,0.0004792374384123832,0.9286875,0.99428125,64000,288000,352000,144.0,282624000,0.003662699999040342,0.002081299999190378,168.822265625
ariad,2000,32,1,423,0.0004792369727510959,0.928703125,0.994296875,64000,288000,352000,144.0,282624000,0.00455829999918933,0.0029226000006019603,168.822265625
ariad,2000,32,1,424,0.00047923627425916493,0.92875,0.994296875,64000,288000,352000,144.0,282624000,0.003668600000310107,0.0023290000008273637,168.822265625
ariad,2000,32,1,425,0.0004792360414285213,0.92875,0.994328125,64000,288000,352000,144.0,282624000,0.0033956000006583054,0.002089799998429953,168.822265625
ariad,2000,32,1,426,0.0004792360414285213,0.92875,0.99434375,64000,288000,352000,144.0,282624000,0.003560799999831943,0.0021509000016521895,168.822265625
ariad,2000,32,1,427,0.00047922940575517714,0.928765625,0.99440625,64000,288000,352000,144.0,282624000,0.0035080000016023405,0.002116800000294461,168.822265625
ariad,2000,32,1,428,0.0004792293766513467,0.928765625,0.99440625,64000,288000,352000,144.0,282624000,0.0034969000007549766,0.0021242999991955003,168.822265625
ariad,2000,32,1,429,0.0004792277468368411,0.928765625,0.994421875,64000,288000,352000,144.0,282624000,0.003399000001081731,0.0020755000005010515,168.822265625
ariad,2000,32,1,430,0.0004792304534930736,0.92875,0.994453125,64000,288000,352000,144.0,282624000,0.004456399999980931,0.0024196999984269496,168.822265625
ariad,2000,32,1,431,0.0004792289109900594,0.928765625,0.9945,64000,288000,352000,144.0,282624000,0.004169800000454416,0.002318099999683909,168.822265625
ariad,2000,32,1,432,0.0004792462568730116,0.928734375,0.99453125,64000,288000,352000,144.0,282624000,0.005124600000272039,0.0027813999986392446,168.822265625
ariad,2000,32,1,433,0.0004792539111804217,0.928765625,0.99453125,64000,288000,352000,144.0,282624000,0.0036891999989165924,0.002228700001069228,168.822265625
ariad,2000,32,1,434,0.0004792544641532004,0.92875,0.9945,64000,288000,352000,144.0,282624000,0.004478800001379568,0.0022033000004739733,168.822265625
ariad,2000,32,1,435,0.0004792507388629019,0.928703125,0.9945625,64000,288000,352000,144.0,282624000,0.004530499998509185,0.002885900001274422,168.822265625
ariad,2000,32,1,436,0.0004792553372681141,0.92871875,0.99453125,64000,288000,352000,144.0,282624000,0.003909400000338792,0.002335899998797686,168.822265625
ariad,2000,32,1,437,0.00047925050603225827,0.928765625,0.99453125,64000,288000,352000,144.0,282624000,0.010913100000834675,0.006865800000014133,168.822265625
ariad,2000,32,1,438,0.0004792365070898086,0.928765625,0.994578125,64000,288000,352000,144.0,282624000,0.006998699998803204,0.004491699999562115,168.822265625
ariad,2000,32,1,439,0.00047924366663210094,0.928765625,0.994578125,64000,288000,352000,144.0,282624000,0.004345700001067598,0.0022601000000577187,168.822265625
ariad,2000,32,1,440,0.00047924427781254053,0.928796875,0.994625,64000,288000,352000,144.0,282624000,0.003904099999999744,0.0021557000000029802,168.822265625
ariad,2000,32,1,441,0.00047924151294864714,0.928828125,0.994640625,64000,288000,352000,144.0,282624000,0.004912000000331318,0.0034279000010428717,168.822265625
ariad,2000,32,1,442,0.0004792402032762766,0.9288125,0.994671875,64000,288000,352000,144.0,282624000,0.0038069999991421355,0.0023118000008253148,168.822265625
ariad,2000,32,1,443,0.0004792472464032471,0.9288125,0.99471875,64000,288000,352000,144.0,282624000,0.004036700000142446,0.002251300000352785,168.822265625
ariad,2000,32,1,444,0.0004792457039002329,0.9288125,0.994765625,64000,288000,352000,144.0,282624000,0.011476400000901776,0.00904889999947045,168.822265625
ariad,2000,32,1,445,0.0004792438994627446,0.928796875,0.99478125,64000,288000,352000,144.0,282624000,0.0038848999993206235,0.0022879000007378636,168.822265625
ariad,2000,32,1,446,0.00047923930105753243,0.928828125,0.9948125,64000,288000,352000,144.0,282624000,0.004869200000030105,0.0031333999995695194,168.822265625
ariad,2000,32,1,447,0.00047923289821483195,0.9288125,0.994828125,64000,288000,352000,144.0,282624000,0.005115399999340298,0.0030120999999780906,168.822265625
ariad,2000,32,1,448,0.0004792293475475162,0.928828125,0.99484375,64000,288000,352000,144.0,282624000,0.004216999999698601,0.0025163000009342795,168.822265625
ariad,2000,32,1,449,0.0004792390682268888,0.928828125,0.99478125,64000,288000,352000,144.0,282624000,0.005115099998874939,0.0027811999989353353,168.822265625
ariad,2000,32,1,450,0.0004792273975908756,0.928859375,0.99484375,64000,288000,352000,144.0,282624000,0.0042049000003316905,0.002329499999177642,168.822265625
ariad,2000,32,1,451,0.00047922731027938426,0.928828125,0.994859375,64000,288000,352000,144.0,282624000,0.004302999999708845,0.0022622000014962396,168.822265625
ariad,2000,32,1,452,0.000479224108858034,0.9288125,0.994859375,64000,288000,352000,144.0,282624000,0.0037116000003152294,0.0022572999987460207,168.822265625
ariad,2000,32,1,453,0.00047922253725118935,0.928796875,0.99484375,64000,288000,352000,144.0,282624000,0.004209400000036112,0.0024293000005854992,168.822265625
ariad,2000,32,1,454,0.00047921473742462695,0.9288125,0.994875,64000,288000,352000,144.0,282624000,0.004000400000222726,0.0024919000006775605,168.822265625
ariad,2000,32,1,455,0.000479212700156495,0.92878125,0.994921875,64000,288000,352000,144.0,282624000,0.004104899999219924,0.0024212999996962026,168.822265625
ariad,2000,32,1,456,0.0004792242543771863,0.928796875,0.994953125,64000,288000,352000,144.0,282624000,0.0036939000001439126,0.002103700000589015,168.822265625
ariad,2000,32,1,457,0.00047922207158990204,0.92878125,0.99496875,64000,288000,352000,144.0,282624000,0.0035189999998692656,0.0019814000006590504,168.822265625
ariad,2000,32,1,458,0.00047921878285706043,0.92875,0.994921875,64000,288000,352000,144.0,282624000,0.0040341000003536465,0.002501999999367399,168.822265625
ariad,2000,32,1,459,0.00047922218800522387,0.928796875,0.9949375,64000,288000,352000,144.0,282624000,0.004208399999697576,0.0026920000000245636,168.822265625
ariad,2000,32,1,460,0.0004792255931533873,0.92878125,0.99490625,64000,288000,352000,144.0,282624000,0.004622700000254554,0.0025894999998854473,168.822265625
ariad,2000,32,1,461,0.0004792278341483325,0.92878125,0.994921875,64000,288000,352000,144.0,282624000,0.004826700000194251,0.002994399999806774,168.822265625
ariad,2000,32,1,462,0.00047922751400619745,0.92878125,0.994921875,64000,288000,352000,144.0,282624000,0.004029900001114584,0.0024276000003737863,168.822265625
ariad,2000,32,1,463,0.0004792326653841883,0.928765625,0.9949375,64000,288000,352000,144.0,282624000,0.00436220000119647,0.002355399999942165,168.822265625
ariad,2000,32,1,464,0.000479220092529431,0.928796875,0.994953125,64000,288000,352000,144.0,282624000,0.004817300001377589,0.0026429999998072162,168.822265625
ariad,2000,32,1,465,0.00047921392251737416,0.92884375,0.99496875,64000,288000,352000,144.0,282624000,0.0038194000007933937,0.002232499999081483,168.822265625
ariad,2000,32,1,466,0.0004792056861333549,0.928828125,0.99503125,64000,288000,352000,144.0,282624000,0.0037474000000656815,0.002089699999487493,168.822265625
ariad,2000,32,1,467,0.00047920062206685543,0.928828125,0.995015625,64000,288000,352000,144.0,282624000,0.007386999999653199,0.002540699999372009,168.822265625
ariad,2000,32,1,468,0.00047920909128151834,0.928859375,0.994984375,64000,288000,352000,144.0,282624000,0.01056839999910153,0.008206200000131503,168.822265625
ariad,2000,32,1,469,0.00047920492943376303,0.928875,0.995015625,64000,288000,352000,144.0,282624000,0.00576309999996738,0.003908300001057796,168.822265625
ariad,2000,32,1,470,0.00047920324141159654,0.928859375,0.995015625,64000,288000,352000,144.0,282624000,0.004315100000894745,0.002607700000226032,168.822265625
ariad,2000,32,1,471,0.0004792021354660392,0.928875,0.9950625,64000,288000,352000,144.0,282624000,0.0035313999997015344,0.002038900000115973,168.822265625
ariad,2000,32,1,472,0.0004792000399902463,0.928921875,0.995078125,64000,288000,352000,144.0,282624000,0.003534000001309323,0.0020762000003742287,168.822265625
ariad,2000,32,1,473,0.0004791960527654737,0.92896875,0.995109375,64000,288000,352000,144.0,282624000,0.004101299999092589,0.002120400000421796,168.822265625
ariad,2000,32,1,474,0.00047919442295096815,0.9289375,0.995125,64000,288000,352000,144.0,282624000,0.004126800000449293,0.0026194000001851236,168.822265625
ariad,2000,32,1,475,0.00047920088400132954,0.928953125,0.995140625,64000,288000,352000,144.0,282624000,0.003811499998846557,0.0023713999999017688,168.822265625
ariad,2000,32,1,476,0.0004792040563188493,0.929,0.995171875,64000,288000,352000,144.0,282624000,0.005585799999607843,0.0027948999995714985,168.822265625
ariad,2000,32,1,477,0.00047920437646098435,0.929015625,0.99515625,64000,288000,352000,144.0,282624000,0.007777199998599826,0.004771699999764678,168.822265625
ariad,2000,32,1,478,0.0004792020481545478,0.929015625,0.99521875,64000,288000,352000,144.0,282624000,0.003873000001476612,0.0021689999994123355,168.822265625
ariad,2000,32,1,479,0.00047920376528054476,0.929046875,0.995234375,64000,288000,352000,144.0,282624000,0.004003400001238333,0.002176399999370915,168.822265625
ariad,2000,32,1,480,0.00047920591896399856,0.929046875,0.995265625,64000,288000,352000,144.0,282624000,0.004280699999071658,0.0028151999995316146,168.822265625
ariad,2000,32,1,481,0.00047921022633090615,0.92903125,0.995265625,64000,288000,352000,144.0,282624000,0.0038979000000836095,0.0021433000001707114,168.822265625
ariad,2000,32,1,482,0.0004792061517946422,0.929,0.99528125,64000,288000,352000,144.0,282624000,0.011498500000016065,0.007628400000612601,168.822265625
ariad,2000,32,1,483,0.00047920580254867673,0.929046875,0.9953125,64000,288000,352000,144.0,282624000,0.0039562000001751585,0.002254200000606943,168.822265625
ariad,2000,32,1,484,0.00047920356155373156,0.92903125,0.995328125,64000,288000,352000,144.0,282624000,0.004144399999859161,0.0024437000010948395,168.822265625
ariad,2000,32,1,485,0.0004792040854226798,0.929015625,0.99528125,64000,288000,352000,144.0,282624000,0.003978700000516255,0.002459600000292994,168.822265625
ariad,2000,32,1,486,0.0004792085092049092,0.929046875,0.995296875,64000,288000,352000,144.0,282624000,0.004634499999156105,0.002261599998746533,168.822265625
ariad,2000,32,1,487,0.00047920551151037216,0.92903125,0.9953125,64000,288000,352000,144.0,282624000,0.004827900000236696,0.0030399000006582355,168.822265625
ariad,2000,32,1,488,0.00047920728684403,0.92903125,0.995265625,64000,288000,352000,144.0,282624000,0.005220299999564304,0.0031453000010515098,168.822265625
ariad,2000,32,1,489,0.0004792030085809529,0.92903125,0.99528125,64000,288000,352000,144.0,282624000,0.0036098000000492902,0.0020678000000771135,168.822265625
ariad,2000,32,1,490,0.0004792004474438727,0.929015625,0.995265625,64000,288000,352000,144.0,282624000,0.0037362999992183177,0.002118700000210083,168.822265625
ariad,2000,32,1,491,0.0004791736719198525,0.929015625,0.9953125,64000,288000,352000,144.0,282624000,0.004470500000024913,0.002203699999881792,168.822265625
ariad,2000,32,1,492,0.0004791816754732281,0.929046875,0.995359375,64000,288000,352000,144.0,282624000,0.0037032000000181142,0.0021195999997871695,168.822265625
ariad,2000,32,1,493,0.0004791809478774667,0.9290625,0.99540625,64000,288000,352000,144.0,282624000,0.006415300000298885,0.0022444999995059334,168.822265625
ariad,2000,32,1,494,0.000479180394904688,0.9290625,0.995421875,64000,288000,352000,144.0,282624000,0.0047048999986145645,0.0026770000004034955,168.822265625
ariad,2000,32,1,495,0.00047917425399646163,0.9290625,0.995453125,64000,288000,352000,144.0,282624000,0.00382030000037048,0.002137100000254577,168.822265625
ariad,2000,32,1,496,0.00047917189658619463,0.92903125,0.99546875,64000,288000,352000,144.0,282624000,0.003757600001335959,0.0021658000005118083,168.822265625
ariad,2000,32,1,497,0.00047917242045514286,0.929015625,0.99546875,64000,288000,352000,144.0,282624000,0.011487199999464792,0.008012599999347003,168.822265625
ariad,2000,32,1,498,0.00047916785115376115,0.929015625,0.99546875,64000,288000,352000,144.0,282624000,0.009778599998753634,0.0023944000004121335,168.822265625
ariad,2000,32,1,499,0.0004791693645529449,0.92903125,0.9954375,64000,288000,352000,144.0,282624000,0.0034938000007969094,0.0020850000000791624,168.822265625
ariad,2000,32,1,500,0.0004791697720065713,0.92903125,0.995453125,64000,288000,352000,144.0,282624000,0.0035432999993645353,0.002137899999070214,168.822265625
