method,n,k,seed,epoch,mse,teacher_match,match_exhaustive,attn_scores,search_scores,total_scores,c_scored,est_flops,step_time_s,search_time_s,peak_mem_mb
dense,1008,32,2,1,0.1309400349855423,0.28931051587301587,1.0,1016064,0,1016064,0.0,879427584,0.2438204999998561,0.0,35.001953125
dense,1008,32,2,2,0.11251908540725708,0.2513950892857143,1.0,1016064,0,1016064,0.0,879427584,0.0034262999997736188,0.0,35.126953125
dense,1008,32,2,3,0.10508507490158081,0.22315228174603174,1.0,1016064,0,1016064,0.0,879427584,0.0009646000016800826,0.0,35.126953125
dense,1008,32,2,4,0.10137644410133362,0.20083085317460317,1.0,1016064,0,1016064,0.0,879427584,0.000700100001267856,0.0,35.126953125
dense,1008,32,2,5,0.09916416555643082,0.18666294642857142,1.0,1016064,0,1016064,0.0,879427584,0.0007530000002589077,0.0,35.126953125
dense,1008,32,2,6,0.09758800268173218,0.17745535714285715,1.0,1016064,0,1016064,0.0,879427584,0.0006802000007155584,0.0,35.126953125
dense,1008,32,2,7,0.09626590460538864,0.17565724206349206,1.0,1016064,0,1016064,0.0,879427584,0.0006797999994887505,0.0,35.126953125
dense,1008,32,2,8,0.09501197189092636,0.17897445436507936,1.0,1016064,0,1016064,0.0,879427584,0.0007120000009308569,0.0,35.126953125
dense,1008,32,2,9,0.09373120218515396,0.18526785714285715,1.0,1016064,0,1016064,0.0,879427584,0.0007193999990704469,0.0,35.126953125
dense,1008,32,2,10,0.09237784892320633,0.19676959325396826,1.0,1016064,0,1016064,0.0,879427584,0.0007251999995787628,0.0,35.126953125
dense,1008,32,2,11,0.09094004333019257,0.21084449404761904,1.0,1016064,0,1016064,0.0,879427584,0.0007383000011031982,0.0,35.126953125
dense,1008,32,2,12,0.08943405002355576,0.22975570436507936,1.0,1016064,0,1016064,0.0,879427584,0.0007200000000011642,0.0,35.126953125
dense,1008,32,2,13,0.08789405226707458,0.24888392857142858,1.0,1016064,0,1016064,0.0,879427584,0.000676499999826774,0.0,35.126953125
dense,1008,32,2,14,0.08634055405855179,0.2709263392857143,1.0,1016064,0,1016064,0.0,879427584,0.0008317000010720221,0.0,35.126953125
dense,1008,32,2,15,0.08474471420049667,0.29538690476190477,1.0,1016064,0,1016064,0.0,879427584,0.0007652999993297271,0.0,35.126953125
dense,1008,32,2,16,0.08306071907281876,0.31808035714285715,1.0,1016064,0,1016064,0.0,879427584,0.0006816999994043726,0.0,35.126953125
dense,1008,32,2,17,0.08130199462175369,0.34055679563492064,1.0,1016064,0,1016064,0.0,879427584,0.0006976999993639765,0.0,35.126953125
dense,1008,32,2,18,0.07954590022563934,0.35946800595238093,1.0,1016064,0,1016064,0.0,879427584,0.0007310000000870787,0.0,35.126953125
dense,1008,32,2,19,0.07786913216114044,0.37710813492063494,1.0,1016064,0,1016064,0.0,879427584,0.0006838999997853534,0.0,35.126953125
dense,1008,32,2,20,0.0762815997004509,0.39338417658730157,1.0,1016064,0,1016064,0.0,879427584,0.00069199999961711,0.0,35.126953125
dense,1008,32,2,21,0.07471663504838943,0.4078000992063492,1.0,1016064,0,1016064,0.0,879427584,0.0007090999988577096,0.0,35.126953125
dense,1008,32,2,22,0.07310298830270767,0.4196118551587302,1.0,1016064,0,1016064,0.0,879427584,0.0006763000001228647,0.0,35.126953125
dense,1008,32,2,23,0.07144343852996826,0.43036954365079366,1.0,1016064,0,1016064,0.0,879427584,0.0007322000001295237,0.0,35.126953125
dense,1008,32,2,24,0.06980973482131958,0.43960813492063494,1.0,1016064,0,1016064,0.0,879427584,0.0007069000002957182,0.0,35.126953125
dense,1008,32,2,25,0.06825221329927444,0.4499627976190476,1.0,1016064,0,1016064,0.0,879427584,0.0007496999987779418,0.0,35.126953125
dense,1008,32,2,26,0.06674438714981079,0.45851934523809523,1.0,1016064,0,1016064,0.0,879427584,0.0007194000008894363,0.0,35.126953125
dense,1008,32,2,27,0.06524408608675003,0.46685887896825395,1.0,1016064,0,1016064,0.0,879427584,0.0007268000008480158,0.0,35.126953125
dense,1008,32,2,28,0.06376063823699951,0.4751364087301587,1.0,1016064,0,1016064,0.0,879427584,0.000709100000676699,0.0,35.126953125
dense,1008,32,2,29,0.06231388449668884,0.48170882936507936,1.0,1016064,0,1016064,0.0,879427584,0.0007365999990724958,0.0,35.126953125
dense,1008,32,2,30,0.060904376208782196,0.4884982638888889,1.0,1016064,0,1016064,0.0,879427584,0.0007146999996621162,0.0,35.126953125
dense,1008,32,2,31,0.05953720957040787,0.4957837301587302,1.0,1016064,0,1016064,0.0,879427584,0.0007898000003478955,0.0,35.126953125
dense,1008,32,2,32,0.05822233483195305,0.5013950892857143,1.0,1016064,0,1016064,0.0,879427584,0.0007516999994550133,0.0,35.126953125
dense,1008,32,2,33,0.05695090442895889,0.505797371031746,1.0,1016064,0,1016064,0.0,879427584,0.000686699999278062,0.0,35.126953125
dense,1008,32,2,34,0.05571206286549568,0.509734623015873,1.0,1016064,0,1016064,0.0,879427584,0.0006991999998717802,0.0,35.126953125
dense,1008,32,2,35,0.05450844019651413,0.5128968253968254,1.0,1016064,0,1016064,0.0,879427584,0.0007089999999152496,0.0,35.126953125
dense,1008,32,2,36,0.05333801731467247,0.5162760416666666,1.0,1016064,0,1016064,0.0,879427584,0.000678899999911664,0.0,35.126953125
dense,1008,32,2,37,0.05220426991581917,0.5189422123015873,1.0,1016064,0,1016064,0.0,879427584,0.000708699999449891,0.0,35.126953125
dense,1008,32,2,38,0.05111388862133026,0.5215773809523809,1.0,1016064,0,1016064,0.0,879427584,0.0007451000001310604,0.0,35.126953125
dense,1008,32,2,39,0.05005604028701782,0.5246155753968254,1.0,1016064,0,1016064,0.0,879427584,0.0007477999988623196,0.0,35.126953125
dense,1008,32,2,40,0.04902195557951927,0.5280877976190477,1.0,1016064,0,1016064,0.0,879427584,0.0007631000007677358,0.0,35.126953125
dense,1008,32,2,41,0.048025667667388916,0.5308469742063492,1.0,1016064,0,1016064,0.0,879427584,0.0007344999994529644,0.0,35.126953125
dense,1008,32,2,42,0.04706668481230736,0.5333271329365079,1.0,1016064,0,1016064,0.0,879427584,0.000709100000676699,0.0,35.126953125
dense,1008,32,2,43,0.04613536596298218,0.5374503968253969,1.0,1016064,0,1016064,0.0,879427584,0.0008245999997598119,0.0,35.126953125
dense,1008,32,2,44,0.045232366770505905,0.540984623015873,1.0,1016064,0,1016064,0.0,879427584,0.0007860000005166512,0.0,35.126953125
dense,1008,32,2,45,0.044354215264320374,0.5428757440476191,1.0,1016064,0,1016064,0.0,879427584,0.0008443999995506601,0.0,35.126953125
dense,1008,32,2,46,0.043504610657691956,0.5456969246031746,1.0,1016064,0,1016064,0.0,879427584,0.0007857000000512926,0.0,35.126953125
dense,1008,32,2,47,0.04268060252070427,0.5485491071428571,1.0,1016064,0,1016064,0.0,879427584,0.0008367999998881714,0.0,35.126953125
dense,1008,32,2,48,0.041880279779434204,0.5517423115079365,1.0,1016064,0,1016064,0.0,879427584,0.0008136999986163573,0.0,35.126953125
dense,1008,32,2,49,0.04112281650304794,0.5544394841269841,1.0,1016064,0,1016064,0.0,879427584,0.0008312000009027543,0.0,35.126953125
dense,1008,32,2,50,0.04040485993027687,0.5575396825396826,1.0,1016064,0,1016064,0.0,879427584,0.002628500000355416,0.0,35.126953125
dense,1008,32,2,51,0.0397079661488533,0.5597718253968254,1.0,1016064,0,1016064,0.0,879427584,0.0007779999996273546,0.0,35.126953125
dense,1008,32,2,52,0.039036255329847336,0.5620039682539683,1.0,1016064,0,1016064,0.0,879427584,0.0007467000014003133,0.0,35.126953125
dense,1008,32,2,53,0.038392145186662674,0.5639880952380952,1.0,1016064,0,1016064,0.0,879427584,0.0007660999999643536,0.0,35.126953125
dense,1008,32,2,54,0.03777185454964638,0.5656622023809523,1.0,1016064,0,1016064,0.0,879427584,0.0007784999997966224,0.0,35.126953125
dense,1008,32,2,55,0.03717638552188873,0.5678633432539683,1.0,1016064,0,1016064,0.0,879427584,0.0008097000009001931,0.0,35.126953125
dense,1008,32,2,56,0.03660311922430992,0.5713665674603174,1.0,1016064,0,1016064,0.0,879427584,0.0007879000004322734,0.0,35.126953125
dense,1008,32,2,57,0.036044344305992126,0.5733506944444444,1.0,1016064,0,1016064,0.0,879427584,0.000760499999159947,0.0,35.126953125
dense,1008,32,2,58,0.035499207675457,0.5755828373015873,1.0,1016064,0,1016064,0.0,879427584,0.0007716000000073109,0.0,35.126953125
dense,1008,32,2,59,0.03497307747602463,0.5777219742063492,1.0,1016064,0,1016064,0.0,879427584,0.0007267000000865664,0.0,35.126953125
dense,1008,32,2,60,0.03446362540125847,0.5788690476190477,1.0,1016064,0,1016064,0.0,879427584,0.0007329999989451608,0.0,35.126953125
dense,1008,32,2,61,0.03396895155310631,0.5816902281746031,1.0,1016064,0,1016064,0.0,879427584,0.0007953000003908528,0.0,35.126953125
dense,1008,32,2,62,0.03349083289504051,0.5833953373015873,1.0,1016064,0,1016064,0.0,879427584,0.0008154000006470596,0.0,35.126953125
dense,1008,32,2,63,0.03302640840411186,0.5856274801587301,1.0,1016064,0,1016064,0.0,879427584,0.0007123000013962155,0.0,35.126953125
dense,1008,32,2,64,0.03257540613412857,0.5873945932539683,1.0,1016064,0,1016064,0.0,879427584,0.0007700000005570473,0.0,35.126953125
dense,1008,32,2,65,0.03213736414909363,0.5899677579365079,1.0,1016064,0,1016064,0.0,879427584,0.0007267000000865664,0.0,35.126953125
dense,1008,32,2,66,0.03171133995056152,0.5915798611111112,1.0,1016064,0,1016064,0.0,879427584,0.0007341000000451459,0.0,35.126953125
dense,1008,32,2,67,0.03129710629582405,0.5935019841269841,1.0,1016064,0,1016064,0.0,879427584,0.0007716000000073109,0.0,35.126953125
dense,1008,32,2,68,0.030893586575984955,0.5948970734126984,1.0,1016064,0,1016064,0.0,879427584,0.0007313000005524373,0.0,35.126953125
dense,1008,32,2,69,0.030501794070005417,0.5970362103174603,1.0,1016064,0,1016064,0.0,879427584,0.0007494000001315726,0.0,35.126953125
dense,1008,32,2,70,0.030120892450213432,0.5977492559523809,1.0,1016064,0,1016064,0.0,879427584,0.0007382000003417488,0.0,35.126953125
dense,1008,32,2,71,0.029750538989901543,0.5984002976190477,1.0,1016064,0,1016064,0.0,879427584,0.000763300000471645,0.0,35.126953125
dense,1008,32,2,72,0.02939012087881565,0.5995163690476191,1.0,1016064,0,1016064,0.0,879427584,0.0007341000000451459,0.0,35.126953125
dense,1008,32,2,73,0.029036352410912514,0.6006634424603174,1.0,1016064,0,1016064,0.0,879427584,0.0007033999991108431,0.0,35.126953125
dense,1008,32,2,74,0.028688674792647362,0.6017485119047619,1.0,1016064,0,1016064,0.0,879427584,0.0007229000002553221,0.0,35.126953125
dense,1008,32,2,75,0.02834797464311123,0.6031746031746031,1.0,1016064,0,1016064,0.0,879427584,0.0007222000003821449,0.0,35.126953125
dense,1008,32,2,76,0.028012961149215698,0.6045696924603174,1.0,1016064,0,1016064,0.0,879427584,0.0007227000005514128,0.0,35.126953125
dense,1008,32,2,77,0.027681831270456314,0.6057477678571429,1.0,1016064,0,1016064,0.0,879427584,0.000718100000085542,0.0,35.126953125
dense,1008,32,2,78,0.027354272082448006,0.6064918154761905,1.0,1016064,0,1016064,0.0,879427584,0.0006971000002522487,0.0,35.126953125
dense,1008,32,2,79,0.027029091492295265,0.6077318948412699,1.0,1016064,0,1016064,0.0,879427584,0.0006671000010101125,0.0,35.126953125
dense,1008,32,2,80,0.026705214753746986,0.6092819940476191,1.0,1016064,0,1016064,0.0,879427584,0.0007218000009743264,0.0,35.126953125
dense,1008,32,2,81,0.02638184279203415,0.6101190476190477,1.0,1016064,0,1016064,0.0,879427584,0.0006734999988111667,0.0,35.126953125
dense,1008,32,2,82,0.02605820819735527,0.6116381448412699,1.0,1016064,0,1016064,0.0,879427584,0.0007043999994493788,0.0,35.126953125
dense,1008,32,2,83,0.025734346359968185,0.6124751984126984,1.0,1016064,0,1016064,0.0,879427584,0.000688300000547315,0.0,35.126953125
dense,1008,32,2,84,0.025409018620848656,0.6141183035714286,1.0,1016064,0,1016064,0.0,879427584,0.0007124999992811354,0.0,35.126953125
dense,1008,32,2,85,0.025081731379032135,0.6148313492063492,1.0,1016064,0,1016064,0.0,879427584,0.0006843999999546213,0.0,35.126953125
dense,1008,32,2,86,0.024752581492066383,0.6159784226190477,1.0,1016064,0,1016064,0.0,879427584,0.000740100000257371,0.0,35.126953125
dense,1008,32,2,87,0.024421360343694687,0.6175905257936508,1.0,1016064,0,1016064,0.0,879427584,0.0007122999995772261,0.0,35.126953125
dense,1008,32,2,88,0.024087335914373398,0.6186755952380952,1.0,1016064,0,1016064,0.0,879427584,0.0008275000000139698,0.0,35.126953125
dense,1008,32,2,89,0.02374984510242939,0.6198846726190477,1.0,1016064,0,1016064,0.0,879427584,0.0008362999997189036,0.0,35.126953125
dense,1008,32,2,90,0.02340869791805744,0.6213417658730159,1.0,1016064,0,1016064,0.0,879427584,0.0026816000008693663,0.0,35.126953125
dense,1008,32,2,91,0.023063333705067635,0.622984871031746,1.0,1016064,0,1016064,0.0,879427584,0.000862000000779517,0.0,35.126953125
dense,1008,32,2,92,0.022713540121912956,0.6244419642857143,1.0,1016064,0,1016064,0.0,879427584,0.0007155999992392026,0.0,35.126953125
dense,1008,32,2,93,0.022358782589435577,0.6259300595238095,1.0,1016064,0,1016064,0.0,879427584,0.0007143999991967576,0.0,35.126953125
dense,1008,32,2,94,0.021998349577188492,0.6272941468253969,1.0,1016064,0,1016064,0.0,879427584,0.0006998999997449573,0.0,35.126953125
dense,1008,32,2,95,0.02163195051252842,0.628875248015873,1.0,1016064,0,1016064,0.0,879427584,0.0007150000001274748,0.0,35.126953125
dense,1008,32,2,96,0.021259238943457603,0.6302703373015873,1.0,1016064,0,1016064,0.0,879427584,0.0007382999992842088,0.0,35.126953125
dense,1008,32,2,97,0.020879432559013367,0.6316964285714286,1.0,1016064,0,1016064,0.0,879427584,0.0008379000009881565,0.0,35.126953125
dense,1008,32,2,98,0.020492197945713997,0.6336805555555556,1.0,1016064,0,1016064,0.0,879427584,0.0006849000001238892,0.0,35.126953125
dense,1008,32,2,99,0.020097386091947556,0.6349516369047619,1.0,1016064,0,1016064,0.0,879427584,0.0007041999997454695,0.0,35.126953125
dense,1008,32,2,100,0.019694585353136063,0.6366257440476191,1.0,1016064,0,1016064,0.0,879427584,0.0006910000010975637,0.0,35.126953125
dense,1008,32,2,101,0.019283561035990715,0.6374007936507936,1.0,1016064,0,1016064,0.0,879427584,0.0007847999986552168,0.0,35.126953125
dense,1008,32,2,102,0.01886417157948017,0.6388888888888888,1.0,1016064,0,1016064,0.0,879427584,0.0007687000015721424,0.0,35.126953125
dense,1008,32,2,103,0.018436135724186897,0.640687003968254,1.0,1016064,0,1016064,0.0,879427584,0.0007415000000037253,0.0,35.126953125
dense,1008,32,2,104,0.01799931563436985,0.6421750992063492,1.0,1016064,0,1016064,0.0,879427584,0.0006966999990254408,0.0,35.126953125
dense,1008,32,2,105,0.01755354553461075,0.6442212301587301,1.0,1016064,0,1016064,0.0,879427584,0.0007265000003826572,0.0,35.126953125
dense,1008,32,2,106,0.01709858514368534,0.6456163194444444,1.0,1016064,0,1016064,0.0,879427584,0.0007104000014805933,0.0,35.126953125
dense,1008,32,2,107,0.016634339466691017,0.6475074404761905,1.0,1016064,0,1016064,0.0,879427584,0.0007316999999602558,0.0,35.126953125
dense,1008,32,2,108,0.01616065576672554,0.6488405257936508,1.0,1016064,0,1016064,0.0,879427584,0.0007015999999566702,0.0,35.126953125
dense,1008,32,2,109,0.015677588060498238,0.6505146329365079,1.0,1016064,0,1016064,0.0,879427584,0.0007138000000850298,0.0,35.126953125
dense,1008,32,2,110,0.01518533006310463,0.6515997023809523,1.0,1016064,0,1016064,0.0,879427584,0.0006849000001238892,0.0,35.126953125
dense,1008,32,2,111,0.014684143476188183,0.6529327876984127,1.0,1016064,0,1016064,0.0,879427584,0.0006946999983483693,0.0,35.126953125
dense,1008,32,2,112,0.014174435287714005,0.6544518849206349,1.0,1016064,0,1016064,0.0,879427584,0.0006852999995317077,0.0,35.126953125
dense,1008,32,2,113,0.013656770810484886,0.65625,1.0,1016064,0,1016064,0.0,879427584,0.0007015999999566702,0.0,35.126953125
dense,1008,32,2,114,0.013131975196301937,0.658203125,1.0,1016064,0,1016064,0.0,879427584,0.0007451000001310604,0.0,35.126953125
dense,1008,32,2,115,0.012601005844771862,0.6596912202380952,1.0,1016064,0,1016064,0.0,879427584,0.0007767000006424496,0.0,35.126953125
dense,1008,32,2,116,0.012065054848790169,0.6616443452380952,1.0,1016064,0,1016064,0.0,879427584,0.0007234999993670499,0.0,35.126953125
dense,1008,32,2,117,0.011525915004312992,0.6631014384920635,1.0,1016064,0,1016064,0.0,879427584,0.0007777999999234453,0.0,35.126953125
dense,1008,32,2,118,0.010986373759806156,0.6649305555555556,1.0,1016064,0,1016064,0.0,879427584,0.0007227999994938727,0.0,35.126953125
dense,1008,32,2,119,0.010450043715536594,0.6675037202380952,1.0,1016064,0,1016064,0.0,879427584,0.0007285000010597287,0.0,35.126953125
dense,1008,32,2,120,0.009919670410454273,0.6700148809523809,1.0,1016064,0,1016064,0.0,879427584,0.0006869999997434206,0.0,35.126953125
dense,1008,32,2,121,0.009396561421453953,0.6719680059523809,1.0,1016064,0,1016064,0.0,879427584,0.0006823999992775498,0.0,35.126953125
dense,1008,32,2,122,0.008882712572813034,0.6739831349206349,1.0,1016064,0,1016064,0.0,879427584,0.0006704000006720889,0.0,35.126953125
dense,1008,32,2,123,0.008381285704672337,0.6762462797619048,1.0,1016064,0,1016064,0.0,879427584,0.0006945000004634494,0.0,35.126953125
dense,1008,32,2,124,0.00789512600749731,0.6785404265873016,1.0,1016064,0,1016064,0.0,879427584,0.0006725999992340803,0.0,35.126953125
dense,1008,32,2,125,0.007426773197948933,0.6806175595238095,1.0,1016064,0,1016064,0.0,879427584,0.0007114000000001397,0.0,35.126953125
dense,1008,32,2,126,0.006978370249271393,0.6825086805555556,1.0,1016064,0,1016064,0.0,879427584,0.0006838999997853534,0.0,35.126953125
dense,1008,32,2,127,0.006551351398229599,0.6842757936507936,1.0,1016064,0,1016064,0.0,879427584,0.0006720000001223525,0.0,35.126953125
dense,1008,32,2,128,0.006146630272269249,0.6857948908730159,1.0,1016064,0,1016064,0.0,879427584,0.0007416999997076346,0.0,35.126953125
dense,1008,32,2,129,0.005764823406934738,0.6878410218253969,1.0,1016064,0,1016064,0.0,879427584,0.000716900000043097,0.0,35.126953125
dense,1008,32,2,130,0.005406203214079142,0.6903211805555556,1.0,1016064,0,1016064,0.0,879427584,0.000675200000841869,0.0,35.126953125
dense,1008,32,2,131,0.005070788785815239,0.6923673115079365,1.0,1016064,0,1016064,0.0,879427584,0.0007428000008076197,0.0,35.126953125
dense,1008,32,2,132,0.004758297931402922,0.6943824404761905,1.0,1016064,0,1016064,0.0,879427584,0.0006995999992795987,0.0,35.126953125
dense,1008,32,2,133,0.004467942286282778,0.6962735615079365,1.0,1016064,0,1016064,0.0,879427584,0.0006897999992361292,0.0,35.126953125
dense,1008,32,2,134,0.004198644310235977,0.6980716765873016,1.0,1016064,0,1016064,0.0,879427584,0.0007035000016912818,0.0,35.126953125
dense,1008,32,2,135,0.00394921749830246,0.6999937996031746,1.0,1016064,0,1016064,0.0,879427584,0.0007139000008464791,0.0,35.126953125
dense,1008,32,2,136,0.003718443913385272,0.7020399305555556,1.0,1016064,0,1016064,0.0,879427584,0.0006890999993629521,0.0,35.126953125
dense,1008,32,2,137,0.0035051668528467417,0.7039310515873016,1.0,1016064,0,1016064,0.0,879427584,0.0006948999998712679,0.0,35.126953125
dense,1008,32,2,138,0.0033083430025726557,0.7052641369047619,1.0,1016064,0,1016064,0.0,879427584,0.0006856999989395263,0.0,35.126953125
dense,1008,32,2,139,0.0031269965693354607,0.7067212301587301,1.0,1016064,0,1016064,0.0,879427584,0.0007521999996242812,0.0,35.126953125
dense,1008,32,2,140,0.002960111480206251,0.709015376984127,1.0,1016064,0,1016064,0.0,879427584,0.0007131000002118526,0.0,35.126953125
dense,1008,32,2,141,0.002806608797982335,0.7106894841269841,1.0,1016064,0,1016064,0.0,879427584,0.0007834999996703118,0.0,35.126953125
dense,1008,32,2,142,0.002665373031049967,0.7127356150793651,1.0,1016064,0,1016064,0.0,879427584,0.0007951999996294035,0.0,35.126953125
dense,1008,32,2,143,0.002535235369578004,0.7151227678571429,1.0,1016064,0,1016064,0.0,879427584,0.0007851999998820247,0.0,35.126953125
dense,1008,32,2,144,0.0024150540120899677,0.7170138888888888,1.0,1016064,0,1016064,0.0,879427584,0.0007380999995802995,0.0,35.126953125
dense,1008,32,2,145,0.0023038273211568594,0.718781001984127,1.0,1016064,0,1016064,0.0,879427584,0.0007470000000466825,0.0,35.126953125
dense,1008,32,2,146,0.0022006845101714134,0.7204241071428571,1.0,1016064,0,1016064,0.0,879427584,0.0007238999987748684,0.0,35.126953125
dense,1008,32,2,147,0.0021048979833722115,0.7222532242063492,1.0,1016064,0,1016064,0.0,879427584,0.0007348999988607829,0.0,35.126953125
dense,1008,32,2,148,0.0020158523693680763,0.7244233630952381,1.0,1016064,0,1016064,0.0,879427584,0.0007473000005120412,0.0,35.126953125
dense,1008,32,2,149,0.0019329824717715383,0.7261904761904762,1.0,1016064,0,1016064,0.0,879427584,0.0008197000006475719,0.0,35.126953125
dense,1008,32,2,150,0.0018558221636340022,0.7276475694444444,1.0,1016064,0,1016064,0.0,879427584,0.0007924000001366949,0.0,35.126953125
dense,1008,32,2,151,0.0017839883221313357,0.7288566468253969,1.0,1016064,0,1016064,0.0,879427584,0.0007273999999597436,0.0,35.126953125
dense,1008,32,2,152,0.00171714648604393,0.7301587301587301,1.0,1016064,0,1016064,0.0,879427584,0.0007402000010188203,0.0,35.126953125
dense,1008,32,2,153,0.0016549957217648625,0.7312437996031746,1.0,1016064,0,1016064,0.0,879427584,0.0007007999993220437,0.0,35.126953125
dense,1008,32,2,154,0.0015972418477758765,0.7326388888888888,1.0,1016064,0,1016064,0.0,879427584,0.0007495999998354819,0.0,35.126953125
dense,1008,32,2,155,0.0015435799723491073,0.7334759424603174,1.0,1016064,0,1016064,0.0,879427584,0.0007587999989482341,0.0,35.126953125
dense,1008,32,2,156,0.0014937270898371935,0.7348710317460317,1.0,1016064,0,1016064,0.0,879427584,0.0007664999993721722,0.0,35.126953125
dense,1008,32,2,157,0.0014474171912297606,0.7358010912698413,1.0,1016064,0,1016064,0.0,879427584,0.0007953000003908528,0.0,35.126953125
dense,1008,32,2,158,0.0014043812407180667,0.7372581845238095,1.0,1016064,0,1016064,0.0,879427584,0.0007415000000037253,0.0,35.126953125
dense,1008,32,2,159,0.0013643513666465878,0.7384052579365079,1.0,1016064,0,1016064,0.0,879427584,0.0007769000003463589,0.0,35.126953125
dense,1008,32,2,160,0.0013270712224766612,0.7388392857142857,1.0,1016064,0,1016064,0.0,879427584,0.0010820000006788177,0.0,35.126953125
dense,1008,32,2,161,0.00129231798928231,0.7396763392857143,1.0,1016064,0,1016064,0.0,879427584,0.0007576000007247785,0.0,35.126953125
dense,1008,32,2,162,0.001259892713278532,0.7410714285714286,1.0,1016064,0,1016064,0.0,879427584,0.000775200000134646,0.0,35.126953125
dense,1008,32,2,163,0.0012296162312850356,0.7420634920634921,1.0,1016064,0,1016064,0.0,879427584,0.0008926999998948304,0.0,35.126953125
dense,1008,32,2,164,0.0012013169471174479,0.7429935515873016,1.0,1016064,0,1016064,0.0,879427584,0.0008617000003141584,0.0,35.126953125
dense,1008,32,2,165,0.0011748402612283826,0.7442336309523809,1.0,1016064,0,1016064,0.0,879427584,0.0014274000004661502,0.0,35.126953125
dense,1008,32,2,166,0.0011500391410663724,0.7452566964285714,1.0,1016064,0,1016064,0.0,879427584,0.000987600000371458,0.0,35.126953125
dense,1008,32,2,167,0.0011267726076766849,0.7466207837301587,1.0,1016064,0,1016064,0.0,879427584,0.0008209999996324768,0.0,35.126953125
dense,1008,32,2,168,0.0011049112072214484,0.7474268353174603,1.0,1016064,0,1016064,0.0,879427584,0.0007672000010643387,0.0,35.126953125
dense,1008,32,2,169,0.0010843367781490088,0.7486049107142857,1.0,1016064,0,1016064,0.0,879427584,0.0008132000002660789,0.0,35.126953125
dense,1008,32,2,170,0.0010649459436535835,0.7496899801587301,1.0,1016064,0,1016064,0.0,879427584,0.0008015000003069872,0.0,35.126953125
dense,1008,32,2,171,0.0010466412641108036,0.7504340277777778,1.0,1016064,0,1016064,0.0,879427584,0.0007129000005079433,0.0,35.126953125
dense,1008,32,2,172,0.001029325881972909,0.7512090773809523,1.0,1016064,0,1016064,0.0,879427584,0.0006935999990673736,0.0,35.126953125
dense,1008,32,2,173,0.0010129137663170695,0.752015128968254,1.0,1016064,0,1016064,0.0,879427584,0.0007894999998825369,0.0,35.126953125
dense,1008,32,2,174,0.0009973399573937058,0.7530691964285714,1.0,1016064,0,1016064,0.0,879427584,0.0008959000006143469,0.0,35.126953125
dense,1008,32,2,175,0.0009825483430176973,0.7537512400793651,1.0,1016064,0,1016064,0.0,879427584,0.0007081000003381632,0.0,35.126953125
dense,1008,32,2,176,0.0009684854885563254,0.7541542658730159,1.0,1016064,0,1016064,0.0,879427584,0.0007194999998318963,0.0,35.126953125
dense,1008,32,2,177,0.0009550979593768716,0.7551463293650794,1.0,1016064,0,1016064,0.0,879427584,0.0007565999985672534,0.0,35.126953125
dense,1008,32,2,178,0.000942335173022002,0.755828373015873,1.0,1016064,0,1016064,0.0,879427584,0.0007130000012693927,0.0,35.126953125
dense,1008,32,2,179,0.0009301529498770833,0.7566034226190477,1.0,1016064,0,1016064,0.0,879427584,0.000733500000933418,0.0,35.126953125
dense,1008,32,2,180,0.0009185101953335106,0.7569754464285714,1.0,1016064,0,1016064,0.0,879427584,0.0009546000001137145,0.0,35.126953125
dense,1008,32,2,181,0.0009073716355487704,0.7572544642857143,1.0,1016064,0,1016064,0.0,879427584,0.0008804999997664709,0.0,35.126953125
dense,1008,32,2,182,0.0008967038593254983,0.7577194940476191,1.0,1016064,0,1016064,0.0,879427584,0.0006950999995751772,0.0,35.126953125
dense,1008,32,2,183,0.0008864756673574448,0.7584945436507936,1.0,1016064,0,1016064,0.0,879427584,0.0007452000008925097,0.0,35.126953125
dense,1008,32,2,184,0.0008766577811911702,0.7590525793650794,1.0,1016064,0,1016064,0.0,879427584,0.0021096000000397908,0.0,35.126953125
dense,1008,32,2,185,0.0008672223193570971,0.7595796130952381,1.0,1016064,0,1016064,0.0,879427584,0.0008674999990034848,0.0,35.126953125
dense,1008,32,2,186,0.0008581451256759465,0.7604476686507936,1.0,1016064,0,1016064,0.0,879427584,0.0007342999997490551,0.0,35.126953125
dense,1008,32,2,187,0.0008494042558595538,0.7611297123015873,1.0,1016064,0,1016064,0.0,879427584,0.0009095999994315207,0.0,35.126953125
dense,1008,32,2,188,0.0008409798028878868,0.7615947420634921,1.0,1016064,0,1016064,0.0,879427584,0.0007177999996201834,0.0,35.126953125
dense,1008,32,2,189,0.0008328537223860621,0.7620597718253969,1.0,1016064,0,1016064,0.0,879427584,0.0007459999997081468,0.0,35.126953125
dense,1008,32,2,190,0.0008250114042311907,0.7622457837301587,1.0,1016064,0,1016064,0.0,879427584,0.0007373000007646624,0.0,35.126953125
dense,1008,32,2,191,0.000817438994999975,0.7627108134920635,1.0,1016064,0,1016064,0.0,879427584,0.0016239000015048077,0.0,35.126953125
dense,1008,32,2,192,0.0008101225830614567,0.7631448412698413,1.0,1016064,0,1016064,0.0,879427584,0.0007886999992479105,0.0,35.126953125
dense,1008,32,2,193,0.0008030466851778328,0.763609871031746,1.0,1016064,0,1016064,0.0,879427584,0.000811099998827558,0.0,35.126953125
dense,1008,32,2,194,0.0007961976807564497,0.7641369047619048,1.0,1016064,0,1016064,0.0,879427584,0.0007653000011487165,0.0,35.126953125
dense,1008,32,2,195,0.0007895619492046535,0.7647259424603174,1.0,1016064,0,1016064,0.0,879427584,0.0008054999998421408,0.0,35.126953125
dense,1008,32,2,196,0.0007831284310668707,0.7648499503968254,1.0,1016064,0,1016064,0.0,879427584,0.0007662999996682629,0.0,35.126953125
dense,1008,32,2,197,0.0007768867653794587,0.7652219742063492,1.0,1016064,0,1016064,0.0,879427584,0.0007516999994550133,0.0,35.126953125
dense,1008,32,2,198,0.0007708284538239241,0.765687003968254,1.0,1016064,0,1016064,0.0,879427584,0.00069199999961711,0.0,35.126953125
dense,1008,32,2,199,0.0007649440667591989,0.7660590277777778,1.0,1016064,0,1016064,0.0,879427584,0.0014131999996607192,0.0,35.126953125
dense,1008,32,2,200,0.0007592252804897726,0.7667720734126984,1.0,1016064,0,1016064,0.0,879427584,0.0007624999998370185,0.0,35.126953125
dense,1008,32,2,201,0.0007536642369814217,0.7671750992063492,1.0,1016064,0,1016064,0.0,879427584,0.0007588999997096835,0.0,35.126953125
dense,1008,32,2,202,0.0007482541841454804,0.767578125,1.0,1016064,0,1016064,0.0,879427584,0.0007597999992867699,0.0,35.126953125
dense,1008,32,2,203,0.0007429884863086045,0.7678881448412699,1.0,1016064,0,1016064,0.0,879427584,0.0007901000008132542,0.0,35.126953125
dense,1008,32,2,204,0.0007378607406280935,0.7681981646825397,1.0,1016064,0,1016064,0.0,879427584,0.0007273999999597436,0.0,35.126953125
dense,1008,32,2,205,0.0007328640785999596,0.7687562003968254,1.0,1016064,0,1016064,0.0,879427584,0.0009522000000288244,0.0,35.126953125
dense,1008,32,2,206,0.0007279922720044851,0.7693762400793651,1.0,1016064,0,1016064,0.0,879427584,0.0007415000000037253,0.0,35.126953125
dense,1008,32,2,207,0.0007232399075292051,0.769562251984127,1.0,1016064,0,1016064,0.0,879427584,0.0008106999994197395,0.0,35.126953125
dense,1008,32,2,208,0.0007186018046922982,0.7699342757936508,1.0,1016064,0,1016064,0.0,879427584,0.0007679999998799758,0.0,35.126953125
dense,1008,32,2,209,0.0007140735979191959,0.7701822916666666,1.0,1016064,0,1016064,0.0,879427584,0.0007547000004706206,0.0,35.126953125
dense,1008,32,2,210,0.000709651387296617,0.7707713293650794,1.0,1016064,0,1016064,0.0,879427584,0.0007189000007201685,0.0,35.126953125
dense,1008,32,2,211,0.0007053314475342631,0.7711433531746031,1.0,1016064,0,1016064,0.0,879427584,0.0007654000000911765,0.0,35.126953125
dense,1008,32,2,212,0.0007011103443801403,0.7716393849206349,1.0,1016064,0,1016064,0.0,879427584,0.0007616999992023921,0.0,35.126953125
dense,1008,32,2,213,0.0006969844689592719,0.7720734126984127,1.0,1016064,0,1016064,0.0,879427584,0.0007310000000870787,0.0,35.126953125
dense,1008,32,2,214,0.0006929506198503077,0.7722904265873016,1.0,1016064,0,1016064,0.0,879427584,0.0007640000003448222,0.0,35.126953125
dense,1008,32,2,215,0.0006890057702548802,0.7724144345238095,1.0,1016064,0,1016064,0.0,879427584,0.0007769000003463589,0.0,35.126953125
dense,1008,32,2,216,0.0006851465441286564,0.7726624503968254,1.0,1016064,0,1016064,0.0,879427584,0.000808599999800208,0.0,35.126953125
dense,1008,32,2,217,0.0006813703221268952,0.7729414682539683,1.0,1016064,0,1016064,0.0,879427584,0.0007547999994130805,0.0,35.126953125
dense,1008,32,2,218,0.0006776736699976027,0.7732514880952381,1.0,1016064,0,1016064,0.0,879427584,0.0008130000005621696,0.0,35.126953125
dense,1008,32,2,219,0.0006740546086803079,0.7735925099206349,1.0,1016064,0,1016064,0.0,879427584,0.0007547000004706206,0.0,35.126953125
dense,1008,32,2,220,0.0006705100531689823,0.7740265376984127,1.0,1016064,0,1016064,0.0,879427584,0.0007939000006444985,0.0,35.126953125
dense,1008,32,2,221,0.0006670377333648503,0.7740575396825397,1.0,1016064,0,1016064,0.0,879427584,0.0008099000006041024,0.0,35.126953125
dense,1008,32,2,222,0.0006636354373767972,0.7744295634920635,1.0,1016064,0,1016064,0.0,879427584,0.0007602999994560378,0.0,35.126953125
dense,1008,32,2,223,0.0006603013607673347,0.7748635912698413,1.0,1016064,0,1016064,0.0,879427584,0.0007513000000471948,0.0,35.126953125
dense,1008,32,2,224,0.0006570330588147044,0.7750496031746031,1.0,1016064,0,1016064,0.0,879427584,0.000750299999708659,0.0,35.126953125
dense,1008,32,2,225,0.000653828785289079,0.7755456349206349,1.0,1016064,0,1016064,0.0,879427584,0.0008084000000962988,0.0,35.126953125
dense,1008,32,2,226,0.0006506872014142573,0.7757626488095238,1.0,1016064,0,1016064,0.0,879427584,0.0008180999993783189,0.0,35.126953125
dense,1008,32,2,227,0.0006476059788838029,0.7758556547619048,1.0,1016064,0,1016064,0.0,879427584,0.0007967000001372071,0.0,35.126953125
dense,1008,32,2,228,0.0006445834878832102,0.7762896825396826,1.0,1016064,0,1016064,0.0,879427584,0.0007224000000860542,0.0,35.126953125
dense,1008,32,2,229,0.0006416182732209563,0.7768167162698413,1.0,1016064,0,1016064,0.0,879427584,0.000925299998925766,0.0,35.126953125
dense,1008,32,2,230,0.0006387086468748748,0.7771267361111112,1.0,1016064,0,1016064,0.0,879427584,0.0007117000004654983,0.0,35.126953125
dense,1008,32,2,231,0.0006358528044074774,0.7774987599206349,1.0,1016064,0,1016064,0.0,879427584,0.0007858999997552019,0.0,35.126953125
dense,1008,32,2,232,0.0006330497562885284,0.7778087797619048,1.0,1016064,0,1016064,0.0,879427584,0.0007911000011517899,0.0,35.126953125
dense,1008,32,2,233,0.000630297523457557,0.7779947916666666,1.0,1016064,0,1016064,0.0,879427584,0.0008381999996345257,0.0,35.126953125
dense,1008,32,2,234,0.0006275950581766665,0.7784598214285714,1.0,1016064,0,1016064,0.0,879427584,0.000812700000096811,0.0,35.126953125
dense,1008,32,2,235,0.0006249409634619951,0.7788008432539683,1.0,1016064,0,1016064,0.0,879427584,0.0007848000004742062,0.0,35.126953125
dense,1008,32,2,236,0.0006223340169526637,0.7788008432539683,1.0,1016064,0,1016064,0.0,879427584,0.0007386000015685568,0.0,35.126953125
dense,1008,32,2,237,0.0006197728216648102,0.7788628472222222,1.0,1016064,0,1016064,0.0,879427584,0.0007208999995782506,0.0,35.126953125
dense,1008,32,2,238,0.0006172559224069118,0.7790488591269841,1.0,1016064,0,1016064,0.0,879427584,0.0008391999999730615,0.0,35.126953125
dense,1008,32,2,239,0.0006147829117253423,0.779296875,1.0,1016064,0,1016064,0.0,879427584,0.0007944000008137664,0.0,35.126953125
dense,1008,32,2,240,0.0006123522762209177,0.7794208829365079,1.0,1016064,0,1016064,0.0,879427584,0.0008450000004813774,0.0,35.126953125
dense,1008,32,2,241,0.000609962735325098,0.7798859126984127,1.0,1016064,0,1016064,0.0,879427584,0.0008627999995951541,0.0,35.126953125
dense,1008,32,2,242,0.0006076139979995787,0.7799479166666666,1.0,1016064,0,1016064,0.0,879427584,0.0010266999997838866,0.0,35.126953125
dense,1008,32,2,243,0.0006053043762221932,0.7803819444444444,1.0,1016064,0,1016064,0.0,879427584,0.0009119999995164108,0.0,35.126953125
dense,1008,32,2,244,0.000603033578954637,0.7807229662698413,1.0,1016064,0,1016064,0.0,879427584,0.0007709000001341337,0.0,35.126953125
dense,1008,32,2,245,0.0006008002092130482,0.7810329861111112,1.0,1016064,0,1016064,0.0,879427584,0.0007550000009359792,0.0,35.126953125
dense,1008,32,2,246,0.0005986033356748521,0.7814360119047619,1.0,1016064,0,1016064,0.0,879427584,0.0007857000000512926,0.0,35.126953125
dense,1008,32,2,247,0.0005964422016404569,0.7815910218253969,1.0,1016064,0,1016064,0.0,879427584,0.0008022000001801644,0.0,35.126953125
dense,1008,32,2,248,0.0005943162250332534,0.7816530257936508,1.0,1016064,0,1016064,0.0,879427584,0.0007639000014023622,0.0,35.126953125
dense,1008,32,2,249,0.0005922245909459889,0.7819630456349206,1.0,1016064,0,1016064,0.0,879427584,0.0007537000001320848,0.0,35.126953125
dense,1008,32,2,250,0.0005901659606024623,0.7819940476190477,1.0,1016064,0,1016064,0.0,879427584,0.0008537000012438511,0.0,35.126953125
dense,1008,32,2,251,0.0005881402175873518,0.7822110615079365,1.0,1016064,0,1016064,0.0,879427584,0.0007158999997045612,0.0,35.126953125
dense,1008,32,2,252,0.0005861467798240483,0.7823350694444444,1.0,1016064,0,1016064,0.0,879427584,0.0007593999998789513,0.0,35.126953125
dense,1008,32,2,253,0.0005841851234436035,0.7828000992063492,1.0,1016064,0,1016064,0.0,879427584,0.0007364999983110465,0.0,35.126953125
dense,1008,32,2,254,0.0005822558305226266,0.7831101190476191,1.0,1016064,0,1016064,0.0,879427584,0.002506000000721542,0.0,35.126953125
dense,1008,32,2,255,0.0005803602980449796,0.7836681547619048,1.0,1016064,0,1016064,0.0,879427584,0.0009070999985851813,0.0,35.126953125
dense,1008,32,2,256,0.0005785042885690928,0.7838231646825397,1.0,1016064,0,1016064,0.0,879427584,0.000685499999235617,0.0,35.126953125
dense,1008,32,2,257,0.0005767011316493154,0.7838231646825397,1.0,1016064,0,1016064,0.0,879427584,0.0007648000009794487,0.0,35.126953125
dense,1008,32,2,258,0.0005749891861341894,0.7840091765873016,1.0,1016064,0,1016064,0.0,879427584,0.0007924000001366949,0.0,35.126953125
dense,1008,32,2,259,0.0005734592559747398,0.7842261904761905,1.0,1016064,0,1016064,0.0,879427584,0.00073319999864907,0.0,35.126953125
dense,1008,32,2,260,0.0005723834619857371,0.7842571924603174,1.0,1016064,0,1016064,0.0,879427584,0.0008140999998431653,0.0,35.126953125
dense,1008,32,2,261,0.0005723446374759078,0.7843191964285714,1.0,1016064,0,1016064,0.0,879427584,0.0007186999991972698,0.0,35.126953125
dense,1008,32,2,262,0.0005754054291173816,0.7842571924603174,1.0,1016064,0,1016064,0.0,879427584,0.0007941000003484078,0.0,35.126953125
dense,1008,32,2,263,0.0005844257539138198,0.7845362103174603,1.0,1016064,0,1016064,0.0,879427584,0.0007564000006823335,0.0,35.126953125
dense,1008,32,2,264,0.0006135781877674162,0.7846292162698413,1.0,1016064,0,1016064,0.0,879427584,0.0007729999997536652,0.0,35.126953125
dense,1008,32,2,265,0.0006510508246719837,0.7849082341269841,1.0,1016064,0,1016064,0.0,879427584,0.0007122000006347662,0.0,35.126953125
dense,1008,32,2,266,0.0007377454312518239,0.78515625,1.0,1016064,0,1016064,0.0,879427584,0.0007088999991538003,0.0,35.126953125
dense,1008,32,2,267,0.0007107183919288218,0.7852802579365079,1.0,1016064,0,1016064,0.0,879427584,0.0008580000012443634,0.0,35.126953125
dense,1008,32,2,268,0.0006978499004617333,0.7855902777777778,1.0,1016064,0,1016064,0.0,879427584,0.0007809999988239724,0.0,35.126953125
dense,1008,32,2,269,0.0006784958532080054,0.7862103174603174,1.0,1016064,0,1016064,0.0,879427584,0.000741399999242276,0.0,35.126953125
dense,1008,32,2,270,0.0006749031599611044,0.7862413194444444,1.0,1016064,0,1016064,0.0,879427584,0.0007607999996253056,0.0,35.126953125
dense,1008,32,2,271,0.0006701143574900925,0.7863653273809523,1.0,1016064,0,1016064,0.0,879427584,0.0008133000010275282,0.0,35.126953125
dense,1008,32,2,272,0.0006132207345217466,0.7867063492063492,1.0,1016064,0,1016064,0.0,879427584,0.0007327000002987916,0.0,35.126953125
dense,1008,32,2,273,0.0006076970603317022,0.7869853670634921,1.0,1016064,0,1016064,0.0,879427584,0.0007695000003877794,0.0,35.126953125
dense,1008,32,2,274,0.0006445267936214805,0.7870163690476191,1.0,1016064,0,1016064,0.0,879427584,0.0008098000016616425,0.0,35.126953125
dense,1008,32,2,275,0.0006229375139810145,0.7873263888888888,1.0,1016064,0,1016064,0.0,879427584,0.0007900000000518048,0.0,35.126953125
dense,1008,32,2,276,0.0005907500744797289,0.7874813988095238,1.0,1016064,0,1016064,0.0,879427584,0.0007523999993281905,0.0,35.126953125
dense,1008,32,2,277,0.0005909602041356266,0.7874813988095238,1.0,1016064,0,1016064,0.0,879427584,0.0008096000001387438,0.0,35.126953125
dense,1008,32,2,278,0.0005981519352644682,0.7879774305555556,1.0,1016064,0,1016064,0.0,879427584,0.0007712000005994923,0.0,35.126953125
dense,1008,32,2,279,0.0005911344196647406,0.7882874503968254,1.0,1016064,0,1016064,0.0,879427584,0.0008182000001397682,0.0,35.126953125
dense,1008,32,2,280,0.0005754131707362831,0.7885354662698413,1.0,1016064,0,1016064,0.0,879427584,0.0007518000002164626,0.0,35.126953125
dense,1008,32,2,281,0.0005685252253897488,0.7890625,1.0,1016064,0,1016064,0.0,879427584,0.0007798000006005168,0.0,35.126953125
dense,1008,32,2,282,0.0005715818842872977,0.7892795138888888,1.0,1016064,0,1016064,0.0,879427584,0.000715600001058192,0.0,35.126953125
dense,1008,32,2,283,0.0005705467192456126,0.789000496031746,1.0,1016064,0,1016064,0.0,879427584,0.0007298999989870936,0.0,35.126953125
dense,1008,32,2,284,0.0005627339705824852,0.7894345238095238,1.0,1016064,0,1016064,0.0,879427584,0.00079600000026403,0.0,35.126953125
dense,1008,32,2,285,0.0005568431806750596,0.7894035218253969,1.0,1016064,0,1016064,0.0,879427584,0.0007030999986454844,0.0,35.126953125
dense,1008,32,2,286,0.0005564530729316175,0.7894655257936508,1.0,1016064,0,1016064,0.0,879427584,0.000745099998312071,0.0,35.126953125
dense,1008,32,2,287,0.0005543991574086249,0.7899305555555556,1.0,1016064,0,1016064,0.0,879427584,0.0007525000000896398,0.0,35.126953125
dense,1008,32,2,288,0.0005456010694615543,0.7899305555555556,1.0,1016064,0,1016064,0.0,879427584,0.0007699000016145874,0.0,35.126953125
dense,1008,32,2,289,0.0005429336451925337,0.7901165674603174,1.0,1016064,0,1016064,0.0,879427584,0.0007440999997925246,0.0,35.126953125
dense,1008,32,2,290,0.0005483617424033582,0.7904575892857143,1.0,1016064,0,1016064,0.0,879427584,0.0007814000000507804,0.0,35.126953125
dense,1008,32,2,291,0.000545587798114866,0.7904885912698413,1.0,1016064,0,1016064,0.0,879427584,0.000769800000853138,0.0,35.126953125
dense,1008,32,2,292,0.0005364432581700385,0.7908916170634921,1.0,1016064,0,1016064,0.0,879427584,0.0013406999987637391,0.0,35.126953125
dense,1008,32,2,293,0.0005332814180292189,0.791077628968254,1.0,1016064,0,1016064,0.0,879427584,0.0008615000006102491,0.0,35.126953125
dense,1008,32,2,294,0.0005357691552489996,0.7912636408730159,1.0,1016064,0,1016064,0.0,879427584,0.0007789999999658903,0.0,35.126953125
dense,1008,32,2,295,0.0005352440057322383,0.7913256448412699,1.0,1016064,0,1016064,0.0,879427584,0.0006849999990663491,0.0,35.126953125
dense,1008,32,2,296,0.0005306534585542977,0.7916356646825397,1.0,1016064,0,1016064,0.0,879427584,0.0007286999989446485,0.0,35.126953125
dense,1008,32,2,297,0.0005275844014249742,0.7916666666666666,1.0,1016064,0,1016064,0.0,879427584,0.0007951000006869435,0.0,35.126953125
dense,1008,32,2,298,0.0005270146066322923,0.7918216765873016,1.0,1016064,0,1016064,0.0,879427584,0.0006964999993215315,0.0,35.126953125
dense,1008,32,2,299,0.0005263492348603904,0.7920076884920635,1.0,1016064,0,1016064,0.0,879427584,0.0007814000000507804,0.0,35.126953125
dense,1008,32,2,300,0.000524284434504807,0.7923177083333334,1.0,1016064,0,1016064,0.0,879427584,0.0006929000010131858,0.0,35.126953125
dense,1008,32,2,301,0.0005224373308010399,0.7924417162698413,1.0,1016064,0,1016064,0.0,879427584,0.0008084000000962988,0.0,35.126953125
dense,1008,32,2,302,0.0005212956457398832,0.7925347222222222,1.0,1016064,0,1016064,0.0,879427584,0.0007356999994954094,0.0,35.126953125
dense,1008,32,2,303,0.0005196535494178534,0.7927207341269841,1.0,1016064,0,1016064,0.0,879427584,0.0008440000001428416,0.0,35.126953125
dense,1008,32,2,304,0.0005177768762223423,0.793030753968254,1.0,1016064,0,1016064,0.0,879427584,0.0007675999986531679,0.0,35.126953125
dense,1008,32,2,305,0.0005166020127944648,0.7933407738095238,1.0,1016064,0,1016064,0.0,879427584,0.0007185999984358205,0.0,35.126953125
dense,1008,32,2,306,0.0005157578852958977,0.7933717757936508,1.0,1016064,0,1016064,0.0,879427584,0.0007064999990689103,0.0,35.126953125
dense,1008,32,2,307,0.000514614803250879,0.7933407738095238,1.0,1016064,0,1016064,0.0,879427584,0.0007707999993726844,0.0,35.126953125
dense,1008,32,2,308,0.0005133635713718832,0.7937437996031746,1.0,1016064,0,1016064,0.0,879427584,0.0008219999999710126,0.0,35.126953125
dense,1008,32,2,309,0.0005124429007992148,0.7936817956349206,1.0,1016064,0,1016064,0.0,879427584,0.0007029999997030245,0.0,35.126953125
dense,1008,32,2,310,0.0005111998179927468,0.7937748015873016,1.0,1016064,0,1016064,0.0,879427584,0.0006917999999132007,0.0,35.126953125
dense,1008,32,2,311,0.0005095769301988184,0.7939608134920635,1.0,1016064,0,1016064,0.0,879427584,0.0007421999998769024,0.0,35.126953125
dense,1008,32,2,312,0.0005082933930680156,0.7942708333333334,1.0,1016064,0,1016064,0.0,879427584,0.0007418000004690839,0.0,35.126953125
dense,1008,32,2,313,0.0005075198132544756,0.7944568452380952,1.0,1016064,0,1016064,0.0,879427584,0.0007081000003381632,0.0,35.126953125
dense,1008,32,2,314,0.0005068894242867827,0.7946118551587301,1.0,1016064,0,1016064,0.0,879427584,0.000711199998477241,0.0,35.126953125
dense,1008,32,2,315,0.0005060231196694076,0.7950458829365079,1.0,1016064,0,1016064,0.0,879427584,0.0007846999997127568,0.0,35.126953125
dense,1008,32,2,316,0.0005048405146226287,0.794921875,1.0,1016064,0,1016064,0.0,879427584,0.000719700001354795,0.0,35.126953125
dense,1008,32,2,317,0.0005035537178628147,0.7950768849206349,1.0,1016064,0,1016064,0.0,879427584,0.0006849000001238892,0.0,35.126953125
dense,1008,32,2,318,0.0005025244317948818,0.7956039186507936,1.0,1016064,0,1016064,0.0,879427584,0.0007100000002537854,0.0,35.126953125
dense,1008,32,2,319,0.0005017805378884077,0.7957279265873016,1.0,1016064,0,1016064,0.0,879427584,0.0006825999989814591,0.0,35.126953125
dense,1008,32,2,320,0.0005009823944419622,0.7958209325396826,1.0,1016064,0,1016064,0.0,879427584,0.0006841000013082521,0.0,35.126953125
dense,1008,32,2,321,0.0005000169621780515,0.7960379464285714,1.0,1016064,0,1016064,0.0,879427584,0.0007088000002113404,0.0,35.126953125
dense,1008,32,2,322,0.0004991840687580407,0.7961619543650794,1.0,1016064,0,1016064,0.0,879427584,0.0006558999994012993,0.0,35.126953125
dense,1008,32,2,323,0.00049857038538903,0.7963479662698413,1.0,1016064,0,1016064,0.0,879427584,0.0007819000002200482,0.0,35.126953125
dense,1008,32,2,324,0.000498101522680372,0.7965029761904762,1.0,1016064,0,1016064,0.0,879427584,0.000708699999449891,0.0,35.126953125
dense,1008,32,2,325,0.0004978717188350856,0.7965649801587301,1.0,1016064,0,1016064,0.0,879427584,0.0007681000006414251,0.0,35.126953125
dense,1008,32,2,326,0.0004982506507076323,0.7967819940476191,1.0,1016064,0,1016064,0.0,879427584,0.0007441999987349845,0.0,35.126953125
dense,1008,32,2,327,0.0004995212657377124,0.796812996031746,1.0,1016064,0,1016064,0.0,879427584,0.0007485000005544862,0.0,35.126953125
dense,1008,32,2,328,0.0005025534774176776,0.796906001984127,1.0,1016064,0,1016064,0.0,879427584,0.0007476000009773998,0.0,35.126953125
dense,1008,32,2,329,0.0005083915893919766,0.7969680059523809,1.0,1016064,0,1016064,0.0,879427584,0.0007268999997904757,0.0,35.126953125
dense,1008,32,2,330,0.0005205588531680405,0.7972780257936508,1.0,1016064,0,1016064,0.0,879427584,0.0007632999986526556,0.0,35.126953125
dense,1008,32,2,331,0.0005393612664192915,0.7974020337301587,1.0,1016064,0,1016064,0.0,879427584,0.0007370000002993038,0.0,35.126953125
dense,1008,32,2,332,0.0005719236796721816,0.7975570436507936,1.0,1016064,0,1016064,0.0,879427584,0.0007049000014376361,0.0,35.126953125
dense,1008,32,2,333,0.0005988592165522277,0.7975880456349206,1.0,1016064,0,1016064,0.0,879427584,0.0007553000014013378,0.0,35.126953125
dense,1008,32,2,334,0.0006164275109767914,0.7978050595238095,1.0,1016064,0,1016064,0.0,879427584,0.0007186000002548099,0.0,35.126953125
dense,1008,32,2,335,0.000579833285883069,0.7979290674603174,1.0,1016064,0,1016064,0.0,879427584,0.0007162000001699198,0.0,35.126953125
dense,1008,32,2,336,0.0005268548266030848,0.7977740575396826,1.0,1016064,0,1016064,0.0,879427584,0.0007143000002542976,0.0,35.126953125
dense,1008,32,2,337,0.0005013988120481372,0.7979600694444444,1.0,1016064,0,1016064,0.0,879427584,0.0007691999999224208,0.0,35.126953125
dense,1008,32,2,338,0.0005181275773793459,0.7981460813492064,1.0,1016064,0,1016064,0.0,879427584,0.0007234999993670499,0.0,35.126953125
dense,1008,32,2,339,0.0005468682502396405,0.7980220734126984,1.0,1016064,0,1016064,0.0,879427584,0.0007175000009738142,0.0,35.126953125
dense,1008,32,2,340,0.000541337241884321,0.7984871031746031,1.0,1016064,0,1016064,0.0,879427584,0.0007513999989896547,0.0,35.126953125
dense,1008,32,2,341,0.0005161432200111449,0.7982700892857143,1.0,1016064,0,1016064,0.0,879427584,0.0007559999994555255,0.0,35.126953125
dense,1008,32,2,342,0.0004974689218215644,0.7984871031746031,1.0,1016064,0,1016064,0.0,879427584,0.0007130000012693927,0.0,35.126953125
dense,1008,32,2,343,0.0005034611676819623,0.7984871031746031,1.0,1016064,0,1016064,0.0,879427584,0.0007831000002624933,0.0,35.126953125
dense,1008,32,2,344,0.0005194864352233708,0.7985181051587301,1.0,1016064,0,1016064,0.0,879427584,0.0007387000005110167,0.0,35.126953125
dense,1008,32,2,345,0.0005200431332923472,0.7989521329365079,1.0,1016064,0,1016064,0.0,879427584,0.0007203000004665228,0.0,35.126953125
dense,1008,32,2,346,0.0005077826790511608,0.7992001488095238,1.0,1016064,0,1016064,0.0,879427584,0.0006979999998293351,0.0,35.126953125
dense,1008,32,2,347,0.0004939393256790936,0.7994791666666666,1.0,1016064,0,1016064,0.0,879427584,0.0007423999995808117,0.0,35.126953125
dense,1008,32,2,348,0.0004909832496196032,0.7996031746031746,1.0,1016064,0,1016064,0.0,879427584,0.0007755999995424645,0.0,35.126953125
dense,1008,32,2,349,0.0004962183884344995,0.7998821924603174,1.0,1016064,0,1016064,0.0,879427584,0.0007594999988214113,0.0,35.126953125
dense,1008,32,2,350,0.0004987382562831044,0.8000682043650794,1.0,1016064,0,1016064,0.0,879427584,0.0007105999993655132,0.0,35.126953125
dense,1008,32,2,351,0.00049523392226547,0.8000682043650794,1.0,1016064,0,1016064,0.0,879427584,0.000702500001352746,0.0,35.126953125
dense,1008,32,2,352,0.0004873249272350222,0.8005952380952381,1.0,1016064,0,1016064,0.0,879427584,0.0007249999998748535,0.0,35.126953125
dense,1008,32,2,353,0.00048328310367651284,0.80078125,1.0,1016064,0,1016064,0.0,879427584,0.0007487000002583954,0.0,35.126953125
dense,1008,32,2,354,0.0004847257223445922,0.8006882440476191,1.0,1016064,0,1016064,0.0,879427584,0.0006800999999541091,0.0,35.126953125
dense,1008,32,2,355,0.0004881010972894728,0.800843253968254,1.0,1016064,0,1016064,0.0,879427584,0.0007183000016084407,0.0,35.126953125
dense,1008,32,2,356,0.0004891636199317873,0.800750248015873,1.0,1016064,0,1016064,0.0,879427584,0.0007461999994120561,0.0,35.126953125
dense,1008,32,2,357,0.00048674270510673523,0.8011842757936508,1.0,1016064,0,1016064,0.0,879427584,0.000690700000632205,0.0,35.126953125
dense,1008,32,2,358,0.00048377751954831183,0.8009362599206349,1.0,1016064,0,1016064,0.0,879427584,0.002398399999947287,0.0,35.126953125
dense,1008,32,2,359,0.00048228554078377783,0.8013082837301587,1.0,1016064,0,1016064,0.0,879427584,0.0007934999994176906,0.0,35.126953125
dense,1008,32,2,360,0.00048335446626879275,0.8012772817460317,1.0,1016064,0,1016064,0.0,879427584,0.0007171999986894662,0.0,35.126953125
dense,1008,32,2,361,0.00048655978753231466,0.8014632936507936,1.0,1016064,0,1016064,0.0,879427584,0.0007227999994938727,0.0,35.126953125
dense,1008,32,2,362,0.0004910202696919441,0.8016493055555556,1.0,1016064,0,1016064,0.0,879427584,0.0007059000017761718,0.0,35.126953125
dense,1008,32,2,363,0.0005002030520699918,0.8017113095238095,1.0,1016064,0,1016064,0.0,879427584,0.0007021000001259381,0.0,35.126953125
dense,1008,32,2,364,0.0005105715827085078,0.8018353174603174,1.0,1016064,0,1016064,0.0,879427584,0.0006935000001249136,0.0,35.126953125
dense,1008,32,2,365,0.000528832315467298,0.8021143353174603,1.0,1016064,0,1016064,0.0,879427584,0.000677699999869219,0.0,35.126953125
dense,1008,32,2,366,0.0005496402154676616,0.8018043154761905,1.0,1016064,0,1016064,0.0,879427584,0.0006839999987278134,0.0,35.126953125
dense,1008,32,2,367,0.0005678065354004502,0.8018973214285714,1.0,1016064,0,1016064,0.0,879427584,0.000699700000041048,0.0,35.126953125
dense,1008,32,2,368,0.0005831346497870982,0.8018663194444444,1.0,1016064,0,1016064,0.0,879427584,0.0007408000001305481,0.0,35.126953125
dense,1008,32,2,369,0.0005653668777085841,0.8021763392857143,1.0,1016064,0,1016064,0.0,879427584,0.0006838000008428935,0.0,35.126953125
dense,1008,32,2,370,0.0005359086790122092,0.8023003472222222,1.0,1016064,0,1016064,0.0,879427584,0.0007269000016094651,0.0,35.126953125
dense,1008,32,2,371,0.0005027560982853174,0.8024243551587301,1.0,1016064,0,1016064,0.0,879427584,0.0008500000003550667,0.0,35.126953125
dense,1008,32,2,372,0.000486567965708673,0.802796378968254,1.0,1016064,0,1016064,0.0,879427584,0.0007303999991563614,0.0,35.126953125
dense,1008,32,2,373,0.0004926373367197812,0.8028273809523809,1.0,1016064,0,1016064,0.0,879427584,0.0006849000001238892,0.0,35.126953125
dense,1008,32,2,374,0.0005047479062341154,0.8031374007936508,1.0,1016064,0,1016064,0.0,879427584,0.0007199000010587042,0.0,35.126953125
dense,1008,32,2,375,0.0005166514310985804,0.8030443948412699,1.0,1016064,0,1016064,0.0,879427584,0.0006763999990653247,0.0,35.126953125
dense,1008,32,2,376,0.000505323929246515,0.8037264384920635,1.0,1016064,0,1016064,0.0,879427584,0.000720599999112892,0.0,35.126953125
dense,1008,32,2,377,0.0004890843410976231,0.8033854166666666,1.0,1016064,0,1016064,0.0,879427584,0.0007495999998354819,0.0,35.126953125
dense,1008,32,2,378,0.00047638072283007205,0.8037264384920635,1.0,1016064,0,1016064,0.0,879427584,0.0007266000011441065,0.0,35.126953125
dense,1008,32,2,379,0.00047441365313716233,0.8037884424603174,1.0,1016064,0,1016064,0.0,879427584,0.0007203000004665228,0.0,35.126953125
dense,1008,32,2,380,0.0004812407132703811,0.8038194444444444,1.0,1016064,0,1016064,0.0,879427584,0.0007545000007667113,0.0,35.126953125
dense,1008,32,2,381,0.00048580358270555735,0.8043154761904762,1.0,1016064,0,1016064,0.0,879427584,0.0007196000005933456,0.0,35.126953125
dense,1008,32,2,382,0.0004873222787864506,0.8040054563492064,1.0,1016064,0,1016064,0.0,879427584,0.000718100000085542,0.0,35.126953125
dense,1008,32,2,383,0.00048001063987612724,0.8045944940476191,1.0,1016064,0,1016064,0.0,879427584,0.0006933999993634643,0.0,35.126953125
dense,1008,32,2,384,0.0004717896517831832,0.8044704861111112,1.0,1016064,0,1016064,0.0,879427584,0.0007210000003396999,0.0,35.126953125
dense,1008,32,2,385,0.00046669048606418073,0.804625496031746,1.0,1016064,0,1016064,0.0,879427584,0.0007449000004271511,0.0,35.126953125
dense,1008,32,2,386,0.0004660144913941622,0.8049045138888888,1.0,1016064,0,1016064,0.0,879427584,0.0006962999996176222,0.0,35.126953125
dense,1008,32,2,387,0.0004684544401243329,0.8049045138888888,1.0,1016064,0,1016064,0.0,879427584,0.0007117000004654983,0.0,35.126953125
dense,1008,32,2,388,0.0004702866426669061,0.8049045138888888,1.0,1016064,0,1016064,0.0,879427584,0.0006964999993215315,0.0,35.126953125
dense,1008,32,2,389,0.0004704956663772464,0.8050905257936508,1.0,1016064,0,1016064,0.0,879427584,0.0006876999996165978,0.0,35.126953125
dense,1008,32,2,390,0.00046827649930492043,0.8052145337301587,1.0,1016064,0,1016064,0.0,879427584,0.0007913999997981591,0.0,35.126953125
dense,1008,32,2,391,0.0004654306103475392,0.8054935515873016,1.0,1016064,0,1016064,0.0,879427584,0.000765799999498995,0.0,35.126953125
dense,1008,32,2,392,0.00046379436389543116,0.8055245535714286,1.0,1016064,0,1016064,0.0,879427584,0.000720599999112892,0.0,35.126953125
dense,1008,32,2,393,0.0004628807073459029,0.8055555555555556,1.0,1016064,0,1016064,0.0,879427584,0.0007266000011441065,0.0,35.126953125
dense,1008,32,2,394,0.0004631284682545811,0.8059275793650794,1.0,1016064,0,1016064,0.0,879427584,0.0007616000002599321,0.0,35.126953125
dense,1008,32,2,395,0.00046340632252395153,0.8060825892857143,1.0,1016064,0,1016064,0.0,879427584,0.0007488999999623047,0.0,35.126953125
dense,1008,32,2,396,0.00046497213770635426,0.8062996031746031,1.0,1016064,0,1016064,0.0,879427584,0.0007045000002108281,0.0,35.126953125
dense,1008,32,2,397,0.00046731685870327055,0.8063306051587301,1.0,1016064,0,1016064,0.0,879427584,0.0008550000002287561,0.0,35.126953125
dense,1008,32,2,398,0.00047321105375885963,0.8064546130952381,1.0,1016064,0,1016064,0.0,879427584,0.0008931000011216383,0.0,35.126953125
dense,1008,32,2,399,0.0004814103012904525,0.806578621031746,1.0,1016064,0,1016064,0.0,879427584,0.0007235000011860393,0.0,35.126953125
dense,1008,32,2,400,0.0004952856688760221,0.806609623015873,1.0,1016064,0,1016064,0.0,879427584,0.0007019000004220288,0.0,35.126953125
dense,1008,32,2,401,0.0005126445321366191,0.806671626984127,1.0,1016064,0,1016064,0.0,879427584,0.0006949999988137279,0.0,35.126953125
dense,1008,32,2,402,0.0005334665765985847,0.806702628968254,1.0,1016064,0,1016064,0.0,879427584,0.0007642000000487315,0.0,35.126953125
dense,1008,32,2,403,0.0005479849060066044,0.8068266369047619,1.0,1016064,0,1016064,0.0,879427584,0.0007834999996703118,0.0,35.126953125
dense,1008,32,2,404,0.0005478532984852791,0.806578621031746,1.0,1016064,0,1016064,0.0,879427584,0.0007726000003458466,0.0,35.126953125
dense,1008,32,2,405,0.0005249284440651536,0.8071676587301587,1.0,1016064,0,1016064,0.0,879427584,0.0008259000005637063,0.0,35.126953125
dense,1008,32,2,406,0.0004968538996763527,0.806702628968254,1.0,1016064,0,1016064,0.0,879427584,0.0006938999995327322,0.0,35.126953125
dense,1008,32,2,407,0.0004756171256303787,0.8071056547619048,1.0,1016064,0,1016064,0.0,879427584,0.0007055999994918238,0.0,35.126953125
dense,1008,32,2,408,0.0004721151781268418,0.8070746527777778,1.0,1016064,0,1016064,0.0,879427584,0.0006824000010965392,0.0,35.126953125
dense,1008,32,2,409,0.0004772621614392847,0.8070746527777778,1.0,1016064,0,1016064,0.0,879427584,0.0006730000004608883,0.0,35.126953125
dense,1008,32,2,410,0.00048262503696605563,0.8069816468253969,1.0,1016064,0,1016064,0.0,879427584,0.0007282000005943701,0.0,35.126953125
dense,1008,32,2,411,0.0004853813152294606,0.8070436507936508,1.0,1016064,0,1016064,0.0,879427584,0.0007499000003008405,0.0,35.126953125
dense,1008,32,2,412,0.00048109254566952586,0.8074776785714286,1.0,1016064,0,1016064,0.0,879427584,0.0007088000002113404,0.0,35.126953125
dense,1008,32,2,413,0.0004766984493471682,0.8074466765873016,1.0,1016064,0,1016064,0.0,879427584,0.0006981000005907845,0.0,35.126953125
dense,1008,32,2,414,0.00046841028961353004,0.8073536706349206,1.0,1016064,0,1016064,0.0,879427584,0.0006926000005478272,0.0,35.126953125
dense,1008,32,2,415,0.0004618690290953964,0.8075086805555556,1.0,1016064,0,1016064,0.0,879427584,0.0006859000004624249,0.0,35.126953125
dense,1008,32,2,416,0.0004592728510033339,0.8075396825396826,1.0,1016064,0,1016064,0.0,879427584,0.0007684000011067837,0.0,35.126953125
dense,1008,32,2,417,0.0004606650036294013,0.8078187003968254,1.0,1016064,0,1016064,0.0,879427584,0.002629600001455401,0.0,35.126953125
dense,1008,32,2,418,0.000464412325527519,0.8079117063492064,1.0,1016064,0,1016064,0.0,879427584,0.0007368000005953945,0.0,35.126953125
dense,1008,32,2,419,0.00046476145507767797,0.8079427083333334,1.0,1016064,0,1016064,0.0,879427584,0.0007010000008449424,0.0,35.126953125
dense,1008,32,2,420,0.00046238501090556383,0.8079117063492064,1.0,1016064,0,1016064,0.0,879427584,0.0007218000009743264,0.0,35.126953125
dense,1008,32,2,421,0.0004554921470116824,0.8082837301587301,1.0,1016064,0,1016064,0.0,879427584,0.0006816000004619127,0.0,35.126953125
dense,1008,32,2,422,0.00045053334906697273,0.8082527281746031,1.0,1016064,0,1016064,0.0,879427584,0.0006749999993189704,0.0,35.126953125
dense,1008,32,2,423,0.00044899110798723996,0.808562748015873,1.0,1016064,0,1016064,0.0,879427584,0.0007311999997909879,0.0,35.126953125
dense,1008,32,2,424,0.0004518011992331594,0.8087487599206349,1.0,1016064,0,1016064,0.0,879427584,0.0007072999997035367,0.0,35.126953125
dense,1008,32,2,425,0.0004569988523144275,0.8088417658730159,1.0,1016064,0,1016064,0.0,879427584,0.000705000000380096,0.0,35.126953125
dense,1008,32,2,426,0.00046031008241698146,0.8090277777777778,1.0,1016064,0,1016064,0.0,879427584,0.0007029999997030245,0.0,35.126953125
dense,1008,32,2,427,0.00046367509639821947,0.8089967757936508,1.0,1016064,0,1016064,0.0,879427584,0.0007297000011021737,0.0,35.126953125
dense,1008,32,2,428,0.00046212421148084104,0.8092757936507936,1.0,1016064,0,1016064,0.0,879427584,0.0006954999989829957,0.0,35.126953125
dense,1008,32,2,429,0.0004638132231775671,0.8089967757936508,1.0,1016064,0,1016064,0.0,879427584,0.0007663000014872523,0.0,35.126953125
dense,1008,32,2,430,0.0004624788125511259,0.8093377976190477,1.0,1016064,0,1016064,0.0,879427584,0.0007064000001264503,0.0,35.126953125
dense,1008,32,2,431,0.00046677092905156314,0.8091207837301587,1.0,1016064,0,1016064,0.0,879427584,0.0007019000004220288,0.0,35.126953125
dense,1008,32,2,432,0.0004698078555520624,0.8094308035714286,1.0,1016064,0,1016064,0.0,879427584,0.0007000999994488666,0.0,35.126953125
dense,1008,32,2,433,0.00047653194633312523,0.8093067956349206,1.0,1016064,0,1016064,0.0,879427584,0.0006806999990658369,0.0,35.126953125
dense,1008,32,2,434,0.0004828216624446213,0.8095238095238095,1.0,1016064,0,1016064,0.0,879427584,0.0007470000000466825,0.0,35.126953125
dense,1008,32,2,435,0.0004899909836240113,0.8096788194444444,1.0,1016064,0,1016064,0.0,879427584,0.0006584000002476387,0.0,35.126953125
dense,1008,32,2,436,0.0004962277598679066,0.8096168154761905,1.0,1016064,0,1016064,0.0,879427584,0.0006900999997014878,0.0,35.126953125
dense,1008,32,2,437,0.0004992034519091249,0.8095548115079365,1.0,1016064,0,1016064,0.0,879427584,0.002535800000259769,0.0,35.126953125
dense,1008,32,2,438,0.0005002455436624587,0.8097718253968254,1.0,1016064,0,1016064,0.0,879427584,0.0007250999988173135,0.0,35.126953125
dense,1008,32,2,439,0.0004933485179208219,0.8099888392857143,1.0,1016064,0,1016064,0.0,879427584,0.0007045000002108281,0.0,35.126953125
dense,1008,32,2,440,0.00048555672401562333,0.8100818452380952,1.0,1016064,0,1016064,0.0,879427584,0.0007201999997050734,0.0,35.126953125
dense,1008,32,2,441,0.00047513164463452995,0.8102058531746031,1.0,1016064,0,1016064,0.0,879427584,0.000698499999998603,0.0,35.126953125
dense,1008,32,2,442,0.0004730506625492126,0.8101438492063492,1.0,1016064,0,1016064,0.0,879427584,0.0006903000012243865,0.0,35.126953125
dense,1008,32,2,443,0.0004771747044287622,0.8102678571428571,1.0,1016064,0,1016064,0.0,879427584,0.0006843999999546213,0.0,35.126953125
dense,1008,32,2,444,0.0004903021035715938,0.8107018849206349,1.0,1016064,0,1016064,0.0,879427584,0.0007088000002113404,0.0,35.126953125
dense,1008,32,2,445,0.0005004970589652658,0.810546875,1.0,1016064,0,1016064,0.0,879427584,0.0007082000010996126,0.0,35.126953125
dense,1008,32,2,446,0.0005009670276194811,0.8110119047619048,1.0,1016064,0,1016064,0.0,879427584,0.0007533999996667262,0.0,35.126953125
dense,1008,32,2,447,0.0004877125029452145,0.8109499007936508,1.0,1016064,0,1016064,0.0,879427584,0.0007108999998308718,0.0,35.126953125
dense,1008,32,2,448,0.0004665175511036068,0.8113839285714286,1.0,1016064,0,1016064,0.0,879427584,0.0006971000002522487,0.0,35.126953125
dense,1008,32,2,449,0.000449580344138667,0.8116629464285714,1.0,1016064,0,1016064,0.0,879427584,0.0006876000006741378,0.0,35.126953125
dense,1008,32,2,450,0.00044373475247994065,0.8114769345238095,1.0,1016064,0,1016064,0.0,879427584,0.0006511999999929685,0.0,35.126953125
dense,1008,32,2,451,0.0004486713733058423,0.8115389384920635,1.0,1016064,0,1016064,0.0,879427584,0.0006952000003366265,0.0,35.126953125
dense,1008,32,2,452,0.0004559324588626623,0.8114459325396826,1.0,1016064,0,1016064,0.0,879427584,0.0006939999984751921,0.0,35.126953125
dense,1008,32,2,453,0.0004592623154167086,0.8119109623015873,1.0,1016064,0,1016064,0.0,879427584,0.0007162000001699198,0.0,35.126953125
dense,1008,32,2,454,0.00045590579975396395,0.8119109623015873,1.0,1016064,0,1016064,0.0,879427584,0.0006760999985999661,0.0,35.126953125
dense,1008,32,2,455,0.00044867044198326766,0.8121589781746031,1.0,1016064,0,1016064,0.0,879427584,0.0006670000002486631,0.0,35.126953125
dense,1008,32,2,456,0.00044176646042615175,0.8123759920634921,1.0,1016064,0,1016064,0.0,879427584,0.0006532999996125,0.0,35.126953125
dense,1008,32,2,457,0.0004391123657114804,0.8123759920634921,1.0,1016064,0,1016064,0.0,879427584,0.0007269000016094651,0.0,35.126953125
dense,1008,32,2,458,0.0004404973005875945,0.8125,1.0,1016064,0,1016064,0.0,879427584,0.0006886999999551335,0.0,35.126953125
dense,1008,32,2,459,0.00044331312528811395,0.812437996031746,1.0,1016064,0,1016064,0.0,879427584,0.0007110999995347811,0.0,35.126953125
dense,1008,32,2,460,0.0004458934417925775,0.8127480158730159,1.0,1016064,0,1016064,0.0,879427584,0.0008333000005222857,0.0,35.126953125
dense,1008,32,2,461,0.000446025631390512,0.8128410218253969,1.0,1016064,0,1016064,0.0,879427584,0.0007956999997986713,0.0,35.126953125
dense,1008,32,2,462,0.00044555781641975045,0.8131510416666666,1.0,1016064,0,1016064,0.0,879427584,0.0007673000000067987,0.0,35.126953125
dense,1008,32,2,463,0.0004446973034646362,0.8128720238095238,1.0,1016064,0,1016064,0.0,879427584,0.000754400000005262,0.0,35.126953125
dense,1008,32,2,464,0.0004455076705198735,0.8130270337301587,1.0,1016064,0,1016064,0.0,879427584,0.000753100001020357,0.0,35.126953125
dense,1008,32,2,465,0.0004488086560741067,0.8132750496031746,1.0,1016064,0,1016064,0.0,879427584,0.0007061999986035516,0.0,35.126953125
dense,1008,32,2,466,0.0004530309233814478,0.8133990575396826,1.0,1016064,0,1016064,0.0,879427584,0.0007348999988607829,0.0,35.126953125
dense,1008,32,2,467,0.0004616223450284451,0.8137400793650794,1.0,1016064,0,1016064,0.0,879427584,0.0007648999999219086,0.0,35.126953125
dense,1008,32,2,468,0.0004663029685616493,0.8135850694444444,1.0,1016064,0,1016064,0.0,879427584,0.0008663999997224892,0.0,35.126953125
dense,1008,32,2,469,0.00047502698726020753,0.8140500992063492,1.0,1016064,0,1016064,0.0,879427584,0.0007630000000062864,0.0,35.126953125
dense,1008,32,2,470,0.00047295651165768504,0.8141741071428571,1.0,1016064,0,1016064,0.0,879427584,0.000707499999407446,0.0,35.126953125
dense,1008,32,2,471,0.0004702438891399652,0.8142361111111112,1.0,1016064,0,1016064,0.0,879427584,0.0007353000000875909,0.0,35.126953125
dense,1008,32,2,472,0.0004627966263797134,0.814391121031746,1.0,1016064,0,1016064,0.0,879427584,0.000709100000676699,0.0,35.126953125
dense,1008,32,2,473,0.0004556570202112198,0.8145771329365079,1.0,1016064,0,1016064,0.0,879427584,0.0007949999999254942,0.0,35.126953125
dense,1008,32,2,474,0.00045278758625499904,0.8146701388888888,1.0,1016064,0,1016064,0.0,879427584,0.0007375999994110316,0.0,35.126953125
dense,1008,32,2,475,0.0004542858514469117,0.8149801587301587,1.0,1016064,0,1016064,0.0,879427584,0.0007070000010571675,0.0,35.126953125
dense,1008,32,2,476,0.00045732877333648503,0.8148561507936508,1.0,1016064,0,1016064,0.0,879427584,0.0006954000000405358,0.0,35.126953125
dense,1008,32,2,477,0.0004635695368051529,0.8149491567460317,1.0,1016064,0,1016064,0.0,879427584,0.000701400000252761,0.0,35.126953125
dense,1008,32,2,478,0.0004642634594347328,0.8149181547619048,1.0,1016064,0,1016064,0.0,879427584,0.0006769000010535819,0.0,35.126953125
dense,1008,32,2,479,0.00046303780982270837,0.8150111607142857,1.0,1016064,0,1016064,0.0,879427584,0.0007081999992806232,0.0,35.126953125
dense,1008,32,2,480,0.00045478311949409544,0.8150111607142857,1.0,1016064,0,1016064,0.0,879427584,0.0007509999995818362,0.0,35.126953125
dense,1008,32,2,481,0.00044536907807923853,0.8152281746031746,1.0,1016064,0,1016064,0.0,879427584,0.000698499999998603,0.0,35.126953125
dense,1008,32,2,482,0.00043667247518897057,0.8154141865079365,1.0,1016064,0,1016064,0.0,879427584,0.0007148000004235655,0.0,35.126953125
dense,1008,32,2,483,0.00043171719880774617,0.8153831845238095,1.0,1016064,0,1016064,0.0,879427584,0.0007706999986112351,0.0,35.126953125
dense,1008,32,2,484,0.0004308536881580949,0.8158792162698413,1.0,1016064,0,1016064,0.0,879427584,0.0006809999995311955,0.0,35.126953125
dense,1008,32,2,485,0.00043304343125782907,0.8156932043650794,1.0,1016064,0,1016064,0.0,879427584,0.0007850999991205754,0.0,35.126953125
dense,1008,32,2,486,0.0004371185787022114,0.8161892361111112,1.0,1016064,0,1016064,0.0,879427584,0.0007160000004660105,0.0,35.126953125
dense,1008,32,2,487,0.0004408024833537638,0.8160342261904762,1.0,1016064,0,1016064,0.0,879427584,0.0007353000000875909,0.0,35.126953125
dense,1008,32,2,488,0.00044507530401460826,0.8162202380952381,1.0,1016064,0,1016064,0.0,879427584,0.001229899999088957,0.0,35.126953125
dense,1008,32,2,489,0.00044722133316099644,0.8160652281746031,1.0,1016064,0,1016064,0.0,879427584,0.0007855999992898433,0.0,35.126953125
dense,1008,32,2,490,0.00044980921666137874,0.8162822420634921,1.0,1016064,0,1016064,0.0,879427584,0.0007525000000896398,0.0,35.126953125
dense,1008,32,2,491,0.0004509153077378869,0.8163132440476191,1.0,1016064,0,1016064,0.0,879427584,0.0007624000008945586,0.0,35.126953125
dense,1008,32,2,492,0.00045200754539109766,0.8165612599206349,1.0,1016064,0,1016064,0.0,879427584,0.0007733000002190238,0.0,35.126953125
dense,1008,32,2,493,0.0004529042635113001,0.81640625,1.0,1016064,0,1016064,0.0,879427584,0.000780400001531234,0.0,35.126953125
dense,1008,32,2,494,0.00045318991760723293,0.8165612599206349,1.0,1016064,0,1016064,0.0,879427584,0.0007530000002589077,0.0,35.126953125
dense,1008,32,2,495,0.00045406841672956944,0.8165922619047619,1.0,1016064,0,1016064,0.0,879427584,0.0007186999991972698,0.0,35.126953125
dense,1008,32,2,496,0.0004542435926850885,0.8166542658730159,1.0,1016064,0,1016064,0.0,879427584,0.0007416999997076346,0.0,35.126953125
dense,1008,32,2,497,0.0004557318752631545,0.816437251984127,1.0,1016064,0,1016064,0.0,879427584,0.0007429999986925395,0.0,35.126953125
dense,1008,32,2,498,0.0004564159316942096,0.8165612599206349,1.0,1016064,0,1016064,0.0,879427584,0.000780099999246886,0.0,35.126953125
dense,1008,32,2,499,0.000458486785646528,0.8165922619047619,1.0,1016064,0,1016064,0.0,879427584,0.0008207999999285676,0.0,35.126953125
dense,1008,32,2,500,0.00045845613931305707,0.8167472718253969,1.0,1016064,0,1016064,0.0,879427584,0.0007703999999648659,0.0,35.126953125
exact,1008,32,2,1,0.22065754234790802,0.27523561507936506,1.0,32256,1016064,1048320,1008.0,253919232,0.04829460000109975,0.00029850000100850593,50.30517578125
exact,1008,32,2,2,0.1707192212343216,0.22526041666666666,1.0,32256,1016064,1048320,1008.0,253919232,0.0014542999997502193,0.0003101999991486082,50.43017578125
exact,1008,32,2,3,0.14745379984378815,0.1878720238095238,1.0,32256,1016064,1048320,1008.0,253919232,0.0012996999994356884,0.0002946999993582722,50.43017578125
exact,1008,32,2,4,0.134746715426445,0.16220238095238096,1.0,32256,1016064,1048320,1008.0,253919232,0.0013983999997435603,0.00028869999914604705,50.43017578125
exact,1008,32,2,5,0.12685225903987885,0.14555431547619047,1.0,32256,1016064,1048320,1008.0,253919232,0.0014841000011074357,0.0003381000005902024,50.43017578125
exact,1008,32,2,6,0.1214914545416832,0.1363467261904762,1.0,32256,1016064,1048320,1008.0,253919232,0.0031988999999157386,0.00029680000079679303,50.43017578125
exact,1008,32,2,7,0.11721493303775787,0.13082837301587302,1.0,32256,1016064,1048320,1008.0,253919232,0.0013402000004134607,0.000302100001135841,50.43017578125
exact,1008,32,2,8,0.11376649886369705,0.12881324404761904,1.0,32256,1016064,1048320,1008.0,253919232,0.0013521000000764616,0.00028449999990698416,50.43017578125
exact,1008,32,2,9,0.11047561466693878,0.12977430555555555,1.0,32256,1016064,1048320,1008.0,253919232,0.0015394999991258373,0.0004239999998389976,50.43017578125
exact,1008,32,2,10,0.10748108476400375,0.1323784722222222,1.0,32256,1016064,1048320,1008.0,253919232,0.001377399999910267,0.00029100000028847717,50.43017578125
exact,1008,32,2,11,0.10446393489837646,0.1376798115079365,1.0,32256,1016064,1048320,1008.0,253919232,0.0013290000006236369,0.00028160000147181563,50.43017578125
exact,1008,32,2,12,0.10198775678873062,0.1435391865079365,1.0,32256,1016064,1048320,1008.0,253919232,0.001288600000407314,0.00027520000003278255,50.43017578125
exact,1008,32,2,13,0.09943024069070816,0.15085565476190477,1.0,32256,1016064,1048320,1008.0,253919232,0.0012783000001945766,0.0002812000002450077,50.43017578125
exact,1008,32,2,14,0.0970378890633583,0.15962921626984128,1.0,32256,1016064,1048320,1008.0,253919232,0.0013715000004594913,0.0003202999996574363,50.43017578125
exact,1008,32,2,15,0.09469293802976608,0.1687748015873016,1.0,32256,1016064,1048320,1008.0,253919232,0.001357099999950151,0.0002746999998635147,50.43017578125
exact,1008,32,2,16,0.09231556951999664,0.17996651785714285,1.0,32256,1016064,1048320,1008.0,253919232,0.0012955999991390854,0.00031599999965692405,50.43017578125
exact,1008,32,2,17,0.0900268629193306,0.18994915674603174,1.0,32256,1016064,1048320,1008.0,253919232,0.0012848000005760696,0.0002730999985942617,50.43017578125
exact,1008,32,2,18,0.0877213329076767,0.20107886904761904,1.0,32256,1016064,1048320,1008.0,253919232,0.0012528000006568618,0.0002898999991884921,50.43017578125
exact,1008,32,2,19,0.08549786359071732,0.21354166666666666,1.0,32256,1016064,1048320,1008.0,253919232,0.0012635000002774177,0.00027039999986300245,50.43017578125
exact,1008,32,2,20,0.08332468569278717,0.22532242063492064,1.0,32256,1016064,1048320,1008.0,253919232,0.0013258999988465803,0.00032470000041939784,50.43017578125
exact,1008,32,2,21,0.08119326084852219,0.23682415674603174,1.0,32256,1016064,1048320,1008.0,253919232,0.0013431000006676186,0.00028930000007676426,50.43017578125
exact,1008,32,2,22,0.07897163182497025,0.24996899801587302,1.0,32256,1016064,1048320,1008.0,253919232,0.001250699999218341,0.00027439999939815607,50.43017578125
exact,1008,32,2,23,0.0768570750951767,0.2626798115079365,1.0,32256,1016064,1048320,1008.0,253919232,0.0014950000004319008,0.0002705999995669117,50.43017578125
exact,1008,32,2,24,0.07476169615983963,0.27532862103174605,1.0,32256,1016064,1048320,1008.0,253919232,0.00138390000029176,0.0002901999996538507,50.43017578125
exact,1008,32,2,25,0.07279103994369507,0.2867063492063492,1.0,32256,1016064,1048320,1008.0,253919232,0.0012927000007039169,0.0002972999991470715,50.43017578125
exact,1008,32,2,26,0.07079248875379562,0.2992311507936508,1.0,32256,1016064,1048320,1008.0,253919232,0.0013484999999491265,0.0002778999987640418,50.43017578125
exact,1008,32,2,27,0.06892646849155426,0.30908978174603174,1.0,32256,1016064,1048320,1008.0,253919232,0.0013393999997788342,0.0003194999990228098,50.43017578125
exact,1008,32,2,28,0.06705396622419357,0.3199714781746032,1.0,32256,1016064,1048320,1008.0,253919232,0.0013188999982958194,0.00027430000045569614,50.43017578125
exact,1008,32,2,29,0.06523210555315018,0.32992311507936506,1.0,32256,1016064,1048320,1008.0,253919232,0.0013586000004579546,0.0002796000007947441,50.43017578125
exact,1008,32,2,30,0.0634884238243103,0.3400607638888889,1.0,32256,1016064,1048320,1008.0,253919232,0.0013156000004528323,0.0002896999994845828,50.43017578125
exact,1008,32,2,31,0.06174534559249878,0.3515625,1.0,32256,1016064,1048320,1008.0,253919232,0.001269799999136012,0.0002782000010483898,50.43017578125
exact,1008,32,2,32,0.060120269656181335,0.36244419642857145,1.0,32256,1016064,1048320,1008.0,253919232,0.001302399999985937,0.00031820000003790483,50.43017578125
exact,1008,32,2,33,0.058563508093357086,0.37158978174603174,1.0,32256,1016064,1048320,1008.0,253919232,0.0012735999989672564,0.00027489999956742395,50.43017578125
exact,1008,32,2,34,0.05710442736744881,0.3814794146825397,1.0,32256,1016064,1048320,1008.0,253919232,0.0013225999991846038,0.00029799999902024865,50.43017578125
exact,1008,32,2,35,0.05567392706871033,0.39037698412698413,1.0,32256,1016064,1048320,1008.0,253919232,0.0013635999985126546,0.00029519999952754006,50.43017578125
exact,1008,32,2,36,0.05430193245410919,0.39955357142857145,1.0,32256,1016064,1048320,1008.0,253919232,0.0012706999987130985,0.00026220000108878594,50.43017578125
exact,1008,32,2,37,0.05295145884156227,0.40900917658730157,1.0,32256,1016064,1048320,1008.0,253919232,0.0012580999991769204,0.0002755999994406011,50.43017578125
exact,1008,32,2,38,0.051643479615449905,0.4175347222222222,1.0,32256,1016064,1048320,1008.0,253919232,0.001289800000449759,0.0002812000002450077,50.43017578125
exact,1008,32,2,39,0.050369441509246826,0.4267423115079365,1.0,32256,1016064,1048320,1008.0,253919232,0.0013770000005024485,0.0002777999998215819,50.43017578125
exact,1008,32,2,40,0.04916955903172493,0.4368799603174603,1.0,32256,1016064,1048320,1008.0,253919232,0.00199849999989965,0.00032330000067304354,50.43017578125
exact,1008,32,2,41,0.04797128960490227,0.4450024801587302,1.0,32256,1016064,1048320,1008.0,253919232,0.0014045000007172348,0.0003513999999995576,50.43017578125
exact,1008,32,2,42,0.046865761280059814,0.4537450396825397,1.0,32256,1016064,1048320,1008.0,253919232,0.0013160999988031108,0.00028949999978067353,50.43017578125
exact,1008,32,2,43,0.04577109217643738,0.4601624503968254,1.0,32256,1016064,1048320,1008.0,253919232,0.0012994000007893192,0.00028500000007625204,50.43017578125
exact,1008,32,2,44,0.04474678635597229,0.4690600198412698,1.0,32256,1016064,1048320,1008.0,253919232,0.0013099999996484257,0.00028949999978067353,50.43017578125
exact,1008,32,2,45,0.04375108331441879,0.476593501984127,1.0,32256,1016064,1048320,1008.0,253919232,0.0013010999991820427,0.0002975000006699702,50.43017578125
exact,1008,32,2,46,0.04275130107998848,0.4829489087301587,1.0,32256,1016064,1048320,1008.0,253919232,0.001368499999443884,0.00029570000151579734,50.43017578125
exact,1008,32,2,47,0.04174807295203209,0.48998635912698413,1.0,32256,1016064,1048320,1008.0,253919232,0.001361900000119931,0.0003271999994467478,50.43017578125
exact,1008,32,2,48,0.04078899323940277,0.49646577380952384,1.0,32256,1016064,1048320,1008.0,253919232,0.0014507999985653441,0.0003835000006802147,50.43017578125
exact,1008,32,2,49,0.03989119827747345,0.5026971726190477,1.0,32256,1016064,1048320,1008.0,253919232,0.0012851999999838881,0.00027270000100543257,50.43017578125
exact,1008,32,2,50,0.038995228707790375,0.5085875496031746,1.0,32256,1016064,1048320,1008.0,253919232,0.0013869999984308379,0.00031460000172955915,50.43017578125
exact,1008,32,2,51,0.03818687051534653,0.5146329365079365,1.0,32256,1016064,1048320,1008.0,253919232,0.001584900001034839,0.000420000000303844,50.43017578125
exact,1008,32,2,52,0.037416089326143265,0.5208023313492064,1.0,32256,1016064,1048320,1008.0,253919232,0.0013134000000718515,0.00030329999935929663,50.43017578125
exact,1008,32,2,53,0.0366722010076046,0.5265376984126984,1.0,32256,1016064,1048320,1008.0,253919232,0.0013072000001557171,0.0002762000003713183,50.43017578125
exact,1008,32,2,54,0.03593609109520912,0.5328000992063492,1.0,32256,1016064,1048320,1008.0,253919232,0.0012888000001112232,0.00026729999990493525,50.43017578125
exact,1008,32,2,55,0.03523049131035805,0.5373883928571429,1.0,32256,1016064,1048320,1008.0,253919232,0.001367299999401439,0.0003102999999100575,50.43017578125
exact,1008,32,2,56,0.03452405706048012,0.5427207341269841,1.0,32256,1016064,1048320,1008.0,253919232,0.0013484999999491265,0.00033599999915168155,50.43017578125
exact,1008,32,2,57,0.03387100622057915,0.546937003968254,1.0,32256,1016064,1048320,1008.0,253919232,0.001263799998923787,0.00026929999876301736,50.43017578125
exact,1008,32,2,58,0.033221375197172165,0.5519593253968254,1.0,32256,1016064,1048320,1008.0,253919232,0.0014019000009284355,0.0003324000008433359,50.43017578125
exact,1008,32,2,59,0.03260119631886482,0.5569816468253969,1.0,32256,1016064,1048320,1008.0,253919232,0.0014544000005116686,0.0003063000003749039,50.43017578125
exact,1008,32,2,60,0.03199081867933273,0.5611049107142857,1.0,32256,1016064,1048320,1008.0,253919232,0.0013608000008389354,0.0002679999997781124,50.43017578125
exact,1008,32,2,61,0.03137114271521568,0.5658482142857143,1.0,32256,1016064,1048320,1008.0,253919232,0.0013226000010035932,0.0002831999991030898,50.43017578125
exact,1008,32,2,62,0.03078003041446209,0.5695374503968254,1.0,32256,1016064,1048320,1008.0,253919232,0.0013723000010941178,0.0002606999987619929,50.43017578125
exact,1008,32,2,63,0.030199093744158745,0.5733196924603174,1.0,32256,1016064,1048320,1008.0,253919232,0.0013341000012587756,0.0002702000001590932,50.43017578125
exact,1008,32,2,64,0.029632657766342163,0.5769159226190477,1.0,32256,1016064,1048320,1008.0,253919232,0.0013009999984205933,0.00030750000041734893,50.43017578125
exact,1008,32,2,65,0.029061146080493927,0.5808531746031746,1.0,32256,1016064,1048320,1008.0,253919232,0.0012807000002794666,0.000260199998592725,50.43017578125
exact,1008,32,2,66,0.028492331504821777,0.5845114087301587,1.0,32256,1016064,1048320,1008.0,253919232,0.0013103999990562443,0.00027690000024449546,50.43017578125
exact,1008,32,2,67,0.02793206460773945,0.5881696428571429,1.0,32256,1016064,1048320,1008.0,253919232,0.0012955000001966255,0.0002590000003692694,50.43017578125
exact,1008,32,2,68,0.027324886992573738,0.5908358134920635,1.0,32256,1016064,1048320,1008.0,253919232,0.0013902999999118038,0.0003048999988095602,50.43017578125
exact,1008,32,2,69,0.02673095464706421,0.5940600198412699,1.0,32256,1016064,1048320,1008.0,253919232,0.0013373999991017627,0.0003128000007563969,50.43017578125
exact,1008,32,2,70,0.02613653801381588,0.5972842261904762,1.0,32256,1016064,1048320,1008.0,253919232,0.0013132999993104022,0.0002727999999478925,50.43017578125
exact,1008,32,2,71,0.025539221242070198,0.6002294146825397,1.0,32256,1016064,1048320,1008.0,253919232,0.0013258999988465803,0.0002750000003288733,50.43017578125
exact,1008,32,2,72,0.02491782419383526,0.6028335813492064,1.0,32256,1016064,1048320,1008.0,253919232,0.0013192999995226273,0.0002907999987655785,50.43017578125
exact,1008,32,2,73,0.024306688457727432,0.6061817956349206,1.0,32256,1016064,1048320,1008.0,253919232,0.0012980000010429649,0.00030029999834368937,50.43017578125
exact,1008,32,2,74,0.023658068850636482,0.6087859623015873,1.0,32256,1016064,1048320,1008.0,253919232,0.0037658999990526354,0.0002676999993127538,50.43017578125
exact,1008,32,2,75,0.023022638633847237,0.6121651785714286,1.0,32256,1016064,1048320,1008.0,253919232,0.0018094999995810213,0.0003420999983063666,50.43017578125
exact,1008,32,2,76,0.022384321317076683,0.6150793650793651,1.0,32256,1016064,1048320,1008.0,253919232,0.001557699999466422,0.000325400000292575,50.43017578125
exact,1008,32,2,77,0.021738095209002495,0.6182725694444444,1.0,32256,1016064,1048320,1008.0,253919232,0.001500599999417318,0.00027970000155619346,50.43017578125
exact,1008,32,2,78,0.021085087209939957,0.6217137896825397,1.0,32256,1016064,1048320,1008.0,253919232,0.0015554000001429813,0.0003257000007579336,50.43017578125
exact,1008,32,2,79,0.020427580922842026,0.6247829861111112,1.0,32256,1016064,1048320,1008.0,253919232,0.0015186000000539934,0.0003238000008423114,50.43017578125
exact,1008,32,2,80,0.019765324890613556,0.6265500992063492,1.0,32256,1016064,1048320,1008.0,253919232,0.0015692000015405938,0.0003400000005058246,50.43017578125
exact,1008,32,2,81,0.019095249474048615,0.6296502976190477,1.0,32256,1016064,1048320,1008.0,253919232,0.0015297000009013573,0.00029429999995045364,50.43017578125
exact,1008,32,2,82,0.018423670902848244,0.6324094742063492,1.0,32256,1016064,1048320,1008.0,253919232,0.0015057000000524567,0.00032699999974283855,50.43017578125
exact,1008,32,2,83,0.017749140039086342,0.6352926587301587,1.0,32256,1016064,1048320,1008.0,253919232,0.001590399999258807,0.0003257000007579336,50.43017578125
exact,1008,32,2,84,0.017086515203118324,0.6376798115079365,1.0,32256,1016064,1048320,1008.0,253919232,0.0015597000001434935,0.00035829999978886917,50.43017578125
exact,1008,32,2,85,0.01642538607120514,0.6394159226190477,1.0,32256,1016064,1048320,1008.0,253919232,0.0015253999990818556,0.0003239999987272313,50.43017578125
exact,1008,32,2,86,0.01576847769320011,0.6423301091269841,1.0,32256,1016064,1048320,1008.0,253919232,0.0015638999993825564,0.0003040999999939231,50.43017578125
exact,1008,32,2,87,0.01512241829186678,0.6455543154761905,1.0,32256,1016064,1048320,1008.0,253919232,0.0015014000000519445,0.00031820000003790483,50.43017578125
exact,1008,32,2,88,0.014487408101558685,0.6479414682539683,1.0,32256,1016064,1048320,1008.0,253919232,0.0015346999989560572,0.00031210000088321976,50.43017578125
exact,1008,32,2,89,0.013866709545254707,0.6502356150793651,1.0,32256,1016064,1048320,1008.0,253919232,0.001617199999600416,0.00036079999881621916,50.43017578125
exact,1008,32,2,90,0.013256104663014412,0.6531808035714286,1.0,32256,1016064,1048320,1008.0,253919232,0.001594099998328602,0.0003329999999550637,50.43017578125
exact,1008,32,2,91,0.012658074498176575,0.6560639880952381,1.0,32256,1016064,1048320,1008.0,253919232,0.0015984000001481036,0.00033509999957459513,50.43017578125
exact,1008,32,2,92,0.012075265869498253,0.6590091765873016,1.0,32256,1016064,1048320,1008.0,253919232,0.0016481000002386281,0.00033210000037797727,50.43017578125
exact,1008,32,2,93,0.011509403586387634,0.6613653273809523,1.0,32256,1016064,1048320,1008.0,253919232,0.0015222000001813285,0.0003028999999514781,50.43017578125
exact,1008,32,2,94,0.010961176827549934,0.6633494543650794,1.0,32256,1016064,1048320,1008.0,253919232,0.0015856000009080162,0.0003304999991087243,50.43017578125
exact,1008,32,2,95,0.010432809591293335,0.6655505952380952,1.0,32256,1016064,1048320,1008.0,253919232,0.0015102000015758676,0.0002995000013470417,50.43017578125
exact,1008,32,2,96,0.009923992678523064,0.6681237599206349,1.0,32256,1016064,1048320,1008.0,253919232,0.0015544999987469055,0.00032920000012381934,50.43017578125
exact,1008,32,2,97,0.009435232728719711,0.6697358630952381,1.0,32256,1016064,1048320,1008.0,253919232,0.001690299999609124,0.0003120000001217704,50.43017578125
exact,1008,32,2,98,0.008970174007117748,0.6713789682539683,1.0,32256,1016064,1048320,1008.0,253919232,0.001623699999981909,0.00031680000029155053,50.43017578125
exact,1008,32,2,99,0.008527319878339767,0.6732080853174603,1.0,32256,1016064,1048320,1008.0,253919232,0.005504599999767379,0.00043899999946006574,50.43017578125
exact,1008,32,2,100,0.008104671724140644,0.6749131944444444,1.0,32256,1016064,1048320,1008.0,253919232,0.0016161999992618803,0.0003175000001647277,50.43017578125
exact,1008,32,2,101,0.007707423996180296,0.6768353174603174,1.0,32256,1016064,1048320,1008.0,253919232,0.0015761999984533759,0.0003554999984771712,50.43017578125
exact,1008,32,2,102,0.007331617642194033,0.6783234126984127,1.0,32256,1016064,1048320,1008.0,253919232,0.0016035000007832423,0.00031880000096862204,50.43017578125
exact,1008,32,2,103,0.006976279430091381,0.6802765376984127,1.0,32256,1016064,1048320,1008.0,253919232,0.001686600000539329,0.00032559999999648426,50.43017578125
exact,1008,32,2,104,0.006643023807555437,0.6815476190476191,1.0,32256,1016064,1048320,1008.0,253919232,0.0015537999988737283,0.00031909999961499125,50.43017578125
exact,1008,32,2,105,0.006330253090709448,0.6830047123015873,1.0,32256,1016064,1048320,1008.0,253919232,0.0015287999995052814,0.00028059999931429047,50.43017578125
exact,1008,32,2,106,0.006037593353539705,0.6851438492063492,1.0,32256,1016064,1048320,1008.0,253919232,0.0015265000001818407,0.0003039999992324738,50.43017578125
exact,1008,32,2,107,0.005764078814536333,0.6867869543650794,1.0,32256,1016064,1048320,1008.0,253919232,0.0017066999989765463,0.0003218000001652399,50.43017578125
exact,1008,32,2,108,0.005506405606865883,0.6884300595238095,1.0,32256,1016064,1048320,1008.0,253919232,0.003498800000670599,0.0013133000011293916,50.43017578125
exact,1008,32,2,109,0.005263306200504303,0.6898871527777778,1.0,32256,1016064,1048320,1008.0,253919232,0.0015358000000560423,0.00031999999919207767,50.43017578125
exact,1008,32,2,110,0.005035899113863707,0.6910962301587301,1.0,32256,1016064,1048320,1008.0,253919232,0.001554099999339087,0.0002781000002869405,50.43017578125
exact,1008,32,2,111,0.004821212962269783,0.6925843253968254,1.0,32256,1016064,1048320,1008.0,253919232,0.0015286999987438321,0.0003328000002511544,50.43017578125
exact,1008,32,2,112,0.0046187834814190865,0.6941034226190477,1.0,32256,1016064,1048320,1008.0,253919232,0.0050229000007675495,0.00030169999990903307,50.43017578125
exact,1008,32,2,113,0.004428318701684475,0.695374503968254,1.0,32256,1016064,1048320,1008.0,253919232,0.00156539999989036,0.0003175999991071876,50.43017578125
exact,1008,32,2,114,0.004248142708092928,0.6960565476190477,1.0,32256,1016064,1048320,1008.0,253919232,0.001574700001583551,0.00032049999936134554,50.43017578125
exact,1008,32,2,115,0.004078058060258627,0.6977926587301587,1.0,32256,1016064,1048320,1008.0,253919232,0.0015020999999251217,0.0003090999998676125,50.43017578125
exact,1008,32,2,116,0.003917325288057327,0.6988467261904762,1.0,32256,1016064,1048320,1008.0,253919232,0.0015968999996403,0.0003011999997397652,50.43017578125
exact,1008,32,2,117,0.003766715293750167,0.6998697916666666,1.0,32256,1016064,1048320,1008.0,253919232,0.00162830000044778,0.00034869999944930896,50.43017578125
exact,1008,32,2,118,0.0036243731155991554,0.7006758432539683,1.0,32256,1016064,1048320,1008.0,253919232,0.0015162999989115633,0.00028810000003431924,50.43017578125
exact,1008,32,2,119,0.0034911343827843666,0.7017609126984127,1.0,32256,1016064,1048320,1008.0,253919232,0.001622499999939464,0.0003558000007615192,50.43017578125
exact,1008,32,2,120,0.003366552758961916,0.703156001984127,1.0,32256,1016064,1048320,1008.0,253919232,0.001550300001326832,0.00033070000063162297,50.43017578125
exact,1008,32,2,121,0.0032489951699972153,0.7045510912698413,1.0,32256,1016064,1048320,1008.0,253919232,0.0015573000000586035,0.0003370000013092067,50.43017578125
exact,1008,32,2,122,0.0031381563749164343,0.7056981646825397,1.0,32256,1016064,1048320,1008.0,253919232,0.0016881000010471325,0.00036550000004353933,50.43017578125
exact,1008,32,2,123,0.0030331448651850224,0.7069382440476191,1.0,32256,1016064,1048320,1008.0,253919232,0.001517299999250099,0.00030110000079730526,50.43017578125
exact,1008,32,2,124,0.0029335080180317163,0.7083643353174603,1.0,32256,1016064,1048320,1008.0,253919232,0.0015483000006497605,0.0003152999997837469,50.43017578125
exact,1008,32,2,125,0.002838934538885951,0.7097284226190477,1.0,32256,1016064,1048320,1008.0,253919232,0.0015364999999292195,0.00029999999969732016,50.43017578125
exact,1008,32,2,126,0.0027495883405208588,0.7114335317460317,1.0,32256,1016064,1048320,1008.0,253919232,0.0015574999997625127,0.0002941999991890043,50.43017578125
exact,1008,32,2,127,0.0026642819866538048,0.7118985615079365,1.0,32256,1016064,1048320,1008.0,253919232,0.0017798999997467035,0.00028050000037183054,50.43017578125
exact,1008,32,2,128,0.002583779627457261,0.7124565972222222,1.0,32256,1016064,1048320,1008.0,253919232,0.0021225999989837874,0.00047399999857589137,50.43017578125
exact,1008,32,2,129,0.0025071646086871624,0.7131696428571429,1.0,32256,1016064,1048320,1008.0,253919232,0.0016365999999834457,0.0003291000011813594,50.43017578125
exact,1008,32,2,130,0.002434670925140381,0.7140997023809523,1.0,32256,1016064,1048320,1008.0,253919232,0.0015751999999338295,0.0003271999994467478,50.43017578125
exact,1008,32,2,131,0.002366410568356514,0.7155257936507936,1.0,32256,1016064,1048320,1008.0,253919232,0.0016310999999404885,0.0003359000002092216,50.43017578125
exact,1008,32,2,132,0.002301369560882449,0.7162078373015873,1.0,32256,1016064,1048320,1008.0,253919232,0.0015780000012455275,0.0003163999990647426,50.43017578125
exact,1008,32,2,133,0.0022393749095499516,0.7164558531746031,1.0,32256,1016064,1048320,1008.0,253919232,0.0015492999991693068,0.00032110000029206276,50.43017578125
exact,1008,32,2,134,0.0021805143915116787,0.7175409226190477,1.0,32256,1016064,1048320,1008.0,253919232,0.0015558000013697892,0.0003254999992350349,50.43017578125
exact,1008,32,2,135,0.002124353079125285,0.718718998015873,1.0,32256,1016064,1048320,1008.0,253919232,0.0015674000005674316,0.0003252000005886657,50.43017578125
exact,1008,32,2,136,0.0020714872516691685,0.7198660714285714,1.0,32256,1016064,1048320,1008.0,253919232,0.0017152000000351109,0.00034189999860245734,50.43017578125
exact,1008,32,2,137,0.0020208570640534163,0.7208891369047619,1.0,32256,1016064,1048320,1008.0,253919232,0.0016722999989724485,0.00034020000020973384,50.43017578125
exact,1008,32,2,138,0.00197272258810699,0.7208891369047619,1.0,32256,1016064,1048320,1008.0,253919232,0.0015786000003572553,0.0003209000005881535,50.43017578125
exact,1008,32,2,139,0.0019268025644123554,0.7217571924603174,1.0,32256,1016064,1048320,1008.0,253919232,0.0015505999999732012,0.00031040000067150686,50.43017578125
exact,1008,32,2,140,0.0018831368070095778,0.722687251984127,1.0,32256,1016064,1048320,1008.0,253919232,0.0015399999992951052,0.0002870999996957835,50.43017578125
exact,1008,32,2,141,0.001841563149355352,0.7236793154761905,1.0,32256,1016064,1048320,1008.0,253919232,0.0019446999995125225,0.000459999999293359,50.43017578125
exact,1008,32,2,142,0.0018020224524661899,0.7239893353174603,1.0,32256,1016064,1048320,1008.0,253919232,0.0015239000003930414,0.0003178999995725462,50.43017578125
exact,1008,32,2,143,0.0017640978330746293,0.7247953869047619,1.0,32256,1016064,1048320,1008.0,253919232,0.0016859000006661518,0.00042440000106580555,50.43017578125
exact,1008,32,2,144,0.0017279813764616847,0.7258184523809523,1.0,32256,1016064,1048320,1008.0,253919232,0.0015853999993851176,0.0003407000003790017,50.43017578125
exact,1008,32,2,145,0.0016932148719206452,0.7267795138888888,1.0,32256,1016064,1048320,1008.0,253919232,0.001620099999854574,0.00033059999987017363,50.43017578125
exact,1008,32,2,146,0.0016600486123934388,0.7270895337301587,1.0,32256,1016064,1048320,1008.0,253919232,0.0015662999994674465,0.0002884999994421378,50.43017578125
exact,1008,32,2,147,0.0016280950512737036,0.7278645833333334,1.0,32256,1016064,1048320,1008.0,253919232,0.0016305999997712206,0.00033040000016626436,50.43017578125
exact,1008,32,2,148,0.0015971888788044453,0.728515625,1.0,32256,1016064,1048320,1008.0,253919232,0.0015985999998520128,0.0003108000000793254,50.43017578125
exact,1008,32,2,149,0.0015677070477977395,0.7290736607142857,1.0,32256,1016064,1048320,1008.0,253919232,0.001584999999977299,0.0003402999991521938,50.43017578125
exact,1008,32,2,150,0.0015392121858894825,0.7295696924603174,1.0,32256,1016064,1048320,1008.0,253919232,0.001608700000360841,0.00032949999877018854,50.43017578125
exact,1008,32,2,151,0.0015117096481844783,0.7297247023809523,1.0,32256,1016064,1048320,1008.0,253919232,0.0016066000007413095,0.00031690000105299987,50.43017578125
exact,1008,32,2,152,0.0014855008339509368,0.7303447420634921,1.0,32256,1016064,1048320,1008.0,253919232,0.0015960999990056735,0.00032749999991210643,50.43017578125
exact,1008,32,2,153,0.0014601192669942975,0.7313988095238095,1.0,32256,1016064,1048320,1008.0,253919232,0.001622499999939464,0.00036899999940942507,50.43017578125
exact,1008,32,2,154,0.001435619778931141,0.7321738591269841,1.0,32256,1016064,1048320,1008.0,253919232,0.0014933999991626479,0.00030590000096708536,50.43017578125
exact,1008,32,2,155,0.0014120419509708881,0.732421875,1.0,32256,1016064,1048320,1008.0,253919232,0.0015395999998872867,0.0003269000008003786,50.43017578125
exact,1008,32,2,156,0.0013892223360016942,0.7326698908730159,1.0,32256,1016064,1048320,1008.0,253919232,0.0016393999994761543,0.0003073999996558996,50.43017578125
exact,1008,32,2,157,0.001367188524454832,0.7334139384920635,1.0,32256,1016064,1048320,1008.0,253919232,0.0015848000002733897,0.0003401000012672739,50.43017578125
exact,1008,32,2,158,0.0013460529735311866,0.7338479662698413,1.0,32256,1016064,1048320,1008.0,253919232,0.001621299999897019,0.00033509999957459513,50.43017578125
exact,1008,32,2,159,0.0013257465325295925,0.7347160218253969,1.0,32256,1016064,1048320,1008.0,253919232,0.001498100000389968,0.00032699999974283855,50.43017578125
exact,1008,32,2,160,0.0013057340402156115,0.7351500496031746,1.0,32256,1016064,1048320,1008.0,253919232,0.00342350000028091,0.0003341999999975087,50.43017578125
exact,1008,32,2,161,0.0012865997850894928,0.7355840773809523,1.0,32256,1016064,1048320,1008.0,253919232,0.003759500001251581,0.00028949999978067353,50.43017578125
exact,1008,32,2,162,0.0012682251399382949,0.7360491071428571,1.0,32256,1016064,1048320,1008.0,253919232,0.0036825000006501796,0.0003617999991547549,50.43017578125
exact,1008,32,2,163,0.0012503552716225386,0.7366071428571429,1.0,32256,1016064,1048320,1008.0,253919232,0.0016349000015907222,0.0003212000010535121,50.43017578125
exact,1008,32,2,164,0.001233237679116428,0.7375372023809523,1.0,32256,1016064,1048320,1008.0,253919232,0.0016619000016362406,0.0003375000014784746,50.43017578125
exact,1008,32,2,165,0.0012166929664090276,0.7379402281746031,1.0,32256,1016064,1048320,1008.0,253919232,0.0015330999995057937,0.0003204000004188856,50.43017578125
exact,1008,32,2,166,0.0012004927266389132,0.7385602678571429,1.0,32256,1016064,1048320,1008.0,253919232,0.0016385999988415278,0.0003202999996574363,50.43017578125
exact,1008,32,2,167,0.0011848140275105834,0.7391493055555556,1.0,32256,1016064,1048320,1008.0,253919232,0.001556900000650785,0.000318899999911082,50.43017578125
exact,1008,32,2,168,0.0011696837609633803,0.7399243551587301,1.0,32256,1016064,1048320,1008.0,253919232,0.0016976000006252434,0.00030929999957152177,50.43017578125
exact,1008,32,2,169,0.001155021251179278,0.7406994047619048,1.0,32256,1016064,1048320,1008.0,253919232,0.001622499999939464,0.00031990000024961773,50.43017578125
exact,1008,32,2,170,0.0011408389545977116,0.7409164186507936,1.0,32256,1016064,1048320,1008.0,253919232,0.0015960000000632135,0.0003226999997423263,50.43017578125
exact,1008,32,2,171,0.0011271380353718996,0.7414744543650794,1.0,32256,1016064,1048320,1008.0,253919232,0.0015236999988701427,0.0002996000002895016,50.43017578125
exact,1008,32,2,172,0.0011138211702927947,0.7419704861111112,1.0,32256,1016064,1048320,1008.0,253919232,0.00159200000052806,0.0003431000004638918,50.43017578125
exact,1008,32,2,173,0.001100824330933392,0.7428385416666666,1.0,32256,1016064,1048320,1008.0,253919232,0.0015786999992997153,0.0002941999991890043,50.43017578125
exact,1008,32,2,174,0.0010882799979299307,0.7433965773809523,1.0,32256,1016064,1048320,1008.0,253919232,0.001723199999105418,0.0003555999992386205,50.43017578125
exact,1008,32,2,175,0.0010759790893644094,0.7434585813492064,1.0,32256,1016064,1048320,1008.0,253919232,0.0015430999992531724,0.00033199999961652793,50.43017578125
exact,1008,32,2,176,0.0010641156695783138,0.7438926091269841,1.0,32256,1016064,1048320,1008.0,253919232,0.0016466999986732844,0.00034020000020973384,50.43017578125
exact,1008,32,2,177,0.0010525576071813703,0.7442956349206349,1.0,32256,1016064,1048320,1008.0,253919232,0.0024217999998654705,0.00026450000041222665,50.43017578125
exact,1008,32,2,178,0.0010413432028144598,0.7444506448412699,1.0,32256,1016064,1048320,1008.0,253919232,0.0015948999989632284,0.0003302000004623551,50.43017578125
exact,1008,32,2,179,0.0010303964372724295,0.7451326884920635,1.0,32256,1016064,1048320,1008.0,253919232,0.0017153000007965602,0.00027739999859477393,50.43017578125
exact,1008,32,2,180,0.0010197400115430355,0.746062748015873,1.0,32256,1016064,1048320,1008.0,253919232,0.0015342999995482387,0.0003128000007563969,50.43017578125
exact,1008,32,2,181,0.001009437721222639,0.7463107638888888,1.0,32256,1016064,1048320,1008.0,253919232,0.0016532999998162268,0.00030170000172802247,50.43017578125
exact,1008,32,2,182,0.000999337644316256,0.7468687996031746,1.0,32256,1016064,1048320,1008.0,253919232,0.0015855000001465669,0.0003191999985574512,50.43017578125
exact,1008,32,2,183,0.0009895857656374574,0.7473338293650794,1.0,32256,1016064,1048320,1008.0,253919232,0.0015374999984487658,0.00032109999847307336,50.43017578125
exact,1008,32,2,184,0.0009801586857065558,0.7477678571428571,1.0,32256,1016064,1048320,1008.0,253919232,0.00151690000166127,0.00029039999935775995,50.43017578125
exact,1008,32,2,185,0.0009708503494039178,0.7484188988095238,1.0,32256,1016064,1048320,1008.0,253919232,0.00341389999994135,0.0011264000004302943,50.43017578125
exact,1008,32,2,186,0.0009618284530006349,0.7486359126984127,1.0,32256,1016064,1048320,1008.0,253919232,0.0015959000011207536,0.0003521999988151947,50.43017578125
exact,1008,32,2,187,0.0009529676171950996,0.7493489583333334,1.0,32256,1016064,1048320,1008.0,253919232,0.003912899999704678,0.0003316999991511693,50.43017578125
exact,1008,32,2,188,0.0009443063754588366,0.7499069940476191,1.0,32256,1016064,1048320,1008.0,253919232,0.001622400000997004,0.0003271999994467478,50.43017578125
exact,1008,32,2,189,0.0009359454270452261,0.7503100198412699,1.0,32256,1016064,1048320,1008.0,253919232,0.0015383000009023817,0.00033849999999802094,50.43017578125
exact,1008,32,2,190,0.0009276990313082933,0.7505580357142857,1.0,32256,1016064,1048320,1008.0,253919232,0.0016390000000683358,0.0003806000004260568,50.43017578125
exact,1008,32,2,191,0.0009196421015076339,0.7509920634920635,1.0,32256,1016064,1048320,1008.0,253919232,0.001618899999812129,0.0003233999996155035,50.43017578125
exact,1008,32,2,192,0.0009118173620663583,0.7515811011904762,1.0,32256,1016064,1048320,1008.0,253919232,0.0016008000002329936,0.0003102000009675976,50.43017578125
exact,1008,32,2,193,0.0009041294688358903,0.7521081349206349,1.0,32256,1016064,1048320,1008.0,253919232,0.0015824000001884997,0.00029439999889291357,50.43017578125
exact,1008,32,2,194,0.0008967038593254983,0.7526971726190477,1.0,32256,1016064,1048320,1008.0,253919232,0.0015156999997998355,0.00029259999973874073,50.43017578125
exact,1008,32,2,195,0.0008894524653442204,0.7531312003968254,1.0,32256,1016064,1048320,1008.0,253919232,0.001571200000398676,0.000301799998851493,50.43017578125
exact,1008,32,2,196,0.0008822741801850498,0.7535342261904762,1.0,32256,1016064,1048320,1008.0,253919232,0.0016063999992184108,0.00027909999880648684,50.43017578125
exact,1008,32,2,197,0.0008753614965826273,0.7540612599206349,1.0,32256,1016064,1048320,1008.0,253919232,0.0018951999991259072,0.0004310000003897585,50.43017578125
exact,1008,32,2,198,0.000868579198140651,0.7547743055555556,1.0,32256,1016064,1048320,1008.0,253919232,0.0016078999997262144,0.0003113000002485933,50.43017578125
exact,1008,32,2,199,0.0008618536521680653,0.7550223214285714,1.0,32256,1016064,1048320,1008.0,253919232,0.0017822999998315936,0.000402899999244255,50.43017578125
exact,1008,32,2,200,0.0008553540101274848,0.7552703373015873,1.0,32256,1016064,1048320,1008.0,253919232,0.0015239999993355013,0.0003077000001212582,50.43017578125
exact,1008,32,2,201,0.0008489845786243677,0.7552703373015873,1.0,32256,1016064,1048320,1008.0,253919232,0.001787200000762823,0.00036469999940891284,50.43017578125
exact,1008,32,2,202,0.0008426493732258677,0.7553943452380952,1.0,32256,1016064,1048320,1008.0,253919232,0.0016139999988808995,0.0003166999995301012,50.43017578125
exact,1008,32,2,203,0.0008365089306607842,0.755859375,1.0,32256,1016064,1048320,1008.0,253919232,0.001582500000949949,0.00030049999986658804,50.43017578125
exact,1008,32,2,204,0.0008306587114930153,0.7560763888888888,1.0,32256,1016064,1048320,1008.0,253919232,0.0015399999992951052,0.0003166999995301012,50.43017578125
exact,1008,32,2,205,0.000824786489829421,0.7565414186507936,1.0,32256,1016064,1048320,1008.0,253919232,0.0014788000007683877,0.0003014999983861344,50.43017578125
exact,1008,32,2,206,0.0008190342341549695,0.7569134424603174,1.0,32256,1016064,1048320,1008.0,253919232,0.0015297999998438172,0.00031149999995250255,50.43017578125
exact,1008,32,2,207,0.0008133675437420607,0.7571304563492064,1.0,32256,1016064,1048320,1008.0,253919232,0.0022850999994261656,0.000586000000112108,50.43017578125
exact,1008,32,2,208,0.0008078928221948445,0.7572234623015873,1.0,32256,1016064,1048320,1008.0,253919232,0.003563100000974373,0.0018144999994547106,50.43017578125
exact,1008,32,2,209,0.000802473456133157,0.7574714781746031,1.0,32256,1016064,1048320,1008.0,253919232,0.0015906000007817056,0.00030169999990903307,50.43017578125
exact,1008,32,2,210,0.0007972637540660799,0.7575334821428571,1.0,32256,1016064,1048320,1008.0,253919232,0.0016309000002365792,0.00032559999999648426,50.43017578125
exact,1008,32,2,211,0.0007921590004116297,0.7580915178571429,1.0,32256,1016064,1048320,1008.0,253919232,0.0016279000010399614,0.0003163999990647426,50.43017578125
exact,1008,32,2,212,0.0007871042471379042,0.7582465277777778,1.0,32256,1016064,1048320,1008.0,253919232,0.001661199999944074,0.0003259999994043028,50.43017578125
exact,1008,32,2,213,0.0007821660256013274,0.7584325396825397,1.0,32256,1016064,1048320,1008.0,253919232,0.0018309999995835824,0.00027440000121714547,50.43017578125
exact,1008,32,2,214,0.0007773227989673615,0.7586495535714286,1.0,32256,1016064,1048320,1008.0,253919232,0.0016606000008323463,0.00031400000079884194,50.43017578125
exact,1008,32,2,215,0.0007725846953690052,0.7590215773809523,1.0,32256,1016064,1048320,1008.0,253919232,0.0016446000008727424,0.00031210000088321976,50.43017578125
exact,1008,32,2,216,0.0007679393165744841,0.7594556051587301,1.0,32256,1016064,1048320,1008.0,253919232,0.0018462999996700091,0.0003187000002071727,50.43017578125
exact,1008,32,2,217,0.0007633025525137782,0.759796626984127,1.0,32256,1016064,1048320,1008.0,253919232,0.0016091999987111194,0.00031459999991056975,50.43017578125
exact,1008,32,2,218,0.0007587983855046332,0.7602306547619048,1.0,32256,1016064,1048320,1008.0,253919232,0.0016334000010829186,0.0003447999988566153,50.43017578125
exact,1008,32,2,219,0.0007543301908299327,0.7608196924603174,1.0,32256,1016064,1048320,1008.0,253919232,0.0015889999995124526,0.00031399999897985253,50.43017578125
exact,1008,32,2,220,0.0007499572238884866,0.7610987103174603,1.0,32256,1016064,1048320,1008.0,253919232,0.0015804000013304176,0.0003403999999136431,50.43017578125
exact,1008,32,2,221,0.0007456789608113468,0.7609747023809523,1.0,32256,1016064,1048320,1008.0,253919232,0.0016429000006610295,0.0003324000008433359,50.43017578125
exact,1008,32,2,222,0.0007415905711241066,0.7610057043650794,1.0,32256,1016064,1048320,1008.0,253919232,0.003394299999854411,0.00033549999898241367,50.43017578125
exact,1008,32,2,223,0.0007374578854069114,0.7613777281746031,1.0,32256,1016064,1048320,1008.0,253919232,0.00156789999891771,0.00032909999936237,50.43017578125
exact,1008,32,2,224,0.0007334024994634092,0.761780753968254,1.0,32256,1016064,1048320,1008.0,253919232,0.001572400000441121,0.0003333000004204223,50.43017578125
exact,1008,32,2,225,0.0007294490351341665,0.7618117559523809,1.0,32256,1016064,1048320,1008.0,253919232,0.0015887999998085434,0.0003219999998691492,50.43017578125
exact,1008,32,2,226,0.0007256267126649618,0.7621217757936508,1.0,32256,1016064,1048320,1008.0,253919232,0.003473699998721713,0.0002908000005845679,50.43017578125
exact,1008,32,2,227,0.0007217794191092253,0.7626798115079365,1.0,32256,1016064,1048320,1008.0,253919232,0.0015722000007372117,0.0003209000005881535,50.43017578125
exact,1008,32,2,228,0.0007180150714702904,0.7627418154761905,1.0,32256,1016064,1048320,1008.0,253919232,0.0023302999998122687,0.0003871000008075498,50.43017578125
exact,1008,32,2,229,0.0007143999682739377,0.7630828373015873,1.0,32256,1016064,1048320,1008.0,253919232,0.0016720000003260793,0.00033509999957459513,50.43017578125
exact,1008,32,2,230,0.0007107889396138489,0.7633928571428571,1.0,32256,1016064,1048320,1008.0,253919232,0.00178559999949357,0.0003801000002567889,50.43017578125
exact,1008,32,2,231,0.0007072841399349272,0.7637648809523809,1.0,32256,1016064,1048320,1008.0,253919232,0.0015060000005178154,0.0003039999992324738,50.43017578125
exact,1008,32,2,232,0.0007037596660666168,0.7639818948412699,1.0,32256,1016064,1048320,1008.0,253919232,0.0015665000009903451,0.00033010000151989516,50.43017578125
exact,1008,32,2,233,0.0007003095815889537,0.7642609126984127,1.0,32256,1016064,1048320,1008.0,253919232,0.0016845999998622574,0.0003333999993628822,50.43017578125
exact,1008,32,2,234,0.0006969764363020658,0.7643229166666666,1.0,32256,1016064,1048320,1008.0,253919232,0.0015954000009514857,0.0003194999990228098,50.43017578125
exact,1008,32,2,235,0.0006936685531400144,0.7644159226190477,1.0,32256,1016064,1048320,1008.0,253919232,0.0017494999992777593,0.00034050000067509245,50.43017578125
exact,1008,32,2,236,0.000690410437528044,0.7646639384920635,1.0,32256,1016064,1048320,1008.0,253919232,0.0018132000004698057,0.0003650999988167314,50.43017578125
exact,1008,32,2,237,0.0006872377707622945,0.7650669642857143,1.0,32256,1016064,1048320,1008.0,253919232,0.001554000000396627,0.0003089000001637032,50.43017578125
exact,1008,32,2,238,0.0006840876303613186,0.7652529761904762,1.0,32256,1016064,1048320,1008.0,253919232,0.0015401000000565546,0.0003243000010115793,50.43017578125
exact,1008,32,2,239,0.0006810001214034855,0.7657490079365079,1.0,32256,1016064,1048320,1008.0,253919232,0.0016610000002401648,0.00035030000071856193,50.43017578125
exact,1008,32,2,240,0.0006780636613257229,0.765656001984127,1.0,32256,1016064,1048320,1008.0,253919232,0.0015660999997635372,0.0003054999997402774,50.43017578125
exact,1008,32,2,241,0.000675023824442178,0.7659660218253969,1.0,32256,1016064,1048320,1008.0,253919232,0.0016287999987980584,0.00031990000024961773,50.43017578125
exact,1008,32,2,242,0.0006719986558891833,0.7663070436507936,1.0,32256,1016064,1048320,1008.0,253919232,0.0016574999990552897,0.0003360999999131309,50.43017578125
exact,1008,32,2,243,0.0006690570735372603,0.7666170634920635,1.0,32256,1016064,1048320,1008.0,253919232,0.0015469999998458661,0.00029410000024654437,50.43017578125
exact,1008,32,2,244,0.0006662503583356738,0.7669580853174603,1.0,32256,1016064,1048320,1008.0,253919232,0.0017138999992312165,0.0004293999991205055,50.43017578125
exact,1008,32,2,245,0.000663459999486804,0.7673301091269841,1.0,32256,1016064,1048320,1008.0,253919232,0.0016381999994337093,0.00033430000075895805,50.43017578125
exact,1008,32,2,246,0.0006607435061596334,0.7677331349206349,1.0,32256,1016064,1048320,1008.0,253919232,0.0015108000006875955,0.00027630000113276765,50.43017578125
exact,1008,32,2,247,0.0006580071640200913,0.7683221726190477,1.0,32256,1016064,1048320,1008.0,253919232,0.0015614000003552064,0.0003090999998676125,50.43017578125
exact,1008,32,2,248,0.000655280367936939,0.7686321924603174,1.0,32256,1016064,1048320,1008.0,253919232,0.0015483000006497605,0.0003347000001667766,50.43017578125
exact,1008,32,2,249,0.0006526407669298351,0.7690042162698413,1.0,32256,1016064,1048320,1008.0,253919232,0.0015110000003915047,0.00031380000109493267,50.43017578125
exact,1008,32,2,250,0.0006498323054984212,0.7693762400793651,1.0,32256,1016064,1048320,1008.0,253919232,0.0016335000000253785,0.00028589999965333845,50.43017578125
exact,1008,32,2,251,0.0006472343229688704,0.7696242559523809,1.0,32256,1016064,1048320,1008.0,253919232,0.0015497000003961148,0.0003284999984316528,50.43017578125
exact,1008,32,2,252,0.0006447133491747081,0.7697792658730159,1.0,32256,1016064,1048320,1008.0,253919232,0.001564700000017183,0.0003308000013930723,50.43017578125
exact,1008,32,2,253,0.0006422604201361537,0.7701512896825397,1.0,32256,1016064,1048320,1008.0,253919232,0.001535600000352133,0.00030189999961294234,50.43017578125
exact,1008,32,2,254,0.000639822450466454,0.7703993055555556,1.0,32256,1016064,1048320,1008.0,253919232,0.0016197999993892154,0.00033380000058969017,50.43017578125
exact,1008,32,2,255,0.0006374135264195502,0.7707713293650794,1.0,32256,1016064,1048320,1008.0,253919232,0.0015638999993825564,0.00031259999923349824,50.43017578125
exact,1008,32,2,256,0.0006351167103275657,0.7708333333333334,1.0,32256,1016064,1048320,1008.0,253919232,0.0015512999998463783,0.0003451000011409633,50.43017578125
exact,1008,32,2,257,0.0006327354931272566,0.7710813492063492,1.0,32256,1016064,1048320,1008.0,253919232,0.0016030000006139744,0.0003094000003329711,50.43017578125
exact,1008,32,2,258,0.0006304722046479583,0.7712053571428571,1.0,32256,1016064,1048320,1008.0,253919232,0.0015378999996755738,0.0003252000005886657,50.43017578125
exact,1008,32,2,259,0.0006282223621383309,0.771484375,1.0,32256,1016064,1048320,1008.0,253919232,0.0015880000009929063,0.00031830000079935417,50.43017578125
exact,1008,32,2,260,0.0006259060464799404,0.7716083829365079,1.0,32256,1016064,1048320,1008.0,253919232,0.0015674000005674316,0.0002967000000353437,50.43017578125
exact,1008,32,2,261,0.0006237010238692164,0.7717013888888888,1.0,32256,1016064,1048320,1008.0,253919232,0.0015623999988747528,0.0003023999997822102,50.43017578125
exact,1008,32,2,262,0.0006215082830749452,0.7717323908730159,1.0,32256,1016064,1048320,1008.0,253919232,0.0015077999996719882,0.00029180000092310365,50.43017578125
exact,1008,32,2,263,0.0006194234592840075,0.7716703869047619,1.0,32256,1016064,1048320,1008.0,253919232,0.001576500000737724,0.00029800000083923806,50.43017578125
exact,1008,32,2,264,0.0006172776920720935,0.7718874007936508,1.0,32256,1016064,1048320,1008.0,253919232,0.0018752999985736096,0.00044300000081420876,50.43017578125
exact,1008,32,2,265,0.0006151429261080921,0.7721664186507936,1.0,32256,1016064,1048320,1008.0,253919232,0.0016049999994720565,0.000308299999232986,50.43017578125
exact,1008,32,2,266,0.0006130503606982529,0.7725074404761905,1.0,32256,1016064,1048320,1008.0,253919232,0.0016100999982882058,0.0002917000001616543,50.43017578125
exact,1008,32,2,267,0.0006110423128120601,0.7726624503968254,1.0,32256,1016064,1048320,1008.0,253919232,0.001608299999134033,0.00031769999986863695,50.43017578125
exact,1008,32,2,268,0.000609083566814661,0.7728484623015873,1.0,32256,1016064,1048320,1008.0,253919232,0.0015727000009064795,0.0003036999987671152,50.43017578125
exact,1008,32,2,269,0.0006071518873795867,0.7731584821428571,1.0,32256,1016064,1048320,1008.0,253919232,0.0015690000000176951,0.0003193000011378899,50.43017578125
exact,1008,32,2,270,0.0006051611853763461,0.773406498015873,1.0,32256,1016064,1048320,1008.0,253919232,0.0015260000000125729,0.0002936000000772765,50.43017578125
exact,1008,32,2,271,0.0006031774682924151,0.773468501984127,1.0,32256,1016064,1048320,1008.0,253919232,0.0017572999986441573,0.0003139000000373926,50.43017578125
exact,1008,32,2,272,0.0006012726225890219,0.7735305059523809,1.0,32256,1016064,1048320,1008.0,253919232,0.001757900001393864,0.0003507999990688404,50.43017578125
exact,1008,32,2,273,0.0005993123049847782,0.7738405257936508,1.0,32256,1016064,1048320,1008.0,253919232,0.0015174000000115484,0.0002918999998655636,50.43017578125
exact,1008,32,2,274,0.0005974934319965541,0.7742435515873016,1.0,32256,1016064,1048320,1008.0,253919232,0.0016231999998126412,0.00034729999970295466,50.43017578125
exact,1008,32,2,275,0.0005956227541901171,0.7743365575396826,1.0,32256,1016064,1048320,1008.0,253919232,0.0018438000006426591,0.0005091000002721557,50.43017578125
exact,1008,32,2,276,0.0005937812966294587,0.7746155753968254,1.0,32256,1016064,1048320,1008.0,253919232,0.0016446000008727424,0.00031320000016421545,50.43017578125
exact,1008,32,2,277,0.0005919630639255047,0.7749875992063492,1.0,32256,1016064,1048320,1008.0,253919232,0.0015806999999767868,0.0003006999995704973,50.43017578125
exact,1008,32,2,278,0.0005902356351725757,0.7750806051587301,1.0,32256,1016064,1048320,1008.0,253919232,0.0016209999994316604,0.0003438000003370689,50.43017578125
exact,1008,32,2,279,0.0005884583806619048,0.7752666170634921,1.0,32256,1016064,1048320,1008.0,253919232,0.0015701000011176802,0.0003214999996998813,50.43017578125
exact,1008,32,2,280,0.0005867223953828216,0.7756076388888888,1.0,32256,1016064,1048320,1008.0,253919232,0.0015029000005597482,0.00031549999948765617,50.43017578125
exact,1008,32,2,281,0.0005849652807228267,0.7757006448412699,1.0,32256,1016064,1048320,1008.0,253919232,0.0016697999999450985,0.0003482000010990305,50.43017578125
exact,1008,32,2,282,0.0005832994938828051,0.7759796626984127,1.0,32256,1016064,1048320,1008.0,253919232,0.0016345999993063742,0.00033520000033604447,50.43017578125
exact,1008,32,2,283,0.0005816002376377583,0.7761346726190477,1.0,32256,1016064,1048320,1008.0,253919232,0.003503100000671111,0.0003169999999954598,50.43017578125
exact,1008,32,2,284,0.0005798774072900414,0.7763826884920635,1.0,32256,1016064,1048320,1008.0,253919232,0.0016444000011688331,0.0003120000001217704,50.43017578125
exact,1008,32,2,285,0.0005782893858850002,0.7767237103174603,1.0,32256,1016064,1048320,1008.0,253919232,0.0016247000003204448,0.0003572999994503334,50.43017578125
exact,1008,32,2,286,0.0005766989779658616,0.7765997023809523,1.0,32256,1016064,1048320,1008.0,253919232,0.002717800000027637,0.00028249999922991265,50.43017578125
exact,1008,32,2,287,0.0005751167773269117,0.7767547123015873,1.0,32256,1016064,1048320,1008.0,253919232,0.0017784000010578893,0.00027289999889035244,50.43017578125
exact,1008,32,2,288,0.0005735872546210885,0.7771577380952381,1.0,32256,1016064,1048320,1008.0,253919232,0.0016187999990506796,0.00031880000096862204,50.43017578125
exact,1008,32,2,289,0.0005720399203710258,0.7771887400793651,1.0,32256,1016064,1048320,1008.0,253919232,0.0016251999986707233,0.0002973000009660609,50.43017578125
exact,1008,32,2,290,0.0005704602808691561,0.7771887400793651,1.0,32256,1016064,1048320,1008.0,253919232,0.0015389000000141095,0.0002918999998655636,50.43017578125
exact,1008,32,2,291,0.0005689035169780254,0.7774987599206349,1.0,32256,1016064,1048320,1008.0,253919232,0.003345499999340973,0.00030839999999443535,50.43017578125
exact,1008,32,2,292,0.0005673559498973191,0.7777467757936508,1.0,32256,1016064,1048320,1008.0,253919232,0.001658799999859184,0.00030360000164364465,50.43017578125
exact,1008,32,2,293,0.000565911817830056,0.7781187996031746,1.0,32256,1016064,1048320,1008.0,253919232,0.004676200000176323,0.0010197000010521151,50.43017578125
exact,1008,32,2,294,0.0005643743788823485,0.7782118055555556,1.0,32256,1016064,1048320,1008.0,253919232,0.0016454000015073689,0.000281300001006457,50.43017578125
exact,1008,32,2,295,0.0005628922372125089,0.7784288194444444,1.0,32256,1016064,1048320,1008.0,253919232,0.0019143999998050276,0.0002936999990197364,50.43017578125
exact,1008,32,2,296,0.0005614772089757025,0.7786768353174603,1.0,32256,1016064,1048320,1008.0,253919232,0.003139700000247103,0.00028589999965333845,50.43017578125
exact,1008,32,2,297,0.0005600330769084394,0.7786768353174603,1.0,32256,1016064,1048320,1008.0,253919232,0.0016985999991447898,0.00026950000028591603,50.43017578125
exact,1008,32,2,298,0.0005585649632848799,0.7788938492063492,1.0,32256,1016064,1048320,1008.0,253919232,0.001576799999384093,0.00029910000012023374,50.43017578125
exact,1008,32,2,299,0.0005571387591771781,0.7789248511904762,1.0,32256,1016064,1048320,1008.0,253919232,0.0016251000015472528,0.00028500000007625204,50.43017578125
exact,1008,32,2,300,0.0005557642434723675,0.7791728670634921,1.0,32256,1016064,1048320,1008.0,253919232,0.0017678000003797933,0.00032670000109646935,50.43017578125
exact,1008,32,2,301,0.0005543690640479326,0.779296875,1.0,32256,1016064,1048320,1008.0,253919232,0.0016335000000253785,0.00032640000063111074,50.43017578125
exact,1008,32,2,302,0.0005530410562641919,0.7796068948412699,1.0,32256,1016064,1048320,1008.0,253919232,0.001556900000650785,0.00029799999902024865,50.43017578125
exact,1008,32,2,303,0.0005516937235370278,0.7795448908730159,1.0,32256,1016064,1048320,1008.0,253919232,0.0016149000002769753,0.0003207000008842442,50.43017578125
exact,1008,32,2,304,0.0005503554712049663,0.7796999007936508,1.0,32256,1016064,1048320,1008.0,253919232,0.0015419999999721767,0.0003175999991071876,50.43017578125
exact,1008,32,2,305,0.0005490632611326873,0.7798859126984127,1.0,32256,1016064,1048320,1008.0,253919232,0.0015700000003562309,0.0003355000008014031,50.43017578125
exact,1008,32,2,306,0.0005477759405039251,0.7800099206349206,1.0,32256,1016064,1048320,1008.0,253919232,0.0016792999995232094,0.0003448999996180646,50.43017578125
exact,1008,32,2,307,0.0005464773275889456,0.7800409226190477,1.0,32256,1016064,1048320,1008.0,253919232,0.00159929999972519,0.00037319999864848796,50.43017578125
exact,1008,32,2,308,0.0005451469332911074,0.7801339285714286,1.0,32256,1016064,1048320,1008.0,253919232,0.0015193999988696305,0.000300900001093396,50.43017578125
exact,1008,32,2,309,0.0005438830703496933,0.7803819444444444,1.0,32256,1016064,1048320,1008.0,253919232,0.0015867999991314718,0.0003133999998681247,50.43017578125
exact,1008,32,2,310,0.0005426128045655787,0.7806919642857143,1.0,32256,1016064,1048320,1008.0,253919232,0.001666500000283122,0.00030169999990903307,50.43017578125
exact,1008,32,2,311,0.0005413346225395799,0.7806609623015873,1.0,32256,1016064,1048320,1008.0,253919232,0.0016654999999445863,0.0003606999998737592,50.43017578125
exact,1008,32,2,312,0.000540092820301652,0.7808159722222222,1.0,32256,1016064,1048320,1008.0,253919232,0.0015418000002682675,0.0002852000015991507,50.43017578125
exact,1008,32,2,313,0.0005388260469771922,0.7805679563492064,1.0,32256,1016064,1048320,1008.0,253919232,0.0015086000003066147,0.0003001000004587695,50.43017578125
exact,1008,32,2,314,0.0005375479231588542,0.7807229662698413,1.0,32256,1016064,1048320,1008.0,253919232,0.0015323000006901566,0.0002906000008806586,50.43017578125
exact,1008,32,2,315,0.0005363430827856064,0.7808159722222222,1.0,32256,1016064,1048320,1008.0,253919232,0.001476600000387407,0.00028480000037234277,50.43017578125
exact,1008,32,2,316,0.0005350925493985415,0.7809089781746031,1.0,32256,1016064,1048320,1008.0,253919232,0.0015995999983715592,0.0003307999995740829,50.43017578125
exact,1008,32,2,317,0.0005339309573173523,0.781218998015873,1.0,32256,1016064,1048320,1008.0,253919232,0.0016964000005827984,0.00030329999935929663,50.43017578125
exact,1008,32,2,318,0.0005327120888978243,0.78125,1.0,32256,1016064,1048320,1008.0,253919232,0.0016443999993498437,0.00030190000143193174,50.43017578125
exact,1008,32,2,319,0.0005315165035426617,0.7813430059523809,1.0,32256,1016064,1048320,1008.0,253919232,0.0016221999994741054,0.00029489999906218145,50.43017578125
exact,1008,32,2,320,0.000530468940269202,0.7814670138888888,1.0,32256,1016064,1048320,1008.0,253919232,0.0015610999998898478,0.00031259999923349824,50.43017578125
exact,1008,32,2,321,0.0005293005960993469,0.7815600198412699,1.0,32256,1016064,1048320,1008.0,253919232,0.0017268999999942025,0.0003316000002087094,50.43017578125
exact,1008,32,2,322,0.0005281445337459445,0.7816840277777778,1.0,32256,1016064,1048320,1008.0,253919232,0.0015624999996362021,0.00031879999914963264,50.43017578125
exact,1008,32,2,323,0.0005270708934403956,0.7816220238095238,1.0,32256,1016064,1048320,1008.0,253919232,0.001520199999504257,0.0003181000010954449,50.43017578125
exact,1008,32,2,324,0.0005259766476228833,0.7817460317460317,1.0,32256,1016064,1048320,1008.0,253919232,0.001515300000392017,0.0003150000011373777,50.43017578125
exact,1008,32,2,325,0.0005248836241662502,0.7817460317460317,1.0,32256,1016064,1048320,1008.0,253919232,0.0016362999995180871,0.00035030000071856193,50.43017578125
exact,1008,32,2,326,0.0005237928708083928,0.7817460317460317,1.0,32256,1016064,1048320,1008.0,253919232,0.0016692000008333707,0.0003173000004608184,50.43017578125
exact,1008,32,2,327,0.0005227346555329859,0.7817150297619048,1.0,32256,1016064,1048320,1008.0,253919232,0.0015452999996341532,0.0003360999999131309,50.43017578125
exact,1008,32,2,328,0.0005217762663960457,0.7820560515873016,1.0,32256,1016064,1048320,1008.0,253919232,0.0015751000009913696,0.0003285999991931021,50.43017578125
exact,1008,32,2,329,0.0005207868525758386,0.7821180555555556,1.0,32256,1016064,1048320,1008.0,253919232,0.0015389000000141095,0.0003254999992350349,50.43017578125
exact,1008,32,2,330,0.0005197341670282185,0.7822420634920635,1.0,32256,1016064,1048320,1008.0,253919232,0.0015602000003127614,0.0002867999992304249,50.43017578125
exact,1008,32,2,331,0.0005186956841498613,0.7826140873015873,1.0,32256,1016064,1048320,1008.0,253919232,0.0015688000003137859,0.0003336000008857809,50.43017578125
exact,1008,32,2,332,0.000517653941642493,0.7827690972222222,1.0,32256,1016064,1048320,1008.0,253919232,0.0015322999988711672,0.00029909999830124434,50.43017578125
exact,1008,32,2,333,0.0005166313494555652,0.7829551091269841,1.0,32256,1016064,1048320,1008.0,253919232,0.0015414999998029089,0.0002970000005007023,50.43017578125
exact,1008,32,2,334,0.0005155840190127492,0.783203125,1.0,32256,1016064,1048320,1008.0,253919232,0.0015660999997635372,0.00031660000058764126,50.43017578125
exact,1008,32,2,335,0.0005145605537109077,0.783265128968254,1.0,32256,1016064,1048320,1008.0,253919232,0.0015793999991728924,0.0003147000006720191,50.43017578125
exact,1008,32,2,336,0.0005136050167493522,0.7833581349206349,1.0,32256,1016064,1048320,1008.0,253919232,0.0015103999994607875,0.00029460000041581225,50.43017578125
exact,1008,32,2,337,0.0005126050091348588,0.7836371527777778,1.0,32256,1016064,1048320,1008.0,253919232,0.0016059000008681323,0.00029879999965487514,50.43017578125
exact,1008,32,2,338,0.0005116264219395816,0.7838231646825397,1.0,32256,1016064,1048320,1008.0,253919232,0.0015941000001475913,0.000308600001517334,50.43017578125
exact,1008,32,2,339,0.0005106547614559531,0.7840091765873016,1.0,32256,1016064,1048320,1008.0,253919232,0.0016267000009975163,0.00030779999906371813,50.43017578125
exact,1008,32,2,340,0.0005096426466479897,0.7840401785714286,1.0,32256,1016064,1048320,1008.0,253919232,0.0015328999998018844,0.0003268999989813892,50.43017578125
exact,1008,32,2,341,0.0005086483433842659,0.7843501984126984,1.0,32256,1016064,1048320,1008.0,253919232,0.0015363000002253102,0.0002882999997382285,50.43017578125
exact,1008,32,2,342,0.0005077387904748321,0.7845982142857143,1.0,32256,1016064,1048320,1008.0,253919232,0.0017727999984344933,0.00032619999910821207,50.43017578125
exact,1008,32,2,343,0.0005068039172329009,0.7848772321428571,1.0,32256,1016064,1048320,1008.0,253919232,0.001618899999812129,0.0003015000002051238,50.43017578125
exact,1008,32,2,344,0.0005059242830611765,0.785094246031746,1.0,32256,1016064,1048320,1008.0,253919232,0.0016386000006605173,0.0003192000003764406,50.43017578125
exact,1008,32,2,345,0.0005050203762948513,0.7854042658730159,1.0,32256,1016064,1048320,1008.0,253919232,0.00160419999883743,0.00033989999974437524,50.43017578125
exact,1008,32,2,346,0.0005040625692345202,0.7854662698412699,1.0,32256,1016064,1048320,1008.0,253919232,0.001545799999803421,0.0003431000004638918,50.43017578125
exact,1008,32,2,347,0.0005031887558288872,0.7857142857142857,1.0,32256,1016064,1048320,1008.0,253919232,0.0016151999989233445,0.0002874000001611421,50.43017578125
exact,1008,32,2,348,0.0005022776895202696,0.7859002976190477,1.0,32256,1016064,1048320,1008.0,253919232,0.001615900000615511,0.000309900000502239,50.43017578125
exact,1008,32,2,349,0.0005014122580178082,0.7860863095238095,1.0,32256,1016064,1048320,1008.0,253919232,0.0016555000001972076,0.0003481999992800411,50.43017578125
exact,1008,32,2,350,0.0005005497951060534,0.7861793154761905,1.0,32256,1016064,1048320,1008.0,253919232,0.001750499999616295,0.0003085000007558847,50.43017578125
exact,1008,32,2,351,0.0004996746429242194,0.7863963293650794,1.0,32256,1016064,1048320,1008.0,253919232,0.001620000000912114,0.00035199999911128543,50.43017578125
exact,1008,32,2,352,0.0004988141590729356,0.7864273313492064,1.0,32256,1016064,1048320,1008.0,253919232,0.0015137999998842133,0.0002953000002889894,50.43017578125
exact,1008,32,2,353,0.0004979664226993918,0.7865513392857143,1.0,32256,1016064,1048320,1008.0,253919232,0.0016132999990077224,0.00033999999868683517,50.43017578125
exact,1008,32,2,354,0.0004971034359186888,0.7865513392857143,1.0,32256,1016064,1048320,1008.0,253919232,0.0016089000000647502,0.0003589999996620463,50.43017578125
exact,1008,32,2,355,0.0004962364910170436,0.7867373511904762,1.0,32256,1016064,1048320,1008.0,253919232,0.0017102000001614215,0.00034530000084487256,50.43017578125
exact,1008,32,2,356,0.0004954012692905962,0.7867373511904762,1.0,32256,1016064,1048320,1008.0,253919232,0.0015763999999762746,0.0002996000002895016,50.43017578125
exact,1008,32,2,357,0.0004945296095684171,0.7870163690476191,1.0,32256,1016064,1048320,1008.0,253919232,0.001624900000024354,0.00036860000000160653,50.43017578125
exact,1008,32,2,358,0.0004937088233418763,0.787140376984127,1.0,32256,1016064,1048320,1008.0,253919232,0.001607400001375936,0.00030669999978272244,50.43017578125
exact,1008,32,2,359,0.0004928851267322898,0.7870163690476191,1.0,32256,1016064,1048320,1008.0,253919232,0.0016496999996888917,0.0003469000002951361,50.43017578125
exact,1008,32,2,360,0.000492093909997493,0.787109375,1.0,32256,1016064,1048320,1008.0,253919232,0.0015908999994280748,0.00031259999923349824,50.43017578125
exact,1008,32,2,361,0.0004912799340672791,0.7872333829365079,1.0,32256,1016064,1048320,1008.0,253919232,0.0015949000007822178,0.00031850000050326344,50.43017578125
exact,1008,32,2,362,0.00049043312901631,0.7873263888888888,1.0,32256,1016064,1048320,1008.0,253919232,0.0016068999993876787,0.0003276999996160157,50.43017578125
exact,1008,32,2,363,0.0004896068712696433,0.7874503968253969,1.0,32256,1016064,1048320,1008.0,253919232,0.0033733000000211177,0.00031820000003790483,50.43017578125
exact,1008,32,2,364,0.0004888108232989907,0.7875434027777778,1.0,32256,1016064,1048320,1008.0,253919232,0.001592799999343697,0.0003297000002930872,50.43017578125
exact,1008,32,2,365,0.000488129211589694,0.7875744047619048,1.0,32256,1016064,1048320,1008.0,253919232,0.002172200000131852,0.00034249999953317456,50.43017578125
exact,1008,32,2,366,0.00048733220319263637,0.7878844246031746,1.0,32256,1016064,1048320,1008.0,253919232,0.0016310999999404885,0.0003594999998313142,50.43017578125
exact,1008,32,2,367,0.0004865599039476365,0.7881324404761905,1.0,32256,1016064,1048320,1008.0,253919232,0.001603400000021793,0.0003309999992779922,50.43017578125
exact,1008,32,2,368,0.000485803495394066,0.7883494543650794,1.0,32256,1016064,1048320,1008.0,253919232,0.0016447999987576623,0.00027690000024449546,50.43017578125
exact,1008,32,2,369,0.00048501393757760525,0.7887524801587301,1.0,32256,1016064,1048320,1008.0,253919232,0.001536800000394578,0.00032449999889649916,50.43017578125
exact,1008,32,2,370,0.0004842617781832814,0.7890625,1.0,32256,1016064,1048320,1008.0,253919232,0.0015241999990394106,0.00033199999961652793,50.43017578125
exact,1008,32,2,371,0.00048351261648349464,0.789124503968254,1.0,32256,1016064,1048320,1008.0,253919232,0.0015143000000534812,0.00031370000033348333,50.43017578125
exact,1008,32,2,372,0.00048275457811541855,0.7894035218253969,1.0,32256,1016064,1048320,1008.0,253919232,0.001585799998792936,0.0003338999995321501,50.43017578125
exact,1008,32,2,373,0.0004820253816433251,0.7894965277777778,1.0,32256,1016064,1048320,1008.0,253919232,0.0015622999999322928,0.0003139000000373926,50.43017578125
exact,1008,32,2,374,0.0004812552942894399,0.7894655257936508,1.0,32256,1016064,1048320,1008.0,253919232,0.0015216000010696007,0.00030779999906371813,50.43017578125
exact,1008,32,2,375,0.00048052717465907335,0.7895895337301587,1.0,32256,1016064,1048320,1008.0,253919232,0.0015258000003086636,0.0003020000003743917,50.43017578125
exact,1008,32,2,376,0.0004798301088158041,0.7897135416666666,1.0,32256,1016064,1048320,1008.0,253919232,0.0015149999999266583,0.0003312999997433508,50.43017578125
exact,1008,32,2,377,0.0004791923565790057,0.7901475694444444,1.0,32256,1016064,1048320,1008.0,253919232,0.001960300000064308,0.00047850000009930227,50.43017578125
exact,1008,32,2,378,0.00047849505790509284,0.7903955853174603,1.0,32256,1016064,1048320,1008.0,253919232,0.0016169000009540468,0.0002917000001616543,50.43017578125
exact,1008,32,2,379,0.00047778902808204293,0.7905195932539683,1.0,32256,1016064,1048320,1008.0,253919232,0.0016223000002355548,0.0003780999995797174,50.43017578125
exact,1008,32,2,380,0.0004771301173605025,0.7906125992063492,1.0,32256,1016064,1048320,1008.0,253919232,0.0015390999997180188,0.0003093999985139817,50.43017578125
exact,1008,32,2,381,0.0004764702171087265,0.7907986111111112,1.0,32256,1016064,1048320,1008.0,253919232,0.0019044000000576489,0.00030759999935980886,50.43017578125
exact,1008,32,2,382,0.00047576185897924006,0.791077628968254,1.0,32256,1016064,1048320,1008.0,253919232,0.0016451999999844702,0.00032920000012381934,50.43017578125
exact,1008,32,2,383,0.00047511307639069855,0.7912016369047619,1.0,32256,1016064,1048320,1008.0,253919232,0.0016199999990931246,0.0003438000003370689,50.43017578125
exact,1008,32,2,384,0.00047445300151593983,0.7914806547619048,1.0,32256,1016064,1048320,1008.0,253919232,0.0015619000005244743,0.00031210000088321976,50.43017578125
exact,1008,32,2,385,0.0004738205170724541,0.7916046626984127,1.0,32256,1016064,1048320,1008.0,253919232,0.001506399999925634,0.0002996000002895016,50.43017578125
exact,1008,32,2,386,0.0004731904773507267,0.7917596726190477,1.0,32256,1016064,1048320,1008.0,253919232,0.001736700000037672,0.0003682999995362479,50.43017578125
exact,1008,32,2,387,0.0004725616308860481,0.7919146825396826,1.0,32256,1016064,1048320,1008.0,253919232,0.0016023999996832572,0.00031989999843062833,50.43017578125
exact,1008,32,2,388,0.00047192740021273494,0.7920076884920635,1.0,32256,1016064,1048320,1008.0,253919232,0.0016236000010394491,0.0003065999990212731,50.43017578125
exact,1008,32,2,389,0.0004713103990070522,0.7922867063492064,1.0,32256,1016064,1048320,1008.0,253919232,0.001624999998966814,0.000302100001135841,50.43017578125
exact,1008,32,2,390,0.0004707098414655775,0.7924727182539683,1.0,32256,1016064,1048320,1008.0,253919232,0.0015845000016270205,0.0003052000010939082,50.43017578125
exact,1008,32,2,391,0.00047009068657644093,0.7926277281746031,1.0,32256,1016064,1048320,1008.0,253919232,0.0016531000001123175,0.00033380000058969017,50.43017578125
exact,1008,32,2,392,0.00046950331307016313,0.792937748015873,1.0,32256,1016064,1048320,1008.0,253919232,0.0016622000002826098,0.00037169999995967373,50.43017578125
exact,1008,32,2,393,0.0004688861663453281,0.7931547619047619,1.0,32256,1016064,1048320,1008.0,253919232,0.001576000000568456,0.00028050000037183054,50.43017578125
exact,1008,32,2,394,0.0004682948056142777,0.793030753968254,1.0,32256,1016064,1048320,1008.0,253919232,0.0016553000004932983,0.0003316999991511693,50.43017578125
exact,1008,32,2,395,0.0004677308024838567,0.793030753968254,1.0,32256,1016064,1048320,1008.0,253919232,0.0016030000006139744,0.00030730000071343966,50.43017578125
exact,1008,32,2,396,0.00046711406321264803,0.7932787698412699,1.0,32256,1016064,1048320,1008.0,253919232,0.0016652999984216876,0.00031630000012228265,50.43017578125
exact,1008,32,2,397,0.0004665047163143754,0.7932787698412699,1.0,32256,1016064,1048320,1008.0,253919232,0.0018108999993273756,0.00031099999978323467,50.43017578125
exact,1008,32,2,398,0.0004659426922444254,0.7930927579365079,1.0,32256,1016064,1048320,1008.0,253919232,0.0030716000001120847,0.0007370000002993038,50.43017578125
exact,1008,32,2,399,0.00046537324669770896,0.7933407738095238,1.0,32256,1016064,1048320,1008.0,253919232,0.0016024999986257171,0.00030450000122073106,50.43017578125
exact,1008,32,2,400,0.0004648113390430808,0.7934647817460317,1.0,32256,1016064,1048320,1008.0,253919232,0.001623000000108732,0.00032110000029206276,50.43017578125
exact,1008,32,2,401,0.00046423301682807505,0.7934337797619048,1.0,32256,1016064,1048320,1008.0,253919232,0.0016297000001941342,0.0003245999996579485,50.43017578125
exact,1008,32,2,402,0.00046366307651624084,0.7936507936507936,1.0,32256,1016064,1048320,1008.0,253919232,0.0018425999987812247,0.00040070000068226364,50.43017578125
exact,1008,32,2,403,0.0004631367919500917,0.7938988095238095,1.0,32256,1016064,1048320,1008.0,253919232,0.0016115999987960095,0.0003424000005907146,50.43017578125
exact,1008,32,2,404,0.0004625264264177531,0.7940848214285714,1.0,32256,1016064,1048320,1008.0,253919232,0.0015811999983270653,0.00029100000028847717,50.43017578125
exact,1008,32,2,405,0.0004618861130438745,0.7941778273809523,1.0,32256,1016064,1048320,1008.0,253919232,0.0017814000002545072,0.00045229999886942096,50.43017578125
exact,1008,32,2,406,0.00046133159776218235,0.7943638392857143,1.0,32256,1016064,1048320,1008.0,253919232,0.001534900000478956,0.0003156000002491055,50.43017578125
exact,1008,32,2,407,0.0004608139570336789,0.7944258432539683,1.0,32256,1016064,1048320,1008.0,253919232,0.00171050000062678,0.0003492999985610368,50.43017578125
exact,1008,32,2,408,0.00046021389425732195,0.7946428571428571,1.0,32256,1016064,1048320,1008.0,253919232,0.0016405999995185994,0.0003371999991941266,50.43017578125
exact,1008,32,2,409,0.0004597188963089138,0.7947358630952381,1.0,32256,1016064,1048320,1008.0,253919232,0.001556400000481517,0.0003321999993204372,50.43017578125
exact,1008,32,2,410,0.00045917811803519726,0.794952876984127,1.0,32256,1016064,1048320,1008.0,253919232,0.0018139000003429828,0.0003567000003386056,50.43017578125
exact,1008,32,2,411,0.0004586639115586877,0.7950768849206349,1.0,32256,1016064,1048320,1008.0,253919232,0.0017281000000366475,0.00028729999939969275,50.43017578125
exact,1008,32,2,412,0.0004581410903483629,0.7953559027777778,1.0,32256,1016064,1048320,1008.0,253919232,0.0016537999999854947,0.00035799999932351056,50.43017578125
exact,1008,32,2,413,0.00045762863010168076,0.7953559027777778,1.0,32256,1016064,1048320,1008.0,253919232,0.0016198000012082048,0.00030950000109442044,50.43017578125
exact,1008,32,2,414,0.00045711148413829505,0.7953559027777778,1.0,32256,1016064,1048320,1008.0,253919232,0.0016269000007014256,0.0003116000007139519,50.43017578125
exact,1008,32,2,415,0.0004566089774016291,0.7954179067460317,1.0,32256,1016064,1048320,1008.0,253919232,0.0015775000010762597,0.00032840000130818225,50.43017578125
exact,1008,32,2,416,0.00045607981155626476,0.7955109126984127,1.0,32256,1016064,1048320,1008.0,253919232,0.001799100000425824,0.00034530000084487256,50.43017578125
exact,1008,32,2,417,0.0004555401101242751,0.7956969246031746,1.0,32256,1016064,1048320,1008.0,253919232,0.001590399999258807,0.000334399999701418,50.43017578125
exact,1008,32,2,418,0.00045505803427658975,0.7957899305555556,1.0,32256,1016064,1048320,1008.0,253919232,0.0034565000005386537,0.00035460000071907416,50.43017578125
exact,1008,32,2,419,0.0004546646378003061,0.7959139384920635,1.0,32256,1016064,1048320,1008.0,253919232,0.0017616999994061189,0.000331900000674068,50.43017578125
exact,1008,32,2,420,0.00045414138003252447,0.7959449404761905,1.0,32256,1016064,1048320,1008.0,253919232,0.0040602000008220784,0.0014977000009821495,50.43017578125
exact,1008,32,2,421,0.0004536198975984007,0.7958209325396826,1.0,32256,1016064,1048320,1008.0,253919232,0.003698900000017602,0.0002829000004567206,50.43017578125
exact,1008,32,2,422,0.0004530776641331613,0.7960379464285714,1.0,32256,1016064,1048320,1008.0,253919232,0.0018336000011913711,0.00035149999894201756,50.43017578125
exact,1008,32,2,423,0.00045260731712915003,0.7959759424603174,1.0,32256,1016064,1048320,1008.0,253919232,0.001927100000102655,0.0002789999998640269,50.43017578125
exact,1008,32,2,424,0.0004520865622907877,0.7963789682539683,1.0,32256,1016064,1048320,1008.0,253919232,0.0018694999998842832,0.00035829999978886917,50.43017578125
exact,1008,32,2,425,0.00045160064473748207,0.7964099702380952,1.0,32256,1016064,1048320,1008.0,253919232,0.0018242000005557202,0.00039819999983592425,50.43017578125
exact,1008,32,2,426,0.00045106065226718783,0.7965959821428571,1.0,32256,1016064,1048320,1008.0,253919232,0.0017514999999548309,0.00032450000071548857,50.43017578125
exact,1008,32,2,427,0.0004505817487370223,0.7966579861111112,1.0,32256,1016064,1048320,1008.0,253919232,0.0021759999999630963,0.0005204999997658888,50.43017578125
exact,1008,32,2,428,0.00045014347415417433,0.796812996031746,1.0,32256,1016064,1048320,1008.0,253919232,0.0016864999997778796,0.0003587000010156771,50.43017578125
exact,1008,32,2,429,0.0004496464680414647,0.7969990079365079,1.0,32256,1016064,1048320,1008.0,253919232,0.0016242999990936369,0.00031510000007983763,50.43017578125
exact,1008,32,2,430,0.00044915085891261697,0.7970610119047619,1.0,32256,1016064,1048320,1008.0,253919232,0.0035380999997869367,0.0002958999994007172,50.43017578125
exact,1008,32,2,431,0.0004486642428673804,0.7971540178571429,1.0,32256,1016064,1048320,1008.0,253919232,0.0026103000000148313,0.0006350999992719153,50.43017578125
exact,1008,32,2,432,0.00044819668983109295,0.7974020337301587,1.0,32256,1016064,1048320,1008.0,253919232,0.0037142000001040287,0.0020651000013458543,50.43017578125
exact,1008,32,2,433,0.00044773408444598317,0.7975260416666666,1.0,32256,1016064,1048320,1008.0,253919232,0.0017589999988558702,0.00033819999953266233,50.43017578125
exact,1008,32,2,434,0.00044730035006068647,0.7976190476190477,1.0,32256,1016064,1048320,1008.0,253919232,0.0016654000010021264,0.00036050000016984995,50.43017578125
exact,1008,32,2,435,0.00044689260539598763,0.7977120535714286,1.0,32256,1016064,1048320,1008.0,253919232,0.002038800001173513,0.0003223000003345078,50.43017578125
exact,1008,32,2,436,0.0004465717647690326,0.7977430555555556,1.0,32256,1016064,1048320,1008.0,253919232,0.0018897999998443993,0.00032839999948919285,50.43017578125
exact,1008,32,2,437,0.0004464028461370617,0.7977430555555556,1.0,32256,1016064,1048320,1008.0,253919232,0.0017547999996168073,0.00034439999944879673,50.43017578125
exact,1008,32,2,438,0.0004464123921934515,0.7977740575396826,1.0,32256,1016064,1048320,1008.0,253919232,0.0017315999994025333,0.00029119999999238644,50.43017578125
exact,1008,32,2,439,0.0004470738931559026,0.7980220734126984,1.0,32256,1016064,1048320,1008.0,253919232,0.0017864000001281966,0.0003646000004664529,50.43017578125
exact,1008,32,2,440,0.0004485189856495708,0.7980530753968254,1.0,32256,1016064,1048320,1008.0,253919232,0.001675499999691965,0.00030329999935929663,50.43017578125
exact,1008,32,2,441,0.0004526163684204221,0.7984871031746031,1.0,32256,1016064,1048320,1008.0,253919232,0.0017353999992337776,0.0003552999987732619,50.43017578125
exact,1008,32,2,442,0.0004577859363052994,0.7983630952380952,1.0,32256,1016064,1048320,1008.0,253919232,0.0017735000001266599,0.00034159999995608814,50.43017578125
exact,1008,32,2,443,0.0004719709395430982,0.7987041170634921,1.0,32256,1016064,1048320,1008.0,253919232,0.0016863999990164302,0.00041769999916141387,50.43017578125
exact,1008,32,2,444,0.0004755819099955261,0.7986731150793651,1.0,32256,1016064,1048320,1008.0,253919232,0.0018415000013192184,0.0003207000008842442,50.43017578125
exact,1008,32,2,445,0.0004896598402410746,0.798890128968254,1.0,32256,1016064,1048320,1008.0,253919232,0.0017817999996623257,0.0003316999991511693,50.43017578125
exact,1008,32,2,446,0.0004686731845140457,0.7994171626984127,1.0,32256,1016064,1048320,1008.0,253919232,0.0023598999996465864,0.0006436000003304798,50.43017578125
exact,1008,32,2,447,0.0004540648660622537,0.7992621527777778,1.0,32256,1016064,1048320,1008.0,253919232,0.001861099999587168,0.00044519999937620014,50.43017578125
exact,1008,32,2,448,0.0004468201077543199,0.7999131944444444,1.0,32256,1016064,1048320,1008.0,253919232,0.0019281000004411908,0.0004788999995071208,50.43017578125
exact,1008,32,2,449,0.0004527475393842906,0.7997891865079365,1.0,32256,1016064,1048320,1008.0,253919232,0.0017881000003399095,0.00031320000016421545,50.43017578125
exact,1008,32,2,450,0.00046590782585553825,0.7997891865079365,1.0,32256,1016064,1048320,1008.0,253919232,0.0017707000006339513,0.00039459999970858917,50.43017578125
exact,1008,32,2,451,0.0004696147225331515,0.7999131944444444,1.0,32256,1016064,1048320,1008.0,253919232,0.0018836999988707248,0.00031569999919156544,50.43017578125
exact,1008,32,2,452,0.000468812562758103,0.8003782242063492,1.0,32256,1016064,1048320,1008.0,253919232,0.0021188999999139924,0.0005952999999863096,50.43017578125
exact,1008,32,2,453,0.0004679140984080732,0.8001302083333334,1.0,32256,1016064,1048320,1008.0,253919232,0.001678399999946123,0.00034980000054929405,50.43017578125
exact,1008,32,2,454,0.0004644966102205217,0.8003162202380952,1.0,32256,1016064,1048320,1008.0,253919232,0.0019088999997620704,0.00036109999928157777,50.43017578125
exact,1008,32,2,455,0.0004681885475292802,0.8002542162698413,1.0,32256,1016064,1048320,1008.0,253919232,0.0015982999993866542,0.0003171999996993691,50.43017578125
exact,1008,32,2,456,0.00046301292604766786,0.8002852182539683,1.0,32256,1016064,1048320,1008.0,253919232,0.0015911999998934334,0.0003040999999939231,50.43017578125
exact,1008,32,2,457,0.00045690900878980756,0.8004712301587301,1.0,32256,1016064,1048320,1008.0,253919232,0.0016378000000258908,0.0003400000005058246,50.43017578125
exact,1008,32,2,458,0.0004482623771764338,0.800843253968254,1.0,32256,1016064,1048320,1008.0,253919232,0.001584999999977299,0.0003164999998261919,50.43017578125
exact,1008,32,2,459,0.000442753080278635,0.8009672619047619,1.0,32256,1016064,1048320,1008.0,253919232,0.0016669999986334005,0.0003660000002128072,50.43017578125
exact,1008,32,2,460,0.00044302319292910397,0.8009982638888888,1.0,32256,1016064,1048320,1008.0,253919232,0.001536899999337038,0.00033379999877070077,50.43017578125
exact,1008,32,2,461,0.00044655511737801135,0.8011222718253969,1.0,32256,1016064,1048320,1008.0,253919232,0.0015027000008558389,0.000289100000372855,50.43017578125
exact,1008,32,2,462,0.0004505067190621048,0.8012462797619048,1.0,32256,1016064,1048320,1008.0,253919232,0.0015741000006528338,0.00036870000076305587,50.43017578125
exact,1008,32,2,463,0.0004493905871640891,0.8014012896825397,1.0,32256,1016064,1048320,1008.0,253919232,0.0016782000002422137,0.00039509999987785704,50.43017578125
exact,1008,32,2,464,0.0004446596431080252,0.8016493055555556,1.0,32256,1016064,1048320,1008.0,253919232,0.0015773000013723504,0.00036070000169274863,50.43017578125
exact,1008,32,2,465,0.0004397610609885305,0.8017733134920635,1.0,32256,1016064,1048320,1008.0,253919232,0.0017858999999589287,0.00034899999991466757,50.43017578125
exact,1008,32,2,466,0.00043780458508990705,0.8018043154761905,1.0,32256,1016064,1048320,1008.0,253919232,0.001546299999972689,0.0003096999989793403,50.43017578125
exact,1008,32,2,467,0.0004389965033624321,0.8016493055555556,1.0,32256,1016064,1048320,1008.0,253919232,0.001578400000653346,0.0003255000010540243,50.43017578125
exact,1008,32,2,468,0.00044113831245340407,0.8018973214285714,1.0,32256,1016064,1048320,1008.0,253919232,0.001546200001030229,0.00029370000083872583,50.43017578125
exact,1008,32,2,469,0.0004417389282025397,0.8018043154761905,1.0,32256,1016064,1048320,1008.0,253919232,0.0015763999999762746,0.0003403999999136431,50.43017578125
exact,1008,32,2,470,0.0004396605072543025,0.8020523313492064,1.0,32256,1016064,1048320,1008.0,253919232,0.0016167000012501376,0.0003166999995301012,50.43017578125
exact,1008,32,2,471,0.0004368793743196875,0.8022073412698413,1.0,32256,1016064,1048320,1008.0,253919232,0.0016606999997748062,0.0003324999997857958,50.43017578125
exact,1008,32,2,472,0.0004341317981015891,0.8023623511904762,1.0,32256,1016064,1048320,1008.0,253919232,0.0028664999990724027,0.0003601000007620314,50.43017578125
exact,1008,32,2,473,0.00043292067130096257,0.8025173611111112,1.0,32256,1016064,1048320,1008.0,253919232,0.001642100000026403,0.00028840000049967784,50.43017578125
exact,1008,32,2,474,0.000432808039477095,0.802734375,1.0,32256,1016064,1048320,1008.0,253919232,0.0016060999987530522,0.0003403999999136431,50.43017578125
exact,1008,32,2,475,0.00043355650268495083,0.802703373015873,1.0,32256,1016064,1048320,1008.0,253919232,0.0016632999995636055,0.00029290000020409934,50.43017578125
exact,1008,32,2,476,0.0004343827604316175,0.8028273809523809,1.0,32256,1016064,1048320,1008.0,253919232,0.0033849999999802094,0.00031850000050326344,50.43017578125
exact,1008,32,2,477,0.00043453805847093463,0.8028273809523809,1.0,32256,1016064,1048320,1008.0,253919232,0.005213000000367174,0.00032620000092720147,50.43017578125
exact,1008,32,2,478,0.00043415804975666106,0.8028893849206349,1.0,32256,1016064,1048320,1008.0,253919232,0.0015509999993810197,0.0003004000009241281,50.43017578125
exact,1008,32,2,479,0.00043296520016156137,0.8031374007936508,1.0,32256,1016064,1048320,1008.0,253919232,0.002914099999543396,0.0010089000006701099,50.43017578125
exact,1008,32,2,480,0.0004315815167501569,0.8030133928571429,1.0,32256,1016064,1048320,1008.0,253919232,0.00159920000078273,0.0003423999987717252,50.43017578125
exact,1008,32,2,481,0.00043019498116336763,0.8034474206349206,1.0,32256,1016064,1048320,1008.0,253919232,0.0018674999992072117,0.00046040000052016694,50.43017578125
exact,1008,32,2,482,0.0004290842334739864,0.8031994047619048,1.0,32256,1016064,1048320,1008.0,253919232,0.0015734000007796567,0.0003544000010151649,50.43017578125
exact,1008,32,2,483,0.000428389961598441,0.8035404265873016,1.0,32256,1016064,1048320,1008.0,253919232,0.0015354999995906837,0.00028509999901871197,50.43017578125
exact,1008,32,2,484,0.0004280041321180761,0.8035404265873016,1.0,32256,1016064,1048320,1008.0,253919232,0.0016077999989647651,0.00033509999957459513,50.43017578125
exact,1008,32,2,485,0.0004279791610315442,0.8036954365079365,1.0,32256,1016064,1048320,1008.0,253919232,0.0015505999999732012,0.00028589999965333845,50.43017578125
exact,1008,32,2,486,0.00042806618148460984,0.8038814484126984,1.0,32256,1016064,1048320,1008.0,253919232,0.0017116999988502357,0.00036439999894355424,50.43017578125
exact,1008,32,2,487,0.0004282867594156414,0.8039434523809523,1.0,32256,1016064,1048320,1008.0,253919232,0.0016179000012925826,0.00029999999969732016,50.43017578125
exact,1008,32,2,488,0.000428238941822201,0.8040984623015873,1.0,32256,1016064,1048320,1008.0,253919232,0.0016304000000673113,0.00029490000088117085,50.43017578125
exact,1008,32,2,489,0.0004279182758182287,0.8043154761904762,1.0,32256,1016064,1048320,1008.0,253919232,0.0017747999991115648,0.00032110000029206276,50.43017578125
exact,1008,32,2,490,0.0004273714730516076,0.8042224702380952,1.0,32256,1016064,1048320,1008.0,253919232,0.0016961000001174398,0.00035629999911179766,50.43017578125
exact,1008,32,2,491,0.00042680822662077844,0.8045634920634921,1.0,32256,1016064,1048320,1008.0,253919232,0.0015908999994280748,0.00035369999932299834,50.43017578125
exact,1008,32,2,492,0.00042620935710147023,0.8045324900793651,1.0,32256,1016064,1048320,1008.0,253919232,0.0016042999995988794,0.00034729999970295466,50.43017578125
exact,1008,32,2,493,0.0004257217515259981,0.8047805059523809,1.0,32256,1016064,1048320,1008.0,253919232,0.001578400000653346,0.00030589999914809596,50.43017578125
exact,1008,32,2,494,0.00042521627619862556,0.8048735119047619,1.0,32256,1016064,1048320,1008.0,253919232,0.0027286000004096422,0.00029709999944316223,50.43017578125
exact,1008,32,2,495,0.0004247230535838753,0.8050905257936508,1.0,32256,1016064,1048320,1008.0,253919232,0.0015696999998908723,0.0003398000008019153,50.43017578125
exact,1008,32,2,496,0.0004243947332724929,0.8051215277777778,1.0,32256,1016064,1048320,1008.0,253919232,0.0015926000014587771,0.0003163999990647426,50.43017578125
exact,1008,32,2,497,0.0004240490379743278,0.8050595238095238,1.0,32256,1016064,1048320,1008.0,253919232,0.0016687999996065628,0.00032730000020819716,50.43017578125
exact,1008,32,2,498,0.00042396230855956674,0.8052455357142857,1.0,32256,1016064,1048320,1008.0,253919232,0.0024329999996552942,0.0006131999998615356,50.43017578125
exact,1008,32,2,499,0.00042394132469780743,0.8051835317460317,1.0,32256,1016064,1048320,1008.0,253919232,0.0015722000007372117,0.00032889999965846073,50.43017578125
exact,1008,32,2,500,0.00042414540075697005,0.8053385416666666,1.0,32256,1016064,1048320,1008.0,253919232,0.0021887000002607238,0.0004735000002256129,50.43017578125
ariad,1008,32,2,1,0.20656077563762665,0.10029141865079365,0.12865823412698413,32256,145152,177408,144.0,142442496,0.0810406000000512,0.07855130000098143,92.8037109375
ariad,1008,32,2,2,0.17141582071781158,0.15618799603174602,0.29321676587301587,32256,145152,177408,144.0,142442496,0.003985000001193839,0.002413700000033714,93.6669921875
ariad,1008,32,2,3,0.15143325924873352,0.18579489087301587,0.47371031746031744,32256,145152,177408,144.0,142442496,0.003161099999488215,0.0017726999994920334,93.6669921875
ariad,1008,32,2,4,0.13739228248596191,0.18818204365079366,0.6187375992063492,32256,145152,177408,144.0,142442496,0.004604499999913969,0.002624499999001273,93.6669921875
ariad,1008,32,2,5,0.12775282561779022,0.17702132936507936,0.7133556547619048,32256,145152,177408,144.0,142442496,0.006727299998601666,0.0036289999989094213,93.6669921875
ariad,1008,32,2,6,0.12111934274435043,0.16251240079365079,0.7686631944444444,32256,145152,177408,144.0,142442496,0.0031649999982619192,0.0017095000002882443,93.6669921875
ariad,1008,32,2,7,0.11641714721918106,0.14834449404761904,0.8045324900793651,32256,145152,177408,144.0,142442496,0.003060499999264721,0.0017076000003726222,93.6669921875
ariad,1008,32,2,8,0.11268105357885361,0.1377108134920635,0.8269779265873016,32256,145152,177408,144.0,142442496,0.003012799999851268,0.0017373000009683892,93.6669921875
ariad,1008,32,2,9,0.1099182590842247,0.13067336309523808,0.8455791170634921,32256,145152,177408,144.0,142442496,0.0032105999998748302,0.0017392999998264713,93.6669921875
ariad,1008,32,2,10,0.10753952711820602,0.12611607142857142,0.8603050595238095,32256,145152,177408,144.0,142442496,0.0029589999994641403,0.001730100000713719,93.6669921875
ariad,1008,32,2,11,0.10531871020793915,0.12357390873015874,0.8722098214285714,32256,145152,177408,144.0,142442496,0.003080400001636008,0.0018332999989070231,93.6669921875
ariad,1008,32,2,12,0.10330582410097122,0.1232328869047619,0.8796812996031746,32256,145152,177408,144.0,142442496,0.0034621000013430603,0.0019489999995130347,93.6669921875
ariad,1008,32,2,13,0.10128763318061829,0.12484499007936507,0.8861297123015873,32256,145152,177408,144.0,142442496,0.0033206999996764353,0.0019078000004810747,93.6669921875
ariad,1008,32,2,14,0.09923667460680008,0.12723214285714285,0.8889198908730159,32256,145152,177408,144.0,142442496,0.0029953000012028497,0.0017103999998653308,93.6669921875
ariad,1008,32,2,15,0.09723984450101852,0.1318514384920635,0.8920510912698413,32256,145152,177408,144.0,142442496,0.003175200001351186,0.0017912000002979767,93.6669921875
ariad,1008,32,2,16,0.09520556032657623,0.13699776785714285,0.8943762400793651,32256,145152,177408,144.0,142442496,0.003480600000330014,0.0020692999987659277,93.6669921875
ariad,1008,32,2,17,0.09307068586349487,0.14443824404761904,0.8966703869047619,32256,145152,177408,144.0,142442496,0.003173600000081933,0.0018261999994138023,93.6669921875
ariad,1008,32,2,18,0.09101960062980652,0.15290178571428573,0.8992125496031746,32256,145152,177408,144.0,142442496,0.003072299999985262,0.0017454999997426057,93.6669921875
ariad,1008,32,2,19,0.08893810957670212,0.1613033234126984,0.8987165178571429,32256,145152,177408,144.0,142442496,0.002982599999086233,0.0017310000002908055,93.6669921875
ariad,1008,32,2,20,0.08685436099767685,0.1716579861111111,0.8980654761904762,32256,145152,177408,144.0,142442496,0.003072599998631631,0.0017434999990655342,93.6669921875
ariad,1008,32,2,21,0.08478590846061707,0.18257068452380953,0.8976314484126984,32256,145152,177408,144.0,142442496,0.0029673000008187955,0.0016851000000315253,93.6669921875
ariad,1008,32,2,22,0.0826403945684433,0.1949404761904762,0.8996775793650794,32256,145152,177408,144.0,142442496,0.002868700001272373,0.0016756000004534144,93.6669921875
ariad,1008,32,2,23,0.08056632429361343,0.2083953373015873,0.8990885416666666,32256,145152,177408,144.0,142442496,0.0029059999997116392,0.0016584000004513655,93.6669921875
ariad,1008,32,2,24,0.07839648425579071,0.22293526785714285,0.9011036706349206,32256,145152,177408,144.0,142442496,0.002987399999256013,0.0016683000012562843,93.6669921875
ariad,1008,32,2,25,0.07637570798397064,0.2384362599206349,0.904234871031746,32256,145152,177408,144.0,142442496,0.00325660000089556,0.0017764000003808178,93.6669921875
ariad,1008,32,2,26,0.07426208257675171,0.25362723214285715,0.9072110615079365,32256,145152,177408,144.0,142442496,0.0033731999992596684,0.0019024000011995668,93.6669921875
ariad,1008,32,2,27,0.07227913290262222,0.26925223214285715,0.9102802579365079,32256,145152,177408,144.0,142442496,0.0031931999983498827,0.0017256000010092976,93.6669921875
ariad,1008,32,2,28,0.07023027539253235,0.28515625,0.9134114583333334,32256,145152,177408,144.0,142442496,0.005919900000662892,0.003627000000051339,93.6669921875
ariad,1008,32,2,29,0.06825485825538635,0.30062624007936506,0.9167286706349206,32256,145152,177408,144.0,142442496,0.004909600000246428,0.0034479000005376292,93.6669921875
ariad,1008,32,2,30,0.06622286140918732,0.31529017857142855,0.9204489087301587,32256,145152,177408,144.0,142442496,0.003080100001170649,0.0017948000004253117,93.6669921875
ariad,1008,32,2,31,0.06437734514474869,0.3293340773809524,0.9228050595238095,32256,145152,177408,144.0,142442496,0.003037899999981164,0.0017518000004201895,93.6669921875
ariad,1008,32,2,32,0.0625595897436142,0.3414868551587302,0.9239831349206349,32256,145152,177408,144.0,142442496,0.0031650000000809086,0.001788499999747728,93.6669921875
ariad,1008,32,2,33,0.06083644926548004,0.3546006944444444,0.9247271825396826,32256,145152,177408,144.0,142442496,0.0029642999998031883,0.0016451999999844702,93.6669921875
ariad,1008,32,2,34,0.059190984815359116,0.36681547619047616,0.925750248015873,32256,145152,177408,144.0,142442496,0.0029059000007691793,0.0015906999997241655,93.6669921875
ariad,1008,32,2,35,0.057529665529727936,0.38092137896825395,0.9282924107142857,32256,145152,177408,144.0,142442496,0.002986399998917477,0.0016427000009571202,93.6669921875
ariad,1008,32,2,36,0.05588988959789276,0.39369419642857145,0.9300905257936508,32256,145152,177408,144.0,142442496,0.003187899999829824,0.0017702999994071433,93.6669921875
ariad,1008,32,2,37,0.05428873747587204,0.4065600198412698,0.9330977182539683,32256,145152,177408,144.0,142442496,0.002983000000313041,0.0016806999992695637,93.6669921875
ariad,1008,32,2,38,0.052808862179517746,0.4176277281746032,0.9363529265873016,32256,145152,177408,144.0,142442496,0.0028460000012273667,0.0015847000013309298,93.6669921875
ariad,1008,32,2,39,0.05134502798318863,0.4293774801587302,0.9384300595238095,32256,145152,177408,144.0,142442496,0.0030584999985876493,0.0017554999994899845,93.6669921875
ariad,1008,32,2,40,0.04980980604887009,0.4406622023809524,0.9403831845238095,32256,145152,177408,144.0,142442496,0.002931400000306894,0.0017148000006272923,93.6669921875
ariad,1008,32,2,41,0.048363156616687775,0.45123387896825395,0.9399801587301587,32256,145152,177408,144.0,142442496,0.0030169000001478707,0.0017329000002064276,93.6669921875
ariad,1008,32,2,42,0.04696039482951164,0.46130952380952384,0.9391121031746031,32256,145152,177408,144.0,142442496,0.004794000000401866,0.0017906999983097194,93.6669921875
ariad,1008,32,2,43,0.04558897018432617,0.4722222222222222,0.9402901785714286,32256,145152,177408,144.0,142442496,0.003146299999571056,0.001773099998899852,93.6669921875
ariad,1008,32,2,44,0.04429415613412857,0.4834139384920635,0.94140625,32256,145152,177408,144.0,142442496,0.002992100000483333,0.0017268999999942025,93.6669921875
ariad,1008,32,2,45,0.04306614398956299,0.49386160714285715,0.9435453869047619,32256,145152,177408,144.0,142442496,0.0029838999998901272,0.0016732999993109843,93.6669921875
ariad,1008,32,2,46,0.04190034791827202,0.5036582341269841,0.945250496031746,32256,145152,177408,144.0,142442496,0.002981599998747697,0.0017041999999491964,93.6669921875
ariad,1008,32,2,47,0.04079904407262802,0.5123697916666666,0.9466455853174603,32256,145152,177408,144.0,142442496,0.002905299999838462,0.0016305999997712206,93.6669921875
ariad,1008,32,2,48,0.03972651809453964,0.5209263392857143,0.9481646825396826,32256,145152,177408,144.0,142442496,0.002863699999579694,0.0016491000005771639,93.6669921875
ariad,1008,32,2,49,0.038719113916158676,0.5289868551587301,0.9510788690476191,32256,145152,177408,144.0,142442496,0.00293729999975767,0.0017305999990639975,93.6669921875
ariad,1008,32,2,50,0.03774016350507736,0.5363033234126984,0.9528459821428571,32256,145152,177408,144.0,142442496,0.0030643000009149546,0.0017454999997426057,93.6669921875
ariad,1008,32,2,51,0.036851461976766586,0.5425347222222222,0.9540240575396826,32256,145152,177408,144.0,142442496,0.010532399999647168,0.007002199999988079,93.6669921875
ariad,1008,32,2,52,0.03599390387535095,0.5483630952380952,0.9545200892857143,32256,145152,177408,144.0,142442496,0.003325100000438397,0.0018451000014465535,93.6669921875
ariad,1008,32,2,53,0.035190075635910034,0.5539124503968254,0.9555121527777778,32256,145152,177408,144.0,142442496,0.002996399998664856,0.001657599999816739,93.6669921875
ariad,1008,32,2,54,0.034393105655908585,0.5594928075396826,0.9554811507936508,32256,145152,177408,144.0,142442496,0.003050400000574882,0.001762800000506104,93.6669921875
ariad,1008,32,2,55,0.033661916851997375,0.5648251488095238,0.9557601686507936,32256,145152,177408,144.0,142442496,0.0029751999991276534,0.0016752000010455959,93.6669921875
ariad,1008,32,2,56,0.03294045105576515,0.5692894345238095,0.9548301091269841,32256,145152,177408,144.0,142442496,0.0031764999985171016,0.0017299999999522697,93.6669921875
ariad,1008,32,2,57,0.03224869817495346,0.5735987103174603,0.9556361607142857,32256,145152,177408,144.0,142442496,0.003013799998370814,0.0016843999983393587,93.6669921875
ariad,1008,32,2,58,0.03159180283546448,0.5784350198412699,0.9571552579365079,32256,145152,177408,144.0,142442496,0.0029973999990033917,0.0017041000010067364,93.6669921875
ariad,1008,32,2,59,0.030947184190154076,0.5825582837301587,0.9572482638888888,32256,145152,177408,144.0,142442496,0.0029506999999284744,0.0017373000009683892,93.6669921875
ariad,1008,32,2,60,0.0303327739238739,0.5862475198412699,0.9581783234126984,32256,145152,177408,144.0,142442496,0.003009499998370302,0.0017179000005853595,93.6669921875
ariad,1008,32,2,61,0.029715245589613914,0.5899677579365079,0.9595114087301587,32256,145152,177408,144.0,142442496,0.004702000000179396,0.0016811000004963716,93.6669921875
ariad,1008,32,2,62,0.029105275869369507,0.5931299603174603,0.9598214285714286,32256,145152,177408,144.0,142442496,0.003095900001426344,0.001707699999315082,93.6669921875
ariad,1008,32,2,63,0.028485145419836044,0.5957961309523809,0.9598214285714286,32256,145152,177408,144.0,142442496,0.003034299999853829,0.0016887000001588603,93.6669921875
ariad,1008,32,2,64,0.027863793075084686,0.5988343253968254,0.9596974206349206,32256,145152,177408,144.0,142442496,0.0029501999997592065,0.0017937999982677866,93.6669921875
ariad,1008,32,2,65,0.027248134836554527,0.6019035218253969,0.9615575396825397,32256,145152,177408,144.0,142442496,0.0029264000004332047,0.001687399999354966,93.6669921875
ariad,1008,32,2,66,0.026616685092449188,0.6048797123015873,0.9616505456349206,32256,145152,177408,144.0,142442496,0.0030489999990095384,0.0017565999987709802,93.6669921875
ariad,1008,32,2,67,0.025982271879911423,0.6078869047619048,0.9612165178571429,32256,145152,177408,144.0,142442496,0.0029833000007783994,0.001753300000927993,93.6669921875
ariad,1008,32,2,68,0.02535143680870533,0.6106150793650794,0.9624255952380952,32256,145152,177408,144.0,142442496,0.002885799998693983,0.0015251999993779464,93.6669921875
ariad,1008,32,2,69,0.024714944884181023,0.6134672619047619,0.9626426091269841,32256,145152,177408,144.0,142442496,0.0029770000001008157,0.0017661000001680804,93.6669921875
ariad,1008,32,2,70,0.02405880205333233,0.6163504464285714,0.9634486607142857,32256,145152,177408,144.0,142442496,0.003142600000501261,0.0017280000010941876,93.6669921875
ariad,1008,32,2,71,0.02340831235051155,0.6193886408730159,0.9634486607142857,32256,145152,177408,144.0,142442496,0.00320570000076259,0.0018120999993698206,93.6669921875
ariad,1008,32,2,72,0.022751331329345703,0.6213417658730159,0.9636966765873016,32256,145152,177408,144.0,142442496,0.0029961000000184868,0.001732699998683529,93.6669921875
ariad,1008,32,2,73,0.022090885788202286,0.6248759920634921,0.9624565972222222,32256,145152,177408,144.0,142442496,0.002936099999715225,0.001692699999694014,93.6669921875
ariad,1008,32,2,74,0.02142450213432312,0.6272631448412699,0.9630456349206349,32256,145152,177408,144.0,142442496,0.003701999999975669,0.0022635000004811445,93.6669921875
ariad,1008,32,2,75,0.020751243457198143,0.6301463293650794,0.9630456349206349,32256,145152,177408,144.0,142442496,0.0072583999990456505,0.0018445000005158363,93.6669921875
ariad,1008,32,2,76,0.020071592181921005,0.6330295138888888,0.9635106646825397,32256,145152,177408,144.0,142442496,0.0032415999994555023,0.0017783999992389,93.6669921875
ariad,1008,32,2,77,0.019388047978281975,0.6355096726190477,0.9633246527777778,32256,145152,177408,144.0,142442496,0.003234300000258372,0.0017361999998684041,93.6669921875
ariad,1008,32,2,78,0.018699390813708305,0.6374317956349206,0.9643787202380952,32256,145152,177408,144.0,142442496,0.008846500000800006,0.0069500999998126645,93.6669921875
ariad,1008,32,2,79,0.018011275678873062,0.640625,0.9661768353174603,32256,145152,177408,144.0,142442496,0.0031372999983432237,0.0017222000005858717,93.6669921875
ariad,1008,32,2,80,0.017328958958387375,0.642578125,0.9651537698412699,32256,145152,177408,144.0,142442496,0.002920599999924889,0.0016505999992659781,93.6669921875
ariad,1008,32,2,81,0.01665104366838932,0.6449032738095238,0.9653397817460317,32256,145152,177408,144.0,142442496,0.002933699999630335,0.001674799999818788,93.6669921875
ariad,1008,32,2,82,0.015972360968589783,0.6468253968253969,0.9663008432539683,32256,145152,177408,144.0,142442496,0.0029990000002726447,0.001736799998980132,93.6669921875
ariad,1008,32,2,83,0.015301153995096684,0.6496155753968254,0.964905753968254,32256,145152,177408,144.0,142442496,0.002959499999633408,0.0016935000003286405,93.6669921875
ariad,1008,32,2,84,0.014638564549386501,0.6517547123015873,0.9656808035714286,32256,145152,177408,144.0,142442496,0.0030210000004444737,0.001680399998804205,93.6669921875
ariad,1008,32,2,85,0.013989453203976154,0.6535218253968254,0.9651537698412699,32256,145152,177408,144.0,142442496,0.002992100000483333,0.0016887000001588603,93.6669921875
ariad,1008,32,2,86,0.013359354808926582,0.6551339285714286,0.9651847718253969,32256,145152,177408,144.0,142442496,0.003144399999655434,0.0018363999988650903,93.6669921875
ariad,1008,32,2,87,0.012745693325996399,0.6571180555555556,0.9658358134920635,32256,145152,177408,144.0,142442496,0.0030181000001903158,0.0017043999996531056,93.6669921875
ariad,1008,32,2,88,0.01215327251702547,0.6593191964285714,0.9651537698412699,32256,145152,177408,144.0,142442496,0.0029794000001857057,0.0016698999988875585,93.6669921875
ariad,1008,32,2,89,0.011581739410758018,0.662109375,0.9660528273809523,32256,145152,177408,144.0,142442496,0.0032387999999627937,0.0017238000000361353,93.6669921875
ariad,1008,32,2,90,0.01102631539106369,0.6641865079365079,0.9674479166666666,32256,145152,177408,144.0,142442496,0.0031376999995700317,0.0017716000002110377,93.6669921875
ariad,1008,32,2,91,0.010494294576346874,0.6663256448412699,0.9676959325396826,32256,145152,177408,144.0,142442496,0.003027000000656699,0.0017112999994424172,93.6669921875
ariad,1008,32,2,92,0.009982247836887836,0.6681547619047619,0.9684709821428571,32256,145152,177408,144.0,142442496,0.0030767999996896833,0.001798699999199016,93.6669921875
ariad,1008,32,2,93,0.009485341608524323,0.6694878472222222,0.9682849702380952,32256,145152,177408,144.0,142442496,0.003045799998290022,0.0017634999985602917,93.6669921875
ariad,1008,32,2,94,0.009012495167553425,0.6712549603174603,0.9675719246031746,32256,145152,177408,144.0,142442496,0.002961999998660758,0.0016875000001164153,93.6669921875
ariad,1008,32,2,95,0.008560612797737122,0.6732080853174603,0.9679749503968254,32256,145152,177408,144.0,142442496,0.0030250999989220873,0.0017489000001660315,93.6669921875
ariad,1008,32,2,96,0.008133209310472012,0.6743551587301587,0.968781001984127,32256,145152,177408,144.0,142442496,0.0029637999996339204,0.0016659000011713943,93.6669921875
ariad,1008,32,2,97,0.007727107033133507,0.675750248015873,0.9682539682539683,32256,145152,177408,144.0,142442496,0.0044594000009965384,0.0019841999983327696,93.6669921875
ariad,1008,32,2,98,0.007344056852161884,0.6771143353174603,0.9693390376984127,32256,145152,177408,144.0,142442496,0.003486900001007598,0.0019477999994705897,93.6669921875
ariad,1008,32,2,99,0.006982904858887196,0.6788814484126984,0.9695250496031746,32256,145152,177408,144.0,142442496,0.00311879999935627,0.0016964999995252583,93.6669921875
ariad,1008,32,2,100,0.006644911598414183,0.6802455357142857,0.9695870535714286,32256,145152,177408,144.0,142442496,0.003174700001181918,0.001821100000597653,93.6669921875
ariad,1008,32,2,101,0.00633029080927372,0.6811445932539683,0.9703000992063492,32256,145152,177408,144.0,142442496,0.0030834000008326257,0.001766099998349091,93.6669921875
ariad,1008,32,2,102,0.006034913007169962,0.6822296626984127,0.9712301587301587,32256,145152,177408,144.0,142442496,0.004716200000984827,0.0033559999992576195,93.6669921875
ariad,1008,32,2,103,0.005758574232459068,0.6840277777777778,0.9722842261904762,32256,145152,177408,144.0,142442496,0.009057699999175384,0.006791699999666889,93.6669921875
ariad,1008,32,2,104,0.005498712416738272,0.6845548115079365,0.972687251984127,32256,145152,177408,144.0,142442496,0.00312839999969583,0.0017129000007116701,93.6669921875
ariad,1008,32,2,105,0.005257051903754473,0.685515873015873,0.9729972718253969,32256,145152,177408,144.0,142442496,0.0030791000008321134,0.0017009000002872199,93.6669921875
ariad,1008,32,2,106,0.005031385459005833,0.6868179563492064,0.9735243055555556,32256,145152,177408,144.0,142442496,0.002988300000652089,0.0017826000002969522,93.6669921875
ariad,1008,32,2,107,0.004820207133889198,0.6885540674603174,0.9736173115079365,32256,145152,177408,144.0,142442496,0.002956399999675341,0.0016978999992716126,93.6669921875
ariad,1008,32,2,108,0.004622297827154398,0.689515128968254,0.9747953869047619,32256,145152,177408,144.0,142442496,0.0028720999998768093,0.0016318999987561256,93.6669921875
ariad,1008,32,2,109,0.004436110146343708,0.6907862103174603,0.9742373511904762,32256,145152,177408,144.0,142442496,0.009276900000259047,0.007096500001352979,93.6669921875
ariad,1008,32,2,110,0.004261745139956474,0.6911582341269841,0.9747023809523809,32256,145152,177408,144.0,142442496,0.003055600000152481,0.0017239000007975847,93.6669921875
ariad,1008,32,2,111,0.004097066354006529,0.6922433035714286,0.9757564484126984,32256,145152,177408,144.0,142442496,0.002979500000947155,0.0017750999995769234,93.6669921875
ariad,1008,32,2,112,0.003943230956792831,0.6927083333333334,0.9762834821428571,32256,145152,177408,144.0,142442496,0.0029758000000583706,0.001754599999912898,93.6669921875
ariad,1008,32,2,113,0.003798561403527856,0.6942274305555556,0.9761594742063492,32256,145152,177408,144.0,142442496,0.0029015000000072177,0.001684499999100808,93.6669921875
ariad,1008,32,2,114,0.0036616867873817682,0.6958395337301587,0.9764384920634921,32256,145152,177408,144.0,142442496,0.002958799999760231,0.0017130000014731195,93.6669921875
ariad,1008,32,2,115,0.003533301642164588,0.6967695932539683,0.9770275297619048,32256,145152,177408,144.0,142442496,0.007678800000576302,0.003373999999894295,93.6669921875
ariad,1008,32,2,116,0.0034120746422559023,0.6976996527777778,0.9769345238095238,32256,145152,177408,144.0,142442496,0.0030696000012540026,0.0017804999988584314,93.6669921875
ariad,1008,32,2,117,0.0032970826141536236,0.6986297123015873,0.9763764880952381,32256,145152,177408,144.0,142442496,0.0029359000000113156,0.00167199999850709,93.6669921875
ariad,1008,32,2,118,0.0031885735224932432,0.6994977678571429,0.9769965277777778,32256,145152,177408,144.0,142442496,0.002989700000398443,0.001700400000117952,93.6669921875
ariad,1008,32,2,119,0.00308642303571105,0.7010168650793651,0.9775235615079365,32256,145152,177408,144.0,142442496,0.003031800000826479,0.0017556000002514338,93.6669921875
ariad,1008,32,2,120,0.002990113338455558,0.7022569444444444,0.9775855654761905,32256,145152,177408,144.0,142442496,0.0029639000003953697,0.0017010999999911292,93.6669921875
ariad,1008,32,2,121,0.00289950636215508,0.7030009920634921,0.9783606150793651,32256,145152,177408,144.0,142442496,0.0029887000000599073,0.0016618999998172512,93.6669921875
ariad,1008,32,2,122,0.0028131722938269377,0.7041480654761905,0.9787946428571429,32256,145152,177408,144.0,142442496,0.003066900000703754,0.0017508000000816537,93.6669921875
ariad,1008,32,2,123,0.00273166224360466,0.7052951388888888,0.9797867063492064,32256,145152,177408,144.0,142442496,0.0029818000002705958,0.0017246000006707618,93.6669921875
ariad,1008,32,2,124,0.0026547033339738846,0.7063802083333334,0.9799727182539683,32256,145152,177408,144.0,142442496,0.0030721000002813525,0.0017186999994009966,93.6669921875
ariad,1008,32,2,125,0.002580804517492652,0.7073102678571429,0.9806857638888888,32256,145152,177408,144.0,142442496,0.0032542000008106697,0.0018291999986104202,93.6669921875
ariad,1008,32,2,126,0.0025108931586146355,0.7082713293650794,0.9814608134920635,32256,145152,177408,144.0,142442496,0.0029704999997193227,0.0016806000003271038,93.6669921875
ariad,1008,32,2,127,0.0024445229209959507,0.7093563988095238,0.9815228174603174,32256,145152,177408,144.0,142442496,0.0036039000005985145,0.0020569000007526483,93.6669921875
ariad,1008,32,2,128,0.0023817443288862705,0.7104724702380952,0.9822978670634921,32256,145152,177408,144.0,142442496,0.0029630000008182833,0.0017232000009244075,93.6669921875
ariad,1008,32,2,129,0.0023212640080600977,0.7112475198412699,0.9808717757936508,32256,145152,177408,144.0,142442496,0.003058000000237371,0.0017437000005884329,93.6669921875
ariad,1008,32,2,130,0.002263812581077218,0.7119295634920635,0.9815538194444444,32256,145152,177408,144.0,142442496,0.0030440999998972984,0.0017502999999123858,93.6669921875
ariad,1008,32,2,131,0.0022093395236879587,0.7126426091269841,0.9814608134920635,32256,145152,177408,144.0,142442496,0.0029586999989987817,0.0017024999997374834,93.6669921875
ariad,1008,32,2,132,0.0021571351680904627,0.7132936507936508,0.9817708333333334,32256,145152,177408,144.0,142442496,0.0029364000001805834,0.0017131999993580393,93.6669921875
ariad,1008,32,2,133,0.002107213484123349,0.7139136904761905,0.9822358630952381,32256,145152,177408,144.0,142442496,0.003074899999774061,0.0017311999999947147,93.6669921875
ariad,1008,32,2,134,0.002060118829831481,0.7149677579365079,0.9819258432539683,32256,145152,177408,144.0,142442496,0.003033000000868924,0.00177580000126909,93.6669921875
ariad,1008,32,2,135,0.002014849567785859,0.7157428075396826,0.9819258432539683,32256,145152,177408,144.0,142442496,0.003026500000487431,0.0017702999994071433,93.6669921875
ariad,1008,32,2,136,0.0019716748502105474,0.7168898809523809,0.9818638392857143,32256,145152,177408,144.0,142442496,0.0031853999989834847,0.0018315000015718397,93.6669921875
ariad,1008,32,2,137,0.0019304935121908784,0.7177889384920635,0.9819258432539683,32256,145152,177408,144.0,142442496,0.003065799999603769,0.0017208999997819774,93.6669921875
ariad,1008,32,2,138,0.0018907644553110003,0.718781001984127,0.9821118551587301,32256,145152,177408,144.0,142442496,0.003165899999657995,0.0017588999999134103,93.6669921875
ariad,1008,32,2,139,0.0018534103874117136,0.7195250496031746,0.9831659226190477,32256,145152,177408,144.0,142442496,0.0030886000004102243,0.001797400000214111,93.6669921875
ariad,1008,32,2,140,0.0018172994023188949,0.7204861111111112,0.9835689484126984,32256,145152,177408,144.0,142442496,0.0030609999994339887,0.0017492000006313901,93.6669921875
ariad,1008,32,2,141,0.001782611827366054,0.7216021825396826,0.9846540178571429,32256,145152,177408,144.0,142442496,0.002957000000606058,0.0017193000003317138,93.6669921875
ariad,1008,32,2,142,0.0017496258951723576,0.7221602182539683,0.9846850198412699,32256,145152,177408,144.0,142442496,0.0029156000000511995,0.0016310999999404885,93.6669921875
ariad,1008,32,2,143,0.0017178901471197605,0.7230592757936508,0.9847470238095238,32256,145152,177408,144.0,142442496,0.0030067999996390427,0.0017492000006313901,93.6669921875
ariad,1008,32,2,144,0.001687316340394318,0.7238963293650794,0.9845920138888888,32256,145152,177408,144.0,142442496,0.003066499999476946,0.0017549000003782567,93.6669921875
ariad,1008,32,2,145,0.0016578893410041928,0.7247953869047619,0.9853050595238095,32256,145152,177408,144.0,142442496,0.0030434000000241213,0.001806899999792222,93.6669921875
ariad,1008,32,2,146,0.0016296784160658717,0.7251054067460317,0.9852120535714286,32256,145152,177408,144.0,142442496,0.0029768999993393663,0.0017487999994045822,93.6669921875
ariad,1008,32,2,147,0.0016026204684749246,0.7257254464285714,0.9860181051587301,32256,145152,177408,144.0,142442496,0.003037200000107987,0.0017310000002908055,93.6669921875
ariad,1008,32,2,148,0.0015766299329698086,0.7268105158730159,0.9862041170634921,32256,145152,177408,144.0,142442496,0.003113599999778671,0.0017886000005091773,93.6669921875
ariad,1008,32,2,149,0.0015515193808823824,0.7277095734126984,0.986297123015873,32256,145152,177408,144.0,142442496,0.003010500000527827,0.0017389000004186528,93.6669921875
ariad,1008,32,2,150,0.0015272155869752169,0.7281125992063492,0.9860181051587301,32256,145152,177408,144.0,142442496,0.003031999998711399,0.0017630000002100132,93.6669921875
ariad,1008,32,2,151,0.00150378979742527,0.7287636408730159,0.9869791666666666,32256,145152,177408,144.0,142442496,0.004042100001242943,0.0017453000000386965,93.6669921875
ariad,1008,32,2,152,0.0014813890447840095,0.7295076884920635,0.9864211309523809,32256,145152,177408,144.0,142442496,0.003122399999483605,0.001783600000635488,93.6669921875
ariad,1008,32,2,153,0.0014594788663089275,0.7298487103174603,0.9871961805555556,32256,145152,177408,144.0,142442496,0.0029174000010243617,0.0016844000001583481,93.6669921875
ariad,1008,32,2,154,0.0014384582173079252,0.7301587301587301,0.9869791666666666,32256,145152,177408,144.0,142442496,0.0029251000014482997,0.001698699999906239,93.6669921875
ariad,1008,32,2,155,0.0014181657461449504,0.7308097718253969,0.986359126984127,32256,145152,177408,144.0,142442496,0.00290580000000773,0.0017217000004166039,93.6669921875
ariad,1008,32,2,156,0.001398799940943718,0.7313368055555556,0.9870101686507936,32256,145152,177408,144.0,142442496,0.0028982000003452413,0.001649800000450341,93.6669921875
ariad,1008,32,2,157,0.001379809807986021,0.7320188492063492,0.9862351190476191,32256,145152,177408,144.0,142442496,0.002927300000010291,0.001683299999058363,93.6669921875
ariad,1008,32,2,158,0.0013615869684144855,0.732359871031746,0.9859871031746031,32256,145152,177408,144.0,142442496,0.002916600000389735,0.0016725000004953472,93.6669921875
ariad,1008,32,2,159,0.00134380126837641,0.7329799107142857,0.9868551587301587,32256,145152,177408,144.0,142442496,0.002902600001107203,0.0016608999994787155,93.6669921875
ariad,1008,32,2,160,0.001326516387052834,0.7334449404761905,0.9864211309523809,32256,145152,177408,144.0,142442496,0.0028875000007246854,0.0016764000010880409,93.6669921875
ariad,1008,32,2,161,0.0013096507173031569,0.7340029761904762,0.9871961805555556,32256,145152,177408,144.0,142442496,0.0030840999988868134,0.0017580999992787838,93.6669921875
ariad,1008,32,2,162,0.0012934310361742973,0.7348400297619048,0.9871341765873016,32256,145152,177408,144.0,142442496,0.002908899999965797,0.0017250000000785803,93.6669921875
ariad,1008,32,2,163,0.0012777355732396245,0.7349330357142857,0.9875992063492064,32256,145152,177408,144.0,142442496,0.008820000000923756,0.0042685000007622875,93.6669921875
ariad,1008,32,2,164,0.0012622950598597527,0.7353360615079365,0.9874131944444444,32256,145152,177408,144.0,142442496,0.006559700001162128,0.004758999999467051,93.6669921875
ariad,1008,32,2,165,0.001247808220796287,0.7360491071428571,0.9869791666666666,32256,145152,177408,144.0,142442496,0.0030750000005355105,0.0017526999999972759,93.6669921875
ariad,1008,32,2,166,0.0012334581697359681,0.7364521329365079,0.9874131944444444,32256,145152,177408,144.0,142442496,0.0031192000005830778,0.0017009000002872199,93.6669921875
ariad,1008,32,2,167,0.001219477504491806,0.7369791666666666,0.9875682043650794,32256,145152,177408,144.0,142442496,0.002887900000132504,0.0016695000012987293,93.6669921875
ariad,1008,32,2,168,0.001205888343974948,0.7374441964285714,0.9876612103174603,32256,145152,177408,144.0,142442496,0.0033276999984082067,0.0017189999998663552,93.6669921875
ariad,1008,32,2,169,0.0011928318999707699,0.7383742559523809,0.988312251984127,32256,145152,177408,144.0,142442496,0.00302430000010645,0.0017269999989366625,93.6669921875
ariad,1008,32,2,170,0.0011799260973930359,0.7387152777777778,0.988343253968254,32256,145152,177408,144.0,142442496,0.002931400000306894,0.0016891000013856683,93.6669921875
ariad,1008,32,2,171,0.0011672098189592361,0.7390562996031746,0.9885912698412699,32256,145152,177408,144.0,142442496,0.0029721000009885756,0.0017393999987689313,93.6669921875
ariad,1008,32,2,172,0.0011550086783245206,0.7392113095238095,0.9893973214285714,32256,145152,177408,144.0,142442496,0.0031144999993557576,0.0018311000003450317,93.6669921875
ariad,1008,32,2,173,0.0011431245366111398,0.7398313492063492,0.9884362599206349,32256,145152,177408,144.0,142442496,0.002964799999972456,0.0017251000008400297,93.6669921875
ariad,1008,32,2,174,0.0011314887087792158,0.7405133928571429,0.9890873015873016,32256,145152,177408,144.0,142442496,0.0029478999986167764,0.0016875000001164153,93.6669921875
ariad,1008,32,2,175,0.0011201532324776053,0.7412264384920635,0.9889322916666666,32256,145152,177408,144.0,142442496,0.002988300000652089,0.001682000000073458,93.6669921875
ariad,1008,32,2,176,0.0011092167114838958,0.7417224702380952,0.9890562996031746,32256,145152,177408,144.0,142442496,0.0029549999999289867,0.0017299000010098098,93.6669921875
ariad,1008,32,2,177,0.0010984636610373855,0.7419704861111112,0.9887462797619048,32256,145152,177408,144.0,142442496,0.004081099999893922,0.0027747999993152916,93.6669921875
ariad,1008,32,2,178,0.0010879132896661758,0.7422805059523809,0.9890562996031746,32256,145152,177408,144.0,142442496,0.0029687999995076098,0.0016520999997737817,93.6669921875
ariad,1008,32,2,179,0.001077640918083489,0.7426835317460317,0.9890873015873016,32256,145152,177408,144.0,142442496,0.0031577999998262385,0.0018194999993284,93.6669921875
ariad,1008,32,2,180,0.001067466102540493,0.7433035714285714,0.9893663194444444,32256,145152,177408,144.0,142442496,0.0029876999997213716,0.0016752999999880558,93.6669921875
ariad,1008,32,2,181,0.0010575662599876523,0.7434895833333334,0.9896453373015873,32256,145152,177408,144.0,142442496,0.003069800000957912,0.0017544999991514487,93.6669921875
ariad,1008,32,2,182,0.0010479544289410114,0.7437375992063492,0.9891803075396826,32256,145152,177408,144.0,142442496,0.0028986000015720492,0.0016594000007899012,93.6669921875
ariad,1008,32,2,183,0.0010385597124695778,0.7439546130952381,0.9898313492063492,32256,145152,177408,144.0,142442496,0.003028299999641604,0.0017399999996996485,93.6669921875
ariad,1008,32,2,184,0.0010295190149918199,0.744140625,0.9897693452380952,32256,145152,177408,144.0,142442496,0.003030199999557226,0.001764000000548549,93.6669921875
ariad,1008,32,2,185,0.0010207024170085788,0.7444816468253969,0.9900483630952381,32256,145152,177408,144.0,142442496,0.008638200000859797,0.007089599999744678,93.6669921875
ariad,1008,32,2,186,0.001012117718346417,0.7449466765873016,0.9899243551587301,32256,145152,177408,144.0,142442496,0.0030405999987124233,0.001695599999948172,93.6669921875
ariad,1008,32,2,187,0.0010035353479906917,0.7453187003968254,0.9897383432539683,32256,145152,177408,144.0,142442496,0.003006900000400492,0.001808000000892207,93.6669921875
ariad,1008,32,2,188,0.0009954243432730436,0.7453807043650794,0.9894283234126984,32256,145152,177408,144.0,142442496,0.0029286999997566454,0.0016864999997778796,93.6669921875
ariad,1008,32,2,189,0.000987413339316845,0.7455357142857143,0.9898933531746031,32256,145152,177408,144.0,142442496,0.002985499999340391,0.0017238999989785952,93.6669921875
ariad,1008,32,2,190,0.0009795365622267127,0.7456287202380952,0.9899243551587301,32256,145152,177408,144.0,142442496,0.0028770000008080387,0.0015839999996387633,93.6669921875
ariad,1008,32,2,191,0.0009718427900224924,0.7456907242063492,0.9901413690476191,32256,145152,177408,144.0,142442496,0.0029085000005579786,0.0016586000001552748,93.6669921875
ariad,1008,32,2,192,0.0009642067016102374,0.746031746031746,0.9907924107142857,32256,145152,177408,144.0,142442496,0.002959900000860216,0.0016814999999041902,93.6669921875
ariad,1008,32,2,193,0.000956858741119504,0.746124751984127,0.9908544146825397,32256,145152,177408,144.0,142442496,0.00312830000075337,0.0017767000008461764,93.6669921875
ariad,1008,32,2,194,0.0009495957056060433,0.7465897817460317,0.9907924107142857,32256,145152,177408,144.0,142442496,0.0030518000003212364,0.0017715999983920483,93.6669921875
ariad,1008,32,2,195,0.0009424339514225721,0.7470548115079365,0.9905443948412699,32256,145152,177408,144.0,142442496,0.00294690000009723,0.0016966000002867077,93.6669921875
ariad,1008,32,2,196,0.0009354401845484972,0.7473648313492064,0.9906684027777778,32256,145152,177408,144.0,142442496,0.0028744999999616994,0.0016559000014240155,93.6669921875
ariad,1008,32,2,197,0.0009286887943744659,0.7476128472222222,0.9906374007936508,32256,145152,177408,144.0,142442496,0.0029663999994227197,0.0017368999997415813,93.6669921875
ariad,1008,32,2,198,0.0009220765787176788,0.7476128472222222,0.9904203869047619,32256,145152,177408,144.0,142442496,0.002933199999461067,0.0016477999997732695,93.6669921875
ariad,1008,32,2,199,0.0009156517335213721,0.7482018849206349,0.9906374007936508,32256,145152,177408,144.0,142442496,0.0029281000006449176,0.0016509000015503261,93.6669921875
ariad,1008,32,2,200,0.0009092385298572481,0.7486979166666666,0.9905443948412699,32256,145152,177408,144.0,142442496,0.002973099999508122,0.0016944999988481868,93.6669921875
ariad,1008,32,2,201,0.0009030249784700572,0.7487599206349206,0.9907304067460317,32256,145152,177408,144.0,142442496,0.0031340999994426966,0.0018113999994966434,93.6669921875
ariad,1008,32,2,202,0.0008968977490440011,0.7491009424603174,0.9906374007936508,32256,145152,177408,144.0,142442496,0.0029448999994201586,0.0017259999985981267,93.6669921875
ariad,1008,32,2,203,0.0008908651652745903,0.7494729662698413,0.9908234126984127,32256,145152,177408,144.0,142442496,0.003006499999173684,0.0017609000005904818,93.6669921875
ariad,1008,32,2,204,0.0008848953293636441,0.749968998015873,0.9915054563492064,32256,145152,177408,144.0,142442496,0.003012799999851268,0.0017287999999098247,93.6669921875
ariad,1008,32,2,205,0.0008792372536845505,0.750031001984127,0.9910714285714286,32256,145152,177408,144.0,142442496,0.0029661999997188104,0.0017111000015574973,93.6669921875
ariad,1008,32,2,206,0.0008735654992051423,0.7502480158730159,0.9914744543650794,32256,145152,177408,144.0,142442496,0.004358199999842327,0.0016554000012547476,93.6669921875
ariad,1008,32,2,207,0.0008679963066242635,0.7503410218253969,0.9909784226190477,32256,145152,177408,144.0,142442496,0.0035339999994903337,0.0017494999992777593,93.6669921875
ariad,1008,32,2,208,0.0008625269401818514,0.7507130456349206,0.9915674603174603,32256,145152,177408,144.0,142442496,0.009429899999304325,0.007652599999346421,93.6669921875
ariad,1008,32,2,209,0.000857302569784224,0.7509300595238095,0.9915364583333334,32256,145152,177408,144.0,142442496,0.002992699999595061,0.001728900000671274,93.6669921875
ariad,1008,32,2,210,0.0008520176634192467,0.7511470734126984,0.9912884424603174,32256,145152,177408,144.0,142442496,0.00305090000074415,0.0017364999985147733,93.6669921875
ariad,1008,32,2,211,0.00084693543612957,0.7513330853174603,0.9917844742063492,32256,145152,177408,144.0,142442496,0.005264999999781139,0.002007999999477761,93.6669921875
ariad,1008,32,2,212,0.0008420086815021932,0.7517051091269841,0.9915054563492064,32256,145152,177408,144.0,142442496,0.0029535000012401724,0.0016780999994807644,93.6669921875
ariad,1008,32,2,213,0.0008370651630684733,0.7522321428571429,0.9916914682539683,32256,145152,177408,144.0,142442496,0.0030434000000241213,0.0017489000001660315,93.6669921875
ariad,1008,32,2,214,0.0008322055218741298,0.7523251488095238,0.9917844742063492,32256,145152,177408,144.0,142442496,0.0028574000007211,0.0015819000000192318,93.6669921875
ariad,1008,32,2,215,0.000827403855510056,0.7525421626984127,0.9914434523809523,32256,145152,177408,144.0,142442496,0.003058700000110548,0.0016971000004559755,93.6669921875
ariad,1008,32,2,216,0.00082263199146837,0.7528831845238095,0.9912884424603174,32256,145152,177408,144.0,142442496,0.0031053000002430053,0.0016221999994741054,93.6669921875
ariad,1008,32,2,217,0.0008178740972653031,0.7531622023809523,0.9914744543650794,32256,145152,177408,144.0,142442496,0.003178999999363441,0.0017867000005935552,93.6669921875
ariad,1008,32,2,218,0.0008133348892442882,0.7535962301587301,0.9913194444444444,32256,145152,177408,144.0,142442496,0.0029809000006935094,0.0016952000005403534,93.6669921875
ariad,1008,32,2,219,0.000808900804258883,0.7537512400793651,0.9915674603174603,32256,145152,177408,144.0,142442496,0.0030548000013368437,0.0017910000005940674,93.6669921875
ariad,1008,32,2,220,0.0008045411668717861,0.75390625,0.9918464781746031,32256,145152,177408,144.0,142442496,0.003046600000743638,0.0017680000000837026,93.6669921875
ariad,1008,32,2,221,0.0008002496906556189,0.7541852678571429,0.9915674603174603,32256,145152,177408,144.0,142442496,0.003121700001429417,0.0017270999996981118,93.6669921875
ariad,1008,32,2,222,0.0007959944778122008,0.7545262896825397,0.9917844742063492,32256,145152,177408,144.0,142442496,0.0036685999984911177,0.001701500001217937,93.6669921875
ariad,1008,32,2,223,0.0007918315823189914,0.7548053075396826,0.9923735119047619,32256,145152,177408,144.0,142442496,0.003130000000965083,0.0018082000005961163,93.6669921875
ariad,1008,32,2,224,0.0007877033203840256,0.7551153273809523,0.992125496031746,32256,145152,177408,144.0,142442496,0.0029488000000128523,0.0017059000001609093,93.6669921875
ariad,1008,32,2,225,0.0007836529402993619,0.7553323412698413,0.9923735119047619,32256,145152,177408,144.0,142442496,0.002981900001032045,0.0016949000000749948,93.6669921875
ariad,1008,32,2,226,0.0007796947029419243,0.7551773313492064,0.992249503968254,32256,145152,177408,144.0,142442496,0.0030726000004506204,0.0017760000009729993,93.6669921875
ariad,1008,32,2,227,0.0007757123676128685,0.7557353670634921,0.9924045138888888,32256,145152,177408,144.0,142442496,0.0030429999987973133,0.0015978000010363758,93.6669921875
ariad,1008,32,2,228,0.0007718392880633473,0.7559833829365079,0.992156498015873,32256,145152,177408,144.0,142442496,0.003002199999173172,0.0016722000000299886,93.6669921875
ariad,1008,32,2,229,0.0007680993876419961,0.7565104166666666,0.9928695436507936,32256,145152,177408,144.0,142442496,0.0032245999991573626,0.001891200001409743,93.6669921875
ariad,1008,32,2,230,0.0007643120479770005,0.7566964285714286,0.992218501984127,32256,145152,177408,144.0,142442496,0.0031667000002926216,0.0015661999987059971,93.6669921875
ariad,1008,32,2,231,0.0007605903083458543,0.7566654265873016,0.992125496031746,32256,145152,177408,144.0,142442496,0.002998500000103377,0.001715899999908288,93.6669921875
ariad,1008,32,2,232,0.0007570198504254222,0.7568824404761905,0.9926215277777778,32256,145152,177408,144.0,142442496,0.002965399999084184,0.0016725999994378071,93.6669921875
ariad,1008,32,2,233,0.0007535372860729694,0.7572234623015873,0.9928075396825397,32256,145152,177408,144.0,142442496,0.002940200000011828,0.0016766000007919502,93.6669921875
ariad,1008,32,2,234,0.000749975792132318,0.7573164682539683,0.9926835317460317,32256,145152,177408,144.0,142442496,0.003027200000360608,0.0016868000002432382,93.6669921875
ariad,1008,32,2,235,0.000746654870454222,0.7575954861111112,0.9924665178571429,32256,145152,177408,144.0,142442496,0.004767899999933434,0.001683799999227631,93.6669921875
ariad,1008,32,2,236,0.0007433577557094395,0.7579055059523809,0.9928385416666666,32256,145152,177408,144.0,142442496,0.0029613999995490303,0.001750499999616295,93.6669921875
ariad,1008,32,2,237,0.0007399547612294555,0.7579675099206349,0.9928695436507936,32256,145152,177408,144.0,142442496,0.002994500000568223,0.0016815999988466501,93.6669921875
ariad,1008,32,2,238,0.0007367379148490727,0.7580605158730159,0.9926525297619048,32256,145152,177408,144.0,142442496,0.002964600000268547,0.0016997000002447749,93.6669921875
ariad,1008,32,2,239,0.0007336040725931525,0.7582775297619048,0.9927455357142857,32256,145152,177408,144.0,142442496,0.002993999998579966,0.0017552000008436153,93.6669921875
ariad,1008,32,2,240,0.0007304145256057382,0.7584945436507936,0.9927455357142857,32256,145152,177408,144.0,142442496,0.004297399998904439,0.002727700000832556,93.6669921875
ariad,1008,32,2,241,0.0007272926159203053,0.7590215773809523,0.9929625496031746,32256,145152,177408,144.0,142442496,0.004924099999698228,0.001718700001219986,93.6669921875
ariad,1008,32,2,242,0.0007241611019708216,0.7593005952380952,0.9932105654761905,32256,145152,177408,144.0,142442496,0.0053442000007635215,0.003850500001135515,93.6669921875
ariad,1008,32,2,243,0.0007210547337308526,0.759703621031746,0.9931485615079365,32256,145152,177408,144.0,142442496,0.004889900001217029,0.0035082999984297203,93.6669921875
ariad,1008,32,2,244,0.0007180810789577663,0.7600136408730159,0.9931795634920635,32256,145152,177408,144.0,142442496,0.0042383999989397125,0.0017332999996142462,93.6669921875
ariad,1008,32,2,245,0.0007150850142352283,0.7600446428571429,0.9929315476190477,32256,145152,177408,144.0,142442496,0.0030388999985007104,0.0017678999993222533,93.6669921875
ariad,1008,32,2,246,0.0007121787057258189,0.7601996527777778,0.9928075396825397,32256,145152,177408,144.0,142442496,0.0029395999990811106,0.001671100000748993,93.6669921875
ariad,1008,32,2,247,0.0007093609310686588,0.7601996527777778,0.9933035714285714,32256,145152,177408,144.0,142442496,0.005410699999629287,0.0017220000008819625,93.6669921875
ariad,1008,32,2,248,0.0007064657402224839,0.7602926587301587,0.9933655753968254,32256,145152,177408,144.0,142442496,0.003304300000309013,0.0019197999990865355,93.6669921875
ariad,1008,32,2,249,0.0007036693277768791,0.7606646825396826,0.9932415674603174,32256,145152,177408,144.0,142442496,0.0031017000001156703,0.0017658999986451818,93.6669921875
ariad,1008,32,2,250,0.000700978678651154,0.7610987103174603,0.9937375992063492,32256,145152,177408,144.0,142442496,0.010644699999829754,0.00709620000088762,93.6669921875
ariad,1008,32,2,251,0.0006982724298723042,0.7611917162698413,0.9933035714285714,32256,145152,177408,144.0,142442496,0.006236600000192993,0.004013499999928172,93.6669921875
ariad,1008,32,2,252,0.0006955156568437815,0.7614397321428571,0.9933345734126984,32256,145152,177408,144.0,142442496,0.0030805999995209277,0.0017602999996597646,93.6669921875
ariad,1008,32,2,253,0.000692928209900856,0.7614397321428571,0.9929625496031746,32256,145152,177408,144.0,142442496,0.0030447999997704756,0.0017512999984319322,93.6669921875
ariad,1008,32,2,254,0.0006904875626787543,0.76171875,0.9930555555555556,32256,145152,177408,144.0,142442496,0.0031309999994846294,0.0017851000011432916,93.6669921875
ariad,1008,32,2,255,0.0006879216525703669,0.7620287698412699,0.9932415674603174,32256,145152,177408,144.0,142442496,0.0034832000001188135,0.001714699999865843,93.6669921875
ariad,1008,32,2,256,0.0006853705272078514,0.7623697916666666,0.9933035714285714,32256,145152,177408,144.0,142442496,0.00301469999976689,0.001753300000927993,93.6669921875
ariad,1008,32,2,257,0.0006828348850831389,0.7625558035714286,0.9937996031746031,32256,145152,177408,144.0,142442496,0.0030353000001923647,0.0017525000002933666,93.6669921875
ariad,1008,32,2,258,0.0006803654250688851,0.7627108134920635,0.9934585813492064,32256,145152,177408,144.0,142442496,0.003893900000548456,0.002592999999251333,93.6669921875
ariad,1008,32,2,259,0.0006779375253245234,0.7630208333333334,0.9932725694444444,32256,145152,177408,144.0,142442496,0.002952799999548006,0.0016766000007919502,93.6669921875
ariad,1008,32,2,260,0.0006754955975338817,0.7635478670634921,0.9934895833333334,32256,145152,177408,144.0,142442496,0.0029109000006428687,0.0016663000005792128,93.6669921875
ariad,1008,32,2,261,0.0006731384200975299,0.7638268849206349,0.9934585813492064,32256,145152,177408,144.0,142442496,0.0029695000011997763,0.0016936000010900898,93.6669921875
ariad,1008,32,2,262,0.0006708618020638824,0.7641679067460317,0.9934585813492064,32256,145152,177408,144.0,142442496,0.002943999999843072,0.0016634999992675148,93.6669921875
ariad,1008,32,2,263,0.0006685325060971081,0.7644469246031746,0.9936755952380952,32256,145152,177408,144.0,142442496,0.0028912999987369403,0.001702800000202842,93.6669921875
ariad,1008,32,2,264,0.0006662078085355461,0.7648809523809523,0.9938926091269841,32256,145152,177408,144.0,142442496,0.0030298000001494074,0.0017482999992353143,93.6669921875
ariad,1008,32,2,265,0.0006640151841565967,0.7653459821428571,0.994109623015873,32256,145152,177408,144.0,142442496,0.0029806000002281507,0.0017201000009663403,93.6669921875
ariad,1008,32,2,266,0.0006617715116590261,0.7653459821428571,0.9940166170634921,32256,145152,177408,144.0,142442496,0.002918300000601448,0.0016907999997783918,93.6669921875
ariad,1008,32,2,267,0.0006595542654395103,0.765562996031746,0.9937375992063492,32256,145152,177408,144.0,142442496,0.002993100000821869,0.0017315000004600734,93.6669921875
ariad,1008,32,2,268,0.0006573733990080655,0.7659040178571429,0.9939546130952381,32256,145152,177408,144.0,142442496,0.0029739000001427485,0.0016942000002018176,93.6669921875
ariad,1008,32,2,269,0.0006552324048243463,0.7661520337301587,0.9937375992063492,32256,145152,177408,144.0,142442496,0.00315989999944577,0.0018072000002575805,93.6669921875
ariad,1008,32,2,270,0.000653168885037303,0.7660590277777778,0.9938616071428571,32256,145152,177408,144.0,142442496,0.0029746000000159256,0.0016330000016751,93.6669921875
ariad,1008,32,2,271,0.0006510194507427514,0.7664000496031746,0.9934275793650794,32256,145152,177408,144.0,142442496,0.0029807000009896,0.0017035000000760192,93.6669921875
ariad,1008,32,2,272,0.0006489282823167741,0.7665240575396826,0.9936135912698413,32256,145152,177408,144.0,142442496,0.003047800000786083,0.0017638000008446397,93.6669921875
ariad,1008,32,2,273,0.0006469431100413203,0.7666480654761905,0.9937065972222222,32256,145152,177408,144.0,142442496,0.0052312999996502185,0.0019940000001952285,93.6669921875
ariad,1008,32,2,274,0.0006449064239859581,0.7668960813492064,0.9938926091269841,32256,145152,177408,144.0,142442496,0.005792500000097789,0.0019661999995150836,93.6669921875
ariad,1008,32,2,275,0.0006428459309972823,0.7670200892857143,0.9942646329365079,32256,145152,177408,144.0,142442496,0.0031897000008029863,0.0017630999991524732,93.6669921875
ariad,1008,32,2,276,0.0006408769986592233,0.7671750992063492,0.9939236111111112,32256,145152,177408,144.0,142442496,0.003182399999786867,0.0017556000002514338,93.6669921875
ariad,1008,32,2,277,0.0006389777990989387,0.7672061011904762,0.9936135912698413,32256,145152,177408,144.0,142442496,0.002994399999806774,0.0016508000007888768,93.6669921875
ariad,1008,32,2,278,0.0006370948976837099,0.7677331349206349,0.9937686011904762,32256,145152,177408,144.0,142442496,0.003036699999938719,0.0017311999999947147,93.6669921875
ariad,1008,32,2,279,0.000635115837212652,0.7681361607142857,0.9937686011904762,32256,145152,177408,144.0,142442496,0.0029644999995070975,0.001693999998678919,93.6669921875
ariad,1008,32,2,280,0.0006332623888738453,0.7684461805555556,0.9936755952380952,32256,145152,177408,144.0,142442496,0.0030322000002342975,0.0017655000010563526,93.6669921875
ariad,1008,32,2,281,0.0006312640616670251,0.7686941964285714,0.9939236111111112,32256,145152,177408,144.0,142442496,0.0030399999996006954,0.0017727999984344933,93.6669921875
ariad,1008,32,2,282,0.0006294348277151585,0.7687872023809523,0.9939236111111112,32256,145152,177408,144.0,142442496,0.0029235999991215067,0.001727799999571289,93.6669921875
ariad,1008,32,2,283,0.0006276907515712082,0.7690972222222222,0.9937996031746031,32256,145152,177408,144.0,142442496,0.002933100000518607,0.0016959000004135305,93.6669921875
ariad,1008,32,2,284,0.0006258214707486331,0.7692832341269841,0.994078621031746,32256,145152,177408,144.0,142442496,0.0029488000000128523,0.0017399000007571885,93.6669921875
ariad,1008,32,2,285,0.0006240525399334729,0.7690972222222222,0.994171626984127,32256,145152,177408,144.0,142442496,0.003050400000574882,0.0017419999985577306,93.6669921875
ariad,1008,32,2,286,0.000622265855781734,0.7692212301587301,0.9942336309523809,32256,145152,177408,144.0,142442496,0.0030423000007431256,0.0017184999996970873,93.6669921875
ariad,1008,32,2,287,0.0006205406971275806,0.7694072420634921,0.9938926091269841,32256,145152,177408,144.0,142442496,0.003027000000656699,0.0017478999998274958,93.6669921875
ariad,1008,32,2,288,0.0006188084953464568,0.769500248015873,0.9936755952380952,32256,145152,177408,144.0,142442496,0.002999199999976554,0.0017091999998228857,93.6669921875
ariad,1008,32,2,289,0.0006170873530209064,0.7696552579365079,0.9936135912698413,32256,145152,177408,144.0,142442496,0.002989200000229175,0.0017305000001215376,93.6669921875
ariad,1008,32,2,290,0.0006154151051305234,0.7699962797619048,0.9933345734126984,32256,145152,177408,144.0,142442496,0.0040092999988701195,0.002274099999340251,93.6669921875
ariad,1008,32,2,291,0.0006138071184977889,0.7702132936507936,0.9937996031746031,32256,145152,177408,144.0,142442496,0.0029565000004367903,0.0017084999999497086,93.6669921875
ariad,1008,32,2,292,0.0006121695623733103,0.7704613095238095,0.9940166170634921,32256,145152,177408,144.0,142442496,0.002886700000090059,0.001653499999520136,93.6669921875
ariad,1008,32,2,293,0.000610609888099134,0.7707403273809523,0.9939236111111112,32256,145152,177408,144.0,142442496,0.0029138999998394866,0.0016787999993539415,93.6669921875
ariad,1008,32,2,294,0.0006089450907893479,0.7707403273809523,0.9938306051587301,32256,145152,177408,144.0,142442496,0.0030002000003150897,0.001755100000082166,93.6669921875
ariad,1008,32,2,295,0.0006073695840314031,0.7707403273809523,0.9935205853174603,32256,145152,177408,144.0,142442496,0.0029032000002189307,0.0016671000012138393,93.6669921875
ariad,1008,32,2,296,0.0006058935541659594,0.7706473214285714,0.9938926091269841,32256,145152,177408,144.0,142442496,0.0029162999999243766,0.0016684000001987442,93.6669921875
ariad,1008,32,2,297,0.0006043098983354867,0.7708023313492064,0.9935515873015873,32256,145152,177408,144.0,142442496,0.0029726000011578435,0.001715800000965828,93.6669921875
ariad,1008,32,2,298,0.0006027391063980758,0.7710503472222222,0.9934895833333334,32256,145152,177408,144.0,142442496,0.009602500000255532,0.007619300000442308,93.6669921875
ariad,1008,32,2,299,0.0006013195961713791,0.7711123511904762,0.9936755952380952,32256,145152,177408,144.0,142442496,0.0032071000005089445,0.0017286000002059154,93.6669921875
ariad,1008,32,2,300,0.0005998144624754786,0.771422371031746,0.9943886408730159,32256,145152,177408,144.0,142442496,0.0031505000006291084,0.0017578999995748745,93.6669921875
ariad,1008,32,2,301,0.0005983393639326096,0.771484375,0.994202628968254,32256,145152,177408,144.0,142442496,0.002976199999466189,0.0017685000002529705,93.6669921875
ariad,1008,32,2,302,0.0005968824843876064,0.7717323908730159,0.994171626984127,32256,145152,177408,144.0,142442496,0.0030368999996426282,0.0018155000016122358,93.6669921875
ariad,1008,32,2,303,0.0005953696090728045,0.7718874007936508,0.9937375992063492,32256,145152,177408,144.0,142442496,0.003028999999514781,0.0016883000007510418,93.6669921875
ariad,1008,32,2,304,0.0005939094116911292,0.7722904265873016,0.994140625,32256,145152,177408,144.0,142442496,0.002948899998955312,0.001668200000494835,93.6669921875
ariad,1008,32,2,305,0.0005925190052948892,0.7725694444444444,0.994078621031746,32256,145152,177408,144.0,142442496,0.003109799999947427,0.001765999999406631,93.6669921875
ariad,1008,32,2,306,0.000591057410929352,0.7726624503968254,0.9943886408730159,32256,145152,177408,144.0,142442496,0.0030135000015434343,0.0018202999999630265,93.6669921875
ariad,1008,32,2,307,0.0005896587390452623,0.7727244543650794,0.9940166170634921,32256,145152,177408,144.0,142442496,0.0029572000003099674,0.0017009999992296798,93.6669921875
ariad,1008,32,2,308,0.0005882419645786285,0.7730034722222222,0.994109623015873,32256,145152,177408,144.0,142442496,0.0029936999999335967,0.001712200000838493,93.6669921875
ariad,1008,32,2,309,0.0005868349689990282,0.7731584821428571,0.994109623015873,32256,145152,177408,144.0,142442496,0.0029904000002716202,0.0017329000002064276,93.6669921875
ariad,1008,32,2,310,0.0005854193004779518,0.7734375,0.9943576388888888,32256,145152,177408,144.0,142442496,0.003228399998988607,0.001765700000760262,93.6669921875
ariad,1008,32,2,311,0.0005840323283337057,0.7735925099206349,0.9945126488095238,32256,145152,177408,144.0,142442496,0.003020199999809847,0.001776600000084727,93.6669921875
ariad,1008,32,2,312,0.0005827296990901232,0.7737475198412699,0.9944196428571429,32256,145152,177408,144.0,142442496,0.003090300000621937,0.0017981000000872882,93.6669921875
ariad,1008,32,2,313,0.0005813544266857207,0.7741505456349206,0.9942956349206349,32256,145152,177408,144.0,142442496,0.0030363999994733604,0.0017363000006298535,93.6669921875
ariad,1008,32,2,314,0.0005800381768494844,0.7742745535714286,0.994171626984127,32256,145152,177408,144.0,142442496,0.0030280999999376945,0.001790899999832618,93.6669921875
ariad,1008,32,2,315,0.0005787285044789314,0.7744295634920635,0.994140625,32256,145152,177408,144.0,142442496,0.0030411999996431405,0.0017866999987745658,93.6669921875
ariad,1008,32,2,316,0.0005774550372734666,0.7744605654761905,0.9939236111111112,32256,145152,177408,144.0,142442496,0.0030380000007426133,0.0018190999999205815,93.6669921875
ariad,1008,32,2,317,0.0005762063665315509,0.7748015873015873,0.9939236111111112,32256,145152,177408,144.0,142442496,0.0029846999987057643,0.0017090999990614364,93.6669921875
ariad,1008,32,2,318,0.0005749499541707337,0.7750186011904762,0.994171626984127,32256,145152,177408,144.0,142442496,0.004943999998431536,0.0018364999996265396,93.6669921875
ariad,1008,32,2,319,0.0005736738676205277,0.7751426091269841,0.994202628968254,32256,145152,177408,144.0,142442496,0.002955199999632896,0.0016707999984646449,93.6669921875
ariad,1008,32,2,320,0.0005724385846406221,0.775390625,0.994140625,32256,145152,177408,144.0,142442496,0.0029763999991700985,0.0017680000000837026,93.6669921875
ariad,1008,32,2,321,0.0005712067941203713,0.7756076388888888,0.9943886408730159,32256,145152,177408,144.0,142442496,0.002939299998615752,0.0016572999993513804,93.6669921875
ariad,1008,32,2,322,0.0005700005567632616,0.7757316468253969,0.9945126488095238,32256,145152,177408,144.0,142442496,0.002967799999169074,0.0017276999988098396,93.6669921875
ariad,1008,32,2,323,0.0005687990924343467,0.7759176587301587,0.9945436507936508,32256,145152,177408,144.0,142442496,0.0030298000001494074,0.0016883999996935017,93.6669921875
ariad,1008,32,2,324,0.0005675458814948797,0.7759176587301587,0.9945126488095238,32256,145152,177408,144.0,142442496,0.002969300001495867,0.0017317000001639826,93.6669921875
ariad,1008,32,2,325,0.0005663324263878167,0.7760726686507936,0.9951016865079365,32256,145152,177408,144.0,142442496,0.00294219999886991,0.0017139999999926658,93.6669921875
ariad,1008,32,2,326,0.000565157737582922,0.7763206845238095,0.9949156746031746,32256,145152,177408,144.0,142442496,0.002899799999795505,0.0017078000000765314,93.6669921875
ariad,1008,32,2,327,0.0005640292074531317,0.7765687003968254,0.9946676587301587,32256,145152,177408,144.0,142442496,0.0029613999995490303,0.0017645999996602768,93.6669921875
ariad,1008,32,2,328,0.0005627816426567733,0.7766927083333334,0.9943576388888888,32256,145152,177408,144.0,142442496,0.009221199999956298,0.0016859999996086117,93.6669921875
ariad,1008,32,2,329,0.0005616560811176896,0.7768477182539683,0.9943576388888888,32256,145152,177408,144.0,142442496,0.0033429999984946335,0.0018295000008947682,93.6669921875
ariad,1008,32,2,330,0.0005605477490462363,0.7770027281746031,0.994171626984127,32256,145152,177408,144.0,142442496,0.0030215000006137416,0.001685699999143253,93.6669921875
ariad,1008,32,2,331,0.0005593487294390798,0.7770957341269841,0.994078621031746,32256,145152,177408,144.0,142442496,0.003061500001422246,0.0016936000010900898,93.6669921875
ariad,1008,32,2,332,0.0005582706071436405,0.777281746031746,0.9942336309523809,32256,145152,177408,144.0,142442496,0.002994699998453143,0.001689700000497396,93.6669921875
ariad,1008,32,2,333,0.0005571609362959862,0.7775917658730159,0.9943576388888888,32256,145152,177408,144.0,142442496,0.0029371999989962205,0.0016844000001583481,93.6669921875
ariad,1008,32,2,334,0.0005560675053857267,0.7776227678571429,0.9946366567460317,32256,145152,177408,144.0,142442496,0.002946299999166513,0.0016773000006651273,93.6669921875
ariad,1008,32,2,335,0.0005549985216930509,0.7776227678571429,0.9945436507936508,32256,145152,177408,144.0,142442496,0.0030554999993910315,0.0017121000000770437,93.6669921875
ariad,1008,32,2,336,0.0005538884433917701,0.7777467757936508,0.9946676587301587,32256,145152,177408,144.0,142442496,0.0029455000003508758,0.0016644000006635906,93.6669921875
ariad,1008,32,2,337,0.0005528081674128771,0.7777777777777778,0.9947916666666666,32256,145152,177408,144.0,142442496,0.0028871999984403374,0.0016424000004917616,93.6669921875
ariad,1008,32,2,338,0.000551697623450309,0.7778397817460317,0.9948846726190477,32256,145152,177408,144.0,142442496,0.002945000000181608,0.0016838000010466203,93.6669921875
ariad,1008,32,2,339,0.0005506225279532373,0.7780257936507936,0.9946366567460317,32256,145152,177408,144.0,142442496,0.006616099999519065,0.0023908999992272584,93.6669921875
ariad,1008,32,2,340,0.0005496538942679763,0.7781187996031746,0.9951326884920635,32256,145152,177408,144.0,142442496,0.002933800000391784,0.001702899999145302,93.6669921875
ariad,1008,32,2,341,0.0005485700094141066,0.7783978174603174,0.9949156746031746,32256,145152,177408,144.0,142442496,0.0029966000001877546,0.0017112999994424172,93.6669921875
ariad,1008,32,2,342,0.0005476358928717673,0.7786148313492064,0.9947606646825397,32256,145152,177408,144.0,142442496,0.003023000001121545,0.0017815999999584164,93.6669921875
ariad,1008,32,2,343,0.0005466346046887338,0.7787388392857143,0.9944196428571429,32256,145152,177408,144.0,142442496,0.0029446999997162493,0.001701199998933589,93.6669921875
ariad,1008,32,2,344,0.0005456383805721998,0.7788628472222222,0.9947296626984127,32256,145152,177408,144.0,142442496,0.002999700000145822,0.0017501999991509365,93.6669921875
ariad,1008,32,2,345,0.0005446352297440171,0.7790488591269841,0.9947296626984127,32256,145152,177408,144.0,142442496,0.0029383000000962056,0.0017303999993600883,93.6669921875
ariad,1008,32,2,346,0.0005436110659502447,0.7788628472222222,0.9948226686507936,32256,145152,177408,144.0,142442496,0.003059300001041265,0.0017960000004677568,93.6669921875
ariad,1008,32,2,347,0.0005426199059002101,0.7790178571428571,0.9946986607142857,32256,145152,177408,144.0,142442496,0.0030234000005293638,0.001761600000463659,93.6669921875
ariad,1008,32,2,348,0.0005416461499407887,0.7792038690476191,0.9948846726190477,32256,145152,177408,144.0,142442496,0.0029993000007380033,0.0017413999994460028,93.6669921875
ariad,1008,32,2,349,0.000540685374289751,0.7793898809523809,0.9949466765873016,32256,145152,177408,144.0,142442496,0.003034999999727006,0.0017776999993657228,93.6669921875
ariad,1008,32,2,350,0.0005396842607297003,0.7796378968253969,0.9950706845238095,32256,145152,177408,144.0,142442496,0.0030662999997730367,0.0017760000009729993,93.6669921875
ariad,1008,32,2,351,0.0005387567216530442,0.7796378968253969,0.9953497023809523,32256,145152,177408,144.0,142442496,0.0031310000013036188,0.0017719999996188562,93.6669921875
ariad,1008,32,2,352,0.0005378663772717118,0.7798239087301587,0.9949776785714286,32256,145152,177408,144.0,142442496,0.0030482999991363613,0.0017109999989770586,93.6669921875
ariad,1008,32,2,353,0.0005369352293200791,0.7800099206349206,0.9951636904761905,32256,145152,177408,144.0,142442496,0.003038500000911881,0.0017287000009673648,93.6669921875
ariad,1008,32,2,354,0.0005359788192436099,0.7799789186507936,0.9953807043650794,32256,145152,177408,144.0,142442496,0.0030232000008254545,0.0017375999996147584,93.6669921875
ariad,1008,32,2,355,0.0005350416176952422,0.7799789186507936,0.9951946924603174,32256,145152,177408,144.0,142442496,0.0030442000006587477,0.0017321000013907906,93.6669921875
ariad,1008,32,2,356,0.0005341111682355404,0.7801339285714286,0.9950396825396826,32256,145152,177408,144.0,142442496,0.003376499998921645,0.0017785000000003492,93.6669921875
ariad,1008,32,2,357,0.0005332144210115075,0.7803819444444444,0.9948846726190477,32256,145152,177408,144.0,142442496,0.0032052000005933223,0.0018294000001333188,93.6669921875
ariad,1008,32,2,358,0.0005322906654328108,0.7804749503968254,0.9950706845238095,32256,145152,177408,144.0,142442496,0.002928900001279544,0.0016887000001588603,93.6669921875
ariad,1008,32,2,359,0.0005314125446602702,0.7806299603174603,0.9950706845238095,32256,145152,177408,144.0,142442496,0.0029661000007763505,0.0016487000011693453,93.6669921875
ariad,1008,32,2,360,0.0005305170780047774,0.7808469742063492,0.9948846726190477,32256,145152,177408,144.0,142442496,0.0030365000002348097,0.0017117000006692251,93.6669921875
ariad,1008,32,2,361,0.000529675220604986,0.7809399801587301,0.9948536706349206,32256,145152,177408,144.0,142442496,0.0029830999992555007,0.0017363999995723134,93.6669921875
ariad,1008,32,2,362,0.0005287647945806384,0.7811259920634921,0.9947296626984127,32256,145152,177408,144.0,142442496,0.003037299999050447,0.0017714000005071284,93.6669921875
ariad,1008,32,2,363,0.0005279072793200612,0.7814050099206349,0.9947916666666666,32256,145152,177408,144.0,142442496,0.003043299999262672,0.0017814999991969671,93.6669921875
ariad,1008,32,2,364,0.0005270313704386353,0.78125,0.9948536706349206,32256,145152,177408,144.0,142442496,0.003048099999432452,0.0017803999999159714,93.6669921875
ariad,1008,32,2,365,0.0005262116901576519,0.7814670138888888,0.9950706845238095,32256,145152,177408,144.0,142442496,0.003087799999775598,0.001683700000285171,93.6669921875
ariad,1008,32,2,366,0.0005253338604234159,0.7818080357142857,0.9953187003968254,32256,145152,177408,144.0,142442496,0.0032322000006388407,0.00174209999931918,93.6669921875
ariad,1008,32,2,367,0.0005244572530500591,0.7819010416666666,0.9951016865079365,32256,145152,177408,144.0,142442496,0.0031118999995669583,0.0017939000008482253,93.6669921875
ariad,1008,32,2,368,0.0005236020078882575,0.7822420634920635,0.9951636904761905,32256,145152,177408,144.0,142442496,0.003093299999818555,0.001718299999993178,93.6669921875
ariad,1008,32,2,369,0.0005227691726759076,0.7824900793650794,0.9949156746031746,32256,145152,177408,144.0,142442496,0.0029732000002695713,0.0016969000007520663,93.6669921875
ariad,1008,32,2,370,0.0005219471058808267,0.7825210813492064,0.9946986607142857,32256,145152,177408,144.0,142442496,0.0029751999991276534,0.0016921000005822862,93.6669921875
ariad,1008,32,2,371,0.0005210963427089155,0.7827380952380952,0.9950086805555556,32256,145152,177408,144.0,142442496,0.0029463000009855023,0.0017284000005020062,93.6669921875
ariad,1008,32,2,372,0.000520283414516598,0.7826140873015873,0.9953187003968254,32256,145152,177408,144.0,142442496,0.003005700000358047,0.0017102000001614215,93.6669921875
ariad,1008,32,2,373,0.0005194605328142643,0.7827690972222222,0.9954117063492064,32256,145152,177408,144.0,142442496,0.003012999999555177,0.0017180000013468089,93.6669921875
ariad,1008,32,2,374,0.0005186384078115225,0.7830171130952381,0.9951326884920635,32256,145152,177408,144.0,142442496,0.0030124000004434492,0.0017956000010599382,93.6669921875
ariad,1008,32,2,375,0.0005178659339435399,0.7829861111111112,0.9952566964285714,32256,145152,177408,144.0,142442496,0.0029952000004414003,0.001672300000791438,93.6669921875
ariad,1008,32,2,376,0.0005170574295334518,0.7830791170634921,0.9951016865079365,32256,145152,177408,144.0,142442496,0.003032699998584576,0.0017317000001639826,93.6669921875
ariad,1008,32,2,377,0.0005163209279999137,0.7829551091269841,0.9952876984126984,32256,145152,177408,144.0,142442496,0.003180199999405886,0.0017984999994951067,93.6669921875
ariad,1008,32,2,378,0.0005155692342668772,0.7831101190476191,0.9955047123015873,32256,145152,177408,144.0,142442496,0.0030322999991767574,0.0016821999997773673,93.6669921875
ariad,1008,32,2,379,0.000514786341227591,0.783141121031746,0.9956597222222222,32256,145152,177408,144.0,142442496,0.0029095999998389743,0.0017000999996525934,93.6669921875
ariad,1008,32,2,380,0.0005140411085449159,0.7830171130952381,0.9956907242063492,32256,145152,177408,144.0,142442496,0.0030434000000241213,0.0017338000016025035,93.6669921875
ariad,1008,32,2,381,0.000513258099090308,0.7832961309523809,0.9953187003968254,32256,145152,177408,144.0,142442496,0.0029990000002726447,0.0017112000004999572,93.6669921875
ariad,1008,32,2,382,0.000512485159561038,0.7833891369047619,0.9951946924603174,32256,145152,177408,144.0,142442496,0.0031026999986352166,0.0017815999999584164,93.6669921875
ariad,1008,32,2,383,0.0005117501714266837,0.7836061507936508,0.9952566964285714,32256,145152,177408,144.0,142442496,0.0030573000003641937,0.0017019999995682156,93.6669921875
ariad,1008,32,2,384,0.0005110313068144023,0.7836991567460317,0.9953497023809523,32256,145152,177408,144.0,142442496,0.0031369000007543946,0.0017764000003808178,93.6669921875
ariad,1008,32,2,385,0.0005102730356156826,0.7838231646825397,0.9952566964285714,32256,145152,177408,144.0,142442496,0.0031066000010468997,0.00170579999939946,93.6669921875
ariad,1008,32,2,386,0.000509543577209115,0.7840711805555556,0.9954117063492064,32256,145152,177408,144.0,142442496,0.0031399999988934724,0.0017442999997001607,93.6669921875
ariad,1008,32,2,387,0.0005087818135507405,0.7841021825396826,0.9952566964285714,32256,145152,177408,144.0,142442496,0.0033435000004828908,0.00199849999989965,93.6669921875
ariad,1008,32,2,388,0.000508014636579901,0.7843812003968254,0.9952256944444444,32256,145152,177408,144.0,142442496,0.0030131999992590863,0.0017333999985567061,93.6669921875
ariad,1008,32,2,389,0.0005072703352198005,0.7842571924603174,0.9956907242063492,32256,145152,177408,144.0,142442496,0.0028877999993710546,0.001642100000026403,93.6669921875
ariad,1008,32,2,390,0.0005065638106316328,0.7842571924603174,0.9953187003968254,32256,145152,177408,144.0,142442496,0.002911399998993147,0.0016596999994362704,93.6669921875
ariad,1008,32,2,391,0.0005058220704086125,0.7844742063492064,0.9953187003968254,32256,145152,177408,144.0,142442496,0.00299289999929897,0.0016685999999026535,93.6669921875
ariad,1008,32,2,392,0.0005051136831752956,0.7846912202380952,0.9953497023809523,32256,145152,177408,144.0,142442496,0.0029407000001810957,0.0016663999995216727,93.6669921875
ariad,1008,32,2,393,0.0005043978453613818,0.7850322420634921,0.9954117063492064,32256,145152,177408,144.0,142442496,0.0030720000013388926,0.0017588000009709504,93.6669921875
ariad,1008,32,2,394,0.0005036710062995553,0.785218253968254,0.9955357142857143,32256,145152,177408,144.0,142442496,0.003025900001375703,0.0017058999983419199,93.6669921875
ariad,1008,32,2,395,0.0005029874737374485,0.7853422619047619,0.9953807043650794,32256,145152,177408,144.0,142442496,0.003006200000527315,0.0016591999992670026,93.6669921875
ariad,1008,32,2,396,0.0005022690747864544,0.785187251984127,0.9953807043650794,32256,145152,177408,144.0,142442496,0.003373999999894295,0.001903499998661573,93.6669921875
ariad,1008,32,2,397,0.0005016269278712571,0.7852492559523809,0.9955047123015873,32256,145152,177408,144.0,142442496,0.003148499999952037,0.0017576999998709653,93.6669921875
ariad,1008,32,2,398,0.0005009062006138265,0.785218253968254,0.9954427083333334,32256,145152,177408,144.0,142442496,0.0038461000003735535,0.0021428000000014435,93.6669921875
ariad,1008,32,2,399,0.0005002247053198516,0.7854042658730159,0.9951326884920635,32256,145152,177408,144.0,142442496,0.0030421000010392163,0.0017341000002488727,93.6669921875
ariad,1008,32,2,400,0.0004995567724108696,0.7853422619047619,0.9951636904761905,32256,145152,177408,144.0,142442496,0.0031089000003703404,0.001804400000764872,93.6669921875
ariad,1008,32,2,401,0.0004988894215784967,0.7852802579365079,0.9951946924603174,32256,145152,177408,144.0,142442496,0.002920099999755621,0.0016774000014265766,93.6669921875
ariad,1008,32,2,402,0.0004982309183105826,0.7854042658730159,0.9952566964285714,32256,145152,177408,144.0,142442496,0.0032262999993690755,0.0017585000005055917,93.6669921875
ariad,1008,32,2,403,0.0004975920892320573,0.7856212797619048,0.9953187003968254,32256,145152,177408,144.0,142442496,0.002907500000219443,0.0016422999997303123,93.6669921875
ariad,1008,32,2,404,0.000496930384542793,0.7858072916666666,0.9953497023809523,32256,145152,177408,144.0,142442496,0.0032171000002563233,0.001818200000343495,93.6669921875
ariad,1008,32,2,405,0.0004963187966495752,0.7858382936507936,0.9954117063492064,32256,145152,177408,144.0,142442496,0.003114099999947939,0.0016725000004953472,93.6669921875
ariad,1008,32,2,406,0.0004956843913532794,0.7859312996031746,0.9955667162698413,32256,145152,177408,144.0,142442496,0.0031002999985503266,0.0017513000002509216,93.6669921875
ariad,1008,32,2,407,0.0004950225120410323,0.7859933035714286,0.9953497023809523,32256,145152,177408,144.0,142442496,0.003034999999727006,0.0017017000009218464,93.6669921875
ariad,1008,32,2,408,0.0004943774547427893,0.7860863095238095,0.9954427083333334,32256,145152,177408,144.0,142442496,0.002912800000558491,0.0016481000002386281,93.6669921875
ariad,1008,32,2,409,0.0004937439225614071,0.7859623015873016,0.9952876984126984,32256,145152,177408,144.0,142442496,0.0031464999992749654,0.001826400000936701,93.6669921875
ariad,1008,32,2,410,0.0004930730210617185,0.7862413194444444,0.9952876984126984,32256,145152,177408,144.0,142442496,0.0029555999990407145,0.0017392999998264713,93.6669921875
ariad,1008,32,2,411,0.0004924612585455179,0.7862723214285714,0.9951946924603174,32256,145152,177408,144.0,142442496,0.0029412000003503636,0.001711899998554145,93.6669921875
ariad,1008,32,2,412,0.0004918769700452685,0.7863963293650794,0.9952256944444444,32256,145152,177408,144.0,142442496,0.002991900000779424,0.0016838999999890802,93.6669921875
ariad,1008,32,2,413,0.0004913514130748808,0.7866753472222222,0.9951946924603174,32256,145152,177408,144.0,142442496,0.0030786000006628456,0.00174200000037672,93.6669921875
ariad,1008,32,2,414,0.0004907390684820712,0.7867683531746031,0.9952876984126984,32256,145152,177408,144.0,142442496,0.003219899999749032,0.001793299999917508,93.6669921875
ariad,1008,32,2,415,0.0004901575157418847,0.7869233630952381,0.9954737103174603,32256,145152,177408,144.0,142442496,0.002968299999338342,0.0016954999991867226,93.6669921875
ariad,1008,32,2,416,0.0004896025056950748,0.787078373015873,0.9954737103174603,32256,145152,177408,144.0,142442496,0.0033129999992524972,0.0018353999985265546,93.6669921875
ariad,1008,32,2,417,0.0004890387644991279,0.7873263888888888,0.9954737103174603,32256,145152,177408,144.0,142442496,0.0029891000012867153,0.0016709999999875436,93.6669921875
ariad,1008,32,2,418,0.000488444697111845,0.7874813988095238,0.9951946924603174,32256,145152,177408,144.0,142442496,0.0029446000007737894,0.0016998999999486841,93.6669921875
ariad,1008,32,2,419,0.0004877918981947005,0.7876364087301587,0.9952876984126984,32256,145152,177408,144.0,142442496,0.0030305999989650445,0.001707400000668713,93.6669921875
ariad,1008,32,2,420,0.00048715260345488787,0.7878534226190477,0.9955667162698413,32256,145152,177408,144.0,142442496,0.0030341999990923796,0.0017478999998274958,93.6669921875
ariad,1008,32,2,421,0.0004865685768891126,0.7881634424603174,0.9953497023809523,32256,145152,177408,144.0,142442496,0.0029948999999760417,0.001652799999646959,93.6669921875
ariad,1008,32,2,422,0.0004859814653173089,0.7882564484126984,0.9954427083333334,32256,145152,177408,144.0,142442496,0.0029125000000931323,0.0016362000005756272,93.6669921875
ariad,1008,32,2,423,0.000485363561892882,0.7883184523809523,0.9954117063492064,32256,145152,177408,144.0,142442496,0.002982699999847682,0.0017442999997001607,93.6669921875
ariad,1008,32,2,424,0.0004848246753681451,0.7883184523809523,0.9954427083333334,32256,145152,177408,144.0,142442496,0.0030393999986699782,0.001763900001606089,93.6669921875
ariad,1008,32,2,425,0.00048422347754240036,0.7884424603174603,0.9951636904761905,32256,145152,177408,144.0,142442496,0.0040394000006926944,0.002162500000849832,93.6669921875
ariad,1008,32,2,426,0.0004837070300709456,0.7885664682539683,0.9955047123015873,32256,145152,177408,144.0,142442496,0.0031423000000359025,0.0018201000002591172,93.6669921875
ariad,1008,32,2,427,0.0004831703845411539,0.7886594742063492,0.9952876984126984,32256,145152,177408,144.0,142442496,0.0029470999998011393,0.0016814000009617303,93.6669921875
ariad,1008,32,2,428,0.0004826265212614089,0.7886904761904762,0.9952566964285714,32256,145152,177408,144.0,142442496,0.0030131999992590863,0.0017442999997001607,93.6669921875
ariad,1008,32,2,429,0.0004820951435249299,0.7887524801587301,0.9955667162698413,32256,145152,177408,144.0,142442496,0.0029740999998466577,0.0016839999989315402,93.6669921875
ariad,1008,32,2,430,0.0004815302381757647,0.7886594742063492,0.9954427083333334,32256,145152,177408,144.0,142442496,0.002952299999378738,0.0017075999985536328,93.6669921875
ariad,1008,32,2,431,0.00048098666593432426,0.7887834821428571,0.9953807043650794,32256,145152,177408,144.0,142442496,0.0030244999998103594,0.0017815000010159565,93.6669921875
ariad,1008,32,2,432,0.00048047988093458116,0.7888144841269841,0.9952876984126984,32256,145152,177408,144.0,142442496,0.0031573999985994305,0.0017905999993672594,93.6669921875
ariad,1008,32,2,433,0.00047985679702833295,0.789000496031746,0.9954117063492064,32256,145152,177408,144.0,142442496,0.002972500000396394,0.0016787999993539415,93.6669921875
ariad,1008,32,2,434,0.00047933016321621835,0.7893415178571429,0.9954117063492064,32256,145152,177408,144.0,142442496,0.003072499999689171,0.0017814000002545072,93.6669921875
ariad,1008,32,2,435,0.0004787900543306023,0.7893415178571429,0.9954737103174603,32256,145152,177408,144.0,142442496,0.0038719999993190868,0.0022045999994588783,93.6669921875
ariad,1008,32,2,436,0.00047825355431996286,0.7895585317460317,0.9954427083333334,32256,145152,177408,144.0,142442496,0.0029465999996318715,0.0017298999991908204,93.6669921875
ariad,1008,32,2,437,0.00047771798563189805,0.7895585317460317,0.9953187003968254,32256,145152,177408,144.0,142442496,0.0029083000008540694,0.0016572999993513804,93.6669921875
ariad,1008,32,2,438,0.0004771457170136273,0.7897135416666666,0.9951946924603174,32256,145152,177408,144.0,142442496,0.003034299999853829,0.001713400000880938,93.6669921875
ariad,1008,32,2,439,0.0004765572666656226,0.7898375496031746,0.9948226686507936,32256,145152,177408,144.0,142442496,0.003067699999519391,0.0017165000008390052,93.6669921875
ariad,1008,32,2,440,0.0004759950388688594,0.7900235615079365,0.9946986607142857,32256,145152,177408,144.0,142442496,0.003034299999853829,0.001737900000080117,93.6669921875
ariad,1008,32,2,441,0.0004754534165840596,0.7900545634920635,0.9945746527777778,32256,145152,177408,144.0,142442496,0.003026500000487431,0.00174440000046161,93.6669921875
ariad,1008,32,2,442,0.00047493597958236933,0.7900855654761905,0.9945436507936508,32256,145152,177408,144.0,142442496,0.0030131999992590863,0.0017360000001644948,93.6669921875
ariad,1008,32,2,443,0.000474398082587868,0.7900235615079365,0.9949156746031746,32256,145152,177408,144.0,142442496,0.00296870000056515,0.001681300000200281,93.6669921875
ariad,1008,32,2,444,0.000473903986858204,0.7900855654761905,0.9946986607142857,32256,145152,177408,144.0,142442496,0.003144599999359343,0.0017205999993166188,93.6669921875
ariad,1008,32,2,445,0.00047336218995042145,0.7900855654761905,0.9947916666666666,32256,145152,177408,144.0,142442496,0.003030800000487943,0.0017329000002064276,93.6669921875
ariad,1008,32,2,446,0.0004728787753265351,0.7901475694444444,0.9946366567460317,32256,145152,177408,144.0,142442496,0.002952200000436278,0.0017246000006707618,93.6669921875
ariad,1008,32,2,447,0.0004724313039332628,0.7902715773809523,0.9949776785714286,32256,145152,177408,144.0,142442496,0.0030225999998947373,0.0017390000011801021,93.6669921875
ariad,1008,32,2,448,0.0004719395947176963,0.7903645833333334,0.9950086805555556,32256,145152,177408,144.0,142442496,0.00313329999880807,0.0018060000002151355,93.6669921875
ariad,1008,32,2,449,0.0004714165406767279,0.7904575892857143,0.9949776785714286,32256,145152,177408,144.0,142442496,0.002923699999882956,0.001693100000920822,93.6669921875
ariad,1008,32,2,450,0.0004709324275609106,0.7903955853174603,0.9950706845238095,32256,145152,177408,144.0,142442496,0.00298079999993206,0.0017261000011785654,93.6669921875
ariad,1008,32,2,451,0.00047043609083630145,0.7906125992063492,0.9951636904761905,32256,145152,177408,144.0,142442496,0.0028621999990718905,0.0016614999985904433,93.6669921875
ariad,1008,32,2,452,0.00046993931755423546,0.791046626984127,0.9956287202380952,32256,145152,177408,144.0,142442496,0.0029833000007783994,0.0016989999985526083,93.6669921875
ariad,1008,32,2,453,0.0004694575909525156,0.7911706349206349,0.9953187003968254,32256,145152,177408,144.0,142442496,0.0030621999994764337,0.0017544000002089888,93.6669921875
ariad,1008,32,2,454,0.00046899588778615,0.7912016369047619,0.9954427083333334,32256,145152,177408,144.0,142442496,0.002981999999974505,0.0017126000002463115,93.6669921875
ariad,1008,32,2,455,0.00046850612852722406,0.7912016369047619,0.9956907242063492,32256,145152,177408,144.0,142442496,0.0036901000003126683,0.0021188000009715324,93.6669921875
ariad,1008,32,2,456,0.0004680059209931642,0.7913256448412699,0.99609375,32256,145152,177408,144.0,142442496,0.0031009999984235037,0.0017320000006293412,93.6669921875
ariad,1008,32,2,457,0.00046750696492381394,0.7914806547619048,0.9957217261904762,32256,145152,177408,144.0,142442496,0.0030477000000246335,0.0017489000001660315,93.6669921875
ariad,1008,32,2,458,0.0004670019552577287,0.7916356646825397,0.9959387400793651,32256,145152,177408,144.0,142442496,0.0030553000015061116,0.0017422000000806293,93.6669921875
ariad,1008,32,2,459,0.0004664855368901044,0.7917596726190477,0.9958457341269841,32256,145152,177408,144.0,142442496,0.0030520999989676056,0.0017416999999113614,93.6669921875
ariad,1008,32,2,460,0.00046604929957538843,0.7919456845238095,0.9956287202380952,32256,145152,177408,144.0,142442496,0.003108500000962522,0.001771899998857407,93.6669921875
ariad,1008,32,2,461,0.00046559132169932127,0.7919456845238095,0.9958147321428571,32256,145152,177408,144.0,142442496,0.0030143000003590714,0.0016961000001174398,93.6669921875
ariad,1008,32,2,462,0.00046510741231031716,0.7921626984126984,0.9959697420634921,32256,145152,177408,144.0,142442496,0.0028925000005983748,0.001645700000153738,93.6669921875
ariad,1008,32,2,463,0.0004646552843041718,0.7922247023809523,0.9960007440476191,32256,145152,177408,144.0,142442496,0.003072999999858439,0.0017235000013897661,93.6669921875
ariad,1008,32,2,464,0.0004642757121473551,0.7921006944444444,0.996155753968254,32256,145152,177408,144.0,142442496,0.0031691999993199715,0.0018421000004309462,93.6669921875
ariad,1008,32,2,465,0.00046378542901948094,0.7923487103174603,0.996124751984127,32256,145152,177408,144.0,142442496,0.003416999999899417,0.0019166999991284683,93.6669921875
ariad,1008,32,2,466,0.0004633011412806809,0.7926277281746031,0.9958457341269841,32256,145152,177408,144.0,142442496,0.003025300000444986,0.0017127999999502208,93.6669921875
ariad,1008,32,2,467,0.00046290631871670485,0.7926587301587301,0.9963107638888888,32256,145152,177408,144.0,142442496,0.0030554999993910315,0.001702100000329665,93.6669921875
ariad,1008,32,2,468,0.0004624556750059128,0.7927517361111112,0.9961867559523809,32256,145152,177408,144.0,142442496,0.002908999998908257,0.001680800000031013,93.6669921875
ariad,1008,32,2,469,0.0004620319523382932,0.792906746031746,0.9962177579365079,32256,145152,177408,144.0,142442496,0.003057400001125643,0.0017436999987694435,93.6669921875
ariad,1008,32,2,470,0.00046154510346241295,0.792937748015873,0.9965277777777778,32256,145152,177408,144.0,142442496,0.003376699998625554,0.0021570999997493345,93.6669921875
ariad,1008,32,2,471,0.0004611200129147619,0.792937748015873,0.9963107638888888,32256,145152,177408,144.0,142442496,0.0029952999993838603,0.0016611000010016141,93.6669921875
ariad,1008,32,2,472,0.0004607018199749291,0.792999751984127,0.9962177579365079,32256,145152,177408,144.0,142442496,0.0031363000016426668,0.0017283999986830167,93.6669921875
ariad,1008,32,2,473,0.0004602527478709817,0.793030753968254,0.996031746031746,32256,145152,177408,144.0,142442496,0.0035666000003402587,0.0018861000007746043,93.6669921875
ariad,1008,32,2,474,0.00045986109762452543,0.7931547619047619,0.9960007440476191,32256,145152,177408,144.0,142442496,0.0031822000000829576,0.0015578999991703313,93.6669921875
ariad,1008,32,2,475,0.00045946231693960726,0.7931547619047619,0.9955667162698413,32256,145152,177408,144.0,142442496,0.0037159000003157416,0.0023702999988017837,93.6669921875
ariad,1008,32,2,476,0.0004589920863509178,0.7933097718253969,0.9958767361111112,32256,145152,177408,144.0,142442496,0.003416899999137968,0.0020572999983414775,93.6669921875
ariad,1008,32,2,477,0.0004585908609442413,0.7932477678571429,0.9957837301587301,32256,145152,177408,144.0,142442496,0.0030036999996809755,0.0017219000001205131,93.6669921875
ariad,1008,32,2,478,0.0004581520042847842,0.7933407738095238,0.9955977182539683,32256,145152,177408,144.0,142442496,0.003059499998926185,0.0016761999995651422,93.6669921875
ariad,1008,32,2,479,0.0004577446961775422,0.7935267857142857,0.9957527281746031,32256,145152,177408,144.0,142442496,0.0031858999991527526,0.0019047999994654674,93.6669921875
ariad,1008,32,2,480,0.00045733139268122613,0.7936507936507936,0.9958457341269841,32256,145152,177408,144.0,142442496,0.0030346000003191875,0.001745699999446515,93.6669921875
ariad,1008,32,2,481,0.00045692225103266537,0.7936507936507936,0.9959697420634921,32256,145152,177408,144.0,142442496,0.0031718000009277603,0.001814100000046892,93.6669921875
ariad,1008,32,2,482,0.00045649780076928437,0.7935887896825397,0.9963107638888888,32256,145152,177408,144.0,142442496,0.003072599998631631,0.001643300000068848,93.6669921875
ariad,1008,32,2,483,0.0004560757370200008,0.7935887896825397,0.9962177579365079,32256,145152,177408,144.0,142442496,0.0032879999998840503,0.001912899999297224,93.6669921875
ariad,1008,32,2,484,0.00045562468585558236,0.7937437996031746,0.9962177579365079,32256,145152,177408,144.0,142442496,0.0032759999994596,0.0019346999997651437,93.6669921875
ariad,1008,32,2,485,0.00045521536958403885,0.7938368055555556,0.996155753968254,32256,145152,177408,144.0,142442496,0.0034193000010418473,0.001736600001095212,93.6669921875
ariad,1008,32,2,486,0.00045483396388590336,0.7938678075396826,0.99609375,32256,145152,177408,144.0,142442496,0.00755609999941953,0.005673800000295159,93.6669921875
ariad,1008,32,2,487,0.0004544507246464491,0.7939608134920635,0.996155753968254,32256,145152,177408,144.0,142442496,0.00382270000045537,0.002020799998717848,93.6669921875
ariad,1008,32,2,488,0.0004540352674666792,0.7941158234126984,0.996155753968254,32256,145152,177408,144.0,142442496,0.00507379999908153,0.002141900000424357,93.6669921875
ariad,1008,32,2,489,0.0004536521446425468,0.7943638392857143,0.9964037698412699,32256,145152,177408,144.0,142442496,0.003908299999238807,0.0020610000010492513,93.6669921875
ariad,1008,32,2,490,0.0004532664897851646,0.7944878472222222,0.996124751984127,32256,145152,177408,144.0,142442496,0.0032909000001382083,0.0017862999993667472,93.6669921875
ariad,1008,32,2,491,0.0004528460558503866,0.7944258432539683,0.996062748015873,32256,145152,177408,144.0,142442496,0.005926699999690754,0.0016997999991872348,93.6669921875
ariad,1008,32,2,492,0.0004525007389020175,0.7944258432539683,0.9963107638888888,32256,145152,177408,144.0,142442496,0.0036670999998023035,0.001991900000575697,93.6669921875
ariad,1008,32,2,493,0.00045209695235826075,0.7943638392857143,0.9963727678571429,32256,145152,177408,144.0,142442496,0.0032094000016513746,0.0017399999996996485,93.6669921875
ariad,1008,32,2,494,0.0004517092020250857,0.7944878472222222,0.9963107638888888,32256,145152,177408,144.0,142442496,0.0031584999996994156,0.0017299999999522697,93.6669921875
ariad,1008,32,2,495,0.00045132884406484663,0.7944568452380952,0.9962177579365079,32256,145152,177408,144.0,142442496,0.0030898000004526693,0.0018017000002146233,93.6669921875
ariad,1008,32,2,496,0.00045096539543010294,0.7944878472222222,0.996062748015873,32256,145152,177408,144.0,142442496,0.003364500000316184,0.0017053999999916414,93.6669921875
ariad,1008,32,2,497,0.00045057531679049134,0.7945498511904762,0.9961867559523809,32256,145152,177408,144.0,142442496,0.003055199998925673,0.0018156999994971557,93.6669921875
ariad,1008,32,2,498,0.00045023165876045823,0.7946428571428571,0.9958147321428571,32256,145152,177408,144.0,142442496,0.003074899999774061,0.0018164000011893222,93.6669921875
ariad,1008,32,2,499,0.00044984734267927706,0.7948288690476191,0.996031746031746,32256,145152,177408,144.0,142442496,0.002993899999637506,0.0017661000001680804,93.6669921875
ariad,1008,32,2,500,0.00044944227556698024,0.794859871031746,0.9964037698412699,32256,145152,177408,144.0,142442496,0.0029770000001008157,0.0017346000004181406,93.6669921875
