method,n,k,seed,epoch,mse,teacher_match,match_exhaustive,attn_scores,search_scores,total_scores,c_scored,est_flops,step_time_s,search_time_s,peak_mem_mb
dense,20000,32,2,1,0.12307728826999664,0.094134375,1.0,400000000,0,400000000,0.0,309166080000,0.3241044000005786,0.0,6541.31396484375
dense,20000,32,2,2,0.11590144783258438,0.0937875,1.0,400000000,0,400000000,0.0,309166080000,0.0632460999986506,0.0,6541.43896484375
dense,20000,32,2,3,0.11284003406763077,0.091525,1.0,400000000,0,400000000,0.0,309166080000,0.06315399999948568,0.0,6541.43896484375
dense,20000,32,2,4,0.11156376451253891,0.0882109375,1.0,400000000,0,400000000,0.0,309166080000,0.06395589999920048,0.0,6541.43896484375
dense,20000,32,2,5,0.11103422939777374,0.084946875,1.0,400000000,0,400000000,0.0,309166080000,0.06633829999918817,0.0,6541.43896484375
dense,20000,32,2,6,0.11078883707523346,0.0824578125,1.0,400000000,0,400000000,0.0,309166080000,0.0669969000009587,0.0,6541.43896484375
dense,20000,32,2,7,0.11063531041145325,0.080725,1.0,400000000,0,400000000,0.0,309166080000,0.06806949999918288,0.0,6541.43896484375
dense,20000,32,2,8,0.11050482094287872,0.07994375,1.0,400000000,0,400000000,0.0,309166080000,0.06786130000000412,0.0,6541.43896484375
dense,20000,32,2,9,0.110379658639431,0.0797546875,1.0,400000000,0,400000000,0.0,309166080000,0.06817369999953371,0.0,6541.43896484375
dense,20000,32,2,10,0.11025949567556381,0.0802984375,1.0,400000000,0,400000000,0.0,309166080000,0.06691500000124506,0.0,6541.43896484375
dense,20000,32,2,11,0.11014719307422638,0.0810359375,1.0,400000000,0,400000000,0.0,309166080000,0.06727329999921494,0.0,6541.43896484375
dense,20000,32,2,12,0.11004424840211868,0.082090625,1.0,400000000,0,400000000,0.0,309166080000,0.06486120000045048,0.0,6541.43896484375
dense,20000,32,2,13,0.10995034128427505,0.083709375,1.0,400000000,0,400000000,0.0,309166080000,0.06606359999932465,0.0,6541.43896484375
dense,20000,32,2,14,0.10986413061618805,0.0855234375,1.0,400000000,0,400000000,0.0,309166080000,0.06486870000117051,0.0,6541.43896484375
dense,20000,32,2,15,0.10978429764509201,0.0875859375,1.0,400000000,0,400000000,0.0,309166080000,0.06499459999940882,0.0,6541.43896484375
dense,20000,32,2,16,0.10970974713563919,0.0899421875,1.0,400000000,0,400000000,0.0,309166080000,0.06480790000023262,0.0,6541.43896484375
dense,20000,32,2,17,0.10963983088731766,0.0924375,1.0,400000000,0,400000000,0.0,309166080000,0.06466480000017327,0.0,6541.43896484375
dense,20000,32,2,18,0.1095740795135498,0.0953609375,1.0,400000000,0,400000000,0.0,309166080000,0.06377860000065994,0.0,6541.43896484375
dense,20000,32,2,19,0.1095120906829834,0.098353125,1.0,400000000,0,400000000,0.0,309166080000,0.06341729999985546,0.0,6541.43896484375
dense,20000,32,2,20,0.10945340245962143,0.1016609375,1.0,400000000,0,400000000,0.0,309166080000,0.06420590000016091,0.0,6541.43896484375
dense,20000,32,2,21,0.1093975305557251,0.1053765625,1.0,400000000,0,400000000,0.0,309166080000,0.06450929999846267,0.0,6541.43896484375
dense,20000,32,2,22,0.10934391617774963,0.1091640625,1.0,400000000,0,400000000,0.0,309166080000,0.06502899999941292,0.0,6541.43896484375
dense,20000,32,2,23,0.10929209738969803,0.1132125,1.0,400000000,0,400000000,0.0,309166080000,0.06412339999951655,0.0,6541.43896484375
dense,20000,32,2,24,0.10924157500267029,0.1175546875,1.0,400000000,0,400000000,0.0,309166080000,0.06338270000014745,0.0,6541.43896484375
dense,20000,32,2,25,0.10919202864170074,0.12193125,1.0,400000000,0,400000000,0.0,309166080000,0.06508749999920838,0.0,6541.43896484375
dense,20000,32,2,26,0.10914318263530731,0.126465625,1.0,400000000,0,400000000,0.0,309166080000,0.06803330000002461,0.0,6541.43896484375
dense,20000,32,2,27,0.10909496992826462,0.1315421875,1.0,400000000,0,400000000,0.0,309166080000,0.06711259999974573,0.0,6541.43896484375
dense,20000,32,2,28,0.10904750972986221,0.136553125,1.0,400000000,0,400000000,0.0,309166080000,0.06325339999966673,0.0,6541.43896484375
dense,20000,32,2,29,0.10900097340345383,0.141653125,1.0,400000000,0,400000000,0.0,309166080000,0.0648791000003257,0.0,6541.43896484375
dense,20000,32,2,30,0.10895558446645737,0.147021875,1.0,400000000,0,400000000,0.0,309166080000,0.06407330000001821,0.0,6541.43896484375
dense,20000,32,2,31,0.10891144722700119,0.1523140625,1.0,400000000,0,400000000,0.0,309166080000,0.0677397999988898,0.0,6541.43896484375
dense,20000,32,2,32,0.10886859893798828,0.1580484375,1.0,400000000,0,400000000,0.0,309166080000,0.06743319999986852,0.0,6541.43896484375
dense,20000,32,2,33,0.10882697254419327,0.1636765625,1.0,400000000,0,400000000,0.0,309166080000,0.06675699999868812,0.0,6541.43896484375
dense,20000,32,2,34,0.10878652334213257,0.1693609375,1.0,400000000,0,400000000,0.0,309166080000,0.0669506000012916,0.0,6541.43896484375
dense,20000,32,2,35,0.10874713957309723,0.1752953125,1.0,400000000,0,400000000,0.0,309166080000,0.06751080000140064,0.0,6541.43896484375
dense,20000,32,2,36,0.10870888084173203,0.1812375,1.0,400000000,0,400000000,0.0,309166080000,0.06293579999874055,0.0,6541.43896484375
dense,20000,32,2,37,0.10867170244455338,0.1869765625,1.0,400000000,0,400000000,0.0,309166080000,0.06272170000011101,0.0,6541.43896484375
dense,20000,32,2,38,0.1086355447769165,0.1927609375,1.0,400000000,0,400000000,0.0,309166080000,0.06311509999977716,0.0,6541.43896484375
dense,20000,32,2,39,0.10860034078359604,0.198478125,1.0,400000000,0,400000000,0.0,309166080000,0.0644535999999789,0.0,6541.43896484375
dense,20000,32,2,40,0.10856591165065765,0.2041640625,1.0,400000000,0,400000000,0.0,309166080000,0.06478650000099151,0.0,6541.43896484375
dense,20000,32,2,41,0.10853201895952225,0.2099890625,1.0,400000000,0,400000000,0.0,309166080000,0.06674199999906705,0.0,6541.43896484375
dense,20000,32,2,42,0.10849844664335251,0.2153921875,1.0,400000000,0,400000000,0.0,309166080000,0.0674564000000828,0.0,6541.43896484375
dense,20000,32,2,43,0.10846512019634247,0.2206296875,1.0,400000000,0,400000000,0.0,309166080000,0.06779720000122325,0.0,6541.43896484375
dense,20000,32,2,44,0.1084320992231369,0.2257375,1.0,400000000,0,400000000,0.0,309166080000,0.06409879999955592,0.0,6541.43896484375
dense,20000,32,2,45,0.10839951783418655,0.2308390625,1.0,400000000,0,400000000,0.0,309166080000,0.06466709999949671,0.0,6541.43896484375
dense,20000,32,2,46,0.10836752504110336,0.2356953125,1.0,400000000,0,400000000,0.0,309166080000,0.06635950000054436,0.0,6541.43896484375
dense,20000,32,2,47,0.10833615809679031,0.2404578125,1.0,400000000,0,400000000,0.0,309166080000,0.0663191999992705,0.0,6541.43896484375
dense,20000,32,2,48,0.10830523073673248,0.245009375,1.0,400000000,0,400000000,0.0,309166080000,0.06620889999976498,0.0,6541.43896484375
dense,20000,32,2,49,0.108274444937706,0.249371875,1.0,400000000,0,400000000,0.0,309166080000,0.0656926999999996,0.0,6541.43896484375
dense,20000,32,2,50,0.10824348032474518,0.2535953125,1.0,400000000,0,400000000,0.0,309166080000,0.06188139999903797,0.0,6541.43896484375
dense,20000,32,2,51,0.10821206122636795,0.2578921875,1.0,400000000,0,400000000,0.0,309166080000,0.06173369999851275,0.0,6541.43896484375
dense,20000,32,2,52,0.10818000137805939,0.2619453125,1.0,400000000,0,400000000,0.0,309166080000,0.06288279999898805,0.0,6541.43896484375
dense,20000,32,2,53,0.10814714431762695,0.2658375,1.0,400000000,0,400000000,0.0,309166080000,0.06308910000007018,0.0,6541.43896484375
dense,20000,32,2,54,0.10811322927474976,0.2695921875,1.0,400000000,0,400000000,0.0,309166080000,0.06323760000123002,0.0,6541.43896484375
dense,20000,32,2,55,0.10807793587446213,0.27328125,1.0,400000000,0,400000000,0.0,309166080000,0.064229499999783,0.0,6541.43896484375
dense,20000,32,2,56,0.10804077982902527,0.2768015625,1.0,400000000,0,400000000,0.0,309166080000,0.06277099999897473,0.0,6541.43896484375
dense,20000,32,2,57,0.1080012395977974,0.280321875,1.0,400000000,0,400000000,0.0,309166080000,0.06142279999949096,0.0,6541.43896484375
dense,20000,32,2,58,0.10795868933200836,0.2835046875,1.0,400000000,0,400000000,0.0,309166080000,0.06097050000062154,0.0,6541.43896484375
dense,20000,32,2,59,0.10791237652301788,0.2868109375,1.0,400000000,0,400000000,0.0,309166080000,0.061229099999764,0.0,6541.43896484375
dense,20000,32,2,60,0.10786127299070358,0.2896546875,1.0,400000000,0,400000000,0.0,309166080000,0.06155140000009851,0.0,6541.43896484375
dense,20000,32,2,61,0.10780405253171921,0.292578125,1.0,400000000,0,400000000,0.0,309166080000,0.061983400000826805,0.0,6541.43896484375
dense,20000,32,2,62,0.10773903876543045,0.295346875,1.0,400000000,0,400000000,0.0,309166080000,0.06158529999993334,0.0,6541.43896484375
dense,20000,32,2,63,0.10766414552927017,0.297984375,1.0,400000000,0,400000000,0.0,309166080000,0.061034799999106326,0.0,6541.43896484375
dense,20000,32,2,64,0.1075768768787384,0.3004109375,1.0,400000000,0,400000000,0.0,309166080000,0.061400299999149865,0.0,6541.43896484375
dense,20000,32,2,65,0.1074744388461113,0.30275625,1.0,400000000,0,400000000,0.0,309166080000,0.0610486999994464,0.0,6541.43896484375
dense,20000,32,2,66,0.10735378414392471,0.3051640625,1.0,400000000,0,400000000,0.0,309166080000,0.061018399999738904,0.0,6541.43896484375
dense,20000,32,2,67,0.1072121188044548,0.3076734375,1.0,400000000,0,400000000,0.0,309166080000,0.06120150000060676,0.0,6541.43896484375
dense,20000,32,2,68,0.10704758018255234,0.3102203125,1.0,400000000,0,400000000,0.0,309166080000,0.06143960000008519,0.0,6541.43896484375
dense,20000,32,2,69,0.10685949772596359,0.313746875,1.0,400000000,0,400000000,0.0,309166080000,0.06165549999968789,0.0,6541.43896484375
dense,20000,32,2,70,0.10664597898721695,0.31786875,1.0,400000000,0,400000000,0.0,309166080000,0.06322659999932512,0.0,6541.43896484375
dense,20000,32,2,71,0.1063992902636528,0.3231,1.0,400000000,0,400000000,0.0,309166080000,0.0630022999994253,0.0,6541.43896484375
dense,20000,32,2,72,0.10610490292310715,0.3294015625,1.0,400000000,0,400000000,0.0,309166080000,0.06097559999943769,0.0,6541.43896484375
dense,20000,32,2,73,0.10574821382761002,0.33735,1.0,400000000,0,400000000,0.0,309166080000,0.06259460000001127,0.0,6541.43896484375
dense,20000,32,2,74,0.10532071441411972,0.34659375,1.0,400000000,0,400000000,0.0,309166080000,0.06145459999970626,0.0,6541.43896484375
dense,20000,32,2,75,0.10481704026460648,0.3573140625,1.0,400000000,0,400000000,0.0,309166080000,0.06155699999908393,0.0,6541.43896484375
dense,20000,32,2,76,0.1042269766330719,0.3691703125,1.0,400000000,0,400000000,0.0,309166080000,0.06143289999999979,0.0,6541.43896484375
dense,20000,32,2,77,0.10353300720453262,0.381790625,1.0,400000000,0,400000000,0.0,309166080000,0.06133859999863489,0.0,6541.43896484375
dense,20000,32,2,78,0.10271387547254562,0.3954359375,1.0,400000000,0,400000000,0.0,309166080000,0.06178229999932228,0.0,6541.43896484375
dense,20000,32,2,79,0.10174156725406647,0.40980625,1.0,400000000,0,400000000,0.0,309166080000,0.061329899999691406,0.0,6541.43896484375
dense,20000,32,2,80,0.10057131201028824,0.4248171875,1.0,400000000,0,400000000,0.0,309166080000,0.0609956999996939,0.0,6541.43896484375
dense,20000,32,2,81,0.09914668649435043,0.4402515625,1.0,400000000,0,400000000,0.0,309166080000,0.06145490000017162,0.0,6541.43896484375
dense,20000,32,2,82,0.09740561991930008,0.457140625,1.0,400000000,0,400000000,0.0,309166080000,0.06145180000021355,0.0,6541.43896484375
dense,20000,32,2,83,0.09526129812002182,0.47445625,1.0,400000000,0,400000000,0.0,309166080000,0.061264699999810546,0.0,6541.43896484375
dense,20000,32,2,84,0.0925886332988739,0.4926953125,1.0,400000000,0,400000000,0.0,309166080000,0.06138490000012098,0.0,6541.43896484375
dense,20000,32,2,85,0.0892302542924881,0.511784375,1.0,400000000,0,400000000,0.0,309166080000,0.061550400001578964,0.0,6541.43896484375
dense,20000,32,2,86,0.08501733839511871,0.5320140625,1.0,400000000,0,400000000,0.0,309166080000,0.06272220000028028,0.0,6541.43896484375
dense,20000,32,2,87,0.0798124372959137,0.55280625,1.0,400000000,0,400000000,0.0,309166080000,0.06415089999973134,0.0,6541.43896484375
dense,20000,32,2,88,0.07357636094093323,0.574325,1.0,400000000,0,400000000,0.0,309166080000,0.06329530000039085,0.0,6541.43896484375
dense,20000,32,2,89,0.06646799296140671,0.596003125,1.0,400000000,0,400000000,0.0,309166080000,0.06302379999942787,0.0,6541.43896484375
dense,20000,32,2,90,0.0589154027402401,0.617375,1.0,400000000,0,400000000,0.0,309166080000,0.06287760000122944,0.0,6541.43896484375
dense,20000,32,2,91,0.05149119719862938,0.6381296875,1.0,400000000,0,400000000,0.0,309166080000,0.0612278000007791,0.0,6541.43896484375
dense,20000,32,2,92,0.044714853167533875,0.6575625,1.0,400000000,0,400000000,0.0,309166080000,0.0619248000002699,0.0,6541.43896484375
dense,20000,32,2,93,0.03895842283964157,0.6763015625,1.0,400000000,0,400000000,0.0,309166080000,0.06139140000050247,0.0,6541.43896484375
dense,20000,32,2,94,0.034326497465372086,0.6938703125,1.0,400000000,0,400000000,0.0,309166080000,0.06167529999947874,0.0,6541.43896484375
dense,20000,32,2,95,0.030710585415363312,0.709784375,1.0,400000000,0,400000000,0.0,309166080000,0.06145000000105938,0.0,6541.43896484375
dense,20000,32,2,96,0.02790207788348198,0.72544375,1.0,400000000,0,400000000,0.0,309166080000,0.06118160000005446,0.0,6541.43896484375
dense,20000,32,2,97,0.025598695501685143,0.7399,1.0,400000000,0,400000000,0.0,309166080000,0.06139000000075612,0.0,6541.43896484375
dense,20000,32,2,98,0.023537080734968185,0.753096875,1.0,400000000,0,400000000,0.0,309166080000,0.06148070000017469,0.0,6541.43896484375
dense,20000,32,2,99,0.02154412865638733,0.7659984375,1.0,400000000,0,400000000,0.0,309166080000,0.06124009999984992,0.0,6541.43896484375
dense,20000,32,2,100,0.019583217799663544,0.778046875,1.0,400000000,0,400000000,0.0,309166080000,0.06268769999951473,0.0,6541.43896484375
dense,20000,32,2,101,0.017704082652926445,0.7903328125,1.0,400000000,0,400000000,0.0,309166080000,0.06378849999964586,0.0,6541.43896484375
dense,20000,32,2,102,0.01595490425825119,0.8022484375,1.0,400000000,0,400000000,0.0,309166080000,0.06319609999991371,0.0,6541.43896484375
dense,20000,32,2,103,0.014343978837132454,0.814321875,1.0,400000000,0,400000000,0.0,309166080000,0.06255340000097931,0.0,6541.43896484375
dense,20000,32,2,104,0.012843930162489414,0.82566875,1.0,400000000,0,400000000,0.0,309166080000,0.06262659999993048,0.0,6541.43896484375
dense,20000,32,2,105,0.011443092487752438,0.8371109375,1.0,400000000,0,400000000,0.0,309166080000,0.0622189999994589,0.0,6541.43896484375
dense,20000,32,2,106,0.010183630511164665,0.848203125,1.0,400000000,0,400000000,0.0,309166080000,0.06209130000024743,0.0,6541.43896484375
dense,20000,32,2,107,0.009120343253016472,0.858440625,1.0,400000000,0,400000000,0.0,309166080000,0.061966200000824756,0.0,6541.43896484375
dense,20000,32,2,108,0.008248145692050457,0.867359375,1.0,400000000,0,400000000,0.0,309166080000,0.061458700000002864,0.0,6541.43896484375
dense,20000,32,2,109,0.007517695426940918,0.874640625,1.0,400000000,0,400000000,0.0,309166080000,0.06142069999987143,0.0,6541.43896484375
dense,20000,32,2,110,0.0068727415055036545,0.8808890625,1.0,400000000,0,400000000,0.0,309166080000,0.06098460000066552,0.0,6541.43896484375
dense,20000,32,2,111,0.006280079483985901,0.886984375,1.0,400000000,0,400000000,0.0,309166080000,0.061710399999356014,0.0,6541.43896484375
dense,20000,32,2,112,0.005743119865655899,0.8935484375,1.0,400000000,0,400000000,0.0,309166080000,0.06332610000026762,0.0,6541.43896484375
dense,20000,32,2,113,0.00527722854167223,0.8999953125,1.0,400000000,0,400000000,0.0,309166080000,0.06119290000060573,0.0,6541.43896484375
dense,20000,32,2,114,0.0048897345550358295,0.90495,1.0,400000000,0,400000000,0.0,309166080000,0.06112589999975171,0.0,6541.43896484375
dense,20000,32,2,115,0.004570872988551855,0.9086796875,1.0,400000000,0,400000000,0.0,309166080000,0.061308199999984936,0.0,6541.43896484375
dense,20000,32,2,116,0.0042913323268294334,0.911390625,1.0,400000000,0,400000000,0.0,309166080000,0.061934999999721185,0.0,6541.43896484375
dense,20000,32,2,117,0.00402465183287859,0.914478125,1.0,400000000,0,400000000,0.0,309166080000,0.061734400000204914,0.0,6541.43896484375
dense,20000,32,2,118,0.003765692701563239,0.9175796875,1.0,400000000,0,400000000,0.0,309166080000,0.06385120000049938,0.0,6541.43896484375
dense,20000,32,2,119,0.003519902704283595,0.9208859375,1.0,400000000,0,400000000,0.0,309166080000,0.06277589999990596,0.0,6541.43896484375
dense,20000,32,2,120,0.0032867975533008575,0.9245375,1.0,400000000,0,400000000,0.0,309166080000,0.06272989999888523,0.0,6541.43896484375
dense,20000,32,2,121,0.003069219645112753,0.928190625,1.0,400000000,0,400000000,0.0,309166080000,0.06117009999979928,0.0,6541.43896484375
dense,20000,32,2,122,0.0028759806882590055,0.931796875,1.0,400000000,0,400000000,0.0,309166080000,0.06280989999868325,0.0,6541.43896484375
dense,20000,32,2,123,0.0027072252705693245,0.934984375,1.0,400000000,0,400000000,0.0,309166080000,0.0632487000002584,0.0,6541.43896484375
dense,20000,32,2,124,0.002557269297540188,0.937928125,1.0,400000000,0,400000000,0.0,309166080000,0.06551980000040203,0.0,6541.43896484375
dense,20000,32,2,125,0.0024221695493906736,0.940165625,1.0,400000000,0,400000000,0.0,309166080000,0.06457730000147421,0.0,6541.43896484375
dense,20000,32,2,126,0.002300449414178729,0.9420796875,1.0,400000000,0,400000000,0.0,309166080000,0.06518449999930453,0.0,6541.43896484375
dense,20000,32,2,127,0.0021916006226092577,0.9436453125,1.0,400000000,0,400000000,0.0,309166080000,0.06106069999987085,0.0,6541.43896484375
dense,20000,32,2,128,0.0020942995324730873,0.9451359375,1.0,400000000,0,400000000,0.0,309166080000,0.0638902999999118,0.0,6541.43896484375
dense,20000,32,2,129,0.002006049267947674,0.9464953125,1.0,400000000,0,400000000,0.0,309166080000,0.06390230000033625,0.0,6541.43896484375
dense,20000,32,2,130,0.00192512187641114,0.947990625,1.0,400000000,0,400000000,0.0,309166080000,0.06127259999993839,0.0,6541.43896484375
dense,20000,32,2,131,0.0018514487892389297,0.9496875,1.0,400000000,0,400000000,0.0,309166080000,0.061279200001081335,0.0,6541.43896484375
dense,20000,32,2,132,0.001785960397683084,0.9511328125,1.0,400000000,0,400000000,0.0,309166080000,0.06182170000101905,0.0,6541.43896484375
dense,20000,32,2,133,0.001729005598463118,0.9524515625,1.0,400000000,0,400000000,0.0,309166080000,0.061226000001624925,0.0,6541.43896484375
dense,20000,32,2,134,0.0016780402511358261,0.9539203125,1.0,400000000,0,400000000,0.0,309166080000,0.06121530000018538,0.0,6541.43896484375
dense,20000,32,2,135,0.001630050246603787,0.9554296875,1.0,400000000,0,400000000,0.0,309166080000,0.06505719999950088,0.0,6541.43896484375
dense,20000,32,2,136,0.0015848324401304126,0.956771875,1.0,400000000,0,400000000,0.0,309166080000,0.062430699999822536,0.0,6541.43896484375
dense,20000,32,2,137,0.0015438332920894027,0.9579296875,1.0,400000000,0,400000000,0.0,309166080000,0.06125079999947047,0.0,6541.43896484375
dense,20000,32,2,138,0.0015079480363056064,0.959109375,1.0,400000000,0,400000000,0.0,309166080000,0.061386000001220964,0.0,6541.43896484375
dense,20000,32,2,139,0.0014770908746868372,0.9598921875,1.0,400000000,0,400000000,0.0,309166080000,0.06131629999981669,0.0,6541.43896484375
dense,20000,32,2,140,0.0014506701845675707,0.9606921875,1.0,400000000,0,400000000,0.0,309166080000,0.06216150000000198,0.0,6541.43896484375
dense,20000,32,2,141,0.0014281343901529908,0.9612453125,1.0,400000000,0,400000000,0.0,309166080000,0.061269600000741775,0.0,6541.43896484375
dense,20000,32,2,142,0.0014086279552429914,0.961734375,1.0,400000000,0,400000000,0.0,309166080000,0.06219340000097873,0.0,6541.43896484375
dense,20000,32,2,143,0.0013904613442718983,0.9622375,1.0,400000000,0,400000000,0.0,309166080000,0.061874799999714014,0.0,6541.43896484375
dense,20000,32,2,144,0.0013722762232646346,0.9626984375,1.0,400000000,0,400000000,0.0,309166080000,0.06187399999907939,0.0,6541.43896484375
dense,20000,32,2,145,0.0013538066996261477,0.9632640625,1.0,400000000,0,400000000,0.0,309166080000,0.061444199998732074,0.0,6541.43896484375
dense,20000,32,2,146,0.0013359262375161052,0.9639375,1.0,400000000,0,400000000,0.0,309166080000,0.0614041000008001,0.0,6541.43896484375
dense,20000,32,2,147,0.0013200478861108422,0.9644203125,1.0,400000000,0,400000000,0.0,309166080000,0.06271390000074462,0.0,6541.43896484375
dense,20000,32,2,148,0.001306853606365621,0.9646765625,1.0,400000000,0,400000000,0.0,309166080000,0.06263290000060806,0.0,6541.43896484375
dense,20000,32,2,149,0.0012959170853719115,0.9648078125,1.0,400000000,0,400000000,0.0,309166080000,0.06323489999886078,0.0,6541.43896484375
dense,20000,32,2,150,0.0012864609016105533,0.964903125,1.0,400000000,0,400000000,0.0,309166080000,0.06303639999896404,0.0,6541.43896484375
dense,20000,32,2,151,0.0012778418604284525,0.965134375,1.0,400000000,0,400000000,0.0,309166080000,0.06310420000045269,0.0,6541.43896484375
dense,20000,32,2,152,0.001269834116101265,0.965253125,1.0,400000000,0,400000000,0.0,309166080000,0.061591499999849475,0.0,6541.43896484375
dense,20000,32,2,153,0.0012625429080799222,0.9654453125,1.0,400000000,0,400000000,0.0,309166080000,0.06121290000010049,0.0,6541.43896484375
dense,20000,32,2,154,0.0012558551970869303,0.9656703125,1.0,400000000,0,400000000,0.0,309166080000,0.06248600000071747,0.0,6541.43896484375
dense,20000,32,2,155,0.0012494425754994154,0.9660359375,1.0,400000000,0,400000000,0.0,309166080000,0.062026600000535836,0.0,6541.43896484375
dense,20000,32,2,156,0.0012432228541001678,0.9663125,1.0,400000000,0,400000000,0.0,309166080000,0.06161210000027495,0.0,6541.43896484375
dense,20000,32,2,157,0.0012374798534438014,0.9664953125,1.0,400000000,0,400000000,0.0,309166080000,0.06345900000087568,0.0,6541.43896484375
dense,20000,32,2,158,0.0012325698044151068,0.9667640625,1.0,400000000,0,400000000,0.0,309166080000,0.0631243000007089,0.0,6541.43896484375
dense,20000,32,2,159,0.0012285005068406463,0.966946875,1.0,400000000,0,400000000,0.0,309166080000,0.0638703999993595,0.0,6541.43896484375
dense,20000,32,2,160,0.001224926090799272,0.967046875,1.0,400000000,0,400000000,0.0,309166080000,0.06293510000068636,0.0,6541.43896484375
dense,20000,32,2,161,0.001221556100063026,0.9671859375,1.0,400000000,0,400000000,0.0,309166080000,0.0629200999992463,0.0,6541.43896484375
dense,20000,32,2,162,0.001218342105858028,0.967215625,1.0,400000000,0,400000000,0.0,309166080000,0.06301720000010391,0.0,6541.43896484375
dense,20000,32,2,163,0.0012153733987361193,0.96724375,1.0,400000000,0,400000000,0.0,309166080000,0.06289669999932812,0.0,6541.43896484375
dense,20000,32,2,164,0.0012127170339226723,0.967284375,1.0,400000000,0,400000000,0.0,309166080000,0.06435570000030566,0.0,6541.43896484375
dense,20000,32,2,165,0.0012103341287001967,0.9673359375,1.0,400000000,0,400000000,0.0,309166080000,0.06424779999906605,0.0,6541.43896484375
dense,20000,32,2,166,0.0012081796303391457,0.9673125,1.0,400000000,0,400000000,0.0,309166080000,0.06350229999952717,0.0,6541.43896484375
dense,20000,32,2,167,0.0012062366586178541,0.967371875,1.0,400000000,0,400000000,0.0,309166080000,0.06415569999990112,0.0,6541.43896484375
dense,20000,32,2,168,0.0012044500326737761,0.9673453125,1.0,400000000,0,400000000,0.0,309166080000,0.06350120000024617,0.0,6541.43896484375
dense,20000,32,2,169,0.0012027665507048368,0.967403125,1.0,400000000,0,400000000,0.0,309166080000,0.06200129999888304,0.0,6541.43896484375
dense,20000,32,2,170,0.0012012104270979762,0.9674890625,1.0,400000000,0,400000000,0.0,309166080000,0.06120759999976144,0.0,6541.43896484375
dense,20000,32,2,171,0.0011998445261269808,0.96755,1.0,400000000,0,400000000,0.0,309166080000,0.06179529999826627,0.0,6541.43896484375
dense,20000,32,2,172,0.001198652433231473,0.9676109375,1.0,400000000,0,400000000,0.0,309166080000,0.061059199999363045,0.0,6541.43896484375
dense,20000,32,2,173,0.0011975490488111973,0.96765,1.0,400000000,0,400000000,0.0,309166080000,0.06268339999951422,0.0,6541.43896484375
dense,20000,32,2,174,0.0011964915320277214,0.9676921875,1.0,400000000,0,400000000,0.0,309166080000,0.061504199999035336,0.0,6541.43896484375
dense,20000,32,2,175,0.001195501652546227,0.9677171875,1.0,400000000,0,400000000,0.0,309166080000,0.06101619999935792,0.0,6541.43896484375
dense,20000,32,2,176,0.0011946124723181129,0.9677859375,1.0,400000000,0,400000000,0.0,309166080000,0.0614542999992409,0.0,6541.43896484375
dense,20000,32,2,177,0.0011938215466216207,0.9678578125,1.0,400000000,0,400000000,0.0,309166080000,0.06098480000036943,0.0,6541.43896484375
dense,20000,32,2,178,0.0011931031476706266,0.9678953125,1.0,400000000,0,400000000,0.0,309166080000,0.060969500000283006,0.0,6541.43896484375
dense,20000,32,2,179,0.0011924431892111897,0.9679109375,1.0,400000000,0,400000000,0.0,309166080000,0.061373399999865796,0.0,6541.43896484375
dense,20000,32,2,180,0.0011918427189812064,0.9679125,1.0,400000000,0,400000000,0.0,309166080000,0.06147090000013122,0.0,6541.43896484375
dense,20000,32,2,181,0.0011912963818758726,0.9679703125,1.0,400000000,0,400000000,0.0,309166080000,0.06119419999959064,0.0,6541.43896484375
dense,20000,32,2,182,0.0011907911393791437,0.9679625,1.0,400000000,0,400000000,0.0,309166080000,0.061088200000085635,0.0,6541.43896484375
dense,20000,32,2,183,0.0011903232662007213,0.9679140625,1.0,400000000,0,400000000,0.0,309166080000,0.06147239999882004,0.0,6541.43896484375
dense,20000,32,2,184,0.0011899007949978113,0.9678828125,1.0,400000000,0,400000000,0.0,309166080000,0.060991299998931936,0.0,6541.43896484375
dense,20000,32,2,185,0.001189518952742219,0.96788125,1.0,400000000,0,400000000,0.0,309166080000,0.0610620999996172,0.0,6541.43896484375
dense,20000,32,2,186,0.0011891581816598773,0.967871875,1.0,400000000,0,400000000,0.0,309166080000,0.06124979999913194,0.0,6541.43896484375
dense,20000,32,2,187,0.0011888138251379132,0.9678703125,1.0,400000000,0,400000000,0.0,309166080000,0.06130239999947662,0.0,6541.43896484375
dense,20000,32,2,188,0.0011884967098012567,0.96793125,1.0,400000000,0,400000000,0.0,309166080000,0.06290009999975155,0.0,6541.43896484375
dense,20000,32,2,189,0.00118821463547647,0.9679140625,1.0,400000000,0,400000000,0.0,309166080000,0.061634899999262416,0.0,6541.43896484375
dense,20000,32,2,190,0.0011879621306434274,0.967934375,1.0,400000000,0,400000000,0.0,309166080000,0.06177630000092904,0.0,6541.43896484375
dense,20000,32,2,191,0.001187727670185268,0.967896875,1.0,400000000,0,400000000,0.0,309166080000,0.06169980000049691,0.0,6541.43896484375
dense,20000,32,2,192,0.0011875074123963714,0.9679171875,1.0,400000000,0,400000000,0.0,309166080000,0.06123469999874942,0.0,6541.43896484375
dense,20000,32,2,193,0.001187305198982358,0.96794375,1.0,400000000,0,400000000,0.0,309166080000,0.06113480000021809,0.0,6541.43896484375
dense,20000,32,2,194,0.001187120215035975,0.967984375,1.0,400000000,0,400000000,0.0,309166080000,0.06084569999984524,0.0,6541.43896484375
dense,20000,32,2,195,0.0011869467562064528,0.967940625,1.0,400000000,0,400000000,0.0,309166080000,0.0646271000005072,0.0,6541.43896484375
dense,20000,32,2,196,0.0011867855209857225,0.9679671875,1.0,400000000,0,400000000,0.0,309166080000,0.06308989999888581,0.0,6541.43896484375
dense,20000,32,2,197,0.0011866400018334389,0.9679828125,1.0,400000000,0,400000000,0.0,309166080000,0.06342809999841847,0.0,6541.43896484375
dense,20000,32,2,198,0.0011865091510117054,0.967965625,1.0,400000000,0,400000000,0.0,309166080000,0.06287139999949432,0.0,6541.43896484375
dense,20000,32,2,199,0.001186386332847178,0.9679578125,1.0,400000000,0,400000000,0.0,309166080000,0.06290530000114813,0.0,6541.43896484375
dense,20000,32,2,200,0.001186271314509213,0.967940625,1.0,400000000,0,400000000,0.0,309166080000,0.06236859999989974,0.0,6541.43896484375
dense,20000,32,2,201,0.0011861688690260053,0.9679703125,1.0,400000000,0,400000000,0.0,309166080000,0.06232339999951364,0.0,6541.43896484375
dense,20000,32,2,202,0.0011860777158290148,0.9679875,1.0,400000000,0,400000000,0.0,309166080000,0.061245400000188965,0.0,6541.43896484375
dense,20000,32,2,203,0.0011859908699989319,0.9679859375,1.0,400000000,0,400000000,0.0,309166080000,0.06120999999984633,0.0,6541.43896484375
dense,20000,32,2,204,0.0011859021615236998,0.9679859375,1.0,400000000,0,400000000,0.0,309166080000,0.06195250000018859,0.0,6541.43896484375
dense,20000,32,2,205,0.001185814500786364,0.9680203125,1.0,400000000,0,400000000,0.0,309166080000,0.06134030000066559,0.0,6541.43896484375
dense,20000,32,2,206,0.0011857347562909126,0.9680046875,1.0,400000000,0,400000000,0.0,309166080000,0.061751000001095235,0.0,6541.43896484375
dense,20000,32,2,207,0.001185665256343782,0.9680015625,1.0,400000000,0,400000000,0.0,309166080000,0.061153700000431854,0.0,6541.43896484375
dense,20000,32,2,208,0.0011856037890538573,0.967990625,1.0,400000000,0,400000000,0.0,309166080000,0.06131889999960549,0.0,6541.43896484375
dense,20000,32,2,209,0.0011855466291308403,0.96795,1.0,400000000,0,400000000,0.0,309166080000,0.061047199998938595,0.0,6541.43896484375
dense,20000,32,2,210,0.0011854907497763634,0.967946875,1.0,400000000,0,400000000,0.0,309166080000,0.06111439999949653,0.0,6541.43896484375
dense,20000,32,2,211,0.0011854375479742885,0.9679390625,1.0,400000000,0,400000000,0.0,309166080000,0.061516499999925145,0.0,6541.43896484375
dense,20000,32,2,212,0.001185388769954443,0.9679359375,1.0,400000000,0,400000000,0.0,309166080000,0.06402920000073209,0.0,6541.43896484375
dense,20000,32,2,213,0.001185346976853907,0.9679546875,1.0,400000000,0,400000000,0.0,309166080000,0.06386630000088189,0.0,6541.43896484375
dense,20000,32,2,214,0.0011853121686726809,0.9679734375,1.0,400000000,0,400000000,0.0,309166080000,0.06336319999900297,0.0,6541.43896484375
dense,20000,32,2,215,0.0011852820171043277,0.9679609375,1.0,400000000,0,400000000,0.0,309166080000,0.06312889999935578,0.0,6541.43896484375
dense,20000,32,2,216,0.0011852519819512963,0.9679828125,1.0,400000000,0,400000000,0.0,309166080000,0.06191630000103032,0.0,6541.43896484375
dense,20000,32,2,217,0.0011852189199998975,0.96798125,1.0,400000000,0,400000000,0.0,309166080000,0.06100530000003346,0.0,6541.43896484375
dense,20000,32,2,218,0.0011851867893710732,0.96796875,1.0,400000000,0,400000000,0.0,309166080000,0.06132360000083281,0.0,6541.43896484375
dense,20000,32,2,219,0.001185162109322846,0.9679828125,1.0,400000000,0,400000000,0.0,309166080000,0.061281799999051145,0.0,6541.43896484375
dense,20000,32,2,220,0.0011851368471980095,0.968003125,1.0,400000000,0,400000000,0.0,309166080000,0.06186150000030466,0.0,6541.43896484375
dense,20000,32,2,221,0.0011851071612909436,0.9679921875,1.0,400000000,0,400000000,0.0,309166080000,0.06125229999997828,0.0,6541.43896484375
dense,20000,32,2,222,0.0011850841110572219,0.967984375,1.0,400000000,0,400000000,0.0,309166080000,0.06192330000158108,0.0,6541.43896484375
dense,20000,32,2,223,0.0011850682785734534,0.9679921875,1.0,400000000,0,400000000,0.0,309166080000,0.0610553999995318,0.0,6541.43896484375
dense,20000,32,2,224,0.0011850477894768119,0.9679734375,1.0,400000000,0,400000000,0.0,309166080000,0.061758200001349906,0.0,6541.43896484375
dense,20000,32,2,225,0.00118502217810601,0.9679765625,1.0,400000000,0,400000000,0.0,309166080000,0.06118320000132371,0.0,6541.43896484375
dense,20000,32,2,226,0.0011849995935335755,0.96796875,1.0,400000000,0,400000000,0.0,309166080000,0.06120609999925364,0.0,6541.43896484375
dense,20000,32,2,227,0.0011849835282191634,0.96796875,1.0,400000000,0,400000000,0.0,309166080000,0.06149919999916165,0.0,6541.43896484375
dense,20000,32,2,228,0.0011849725851789117,0.9679890625,1.0,400000000,0,400000000,0.0,309166080000,0.061562599999888334,0.0,6541.43896484375
dense,20000,32,2,229,0.0011849652510136366,0.9679890625,1.0,400000000,0,400000000,0.0,309166080000,0.06160060000001977,0.0,6541.43896484375
dense,20000,32,2,230,0.0011849580332636833,0.967965625,1.0,400000000,0,400000000,0.0,309166080000,0.061417199998686556,0.0,6541.43896484375
dense,20000,32,2,231,0.0011849452275782824,0.9679515625,1.0,400000000,0,400000000,0.0,309166080000,0.0609801000009611,0.0,6541.43896484375
dense,20000,32,2,232,0.0011849269503727555,0.967959375,1.0,400000000,0,400000000,0.0,309166080000,0.06289590000051248,0.0,6541.43896484375
dense,20000,32,2,233,0.0011849113507196307,0.9679671875,1.0,400000000,0,400000000,0.0,309166080000,0.06696519999968586,0.0,6541.43896484375
dense,20000,32,2,234,0.0011849070433527231,0.967978125,1.0,400000000,0,400000000,0.0,309166080000,0.06845729999986361,0.0,6541.43896484375
dense,20000,32,2,235,0.0011849133297801018,0.9679703125,1.0,400000000,0,400000000,0.0,309166080000,0.06355849999999919,0.0,6541.43896484375
dense,20000,32,2,236,0.0011849200818687677,0.9679765625,1.0,400000000,0,400000000,0.0,309166080000,0.061642099999517086,0.0,6541.43896484375
dense,20000,32,2,237,0.001184919849038124,0.9679796875,1.0,400000000,0,400000000,0.0,309166080000,0.06258359999992535,0.0,6541.43896484375
dense,20000,32,2,238,0.0011849093716591597,0.9679875,1.0,400000000,0,400000000,0.0,309166080000,0.06717989999924612,0.0,6541.43896484375
dense,20000,32,2,239,0.0011848899303004146,0.9679859375,1.0,400000000,0,400000000,0.0,309166080000,0.06688899999971909,0.0,6541.43896484375
dense,20000,32,2,240,0.0011848743306472898,0.967990625,1.0,400000000,0,400000000,0.0,309166080000,0.061886999999842374,0.0,6541.43896484375
dense,20000,32,2,241,0.001184876193292439,0.967965625,1.0,400000000,0,400000000,0.0,309166080000,0.06175199999961478,0.0,6541.43896484375
dense,20000,32,2,242,0.0011848884169012308,0.967971875,1.0,400000000,0,400000000,0.0,309166080000,0.06605560000025434,0.0,6541.43896484375
dense,20000,32,2,243,0.0011848872527480125,0.967971875,1.0,400000000,0,400000000,0.0,309166080000,0.06718880000153149,0.0,6541.43896484375
dense,20000,32,2,244,0.0011848665308207273,0.967971875,1.0,400000000,0,400000000,0.0,309166080000,0.06384289999914472,0.0,6541.43896484375
dense,20000,32,2,245,0.001184849999845028,0.9679921875,1.0,400000000,0,400000000,0.0,309166080000,0.06399549999878218,0.0,6541.43896484375
dense,20000,32,2,246,0.001184854656457901,0.9679890625,1.0,400000000,0,400000000,0.0,309166080000,0.06477389999963634,0.0,6541.43896484375
dense,20000,32,2,247,0.001184868044219911,0.967996875,1.0,400000000,0,400000000,0.0,309166080000,0.06270050000057381,0.0,6541.43896484375
dense,20000,32,2,248,0.0011848666472360492,0.9679734375,1.0,400000000,0,400000000,0.0,309166080000,0.061521600000560284,0.0,6541.43896484375
dense,20000,32,2,249,0.0011848508147522807,0.9679734375,1.0,400000000,0,400000000,0.0,309166080000,0.06333790000098816,0.0,6541.43896484375
dense,20000,32,2,250,0.0011848387075588107,0.967959375,1.0,400000000,0,400000000,0.0,309166080000,0.06200340000032156,0.0,6541.43896484375
dense,20000,32,2,251,0.0011848346330225468,0.967953125,1.0,400000000,0,400000000,0.0,309166080000,0.06167780000032508,0.0,6541.43896484375
dense,20000,32,2,252,0.0011848312569782138,0.9679609375,1.0,400000000,0,400000000,0.0,309166080000,0.06164289999833272,0.0,6541.43896484375
dense,20000,32,2,253,0.0011848288122564554,0.96795,1.0,400000000,0,400000000,0.0,309166080000,0.06151560000034806,0.0,6541.43896484375
dense,20000,32,2,254,0.0011848332360386848,0.9679640625,1.0,400000000,0,400000000,0.0,309166080000,0.06282119999923452,0.0,6541.43896484375
dense,20000,32,2,255,0.0011848418507725,0.9679640625,1.0,400000000,0,400000000,0.0,309166080000,0.06334849999984726,0.0,6541.43896484375
dense,20000,32,2,256,0.0011848454596474767,0.967978125,1.0,400000000,0,400000000,0.0,309166080000,0.06178120000004128,0.0,6541.43896484375
dense,20000,32,2,257,0.0011848390568047762,0.96796875,1.0,400000000,0,400000000,0.0,309166080000,0.061642199998459546,0.0,6541.43896484375
dense,20000,32,2,258,0.0011848247377201915,0.9679703125,1.0,400000000,0,400000000,0.0,309166080000,0.06361490000017511,0.0,6541.43896484375
dense,20000,32,2,259,0.0011848120484501123,0.9679734375,1.0,400000000,0,400000000,0.0,309166080000,0.06371690000014496,0.0,6541.43896484375
dense,20000,32,2,260,0.0011848098365589976,0.9679703125,1.0,400000000,0,400000000,0.0,309166080000,0.06362520000038785,0.0,6541.43896484375
dense,20000,32,2,261,0.0011848130961880088,0.967975,1.0,400000000,0,400000000,0.0,309166080000,0.06389469999885478,0.0,6541.43896484375
dense,20000,32,2,262,0.0011848079739138484,0.967959375,1.0,400000000,0,400000000,0.0,309166080000,0.0633720000005269,0.0,6541.43896484375
dense,20000,32,2,263,0.001184795401059091,0.9679640625,1.0,400000000,0,400000000,0.0,309166080000,0.06497210000088671,0.0,6541.43896484375
dense,20000,32,2,264,0.0011847884161397815,0.9679640625,1.0,400000000,0,400000000,0.0,309166080000,0.06287009999869042,0.0,6541.43896484375
dense,20000,32,2,265,0.0011847937712445855,0.9679578125,1.0,400000000,0,400000000,0.0,309166080000,0.0632854999985284,0.0,6541.43896484375
dense,20000,32,2,266,0.0011848022695630789,0.9679625,1.0,400000000,0,400000000,0.0,309166080000,0.06418400000075053,0.0,6541.43896484375
dense,20000,32,2,267,0.001184804947115481,0.967959375,1.0,400000000,0,400000000,0.0,309166080000,0.06431340000017371,0.0,6541.43896484375
dense,20000,32,2,268,0.0011848032008856535,0.9679640625,1.0,400000000,0,400000000,0.0,309166080000,0.06184120000034454,0.0,6541.43896484375
dense,20000,32,2,269,0.0011848023859784007,0.96795,1.0,400000000,0,400000000,0.0,309166080000,0.06679609999991953,0.0,6541.43896484375
dense,20000,32,2,270,0.0011848043650388718,0.96795625,1.0,400000000,0,400000000,0.0,309166080000,0.06320439999944938,0.0,6541.43896484375
dense,20000,32,2,271,0.0011848059948533773,0.9679546875,1.0,400000000,0,400000000,0.0,309166080000,0.061801899999409216,0.0,6541.43896484375
dense,20000,32,2,272,0.0011848043650388718,0.9679515625,1.0,400000000,0,400000000,0.0,309166080000,0.06373569999959727,0.0,6541.43896484375
dense,20000,32,2,273,0.0011847963323816657,0.967959375,1.0,400000000,0,400000000,0.0,309166080000,0.06277729999965231,0.0,6541.43896484375
dense,20000,32,2,274,0.0011847874848172069,0.9679546875,1.0,400000000,0,400000000,0.0,309166080000,0.06575900000098045,0.0,6541.43896484375
dense,20000,32,2,275,0.0011847884161397815,0.9679578125,1.0,400000000,0,400000000,0.0,309166080000,0.06491949999872304,0.0,6541.43896484375
dense,20000,32,2,276,0.0011848029680550098,0.9679546875,1.0,400000000,0,400000000,0.0,309166080000,0.06614810000064608,0.0,6541.43896484375
dense,20000,32,2,277,0.0011848254362121224,0.9679609375,1.0,400000000,0,400000000,0.0,309166080000,0.06809460000113177,0.0,6541.43896484375
dense,20000,32,2,278,0.0011848474387079477,0.96795625,1.0,400000000,0,400000000,0.0,309166080000,0.06561540000075183,0.0,6541.43896484375
dense,20000,32,2,279,0.0011848644353449345,0.96795625,1.0,400000000,0,400000000,0.0,309166080000,0.06556540000019595,0.0,6541.43896484375
dense,20000,32,2,280,0.0011848766589537263,0.96795625,1.0,400000000,0,400000000,0.0,309166080000,0.06676549999974668,0.0,6541.43896484375
dense,20000,32,2,281,0.0011848828289657831,0.9679671875,1.0,400000000,0,400000000,0.0,309166080000,0.06560069999977713,0.0,6541.43896484375
dense,20000,32,2,282,0.001184875494800508,0.967953125,1.0,400000000,0,400000000,0.0,309166080000,0.06671579999965616,0.0,6541.43896484375
dense,20000,32,2,283,0.001184849883429706,0.9679609375,1.0,400000000,0,400000000,0.0,309166080000,0.06760419999955047,0.0,6541.43896484375
dense,20000,32,2,284,0.0011848220601677895,0.9679515625,1.0,400000000,0,400000000,0.0,309166080000,0.06614350000018021,0.0,6541.43896484375
dense,20000,32,2,285,0.0011848146095871925,0.9679609375,1.0,400000000,0,400000000,0.0,309166080000,0.06612119999954302,0.0,6541.43896484375
dense,20000,32,2,286,0.001184829161502421,0.96795625,1.0,400000000,0,400000000,0.0,309166080000,0.06549940000149945,0.0,6541.43896484375
dense,20000,32,2,287,0.0011848444119095802,0.967959375,1.0,400000000,0,400000000,0.0,309166080000,0.06508179999946151,0.0,6541.43896484375
dense,20000,32,2,288,0.0011848420836031437,0.967959375,1.0,400000000,0,400000000,0.0,309166080000,0.0631840000005468,0.0,6541.43896484375
dense,20000,32,2,289,0.0011848278809338808,0.9679578125,1.0,400000000,0,400000000,0.0,309166080000,0.06319000000075903,0.0,6541.43896484375
dense,20000,32,2,290,0.0011848239228129387,0.9679625,1.0,400000000,0,400000000,0.0,309166080000,0.06447610000032,0.0,6541.43896484375
dense,20000,32,2,291,0.001184843946248293,0.9679546875,1.0,400000000,0,400000000,0.0,309166080000,0.06657309999900463,0.0,6541.43896484375
dense,20000,32,2,292,0.0011848739814013243,0.967959375,1.0,400000000,0,400000000,0.0,309166080000,0.06661230000099749,0.0,6541.43896484375
dense,20000,32,2,293,0.0011848903959617019,0.9679546875,1.0,400000000,0,400000000,0.0,309166080000,0.06298819999938132,0.0,6541.43896484375
dense,20000,32,2,294,0.0011848881840705872,0.96795,1.0,400000000,0,400000000,0.0,309166080000,0.06147370000144292,0.0,6541.43896484375
dense,20000,32,2,295,0.0011848796857520938,0.96795,1.0,400000000,0,400000000,0.0,309166080000,0.06494500000007974,0.0,6541.43896484375
dense,20000,32,2,296,0.0011848724680021405,0.9679578125,1.0,400000000,0,400000000,0.0,309166080000,0.06226489999971818,0.0,6541.43896484375
dense,20000,32,2,297,0.0011848623398691416,0.967953125,1.0,400000000,0,400000000,0.0,309166080000,0.06471889999920677,0.0,6541.43896484375
dense,20000,32,2,298,0.0011848483700305223,0.9679578125,1.0,400000000,0,400000000,0.0,309166080000,0.06357519999983197,0.0,6541.43896484375
dense,20000,32,2,299,0.001184844528324902,0.96795625,1.0,400000000,0,400000000,0.0,309166080000,0.06473489999916637,0.0,6541.43896484375
dense,20000,32,2,300,0.0011848575668409467,0.96795625,1.0,400000000,0,400000000,0.0,309166080000,0.06832849999955215,0.0,6541.43896484375
dense,20000,32,2,301,0.0011848723515868187,0.9679625,1.0,400000000,0,400000000,0.0,309166080000,0.06809580000117421,0.0,6541.43896484375
dense,20000,32,2,302,0.001184868160635233,0.9679578125,1.0,400000000,0,400000000,0.0,309166080000,0.06755729999895266,0.0,6541.43896484375
dense,20000,32,2,303,0.001184847205877304,0.9679609375,1.0,400000000,0,400000000,0.0,309166080000,0.06686760000047798,0.0,6541.43896484375
dense,20000,32,2,304,0.0011848325375467539,0.9679546875,1.0,400000000,0,400000000,0.0,309166080000,0.06672539999999572,0.0,6541.43896484375
dense,20000,32,2,305,0.001184837776236236,0.9679578125,1.0,400000000,0,400000000,0.0,309166080000,0.06641970000055153,0.0,6541.43896484375
dense,20000,32,2,306,0.0011848518624901772,0.9679578125,1.0,400000000,0,400000000,0.0,309166080000,0.0665977999997267,0.0,6541.43896484375
dense,20000,32,2,307,0.0011848564026877284,0.9679546875,1.0,400000000,0,400000000,0.0,309166080000,0.06148910000047181,0.0,6541.43896484375
dense,20000,32,2,308,0.0011848460417240858,0.967959375,1.0,400000000,0,400000000,0.0,309166080000,0.06334779999997409,0.0,6541.43896484375
dense,20000,32,2,309,0.0011848356807604432,0.9679515625,1.0,400000000,0,400000000,0.0,309166080000,0.06454990000020189,0.0,6541.43896484375
dense,20000,32,2,310,0.0011848403373733163,0.967959375,1.0,400000000,0,400000000,0.0,309166080000,0.06355280000025232,0.0,6541.43896484375
dense,20000,32,2,311,0.0011848571011796594,0.9679546875,1.0,400000000,0,400000000,0.0,309166080000,0.06385129999944184,0.0,6541.43896484375
dense,20000,32,2,312,0.001184868742711842,0.9679625,1.0,400000000,0,400000000,0.0,309166080000,0.06388400000105321,0.0,6541.43896484375
dense,20000,32,2,313,0.0011848629219457507,0.9679515625,1.0,400000000,0,400000000,0.0,309166080000,0.06281899999885354,0.0,6541.43896484375
dense,20000,32,2,314,0.0011848456924781203,0.9679609375,1.0,400000000,0,400000000,0.0,309166080000,0.061702500001047156,0.0,6541.43896484375
dense,20000,32,2,315,0.001184829045087099,0.9679515625,1.0,400000000,0,400000000,0.0,309166080000,0.061513799999374896,0.0,6541.43896484375
dense,20000,32,2,316,0.0011848218273371458,0.9679546875,1.0,400000000,0,400000000,0.0,309166080000,0.06171179999910237,0.0,6541.43896484375
dense,20000,32,2,317,0.001184822991490364,0.9679546875,1.0,400000000,0,400000000,0.0,309166080000,0.06188950000068871,0.0,6541.43896484375
dense,20000,32,2,318,0.001184825086966157,0.967953125,1.0,400000000,0,400000000,0.0,309166080000,0.06216400000084832,0.0,6541.43896484375
dense,20000,32,2,319,0.0011848245048895478,0.9679578125,1.0,400000000,0,400000000,0.0,309166080000,0.06286159999945085,0.0,6541.43896484375
dense,20000,32,2,320,0.0011848227586597204,0.96795625,1.0,400000000,0,400000000,0.0,309166080000,0.06290249999983644,0.0,6541.43896484375
dense,20000,32,2,321,0.001184824388474226,0.9679515625,1.0,400000000,0,400000000,0.0,309166080000,0.06274879999909899,0.0,6541.43896484375
dense,20000,32,2,322,0.0011848253197968006,0.967959375,1.0,400000000,0,400000000,0.0,309166080000,0.062363199998799246,0.0,6541.43896484375
dense,20000,32,2,323,0.001184816937893629,0.96795,1.0,400000000,0,400000000,0.0,309166080000,0.06170600000041304,0.0,6541.43896484375
dense,20000,32,2,324,0.0011847985442727804,0.967959375,1.0,400000000,0,400000000,0.0,309166080000,0.061850099998991936,0.0,6541.43896484375
dense,20000,32,2,325,0.0011847825953736901,0.9679546875,1.0,400000000,0,400000000,0.0,309166080000,0.06239650000134134,0.0,6541.43896484375
dense,20000,32,2,326,0.0011847804998978972,0.9679515625,1.0,400000000,0,400000000,0.0,309166080000,0.0633213999990403,0.0,6541.43896484375
dense,20000,32,2,327,0.0011847903952002525,0.9679609375,1.0,400000000,0,400000000,0.0,309166080000,0.06366019999950367,0.0,6541.43896484375
dense,20000,32,2,328,0.001184802851639688,0.96795,1.0,400000000,0,400000000,0.0,309166080000,0.06350349999956961,0.0,6541.43896484375
dense,20000,32,2,329,0.0011848113499581814,0.9679625,1.0,400000000,0,400000000,0.0,309166080000,0.06368879999899946,0.0,6541.43896484375
dense,20000,32,2,330,0.0011848148424178362,0.9679546875,1.0,400000000,0,400000000,0.0,309166080000,0.06348170000092068,0.0,6541.43896484375
dense,20000,32,2,331,0.00118481635581702,0.9679578125,1.0,400000000,0,400000000,0.0,309166080000,0.06265560000065307,0.0,6541.43896484375
dense,20000,32,2,332,0.001184821710921824,0.967953125,1.0,400000000,0,400000000,0.0,309166080000,0.06276579999939713,0.0,6541.43896484375
dense,20000,32,2,333,0.0011848367284983397,0.967953125,1.0,400000000,0,400000000,0.0,309166080000,0.06252090000089083,0.0,6541.43896484375
dense,20000,32,2,334,0.0011848527938127518,0.9679515625,1.0,400000000,0,400000000,0.0,309166080000,0.0650829000005615,0.0,6541.43896484375
dense,20000,32,2,335,0.0011848551221191883,0.9679578125,1.0,400000000,0,400000000,0.0,309166080000,0.06406419999984792,0.0,6541.43896484375
dense,20000,32,2,336,0.0011848470894619823,0.96795625,1.0,400000000,0,400000000,0.0,309166080000,0.06364260000009381,0.0,6541.43896484375
dense,20000,32,2,337,0.001184849301353097,0.967959375,1.0,400000000,0,400000000,0.0,309166080000,0.06393179999940912,0.0,6541.43896484375
dense,20000,32,2,338,0.0011848652502521873,0.9679578125,1.0,400000000,0,400000000,0.0,309166080000,0.06578760000047623,0.0,6541.43896484375
dense,20000,32,2,339,0.0011848818976432085,0.9679546875,1.0,400000000,0,400000000,0.0,309166080000,0.06398389999958454,0.0,6541.43896484375
dense,20000,32,2,340,0.0011848898138850927,0.96795,1.0,400000000,0,400000000,0.0,309166080000,0.06659100000069884,0.0,6541.43896484375
dense,20000,32,2,341,0.0011848917929455638,0.9679515625,1.0,400000000,0,400000000,0.0,309166080000,0.06652699999904144,0.0,6541.43896484375
dense,20000,32,2,342,0.0011848898138850927,0.96795,1.0,400000000,0,400000000,0.0,309166080000,0.06643650000114576,0.0,6541.43896484375
dense,20000,32,2,343,0.0011848853901028633,0.9679546875,1.0,400000000,0,400000000,0.0,309166080000,0.0669222999986232,0.0,6541.43896484375
dense,20000,32,2,344,0.0011848844587802887,0.9679546875,1.0,400000000,0,400000000,0.0,309166080000,0.06743970000025001,0.0,6541.43896484375
dense,20000,32,2,345,0.0011848884169012308,0.967953125,1.0,400000000,0,400000000,0.0,309166080000,0.06553109999913431,0.0,6541.43896484375
dense,20000,32,2,346,0.0011848877184092999,0.967953125,1.0,400000000,0,400000000,0.0,309166080000,0.06677870000021358,0.0,6541.43896484375
dense,20000,32,2,347,0.0011848793365061283,0.96795,1.0,400000000,0,400000000,0.0,309166080000,0.06503520000114804,0.0,6541.43896484375
dense,20000,32,2,348,0.001184874796308577,0.9679609375,1.0,400000000,0,400000000,0.0,309166080000,0.0671461999991152,0.0,6541.43896484375
dense,20000,32,2,349,0.0011848782887682319,0.96795,1.0,400000000,0,400000000,0.0,309166080000,0.06656539999858069,0.0,6541.43896484375
dense,20000,32,2,350,0.001184880151413381,0.9679578125,1.0,400000000,0,400000000,0.0,309166080000,0.06538879999970959,0.0,6541.43896484375
dense,20000,32,2,351,0.0011848750291392207,0.9679515625,1.0,400000000,0,400000000,0.0,309166080000,0.06445920000078331,0.0,6541.43896484375
dense,20000,32,2,352,0.0011848693247884512,0.9679578125,1.0,400000000,0,400000000,0.0,309166080000,0.06327059999966878,0.0,6541.43896484375
dense,20000,32,2,353,0.0011848644353449345,0.96795625,1.0,400000000,0,400000000,0.0,309166080000,0.06659450000006473,0.0,6541.43896484375
dense,20000,32,2,354,0.0011848554713651538,0.967959375,1.0,400000000,0,400000000,0.0,309166080000,0.06321030000071914,0.0,6541.43896484375
dense,20000,32,2,355,0.0011848451104015112,0.9679546875,1.0,400000000,0,400000000,0.0,309166080000,0.06167929999901389,0.0,6541.43896484375
dense,20000,32,2,356,0.0011848418507725,0.9679625,1.0,400000000,0,400000000,0.0,309166080000,0.06174779999855673,0.0,6541.43896484375
dense,20000,32,2,357,0.0011848483700305223,0.967953125,1.0,400000000,0,400000000,0.0,309166080000,0.06420740000066871,0.0,6541.43896484375
dense,20000,32,2,358,0.0011848576832562685,0.9679578125,1.0,400000000,0,400000000,0.0,309166080000,0.06326390000140236,0.0,6541.43896484375
dense,20000,32,2,359,0.0011848624562844634,0.9679453125,1.0,400000000,0,400000000,0.0,309166080000,0.06679570000051172,0.0,6541.43896484375
dense,20000,32,2,360,0.0011848639696836472,0.9679515625,1.0,400000000,0,400000000,0.0,309166080000,0.06558570000015607,0.0,6541.43896484375
dense,20000,32,2,361,0.0011848683934658766,0.9679515625,1.0,400000000,0,400000000,0.0,309166080000,0.06678410000131407,0.0,6541.43896484375
dense,20000,32,2,362,0.0011848823633044958,0.9679546875,1.0,400000000,0,400000000,0.0,309166080000,0.06609970000135945,0.0,6541.43896484375
dense,20000,32,2,363,0.00118490238673985,0.96795625,1.0,400000000,0,400000000,0.0,309166080000,0.06606049999936658,0.0,6541.43896484375
dense,20000,32,2,364,0.0011849183356389403,0.9679546875,1.0,400000000,0,400000000,0.0,309166080000,0.06589429999985441,0.0,6541.43896484375
dense,20000,32,2,365,0.0011849227594211698,0.9679515625,1.0,400000000,0,400000000,0.0,309166080000,0.06601869999940391,0.0,6541.43896484375
dense,20000,32,2,366,0.0011849217116832733,0.9679515625,1.0,400000000,0,400000000,0.0,309166080000,0.06352780000088387,0.0,6541.43896484375
dense,20000,32,2,367,0.0011849277652800083,0.9679578125,1.0,400000000,0,400000000,0.0,309166080000,0.06673839999893971,0.0,6541.43896484375
dense,20000,32,2,368,0.0011849437141790986,0.9679546875,1.0,400000000,0,400000000,0.0,309166080000,0.06532270000025164,0.0,6541.43896484375
dense,20000,32,2,369,0.001184958848170936,0.9679640625,1.0,400000000,0,400000000,0.0,309166080000,0.06098589999965043,0.0,6541.43896484375
dense,20000,32,2,370,0.001184962224215269,0.96794375,1.0,400000000,0,400000000,0.0,309166080000,0.06088669999917329,0.0,6541.43896484375
dense,20000,32,2,371,0.0011849593138322234,0.9679703125,1.0,400000000,0,400000000,0.0,309166080000,0.06114259999958449,0.0,6541.43896484375
dense,20000,32,2,372,0.001184964319691062,0.9679421875,1.0,400000000,0,400000000,0.0,309166080000,0.061400099999445956,0.0,6541.43896484375
dense,20000,32,2,373,0.0011849846923723817,0.9679546875,1.0,400000000,0,400000000,0.0,309166080000,0.06433580000157235,0.0,6541.43896484375
dense,20000,32,2,374,0.0011850083246827126,0.96795,1.0,400000000,0,400000000,0.0,309166080000,0.06292739999844343,0.0,6541.43896484375
dense,20000,32,2,375,0.0011850132141262293,0.9679484375,1.0,400000000,0,400000000,0.0,309166080000,0.06151539999882516,0.0,6541.43896484375
dense,20000,32,2,376,0.0011849915608763695,0.96795625,1.0,400000000,0,400000000,0.0,309166080000,0.06123909999951138,0.0,6541.43896484375
dense,20000,32,2,377,0.001184958266094327,0.9679578125,1.0,400000000,0,400000000,0.0,309166080000,0.061146100000769366,0.0,6541.43896484375
dense,20000,32,2,378,0.0011849330039694905,0.9679578125,1.0,400000000,0,400000000,0.0,309166080000,0.06097650000083377,0.0,6541.43896484375
dense,20000,32,2,379,0.0011849269503727555,0.9679625,1.0,400000000,0,400000000,0.0,309166080000,0.06100770000011835,0.0,6541.43896484375
dense,20000,32,2,380,0.00118493742775172,0.9679625,1.0,400000000,0,400000000,0.0,309166080000,0.06093399999917892,0.0,6541.43896484375
dense,20000,32,2,381,0.001184950233437121,0.9679546875,1.0,400000000,0,400000000,0.0,309166080000,0.06136570000126085,0.0,6541.43896484375
dense,20000,32,2,382,0.001184952910989523,0.9679625,1.0,400000000,0,400000000,0.0,309166080000,0.06087170000137121,0.0,6541.43896484375
dense,20000,32,2,383,0.0011849462753161788,0.967946875,1.0,400000000,0,400000000,0.0,309166080000,0.062225199999375036,0.0,6541.43896484375
dense,20000,32,2,384,0.0011849352158606052,0.9679671875,1.0,400000000,0,400000000,0.0,309166080000,0.06072230000063428,0.0,6541.43896484375
dense,20000,32,2,385,0.0011849194997921586,0.9679421875,1.0,400000000,0,400000000,0.0,309166080000,0.06086959999993269,0.0,6541.43896484375
dense,20000,32,2,386,0.0011849000584334135,0.9679640625,1.0,400000000,0,400000000,0.0,309166080000,0.061090900000635884,0.0,6541.43896484375
dense,20000,32,2,387,0.0011848825961351395,0.9679484375,1.0,400000000,0,400000000,0.0,309166080000,0.06093150000015157,0.0,6541.43896484375
dense,20000,32,2,388,0.0011848733993247151,0.9679546875,1.0,400000000,0,400000000,0.0,309166080000,0.061211799999000505,0.0,6541.43896484375
dense,20000,32,2,389,0.0011848752619698644,0.967959375,1.0,400000000,0,400000000,0.0,309166080000,0.06123499999921478,0.0,6541.43896484375
dense,20000,32,2,390,0.0011848850408568978,0.9679546875,1.0,400000000,0,400000000,0.0,309166080000,0.06098000000019965,0.0,6541.43896484375
dense,20000,32,2,391,0.0011848955182358623,0.9679609375,1.0,400000000,0,400000000,0.0,309166080000,0.06149770000047283,0.0,6541.43896484375
dense,20000,32,2,392,0.0011849056463688612,0.967953125,1.0,400000000,0,400000000,0.0,309166080000,0.06083549999857496,0.0,6541.43896484375
dense,20000,32,2,393,0.0011849147267639637,0.9679578125,1.0,400000000,0,400000000,0.0,309166080000,0.06164570000146341,0.0,6541.43896484375
dense,20000,32,2,394,0.0011849235743284225,0.96795625,1.0,400000000,0,400000000,0.0,309166080000,0.06257660000119358,0.0,6541.43896484375
dense,20000,32,2,395,0.0011849283473566175,0.9679578125,1.0,400000000,0,400000000,0.0,309166080000,0.061722200000076555,0.0,6541.43896484375
dense,20000,32,2,396,0.0011849250877276063,0.96795625,1.0,400000000,0,400000000,0.0,309166080000,0.06118390000119689,0.0,6541.43896484375
dense,20000,32,2,397,0.0011849156580865383,0.96795,1.0,400000000,0,400000000,0.0,309166080000,0.06071689999953378,0.0,6541.43896484375
dense,20000,32,2,398,0.0011849110014736652,0.96795625,1.0,400000000,0,400000000,0.0,309166080000,0.060802699999840115,0.0,6541.43896484375
dense,20000,32,2,399,0.0011849190341308713,0.9679484375,1.0,400000000,0,400000000,0.0,309166080000,0.06074179999995977,0.0,6541.43896484375
dense,20000,32,2,400,0.0011849352158606052,0.9679515625,1.0,400000000,0,400000000,0.0,309166080000,0.061020200000712066,0.0,6541.43896484375
dense,20000,32,2,401,0.0011849466245621443,0.96795625,1.0,400000000,0,400000000,0.0,309166080000,0.06123769999976503,0.0,6541.43896484375
dense,20000,32,2,402,0.001184942782856524,0.967953125,1.0,400000000,0,400000000,0.0,309166080000,0.061040099999445374,0.0,6541.43896484375
dense,20000,32,2,403,0.0011849227594211698,0.9679625,1.0,400000000,0,400000000,0.0,309166080000,0.061071200001606485,0.0,6541.43896484375
dense,20000,32,2,404,0.0011848991271108389,0.967953125,1.0,400000000,0,400000000,0.0,309166080000,0.0607916999997542,0.0,6541.43896484375
dense,20000,32,2,405,0.0011848845751956105,0.9679609375,1.0,400000000,0,400000000,0.0,309166080000,0.06072580000000016,0.0,6541.43896484375
dense,20000,32,2,406,0.0011848832946270704,0.96794375,1.0,400000000,0,400000000,0.0,309166080000,0.06252189999941038,0.0,6541.43896484375
dense,20000,32,2,407,0.0011848931899294257,0.967959375,1.0,400000000,0,400000000,0.0,309166080000,0.06118859999878623,0.0,6541.43896484375
dense,20000,32,2,408,0.0011849040165543556,0.96794375,1.0,400000000,0,400000000,0.0,309166080000,0.06112510000093607,0.0,6541.43896484375
dense,20000,32,2,409,0.0011849066941067576,0.9679625,1.0,400000000,0,400000000,0.0,309166080000,0.06120849999933853,0.0,6541.43896484375
dense,20000,32,2,410,0.0011849035508930683,0.9679515625,1.0,400000000,0,400000000,0.0,309166080000,0.06174579999969865,0.0,6541.43896484375
dense,20000,32,2,411,0.0011849135626107454,0.967953125,1.0,400000000,0,400000000,0.0,309166080000,0.06081129999984114,0.0,6541.43896484375
dense,20000,32,2,412,0.0011849546572193503,0.9679640625,1.0,400000000,0,400000000,0.0,309166080000,0.06087180000031367,0.0,6541.43896484375
dense,20000,32,2,413,0.001185012748464942,0.967959375,1.0,400000000,0,400000000,0.0,309166080000,0.06096550000074785,0.0,6541.43896484375
dense,20000,32,2,414,0.0011850452283397317,0.9679609375,1.0,400000000,0,400000000,0.0,309166080000,0.06085260000145354,0.0,6541.43896484375
dense,20000,32,2,415,0.0011850169394165277,0.9679625,1.0,400000000,0,400000000,0.0,309166080000,0.06128970000099798,0.0,6541.43896484375
dense,20000,32,2,416,0.0011849540751427412,0.9679578125,1.0,400000000,0,400000000,0.0,309166080000,0.06106039999940549,0.0,6541.43896484375
dense,20000,32,2,417,0.0011849188013002276,0.96795,1.0,400000000,0,400000000,0.0,309166080000,0.06108700000004319,0.0,6541.43896484375
dense,20000,32,2,418,0.00118493742775172,0.9679546875,1.0,400000000,0,400000000,0.0,309166080000,0.060833999999886146,0.0,6541.43896484375
dense,20000,32,2,419,0.0011849736329168081,0.967946875,1.0,400000000,0,400000000,0.0,309166080000,0.060744600001271465,0.0,6541.43896484375
dense,20000,32,2,420,0.0011849821312353015,0.96795625,1.0,400000000,0,400000000,0.0,309166080000,0.061523300000772,0.0,6541.43896484375
dense,20000,32,2,421,0.0011849583825096488,0.9679421875,1.0,400000000,0,400000000,0.0,309166080000,0.06110409999928379,0.0,6541.43896484375
dense,20000,32,2,422,0.0011849339352920651,0.967953125,1.0,400000000,0,400000000,0.0,309166080000,0.06142410000029486,0.0,6541.43896484375
dense,20000,32,2,423,0.001184939406812191,0.96794375,1.0,400000000,0,400000000,0.0,309166080000,0.06157159999929718,0.0,6541.43896484375
dense,20000,32,2,424,0.001184968277812004,0.967953125,1.0,400000000,0,400000000,0.0,309166080000,0.06135489999905985,0.0,6541.43896484375
dense,20000,32,2,425,0.0011849881848320365,0.96795625,1.0,400000000,0,400000000,0.0,309166080000,0.060809799999333336,0.0,6541.43896484375
dense,20000,32,2,426,0.0011849768925458193,0.9679546875,1.0,400000000,0,400000000,0.0,309166080000,0.06085179999899992,0.0,6541.43896484375
dense,20000,32,2,427,0.0011849462753161788,0.9679515625,1.0,400000000,0,400000000,0.0,309166080000,0.060889600001246436,0.0,6541.43896484375
dense,20000,32,2,428,0.001184934633783996,0.9679578125,1.0,400000000,0,400000000,0.0,309166080000,0.06070890000046347,0.0,6541.43896484375
dense,20000,32,2,429,0.0011849591974169016,0.9679421875,1.0,400000000,0,400000000,0.0,309166080000,0.06102699999973993,0.0,6541.43896484375
dense,20000,32,2,430,0.001184998662211001,0.967959375,1.0,400000000,0,400000000,0.0,309166080000,0.06119910000052187,0.0,6541.43896484375
dense,20000,32,2,431,0.0011850222945213318,0.9679484375,1.0,400000000,0,400000000,0.0,309166080000,0.06099920000087877,0.0,6541.43896484375
dense,20000,32,2,432,0.0011850236915051937,0.967959375,1.0,400000000,0,400000000,0.0,309166080000,0.060904100000698236,0.0,6541.43896484375
dense,20000,32,2,433,0.0011850198497995734,0.9679578125,1.0,400000000,0,400000000,0.0,309166080000,0.06084480000026815,0.0,6541.43896484375
dense,20000,32,2,434,0.0011850245064124465,0.9679625,1.0,400000000,0,400000000,0.0,309166080000,0.060916399999769055,0.0,6541.43896484375
dense,20000,32,2,435,0.0011850327719002962,0.9679578125,1.0,400000000,0,400000000,0.0,309166080000,0.06124449999879289,0.0,6541.43896484375
dense,20000,32,2,436,0.0011850367300212383,0.9679703125,1.0,400000000,0,400000000,0.0,309166080000,0.06119510000098671,0.0,6541.43896484375
dense,20000,32,2,437,0.001185038941912353,0.967946875,1.0,400000000,0,400000000,0.0,309166080000,0.06115789999967092,0.0,6541.43896484375
dense,20000,32,2,438,0.0011850390583276749,0.96796875,1.0,400000000,0,400000000,0.0,309166080000,0.06092579999858572,0.0,6541.43896484375
dense,20000,32,2,439,0.001185032189823687,0.9679578125,1.0,400000000,0,400000000,0.0,309166080000,0.06216680000034103,0.0,6541.43896484375
dense,20000,32,2,440,0.001185012748464942,0.9679578125,1.0,400000000,0,400000000,0.0,309166080000,0.06087240000124439,0.0,6541.43896484375
dense,20000,32,2,441,0.0011849815491586924,0.96795,1.0,400000000,0,400000000,0.0,309166080000,0.06095690000074683,0.0,6541.43896484375
dense,20000,32,2,442,0.0011849486036226153,0.967965625,1.0,400000000,0,400000000,0.0,309166080000,0.06092679999892425,0.0,6541.43896484375
dense,20000,32,2,443,0.0011849327711388469,0.967953125,1.0,400000000,0,400000000,0.0,309166080000,0.06118349999997008,0.0,6541.43896484375
dense,20000,32,2,444,0.001184943481348455,0.9679609375,1.0,400000000,0,400000000,0.0,309166080000,0.061352099999567145,0.0,6541.43896484375
dense,20000,32,2,445,0.0011849715374410152,0.9679515625,1.0,400000000,0,400000000,0.0,309166080000,0.06123620000107621,0.0,6541.43896484375
dense,20000,32,2,446,0.001184994587674737,0.9679625,1.0,400000000,0,400000000,0.0,309166080000,0.06091249999917636,0.0,6541.43896484375
dense,20000,32,2,447,0.00118499796371907,0.9679484375,1.0,400000000,0,400000000,0.0,309166080000,0.060868399999890244,0.0,6541.43896484375
dense,20000,32,2,448,0.0011849879520013928,0.967953125,1.0,400000000,0,400000000,0.0,309166080000,0.06097779999981867,0.0,6541.43896484375
dense,20000,32,2,449,0.0011849821312353015,0.9679546875,1.0,400000000,0,400000000,0.0,309166080000,0.06212259999847447,0.0,6541.43896484375
dense,20000,32,2,450,0.0011849884176626801,0.9679546875,1.0,400000000,0,400000000,0.0,309166080000,0.06124929999896267,0.0,6541.43896484375
dense,20000,32,2,451,0.0011849984293803573,0.96795625,1.0,400000000,0,400000000,0.0,309166080000,0.061010900000837864,0.0,6541.43896484375
dense,20000,32,2,452,0.0011849988950416446,0.967953125,1.0,400000000,0,400000000,0.0,309166080000,0.06106100000033621,0.0,6541.43896484375
dense,20000,32,2,453,0.0011849887669086456,0.9679390625,1.0,400000000,0,400000000,0.0,309166080000,0.06098290000045381,0.0,6541.43896484375
dense,20000,32,2,454,0.0011849788716062903,0.9679578125,1.0,400000000,0,400000000,0.0,309166080000,0.06082820000119682,0.0,6541.43896484375
dense,20000,32,2,455,0.0011849780566990376,0.96794375,1.0,400000000,0,400000000,0.0,309166080000,0.061090699999112985,0.0,6541.43896484375
dense,20000,32,2,456,0.0011849866714328527,0.9679578125,1.0,400000000,0,400000000,0.0,309166080000,0.06093890000011015,0.0,6541.43896484375
dense,20000,32,2,457,0.0011849942384287715,0.9679453125,1.0,400000000,0,400000000,0.0,309166080000,0.061228300000948366,0.0,6541.43896484375
dense,20000,32,2,458,0.0011849895818158984,0.9679609375,1.0,400000000,0,400000000,0.0,309166080000,0.06121949999942444,0.0,6541.43896484375
dense,20000,32,2,459,0.0011849708389490843,0.967946875,1.0,400000000,0,400000000,0.0,309166080000,0.061037499999656575,0.0,6541.43896484375
dense,20000,32,2,460,0.0011849477887153625,0.9679578125,1.0,400000000,0,400000000,0.0,309166080000,0.06082390000119631,0.0,6541.43896484375
dense,20000,32,2,461,0.001184934051707387,0.967953125,1.0,400000000,0,400000000,0.0,309166080000,0.060891900000569876,0.0,6541.43896484375
dense,20000,32,2,462,0.0011849341681227088,0.96795625,1.0,400000000,0,400000000,0.0,309166080000,0.06094899999879999,0.0,6541.43896484375
dense,20000,32,2,463,0.0011849404545500875,0.96795625,1.0,400000000,0,400000000,0.0,309166080000,0.060894399999597226,0.0,6541.43896484375
dense,20000,32,2,464,0.0011849417351186275,0.9679578125,1.0,400000000,0,400000000,0.0,309166080000,0.061143700000684476,0.0,6541.43896484375
dense,20000,32,2,465,0.0011849332368001342,0.967953125,1.0,400000000,0,400000000,0.0,309166080000,0.06121239999993122,0.0,6541.43896484375
dense,20000,32,2,466,0.0011849188013002276,0.9679578125,1.0,400000000,0,400000000,0.0,309166080000,0.061087899999620277,0.0,6541.43896484375
dense,20000,32,2,467,0.0011849054135382175,0.9679546875,1.0,400000000,0,400000000,0.0,309166080000,0.06085219999840774,0.0,6541.43896484375
dense,20000,32,2,468,0.0011848987778648734,0.9679515625,1.0,400000000,0,400000000,0.0,309166080000,0.06175250000160304,0.0,6541.43896484375
dense,20000,32,2,469,0.0011849009897559881,0.9679609375,1.0,400000000,0,400000000,0.0,309166080000,0.060919100000319304,0.0,6541.43896484375
dense,20000,32,2,470,0.001184910419397056,0.967946875,1.0,400000000,0,400000000,0.0,309166080000,0.06153230000018084,0.0,6541.43896484375
dense,20000,32,2,471,0.0011849229922518134,0.9679640625,1.0,400000000,0,400000000,0.0,309166080000,0.06122219999997469,0.0,6541.43896484375
dense,20000,32,2,472,0.0011849356815218925,0.967953125,1.0,400000000,0,400000000,0.0,309166080000,0.06192200000077719,0.0,6541.43896484375
dense,20000,32,2,473,0.0011849484872072935,0.9679609375,1.0,400000000,0,400000000,0.0,309166080000,0.061139299999922514,0.0,6541.43896484375
dense,20000,32,2,474,0.0011849615257233381,0.9679484375,1.0,400000000,0,400000000,0.0,309166080000,0.0612345000008645,0.0,6541.43896484375
dense,20000,32,2,475,0.0011849725851789117,0.967959375,1.0,400000000,0,400000000,0.0,309166080000,0.06104619999860006,0.0,6541.43896484375
dense,20000,32,2,476,0.001184978405945003,0.9679421875,1.0,400000000,0,400000000,0.0,309166080000,0.060861100000693114,0.0,6541.43896484375
dense,20000,32,2,477,0.0011849781731143594,0.967953125,1.0,400000000,0,400000000,0.0,309166080000,0.06071449999944889,0.0,6541.43896484375
dense,20000,32,2,478,0.0011849765432998538,0.96794375,1.0,400000000,0,400000000,0.0,309166080000,0.062280899999677786,0.0,6541.43896484375
dense,20000,32,2,479,0.0011849845759570599,0.9679515625,1.0,400000000,0,400000000,0.0,309166080000,0.061207099999592174,0.0,6541.43896484375
dense,20000,32,2,480,0.001185007393360138,0.9679546875,1.0,400000000,0,400000000,0.0,309166080000,0.06113729999924544,0.0,6541.43896484375
dense,20000,32,2,481,0.0011850375449284911,0.9679484375,1.0,400000000,0,400000000,0.0,309166080000,0.060887600000569364,0.0,6541.43896484375
dense,20000,32,2,482,0.0011850616429001093,0.9679484375,1.0,400000000,0,400000000,0.0,309166080000,0.0609346999990521,0.0,6541.43896484375
dense,20000,32,2,483,0.0011850690934807062,0.96795,1.0,400000000,0,400000000,0.0,309166080000,0.06075960000089253,0.0,6541.43896484375
dense,20000,32,2,484,0.0011850589653477073,0.967959375,1.0,400000000,0,400000000,0.0,309166080000,0.0607161999996606,0.0,6541.43896484375
dense,20000,32,2,485,0.0011850392911583185,0.9679515625,1.0,400000000,0,400000000,0.0,309166080000,0.06084560000090278,0.0,6541.43896484375
dense,20000,32,2,486,0.0011850183364003897,0.9679609375,1.0,400000000,0,400000000,0.0,309166080000,0.061170599999968545,0.0,6541.43896484375
dense,20000,32,2,487,0.0011849973816424608,0.9679484375,1.0,400000000,0,400000000,0.0,309166080000,0.061052000000927364,0.0,6541.43896484375
dense,20000,32,2,488,0.0011849746806547046,0.9679609375,1.0,400000000,0,400000000,0.0,309166080000,0.0642031000006682,0.0,6541.43896484375
dense,20000,32,2,489,0.0011849552392959595,0.967946875,1.0,400000000,0,400000000,0.0,309166080000,0.0665036999998847,0.0,6541.43896484375
dense,20000,32,2,490,0.0011849483707919717,0.9679640625,1.0,400000000,0,400000000,0.0,309166080000,0.06603259999974398,0.0,6541.43896484375
dense,20000,32,2,491,0.001184953493066132,0.96795,1.0,400000000,0,400000000,0.0,309166080000,0.06925919999957841,0.0,6541.43896484375
dense,20000,32,2,492,0.0011849611764773726,0.96795625,1.0,400000000,0,400000000,0.0,309166080000,0.0663749999985157,0.0,6541.43896484375
dense,20000,32,2,493,0.0011849654838442802,0.967953125,1.0,400000000,0,400000000,0.0,309166080000,0.0668493999983184,0.0,6541.43896484375
dense,20000,32,2,494,0.001184968976303935,0.9679640625,1.0,400000000,0,400000000,0.0,309166080000,0.06685339999967255,0.0,6541.43896484375
dense,20000,32,2,495,0.0011849794536828995,0.9679546875,1.0,400000000,0,400000000,0.0,309166080000,0.06677619999936724,0.0,6541.43896484375
dense,20000,32,2,496,0.0011849990114569664,0.9679640625,1.0,400000000,0,400000000,0.0,309166080000,0.06668699999863748,0.0,6541.43896484375
dense,20000,32,2,497,0.0011850218288600445,0.96795625,1.0,400000000,0,400000000,0.0,309166080000,0.06657319999976608,0.0,6541.43896484375
dense,20000,32,2,498,0.0011850364971905947,0.9679546875,1.0,400000000,0,400000000,0.0,309166080000,0.06529240000054415,0.0,6541.43896484375
dense,20000,32,2,499,0.001185036264359951,0.9679578125,1.0,400000000,0,400000000,0.0,309166080000,0.06265840000014578,0.0,6541.43896484375
dense,20000,32,2,500,0.0011850264854729176,0.967953125,1.0,400000000,0,400000000,0.0,309166080000,0.0633244000000559,0.0,6541.43896484375
exact,20000,32,2,1,0.22800417244434357,0.083625,1.0,640000,400000000,400640000,20000.0,53657600000,0.05716490000122576,0.017140399999334477,691.220703125
exact,20000,32,2,2,0.18727849423885345,0.072509375,1.0,640000,400000000,400640000,20000.0,53657600000,0.02351049999924726,0.01765759999943839,691.345703125
exact,20000,32,2,3,0.1642688810825348,0.0620875,1.0,640000,400000000,400640000,20000.0,53657600000,0.022031299999071052,0.01648139999997511,691.345703125
exact,20000,32,2,4,0.15195459127426147,0.053134375,1.0,640000,400000000,400640000,20000.0,53657600000,0.023070299999744748,0.017312899999524234,690.876953125
exact,20000,32,2,5,0.14526928961277008,0.0462921875,1.0,640000,400000000,400640000,20000.0,53657600000,0.022257399999944028,0.016717599999537924,691.345703125
exact,20000,32,2,6,0.1408882588148117,0.0409953125,1.0,640000,400000000,400640000,20000.0,53657600000,0.024118399998769746,0.01769599999897764,690.876953125
exact,20000,32,2,7,0.13736285269260406,0.03705625,1.0,640000,400000000,400640000,20000.0,53657600000,0.02223059999960242,0.016500000001542503,691.345703125
exact,20000,32,2,8,0.13402511179447174,0.034203125,1.0,640000,400000000,400640000,20000.0,53657600000,0.023365600000033737,0.016405800000939053,691.345703125
exact,20000,32,2,9,0.13096356391906738,0.0320203125,1.0,640000,400000000,400640000,20000.0,53657600000,0.023334499999691616,0.017484800000602263,691.345703125
exact,20000,32,2,10,0.12824098765850067,0.030409375,1.0,640000,400000000,400640000,20000.0,53657600000,0.02244570000038948,0.01658580000002985,690.876953125
exact,20000,32,2,11,0.12588092684745789,0.0290703125,1.0,640000,400000000,400640000,20000.0,53657600000,0.023930600000312552,0.01775139999881503,691.345703125
exact,20000,32,2,12,0.12385603040456772,0.0281515625,1.0,640000,400000000,400640000,20000.0,53657600000,0.023997199999939767,0.01764030000049388,691.345703125
exact,20000,32,2,13,0.12206940352916718,0.0273890625,1.0,640000,400000000,400640000,20000.0,53657600000,0.02418249999936961,0.017726300000504125,691.345703125
exact,20000,32,2,14,0.12052877992391586,0.0268703125,1.0,640000,400000000,400640000,20000.0,53657600000,0.024963399999251124,0.018024500001047272,690.876953125
exact,20000,32,2,15,0.11919055134057999,0.0263890625,1.0,640000,400000000,400640000,20000.0,53657600000,0.024415299998509,0.017797200000131852,691.345703125
exact,20000,32,2,16,0.11801735311746597,0.025990625,1.0,640000,400000000,400640000,20000.0,53657600000,0.024651299998367904,0.01821170000039274,691.345703125
exact,20000,32,2,17,0.11702880263328552,0.025775,1.0,640000,400000000,400640000,20000.0,53657600000,0.02457970000068599,0.017895499999212916,691.345703125
exact,20000,32,2,18,0.11613541841506958,0.0256359375,1.0,640000,400000000,400640000,20000.0,53657600000,0.024871300000086194,0.018035299999610288,690.876953125
exact,20000,32,2,19,0.11535927653312683,0.025596875,1.0,640000,400000000,400640000,20000.0,53657600000,0.024581199999374803,0.01768439999978,691.345703125
exact,20000,32,2,20,0.11465255171060562,0.0256265625,1.0,640000,400000000,400640000,20000.0,53657600000,0.024680299999090494,0.01760690000082832,691.345703125
exact,20000,32,2,21,0.11399105936288834,0.0257109375,1.0,640000,400000000,400640000,20000.0,53657600000,0.025424899999052286,0.01831099999981234,691.345703125
exact,20000,32,2,22,0.11344147473573685,0.02585,1.0,640000,400000000,400640000,20000.0,53657600000,0.025202599999829545,0.018038099999102997,690.876953125
exact,20000,32,2,23,0.11297404766082764,0.026021875,1.0,640000,400000000,400640000,20000.0,53657600000,0.02502269999968121,0.01750530000026629,691.345703125
exact,20000,32,2,24,0.11255265772342682,0.0260734375,1.0,640000,400000000,400640000,20000.0,53657600000,0.025052200000573066,0.01756319999913103,691.345703125
exact,20000,32,2,25,0.11220341175794601,0.02639375,1.0,640000,400000000,400640000,20000.0,53657600000,0.02786269999887736,0.018534299999373616,691.345703125
exact,20000,32,2,26,0.1118873879313469,0.02670625,1.0,640000,400000000,400640000,20000.0,53657600000,0.02718490000006568,0.019502600000123493,690.876953125
exact,20000,32,2,27,0.11161433160305023,0.027015625,1.0,640000,400000000,400640000,20000.0,53657600000,0.026132000000870903,0.01782669999920472,691.345703125
exact,20000,32,2,28,0.11135034263134003,0.0273484375,1.0,640000,400000000,400640000,20000.0,53657600000,0.02564889999848674,0.017491900000095484,691.345703125
exact,20000,32,2,29,0.1111135482788086,0.027746875,1.0,640000,400000000,400640000,20000.0,53657600000,0.024827500001265435,0.016905999998925836,691.345703125
exact,20000,32,2,30,0.11088686436414719,0.0281421875,1.0,640000,400000000,400640000,20000.0,53657600000,0.02438559999973222,0.016289899998810142,690.876953125
exact,20000,32,2,31,0.11069062352180481,0.0286140625,1.0,640000,400000000,400640000,20000.0,53657600000,0.025241999999707332,0.017046999999365653,691.345703125
exact,20000,32,2,32,0.11050570756196976,0.029196875,1.0,640000,400000000,400640000,20000.0,53657600000,0.02448499999991327,0.01634369999919727,691.345703125
exact,20000,32,2,33,0.1103411614894867,0.029778125,1.0,640000,400000000,400640000,20000.0,53657600000,0.025845300000582938,0.0168852999995579,691.345703125
exact,20000,32,2,34,0.11018803715705872,0.0303953125,1.0,640000,400000000,400640000,20000.0,53657600000,0.025265600001148414,0.0172536999998556,690.876953125
exact,20000,32,2,35,0.11004750430583954,0.031046875,1.0,640000,400000000,400640000,20000.0,53657600000,0.02593479999995907,0.017259799999010283,691.345703125
exact,20000,32,2,36,0.10993244498968124,0.031825,1.0,640000,400000000,400640000,20000.0,53657600000,0.025274600000557257,0.017099500000767875,691.345703125
exact,20000,32,2,37,0.10981733351945877,0.03255,1.0,640000,400000000,400640000,20000.0,53657600000,0.025414800000362447,0.01729940000041097,691.345703125
exact,20000,32,2,38,0.1097055971622467,0.0334328125,1.0,640000,400000000,400640000,20000.0,53657600000,0.026388599999336293,0.01810490000025311,690.876953125
exact,20000,32,2,39,0.1096063181757927,0.0343140625,1.0,640000,400000000,400640000,20000.0,53657600000,0.02441480000015872,0.01634120000016992,691.345703125
exact,20000,32,2,40,0.10950743407011032,0.0352734375,1.0,640000,400000000,400640000,20000.0,53657600000,0.026334599999245256,0.01750460000039311,691.345703125
exact,20000,32,2,41,0.10940368473529816,0.0363671875,1.0,640000,400000000,400640000,20000.0,53657600000,0.025917900000422378,0.017631499998969957,691.345703125
exact,20000,32,2,42,0.10930678248405457,0.0376046875,1.0,640000,400000000,400640000,20000.0,53657600000,0.025355199999467004,0.017311999999947147,690.876953125
exact,20000,32,2,43,0.10921354591846466,0.0389859375,1.0,640000,400000000,400640000,20000.0,53657600000,0.024343900000530994,0.016275100000711973,691.345703125
exact,20000,32,2,44,0.10913129895925522,0.0404671875,1.0,640000,400000000,400640000,20000.0,53657600000,0.02621480000016163,0.0181362999992416,691.345703125
exact,20000,32,2,45,0.10904672741889954,0.0419984375,1.0,640000,400000000,400640000,20000.0,53657600000,0.024531500001103268,0.016364799999792012,691.345703125
exact,20000,32,2,46,0.10896006971597672,0.04375,1.0,640000,400000000,400640000,20000.0,53657600000,0.028073900000890717,0.018523099999583792,690.876953125
exact,20000,32,2,47,0.10887956619262695,0.045609375,1.0,640000,400000000,400640000,20000.0,53657600000,0.02719989999968675,0.016526100000191946,691.345703125
exact,20000,32,2,48,0.1087953969836235,0.04778125,1.0,640000,400000000,400640000,20000.0,53657600000,0.02530540000043402,0.016642099999444326,691.345703125
exact,20000,32,2,49,0.10871084034442902,0.0501484375,1.0,640000,400000000,400640000,20000.0,53657600000,0.025243600000976585,0.01686870000048657,691.345703125
exact,20000,32,2,50,0.1086287796497345,0.052725,1.0,640000,400000000,400640000,20000.0,53657600000,0.02609130000018922,0.0178632999995898,690.876953125
exact,20000,32,2,51,0.10852651298046112,0.0556109375,1.0,640000,400000000,400640000,20000.0,53657600000,0.02504410000074131,0.01664390000041749,691.345703125
exact,20000,32,2,52,0.1084323599934578,0.0589234375,1.0,640000,400000000,400640000,20000.0,53657600000,0.025850499998341547,0.0176065000014205,691.345703125
exact,20000,32,2,53,0.10832797735929489,0.062540625,1.0,640000,400000000,400640000,20000.0,53657600000,0.02615210000112711,0.01782939999975497,691.345703125
exact,20000,32,2,54,0.10822091996669769,0.0666109375,1.0,640000,400000000,400640000,20000.0,53657600000,0.024511000001439243,0.01690480000070238,690.876953125
exact,20000,32,2,55,0.10810980945825577,0.0711578125,1.0,640000,400000000,400640000,20000.0,53657600000,0.027458200000182842,0.018106000001353095,691.345703125
exact,20000,32,2,56,0.10797464102506638,0.076584375,1.0,640000,400000000,400640000,20000.0,53657600000,0.023756299999149633,0.016369000000850065,691.345703125
exact,20000,32,2,57,0.10782893002033234,0.0823984375,1.0,640000,400000000,400640000,20000.0,53657600000,0.024287199999889708,0.016928099999859114,691.345703125
exact,20000,32,2,58,0.10765068233013153,0.0892515625,1.0,640000,400000000,400640000,20000.0,53657600000,0.023605700000189245,0.016390699998737546,690.876953125
exact,20000,32,2,59,0.10745170712471008,0.0971515625,1.0,640000,400000000,400640000,20000.0,53657600000,0.024435299999822746,0.01664329999948677,691.345703125
exact,20000,32,2,60,0.10720866173505783,0.106709375,1.0,640000,400000000,400640000,20000.0,53657600000,0.02429630000006,0.017228599999725702,691.345703125
exact,20000,32,2,61,0.10691176354885101,0.1179046875,1.0,640000,400000000,400640000,20000.0,53657600000,0.024085099999865633,0.016330700000253273,691.345703125
exact,20000,32,2,62,0.10654237866401672,0.1312109375,1.0,640000,400000000,400640000,20000.0,53657600000,0.023141700001360732,0.016374599999835482,690.876953125
exact,20000,32,2,63,0.10607721656560898,0.1469875,1.0,640000,400000000,400640000,20000.0,53657600000,0.024357399999644258,0.01718570000048203,691.345703125
exact,20000,32,2,64,0.10549450665712357,0.1658609375,1.0,640000,400000000,400640000,20000.0,53657600000,0.023499099999753525,0.017072599999664817,691.345703125
exact,20000,32,2,65,0.10475128889083862,0.1885859375,1.0,640000,400000000,400640000,20000.0,53657600000,0.022906899999725283,0.01663360000020475,691.345703125
exact,20000,32,2,66,0.1037999764084816,0.2152296875,1.0,640000,400000000,400640000,20000.0,53657600000,0.023119100000258186,0.016966499999398366,690.876953125
exact,20000,32,2,67,0.1025712713599205,0.2462390625,1.0,640000,400000000,400640000,20000.0,53657600000,0.02238299999953597,0.016412799999670824,691.345703125
exact,20000,32,2,68,0.10104488581418991,0.2821609375,1.0,640000,400000000,400640000,20000.0,53657600000,0.02287390000128653,0.017062900000382797,691.345703125
exact,20000,32,2,69,0.09915484488010406,0.3210125,1.0,640000,400000000,400640000,20000.0,53657600000,0.02244789999895147,0.01668980000067677,691.345703125
exact,20000,32,2,70,0.09684289246797562,0.3612328125,1.0,640000,400000000,400640000,20000.0,53657600000,0.022517500001413282,0.016992599999866798,690.876953125
exact,20000,32,2,71,0.0941508561372757,0.4017421875,1.0,640000,400000000,400640000,20000.0,53657600000,0.022129299999505747,0.016620500000499305,691.345703125
exact,20000,32,2,72,0.0910746157169342,0.4399140625,1.0,640000,400000000,400640000,20000.0,53657600000,0.022957600000154343,0.017658999999184744,691.345703125
exact,20000,32,2,73,0.0875648781657219,0.474290625,1.0,640000,400000000,400640000,20000.0,53657600000,0.02167860000008659,0.016443599999547587,691.345703125
exact,20000,32,2,74,0.08366860449314117,0.5045140625,1.0,640000,400000000,400640000,20000.0,53657600000,0.022010700000464567,0.01630480000130774,690.876953125
exact,20000,32,2,75,0.07940912246704102,0.530178125,1.0,640000,400000000,400640000,20000.0,53657600000,0.022349500000927947,0.017276499998843065,691.345703125
exact,20000,32,2,76,0.074822336435318,0.552,1.0,640000,400000000,400640000,20000.0,53657600000,0.022461699998530094,0.016276899999866146,691.345703125
exact,20000,32,2,77,0.07000027596950531,0.5705109375,1.0,640000,400000000,400640000,20000.0,53657600000,0.021911599998929887,0.016878700000233948,691.345703125
exact,20000,32,2,78,0.06506674736738205,0.586609375,1.0,640000,400000000,400640000,20000.0,53657600000,0.023764899999150657,0.017350699999951757,690.876953125
exact,20000,32,2,79,0.0601898655295372,0.6007546875,1.0,640000,400000000,400640000,20000.0,53657600000,0.024413799999820185,0.018064999998387066,691.345703125
exact,20000,32,2,80,0.05552798882126808,0.613453125,1.0,640000,400000000,400640000,20000.0,53657600000,0.02132970000093337,0.01627340000050026,691.345703125
exact,20000,32,2,81,0.051191870123147964,0.6255125,1.0,640000,400000000,400640000,20000.0,53657600000,0.021901899999647867,0.016901799999686773,691.345703125
exact,20000,32,2,82,0.04723753035068512,0.6373078125,1.0,640000,400000000,400640000,20000.0,53657600000,0.02132040000105917,0.016304200000377023,690.876953125
exact,20000,32,2,83,0.04366588592529297,0.6492796875,1.0,640000,400000000,400640000,20000.0,53657600000,0.022175799998876755,0.01635849999911443,691.345703125
exact,20000,32,2,84,0.040463242679834366,0.6610078125,1.0,640000,400000000,400640000,20000.0,53657600000,0.021939300000667572,0.01691930000015418,691.345703125
exact,20000,32,2,85,0.03761989623308182,0.67271875,1.0,640000,400000000,400640000,20000.0,53657600000,0.0216932999992423,0.016627599999992526,691.345703125
exact,20000,32,2,86,0.03512127324938774,0.6840171875,1.0,640000,400000000,400640000,20000.0,53657600000,0.02241879999928642,0.016916599999603932,690.876953125
exact,20000,32,2,87,0.03291819617152214,0.6949734375,1.0,640000,400000000,400640000,20000.0,53657600000,0.021704100001443294,0.016620000000330037,691.345703125
exact,20000,32,2,88,0.030937261879444122,0.7054625,1.0,640000,400000000,400640000,20000.0,53657600000,0.022016500000972883,0.016935599998760154,691.345703125
exact,20000,32,2,89,0.029109584167599678,0.71614375,1.0,640000,400000000,400640000,20000.0,53657600000,0.022876699998960248,0.017581400001290604,691.345703125
exact,20000,32,2,90,0.02738979458808899,0.7261953125,1.0,640000,400000000,400640000,20000.0,53657600000,0.021912600001087412,0.016511200001332327,690.876953125
exact,20000,32,2,91,0.025745637714862823,0.7360296875,1.0,640000,400000000,400640000,20000.0,53657600000,0.02311600000030012,0.01768609999999171,691.345703125
exact,20000,32,2,92,0.024152550846338272,0.7457234375,1.0,640000,400000000,400640000,20000.0,53657600000,0.022997899999609217,0.017448699998567463,691.345703125
exact,20000,32,2,93,0.022598672658205032,0.7556984375,1.0,640000,400000000,400640000,20000.0,53657600000,0.023021799999696668,0.017627299999730894,691.345703125
exact,20000,32,2,94,0.021078702062368393,0.765196875,1.0,640000,400000000,400640000,20000.0,53657600000,0.023614800000359537,0.017706900000121095,690.876953125
exact,20000,32,2,95,0.01959327422082424,0.7745578125,1.0,640000,400000000,400640000,20000.0,53657600000,0.024194100000386243,0.018524699999034056,691.345703125
exact,20000,32,2,96,0.018154365941882133,0.783165625,1.0,640000,400000000,400640000,20000.0,53657600000,0.023346800000581425,0.01768629999969562,691.345703125
exact,20000,32,2,97,0.016778193414211273,0.7919875,1.0,640000,400000000,400640000,20000.0,53657600000,0.02308219999940775,0.017483699999502278,691.345703125
exact,20000,32,2,98,0.015477508306503296,0.800259375,1.0,640000,400000000,400640000,20000.0,53657600000,0.023612299999513198,0.018169500001022243,690.876953125
exact,20000,32,2,99,0.014262286014854908,0.808453125,1.0,640000,400000000,400640000,20000.0,53657600000,0.02414630000021134,0.01901969999926223,691.345703125
exact,20000,32,2,100,0.013134459033608437,0.8166125,1.0,640000,400000000,400640000,20000.0,53657600000,0.023443400001269765,0.017982399998800247,691.345703125
exact,20000,32,2,101,0.012090974487364292,0.8247265625,1.0,640000,400000000,400640000,20000.0,53657600000,0.0226701999999932,0.017494000001534005,691.345703125
exact,20000,32,2,102,0.011130967177450657,0.83269375,1.0,640000,400000000,400640000,20000.0,53657600000,0.025106099999902654,0.019410699998843484,690.876953125
exact,20000,32,2,103,0.010256041772663593,0.840590625,1.0,640000,400000000,400640000,20000.0,53657600000,0.024036700000579003,0.018480900000213296,691.345703125
exact,20000,32,2,104,0.009462766349315643,0.848384375,1.0,640000,400000000,400640000,20000.0,53657600000,0.024808000000120956,0.018866000000343774,691.345703125
exact,20000,32,2,105,0.008739188313484192,0.8554625,1.0,640000,400000000,400640000,20000.0,53657600000,0.02289329999985057,0.017556800001329975,691.345703125
exact,20000,32,2,106,0.008067355491220951,0.86236875,1.0,640000,400000000,400640000,20000.0,53657600000,0.02319519999946351,0.017626700000619167,690.876953125
exact,20000,32,2,107,0.007428472861647606,0.8689265625,1.0,640000,400000000,400640000,20000.0,53657600000,0.02393800000027113,0.018114200000127312,691.345703125
exact,20000,32,2,108,0.006806562654674053,0.8756671875,1.0,640000,400000000,400640000,20000.0,53657600000,0.025280599998950493,0.019657200000438024,691.345703125
exact,20000,32,2,109,0.006194951944053173,0.8832453125,1.0,640000,400000000,400640000,20000.0,53657600000,0.02449970000088797,0.019240300000092248,691.345703125
exact,20000,32,2,110,0.005601692013442516,0.89121875,1.0,640000,400000000,400640000,20000.0,53657600000,0.021393999999418156,0.016322999999829335,690.876953125
exact,20000,32,2,111,0.005047083366662264,0.8997125,1.0,640000,400000000,400640000,20000.0,53657600000,0.02168780000101833,0.01660690000062459,691.345703125
exact,20000,32,2,112,0.004552295431494713,0.90740625,1.0,640000,400000000,400640000,20000.0,53657600000,0.023373800000626943,0.017471300001489,691.345703125
exact,20000,32,2,113,0.004125969484448433,0.9138125,1.0,640000,400000000,400640000,20000.0,53657600000,0.0219812000013917,0.01675040000009176,691.345703125
exact,20000,32,2,114,0.0037638519424945116,0.918959375,1.0,640000,400000000,400640000,20000.0,53657600000,0.02201740000054997,0.016985399999612127,690.876953125
exact,20000,32,2,115,0.0034533850848674774,0.9226109375,1.0,640000,400000000,400640000,20000.0,53657600000,0.021720400000049267,0.016335099999196245,691.345703125
exact,20000,32,2,116,0.003183353692293167,0.925159375,1.0,640000,400000000,400640000,20000.0,53657600000,0.021876299999348703,0.01687799999854178,691.345703125
exact,20000,32,2,117,0.0029417788609862328,0.9271828125,1.0,640000,400000000,400640000,20000.0,53657600000,0.022843299999294686,0.01705500000025495,691.345703125
exact,20000,32,2,118,0.002717990893870592,0.929075,1.0,640000,400000000,400640000,20000.0,53657600000,0.02407600000151433,0.01857930000005581,690.876953125
exact,20000,32,2,119,0.0025044712238013744,0.9312796875,1.0,640000,400000000,400640000,20000.0,53657600000,0.022960399999647052,0.017317600000751554,691.345703125
exact,20000,32,2,120,0.0022997413761913776,0.9336484375,1.0,640000,400000000,400640000,20000.0,53657600000,0.022667299999739043,0.017543100000693812,691.345703125
exact,20000,32,2,121,0.002105999505147338,0.9361609375,1.0,640000,400000000,400640000,20000.0,53657600000,0.02367690000028233,0.01694810000117286,691.345703125
exact,20000,32,2,122,0.0019249835750088096,0.9393046875,1.0,640000,400000000,400640000,20000.0,53657600000,0.023733399999400717,0.017731400001139264,690.876953125
exact,20000,32,2,123,0.0017563648289069533,0.9419796875,1.0,640000,400000000,400640000,20000.0,53657600000,0.022458800000094925,0.017143500001111533,691.345703125
exact,20000,32,2,124,0.0015994543209671974,0.944728125,1.0,640000,400000000,400640000,20000.0,53657600000,0.021544100000028266,0.01628340000024764,691.345703125
exact,20000,32,2,125,0.0014547324972227216,0.9473828125,1.0,640000,400000000,400640000,20000.0,53657600000,0.02520389999881445,0.017479199999797856,691.345703125
exact,20000,32,2,126,0.0013231736375018954,0.9495796875,1.0,640000,400000000,400640000,20000.0,53657600000,0.022105300000475836,0.016582399999606423,690.876953125
exact,20000,32,2,127,0.0012053787941113114,0.951934375,1.0,640000,400000000,400640000,20000.0,53657600000,0.02275769999869226,0.017314400000032037,691.345703125
exact,20000,32,2,128,0.001101414323784411,0.9536875,1.0,640000,400000000,400640000,20000.0,53657600000,0.024012200001379824,0.017608399999517133,691.345703125
exact,20000,32,2,129,0.0010093307355418801,0.955090625,1.0,640000,400000000,400640000,20000.0,53657600000,0.02337430000079621,0.018355899999733083,691.345703125
exact,20000,32,2,130,0.0009270328446291387,0.9565,1.0,640000,400000000,400640000,20000.0,53657600000,0.02369870000075025,0.018198499999925843,690.876953125
exact,20000,32,2,131,0.0008522655116394162,0.9575765625,1.0,640000,400000000,400640000,20000.0,53657600000,0.023005099999863887,0.017288199998802156,691.345703125
exact,20000,32,2,132,0.0007832396076992154,0.9587890625,1.0,640000,400000000,400640000,20000.0,53657600000,0.023126199999751407,0.01814159999958065,691.345703125
exact,20000,32,2,133,0.000718678580597043,0.960325,1.0,640000,400000000,400640000,20000.0,53657600000,0.022190100000443636,0.016250500000751344,691.345703125
exact,20000,32,2,134,0.0006581898778676987,0.9615375,1.0,640000,400000000,400640000,20000.0,53657600000,0.022286800000074436,0.017271700000492274,690.876953125
exact,20000,32,2,135,0.0006021644221618772,0.9629796875,1.0,640000,400000000,400640000,20000.0,53657600000,0.022561000001587672,0.01706480000029842,691.345703125
exact,20000,32,2,136,0.0005511196795850992,0.9644453125,1.0,640000,400000000,400640000,20000.0,53657600000,0.024249500000223634,0.016972100000202772,691.345703125
exact,20000,32,2,137,0.0005051714251749218,0.965675,1.0,640000,400000000,400640000,20000.0,53657600000,0.022672799999782,0.016988299999866285,691.345703125
exact,20000,32,2,138,0.0004642911662813276,0.9666109375,1.0,640000,400000000,400640000,20000.0,53657600000,0.02382690000013099,0.018795899999531684,690.876953125
exact,20000,32,2,139,0.0004280456923879683,0.9674671875,1.0,640000,400000000,400640000,20000.0,53657600000,0.022299199999906705,0.016286500000205706,691.345703125
exact,20000,32,2,140,0.0003957689041271806,0.9683359375,1.0,640000,400000000,400640000,20000.0,53657600000,0.023959200001627323,0.0189808000013727,691.345703125
exact,20000,32,2,141,0.0003667142882477492,0.9690453125,1.0,640000,400000000,400640000,20000.0,53657600000,0.02204650000021502,0.016877000000022235,691.345703125
exact,20000,32,2,142,0.0003400327987037599,0.9697078125,1.0,640000,400000000,400640000,20000.0,53657600000,0.023072600000887178,0.01689790000091307,690.876953125
exact,20000,32,2,143,0.00031543191289529204,0.970125,1.0,640000,400000000,400640000,20000.0,53657600000,0.022103499999502674,0.01703530000122555,691.345703125
exact,20000,32,2,144,0.0002926867746282369,0.9706828125,1.0,640000,400000000,400640000,20000.0,53657600000,0.02215500000056636,0.016683000001648907,691.345703125
exact,20000,32,2,145,0.0002719222102314234,0.9712125,1.0,640000,400000000,400640000,20000.0,53657600000,0.023927400001412025,0.01848000000063621,691.345703125
exact,20000,32,2,146,0.00025301508139818907,0.97170625,1.0,640000,400000000,400640000,20000.0,53657600000,0.021631300000080955,0.016293100001348648,690.876953125
exact,20000,32,2,147,0.00023609501658938825,0.972228125,1.0,640000,400000000,400640000,20000.0,53657600000,0.02408859999923152,0.018452300000717514,691.345703125
exact,20000,32,2,148,0.00022114533931016922,0.9727546875,1.0,640000,400000000,400640000,20000.0,53657600000,0.02170509999996284,0.01627379999990808,691.345703125
exact,20000,32,2,149,0.00020820496138185263,0.9730875,1.0,640000,400000000,400640000,20000.0,53657600000,0.023438500000338536,0.018152800001189462,691.345703125
exact,20000,32,2,150,0.00019687871099449694,0.9734203125,1.0,640000,400000000,400640000,20000.0,53657600000,0.02292490000036196,0.01789470000039728,690.876953125
exact,20000,32,2,151,0.00018669257406145334,0.9737796875,1.0,640000,400000000,400640000,20000.0,53657600000,0.0216588999992382,0.0162612000003719,691.345703125
exact,20000,32,2,152,0.00017722220218274742,0.9740875,1.0,640000,400000000,400640000,20000.0,53657600000,0.02199279999877035,0.01658270000007178,691.345703125
exact,20000,32,2,153,0.0001683493028394878,0.97434375,1.0,640000,400000000,400640000,20000.0,53657600000,0.022327900000163936,0.016363300001103198,691.345703125
exact,20000,32,2,154,0.0001601647527422756,0.9745734375,1.0,640000,400000000,400640000,20000.0,53657600000,0.0226198000000295,0.017278400000577676,690.876953125
exact,20000,32,2,155,0.0001528381835669279,0.9748265625,1.0,640000,400000000,400640000,20000.0,53657600000,0.023502199999711593,0.01739379999889934,691.345703125
exact,20000,32,2,156,0.0001464264641981572,0.974915625,1.0,640000,400000000,400640000,20000.0,53657600000,0.022729499998604297,0.017215600000781706,691.345703125
exact,20000,32,2,157,0.00014086491137277335,0.974990625,1.0,640000,400000000,400640000,20000.0,53657600000,0.021966000000247732,0.016726500000004307,691.345703125
exact,20000,32,2,158,0.00013597695215139538,0.975090625,1.0,640000,400000000,400640000,20000.0,53657600000,0.022504900000058115,0.016997900000205846,690.876953125
exact,20000,32,2,159,0.00013152920291759074,0.9753,1.0,640000,400000000,400640000,20000.0,53657600000,0.02191789999960747,0.01671170000008715,691.345703125
exact,20000,32,2,160,0.00012748008884955198,0.975409375,1.0,640000,400000000,400640000,20000.0,53657600000,0.02266070000041509,0.01673329999903217,691.345703125
exact,20000,32,2,161,0.00012379209510982037,0.9755015625,1.0,640000,400000000,400640000,20000.0,53657600000,0.023918300001241732,0.018505399999412475,691.345703125
exact,20000,32,2,162,0.00012047252675984055,0.9756171875,1.0,640000,400000000,400640000,20000.0,53657600000,0.024423399998340756,0.017425500000172178,690.876953125
exact,20000,32,2,163,0.00011760523193515837,0.975671875,1.0,640000,400000000,400640000,20000.0,53657600000,0.022621000000071945,0.017293499999141204,691.345703125
exact,20000,32,2,164,0.00011513033678056672,0.97580625,1.0,640000,400000000,400640000,20000.0,53657600000,0.02270700000008219,0.01624700000138546,691.345703125
exact,20000,32,2,165,0.00011294378782622516,0.975853125,1.0,640000,400000000,400640000,20000.0,53657600000,0.0227338000004238,0.017353399998683017,691.345703125
exact,20000,32,2,166,0.00011100587289547548,0.975965625,1.0,640000,400000000,400640000,20000.0,53657600000,0.02199079999991227,0.01660000000083528,690.876953125
exact,20000,32,2,167,0.00010917838517343625,0.9760734375,1.0,640000,400000000,400640000,20000.0,53657600000,0.023594099999172613,0.01836349999939557,691.345703125
exact,20000,32,2,168,0.00010756726260297,0.976190625,1.0,640000,400000000,400640000,20000.0,53657600000,0.02200000000084401,0.01693669999986014,691.345703125
exact,20000,32,2,169,0.00010607737931422889,0.976303125,1.0,640000,400000000,400640000,20000.0,53657600000,0.022846199999548844,0.017174300000988296,691.345703125
exact,20000,32,2,170,0.00010481774370418862,0.97630625,1.0,640000,400000000,400640000,20000.0,53657600000,0.021929700000328012,0.016933100001551793,690.876953125
exact,20000,32,2,171,0.00010372123506385833,0.97625625,1.0,640000,400000000,400640000,20000.0,53657600000,0.022380600001270068,0.016813600001114537,691.345703125
exact,20000,32,2,172,0.00010276360262650996,0.97631875,1.0,640000,400000000,400640000,20000.0,53657600000,0.02273130000139645,0.01729239999986021,691.345703125
exact,20000,32,2,173,0.00010189664317294955,0.976390625,1.0,640000,400000000,400640000,20000.0,53657600000,0.022097900000517257,0.01671619999979157,691.345703125
exact,20000,32,2,174,0.00010113579628523439,0.9764515625,1.0,640000,400000000,400640000,20000.0,53657600000,0.022492200001579477,0.017203499999595806,690.876953125
exact,20000,32,2,175,0.00010048023250419647,0.97648125,1.0,640000,400000000,400640000,20000.0,53657600000,0.02260969999952067,0.017407600000296952,691.345703125
exact,20000,32,2,176,9.987049998017028e-05,0.9764875,1.0,640000,400000000,400640000,20000.0,53657600000,0.02445380000062869,0.01836389999880339,691.345703125
exact,20000,32,2,177,9.933809633366764e-05,0.9764953125,1.0,640000,400000000,400640000,20000.0,53657600000,0.022498000000268803,0.017501999998785323,691.345703125
exact,20000,32,2,178,9.888102067634463e-05,0.97649375,1.0,640000,400000000,400640000,20000.0,53657600000,0.024079300001176307,0.01808340000025055,690.876953125
exact,20000,32,2,179,9.849832713371143e-05,0.9765171875,1.0,640000,400000000,400640000,20000.0,53657600000,0.02349340000000666,0.0179162999993423,691.345703125
exact,20000,32,2,180,9.814678196562454e-05,0.9765296875,1.0,640000,400000000,400640000,20000.0,53657600000,0.023295699998925556,0.017758300000423333,691.345703125
exact,20000,32,2,181,9.781406697584316e-05,0.97655,1.0,640000,400000000,400640000,20000.0,53657600000,0.024498799999491894,0.017933700000867248,691.345703125
exact,20000,32,2,182,9.758872329257429e-05,0.97649375,1.0,640000,400000000,400640000,20000.0,53657600000,0.02316430000064429,0.018119999998816638,690.876953125
exact,20000,32,2,183,9.73561400314793e-05,0.9764828125,1.0,640000,400000000,400640000,20000.0,53657600000,0.023677600000155508,0.01832000000104017,691.345703125
exact,20000,32,2,184,9.714565385365859e-05,0.9764734375,1.0,640000,400000000,400640000,20000.0,53657600000,0.02263680000032764,0.017162799998914124,691.345703125
exact,20000,32,2,185,9.695148764876649e-05,0.9765171875,1.0,640000,400000000,400640000,20000.0,53657600000,0.022879299998749048,0.017217999999047606,691.345703125
exact,20000,32,2,186,9.680244693299755e-05,0.976540625,1.0,640000,400000000,400640000,20000.0,53657600000,0.023451200000636163,0.017883000000438187,690.876953125
exact,20000,32,2,187,9.665475226938725e-05,0.9765734375,1.0,640000,400000000,400640000,20000.0,53657600000,0.02598790000047302,0.017218000000866596,691.345703125
exact,20000,32,2,188,9.655383473727852e-05,0.976540625,1.0,640000,400000000,400640000,20000.0,53657600000,0.024143099999491824,0.018651200000022072,691.345703125
exact,20000,32,2,189,9.645449608797207e-05,0.9765390625,1.0,640000,400000000,400640000,20000.0,53657600000,0.023631899999600137,0.01771289999851433,691.345703125
exact,20000,32,2,190,9.636917093303055e-05,0.9765609375,1.0,640000,400000000,400640000,20000.0,53657600000,0.025168199999825447,0.017441199999666424,690.876953125
exact,20000,32,2,191,9.62797857937403e-05,0.9766046875,1.0,640000,400000000,400640000,20000.0,53657600000,0.023274999999557622,0.018123599998943973,691.345703125
exact,20000,32,2,192,9.621374920243397e-05,0.97664375,1.0,640000,400000000,400640000,20000.0,53657600000,0.0235486999990826,0.01743460000034247,691.345703125
exact,20000,32,2,193,9.614664304535836e-05,0.9766578125,1.0,640000,400000000,400640000,20000.0,53657600000,0.02402250000159256,0.01855780000005325,691.345703125
exact,20000,32,2,194,9.608722029952332e-05,0.9766515625,1.0,640000,400000000,400640000,20000.0,53657600000,0.022120400000858353,0.016644499999529216,690.876953125
exact,20000,32,2,195,9.604648221284151e-05,0.9766703125,1.0,640000,400000000,400640000,20000.0,53657600000,0.02261449999969045,0.01693669999986014,691.345703125
exact,20000,32,2,196,9.599799523130059e-05,0.97665,1.0,640000,400000000,400640000,20000.0,53657600000,0.02455980000013369,0.018243399999846588,691.345703125
exact,20000,32,2,197,9.595468873158097e-05,0.976653125,1.0,640000,400000000,400640000,20000.0,53657600000,0.02308400000038091,0.017258600000786828,691.345703125
exact,20000,32,2,198,9.593690629117191e-05,0.976640625,1.0,640000,400000000,400640000,20000.0,53657600000,0.023213700000269455,0.01796420000027865,690.876953125
exact,20000,32,2,199,9.591974230716005e-05,0.9766484375,1.0,640000,400000000,400640000,20000.0,53657600000,0.022020399999746587,0.016840199999933247,691.345703125
exact,20000,32,2,200,9.593144204700366e-05,0.976646875,1.0,640000,400000000,400640000,20000.0,53657600000,0.02255189999959839,0.017462400001022615,691.345703125
exact,20000,32,2,201,9.589436376700178e-05,0.9766671875,1.0,640000,400000000,400640000,20000.0,53657600000,0.02205080000021553,0.016566000000239,691.345703125
exact,20000,32,2,202,9.587340173311532e-05,0.9766875,1.0,640000,400000000,400640000,20000.0,53657600000,0.023154999998951098,0.018039200000202982,690.876953125
exact,20000,32,2,203,9.585286170477048e-05,0.9766765625,1.0,640000,400000000,400640000,20000.0,53657600000,0.021952699999019387,0.01695530000142753,691.345703125
exact,20000,32,2,204,9.584231884218752e-05,0.97666875,1.0,640000,400000000,400640000,20000.0,53657600000,0.022724899999957415,0.017608000000109314,691.345703125
exact,20000,32,2,205,9.583032806403935e-05,0.976659375,1.0,640000,400000000,400640000,20000.0,53657600000,0.021924599999692873,0.016780500000095344,691.345703125
exact,20000,32,2,206,9.582046186551452e-05,0.9766421875,1.0,640000,400000000,400640000,20000.0,53657600000,0.02250350000031176,0.017029500000717235,690.876953125
exact,20000,32,2,207,9.580474579706788e-05,0.97665,1.0,640000,400000000,400640000,20000.0,53657600000,0.022500600000057602,0.017385799999829032,691.345703125
exact,20000,32,2,208,9.580545156495646e-05,0.9766515625,1.0,640000,400000000,400640000,20000.0,53657600000,0.02300889999969513,0.01799639999990177,691.345703125
exact,20000,32,2,209,9.579226025380194e-05,0.9766625,1.0,640000,400000000,400640000,20000.0,53657600000,0.02266589999999269,0.017627200000788434,691.345703125
exact,20000,32,2,210,9.577167656971142e-05,0.9766875,1.0,640000,400000000,400640000,20000.0,53657600000,0.022116099999038852,0.017116699998950935,690.876953125
exact,20000,32,2,211,9.57664378802292e-05,0.9766921875,1.0,640000,400000000,400640000,20000.0,53657600000,0.02241659999890544,0.01743270000042685,691.345703125
exact,20000,32,2,212,9.575908188708127e-05,0.9766671875,1.0,640000,400000000,400640000,20000.0,53657600000,0.022426999999879627,0.01742540000122972,691.345703125
exact,20000,32,2,213,9.57613083301112e-05,0.9766671875,1.0,640000,400000000,400640000,20000.0,53657600000,0.02361370000107854,0.017564900001161732,691.345703125
exact,20000,32,2,214,9.57618176471442e-05,0.976659375,1.0,640000,400000000,400640000,20000.0,53657600000,0.021916100000453298,0.016790200001196354,690.876953125
exact,20000,32,2,215,9.575862350175157e-05,0.9766671875,1.0,640000,400000000,400640000,20000.0,53657600000,0.0230282000011357,0.01717379999900004,691.345703125
exact,20000,32,2,216,9.575614967616275e-05,0.9766640625,1.0,640000,400000000,400640000,20000.0,53657600000,0.023598300000230665,0.01854500000081316,691.345703125
exact,20000,32,2,217,9.575807780493051e-05,0.97665,1.0,640000,400000000,400640000,20000.0,53657600000,0.02203379999991739,0.016993900000670692,691.345703125
exact,20000,32,2,218,9.575893636792898e-05,0.9766546875,1.0,640000,400000000,400640000,20000.0,53657600000,0.022610699999859207,0.017648899998675915,690.876953125
exact,20000,32,2,219,9.574370051268488e-05,0.976671875,1.0,640000,400000000,400640000,20000.0,53657600000,0.021708300000682357,0.01671100000021397,691.345703125
exact,20000,32,2,220,9.573966235620901e-05,0.9766734375,1.0,640000,400000000,400640000,20000.0,53657600000,0.022760899999411777,0.017079900000680937,691.345703125
exact,20000,32,2,221,9.573944407748058e-05,0.9766765625,1.0,640000,400000000,400640000,20000.0,53657600000,0.02201000000059139,0.017003299999487353,691.345703125
exact,20000,32,2,222,9.572843555361032e-05,0.9766921875,1.0,640000,400000000,400640000,20000.0,53657600000,0.022452299999713432,0.01723610000044573,690.876953125
exact,20000,32,2,223,9.573004354024306e-05,0.9766921875,1.0,640000,400000000,400640000,20000.0,53657600000,0.02366959999926621,0.01812450000034005,691.345703125
exact,20000,32,2,224,9.572748967912048e-05,0.976665625,1.0,640000,400000000,400640000,20000.0,53657600000,0.022052600001188694,0.01703319999978703,691.345703125
exact,20000,32,2,225,9.572698036208749e-05,0.9766609375,1.0,640000,400000000,400640000,20000.0,53657600000,0.02273140000033891,0.017660299999988638,691.345703125
exact,20000,32,2,226,9.572227281751111e-05,0.976675,1.0,640000,400000000,400640000,20000.0,53657600000,0.02259039999989909,0.017375399998854846,690.876953125
exact,20000,32,2,227,9.571802365826443e-05,0.976678125,1.0,640000,400000000,400640000,20000.0,53657600000,0.025285199999416363,0.017621700000745477,691.345703125
exact,20000,32,2,228,9.571520058671013e-05,0.9766671875,1.0,640000,400000000,400640000,20000.0,53657600000,0.023146199999246164,0.016925500000070315,691.345703125
exact,20000,32,2,229,9.571389819029719e-05,0.976678125,1.0,640000,400000000,400640000,20000.0,53657600000,0.02359220000107598,0.018255999999382766,691.345703125
exact,20000,32,2,230,9.571520786266774e-05,0.97669375,1.0,640000,400000000,400640000,20000.0,53657600000,0.021965200001432095,0.016967399998975452,690.876953125
exact,20000,32,2,231,9.571249393047765e-05,0.9766890625,1.0,640000,400000000,400640000,20000.0,53657600000,0.022747299999537063,0.01687139999921783,691.345703125
exact,20000,32,2,232,9.570921247359365e-05,0.97666875,1.0,640000,400000000,400640000,20000.0,53657600000,0.02445659999830241,0.019467600001007668,691.345703125
exact,20000,32,2,233,9.570658585289493e-05,0.9766640625,1.0,640000,400000000,400640000,20000.0,53657600000,0.021962299999358947,0.016949799999565585,691.345703125
exact,20000,32,2,234,9.570809197612107e-05,0.9766640625,1.0,640000,400000000,400640000,20000.0,53657600000,0.021870600001420826,0.016781099999207072,690.876953125
exact,20000,32,2,235,9.57039010245353e-05,0.9766671875,1.0,640000,400000000,400640000,20000.0,53657600000,0.022383399998943787,0.01729920000070706,691.345703125
exact,20000,32,2,236,9.570494876243174e-05,0.9766546875,1.0,640000,400000000,400640000,20000.0,53657600000,0.023804299999028444,0.017275500000323518,691.345703125
exact,20000,32,2,237,9.571405098540708e-05,0.97665625,1.0,640000,400000000,400640000,20000.0,53657600000,0.022545699999682256,0.017348200000924408,691.345703125
exact,20000,32,2,238,9.571250120643526e-05,0.9766546875,1.0,640000,400000000,400640000,20000.0,53657600000,0.02206289999958244,0.01691469999968831,690.876953125
exact,20000,32,2,239,9.571119153406471e-05,0.976659375,1.0,640000,400000000,400640000,20000.0,53657600000,0.022364000000379747,0.016529200000150013,691.345703125
exact,20000,32,2,240,9.571559348842129e-05,0.97665625,1.0,640000,400000000,400640000,20000.0,53657600000,0.023342500000580912,0.018039100001260522,691.345703125
exact,20000,32,2,241,9.571157715981826e-05,0.9766703125,1.0,640000,400000000,400640000,20000.0,53657600000,0.02205569999932777,0.017085299999962444,691.345703125
exact,20000,32,2,242,9.57129814196378e-05,0.976671875,1.0,640000,400000000,400640000,20000.0,53657600000,0.022463599998445716,0.0174710999999661,690.876953125
exact,20000,32,2,243,9.571217378834262e-05,0.9766625,1.0,640000,400000000,400640000,20000.0,53657600000,0.022231100001590676,0.017189100000905455,691.345703125
exact,20000,32,2,244,9.570044494466856e-05,0.97666875,1.0,640000,400000000,400640000,20000.0,53657600000,0.022683400000460097,0.017680000000837026,691.345703125
exact,20000,32,2,245,9.569416579324752e-05,0.97668125,1.0,640000,400000000,400640000,20000.0,53657600000,0.021406799998658244,0.016381100000216975,691.345703125
exact,20000,32,2,246,9.56938456511125e-05,0.9766796875,1.0,640000,400000000,400640000,20000.0,53657600000,0.022607099999731872,0.017554599999130005,690.876953125
exact,20000,32,2,247,9.569677786203101e-05,0.9766765625,1.0,640000,400000000,400640000,20000.0,53657600000,0.02145110000128625,0.016330899999957182,691.345703125
exact,20000,32,2,248,9.569773101247847e-05,0.9766765625,1.0,640000,400000000,400640000,20000.0,53657600000,0.022732399998858455,0.017584299999725772,691.345703125
exact,20000,32,2,249,9.570224210619926e-05,0.9766703125,1.0,640000,400000000,400640000,20000.0,53657600000,0.022112299999207607,0.016854699999385048,691.345703125
exact,20000,32,2,250,9.569930989528075e-05,0.976678125,1.0,640000,400000000,400640000,20000.0,53657600000,0.02336490000016056,0.01741490000131307,690.876953125
exact,20000,32,2,251,9.569694520905614e-05,0.9766859375,1.0,640000,400000000,400640000,20000.0,53657600000,0.024029099999097525,0.017656699999861303,691.345703125
exact,20000,32,2,252,9.570099791744724e-05,0.9766765625,1.0,640000,400000000,400640000,20000.0,53657600000,0.02158390000113286,0.01634800000101677,691.345703125
exact,20000,32,2,253,9.570267866365612e-05,0.9766640625,1.0,640000,400000000,400640000,20000.0,53657600000,0.02222250000158965,0.01721019999968121,691.345703125
exact,20000,32,2,254,9.570881957188249e-05,0.9766625,1.0,640000,400000000,400640000,20000.0,53657600000,0.02127199999995355,0.016270599999188562,690.876953125
exact,20000,32,2,255,9.570379188517109e-05,0.9766703125,1.0,640000,400000000,400640000,20000.0,53657600000,0.022768700000597164,0.017709699999613804,691.345703125
exact,20000,32,2,256,9.5702416729182e-05,0.976671875,1.0,640000,400000000,400640000,20000.0,53657600000,0.022321500000543892,0.01710580000144546,691.345703125
exact,20000,32,2,257,9.570393012836576e-05,0.9766640625,1.0,640000,400000000,400640000,20000.0,53657600000,0.026357299999290262,0.018030600000201957,691.345703125
exact,20000,32,2,258,9.570442489348352e-05,0.9766671875,1.0,640000,400000000,400640000,20000.0,53657600000,0.022996600000624312,0.017508599999928265,690.876953125
exact,20000,32,2,259,9.570709516992792e-05,0.976665625,1.0,640000,400000000,400640000,20000.0,53657600000,0.023660300001211,0.01835190000019793,691.345703125
exact,20000,32,2,260,9.570196561980993e-05,0.976671875,1.0,640000,400000000,400640000,20000.0,53657600000,0.022920700001122896,0.017390099999829545,691.345703125
exact,20000,32,2,261,9.570145630277693e-05,0.97666875,1.0,640000,400000000,400640000,20000.0,53657600000,0.023407599999700324,0.017754800001057447,691.345703125
exact,20000,32,2,262,9.569674148224294e-05,0.9766703125,1.0,640000,400000000,400640000,20000.0,53657600000,0.022768799999539624,0.01732869999977993,690.876953125
exact,20000,32,2,263,9.569665417075157e-05,0.9766703125,1.0,640000,400000000,400640000,20000.0,53657600000,0.024207899999964866,0.01892020000013872,691.345703125
exact,20000,32,2,264,9.569667599862441e-05,0.9766703125,1.0,640000,400000000,400640000,20000.0,53657600000,0.023976399999810383,0.018756899999061716,691.345703125
exact,20000,32,2,265,9.569509711582214e-05,0.9766796875,1.0,640000,400000000,400640000,20000.0,53657600000,0.025884000000587548,0.01858629999878758,691.345703125
exact,20000,32,2,266,9.569608664605767e-05,0.9766765625,1.0,640000,400000000,400640000,20000.0,53657600000,0.022538200000781217,0.01714189999984228,690.876953125
exact,20000,32,2,267,9.569934627506882e-05,0.976671875,1.0,640000,400000000,400640000,20000.0,53657600000,0.02315880000060133,0.017770099999324884,691.345703125
exact,20000,32,2,268,9.569809481035918e-05,0.976665625,1.0,640000,400000000,400640000,20000.0,53657600000,0.024022599998716032,0.01827220000086527,691.345703125
exact,20000,32,2,269,9.570104884915054e-05,0.976665625,1.0,640000,400000000,400640000,20000.0,53657600000,0.024226999999882537,0.018671899999390007,691.345703125
exact,20000,32,2,270,9.570062684360892e-05,0.976665625,1.0,640000,400000000,400640000,20000.0,53657600000,0.023242199999003788,0.01758990000053018,690.876953125
exact,20000,32,2,271,9.570512338541448e-05,0.97666875,1.0,640000,400000000,400640000,20000.0,53657600000,0.023811099999875296,0.017932500000824803,691.345703125
exact,20000,32,2,272,9.570523980073631e-05,0.9766703125,1.0,640000,400000000,400640000,20000.0,53657600000,0.025706300000820193,0.01920309999877645,691.345703125
exact,20000,32,2,273,9.570175461703911e-05,0.9766671875,1.0,640000,400000000,400640000,20000.0,53657600000,0.022859800001242547,0.017201799999384093,691.345703125
exact,20000,32,2,274,9.569746907800436e-05,0.9766703125,1.0,640000,400000000,400640000,20000.0,53657600000,0.02230009999948379,0.017227700000148616,690.876953125
exact,20000,32,2,275,9.56987714744173e-05,0.976675,1.0,640000,400000000,400640000,20000.0,53657600000,0.02257580000150483,0.017517999998744926,691.345703125
exact,20000,32,2,276,9.570123802404851e-05,0.976678125,1.0,640000,400000000,400640000,20000.0,53657600000,0.023409800000081304,0.017377100000885548,691.345703125
exact,20000,32,2,277,9.569680696586147e-05,0.976678125,1.0,640000,400000000,400640000,20000.0,53657600000,0.02167589999953634,0.016530799999600276,691.345703125
exact,20000,32,2,278,9.570230031386018e-05,0.9766671875,1.0,640000,400000000,400640000,20000.0,53657600000,0.021601500000542728,0.016558400000576512,690.876953125
exact,20000,32,2,279,9.569327812641859e-05,0.976678125,1.0,640000,400000000,400640000,20000.0,53657600000,0.022910800000317977,0.0175240999997186,691.345703125
exact,20000,32,2,280,9.569550456944853e-05,0.9766796875,1.0,640000,400000000,400640000,20000.0,53657600000,0.022657100000287755,0.01753400000052352,691.345703125
exact,20000,32,2,281,9.570474503561854e-05,0.976671875,1.0,640000,400000000,400640000,20000.0,53657600000,0.023603199999342905,0.018529200000557466,691.345703125
exact,20000,32,2,282,9.56988224061206e-05,0.97666875,1.0,640000,400000000,400640000,20000.0,53657600000,0.021319800000128453,0.016306400000758003,690.876953125
exact,20000,32,2,283,9.569618123350665e-05,0.9766703125,1.0,640000,400000000,400640000,20000.0,53657600000,0.022439399999711895,0.017169400000057067,691.345703125
exact,20000,32,2,284,9.570396650815383e-05,0.976665625,1.0,640000,400000000,400640000,20000.0,53657600000,0.021746800000983058,0.016434999999546562,691.345703125
exact,20000,32,2,285,9.569893882144243e-05,0.9766671875,1.0,640000,400000000,400640000,20000.0,53657600000,0.022250199999689357,0.016330600001310813,691.345703125
exact,20000,32,2,286,9.569787653163075e-05,0.9766640625,1.0,640000,400000000,400640000,20000.0,53657600000,0.021352499999920838,0.016335700000126963,690.876953125
exact,20000,32,2,287,9.56992371357046e-05,0.9766640625,1.0,640000,400000000,400640000,20000.0,53657600000,0.02172210000026098,0.01662670000041544,691.345703125
exact,20000,32,2,288,9.569977555656806e-05,0.976671875,1.0,640000,400000000,400640000,20000.0,53657600000,0.0219254000003275,0.016913099998419057,691.345703125
exact,20000,32,2,289,9.570368274580687e-05,0.9766671875,1.0,640000,400000000,400640000,20000.0,53657600000,0.022395199999664328,0.01639660000000731,691.345703125
exact,20000,32,2,290,9.569832764100283e-05,0.976675,1.0,640000,400000000,400640000,20000.0,53657600000,0.02237740000055055,0.017092299998694216,690.876953125
exact,20000,32,2,291,9.569830581312999e-05,0.9766671875,1.0,640000,400000000,400640000,20000.0,53657600000,0.022213999998712097,0.01685449999968114,691.345703125
exact,20000,32,2,292,9.569621761329472e-05,0.9766734375,1.0,640000,400000000,400640000,20000.0,53657600000,0.021902599999521044,0.016857900000104564,691.345703125
exact,20000,32,2,293,9.570211841491982e-05,0.9766765625,1.0,640000,400000000,400640000,20000.0,53657600000,0.021306300001015188,0.01632439999957569,691.345703125
exact,20000,32,2,294,9.570345719112083e-05,0.976675,1.0,640000,400000000,400640000,20000.0,53657600000,0.02301620000071125,0.01624439999977767,690.876953125
exact,20000,32,2,295,9.569925168761984e-05,0.976675,1.0,640000,400000000,400640000,20000.0,53657600000,0.02288860000044224,0.01752949999900011,691.345703125
exact,20000,32,2,296,9.569550456944853e-05,0.97666875,1.0,640000,400000000,400640000,20000.0,53657600000,0.02128879999872879,0.016274099998554448,691.345703125
exact,20000,32,2,297,9.569885150995106e-05,0.9766703125,1.0,640000,400000000,400640000,20000.0,53657600000,0.022200499999598833,0.017166899999210727,691.345703125
exact,20000,32,2,298,9.570449037710205e-05,0.976665625,1.0,640000,400000000,400640000,20000.0,53657600000,0.021299100000760518,0.016265000000203145,690.876953125
exact,20000,32,2,299,9.570284601068124e-05,0.9766703125,1.0,640000,400000000,400640000,20000.0,53657600000,0.02200979999906849,0.016816600000311155,691.345703125
exact,20000,32,2,300,9.569474059389904e-05,0.97666875,1.0,640000,400000000,400640000,20000.0,53657600000,0.022069300001021475,0.016934899998886976,691.345703125
exact,20000,32,2,301,9.569776739226654e-05,0.9766703125,1.0,640000,400000000,400640000,20000.0,53657600000,0.02246949999971548,0.01672800000051211,691.345703125
exact,20000,32,2,302,9.570375550538301e-05,0.9766671875,1.0,640000,400000000,400640000,20000.0,53657600000,0.02222509999955946,0.017215699999724166,690.876953125
exact,20000,32,2,303,9.569906978867948e-05,0.976665625,1.0,640000,400000000,400640000,20000.0,53657600000,0.02168800000072224,0.01637280000068131,691.345703125
exact,20000,32,2,304,9.570060501573607e-05,0.9766734375,1.0,640000,400000000,400640000,20000.0,53657600000,0.023814400001356262,0.017989300000408548,691.345703125
exact,20000,32,2,305,9.569693793309852e-05,0.97666875,1.0,640000,400000000,400640000,20000.0,53657600000,0.02157000000079279,0.016535900000235415,691.345703125
exact,20000,32,2,306,9.569873509462923e-05,0.9766671875,1.0,640000,400000000,400640000,20000.0,53657600000,0.02199829999881331,0.01691729999947711,690.876953125
exact,20000,32,2,307,9.570088150212541e-05,0.9766703125,1.0,640000,400000000,400640000,20000.0,53657600000,0.022098699999332894,0.01703350000025239,691.345703125
exact,20000,32,2,308,9.569955727783963e-05,0.9766765625,1.0,640000,400000000,400640000,20000.0,53657600000,0.02303079999910551,0.01715650000005553,691.345703125
exact,20000,32,2,309,9.56975418375805e-05,0.9766734375,1.0,640000,400000000,400640000,20000.0,53657600000,0.022518900001159636,0.017477299999882234,691.345703125
exact,20000,32,2,310,9.569647954776883e-05,0.976671875,1.0,640000,400000000,400640000,20000.0,53657600000,0.02241629999844008,0.017363399998430395,690.876953125
exact,20000,32,2,311,9.569987741997465e-05,0.976671875,1.0,640000,400000000,400640000,20000.0,53657600000,0.02229319999969448,0.017251400000532158,691.345703125
exact,20000,32,2,312,9.57022057264112e-05,0.976665625,1.0,640000,400000000,400640000,20000.0,53657600000,0.021403499998996267,0.016329599999153288,691.345703125
exact,20000,32,2,313,9.569710528012365e-05,0.9766734375,1.0,640000,400000000,400640000,20000.0,53657600000,0.022385700000086217,0.017324299999017967,691.345703125
exact,20000,32,2,314,9.569690155331045e-05,0.9766765625,1.0,640000,400000000,400640000,20000.0,53657600000,0.021353899999667192,0.016286799998852075,690.876953125
exact,20000,32,2,315,9.570175461703911e-05,0.9766765625,1.0,640000,400000000,400640000,20000.0,53657600000,0.023939400000017486,0.01868280000053346,691.345703125
exact,20000,32,2,316,9.570336987962946e-05,0.97666875,1.0,640000,400000000,400640000,20000.0,53657600000,0.021892499999012216,0.01650809999955527,691.345703125
exact,20000,32,2,317,9.569797839503735e-05,0.97666875,1.0,640000,400000000,400640000,20000.0,53657600000,0.02202910000050906,0.01626109999961045,691.345703125
exact,20000,32,2,318,9.569809481035918e-05,0.97666875,1.0,640000,400000000,400640000,20000.0,53657600000,0.02140279999912309,0.016359000001102686,690.876953125
exact,20000,32,2,319,9.570275142323226e-05,0.976671875,1.0,640000,400000000,400640000,20000.0,53657600000,0.021568600001046434,0.01632919999974547,691.345703125
exact,20000,32,2,320,9.569690882926807e-05,0.9766734375,1.0,640000,400000000,400640000,20000.0,53657600000,0.022111199999926612,0.0169607999996515,691.345703125
exact,20000,32,2,321,9.569984104018658e-05,0.9766625,1.0,640000,400000000,400640000,20000.0,53657600000,0.021276199999192613,0.016271699998469558,691.345703125
exact,20000,32,2,322,9.570166730554774e-05,0.976665625,1.0,640000,400000000,400640000,20000.0,53657600000,0.022743999999875086,0.01770820000092499,690.876953125
exact,20000,32,2,323,9.569760004524142e-05,0.9766703125,1.0,640000,400000000,400640000,20000.0,53657600000,0.021685300000171992,0.016456000001198845,691.345703125
exact,20000,32,2,324,9.569655230734497e-05,0.976671875,1.0,640000,400000000,400640000,20000.0,53657600000,0.021940599999652477,0.016932800001086434,691.345703125
exact,20000,32,2,325,9.569829126121476e-05,0.976665625,1.0,640000,400000000,400640000,20000.0,53657600000,0.02348349999920174,0.01755119999870658,691.345703125
exact,20000,32,2,326,9.570009569870308e-05,0.976675,1.0,640000,400000000,400640000,20000.0,53657600000,0.022486199999548262,0.017080199999327306,690.876953125
exact,20000,32,2,327,9.569780377205461e-05,0.9766765625,1.0,640000,400000000,400640000,20000.0,53657600000,0.02182109999921522,0.016783499999291962,691.345703125
exact,20000,32,2,328,9.569516987539828e-05,0.9766734375,1.0,640000,400000000,400640000,20000.0,53657600000,0.022322599999824888,0.01631499999894004,691.345703125
exact,20000,32,2,329,9.570403199177235e-05,0.976665625,1.0,640000,400000000,400640000,20000.0,53657600000,0.022618300001340685,0.017356500000460073,691.345703125
exact,20000,32,2,330,9.569847316015512e-05,0.9766671875,1.0,640000,400000000,400640000,20000.0,53657600000,0.02122570000028645,0.01624430000083521,690.876953125
exact,20000,32,2,331,9.570182737661526e-05,0.9766765625,1.0,640000,400000000,400640000,20000.0,53657600000,0.022635499999523745,0.0176091000012093,691.345703125
exact,20000,32,2,332,9.569475514581427e-05,0.976678125,1.0,640000,400000000,400640000,20000.0,53657600000,0.02132259999962116,0.01627860000007786,691.345703125
exact,20000,32,2,333,9.56975418375805e-05,0.9766703125,1.0,640000,400000000,400640000,20000.0,53657600000,0.02423799999996845,0.016485800000737072,691.345703125
exact,20000,32,2,334,9.57058000494726e-05,0.9766640625,1.0,640000,400000000,400640000,20000.0,53657600000,0.023177600000053644,0.01729710000108753,690.876953125
exact,20000,32,2,335,9.56991279963404e-05,0.9766671875,1.0,640000,400000000,400640000,20000.0,53657600000,0.02342510000016773,0.018253199999890057,691.345703125
exact,20000,32,2,336,9.56936928560026e-05,0.9766703125,1.0,640000,400000000,400640000,20000.0,53657600000,0.021973099999740953,0.01681020000069111,691.345703125
exact,20000,32,2,337,9.56984658841975e-05,0.9766703125,1.0,640000,400000000,400640000,20000.0,53657600000,0.021742599999925005,0.016611099999863654,691.345703125
exact,20000,32,2,338,9.570596012054011e-05,0.9766671875,1.0,640000,400000000,400640000,20000.0,53657600000,0.02128149999953166,0.016267999999399763,690.876953125
exact,20000,32,2,339,9.569869143888354e-05,0.976665625,1.0,640000,400000000,400640000,20000.0,53657600000,0.025200300000506104,0.01884989999962272,691.345703125
exact,20000,32,2,340,9.569509711582214e-05,0.9766703125,1.0,640000,400000000,400640000,20000.0,53657600000,0.022918200000276556,0.017361100000925944,691.345703125
exact,20000,32,2,341,9.569997200742364e-05,0.9766734375,1.0,640000,400000000,400640000,20000.0,53657600000,0.024615099999209633,0.018640899999809335,691.345703125
exact,20000,32,2,342,9.569680696586147e-05,0.976675,1.0,640000,400000000,400640000,20000.0,53657600000,0.023199899998871842,0.01755840000078024,690.876953125
exact,20000,32,2,343,9.569985559210181e-05,0.976671875,1.0,640000,400000000,400640000,20000.0,53657600000,0.023059699999066652,0.01760670000112441,691.345703125
exact,20000,32,2,344,9.570020483806729e-05,0.9766703125,1.0,640000,400000000,400640000,20000.0,53657600000,0.02477780000117491,0.018616699999256525,691.345703125
exact,20000,32,2,345,9.569663961883634e-05,0.9766703125,1.0,640000,400000000,400640000,20000.0,53657600000,0.022877299999890965,0.017512700000224868,691.345703125
exact,20000,32,2,346,9.569650865159929e-05,0.976671875,1.0,640000,400000000,400640000,20000.0,53657600000,0.023975699999937206,0.018737200000032317,690.876953125
exact,20000,32,2,347,9.570144902681932e-05,0.9766734375,1.0,640000,400000000,400640000,20000.0,53657600000,0.023090100001354585,0.017747400001098868,691.345703125
exact,20000,32,2,348,9.569844405632466e-05,0.9766703125,1.0,640000,400000000,400640000,20000.0,53657600000,0.024324199999682605,0.018832199999451404,691.345703125
exact,20000,32,2,349,9.569832764100283e-05,0.9766671875,1.0,640000,400000000,400640000,20000.0,53657600000,0.024667800000315765,0.018246300000100746,691.345703125
exact,20000,32,2,350,9.570175461703911e-05,0.976665625,1.0,640000,400000000,400640000,20000.0,53657600000,0.025461899998845183,0.017641300000832416,690.876953125
exact,20000,32,2,351,9.569634858053178e-05,0.9766703125,1.0,640000,400000000,400640000,20000.0,53657600000,0.02272830000038084,0.017615299999306444,691.345703125
exact,20000,32,2,352,9.569912072038278e-05,0.9766734375,1.0,640000,400000000,400640000,20000.0,53657600000,0.023661600000195904,0.018028999998932704,691.345703125
exact,20000,32,2,353,9.569876419845968e-05,0.9766703125,1.0,640000,400000000,400640000,20000.0,53657600000,0.02384390000042913,0.018186200000855024,691.345703125
exact,20000,32,2,354,9.570138354320079e-05,0.976671875,1.0,640000,400000000,400640000,20000.0,53657600000,0.023819100000764593,0.018113300000550225,690.876953125
exact,20000,32,2,355,9.570155089022592e-05,0.9766671875,1.0,640000,400000000,400640000,20000.0,53657600000,0.02288130000124511,0.017307800000708085,691.345703125
exact,20000,32,2,356,9.569469693815336e-05,0.9766734375,1.0,640000,400000000,400640000,20000.0,53657600000,0.022797400000854395,0.017336900000373134,691.345703125
exact,20000,32,2,357,9.570171823725104e-05,0.9766703125,1.0,640000,400000000,400640000,20000.0,53657600000,0.023177900000519003,0.017737699999997858,691.345703125
exact,20000,32,2,358,9.569828398525715e-05,0.976671875,1.0,640000,400000000,400640000,20000.0,53657600000,0.023675399999774527,0.01799609999943641,690.876953125
exact,20000,32,2,359,9.570158727001399e-05,0.9766703125,1.0,640000,400000000,400640000,20000.0,53657600000,0.021912399999564514,0.016760399999839137,691.345703125
exact,20000,32,2,360,9.569904796080664e-05,0.9766734375,1.0,640000,400000000,400640000,20000.0,53657600000,0.022938599999179132,0.017665699999270146,691.345703125
exact,20000,32,2,361,9.569928079145029e-05,0.97666875,1.0,640000,400000000,400640000,20000.0,53657600000,0.024491699999998673,0.017453599999498692,691.345703125
exact,20000,32,2,362,9.569950634613633e-05,0.976665625,1.0,640000,400000000,400640000,20000.0,53657600000,0.022243999999773223,0.016941699999733828,690.876953125
exact,20000,32,2,363,9.569679241394624e-05,0.9766734375,1.0,640000,400000000,400640000,20000.0,53657600000,0.021326899999621673,0.0163390999987314,691.345703125
exact,20000,32,2,364,9.570005931891501e-05,0.976671875,1.0,640000,400000000,400640000,20000.0,53657600000,0.022008699999787495,0.01700370000071416,691.345703125
exact,20000,32,2,365,9.570377005729824e-05,0.976665625,1.0,640000,400000000,400640000,20000.0,53657600000,0.021319100000255276,0.016317900001013186,691.345703125
exact,20000,32,2,366,9.569792018737644e-05,0.97666875,1.0,640000,400000000,400640000,20000.0,53657600000,0.02197820000037609,0.016901599999982864,690.876953125
exact,20000,32,2,367,9.569680696586147e-05,0.9766734375,1.0,640000,400000000,400640000,20000.0,53657600000,0.02299499999935506,0.01760420000027807,691.345703125
exact,20000,32,2,368,9.5700568635948e-05,0.9766734375,1.0,640000,400000000,400640000,20000.0,53657600000,0.023082900001099915,0.01669949999995879,691.345703125
exact,20000,32,2,369,9.57042575464584e-05,0.9766671875,1.0,640000,400000000,400640000,20000.0,53657600000,0.0218840999987151,0.016886399998838897,691.345703125
exact,20000,32,2,370,9.569706162437797e-05,0.9766703125,1.0,640000,400000000,400640000,20000.0,53657600000,0.021827000000484986,0.016797600001154933,690.876953125
exact,20000,32,2,371,9.569653775542974e-05,0.976671875,1.0,640000,400000000,400640000,20000.0,53657600000,0.02203390000067884,0.016951999999946565,691.345703125
exact,20000,32,2,372,9.569615212967619e-05,0.9766703125,1.0,640000,400000000,400640000,20000.0,53657600000,0.021546800000578514,0.016257699999187025,691.345703125
exact,20000,32,2,373,9.570442489348352e-05,0.976665625,1.0,640000,400000000,400640000,20000.0,53657600000,0.02180190000035509,0.016790100000434904,691.345703125
exact,20000,32,2,374,9.570251131663099e-05,0.97666875,1.0,640000,400000000,400640000,20000.0,53657600000,0.022201699999641278,0.01683010000124341,690.876953125
exact,20000,32,2,375,9.569591202307492e-05,0.976671875,1.0,640000,400000000,400640000,20000.0,53657600000,0.021931400000539725,0.01692870000078983,691.345703125
exact,20000,32,2,376,9.569516259944066e-05,0.9766734375,1.0,640000,400000000,400640000,20000.0,53657600000,0.022255399999266956,0.016698399998858804,691.345703125
exact,20000,32,2,377,9.570722613716498e-05,0.9766625,1.0,640000,400000000,400640000,20000.0,53657600000,0.02193759999863687,0.01690479999888339,691.345703125
exact,20000,32,2,378,9.57026713876985e-05,0.9766671875,1.0,640000,400000000,400640000,20000.0,53657600000,0.021979699999064906,0.016732000000047265,690.876953125
exact,20000,32,2,379,9.569634858053178e-05,0.976675,1.0,640000,400000000,400640000,20000.0,53657600000,0.021491299999979674,0.0163511999999173,691.345703125
exact,20000,32,2,380,9.569332905812189e-05,0.976671875,1.0,640000,400000000,400640000,20000.0,53657600000,0.023692000000664848,0.01847740000084741,691.345703125
exact,20000,32,2,381,9.570233669364825e-05,0.976671875,1.0,640000,400000000,400640000,20000.0,53657600000,0.022443800000473857,0.016259399999398738,691.345703125
exact,20000,32,2,382,9.570670226821676e-05,0.9766609375,1.0,640000,400000000,400640000,20000.0,53657600000,0.022930200000701007,0.017653799999607145,690.876953125
exact,20000,32,2,383,9.56971271079965e-05,0.976671875,1.0,640000,400000000,400640000,20000.0,53657600000,0.022163700001328834,0.01712969999971392,691.345703125
exact,20000,32,2,384,9.569535177433863e-05,0.9766734375,1.0,640000,400000000,400640000,20000.0,53657600000,0.02474919999986014,0.016939400000410387,691.345703125
exact,20000,32,2,385,9.570029942551628e-05,0.976671875,1.0,640000,400000000,400640000,20000.0,53657600000,0.021253400000205147,0.016306400000758003,691.345703125
exact,20000,32,2,386,9.569755638949573e-05,0.9766703125,1.0,640000,400000000,400640000,20000.0,53657600000,0.022630600000411505,0.01681530000132625,690.876953125
exact,20000,32,2,387,9.569997200742364e-05,0.976665625,1.0,640000,400000000,400640000,20000.0,53657600000,0.024782099999356433,0.0164641000010306,691.345703125
exact,20000,32,2,388,9.570099791744724e-05,0.97666875,1.0,640000,400000000,400640000,20000.0,53657600000,0.022085599999627448,0.016332299999703537,691.345703125
exact,20000,32,2,389,9.56973890424706e-05,0.9766734375,1.0,640000,400000000,400640000,20000.0,53657600000,0.023652399999264162,0.018659899998965557,691.345703125
exact,20000,32,2,390,9.569573012413457e-05,0.9766765625,1.0,640000,400000000,400640000,20000.0,53657600000,0.02160100000037346,0.016496799999003997,690.876953125
exact,20000,32,2,391,9.57019510678947e-05,0.9766703125,1.0,640000,400000000,400640000,20000.0,53657600000,0.0218284999991738,0.016851200000019162,691.345703125
exact,20000,32,2,392,9.569843678036705e-05,0.9766671875,1.0,640000,400000000,400640000,20000.0,53657600000,0.02133460000004561,0.016336999999111868,691.345703125
exact,20000,32,2,393,9.569766552885994e-05,0.9766671875,1.0,640000,400000000,400640000,20000.0,53657600000,0.02206809999916004,0.01688330000069982,691.345703125
exact,20000,32,2,394,9.570347901899368e-05,0.976671875,1.0,640000,400000000,400640000,20000.0,53657600000,0.021435600001495914,0.016320200000336627,690.876953125
exact,20000,32,2,395,9.569316171109676e-05,0.9766765625,1.0,640000,400000000,400640000,20000.0,53657600000,0.0216643000003387,0.016248399999312824,691.345703125
exact,20000,32,2,396,9.569543180987239e-05,0.9766703125,1.0,640000,400000000,400640000,20000.0,53657600000,0.023969099998794263,0.017638499999520718,691.345703125
exact,20000,32,2,397,9.570553083904088e-05,0.976665625,1.0,640000,400000000,400640000,20000.0,53657600000,0.02143880000039644,0.016411900000093738,691.345703125
exact,20000,32,2,398,9.569729445502162e-05,0.9766703125,1.0,640000,400000000,400640000,20000.0,53657600000,0.02204630000051111,0.01705020000008517,690.876953125
exact,20000,32,2,399,9.569686517352238e-05,0.976671875,1.0,640000,400000000,400640000,20000.0,53657600000,0.021330699999452918,0.016272200000457815,691.345703125
exact,20000,32,2,400,9.569858957547694e-05,0.9766734375,1.0,640000,400000000,400640000,20000.0,53657600000,0.022107200000391458,0.01689770000120916,691.345703125
exact,20000,32,2,401,9.569744725013152e-05,0.976671875,1.0,640000,400000000,400640000,20000.0,53657600000,0.021295700000337092,0.016265100000964594,691.345703125
exact,20000,32,2,402,9.570077963871881e-05,0.9766671875,1.0,640000,400000000,400640000,20000.0,53657600000,0.021723300000303425,0.016325799999322044,690.876953125
exact,20000,32,2,403,9.570226393407211e-05,0.9766703125,1.0,640000,400000000,400640000,20000.0,53657600000,0.023376499999358202,0.01839039999867964,691.345703125
exact,20000,32,2,404,9.569504618411884e-05,0.9766734375,1.0,640000,400000000,400640000,20000.0,53657600000,0.021345399998608627,0.01635350000105973,691.345703125
exact,20000,32,2,405,9.569678513798863e-05,0.9766734375,1.0,640000,400000000,400640000,20000.0,53657600000,0.023283400001673726,0.01795469999888155,691.345703125
exact,20000,32,2,406,9.570486145094037e-05,0.9766703125,1.0,640000,400000000,400640000,20000.0,53657600000,0.021493599999303115,0.016427099999418715,690.876953125
exact,20000,32,2,407,9.569760004524142e-05,0.97666875,1.0,640000,400000000,400640000,20000.0,53657600000,0.023204499999337713,0.018074000001433888,691.345703125
exact,20000,32,2,408,9.569499525241554e-05,0.9766703125,1.0,640000,400000000,400640000,20000.0,53657600000,0.021807499999340507,0.016303799999150215,691.345703125
exact,20000,32,2,409,9.570128167979419e-05,0.976675,1.0,640000,400000000,400640000,20000.0,53657600000,0.02248939999844879,0.016944199998761178,691.345703125
exact,20000,32,2,410,9.569704707246274e-05,0.9766703125,1.0,640000,400000000,400640000,20000.0,53657600000,0.021869199999855482,0.016474699999889708,690.876953125
exact,20000,32,2,411,9.57004667725414e-05,0.976671875,1.0,640000,400000000,400640000,20000.0,53657600000,0.024362199999814038,0.016404699999839067,691.345703125
exact,20000,32,2,412,9.570029942551628e-05,0.9766671875,1.0,640000,400000000,400640000,20000.0,53657600000,0.021309600000677165,0.01625149999927089,691.345703125
exact,20000,32,2,413,9.569791291141883e-05,0.97666875,1.0,640000,400000000,400640000,20000.0,53657600000,0.02127910000126576,0.016269699999611476,691.345703125
exact,20000,32,2,414,9.569562826072797e-05,0.9766765625,1.0,640000,400000000,400640000,20000.0,53657600000,0.022308900001007714,0.01704300000164949,690.876953125
exact,20000,32,2,415,9.570187830831856e-05,0.976671875,1.0,640000,400000000,400640000,20000.0,53657600000,0.021824499999638647,0.01632679999966058,691.345703125
exact,20000,32,2,416,9.569786925567314e-05,0.9766703125,1.0,640000,400000000,400640000,20000.0,53657600000,0.02198820000012347,0.01691680000112683,691.345703125
exact,20000,32,2,417,9.569791291141883e-05,0.9766703125,1.0,640000,400000000,400640000,20000.0,53657600000,0.022873300000355812,0.017516199999590754,691.345703125
exact,20000,32,2,418,9.570176189299673e-05,0.9766703125,1.0,640000,400000000,400640000,20000.0,53657600000,0.02206599999954051,0.01686860000154411,690.876953125
exact,20000,32,2,419,9.569679241394624e-05,0.9766734375,1.0,640000,400000000,400640000,20000.0,53657600000,0.021686900001441245,0.0164067999994586,691.345703125
exact,20000,32,2,420,9.56970761762932e-05,0.9766703125,1.0,640000,400000000,400640000,20000.0,53657600000,0.024390299999140552,0.017947000000276603,691.345703125
exact,20000,32,2,421,9.570280235493556e-05,0.9766703125,1.0,640000,400000000,400640000,20000.0,53657600000,0.023912799999379786,0.017125599999417318,691.345703125
exact,20000,32,2,422,9.569755638949573e-05,0.9766703125,1.0,640000,400000000,400640000,20000.0,53657600000,0.02376389999881212,0.018659800000023097,690.876953125
exact,20000,32,2,423,9.569850226398557e-05,0.9766703125,1.0,640000,400000000,400640000,20000.0,53657600000,0.02287619999879098,0.017768199999409262,691.345703125
exact,20000,32,2,424,9.570103429723531e-05,0.9766703125,1.0,640000,400000000,400640000,20000.0,53657600000,0.0258016999996471,0.017941999998583924,691.345703125
exact,20000,32,2,425,9.569767280481756e-05,0.9766703125,1.0,640000,400000000,400640000,20000.0,53657600000,0.023522900000898517,0.01760929999909422,691.345703125
exact,20000,32,2,426,9.56967196543701e-05,0.9766734375,1.0,640000,400000000,400640000,20000.0,53657600000,0.023283200000150828,0.01771069999995234,690.876953125
exact,20000,32,2,427,9.570272959535941e-05,0.9766703125,1.0,640000,400000000,400640000,20000.0,53657600000,0.024006500001632958,0.018838500000128988,691.345703125
exact,20000,32,2,428,9.569781832396984e-05,0.9766734375,1.0,640000,400000000,400640000,20000.0,53657600000,0.023256500000570668,0.01803490000020247,691.345703125
exact,20000,32,2,429,9.569684334564954e-05,0.976671875,1.0,640000,400000000,400640000,20000.0,53657600000,0.02351470000030531,0.018150100000639213,691.345703125
exact,20000,32,2,430,9.570182010065764e-05,0.97666875,1.0,640000,400000000,400640000,20000.0,53657600000,0.023554999999760184,0.018186799999966752,690.876953125
exact,20000,32,2,431,9.569720714353025e-05,0.97666875,1.0,640000,400000000,400640000,20000.0,53657600000,0.024113199999192148,0.018273000001499895,691.345703125
exact,20000,32,2,432,9.569873509462923e-05,0.9766703125,1.0,640000,400000000,400640000,20000.0,53657600000,0.022894100000485196,0.017255000000659493,691.345703125
exact,20000,32,2,433,9.570151451043785e-05,0.9766734375,1.0,640000,400000000,400640000,20000.0,53657600000,0.02361179999934393,0.017858899998827837,691.345703125
exact,20000,32,2,434,9.569675603415817e-05,0.976675,1.0,640000,400000000,400640000,20000.0,53657600000,0.022875700000440702,0.01737409999986994,690.876953125
exact,20000,32,2,435,9.56974909058772e-05,0.9766671875,1.0,640000,400000000,400640000,20000.0,53657600000,0.023774499999490217,0.01840470000024652,691.345703125
exact,20000,32,2,436,9.570243128109723e-05,0.9766671875,1.0,640000,400000000,400640000,20000.0,53657600000,0.0230212999995274,0.017633600000408478,691.345703125
exact,20000,32,2,437,9.56976946326904e-05,0.976675,1.0,640000,400000000,400640000,20000.0,53657600000,0.024529399999664747,0.018406600000162143,691.345703125
exact,20000,32,2,438,9.569638496031985e-05,0.976675,1.0,640000,400000000,400640000,20000.0,53657600000,0.0217731000011554,0.016721800000595977,690.876953125
exact,20000,32,2,439,9.570270776748657e-05,0.976665625,1.0,640000,400000000,400640000,20000.0,53657600000,0.022991800000454532,0.017949099999896134,691.345703125
exact,20000,32,2,440,9.56983640207909e-05,0.9766703125,1.0,640000,400000000,400640000,20000.0,53657600000,0.02159179999944172,0.016283999999359366,691.345703125
exact,20000,32,2,441,9.569705434842035e-05,0.976671875,1.0,640000,400000000,400640000,20000.0,53657600000,0.02237999999852036,0.017135800000687595,691.345703125
exact,20000,32,2,442,9.570109250489622e-05,0.9766734375,1.0,640000,400000000,400640000,20000.0,53657600000,0.02253749999908905,0.017419199999494595,690.876953125
exact,20000,32,2,443,9.569908434059471e-05,0.9766671875,1.0,640000,400000000,400640000,20000.0,53657600000,0.022415100000216626,0.017150100000435486,691.345703125
exact,20000,32,2,444,9.569837857270613e-05,0.976665625,1.0,640000,400000000,400640000,20000.0,53657600000,0.021568599999227445,0.016320700000505894,691.345703125
exact,20000,32,2,445,9.57007723627612e-05,0.97666875,1.0,640000,400000000,400640000,20000.0,53657600000,0.022216800000023795,0.016297000000122353,691.345703125
exact,20000,32,2,446,9.569619578542188e-05,0.9766796875,1.0,640000,400000000,400640000,20000.0,53657600000,0.022304499998426763,0.01679619999958959,690.876953125
exact,20000,32,2,447,9.569977555656806e-05,0.9766671875,1.0,640000,400000000,400640000,20000.0,53657600000,0.0228201000008994,0.01691220000066096,691.345703125
exact,20000,32,2,448,9.570344991516322e-05,0.9766640625,1.0,640000,400000000,400640000,20000.0,53657600000,0.024374399999942398,0.018484099999113823,691.345703125
exact,20000,32,2,449,9.569542453391477e-05,0.976671875,1.0,640000,400000000,400640000,20000.0,53657600000,0.02362619999985327,0.01803749999999127,691.345703125
exact,20000,32,2,450,9.569592657499015e-05,0.9766765625,1.0,640000,400000000,400640000,20000.0,53657600000,0.022700800000166055,0.017515900000944384,690.876953125
exact,20000,32,2,451,9.570417751092464e-05,0.976671875,1.0,640000,400000000,400640000,20000.0,53657600000,0.021577800000159186,0.016319800000928808,691.345703125
exact,20000,32,2,452,9.569814574206248e-05,0.9766703125,1.0,640000,400000000,400640000,20000.0,53657600000,0.0241611000001285,0.019025899999178364,691.345703125
exact,20000,32,2,453,9.569498070050031e-05,0.9766734375,1.0,640000,400000000,400640000,20000.0,53657600000,0.021888399998715613,0.016271600001346087,691.345703125
exact,20000,32,2,454,9.570177644491196e-05,0.9766734375,1.0,640000,400000000,400640000,20000.0,53657600000,0.02440279999973427,0.016741599998567835,690.876953125
exact,20000,32,2,455,9.569823305355385e-05,0.9766734375,1.0,640000,400000000,400640000,20000.0,53657600000,0.022533499999553896,0.01711559999966994,691.345703125
exact,20000,32,2,456,9.569804387865588e-05,0.9766703125,1.0,640000,400000000,400640000,20000.0,53657600000,0.021640400000251248,0.01630219999969995,691.345703125
exact,20000,32,2,457,9.570043766871095e-05,0.97666875,1.0,640000,400000000,400640000,20000.0,53657600000,0.02305270000033488,0.017956399999093264,691.345703125
exact,20000,32,2,458,9.56969233811833e-05,0.9766734375,1.0,640000,400000000,400640000,20000.0,53657600000,0.021406699999715784,0.016255700000328943,690.876953125
exact,20000,32,2,459,9.569977555656806e-05,0.97666875,1.0,640000,400000000,400640000,20000.0,53657600000,0.023730700000669458,0.018550599999798578,691.345703125
exact,20000,32,2,460,9.5702001999598e-05,0.9766734375,1.0,640000,400000000,400640000,20000.0,53657600000,0.021480800000063027,0.01630529999965802,691.345703125
exact,20000,32,2,461,9.569572284817696e-05,0.9766734375,1.0,640000,400000000,400640000,20000.0,53657600000,0.022984400000495953,0.016893300000447198,691.345703125
exact,20000,32,2,462,9.569780377205461e-05,0.9766671875,1.0,640000,400000000,400640000,20000.0,53657600000,0.021595099999103695,0.016368499998861807,690.876953125
exact,20000,32,2,463,9.570363181410357e-05,0.9766703125,1.0,640000,400000000,400640000,20000.0,53657600000,0.022810299999036943,0.017609499998798128,691.345703125
exact,20000,32,2,464,9.569813846610487e-05,0.976671875,1.0,640000,400000000,400640000,20000.0,53657600000,0.022331099999064463,0.017032600000675302,691.345703125
exact,20000,32,2,465,9.569494432071224e-05,0.9766765625,1.0,640000,400000000,400640000,20000.0,53657600000,0.023479999999835854,0.017342099999950733,691.345703125
exact,20000,32,2,466,9.570216207066551e-05,0.97666875,1.0,640000,400000000,400640000,20000.0,53657600000,0.02400839999972959,0.01848470000004454,690.876953125
exact,20000,32,2,467,9.569927351549268e-05,0.9766703125,1.0,640000,400000000,400640000,20000.0,53657600000,0.021730499998739106,0.01670149999881687,691.345703125
exact,20000,32,2,468,9.569786197971553e-05,0.976671875,1.0,640000,400000000,400640000,20000.0,53657600000,0.024822999999742024,0.018450599998686812,691.345703125
exact,20000,32,2,469,9.569992835167795e-05,0.97666875,1.0,640000,400000000,400640000,20000.0,53657600000,0.022118099999715923,0.017076199999792152,691.345703125
exact,20000,32,2,470,9.56983640207909e-05,0.9766734375,1.0,640000,400000000,400640000,20000.0,53657600000,0.02258590000019467,0.017501600001196493,690.876953125
exact,20000,32,2,471,9.569874964654446e-05,0.97666875,1.0,640000,400000000,400640000,20000.0,53657600000,0.022236299999349285,0.01721679999900516,691.345703125
exact,20000,32,2,472,9.57026204559952e-05,0.976671875,1.0,640000,400000000,400640000,20000.0,53657600000,0.02353220000077272,0.017880599998534308,691.345703125
exact,20000,32,2,473,9.56956937443465e-05,0.9766703125,1.0,640000,400000000,400640000,20000.0,53657600000,0.024277900000015507,0.01703289999932167,691.345703125
exact,20000,32,2,474,9.569706890033558e-05,0.976675,1.0,640000,400000000,400640000,20000.0,53657600000,0.022279800001342664,0.016630000000077416,690.876953125
exact,20000,32,2,475,9.570363181410357e-05,0.97666875,1.0,640000,400000000,400640000,20000.0,53657600000,0.02268470000126399,0.01764970000112953,691.345703125
exact,20000,32,2,476,9.569773101247847e-05,0.976671875,1.0,640000,400000000,400640000,20000.0,53657600000,0.021780600000056438,0.016289499999402324,691.345703125
exact,20000,32,2,477,9.569615940563381e-05,0.9766703125,1.0,640000,400000000,400640000,20000.0,53657600000,0.023847200000091107,0.01850449999983539,691.345703125
exact,20000,32,2,478,9.570234396960586e-05,0.9766703125,1.0,640000,400000000,400640000,20000.0,53657600000,0.02208269999937329,0.016732299998693634,690.876953125
exact,20000,32,2,479,9.569862595526502e-05,0.976671875,1.0,640000,400000000,400640000,20000.0,53657600000,0.022390400001313537,0.01691670000036538,691.345703125
exact,20000,32,2,480,9.569734538672492e-05,0.9766734375,1.0,640000,400000000,400640000,20000.0,53657600000,0.022201600000698818,0.016715100000510574,691.345703125
exact,20000,32,2,481,9.570070687914267e-05,0.9766734375,1.0,640000,400000000,400640000,20000.0,53657600000,0.02257599999938975,0.017265899999983958,691.345703125
exact,20000,32,2,482,9.569828398525715e-05,0.976671875,1.0,640000,400000000,400640000,20000.0,53657600000,0.02238990000114427,0.017141599999376922,690.876953125
exact,20000,32,2,483,9.569858957547694e-05,0.976671875,1.0,640000,400000000,400640000,20000.0,53657600000,0.02153379999981553,0.01629239999965648,691.345703125
exact,20000,32,2,484,9.570155089022592e-05,0.9766734375,1.0,640000,400000000,400640000,20000.0,53657600000,0.02216039999984787,0.01691720000053465,691.345703125
exact,20000,32,2,485,9.569647954776883e-05,0.976671875,1.0,640000,400000000,400640000,20000.0,53657600000,0.023006100000202423,0.017917999999554013,691.345703125
exact,20000,32,2,486,9.569753456162289e-05,0.9766734375,1.0,640000,400000000,400640000,20000.0,53657600000,0.023510899998655077,0.01800320000074862,690.876953125
exact,20000,32,2,487,9.570347901899368e-05,0.97666875,1.0,640000,400000000,400640000,20000.0,53657600000,0.023109400000976166,0.017685400000118534,691.345703125
exact,20000,32,2,488,9.569724352331832e-05,0.976675,1.0,640000,400000000,400640000,20000.0,53657600000,0.02331899999990128,0.016265500000372413,691.345703125
exact,20000,32,2,489,9.569591929903254e-05,0.976671875,1.0,640000,400000000,400640000,20000.0,53657600000,0.022202300000571995,0.017038999998476356,691.345703125
exact,20000,32,2,490,9.570336260367185e-05,0.9766703125,1.0,640000,400000000,400640000,20000.0,53657600000,0.021904500001255656,0.01625919999969483,690.876953125
exact,20000,32,2,491,9.569864778313786e-05,0.9766703125,1.0,640000,400000000,400640000,20000.0,53657600000,0.022736400000212598,0.017697699999189354,691.345703125
exact,20000,32,2,492,9.569725079927593e-05,0.976675,1.0,640000,400000000,400640000,20000.0,53657600000,0.02141949999895587,0.01624230000015814,691.345703125
exact,20000,32,2,493,9.570089605404064e-05,0.97666875,1.0,640000,400000000,400640000,20000.0,53657600000,0.02249139999912586,0.01743769999848155,691.345703125
exact,20000,32,2,494,9.569816029397771e-05,0.9766734375,1.0,640000,400000000,400640000,20000.0,53657600000,0.023013399999399553,0.017632200000662124,690.876953125
exact,20000,32,2,495,9.569885150995106e-05,0.9766703125,1.0,640000,400000000,400640000,20000.0,53657600000,0.022194500001205597,0.017087800000808784,691.345703125
exact,20000,32,2,496,9.570264955982566e-05,0.9766703125,1.0,640000,400000000,400640000,20000.0,53657600000,0.024897999999666354,0.017072799999368726,691.345703125
exact,20000,32,2,497,9.569556277710944e-05,0.9766734375,1.0,640000,400000000,400640000,20000.0,53657600000,0.0238441999990755,0.0187073999986751,691.345703125
exact,20000,32,2,498,9.569807298248634e-05,0.9766734375,1.0,640000,400000000,400640000,20000.0,53657600000,0.022250499998335727,0.017252799998459523,690.876953125
exact,20000,32,2,499,9.570396650815383e-05,0.9766671875,1.0,640000,400000000,400640000,20000.0,53657600000,0.02231000000028871,0.016998499999317573,691.345703125
exact,20000,32,2,500,9.569760004524142e-05,0.976671875,1.0,640000,400000000,400640000,20000.0,53657600000,0.022712399999363697,0.017728400000123656,691.345703125
ariad,20000,32,2,1,0.20602181553840637,0.0060015625,0.006778125,640000,2880000,3520000,144.0,2826240000,0.07319949999873643,0.06772910000108823,691.220703125
ariad,20000,32,2,2,0.17745082080364227,0.01141875,0.017896875,640000,2880000,3520000,144.0,2826240000,0.014825200001723715,0.009369000001242966,690.876953125
ariad,20000,32,2,3,0.16154758632183075,0.0174671875,0.037653125,640000,2880000,3520000,144.0,2826240000,0.014089800000874675,0.008674700000483426,691.345703125
ariad,20000,32,2,4,0.14985428750514984,0.0238078125,0.066190625,640000,2880000,3520000,144.0,2826240000,0.014118899998720735,0.00863010000102804,691.345703125
ariad,20000,32,2,5,0.14127837121486664,0.0303234375,0.1031765625,640000,2880000,3520000,144.0,2826240000,0.01508280000052764,0.008696599999893806,691.345703125
ariad,20000,32,2,6,0.13494348526000977,0.03653125,0.147171875,640000,2880000,3520000,144.0,2826240000,0.016772699998909957,0.011084699999628356,691.345703125
ariad,20000,32,2,7,0.1305534392595291,0.0422546875,0.1970734375,640000,2880000,3520000,144.0,2826240000,0.014253900000767317,0.008640299998660339,691.345703125
ariad,20000,32,2,8,0.12738417088985443,0.047209375,0.2494640625,640000,2880000,3520000,144.0,2826240000,0.014601900000343448,0.008849399999235175,690.876953125
ariad,20000,32,2,9,0.12492576241493225,0.0515234375,0.3038421875,640000,2880000,3520000,144.0,2826240000,0.017004600000291248,0.011063199999625795,691.345703125
ariad,20000,32,2,10,0.12282396852970123,0.0546953125,0.356440625,640000,2880000,3520000,144.0,2826240000,0.016712900000129594,0.010335799999666051,690.876953125
ariad,20000,32,2,11,0.12101709842681885,0.0568234375,0.4055203125,640000,2880000,3520000,144.0,2826240000,0.015104299998711213,0.009109700000408338,691.345703125
ariad,20000,32,2,12,0.1193474605679512,0.0583125,0.450715625,640000,2880000,3520000,144.0,2826240000,0.014773199998671771,0.00875620000078925,691.345703125
ariad,20000,32,2,13,0.1179332509636879,0.0589953125,0.4911421875,640000,2880000,3520000,144.0,2826240000,0.0145340999988548,0.008849400001054164,691.345703125
ariad,20000,32,2,14,0.1166873499751091,0.0592359375,0.5264265625,640000,2880000,3520000,144.0,2826240000,0.014690500000142492,0.00864240000009886,691.345703125
ariad,20000,32,2,15,0.11561767011880875,0.059575,0.557965625,640000,2880000,3520000,144.0,2826240000,0.01485569999931613,0.0088553999994474,691.345703125
ariad,20000,32,2,16,0.11472094804048538,0.0595640625,0.5853078125,640000,2880000,3520000,144.0,2826240000,0.015005200000814511,0.009371499998451327,690.876953125
ariad,20000,32,2,17,0.11399032920598984,0.05943125,0.6100953125,640000,2880000,3520000,144.0,2826240000,0.014982400000008056,0.008816700001261779,691.345703125
ariad,20000,32,2,18,0.11335600167512894,0.0593609375,0.6323546875,640000,2880000,3520000,144.0,2826240000,0.01491119999991497,0.008923400000639958,691.345703125
ariad,20000,32,2,19,0.11280293017625809,0.0593859375,0.6521671875,640000,2880000,3520000,144.0,2826240000,0.015008400001534028,0.009104900000238558,691.345703125
ariad,20000,32,2,20,0.11230958253145218,0.0595171875,0.6702734375,640000,2880000,3520000,144.0,2826240000,0.015120100000785897,0.009085899999263347,691.345703125
ariad,20000,32,2,21,0.11190434545278549,0.05953125,0.6866828125,640000,2880000,3520000,144.0,2826240000,0.014917199998308206,0.008711600001333863,691.345703125
ariad,20000,32,2,22,0.11155599355697632,0.05984375,0.70141875,640000,2880000,3520000,144.0,2826240000,0.015156499999648076,0.009156199999779346,690.876953125
ariad,20000,32,2,23,0.11126742511987686,0.0602734375,0.7148328125,640000,2880000,3520000,144.0,2826240000,0.014909900000930065,0.008819900000162306,691.345703125
ariad,20000,32,2,24,0.11102911084890366,0.06085,0.72703125,640000,2880000,3520000,144.0,2826240000,0.01599540000097477,0.010170000001380686,691.345703125
ariad,20000,32,2,25,0.11081342399120331,0.061640625,0.7382296875,640000,2880000,3520000,144.0,2826240000,0.014653299998826697,0.00872220000019297,691.345703125
ariad,20000,32,2,26,0.11059986054897308,0.062634375,0.7479078125,640000,2880000,3520000,144.0,2826240000,0.01485829999910493,0.008820499999274034,691.345703125
ariad,20000,32,2,27,0.11040867865085602,0.0636546875,0.756796875,640000,2880000,3520000,144.0,2826240000,0.014921699999831617,0.009011900001496542,691.345703125
ariad,20000,32,2,28,0.11022360622882843,0.065015625,0.7641046875,640000,2880000,3520000,144.0,2826240000,0.01578189999963797,0.009603700000297977,690.876953125
ariad,20000,32,2,29,0.11005644500255585,0.066578125,0.770940625,640000,2880000,3520000,144.0,2826240000,0.015295400000468362,0.00908030000027793,691.345703125
ariad,20000,32,2,30,0.10989529639482498,0.0682765625,0.7762609375,640000,2880000,3520000,144.0,2826240000,0.014950400000088848,0.008785800000623567,691.345703125
ariad,20000,32,2,31,0.10973144322633743,0.0702578125,0.7802953125,640000,2880000,3520000,144.0,2826240000,0.01747350000005099,0.01043770000069344,691.345703125
ariad,20000,32,2,32,0.10956497490406036,0.0724796875,0.783184375,640000,2880000,3520000,144.0,2826240000,0.015487399999983609,0.008734099999855971,691.345703125
ariad,20000,32,2,33,0.10939079523086548,0.0750109375,0.7854578125,640000,2880000,3520000,144.0,2826240000,0.016992999999274616,0.010693799998989562,691.345703125
ariad,20000,32,2,34,0.10920543968677521,0.0779078125,0.7865828125,640000,2880000,3520000,144.0,2826240000,0.014519700000164448,0.008573799999794574,690.876953125
ariad,20000,32,2,35,0.10902594774961472,0.081371875,0.78671875,640000,2880000,3520000,144.0,2826240000,0.014581299999917974,0.008256700000856654,691.345703125
ariad,20000,32,2,36,0.10882602632045746,0.08516875,0.78545,640000,2880000,3520000,144.0,2826240000,0.017837600000348175,0.01180960000056075,691.345703125
ariad,20000,32,2,37,0.10862778127193451,0.0892453125,0.7829765625,640000,2880000,3520000,144.0,2826240000,0.014053999999305233,0.008191200000510435,691.345703125
ariad,20000,32,2,38,0.10840914398431778,0.0941640625,0.778828125,640000,2880000,3520000,144.0,2826240000,0.014723399999638787,0.008748100000957493,691.345703125
ariad,20000,32,2,39,0.10817214101552963,0.0996421875,0.7735421875,640000,2880000,3520000,144.0,2826240000,0.014736099999936414,0.0083254000001034,691.345703125
ariad,20000,32,2,40,0.10791626572608948,0.1059046875,0.7672984375,640000,2880000,3520000,144.0,2826240000,0.01466199999958917,0.008711899999980233,690.876953125
ariad,20000,32,2,41,0.10761187225580215,0.1133,0.7598609375,640000,2880000,3520000,144.0,2826240000,0.014353700000356184,0.008530899998731911,691.345703125
ariad,20000,32,2,42,0.10727682709693909,0.1215984375,0.7513515625,640000,2880000,3520000,144.0,2826240000,0.014492100001007202,0.00839550000091549,691.345703125
ariad,20000,32,2,43,0.10688388347625732,0.1313859375,0.74194375,640000,2880000,3520000,144.0,2826240000,0.013814699999784352,0.008179700000255252,691.345703125
ariad,20000,32,2,44,0.10643336921930313,0.1425984375,0.732184375,640000,2880000,3520000,144.0,2826240000,0.014724200000273413,0.008836400000291178,691.345703125
ariad,20000,32,2,45,0.10591921210289001,0.1555921875,0.7217015625,640000,2880000,3520000,144.0,2826240000,0.014295699998911005,0.008277400000224588,691.345703125
ariad,20000,32,2,46,0.10528276115655899,0.1707890625,0.7110109375,640000,2880000,3520000,144.0,2826240000,0.013850999999704072,0.008273400000689435,690.876953125
ariad,20000,32,2,47,0.10451988130807877,0.1881078125,0.7010171875,640000,2880000,3520000,144.0,2826240000,0.017708500001390348,0.012136999999711406,691.345703125
ariad,20000,32,2,48,0.10361842066049576,0.207815625,0.691846875,640000,2880000,3520000,144.0,2826240000,0.014558500000930508,0.008563299999877927,691.345703125
ariad,20000,32,2,49,0.10252860188484192,0.2296453125,0.6847609375,640000,2880000,3520000,144.0,2826240000,0.013780299999780254,0.008251100000052247,691.345703125
ariad,20000,32,2,50,0.10122757405042648,0.254203125,0.680040625,640000,2880000,3520000,144.0,2826240000,0.013901199999963865,0.00821899999937159,691.345703125
ariad,20000,32,2,51,0.09968973696231842,0.281115625,0.6783984375,640000,2880000,3520000,144.0,2826240000,0.013952600000266102,0.008394699998461874,691.345703125
ariad,20000,32,2,52,0.09791767597198486,0.309378125,0.679003125,640000,2880000,3520000,144.0,2826240000,0.01715209999929357,0.008745899998757523,690.876953125
ariad,20000,32,2,53,0.09586936980485916,0.338671875,0.6832875,640000,2880000,3520000,144.0,2826240000,0.014140999999654014,0.008791799999016803,691.345703125
ariad,20000,32,2,54,0.09353552758693695,0.368690625,0.6911015625,640000,2880000,3520000,144.0,2826240000,0.013976399999592104,0.00856739999835554,691.345703125
ariad,20000,32,2,55,0.0908871665596962,0.3980515625,0.70043125,640000,2880000,3520000,144.0,2826240000,0.014145200000712066,0.008387899999434012,691.345703125
ariad,20000,32,2,56,0.087934210896492,0.4258921875,0.7106578125,640000,2880000,3520000,144.0,2826240000,0.013277500000185682,0.008152799999152194,691.345703125
ariad,20000,32,2,57,0.08469775319099426,0.45169375,0.7212125,640000,2880000,3520000,144.0,2826240000,0.013906799998949282,0.0087005000004865,691.345703125
ariad,20000,32,2,58,0.08114206045866013,0.475396875,0.73145,640000,2880000,3520000,144.0,2826240000,0.013405399999101064,0.008226500000091619,690.876953125
ariad,20000,32,2,59,0.07732503116130829,0.4968609375,0.741496875,640000,2880000,3520000,144.0,2826240000,0.014206699999704142,0.008955699999205535,691.345703125
ariad,20000,32,2,60,0.07323086261749268,0.515946875,0.7510421875,640000,2880000,3520000,144.0,2826240000,0.013850899998942623,0.008591300000261981,691.345703125
ariad,20000,32,2,61,0.06889881938695908,0.5326171875,0.7599140625,640000,2880000,3520000,144.0,2826240000,0.013616099999126163,0.00854319999962172,691.345703125
ariad,20000,32,2,62,0.06440979242324829,0.547409375,0.7689390625,640000,2880000,3520000,144.0,2826240000,0.013449500000206172,0.008353400000487454,691.345703125
ariad,20000,32,2,63,0.05983705818653107,0.560340625,0.776578125,640000,2880000,3520000,144.0,2826240000,0.013211700001193094,0.00808349999897473,691.345703125
ariad,20000,32,2,64,0.05532839894294739,0.5721046875,0.7835765625,640000,2880000,3520000,144.0,2826240000,0.015589200000249548,0.008241699999416596,690.876953125
ariad,20000,32,2,65,0.0509791374206543,0.5827578125,0.789784375,640000,2880000,3520000,144.0,2826240000,0.013383200001044315,0.008258300000306917,691.345703125
ariad,20000,32,2,66,0.04690719395875931,0.593003125,0.7957265625,640000,2880000,3520000,144.0,2826240000,0.01467409999895608,0.009335000000646687,691.345703125
ariad,20000,32,2,67,0.04315823316574097,0.6022890625,0.8010125,640000,2880000,3520000,144.0,2826240000,0.014436800000112271,0.00816070000109903,691.345703125
ariad,20000,32,2,68,0.039781272411346436,0.6111640625,0.8053125,640000,2880000,3520000,144.0,2826240000,0.013604200001282152,0.008276099999420694,691.345703125
ariad,20000,32,2,69,0.036786627024412155,0.62016875,0.8084671875,640000,2880000,3520000,144.0,2826240000,0.014072400001168717,0.008422500000961008,691.345703125
ariad,20000,32,2,70,0.03410923108458519,0.628940625,0.81071875,640000,2880000,3520000,144.0,2826240000,0.013206800000261865,0.0081873999988602,690.876953125
ariad,20000,32,2,71,0.031752489507198334,0.6377625,0.8118265625,640000,2880000,3520000,144.0,2826240000,0.01867830000082904,0.01365540000006149,691.345703125
ariad,20000,32,2,72,0.029665887355804443,0.6466765625,0.8124125,640000,2880000,3520000,144.0,2826240000,0.015706399999544374,0.008677899999383953,691.345703125
ariad,20000,32,2,73,0.027812466025352478,0.6553046875,0.8122109375,640000,2880000,3520000,144.0,2826240000,0.013920399998823996,0.008162099999026395,691.345703125
ariad,20000,32,2,74,0.026142992079257965,0.6637421875,0.8114578125,640000,2880000,3520000,144.0,2826240000,0.013457499999276479,0.008158099999491242,691.345703125
ariad,20000,32,2,75,0.02461804263293743,0.6719390625,0.810725,640000,2880000,3520000,144.0,2826240000,0.01367730000129086,0.008511200001521502,691.345703125
ariad,20000,32,2,76,0.023189637809991837,0.6801421875,0.8101828125,640000,2880000,3520000,144.0,2826240000,0.013643100000990671,0.008674900000187336,690.876953125
ariad,20000,32,2,77,0.021801261231303215,0.687996875,0.8100421875,640000,2880000,3520000,144.0,2826240000,0.014975600000980194,0.009599200000593555,691.345703125
ariad,20000,32,2,78,0.020442070439457893,0.6958125,0.8098421875,640000,2880000,3520000,144.0,2826240000,0.015775599998960388,0.009108399999604444,691.345703125
ariad,20000,32,2,79,0.019092867150902748,0.703609375,0.81019375,640000,2880000,3520000,144.0,2826240000,0.013637799998832634,0.008550900000045658,691.345703125
ariad,20000,32,2,80,0.017750412225723267,0.7111859375,0.810196875,640000,2880000,3520000,144.0,2826240000,0.013151600000128383,0.008203699999285163,691.345703125
ariad,20000,32,2,81,0.016424104571342468,0.7191109375,0.81098125,640000,2880000,3520000,144.0,2826240000,0.013836300000548363,0.008147999998982414,691.345703125
ariad,20000,32,2,82,0.015163230709731579,0.726915625,0.811940625,640000,2880000,3520000,144.0,2826240000,0.015092499999809661,0.008321699999214616,690.876953125
ariad,20000,32,2,83,0.013973751105368137,0.7347984375,0.8129640625,640000,2880000,3520000,144.0,2826240000,0.013620499999888125,0.00849980000020878,691.345703125
ariad,20000,32,2,84,0.012858126312494278,0.7425984375,0.813903125,640000,2880000,3520000,144.0,2826240000,0.016695099999196827,0.010637499999575084,691.345703125
ariad,20000,32,2,85,0.011821572668850422,0.75008125,0.8151703125,640000,2880000,3520000,144.0,2826240000,0.013974299999972573,0.008510699999533244,691.345703125
ariad,20000,32,2,86,0.010865609161555767,0.757434375,0.81663125,640000,2880000,3520000,144.0,2826240000,0.013211899999078014,0.008105500000965549,691.345703125
ariad,20000,32,2,87,0.009989879094064236,0.7647875,0.817928125,640000,2880000,3520000,144.0,2826240000,0.013454500000079861,0.008344100000613253,691.345703125
ariad,20000,32,2,88,0.009189726784825325,0.7719703125,0.819428125,640000,2880000,3520000,144.0,2826240000,0.013832399999955669,0.00850669999999809,690.876953125
ariad,20000,32,2,89,0.008460652083158493,0.7790328125,0.821078125,640000,2880000,3520000,144.0,2826240000,0.013257700000394834,0.008246600000347826,691.345703125
ariad,20000,32,2,90,0.0077979383058846,0.7859421875,0.822834375,640000,2880000,3520000,144.0,2826240000,0.01323210000009567,0.00821180000093591,691.345703125
ariad,20000,32,2,91,0.007194305304437876,0.7925734375,0.825025,640000,2880000,3520000,144.0,2826240000,0.013500400000339141,0.008438599999863072,691.345703125
ariad,20000,32,2,92,0.006642893888056278,0.7988140625,0.8276265625,640000,2880000,3520000,144.0,2826240000,0.013426499999695807,0.008202400000300258,691.345703125
ariad,20000,32,2,93,0.006146703381091356,0.8049921875,0.83033125,640000,2880000,3520000,144.0,2826240000,0.013643299998875591,0.00817300000016985,691.345703125
ariad,20000,32,2,94,0.005663706921041012,0.810646875,0.8333546875,640000,2880000,3520000,144.0,2826240000,0.014078599999265862,0.00815370000054827,690.876953125
ariad,20000,32,2,95,0.005215577781200409,0.81595,0.8366203125,640000,2880000,3520000,144.0,2826240000,0.013651700000991696,0.008614399999714806,691.345703125
ariad,20000,32,2,96,0.0047915782779455185,0.8213015625,0.8397734375,640000,2880000,3520000,144.0,2826240000,0.013787599998977385,0.008754399999816087,691.345703125
ariad,20000,32,2,97,0.004387771710753441,0.826353125,0.8431609375,640000,2880000,3520000,144.0,2826240000,0.01381770000079996,0.008253599999079597,691.345703125
ariad,20000,32,2,98,0.004006413277238607,0.8309375,0.8464296875,640000,2880000,3520000,144.0,2826240000,0.013859700000466546,0.008639400000902242,691.345703125
ariad,20000,32,2,99,0.0036451341584324837,0.8356359375,0.8498828125,640000,2880000,3520000,144.0,2826240000,0.013467200000377488,0.008150799998475122,691.345703125
ariad,20000,32,2,100,0.003301754593849182,0.8403078125,0.8529875,640000,2880000,3520000,144.0,2826240000,0.01319080000030226,0.008138000001054024,690.876953125
ariad,20000,32,2,101,0.0029763965867459774,0.84494375,0.8560703125,640000,2880000,3520000,144.0,2826240000,0.013668800000232295,0.00864499999988766,691.345703125
ariad,20000,32,2,102,0.0026781721971929073,0.849446875,0.8588328125,640000,2880000,3520000,144.0,2826240000,0.014150200000585755,0.008514800001648837,691.345703125
ariad,20000,32,2,103,0.002399803837761283,0.8540203125,0.8614421875,640000,2880000,3520000,144.0,2826240000,0.013176700000258279,0.0081705000011425,691.345703125
ariad,20000,32,2,104,0.0021589628886431456,0.85830625,0.8641046875,640000,2880000,3520000,144.0,2826240000,0.013662100000146893,0.008635500000309548,691.345703125
ariad,20000,32,2,105,0.0019638477824628353,0.86238125,0.86635,640000,2880000,3520000,144.0,2826240000,0.013014100000873441,0.008033200001591467,691.345703125
ariad,20000,32,2,106,0.001805166364647448,0.865921875,0.8683546875,640000,2880000,3520000,144.0,2826240000,0.013760100000581588,0.008364900000742637,690.876953125
ariad,20000,32,2,107,0.0016729151830077171,0.8689375,0.870328125,640000,2880000,3520000,144.0,2826240000,0.013712399999349145,0.008709499999895343,691.345703125
ariad,20000,32,2,108,0.001556228962726891,0.871634375,0.8730015625,640000,2880000,3520000,144.0,2826240000,0.013261600000987528,0.00821899999937159,691.345703125
ariad,20000,32,2,109,0.0014462597901001573,0.8738234375,0.87531875,640000,2880000,3520000,144.0,2826240000,0.013756700000158162,0.00868099999934202,691.345703125
ariad,20000,32,2,110,0.0013388775987550616,0.8758078125,0.877771875,640000,2880000,3520000,144.0,2826240000,0.013108199998896453,0.008148200000505312,691.345703125
ariad,20000,32,2,111,0.0012327125295996666,0.87785,0.88053125,640000,2880000,3520000,144.0,2826240000,0.01396279999971739,0.008850000000165892,691.345703125
ariad,20000,32,2,112,0.0011297330493107438,0.879596875,0.8829265625,640000,2880000,3520000,144.0,2826240000,0.013587100000222563,0.00863749999916763,690.876953125
ariad,20000,32,2,113,0.0010320445289835334,0.88148125,0.8851625,640000,2880000,3520000,144.0,2826240000,0.01622279999901366,0.009292999999161111,691.345703125
ariad,20000,32,2,114,0.0009414514061063528,0.883296875,0.887459375,640000,2880000,3520000,144.0,2826240000,0.013189799999963725,0.0081995000000461,691.345703125
ariad,20000,32,2,115,0.0008587552583776414,0.885075,0.8894953125,640000,2880000,3520000,144.0,2826240000,0.01771580000058748,0.012718500000119093,691.345703125
ariad,20000,32,2,116,0.0007842796039767563,0.886984375,0.8915921875,640000,2880000,3520000,144.0,2826240000,0.013317500000994187,0.00817540000025474,691.345703125
ariad,20000,32,2,117,0.0007180209504440427,0.888621875,0.8934171875,640000,2880000,3520000,144.0,2826240000,0.013310499998624437,0.008102300000246032,691.345703125
ariad,20000,32,2,118,0.0006589565891772509,0.89014375,0.894971875,640000,2880000,3520000,144.0,2826240000,0.01368940000065777,0.008532300000297255,690.876953125
ariad,20000,32,2,119,0.0006061239982955158,0.8915546875,0.8963375,640000,2880000,3520000,144.0,2826240000,0.013624900000650086,0.008638299999802257,691.345703125
ariad,20000,32,2,120,0.0005585533217526972,0.892846875,0.897596875,640000,2880000,3520000,144.0,2826240000,0.01374009999926784,0.00846359999923152,691.345703125
ariad,20000,32,2,121,0.0005154397222213447,0.8941203125,0.8987140625,640000,2880000,3520000,144.0,2826240000,0.013395900001341943,0.008401600000070175,691.345703125
ariad,20000,32,2,122,0.00047644617734476924,0.895253125,0.899821875,640000,2880000,3520000,144.0,2826240000,0.013279200000397395,0.008270700000139186,691.345703125
ariad,20000,32,2,123,0.0004408970708027482,0.8963390625,0.9007109375,640000,2880000,3520000,144.0,2826240000,0.014049300001715892,0.008979799998996896,691.345703125
ariad,20000,32,2,124,0.00040832822560332716,0.8971984375,0.9016125,640000,2880000,3520000,144.0,2826240000,0.013434599999527563,0.008381300000110059,690.876953125
ariad,20000,32,2,125,0.00037843247991986573,0.898021875,0.9024609375,640000,2880000,3520000,144.0,2826240000,0.013719000000492088,0.008609500000602566,691.345703125
ariad,20000,32,2,126,0.00035110791213810444,0.89880625,0.9031921875,640000,2880000,3520000,144.0,2826240000,0.013151699999070843,0.008164999999280553,691.345703125
ariad,20000,32,2,127,0.0003263727994635701,0.89961875,0.9039140625,640000,2880000,3520000,144.0,2826240000,0.014328400000522379,0.009051800001543597,691.345703125
ariad,20000,32,2,128,0.00030426663579419255,0.900390625,0.904575,640000,2880000,3520000,144.0,2826240000,0.013528600000427105,0.008270599999377737,691.345703125
ariad,20000,32,2,129,0.0002844946866389364,0.9012,0.9053703125,640000,2880000,3520000,144.0,2826240000,0.01325879999967583,0.00819489999958023,691.345703125
ariad,20000,32,2,130,0.00026677249115891755,0.9018515625,0.9060890625,640000,2880000,3520000,144.0,2826240000,0.01495230000000447,0.009213899998940178,690.876953125
ariad,20000,32,2,131,0.00025092685245908797,0.902525,0.9065984375,640000,2880000,3520000,144.0,2826240000,0.013513599998987047,0.008100700000795769,691.345703125
ariad,20000,32,2,132,0.00023673867690376937,0.9031765625,0.9071390625,640000,2880000,3520000,144.0,2826240000,0.013190300000132993,0.008207200000470039,691.345703125
ariad,20000,32,2,133,0.0002240988687844947,0.9037875,0.907646875,640000,2880000,3520000,144.0,2826240000,0.013854499999069958,0.008171699999365956,691.345703125
ariad,20000,32,2,134,0.00021268369164317846,0.9043109375,0.908303125,640000,2880000,3520000,144.0,2826240000,0.013166200000341632,0.008123600000544684,691.345703125
ariad,20000,32,2,135,0.0002023650158662349,0.90483125,0.9086328125,640000,2880000,3520000,144.0,2826240000,0.014067699999941397,0.008495699999912176,691.345703125
ariad,20000,32,2,136,0.00019285775488242507,0.90535625,0.9091421875,640000,2880000,3520000,144.0,2826240000,0.01392160000068543,0.008661199999551172,690.876953125
ariad,20000,32,2,137,0.00018414862279314548,0.9057921875,0.9097359375,640000,2880000,3520000,144.0,2826240000,0.013825999998516636,0.008788299999650917,691.345703125
ariad,20000,32,2,138,0.00017612098599784076,0.9062453125,0.9101296875,640000,2880000,3520000,144.0,2826240000,0.013151299999663024,0.008128999999826192,691.345703125
ariad,20000,32,2,139,0.0001689362252363935,0.9066703125,0.9105625,640000,2880000,3520000,144.0,2826240000,0.013325500000064494,0.008256600000095204,691.345703125
ariad,20000,32,2,140,0.00016262764984276146,0.9070375,0.9109578125,640000,2880000,3520000,144.0,2826240000,0.013197499998568674,0.008184000000255764,691.345703125
ariad,20000,32,2,141,0.0001572107576066628,0.907396875,0.9113515625,640000,2880000,3520000,144.0,2826240000,0.014065100000152597,0.008767400000579073,691.345703125
ariad,20000,32,2,142,0.00015254487516358495,0.907715625,0.911784375,640000,2880000,3520000,144.0,2826240000,0.013998800000990741,0.008149000001139939,690.876953125
ariad,20000,32,2,143,0.0001484155363868922,0.9080546875,0.91216875,640000,2880000,3520000,144.0,2826240000,0.013404799999989336,0.008184099999198224,691.345703125
ariad,20000,32,2,144,0.00014467982691712677,0.9083765625,0.912559375,640000,2880000,3520000,144.0,2826240000,0.014314900001409114,0.008856300000843476,691.345703125
ariad,20000,32,2,145,0.00014130337513051927,0.9086671875,0.912834375,640000,2880000,3520000,144.0,2826240000,0.014159700000163866,0.008661300000312622,691.345703125
ariad,20000,32,2,146,0.00013827129441779107,0.9088984375,0.9132078125,640000,2880000,3520000,144.0,2826240000,0.014314699999886216,0.009100000001126318,691.345703125
ariad,20000,32,2,147,0.0001356475258944556,0.9091359375,0.9134453125,640000,2880000,3520000,144.0,2826240000,0.01463789999979781,0.009315499999502208,691.345703125
ariad,20000,32,2,148,0.00013334078539628536,0.9093484375,0.9136671875,640000,2880000,3520000,144.0,2826240000,0.014722800000527059,0.009009199999127304,690.876953125
ariad,20000,32,2,149,0.00013123676762916148,0.909559375,0.9140125,640000,2880000,3520000,144.0,2826240000,0.014051100000870065,0.008583300001191674,691.345703125
ariad,20000,32,2,150,0.00012933049583807588,0.9097484375,0.9141890625,640000,2880000,3520000,144.0,2826240000,0.014128999999229563,0.008693899999343557,691.345703125
ariad,20000,32,2,151,0.00012759251694660634,0.909959375,0.9143984375,640000,2880000,3520000,144.0,2826240000,0.014519500000460539,0.009037200001330348,691.345703125
ariad,20000,32,2,152,0.00012596382293850183,0.910128125,0.914603125,640000,2880000,3520000,144.0,2826240000,0.013942300000053365,0.008881600000677281,691.345703125
ariad,20000,32,2,153,0.00012457053526304662,0.9102875,0.9147921875,640000,2880000,3520000,144.0,2826240000,0.015169199999945704,0.008676999999806867,691.345703125
ariad,20000,32,2,154,0.00012336441432125866,0.9104421875,0.9149609375,640000,2880000,3520000,144.0,2826240000,0.01671360000000277,0.01016189999972994,690.876953125
ariad,20000,32,2,155,0.00012235320173203945,0.9105921875,0.91510625,640000,2880000,3520000,144.0,2826240000,0.014411300000574556,0.00934389999929408,691.345703125
ariad,20000,32,2,156,0.00012151538976468146,0.9107453125,0.9152703125,640000,2880000,3520000,144.0,2826240000,0.014320000000225264,0.009077099999558413,691.345703125
ariad,20000,32,2,157,0.00012074415280949324,0.9109078125,0.9155015625,640000,2880000,3520000,144.0,2826240000,0.013719599999603815,0.008676800000102958,691.345703125
ariad,20000,32,2,158,0.00012004253221675754,0.911075,0.915646875,640000,2880000,3520000,144.0,2826240000,0.014049299999896903,0.008702600000106031,691.345703125
ariad,20000,32,2,159,0.00011943210120080039,0.9112484375,0.915728125,640000,2880000,3520000,144.0,2826240000,0.014203799999449984,0.008652599999550148,691.345703125
ariad,20000,32,2,160,0.00011888451263075694,0.911390625,0.9159015625,640000,2880000,3520000,144.0,2826240000,0.014033599998583668,0.008556599999792525,690.876953125
ariad,20000,32,2,161,0.00011839959188364446,0.91155625,0.9160828125,640000,2880000,3520000,144.0,2826240000,0.01460649999899033,0.00909470000078727,691.345703125
ariad,20000,32,2,162,0.00011796996113844216,0.911715625,0.9162578125,640000,2880000,3520000,144.0,2826240000,0.01455319999877247,0.008960199998909957,691.345703125
ariad,20000,32,2,163,0.00011760105553548783,0.9118796875,0.916409375,640000,2880000,3520000,144.0,2826240000,0.014517100000375649,0.008936400001402944,691.345703125
ariad,20000,32,2,164,0.00011719493340933695,0.9120046875,0.916540625,640000,2880000,3520000,144.0,2826240000,0.014823699999396922,0.009084299999813084,691.345703125
ariad,20000,32,2,165,0.00011688381346175447,0.912115625,0.916671875,640000,2880000,3520000,144.0,2826240000,0.014086799999859068,0.008752199999435106,691.345703125
ariad,20000,32,2,166,0.00011660842574201524,0.9122625,0.9168578125,640000,2880000,3520000,144.0,2826240000,0.014017699999385513,0.008634499999971013,690.876953125
ariad,20000,32,2,167,0.00011638418072834611,0.9124,0.9169734375,640000,2880000,3520000,144.0,2826240000,0.01409349999994447,0.008561600001485203,691.345703125
ariad,20000,32,2,168,0.00011619083670666441,0.912503125,0.9170890625,640000,2880000,3520000,144.0,2826240000,0.014825900001596892,0.009671499999967637,691.345703125
ariad,20000,32,2,169,0.00011597972479648888,0.912609375,0.9172765625,640000,2880000,3520000,144.0,2826240000,0.01400160000048345,0.008848600000419538,691.345703125
ariad,20000,32,2,170,0.000115804752567783,0.9127265625,0.9174125,640000,2880000,3520000,144.0,2826240000,0.019695900000442634,0.01122639999994135,691.345703125
ariad,20000,32,2,171,0.00011566952161956578,0.912828125,0.917503125,640000,2880000,3520000,144.0,2826240000,0.014344200000778073,0.008819900000162306,691.345703125
ariad,20000,32,2,172,0.0001155378995463252,0.912928125,0.917653125,640000,2880000,3520000,144.0,2826240000,0.01752649999980349,0.01212410000152886,690.876953125
ariad,20000,32,2,173,0.00011541618732735515,0.9130171875,0.9177484375,640000,2880000,3520000,144.0,2826240000,0.014354400000229361,0.008909900001526694,691.345703125
ariad,20000,32,2,174,0.0001153160774265416,0.9131015625,0.9179015625,640000,2880000,3520000,144.0,2826240000,0.017833299998528673,0.011801700000432902,691.345703125
ariad,20000,32,2,175,0.00011520960106281564,0.913178125,0.91804375,640000,2880000,3520000,144.0,2826240000,0.013886099999581347,0.008542199999283184,691.345703125
ariad,20000,32,2,176,0.00011513428034959361,0.913253125,0.9181046875,640000,2880000,3520000,144.0,2826240000,0.013373400001000846,0.008128400000714464,691.345703125
ariad,20000,32,2,177,0.00011506473674671724,0.913340625,0.91818125,640000,2880000,3520000,144.0,2826240000,0.013387899998633657,0.008278699999209493,691.345703125
ariad,20000,32,2,178,0.00011498804815346375,0.91344375,0.9182796875,640000,2880000,3520000,144.0,2826240000,0.01315240000076301,0.008157899999787332,690.876953125
ariad,20000,32,2,179,0.00011490149336168543,0.913534375,0.918375,640000,2880000,3520000,144.0,2826240000,0.014701899999636225,0.008314599999721395,691.345703125
ariad,20000,32,2,180,0.00011485507275210693,0.9136078125,0.9184984375,640000,2880000,3520000,144.0,2826240000,0.014157800000248244,0.008816099998512072,691.345703125
ariad,20000,32,2,181,0.00011481625551823527,0.9136890625,0.9186125,640000,2880000,3520000,144.0,2826240000,0.01406930000121065,0.008552600000257371,691.345703125
ariad,20000,32,2,182,0.00011475293285911903,0.913790625,0.918684375,640000,2880000,3520000,144.0,2826240000,0.01876820000143198,0.013483299999279552,691.345703125
ariad,20000,32,2,183,0.00011469342280179262,0.9138859375,0.9187703125,640000,2880000,3520000,144.0,2826240000,0.017941300000529736,0.012491499999669031,691.345703125
ariad,20000,32,2,184,0.00011464973067631945,0.9139765625,0.918859375,640000,2880000,3520000,144.0,2826240000,0.01352729999962321,0.008421200000157114,690.876953125
ariad,20000,32,2,185,0.00011460504174465314,0.9140765625,0.9189453125,640000,2880000,3520000,144.0,2826240000,0.013666499999089865,0.008207700000639306,691.345703125
ariad,20000,32,2,186,0.00011457254731794819,0.9141515625,0.9190328125,640000,2880000,3520000,144.0,2826240000,0.013275000001158332,0.00828890000047977,691.345703125
ariad,20000,32,2,187,0.00011453034676378593,0.9142234375,0.9190828125,640000,2880000,3520000,144.0,2826240000,0.016800700001113,0.010983499998474144,691.345703125
ariad,20000,32,2,188,0.00011449102748883888,0.9142828125,0.91915,640000,2880000,3520000,144.0,2826240000,0.013782499998342246,0.008655599998746766,691.345703125
ariad,20000,32,2,189,0.00011445797281339765,0.9143390625,0.91925,640000,2880000,3520000,144.0,2826240000,0.013418600001386949,0.008384500000829576,691.345703125
ariad,20000,32,2,190,0.00011443244875408709,0.9144359375,0.919328125,640000,2880000,3520000,144.0,2826240000,0.013674299998456263,0.008230199999161414,690.876953125
ariad,20000,32,2,191,0.00011439611262176186,0.914503125,0.919396875,640000,2880000,3520000,144.0,2826240000,0.013393900000664871,0.008404100000916515,691.345703125
ariad,20000,32,2,192,0.00011436142813181505,0.914578125,0.919484375,640000,2880000,3520000,144.0,2826240000,0.013451599999825703,0.008192100000087521,691.345703125
ariad,20000,32,2,193,0.00011434027692303061,0.9146453125,0.919571875,640000,2880000,3520000,144.0,2826240000,0.013743499999691267,0.008772600000156672,691.345703125
ariad,20000,32,2,194,0.00011428991274442524,0.91469375,0.9196359375,640000,2880000,3520000,144.0,2826240000,0.013808699999572127,0.008227900001656963,691.345703125
ariad,20000,32,2,195,0.00011427243589423597,0.9147703125,0.9197484375,640000,2880000,3520000,144.0,2826240000,0.013282399999297922,0.008207200000470039,691.345703125
ariad,20000,32,2,196,0.00011423904652474448,0.914853125,0.919821875,640000,2880000,3520000,144.0,2826240000,0.013312600000062957,0.008195700000214856,690.876953125
ariad,20000,32,2,197,0.0001142216642620042,0.914934375,0.919915625,640000,2880000,3520000,144.0,2826240000,0.013162499999452848,0.008179500000551343,691.345703125
ariad,20000,32,2,198,0.00011419846850913018,0.91500625,0.92000625,640000,2880000,3520000,144.0,2826240000,0.013964100000521285,0.008941399999457644,691.345703125
ariad,20000,32,2,199,0.00011412956519052386,0.91509375,0.920096875,640000,2880000,3520000,144.0,2826240000,0.015227199999571894,0.008489300000292133,691.345703125
ariad,20000,32,2,200,0.00011407942656660452,0.915153125,0.9201765625,640000,2880000,3520000,144.0,2826240000,0.013123799999448238,0.008164999999280553,691.345703125
ariad,20000,32,2,201,0.00011404089309507981,0.9152171875,0.9202515625,640000,2880000,3520000,144.0,2826240000,0.013822700000673649,0.008309800001370604,691.345703125
ariad,20000,32,2,202,0.00011400430230423808,0.9152890625,0.9203421875,640000,2880000,3520000,144.0,2826240000,0.01320069999928819,0.008184599999367492,690.876953125
ariad,20000,32,2,203,0.00011398473725421354,0.9153453125,0.9204078125,640000,2880000,3520000,144.0,2826240000,0.013426800000161165,0.008300599998619873,691.345703125
ariad,20000,32,2,204,0.00011396965419407934,0.915409375,0.92048125,640000,2880000,3520000,144.0,2826240000,0.017921700000442797,0.01293470000018715,691.345703125
ariad,20000,32,2,205,0.00011394419561838731,0.9154734375,0.920553125,640000,2880000,3520000,144.0,2826240000,0.015957400000843336,0.00829139999950712,691.345703125
ariad,20000,32,2,206,0.0001139276719186455,0.91551875,0.9206046875,640000,2880000,3520000,144.0,2826240000,0.013552299998991657,0.008251499999460066,691.345703125
ariad,20000,32,2,207,0.00011389877181500196,0.9155828125,0.92065625,640000,2880000,3520000,144.0,2826240000,0.013210699999035569,0.008184199999959674,691.345703125
ariad,20000,32,2,208,0.00011386835103621706,0.91566875,0.920721875,640000,2880000,3520000,144.0,2826240000,0.013230200000180048,0.008259000000180095,690.876953125
ariad,20000,32,2,209,0.00011384213576093316,0.9157359375,0.9207953125,640000,2880000,3520000,144.0,2826240000,0.014938399999664398,0.008387899999434012,691.345703125
ariad,20000,32,2,210,0.00011383804667275399,0.9157796875,0.92083125,640000,2880000,3520000,144.0,2826240000,0.013816900000165333,0.008856799999193754,691.345703125
ariad,20000,32,2,211,0.00011382815864635631,0.91583125,0.9208859375,640000,2880000,3520000,144.0,2826240000,0.013705700001082732,0.008198699999411474,691.345703125
ariad,20000,32,2,212,0.00011381098738638684,0.9158734375,0.9209390625,640000,2880000,3520000,144.0,2826240000,0.013368600000831066,0.008229099999880418,691.345703125
ariad,20000,32,2,213,0.00011380730575183406,0.9159046875,0.9209859375,640000,2880000,3520000,144.0,2826240000,0.013676100001248415,0.008650799998576986,691.345703125
ariad,20000,32,2,214,0.0001137832150561735,0.915953125,0.9210453125,640000,2880000,3520000,144.0,2826240000,0.013165499998649466,0.008178100000804989,690.876953125
ariad,20000,32,2,215,0.00011377181363059208,0.9159859375,0.921090625,640000,2880000,3520000,144.0,2826240000,0.014036499998837826,0.009039399999892339,691.345703125
ariad,20000,32,2,216,0.00011375414760550484,0.9160359375,0.92115625,640000,2880000,3520000,144.0,2826240000,0.013818899999023415,0.008769400001256145,691.345703125
ariad,20000,32,2,217,0.00011374973837519065,0.916075,0.9212,640000,2880000,3520000,144.0,2826240000,0.01352749999932712,0.00819240000055288,691.345703125
ariad,20000,32,2,218,0.00011373717279639095,0.9161234375,0.9212453125,640000,2880000,3520000,144.0,2826240000,0.013104300000122748,0.008050299999013077,691.345703125
ariad,20000,32,2,219,0.00011372339213266969,0.91618125,0.9213046875,640000,2880000,3520000,144.0,2826240000,0.013273999999000807,0.008176100000127917,691.345703125
ariad,20000,32,2,220,0.00011370320135029033,0.916225,0.92133125,640000,2880000,3520000,144.0,2826240000,0.01978419999977632,0.014753199999177014,690.876953125
ariad,20000,32,2,221,0.00011369500134605914,0.9162796875,0.9213875,640000,2880000,3520000,144.0,2826240000,0.013374000000112574,0.008236300000135088,691.345703125
ariad,20000,32,2,222,0.00011368191189831123,0.9163296875,0.9214421875,640000,2880000,3520000,144.0,2826240000,0.013433500000246568,0.008141000000250642,691.345703125
ariad,20000,32,2,223,0.00011366375110810623,0.916390625,0.9215125,640000,2880000,3520000,144.0,2826240000,0.01331930000014836,0.008220300000175484,691.345703125
ariad,20000,32,2,224,0.00011365459795342758,0.9164390625,0.9215484375,640000,2880000,3520000,144.0,2826240000,0.014923199998520431,0.008936899999753223,691.345703125
ariad,20000,32,2,225,0.0001136387072619982,0.9164875,0.9216171875,640000,2880000,3520000,144.0,2826240000,0.013799500000459375,0.00805700000091747,691.345703125
ariad,20000,32,2,226,0.00011363022349542007,0.9165375,0.9216828125,640000,2880000,3520000,144.0,2826240000,0.013265300000057323,0.008231300000261399,690.876953125
ariad,20000,32,2,227,0.00011361446377122775,0.916590625,0.9217515625,640000,2880000,3520000,144.0,2826240000,0.013175500000215834,0.008149600000251667,691.345703125
ariad,20000,32,2,228,0.00011360481585143134,0.9166453125,0.9218078125,640000,2880000,3520000,144.0,2826240000,0.015025299999251729,0.010009100000388571,691.345703125
ariad,20000,32,2,229,0.00011359297786839306,0.9166875,0.9218671875,640000,2880000,3520000,144.0,2826240000,0.013592100000096252,0.008499199999278062,691.345703125
ariad,20000,32,2,230,0.00011357700714142993,0.91673125,0.9219234375,640000,2880000,3520000,144.0,2826240000,0.014620399999330402,0.008872700000210898,691.345703125
ariad,20000,32,2,231,0.00011356613686075434,0.9167828125,0.921984375,640000,2880000,3520000,144.0,2826240000,0.015809900000022026,0.008530799999789451,691.345703125
ariad,20000,32,2,232,0.00011356291361153126,0.9168328125,0.9220203125,640000,2880000,3520000,144.0,2826240000,0.01356849999865517,0.008331299999554176,690.876953125
ariad,20000,32,2,233,0.00011355194874340668,0.9168765625,0.9220765625,640000,2880000,3520000,144.0,2826240000,0.015279799999916577,0.008073000000877073,691.345703125
ariad,20000,32,2,234,0.00011353568697813898,0.9169390625,0.9221390625,640000,2880000,3520000,144.0,2826240000,0.013320399999429355,0.008251900000686874,691.345703125
ariad,20000,32,2,235,0.0001135189741034992,0.916996875,0.92219375,640000,2880000,3520000,144.0,2826240000,0.013109100000292528,0.008128699999360833,691.345703125
ariad,20000,32,2,236,0.00011350920976838097,0.9170390625,0.9222296875,640000,2880000,3520000,144.0,2826240000,0.013640200000736513,0.008444900000540656,691.345703125
ariad,20000,32,2,237,0.00011347945837769657,0.9170921875,0.9222828125,640000,2880000,3520000,144.0,2826240000,0.013730100001339451,0.008158099999491242,691.345703125
ariad,20000,32,2,238,0.00011344544327585027,0.9171546875,0.92234375,640000,2880000,3520000,144.0,2826240000,0.013133800001014606,0.008149799999955576,690.876953125
ariad,20000,32,2,239,0.0001134281701524742,0.9172125,0.922396875,640000,2880000,3520000,144.0,2826240000,0.013165399999707006,0.008180900000297697,691.345703125
ariad,20000,32,2,240,0.0001134139602072537,0.91726875,0.922459375,640000,2880000,3520000,144.0,2826240000,0.013770300000032876,0.008450900000752881,691.345703125
ariad,20000,32,2,241,0.00011339970660628751,0.9173328125,0.9225140625,640000,2880000,3520000,144.0,2826240000,0.01345719999881112,0.008374899998671026,691.345703125
ariad,20000,32,2,242,0.00011339015327394009,0.917378125,0.9225703125,640000,2880000,3520000,144.0,2826240000,0.014019500000358676,0.008621099999800208,691.345703125
ariad,20000,32,2,243,0.00011337911564623937,0.9174328125,0.9226328125,640000,2880000,3520000,144.0,2826240000,0.015359499999249238,0.008393899999646237,691.345703125
ariad,20000,32,2,244,0.00011336975876474753,0.917475,0.9226796875,640000,2880000,3520000,144.0,2826240000,0.01597810000021127,0.00799860000006447,690.876953125
ariad,20000,32,2,245,0.00011336222814861685,0.917521875,0.9227234375,640000,2880000,3520000,144.0,2826240000,0.01650580000023183,0.010521199999857345,691.345703125
ariad,20000,32,2,246,0.00011334981536492705,0.9175765625,0.922778125,640000,2880000,3520000,144.0,2826240000,0.013361900000745663,0.008345600001121056,691.345703125
ariad,20000,32,2,247,0.00011334165901644155,0.917615625,0.9228234375,640000,2880000,3520000,144.0,2826240000,0.01350329999877431,0.00827690000005532,691.345703125
ariad,20000,32,2,248,0.000113317059003748,0.91766875,0.92288125,640000,2880000,3520000,144.0,2826240000,0.013284799999382813,0.008213600000090082,691.345703125
ariad,20000,32,2,249,0.00011329214612487704,0.917728125,0.9229421875,640000,2880000,3520000,144.0,2826240000,0.017248000000108732,0.01184100000136823,691.345703125
ariad,20000,32,2,250,0.00011326331878080964,0.917784375,0.9230046875,640000,2880000,3520000,144.0,2826240000,0.014280499999586027,0.008244100001320476,690.876953125
ariad,20000,32,2,251,0.00011325030209263787,0.9178484375,0.9230734375,640000,2880000,3520000,144.0,2826240000,0.013732299999901443,0.008444700000836747,691.345703125
ariad,20000,32,2,252,0.00011322779027977958,0.9178984375,0.923125,640000,2880000,3520000,144.0,2826240000,0.013060199999017641,0.008100099999865051,691.345703125
ariad,20000,32,2,253,0.00011320842168061063,0.917959375,0.9231984375,640000,2880000,3520000,144.0,2826240000,0.017660600000453996,0.01040159999865864,691.345703125
ariad,20000,32,2,254,0.00011318190081510693,0.918015625,0.92326875,640000,2880000,3520000,144.0,2826240000,0.013075299999400158,0.008078400000158581,691.345703125
ariad,20000,32,2,255,0.00011313208233332261,0.9180625,0.9233203125,640000,2880000,3520000,144.0,2826240000,0.014955999999074265,0.009683199999926728,691.345703125
ariad,20000,32,2,256,0.0001131137105403468,0.9181140625,0.9233875,640000,2880000,3520000,144.0,2826240000,0.014330300000438001,0.00864739999997255,690.876953125
ariad,20000,32,2,257,0.00011310099944239482,0.9181703125,0.9234515625,640000,2880000,3520000,144.0,2826240000,0.013207699999838951,0.008190700000341167,691.345703125
ariad,20000,32,2,258,0.00011307565000606701,0.918228125,0.9235125,640000,2880000,3520000,144.0,2826240000,0.015091999999640393,0.009217800001351861,691.345703125
ariad,20000,32,2,259,0.00011305472435196862,0.9182859375,0.9235703125,640000,2880000,3520000,144.0,2826240000,0.013196399999287678,0.008208999999624211,691.345703125
ariad,20000,32,2,260,0.00011303315113764256,0.918346875,0.9236328125,640000,2880000,3520000,144.0,2826240000,0.01380050000079791,0.008258899999418645,691.345703125
ariad,20000,32,2,261,0.00011300856567686424,0.9184,0.9236859375,640000,2880000,3520000,144.0,2826240000,0.014861100000416627,0.008796299998721224,691.345703125
ariad,20000,32,2,262,0.00011299620382487774,0.918440625,0.92373125,640000,2880000,3520000,144.0,2826240000,0.013017399998716428,0.008031400000618305,690.876953125
ariad,20000,32,2,263,0.0001129824377130717,0.918484375,0.9237734375,640000,2880000,3520000,144.0,2826240000,0.013944899999842164,0.0089737000016612,691.345703125
ariad,20000,32,2,264,0.00011296672892058268,0.91855,0.9238359375,640000,2880000,3520000,144.0,2826240000,0.01322019999861368,0.008167100000719074,691.345703125
ariad,20000,32,2,265,0.00011296292359475046,0.9186078125,0.9239015625,640000,2880000,3520000,144.0,2826240000,0.013512300000002142,0.008308899999974528,691.345703125
ariad,20000,32,2,266,0.00011295588046777993,0.9186546875,0.92394375,640000,2880000,3520000,144.0,2826240000,0.013637000000016997,0.008675700000821962,691.345703125
ariad,20000,32,2,267,0.00011292955605313182,0.9187078125,0.924003125,640000,2880000,3520000,144.0,2826240000,0.013812299999699462,0.008141099999193102,691.345703125
ariad,20000,32,2,268,0.00011292078124824911,0.91874375,0.924046875,640000,2880000,3520000,144.0,2826240000,0.01359030000094208,0.008225600000514532,690.876953125
ariad,20000,32,2,269,0.00011291944974800572,0.9187671875,0.924075,640000,2880000,3520000,144.0,2826240000,0.013198799999372568,0.008227700000134064,691.345703125
ariad,20000,32,2,270,0.00011288171663181856,0.9188078125,0.924125,640000,2880000,3520000,144.0,2826240000,0.013731399998505367,0.00832040000022971,691.345703125
ariad,20000,32,2,271,0.00011287984671071172,0.9188609375,0.9241875,640000,2880000,3520000,144.0,2826240000,0.013583199999629869,0.008140199999616016,691.345703125
ariad,20000,32,2,272,0.00011287070083199069,0.9189078125,0.92423125,640000,2880000,3520000,144.0,2826240000,0.014072400001168717,0.008611899998868466,691.345703125
ariad,20000,32,2,273,0.00011286835069768131,0.9189328125,0.9242671875,640000,2880000,3520000,144.0,2826240000,0.01356599999962782,0.008150300000124844,691.345703125
ariad,20000,32,2,274,0.00011286722292425111,0.9189578125,0.9242921875,640000,2880000,3520000,144.0,2826240000,0.013200100000176462,0.008137299999361858,690.876953125
ariad,20000,32,2,275,0.0001128486474044621,0.91899375,0.9243296875,640000,2880000,3520000,144.0,2826240000,0.01368940000065777,0.008210399999370566,691.345703125
ariad,20000,32,2,276,0.00011281477782176808,0.9190359375,0.924378125,640000,2880000,3520000,144.0,2826240000,0.013110599998981343,0.008121999999275431,691.345703125
ariad,20000,32,2,277,0.00011279690079391003,0.919090625,0.9244359375,640000,2880000,3520000,144.0,2826240000,0.01503229999980249,0.008933900000556605,691.345703125
ariad,20000,32,2,278,0.0001127875511883758,0.9191421875,0.9244875,640000,2880000,3520000,144.0,2826240000,0.017758599999069702,0.011805299998741248,691.345703125
ariad,20000,32,2,279,0.00011277951853116974,0.9191890625,0.924528125,640000,2880000,3520000,144.0,2826240000,0.014173699999446399,0.008495199999742908,691.345703125
ariad,20000,32,2,280,0.00011276857549091801,0.9192328125,0.9245734375,640000,2880000,3520000,144.0,2826240000,0.01333830000112357,0.008138799999869661,690.876953125
ariad,20000,32,2,281,0.00011275567521806806,0.9192765625,0.9246234375,640000,2880000,3520000,144.0,2826240000,0.013150399998266948,0.008188699999664095,691.345703125
ariad,20000,32,2,282,0.00011274588177911937,0.9193171875,0.924671875,640000,2880000,3520000,144.0,2826240000,0.013749400000961032,0.00829629999861936,691.345703125
ariad,20000,32,2,283,0.00011274108692305163,0.91935625,0.9247203125,640000,2880000,3520000,144.0,2826240000,0.013203500000599888,0.008234699998865835,691.345703125
ariad,20000,32,2,284,0.0001127287105191499,0.9193953125,0.92475,640000,2880000,3520000,144.0,2826240000,0.013924500000939588,0.008816100000331062,691.345703125
ariad,20000,32,2,285,0.00011271836410742253,0.91944375,0.9248078125,640000,2880000,3520000,144.0,2826240000,0.014082799998504925,0.008198699999411474,691.345703125
ariad,20000,32,2,286,0.00011271233233856037,0.919478125,0.924840625,640000,2880000,3520000,144.0,2826240000,0.014781899999434245,0.009253800000806223,690.876953125
ariad,20000,32,2,287,0.00011270420509390533,0.9195234375,0.9248828125,640000,2880000,3520000,144.0,2826240000,0.014043299999684677,0.009059399999387097,691.345703125
ariad,20000,32,2,288,0.00011269358947174624,0.9195609375,0.9249140625,640000,2880000,3520000,144.0,2826240000,0.014213000000381726,0.00866420000056678,691.345703125
ariad,20000,32,2,289,0.00011268744128756225,0.9196125,0.9249640625,640000,2880000,3520000,144.0,2826240000,0.016104700000141747,0.01026830000046175,691.345703125
ariad,20000,32,2,290,0.00011267138324910775,0.9196703125,0.92503125,640000,2880000,3520000,144.0,2826240000,0.013587299999926472,0.008464799999273964,691.345703125
ariad,20000,32,2,291,0.00011266940418863669,0.919715625,0.9250890625,640000,2880000,3520000,144.0,2826240000,0.014956899998651352,0.009260300001187716,691.345703125
ariad,20000,32,2,292,0.00011266326328041032,0.919759375,0.9251421875,640000,2880000,3520000,144.0,2826240000,0.015368200000011711,0.010330299999623094,690.876953125
ariad,20000,32,2,293,0.00011263558553764597,0.9198203125,0.925209375,640000,2880000,3520000,144.0,2826240000,0.014312700001028134,0.008802599999398808,691.345703125
ariad,20000,32,2,294,0.00011261591862421483,0.9198734375,0.925259375,640000,2880000,3520000,144.0,2826240000,0.014170399999784422,0.008668100001159473,691.345703125
ariad,20000,32,2,295,0.00011260974133620039,0.9199171875,0.925303125,640000,2880000,3520000,144.0,2826240000,0.014027299999725074,0.008564100000512553,691.345703125
ariad,20000,32,2,296,0.00011259166058152914,0.9199609375,0.925340625,640000,2880000,3520000,144.0,2826240000,0.014248100000259,0.008713700000953395,691.345703125
ariad,20000,32,2,297,0.0001125782000599429,0.9200203125,0.9253953125,640000,2880000,3520000,144.0,2826240000,0.014537699998982134,0.008738599999560392,691.345703125
ariad,20000,32,2,298,0.00011257273581577465,0.9200625,0.92544375,640000,2880000,3520000,144.0,2826240000,0.014101400000072317,0.00859639999907813,690.876953125
ariad,20000,32,2,299,0.00011256463039899245,0.9201046875,0.9255015625,640000,2880000,3520000,144.0,2826240000,0.014462099999946076,0.009098999998968793,691.345703125
ariad,20000,32,2,300,0.00011254994751652703,0.9201453125,0.925546875,640000,2880000,3520000,144.0,2826240000,0.014393099998414982,0.008890500001143664,691.345703125
ariad,20000,32,2,301,0.00011253231787122786,0.9201796875,0.9255734375,640000,2880000,3520000,144.0,2826240000,0.014344600000185892,0.009239200000592973,691.345703125
ariad,20000,32,2,302,0.00011251972318859771,0.9202265625,0.9256109375,640000,2880000,3520000,144.0,2826240000,0.01760430000103952,0.01149269999950775,691.345703125
ariad,20000,32,2,303,0.0001125140261137858,0.9202609375,0.9256609375,640000,2880000,3520000,144.0,2826240000,0.01497639999979583,0.009274699999878067,691.345703125
ariad,20000,32,2,304,0.00011250489478698,0.9203125,0.92570625,640000,2880000,3520000,144.0,2826240000,0.015920700001515797,0.010232200000245939,690.876953125
ariad,20000,32,2,305,0.00011249079398112372,0.9203703125,0.92576875,640000,2880000,3520000,144.0,2826240000,0.014085699998759083,0.008759599999393686,691.345703125
ariad,20000,32,2,306,0.00011248161172261462,0.920415625,0.925809375,640000,2880000,3520000,144.0,2826240000,0.013913499999034684,0.008587299998907838,691.345703125
ariad,20000,32,2,307,0.00011248199734836817,0.9204484375,0.9258453125,640000,2880000,3520000,144.0,2826240000,0.01425320000089414,0.0086591999988741,691.345703125
ariad,20000,32,2,308,0.00011246945359744132,0.920503125,0.9259046875,640000,2880000,3520000,144.0,2826240000,0.01465009999992617,0.009226099999068538,691.345703125
ariad,20000,32,2,309,0.00011245824862271547,0.9205515625,0.9259546875,640000,2880000,3520000,144.0,2826240000,0.01533009999911883,0.00935370000115654,691.345703125
ariad,20000,32,2,310,0.00011245412315474823,0.92059375,0.9259953125,640000,2880000,3520000,144.0,2826240000,0.015234200000122655,0.008638899998913985,690.876953125
ariad,20000,32,2,311,0.0001124484624597244,0.920621875,0.9260234375,640000,2880000,3520000,144.0,2826240000,0.014345699999466888,0.008603399999628891,691.345703125
ariad,20000,32,2,312,0.00011244686902500689,0.9206453125,0.92605,640000,2880000,3520000,144.0,2826240000,0.014508500000374625,0.00879480000003241,691.345703125
ariad,20000,32,2,313,0.00011243853077758104,0.9207,0.9261,640000,2880000,3520000,144.0,2826240000,0.014279499999247491,0.00878490000104648,691.345703125
ariad,20000,32,2,314,0.00011242297478020191,0.9207453125,0.92615,640000,2880000,3520000,144.0,2826240000,0.014294900000095367,0.009170299999823328,691.345703125
ariad,20000,32,2,315,0.00011241863830946386,0.920778125,0.9261875,640000,2880000,3520000,144.0,2826240000,0.014384600000994396,0.008752100000492646,691.345703125
ariad,20000,32,2,316,0.00011240851745242253,0.920825,0.9262359375,640000,2880000,3520000,144.0,2826240000,0.013886000000638887,0.008784600000581122,690.876953125
ariad,20000,32,2,317,0.00011239518789807335,0.9208671875,0.926265625,640000,2880000,3520000,144.0,2826240000,0.013791499999570078,0.00857689999975264,691.345703125
ariad,20000,32,2,318,0.00011238248407607898,0.9209171875,0.9263171875,640000,2880000,3520000,144.0,2826240000,0.013258400000268011,0.008241100000304868,691.345703125
ariad,20000,32,2,319,0.00011236804130021483,0.9209703125,0.9263625,640000,2880000,3520000,144.0,2826240000,0.013654700000188313,0.008546799999749055,691.345703125
ariad,20000,32,2,320,0.00011236174032092094,0.921009375,0.9264140625,640000,2880000,3520000,144.0,2826240000,0.013858000000254833,0.008526499999788939,691.345703125
ariad,20000,32,2,321,0.00011234973499085754,0.921053125,0.9264640625,640000,2880000,3520000,144.0,2826240000,0.013927799998782575,0.008546299999579787,691.345703125
ariad,20000,32,2,322,0.00011234189878450707,0.9210984375,0.926521875,640000,2880000,3520000,144.0,2826240000,0.014677700000902405,0.008940900001107366,690.876953125
ariad,20000,32,2,323,0.00011233151599299163,0.92115,0.92658125,640000,2880000,3520000,144.0,2826240000,0.013335199999346514,0.008251299999756156,691.345703125
ariad,20000,32,2,324,0.00011231815733481199,0.9211984375,0.926634375,640000,2880000,3520000,144.0,2826240000,0.0135152000002563,0.008399899999858462,691.345703125
ariad,20000,32,2,325,0.0001123007750720717,0.92124375,0.9266890625,640000,2880000,3520000,144.0,2826240000,0.013738599998760037,0.008357700000487966,691.345703125
ariad,20000,32,2,326,0.00011229207302676514,0.9213,0.9267453125,640000,2880000,3520000,144.0,2826240000,0.013686199999938253,0.008614400001533795,691.345703125
ariad,20000,32,2,327,0.00011228176299482584,0.9213484375,0.9268015625,640000,2880000,3520000,144.0,2826240000,0.0141299999995681,0.008888700000170502,691.345703125
ariad,20000,32,2,328,0.00011226837523281574,0.9213890625,0.926853125,640000,2880000,3520000,144.0,2826240000,0.014069599999857019,0.008253199999671779,690.876953125
ariad,20000,32,2,329,0.00011225793423363939,0.921440625,0.92688125,640000,2880000,3520000,144.0,2826240000,0.01449769999999262,0.00906589999976859,691.345703125
ariad,20000,32,2,330,0.00011223916953895241,0.9214734375,0.926934375,640000,2880000,3520000,144.0,2826240000,0.013563200000135112,0.008208299999751034,691.345703125
ariad,20000,32,2,331,0.00011220871965633705,0.9215171875,0.926978125,640000,2880000,3520000,144.0,2826240000,0.013762299999143579,0.008685299999342533,691.345703125
ariad,20000,32,2,332,0.0001121857640100643,0.9215765625,0.9270453125,640000,2880000,3520000,144.0,2826240000,0.01464769999984128,0.008478599998852587,691.345703125
ariad,20000,32,2,333,0.00011216935672564432,0.921628125,0.9270984375,640000,2880000,3520000,144.0,2826240000,0.013836300000548363,0.008753900001465809,691.345703125
ariad,20000,32,2,334,0.00011215419362997636,0.9216875,0.9271453125,640000,2880000,3520000,144.0,2826240000,0.01330219999908877,0.008191400000214344,690.876953125
ariad,20000,32,2,335,0.00011215207632631063,0.92174375,0.9272078125,640000,2880000,3520000,144.0,2826240000,0.013202800000726711,0.008157300000675605,691.345703125
ariad,20000,32,2,336,0.00011214437108719721,0.9217890625,0.9272515625,640000,2880000,3520000,144.0,2826240000,0.013595300000815769,0.008524500000930857,691.345703125
ariad,20000,32,2,337,0.0001121374370995909,0.921828125,0.927303125,640000,2880000,3520000,144.0,2826240000,0.016557099999772618,0.01060700000016368,691.345703125
ariad,20000,32,2,338,0.00011213013931410387,0.921865625,0.927340625,640000,2880000,3520000,144.0,2826240000,0.013714400000026217,0.008613800000603078,691.345703125
ariad,20000,32,2,339,0.00011211159289814532,0.9219109375,0.9273890625,640000,2880000,3520000,144.0,2826240000,0.013847000000168919,0.008787900000243098,691.345703125
ariad,20000,32,2,340,0.0001121029126807116,0.9219515625,0.927428125,640000,2880000,3520000,144.0,2826240000,0.01359989999946265,0.008146899999701418,690.876953125
ariad,20000,32,2,341,0.00011209718650206923,0.921984375,0.9274671875,640000,2880000,3520000,144.0,2826240000,0.013483099999575643,0.008176499999535736,691.345703125
ariad,20000,32,2,342,0.00011208879732294008,0.922025,0.927503125,640000,2880000,3520000,144.0,2826240000,0.013407000000370317,0.008338800000274205,691.345703125
ariad,20000,32,2,343,0.00011207944044144824,0.9220671875,0.9275453125,640000,2880000,3520000,144.0,2826240000,0.013984199998958502,0.008847699999023462,691.345703125
ariad,20000,32,2,344,0.00011207284842384979,0.9220921875,0.92759375,640000,2880000,3520000,144.0,2826240000,0.01373530000091705,0.008779400001003523,691.345703125
ariad,20000,32,2,345,0.00011206726776435971,0.922134375,0.9276328125,640000,2880000,3520000,144.0,2826240000,0.015099700000064331,0.00926179999987653,691.345703125
ariad,20000,32,2,346,0.00011205522605450824,0.9221734375,0.927675,640000,2880000,3520000,144.0,2826240000,0.013276499999847147,0.008288500001071952,690.876953125
ariad,20000,32,2,347,0.0001120525921578519,0.922215625,0.927728125,640000,2880000,3520000,144.0,2826240000,0.013170099999115337,0.008198300000003655,691.345703125
ariad,20000,32,2,348,0.00011204480688320473,0.92225625,0.927765625,640000,2880000,3520000,144.0,2826240000,0.015188900000794092,0.009530900000754627,691.345703125
ariad,20000,32,2,349,0.00011203999019926414,0.9223015625,0.9278109375,640000,2880000,3520000,144.0,2826240000,0.013458299999911105,0.008392699999603792,691.345703125
ariad,20000,32,2,350,0.00011202344467164949,0.922334375,0.9278484375,640000,2880000,3520000,144.0,2826240000,0.014454499998464598,0.008720399999219808,691.345703125
ariad,20000,32,2,351,0.0001120061133406125,0.9223859375,0.9278984375,640000,2880000,3520000,144.0,2826240000,0.015007100000730134,0.008087300000624964,691.345703125
ariad,20000,32,2,352,0.00011199438449693844,0.922425,0.9279421875,640000,2880000,3520000,144.0,2826240000,0.013582499999756692,0.008525499999450403,690.876953125
ariad,20000,32,2,353,0.00011198392894584686,0.9224703125,0.9279953125,640000,2880000,3520000,144.0,2826240000,0.01330480000069656,0.008276200000182143,691.345703125
ariad,20000,32,2,354,0.00011198130232514814,0.92250625,0.92803125,640000,2880000,3520000,144.0,2826240000,0.013259900000775815,0.008251000001109787,691.345703125
ariad,20000,32,2,355,0.00011195414117537439,0.9225625,0.9280921875,640000,2880000,3520000,144.0,2826240000,0.013155999999071355,0.008038899999519344,691.345703125
ariad,20000,32,2,356,0.00011194201215403154,0.9226078125,0.9281375,640000,2880000,3520000,144.0,2826240000,0.013750100000834209,0.008692800000062562,691.345703125
ariad,20000,32,2,357,0.00011193900718353689,0.92263125,0.9281625,640000,2880000,3520000,144.0,2826240000,0.013308600000527804,0.008086899999398156,691.345703125
ariad,20000,32,2,358,0.00011192443344043568,0.922675,0.928215625,640000,2880000,3520000,144.0,2826240000,0.013208200000008219,0.00820449999991979,690.876953125
ariad,20000,32,2,359,0.0001119133667089045,0.9227234375,0.9282703125,640000,2880000,3520000,144.0,2826240000,0.013294000000314554,0.008297600001242245,691.345703125
ariad,20000,32,2,360,0.0001118587824748829,0.922759375,0.9283140625,640000,2880000,3520000,144.0,2826240000,0.01329259999874921,0.00819489999958023,691.345703125
ariad,20000,32,2,361,0.00011185773473698646,0.9227828125,0.9283421875,640000,2880000,3520000,144.0,2826240000,0.013816399999996065,0.008820500001093023,691.345703125
ariad,20000,32,2,362,0.00011185309267602861,0.9228046875,0.928365625,640000,2880000,3520000,144.0,2826240000,0.013283299998875009,0.008164900000338093,691.345703125
ariad,20000,32,2,363,0.00011182102025486529,0.9228390625,0.9284,640000,2880000,3520000,144.0,2826240000,0.014547099999617785,0.009507499999017455,691.345703125
ariad,20000,32,2,364,0.000111810200905893,0.9228796875,0.9284546875,640000,2880000,3520000,144.0,2826240000,0.013541000000259373,0.00812709999991057,690.876953125
ariad,20000,32,2,365,0.00011179594730492681,0.9229109375,0.9284921875,640000,2880000,3520000,144.0,2826240000,0.013275499999508611,0.008263400000942056,691.345703125
ariad,20000,32,2,366,0.00011178691056557,0.9229484375,0.9285390625,640000,2880000,3520000,144.0,2826240000,0.014203300001099706,0.009174299999358482,691.345703125
ariad,20000,32,2,367,0.00011177288979524747,0.922996875,0.9285890625,640000,2880000,3520000,144.0,2826240000,0.013748699999268865,0.008700700000190409,691.345703125
ariad,20000,32,2,368,0.00011176243424415588,0.9230328125,0.9286375,640000,2880000,3520000,144.0,2826240000,0.013196899999456946,0.008191099999748985,691.345703125
ariad,20000,32,2,369,0.00011175600957358256,0.9230625,0.9286609375,640000,2880000,3520000,144.0,2826240000,0.013108099999953993,0.008139699999446748,691.345703125
ariad,20000,32,2,370,0.0001117432548198849,0.9231015625,0.9286953125,640000,2880000,3520000,144.0,2826240000,0.01363840000158234,0.008558300000004238,690.876953125
ariad,20000,32,2,371,0.00011173714301548898,0.923153125,0.928746875,640000,2880000,3520000,144.0,2826240000,0.015424600000187638,0.010339599999497295,691.345703125
ariad,20000,32,2,372,0.00011173692473676056,0.9231765625,0.928775,640000,2880000,3520000,144.0,2826240000,0.013705800000025192,0.008612999999968451,691.345703125
ariad,20000,32,2,373,0.00011172368249390274,0.9232015625,0.9288125,640000,2880000,3520000,144.0,2826240000,0.0145384000006743,0.008863099999871338,691.345703125
ariad,20000,32,2,374,0.00011171983351232484,0.9232375,0.9288546875,640000,2880000,3520000,144.0,2826240000,0.013168800000130432,0.008192199999029981,691.345703125
ariad,20000,32,2,375,0.00011171285586897284,0.9232734375,0.9288859375,640000,2880000,3520000,144.0,2826240000,0.013150100001439569,0.008152800000971183,691.345703125
ariad,20000,32,2,376,0.00011170682410011068,0.92330625,0.928921875,640000,2880000,3520000,144.0,2826240000,0.013126799998644856,0.008057299999563838,690.876953125
ariad,20000,32,2,377,0.00011169331992277876,0.92334375,0.928959375,640000,2880000,3520000,144.0,2826240000,0.013725099999646773,0.00847299999986717,691.345703125
ariad,20000,32,2,378,0.00011166183685418218,0.9233796875,0.9290125,640000,2880000,3520000,144.0,2826240000,0.01369179999892367,0.008528999998816289,691.345703125
ariad,20000,32,2,379,0.00011165003525093198,0.9234078125,0.92904375,640000,2880000,3520000,144.0,2826240000,0.015210699999443023,0.008119000000078813,691.345703125
ariad,20000,32,2,380,0.00011164099851157516,0.9234421875,0.9290875,640000,2880000,3520000,144.0,2826240000,0.013232999999672757,0.008145799998601433,691.345703125
ariad,20000,32,2,381,0.0001116357307182625,0.9234828125,0.929128125,640000,2880000,3520000,144.0,2826240000,0.013321399999767891,0.008321399998749257,691.345703125
ariad,20000,32,2,382,0.00011162521695951,0.9235171875,0.9291921875,640000,2880000,3520000,144.0,2826240000,0.013574000000517117,0.008260900000095717,690.876953125
ariad,20000,32,2,383,0.00011162073496961966,0.923546875,0.92923125,640000,2880000,3520000,144.0,2826240000,0.013701199999559321,0.008747899999434594,691.345703125
ariad,20000,32,2,384,0.00011160023132106289,0.923590625,0.929265625,640000,2880000,3520000,144.0,2826240000,0.013468499999362393,0.008186299999579205,691.345703125
ariad,20000,32,2,385,0.000111598645162303,0.9236265625,0.9293046875,640000,2880000,3520000,144.0,2826240000,0.01342819999990752,0.008257299999968382,691.345703125
ariad,20000,32,2,386,0.00011158796405652538,0.9236765625,0.92935,640000,2880000,3520000,144.0,2826240000,0.01325370000085968,0.008197700000891928,691.345703125
ariad,20000,32,2,387,0.0001115819759434089,0.9237140625,0.9293921875,640000,2880000,3520000,144.0,2826240000,0.0137763000002451,0.008762299999943934,691.345703125
ariad,20000,32,2,388,0.00011156174878124148,0.92375,0.92943125,640000,2880000,3520000,144.0,2826240000,0.013976499998534564,0.008745299999645795,690.876953125
ariad,20000,32,2,389,0.00011154458479722962,0.92378125,0.92948125,640000,2880000,3520000,144.0,2826240000,0.01626600000054168,0.01120450000053097,691.345703125
ariad,20000,32,2,390,0.0001115131817641668,0.923821875,0.9295296875,640000,2880000,3520000,144.0,2826240000,0.01343769999948563,0.008093399999779649,691.345703125
ariad,20000,32,2,391,0.00011150395584991202,0.9238640625,0.9295703125,640000,2880000,3520000,144.0,2826240000,0.013132699999914621,0.008121499999106163,691.345703125
ariad,20000,32,2,392,0.00011148775229230523,0.923884375,0.929590625,640000,2880000,3520000,144.0,2826240000,0.014005300001372234,0.00821660000110569,691.345703125
ariad,20000,32,2,393,0.00011148118937853724,0.923915625,0.929625,640000,2880000,3520000,144.0,2826240000,0.013168600000426522,0.008179299999028444,691.345703125
ariad,20000,32,2,394,0.0001114685001084581,0.923959375,0.929659375,640000,2880000,3520000,144.0,2826240000,0.013710399998672074,0.008597899999585934,690.876953125
ariad,20000,32,2,395,0.00011146124597871676,0.92399375,0.9297046875,640000,2880000,3520000,144.0,2826240000,0.017118499999924097,0.011870399999679648,691.345703125
ariad,20000,32,2,396,0.00011144621385028586,0.924034375,0.9297421875,640000,2880000,3520000,144.0,2826240000,0.013944399999672896,0.008889700000509038,691.345703125
ariad,20000,32,2,397,0.00011143642041133717,0.92408125,0.929784375,640000,2880000,3520000,144.0,2826240000,0.013632400001370115,0.008152700000209734,691.345703125
ariad,20000,32,2,398,0.00011139948037452996,0.924109375,0.9298203125,640000,2880000,3520000,144.0,2826240000,0.014760899999600952,0.008297399999719346,691.345703125
ariad,20000,32,2,399,0.0001113934486056678,0.924153125,0.929859375,640000,2880000,3520000,144.0,2826240000,0.013233900001068832,0.008225700001275982,691.345703125
ariad,20000,32,2,400,0.0001113913967856206,0.9241875,0.9299,640000,2880000,3520000,144.0,2826240000,0.013144399999873713,0.008143699998981901,690.876953125
ariad,20000,32,2,401,0.00011138392437715083,0.9242203125,0.929928125,640000,2880000,3520000,144.0,2826240000,0.013241299999208422,0.008174500000677654,691.345703125
ariad,20000,32,2,402,0.00011137609544675797,0.9242625,0.929975,640000,2880000,3520000,144.0,2826240000,0.013985599998704856,0.008586000001741922,691.345703125
ariad,20000,32,2,403,0.00011136650573462248,0.924296875,0.93000625,640000,2880000,3520000,144.0,2826240000,0.013160200000129407,0.00815110000075947,691.345703125
ariad,20000,32,2,404,0.00011135701788589358,0.92433125,0.9300359375,640000,2880000,3520000,144.0,2826240000,0.013188200000513461,0.008135199999742326,691.345703125
ariad,20000,32,2,405,0.00011134838860016316,0.924375,0.930078125,640000,2880000,3520000,144.0,2826240000,0.013465699999869685,0.008389700000407174,691.345703125
ariad,20000,32,2,406,0.0001113378384616226,0.92441875,0.930128125,640000,2880000,3520000,144.0,2826240000,0.017953299999135197,0.01294890000099258,690.876953125
ariad,20000,32,2,407,0.00011133031512144953,0.92445,0.930165625,640000,2880000,3520000,144.0,2826240000,0.01317899999958172,0.00815619999957562,691.345703125
ariad,20000,32,2,408,0.00011131586506962776,0.92448125,0.930203125,640000,2880000,3520000,144.0,2826240000,0.01536139999916486,0.01006280000001425,691.345703125
ariad,20000,32,2,409,0.00011130320490337908,0.924534375,0.9302546875,640000,2880000,3520000,144.0,2826240000,0.013803799998640898,0.00825029999941762,691.345703125
ariad,20000,32,2,410,0.00011129455378977582,0.924578125,0.9302953125,640000,2880000,3520000,144.0,2826240000,0.013308899999174173,0.008260900000095717,691.345703125
ariad,20000,32,2,411,0.00011128331971121952,0.9246109375,0.93033125,640000,2880000,3520000,144.0,2826240000,0.013287499999933061,0.008094000000710366,691.345703125
ariad,20000,32,2,412,0.00011127620382467285,0.924653125,0.93038125,640000,2880000,3520000,144.0,2826240000,0.01329720000103407,0.008219900000767666,690.876953125
ariad,20000,32,2,413,0.00011127554898848757,0.9246796875,0.930421875,640000,2880000,3520000,144.0,2826240000,0.013892300001316471,0.008761799999774667,691.345703125
ariad,20000,32,2,414,0.00011127076140837744,0.92470625,0.930453125,640000,2880000,3520000,144.0,2826240000,0.013554699999076547,0.008554600000934443,691.345703125
ariad,20000,32,2,415,0.00011126021126983687,0.924740625,0.9304828125,640000,2880000,3520000,144.0,2826240000,0.013775999999779742,0.008161100000506849,691.345703125
ariad,20000,32,2,416,0.00011125477612949908,0.9247671875,0.9305296875,640000,2880000,3520000,144.0,2826240000,0.01642580000043381,0.011391799998818897,691.345703125
ariad,20000,32,2,417,0.00011125188757432625,0.92480625,0.9305734375,640000,2880000,3520000,144.0,2826240000,0.013211900000897003,0.008187199999156292,691.345703125
ariad,20000,32,2,418,0.00011124188313260674,0.9248421875,0.93061875,640000,2880000,3520000,144.0,2826240000,0.013658699999723467,0.008614800000941614,690.876953125
ariad,20000,32,2,419,0.00011122355499537662,0.924878125,0.9306578125,640000,2880000,3520000,144.0,2826240000,0.014698000000862521,0.008709699999599252,691.345703125
ariad,20000,32,2,420,0.00011121388524770737,0.9249140625,0.9307,640000,2880000,3520000,144.0,2826240000,0.013765800000328454,0.008736599998883321,691.345703125
ariad,20000,32,2,421,0.00011120321141788736,0.9249453125,0.9307375,640000,2880000,3520000,144.0,2826240000,0.01361180000094464,0.00812210000003688,691.345703125
ariad,20000,32,2,422,0.00011120113776996732,0.9249671875,0.930765625,640000,2880000,3520000,144.0,2826240000,0.013759800000116229,0.008259599999291822,691.345703125
ariad,20000,32,2,423,0.00011118903057649732,0.925,0.930790625,640000,2880000,3520000,144.0,2826240000,0.013373600000704755,0.008144499999616528,691.345703125
ariad,20000,32,2,424,0.00011118130350951105,0.9250328125,0.93083125,640000,2880000,3520000,144.0,2826240000,0.013148199999704957,0.00816570000097272,690.876953125
ariad,20000,32,2,425,0.00011117739632027224,0.9250625,0.9308546875,640000,2880000,3520000,144.0,2826240000,0.014232300000003306,0.00878510000075039,691.345703125
ariad,20000,32,2,426,0.00011117562826257199,0.92509375,0.9308921875,640000,2880000,3520000,144.0,2826240000,0.014056099998924765,0.008292799999253475,691.345703125
ariad,20000,32,2,427,0.0001111629098886624,0.92511875,0.9309203125,640000,2880000,3520000,144.0,2826240000,0.013609999999971478,0.008610000000771834,691.345703125
ariad,20000,32,2,428,0.00011114997323602438,0.925146875,0.9309515625,640000,2880000,3520000,144.0,2826240000,0.01315470000008645,0.00819729999966512,691.345703125
ariad,20000,32,2,429,0.00011114041262771934,0.925178125,0.9309859375,640000,2880000,3520000,144.0,2826240000,0.01392899999882502,0.008587199999965378,691.345703125
ariad,20000,32,2,430,0.000111129877041094,0.925196875,0.9310078125,640000,2880000,3520000,144.0,2826240000,0.014465700000073412,0.008716100001038285,690.876953125
ariad,20000,32,2,431,0.00011112603533547372,0.925221875,0.931040625,640000,2880000,3520000,144.0,2826240000,0.014517799998429837,0.009073900000657886,691.345703125
ariad,20000,32,2,432,0.0001111235615098849,0.9252515625,0.93106875,640000,2880000,3520000,144.0,2826240000,0.017990300000747084,0.012473299999328447,691.345703125
ariad,20000,32,2,433,0.00011111855565104634,0.92528125,0.93109375,640000,2880000,3520000,144.0,2826240000,0.014441500001339591,0.008961900000940659,691.345703125
ariad,20000,32,2,434,0.00011109659681096673,0.9253140625,0.9311234375,640000,2880000,3520000,144.0,2826240000,0.013876299999537878,0.008604399999967427,691.345703125
ariad,20000,32,2,435,0.00011109475599369034,0.92534375,0.9311625,640000,2880000,3520000,144.0,2826240000,0.014034100000571925,0.008577900000091176,691.345703125
ariad,20000,32,2,436,0.00011107873433502391,0.925384375,0.9312109375,640000,2880000,3520000,144.0,2826240000,0.014313300000139861,0.008622699999250472,690.876953125
ariad,20000,32,2,437,0.00011107385216746479,0.925409375,0.9312359375,640000,2880000,3520000,144.0,2826240000,0.014195900001141126,0.008694599999216734,691.345703125
ariad,20000,32,2,438,0.00011106843885499984,0.92545,0.9312796875,640000,2880000,3520000,144.0,2826240000,0.014055000001462759,0.008801199999652454,691.345703125
ariad,20000,32,2,439,0.00011106160673080012,0.9254875,0.93133125,640000,2880000,3520000,144.0,2826240000,0.017936599999302416,0.01244589999987511,691.345703125
ariad,20000,32,2,440,0.00011104802979389206,0.925528125,0.931375,640000,2880000,3520000,144.0,2826240000,0.014576800000213552,0.009158499999102787,691.345703125
ariad,20000,32,2,441,0.00011102650023531169,0.925571875,0.9314125,640000,2880000,3520000,144.0,2826240000,0.014864599999782513,0.008979000000181259,691.345703125
ariad,20000,32,2,442,0.0001110275843529962,0.9256171875,0.93145625,640000,2880000,3520000,144.0,2826240000,0.013859000000593369,0.008589499999288819,690.876953125
ariad,20000,32,2,443,0.00011102241842309013,0.92565625,0.9314984375,640000,2880000,3520000,144.0,2826240000,0.01407399999879999,0.008611400000518188,691.345703125
ariad,20000,32,2,444,0.00011102019198006019,0.9256984375,0.9315390625,640000,2880000,3520000,144.0,2826240000,0.013906300000599003,0.00856730000123207,691.345703125
ariad,20000,32,2,445,0.00011101891868747771,0.9257265625,0.931571875,640000,2880000,3520000,144.0,2826240000,0.015462299999853713,0.008996000000479398,691.345703125
ariad,20000,32,2,446,0.00011100878327852115,0.9257578125,0.93160625,640000,2880000,3520000,144.0,2826240000,0.014139099999738391,0.008715799998753937,691.345703125
ariad,20000,32,2,447,0.00011099917901447043,0.9258,0.9316578125,640000,2880000,3520000,144.0,2826240000,0.014212999998562736,0.008645399999295478,691.345703125
ariad,20000,32,2,448,0.00011096570233348757,0.9258296875,0.9316859375,640000,2880000,3520000,144.0,2826240000,0.017472199999247096,0.010928199999398203,690.876953125
ariad,20000,32,2,449,0.0001109585864469409,0.925846875,0.931709375,640000,2880000,3520000,144.0,2826240000,0.014763200000743382,0.00918929999897955,691.345703125
ariad,20000,32,2,450,0.00011094807996414602,0.9258765625,0.931746875,640000,2880000,3520000,144.0,2826240000,0.014610699998229393,0.009143899998889538,691.345703125
ariad,20000,32,2,451,0.00011094267392763868,0.9259109375,0.9317796875,640000,2880000,3520000,144.0,2826240000,0.014261300000725896,0.009030999999595224,691.345703125
ariad,20000,32,2,452,0.00011094338697148487,0.9259234375,0.9318203125,640000,2880000,3520000,144.0,2826240000,0.014206099998773425,0.00906819999909203,691.345703125
ariad,20000,32,2,453,0.00011093395733041689,0.9259625,0.931859375,640000,2880000,3520000,144.0,2826240000,0.014265599998907419,0.008723200000531506,691.345703125
ariad,20000,32,2,454,0.00011092415661551058,0.9260109375,0.9319046875,640000,2880000,3520000,144.0,2826240000,0.013993500000651693,0.008618400001068949,690.876953125
ariad,20000,32,2,455,0.00011091537453467026,0.926034375,0.931940625,640000,2880000,3520000,144.0,2826240000,0.01582100000086939,0.009961499999917578,691.345703125
ariad,20000,32,2,456,0.00011090927000623196,0.9260578125,0.9319671875,640000,2880000,3520000,144.0,2826240000,0.014293899999756832,0.008694699999978184,691.345703125
ariad,20000,32,2,457,0.00011090443877037615,0.9260828125,0.9319921875,640000,2880000,3520000,144.0,2826240000,0.014779900000576163,0.009148600000116858,691.345703125
ariad,20000,32,2,458,0.0001108936412492767,0.9261109375,0.9320265625,640000,2880000,3520000,144.0,2826240000,0.016390099999625818,0.00899329999992915,691.345703125
ariad,20000,32,2,459,0.00011088354222010821,0.92614375,0.9320546875,640000,2880000,3520000,144.0,2826240000,0.01372349999837752,0.008247100000517094,691.345703125
ariad,20000,32,2,460,0.00011087051098002121,0.926178125,0.9320890625,640000,2880000,3520000,144.0,2826240000,0.013589700000011362,0.008498899998812703,690.876953125
ariad,20000,32,2,461,0.00011083862773375586,0.9262171875,0.9321265625,640000,2880000,3520000,144.0,2826240000,0.013469099998474121,0.00817789999928209,691.345703125
ariad,20000,32,2,462,0.00011082865967182443,0.92624375,0.93214375,640000,2880000,3520000,144.0,2826240000,0.013168000001314795,0.008168899999873247,691.345703125
ariad,20000,32,2,463,0.0001108214128180407,0.9262859375,0.932190625,640000,2880000,3520000,144.0,2826240000,0.013966900000013993,0.008769200001552235,691.345703125
ariad,20000,32,2,464,0.0001108029464376159,0.92630625,0.9322109375,640000,2880000,3520000,144.0,2826240000,0.014360600000145496,0.009159500001260312,691.345703125
ariad,20000,32,2,465,0.00011078020179411396,0.9263421875,0.932265625,640000,2880000,3520000,144.0,2826240000,0.015767299999424722,0.008799299999736832,691.345703125
ariad,20000,32,2,466,0.00011077110684709623,0.92638125,0.9323078125,640000,2880000,3520000,144.0,2826240000,0.014421300000321935,0.008807399999568588,690.876953125
ariad,20000,32,2,467,0.00011076756345573813,0.9264140625,0.9323453125,640000,2880000,3520000,144.0,2826240000,0.013509200000044075,0.0082142000010208,691.345703125
ariad,20000,32,2,468,0.00011076367809437215,0.92644375,0.9323734375,640000,2880000,3520000,144.0,2826240000,0.014220600000044215,0.008292399999845657,691.345703125
ariad,20000,32,2,469,0.00011075229122070596,0.926475,0.932403125,640000,2880000,3520000,144.0,2826240000,0.01364590000048338,0.008289599998533959,691.345703125
ariad,20000,32,2,470,0.00011074182839365676,0.926496875,0.9324390625,640000,2880000,3520000,144.0,2826240000,0.01598090000152297,0.009145899999566609,691.345703125
ariad,20000,32,2,471,0.00011073960922658443,0.926525,0.9324796875,640000,2880000,3520000,144.0,2826240000,0.01669659999970463,0.008300999999846681,691.345703125
ariad,20000,32,2,472,0.00011073760833824053,0.92655,0.9325015625,640000,2880000,3520000,144.0,2826240000,0.013759199999185512,0.00874899999871559,690.876953125
ariad,20000,32,2,473,0.00011071414337493479,0.9265890625,0.9325484375,640000,2880000,3520000,144.0,2826240000,0.013230100001237588,0.008236600000600447,691.345703125
ariad,20000,32,2,474,0.00011070704204030335,0.9266203125,0.9325828125,640000,2880000,3520000,144.0,2826240000,0.01390960000026098,0.008856099999320577,691.345703125
ariad,20000,32,2,475,0.00011070298933191225,0.9266453125,0.932603125,640000,2880000,3520000,144.0,2826240000,0.013646999999764375,0.008138500001223292,691.345703125
ariad,20000,32,2,476,0.00011069411993958056,0.9266734375,0.932628125,640000,2880000,3520000,144.0,2826240000,0.01384689999940747,0.00883109999995213,691.345703125
ariad,20000,32,2,477,0.00011069144966313615,0.9266859375,0.932653125,640000,2880000,3520000,144.0,2826240000,0.015569700000924058,0.008544099999198806,691.345703125
ariad,20000,32,2,478,0.00011068756430177018,0.9267109375,0.9326796875,640000,2880000,3520000,144.0,2826240000,0.013161499999114312,0.008207200000470039,690.876953125
ariad,20000,32,2,479,0.00011068129242630675,0.9267390625,0.932721875,640000,2880000,3520000,144.0,2826240000,0.013448300000163727,0.00839069999892672,691.345703125
ariad,20000,32,2,480,0.0001106693598558195,0.92676875,0.93275,640000,2880000,3520000,144.0,2826240000,0.013358100000914419,0.008260900000095717,691.345703125
ariad,20000,32,2,481,0.00011066235310863703,0.9268,0.9327796875,640000,2880000,3520000,144.0,2826240000,0.013325600000825943,0.00832319999972242,691.345703125
ariad,20000,32,2,482,0.0001106461277231574,0.926828125,0.93281875,640000,2880000,3520000,144.0,2826240000,0.013951899998573936,0.008610499999122112,691.345703125
ariad,20000,32,2,483,0.00011063835700042546,0.92686875,0.9328609375,640000,2880000,3520000,144.0,2826240000,0.016275100000711973,0.009903499998472398,691.345703125
ariad,20000,32,2,484,0.00011062930570915341,0.9269015625,0.9329,640000,2880000,3520000,144.0,2826240000,0.013329999999768916,0.00829379999959201,690.876953125
ariad,20000,32,2,485,0.00011062570411013439,0.9269484375,0.9329421875,640000,2880000,3520000,144.0,2826240000,0.013182999999116873,0.008201399999961723,691.345703125
ariad,20000,32,2,486,0.00011062526755267754,0.926978125,0.9329828125,640000,2880000,3520000,144.0,2826240000,0.013270100000227103,0.008217999999033054,691.345703125
ariad,20000,32,2,487,0.00011062039993703365,0.9270078125,0.9330109375,640000,2880000,3520000,144.0,2826240000,0.013946999999461696,0.008317700001498451,691.345703125
ariad,20000,32,2,488,0.00011061227996833622,0.9270328125,0.933028125,640000,2880000,3520000,144.0,2826240000,0.013707300000532996,0.008659600000100909,691.345703125
ariad,20000,32,2,489,0.00011060258111683652,0.927053125,0.933046875,640000,2880000,3520000,144.0,2826240000,0.014400600000954,0.008616099999926519,691.345703125
ariad,20000,32,2,490,0.00011059336247853935,0.9270875,0.933084375,640000,2880000,3520000,144.0,2826240000,0.01325890000043728,0.008181299999705516,690.876953125
ariad,20000,32,2,491,0.00011059112148359418,0.9271140625,0.933121875,640000,2880000,3520000,144.0,2826240000,0.01366299999972398,0.008532099998774356,691.345703125
ariad,20000,32,2,492,0.00011058873496949673,0.9271375,0.93314375,640000,2880000,3520000,144.0,2826240000,0.01321280000047409,0.00816590000067663,691.345703125
ariad,20000,32,2,493,0.00011058405652875081,0.9271546875,0.9331609375,640000,2880000,3520000,144.0,2826240000,0.014002100000652717,0.008938200000557117,691.345703125
ariad,20000,32,2,494,0.00011057966912630945,0.9271828125,0.9331921875,640000,2880000,3520000,144.0,2826240000,0.013684599998669,0.008147900000039954,691.345703125
ariad,20000,32,2,495,0.00011057123629143462,0.9272140625,0.9332390625,640000,2880000,3520000,144.0,2826240000,0.013128600001437007,0.008142399999996996,691.345703125
ariad,20000,32,2,496,0.00011055870709242299,0.9272515625,0.933278125,640000,2880000,3520000,144.0,2826240000,0.013594199999715784,0.008180999999240157,690.876953125
ariad,20000,32,2,497,0.00011055124923586845,0.927278125,0.933309375,640000,2880000,3520000,144.0,2826240000,0.013273099999423721,0.008259199999884004,691.345703125
ariad,20000,32,2,498,0.00011054143396904692,0.927296875,0.9333234375,640000,2880000,3520000,144.0,2826240000,0.013978599999973085,0.008638199999040808,691.345703125
ariad,20000,32,2,499,0.0001105350092984736,0.9273171875,0.933353125,640000,2880000,3520000,144.0,2826240000,0.013722800000323332,0.00869579999925918,691.345703125
ariad,20000,32,2,500,0.0001105338815250434,0.9273359375,0.933365625,640000,2880000,3520000,144.0,2826240000,0.013116300000547199,0.008140899999489193,691.345703125
