method,n,k,seed,epoch,mse,teacher_match,match_exhaustive,attn_scores,search_scores,total_scores,c_scored,est_flops,step_time_s,search_time_s,peak_mem_mb
dense,20000,32,0,1,0.12306581437587738,0.09201875,1.0,400000000,0,400000000,0.0,309166080000,0.3119618000000628,0.0,6541.31396484375
dense,20000,32,0,2,0.11583451926708221,0.0922125,1.0,400000000,0,400000000,0.0,309166080000,0.060935800000152085,0.0,6541.43896484375
dense,20000,32,0,3,0.11282699555158615,0.0901265625,1.0,400000000,0,400000000,0.0,309166080000,0.06099079999967216,0.0,6541.43896484375
dense,20000,32,0,4,0.11160670965909958,0.0870265625,1.0,400000000,0,400000000,0.0,309166080000,0.06133780000072875,0.0,6541.43896484375
dense,20000,32,0,5,0.11110898107290268,0.084415625,1.0,400000000,0,400000000,0.0,309166080000,0.06077430000004824,0.0,6541.43896484375
dense,20000,32,0,6,0.11086990684270859,0.0822515625,1.0,400000000,0,400000000,0.0,309166080000,0.060761900000215974,0.0,6541.43896484375
dense,20000,32,0,7,0.11070582270622253,0.0809640625,1.0,400000000,0,400000000,0.0,309166080000,0.06085280000024795,0.0,6541.43896484375
dense,20000,32,0,8,0.11055780947208405,0.0802828125,1.0,400000000,0,400000000,0.0,309166080000,0.06087840000054712,0.0,6541.43896484375
dense,20000,32,0,9,0.1104147657752037,0.0801765625,1.0,400000000,0,400000000,0.0,309166080000,0.06103720000010071,0.0,6541.43896484375
dense,20000,32,0,10,0.11027929186820984,0.080621875,1.0,400000000,0,400000000,0.0,309166080000,0.061037100000248756,0.0,6541.43896484375
dense,20000,32,0,11,0.11015520989894867,0.0815765625,1.0,400000000,0,400000000,0.0,309166080000,0.06098099999962869,0.0,6541.43896484375
dense,20000,32,0,12,0.11004424840211868,0.0825453125,1.0,400000000,0,400000000,0.0,309166080000,0.060771399999794085,0.0,6541.43896484375
dense,20000,32,0,13,0.10994577407836914,0.0840140625,1.0,400000000,0,400000000,0.0,309166080000,0.060783599999922444,0.0,6541.43896484375
dense,20000,32,0,14,0.10985764861106873,0.0857375,1.0,400000000,0,400000000,0.0,309166080000,0.06091900000046735,0.0,6541.43896484375
dense,20000,32,0,15,0.10977739095687866,0.0878078125,1.0,400000000,0,400000000,0.0,309166080000,0.060849599999528436,0.0,6541.43896484375
dense,20000,32,0,16,0.10970279574394226,0.0899234375,1.0,400000000,0,400000000,0.0,309166080000,0.06097159999990254,0.0,6541.43896484375
dense,20000,32,0,17,0.10963237285614014,0.092534375,1.0,400000000,0,400000000,0.0,309166080000,0.061125499999434396,0.0,6541.43896484375
dense,20000,32,0,18,0.10956519842147827,0.095559375,1.0,400000000,0,400000000,0.0,309166080000,0.06101149999994959,0.0,6541.43896484375
dense,20000,32,0,19,0.10950084030628204,0.098946875,1.0,400000000,0,400000000,0.0,309166080000,0.06091870000000199,0.0,6541.43896484375
dense,20000,32,0,20,0.10943898558616638,0.1027109375,1.0,400000000,0,400000000,0.0,309166080000,0.060916300000826595,0.0,6541.43896484375
dense,20000,32,0,21,0.1093793660402298,0.107109375,1.0,400000000,0,400000000,0.0,309166080000,0.06079600000066421,0.0,6541.43896484375
dense,20000,32,0,22,0.10932165384292603,0.111584375,1.0,400000000,0,400000000,0.0,309166080000,0.0607451999994737,0.0,6541.43896484375
dense,20000,32,0,23,0.10926555842161179,0.1163203125,1.0,400000000,0,400000000,0.0,309166080000,0.06103270000039629,0.0,6541.43896484375
dense,20000,32,0,24,0.10921083390712738,0.121265625,1.0,400000000,0,400000000,0.0,309166080000,0.06091449999985343,0.0,6541.43896484375
dense,20000,32,0,25,0.10915739834308624,0.126528125,1.0,400000000,0,400000000,0.0,309166080000,0.06101610000041546,0.0,6541.43896484375
dense,20000,32,0,26,0.1091051995754242,0.1318453125,1.0,400000000,0,400000000,0.0,309166080000,0.06081919999996899,0.0,6541.43896484375
dense,20000,32,0,27,0.1090543195605278,0.137371875,1.0,400000000,0,400000000,0.0,309166080000,0.06113550000009127,0.0,6541.43896484375
dense,20000,32,0,28,0.10900473594665527,0.1430296875,1.0,400000000,0,400000000,0.0,309166080000,0.061002699999335164,0.0,6541.43896484375
dense,20000,32,0,29,0.1089564636349678,0.148915625,1.0,400000000,0,400000000,0.0,309166080000,0.061210200000459736,0.0,6541.43896484375
dense,20000,32,0,30,0.10890951752662659,0.1546375,1.0,400000000,0,400000000,0.0,309166080000,0.061168300000645104,0.0,6541.43896484375
dense,20000,32,0,31,0.10886391252279282,0.16054375,1.0,400000000,0,400000000,0.0,309166080000,0.06138329999976122,0.0,6541.43896484375
dense,20000,32,0,32,0.10881970077753067,0.166496875,1.0,400000000,0,400000000,0.0,309166080000,0.06117499999982101,0.0,6541.43896484375
dense,20000,32,0,33,0.10877696424722672,0.1721609375,1.0,400000000,0,400000000,0.0,309166080000,0.060837500000161526,0.0,6541.43896484375
dense,20000,32,0,34,0.10873568803071976,0.1779375,1.0,400000000,0,400000000,0.0,309166080000,0.06076560000019526,0.0,6541.43896484375
dense,20000,32,0,35,0.10869576036930084,0.1836875,1.0,400000000,0,400000000,0.0,309166080000,0.06065919999946345,0.0,6541.43896484375
dense,20000,32,0,36,0.10865705460309982,0.1892765625,1.0,400000000,0,400000000,0.0,309166080000,0.06108010000025388,0.0,6541.43896484375
dense,20000,32,0,37,0.10861940681934357,0.1947796875,1.0,400000000,0,400000000,0.0,309166080000,0.060997499999757565,0.0,6541.43896484375
dense,20000,32,0,38,0.10858273506164551,0.20023125,1.0,400000000,0,400000000,0.0,309166080000,0.06092679999983375,0.0,6541.43896484375
dense,20000,32,0,39,0.10854703187942505,0.2054890625,1.0,400000000,0,400000000,0.0,309166080000,0.06100570000035077,0.0,6541.43896484375
dense,20000,32,0,40,0.10851230472326279,0.2107703125,1.0,400000000,0,400000000,0.0,309166080000,0.061064699999406,0.0,6541.43896484375
dense,20000,32,0,41,0.1084785982966423,0.2158453125,1.0,400000000,0,400000000,0.0,309166080000,0.060873000000356114,0.0,6541.43896484375
dense,20000,32,0,42,0.10844584554433823,0.2207640625,1.0,400000000,0,400000000,0.0,309166080000,0.06077940000068338,0.0,6541.43896484375
dense,20000,32,0,43,0.10841397196054459,0.2256109375,1.0,400000000,0,400000000,0.0,309166080000,0.06099199999971461,0.0,6541.43896484375
dense,20000,32,0,44,0.10838289558887482,0.2303359375,1.0,400000000,0,400000000,0.0,309166080000,0.06119570000009844,0.0,6541.43896484375
dense,20000,32,0,45,0.10835248976945877,0.23485,1.0,400000000,0,400000000,0.0,309166080000,0.0609057000001485,0.0,6541.43896484375
dense,20000,32,0,46,0.1083226278424263,0.239271875,1.0,400000000,0,400000000,0.0,309166080000,0.06079119999958493,0.0,6541.43896484375
dense,20000,32,0,47,0.10829316079616547,0.2435828125,1.0,400000000,0,400000000,0.0,309166080000,0.06089650000012625,0.0,6541.43896484375
dense,20000,32,0,48,0.10826388746500015,0.2477515625,1.0,400000000,0,400000000,0.0,309166080000,0.060805400000390364,0.0,6541.43896484375
dense,20000,32,0,49,0.10823455452919006,0.251896875,1.0,400000000,0,400000000,0.0,309166080000,0.06080219999967085,0.0,6541.43896484375
dense,20000,32,0,50,0.1082049310207367,0.2557359375,1.0,400000000,0,400000000,0.0,309166080000,0.06117060000087804,0.0,6541.43896484375
dense,20000,32,0,51,0.10817482322454453,0.2594171875,1.0,400000000,0,400000000,0.0,309166080000,0.06148570000004838,0.0,6541.43896484375
dense,20000,32,0,52,0.1081441342830658,0.26289375,1.0,400000000,0,400000000,0.0,309166080000,0.060958400000345137,0.0,6541.43896484375
dense,20000,32,0,53,0.10811271518468857,0.2663,1.0,400000000,0,400000000,0.0,309166080000,0.060684300000502844,0.0,6541.43896484375
dense,20000,32,0,54,0.10808039456605911,0.26955625,1.0,400000000,0,400000000,0.0,309166080000,0.060727699999915785,0.0,6541.43896484375
dense,20000,32,0,55,0.10804679989814758,0.2726984375,1.0,400000000,0,400000000,0.0,309166080000,0.06089109999993525,0.0,6541.43896484375
dense,20000,32,0,56,0.10801146924495697,0.275746875,1.0,400000000,0,400000000,0.0,309166080000,0.06105610000031447,0.0,6541.43896484375
dense,20000,32,0,57,0.10797383636236191,0.2786640625,1.0,400000000,0,400000000,0.0,309166080000,0.06102629999986675,0.0,6541.43896484375
dense,20000,32,0,58,0.10793332010507584,0.2813828125,1.0,400000000,0,400000000,0.0,309166080000,0.06094510000002629,0.0,6541.43896484375
dense,20000,32,0,59,0.10788926482200623,0.2840078125,1.0,400000000,0,400000000,0.0,309166080000,0.060956700000133424,0.0,6541.43896484375
dense,20000,32,0,60,0.10784079134464264,0.2866171875,1.0,400000000,0,400000000,0.0,309166080000,0.06082520000018121,0.0,6541.43896484375
dense,20000,32,0,61,0.10778669267892838,0.289003125,1.0,400000000,0,400000000,0.0,309166080000,0.06081129999984114,0.0,6541.43896484375
dense,20000,32,0,62,0.10772543400526047,0.2914171875,1.0,400000000,0,400000000,0.0,309166080000,0.06074209999951563,0.0,6541.43896484375
dense,20000,32,0,63,0.10765525698661804,0.293659375,1.0,400000000,0,400000000,0.0,309166080000,0.06103530000018509,0.0,6541.43896484375
dense,20000,32,0,64,0.10757406800985336,0.29591875,1.0,400000000,0,400000000,0.0,309166080000,0.06091319999995903,0.0,6541.43896484375
dense,20000,32,0,65,0.1074795126914978,0.2981375,1.0,400000000,0,400000000,0.0,309166080000,0.06102199999986624,0.0,6541.43896484375
dense,20000,32,0,66,0.10736919939517975,0.300446875,1.0,400000000,0,400000000,0.0,309166080000,0.06098360000032699,0.0,6541.43896484375
dense,20000,32,0,67,0.10724125802516937,0.3025890625,1.0,400000000,0,400000000,0.0,309166080000,0.06087640000077954,0.0,6541.43896484375
dense,20000,32,0,68,0.10709472745656967,0.304775,1.0,400000000,0,400000000,0.0,309166080000,0.060709599999427155,0.0,6541.43896484375
dense,20000,32,0,69,0.10692863166332245,0.3072828125,1.0,400000000,0,400000000,0.0,309166080000,0.06087699999989127,0.0,6541.43896484375
dense,20000,32,0,70,0.1067400872707367,0.310509375,1.0,400000000,0,400000000,0.0,309166080000,0.061059499999828404,0.0,6541.43896484375
dense,20000,32,0,71,0.10652214288711548,0.314746875,1.0,400000000,0,400000000,0.0,309166080000,0.060951599999498285,0.0,6541.43896484375
dense,20000,32,0,72,0.10626359283924103,0.3200796875,1.0,400000000,0,400000000,0.0,309166080000,0.06097409999983938,0.0,6541.43896484375
dense,20000,32,0,73,0.10595321655273438,0.3266265625,1.0,400000000,0,400000000,0.0,309166080000,0.06074639999951614,0.0,6541.43896484375
dense,20000,32,0,74,0.10558439791202545,0.334503125,1.0,400000000,0,400000000,0.0,309166080000,0.0609320999992633,0.0,6541.43896484375
dense,20000,32,0,75,0.10515351593494415,0.343146875,1.0,400000000,0,400000000,0.0,309166080000,0.06086169999980484,0.0,6541.43896484375
dense,20000,32,0,76,0.10465386509895325,0.35326875,1.0,400000000,0,400000000,0.0,309166080000,0.06119940000007773,0.0,6541.43896484375
dense,20000,32,0,77,0.10407257825136185,0.3645171875,1.0,400000000,0,400000000,0.0,309166080000,0.0611986000003526,0.0,6541.43896484375
dense,20000,32,0,78,0.10339300334453583,0.3766078125,1.0,400000000,0,400000000,0.0,309166080000,0.061429699999280274,0.0,6541.43896484375
dense,20000,32,0,79,0.10259423404932022,0.3896828125,1.0,400000000,0,400000000,0.0,309166080000,0.06124679999993532,0.0,6541.43896484375
dense,20000,32,0,80,0.10164515674114227,0.4039640625,1.0,400000000,0,400000000,0.0,309166080000,0.06135970000013913,0.0,6541.43896484375
dense,20000,32,0,81,0.10050234198570251,0.4189515625,1.0,400000000,0,400000000,0.0,309166080000,0.06100539999988541,0.0,6541.43896484375
dense,20000,32,0,82,0.09911380708217621,0.4346984375,1.0,400000000,0,400000000,0.0,309166080000,0.0607451999994737,0.0,6541.43896484375
dense,20000,32,0,83,0.09741418808698654,0.451971875,1.0,400000000,0,400000000,0.0,309166080000,0.06074910000006639,0.0,6541.43896484375
dense,20000,32,0,84,0.09531648457050323,0.4698484375,1.0,400000000,0,400000000,0.0,309166080000,0.060926300000573974,0.0,6541.43896484375
dense,20000,32,0,85,0.09270946681499481,0.4884921875,1.0,400000000,0,400000000,0.0,309166080000,0.06102889999965555,0.0,6541.43896484375
dense,20000,32,0,86,0.08944624662399292,0.508159375,1.0,400000000,0,400000000,0.0,309166080000,0.06095700000059878,0.0,6541.43896484375
dense,20000,32,0,87,0.0853441134095192,0.5290015625,1.0,400000000,0,400000000,0.0,309166080000,0.06080550000024232,0.0,6541.43896484375
dense,20000,32,0,88,0.08023268729448318,0.550178125,1.0,400000000,0,400000000,0.0,309166080000,0.06086990000039805,0.0,6541.43896484375
dense,20000,32,0,89,0.07405149936676025,0.571946875,1.0,400000000,0,400000000,0.0,309166080000,0.060844700000416196,0.0,6541.43896484375
dense,20000,32,0,90,0.0669781044125557,0.593359375,1.0,400000000,0,400000000,0.0,309166080000,0.06084329999976035,0.0,6541.43896484375
dense,20000,32,0,91,0.05943971872329712,0.6146078125,1.0,400000000,0,400000000,0.0,309166080000,0.060966399999415444,0.0,6541.43896484375
dense,20000,32,0,92,0.05197856202721596,0.6358,1.0,400000000,0,400000000,0.0,309166080000,0.06104990000039834,0.0,6541.43896484375
dense,20000,32,0,93,0.04509304463863373,0.65629375,1.0,400000000,0,400000000,0.0,309166080000,0.061153700000431854,0.0,6541.43896484375
dense,20000,32,0,94,0.0391392819583416,0.6757015625,1.0,400000000,0,400000000,0.0,309166080000,0.06078760000036709,0.0,6541.43896484375
dense,20000,32,0,95,0.03432347998023033,0.6938890625,1.0,400000000,0,400000000,0.0,309166080000,0.060830699999314675,0.0,6541.43896484375
dense,20000,32,0,96,0.03063248284161091,0.710365625,1.0,400000000,0,400000000,0.0,309166080000,0.06091829999968468,0.0,6541.43896484375
dense,20000,32,0,97,0.027874566614627838,0.7254421875,1.0,400000000,0,400000000,0.0,309166080000,0.06104899999991176,0.0,6541.43896484375
dense,20000,32,0,98,0.02569400519132614,0.739190625,1.0,400000000,0,400000000,0.0,309166080000,0.061058999999659136,0.0,6541.43896484375
dense,20000,32,0,99,0.023722384124994278,0.752065625,1.0,400000000,0,400000000,0.0,309166080000,0.06103999999959342,0.0,6541.43896484375
dense,20000,32,0,100,0.021777303889393806,0.7642,1.0,400000000,0,400000000,0.0,309166080000,0.061080800000127056,0.0,6541.43896484375
dense,20000,32,0,101,0.019851742312312126,0.776046875,1.0,400000000,0,400000000,0.0,309166080000,0.060793200000262004,0.0,6541.43896484375
dense,20000,32,0,102,0.018023662269115448,0.786759375,1.0,400000000,0,400000000,0.0,309166080000,0.061037100000248756,0.0,6541.43896484375
dense,20000,32,0,103,0.01635531522333622,0.797128125,1.0,400000000,0,400000000,0.0,309166080000,0.060810299999502604,0.0,6541.43896484375
dense,20000,32,0,104,0.014867875725030899,0.8060609375,1.0,400000000,0,400000000,0.0,309166080000,0.06078819999947882,0.0,6541.43896484375
dense,20000,32,0,105,0.013565321452915668,0.814159375,1.0,400000000,0,400000000,0.0,309166080000,0.06099420000009559,0.0,6541.43896484375
dense,20000,32,0,106,0.01241291407495737,0.8216984375,1.0,400000000,0,400000000,0.0,309166080000,0.060956399999668065,0.0,6541.43896484375
dense,20000,32,0,107,0.011334719136357307,0.8292625,1.0,400000000,0,400000000,0.0,309166080000,0.06104719999984809,0.0,6541.43896484375
dense,20000,32,0,108,0.010290289297699928,0.8373234375,1.0,400000000,0,400000000,0.0,309166080000,0.06092079999962152,0.0,6541.43896484375
dense,20000,32,0,109,0.009306549094617367,0.8458578125,1.0,400000000,0,400000000,0.0,309166080000,0.06084110000028886,0.0,6541.43896484375
dense,20000,32,0,110,0.008436841890215874,0.8543078125,1.0,400000000,0,400000000,0.0,309166080000,0.06076930000017455,0.0,6541.43896484375
dense,20000,32,0,111,0.007710353005677462,0.8617515625,1.0,400000000,0,400000000,0.0,309166080000,0.060894399999597226,0.0,6541.43896484375
dense,20000,32,0,112,0.007104308344423771,0.8680984375,1.0,400000000,0,400000000,0.0,309166080000,0.06113809999988007,0.0,6541.43896484375
dense,20000,32,0,113,0.006572469137609005,0.8739015625,1.0,400000000,0,400000000,0.0,309166080000,0.06116739999924903,0.0,6541.43896484375
dense,20000,32,0,114,0.006079805549234152,0.879453125,1.0,400000000,0,400000000,0.0,309166080000,0.06098279999969236,0.0,6541.43896484375
dense,20000,32,0,115,0.005600356962531805,0.885140625,1.0,400000000,0,400000000,0.0,309166080000,0.060856999999487016,0.0,6541.43896484375
dense,20000,32,0,116,0.005113913211971521,0.8918515625,1.0,400000000,0,400000000,0.0,309166080000,0.060958900000514404,0.0,6541.43896484375
dense,20000,32,0,117,0.0046240524388849735,0.899025,1.0,400000000,0,400000000,0.0,309166080000,0.06096689999958471,0.0,6541.43896484375
dense,20000,32,0,118,0.00416161771863699,0.9069859375,1.0,400000000,0,400000000,0.0,309166080000,0.06080930000007356,0.0,6541.43896484375
dense,20000,32,0,119,0.003767994698137045,0.91423125,1.0,400000000,0,400000000,0.0,309166080000,0.060985600000094564,0.0,6541.43896484375
dense,20000,32,0,120,0.0034723524004220963,0.920046875,1.0,400000000,0,400000000,0.0,309166080000,0.06094200000006822,0.0,6541.43896484375
dense,20000,32,0,121,0.003273501992225647,0.923453125,1.0,400000000,0,400000000,0.0,309166080000,0.06095949999962613,0.0,6541.43896484375
dense,20000,32,0,122,0.003131193807348609,0.925003125,1.0,400000000,0,400000000,0.0,309166080000,0.060839199999463744,0.0,6541.43896484375
dense,20000,32,0,123,0.0029944335110485554,0.925984375,1.0,400000000,0,400000000,0.0,309166080000,0.06107679999968241,0.0,6541.43896484375
dense,20000,32,0,124,0.0028435816057026386,0.92770625,1.0,400000000,0,400000000,0.0,309166080000,0.060805200000686455,0.0,6541.43896484375
dense,20000,32,0,125,0.0026867815759032965,0.9300671875,1.0,400000000,0,400000000,0.0,309166080000,0.061262600000191014,0.0,6541.43896484375
dense,20000,32,0,126,0.0025314325466752052,0.933215625,1.0,400000000,0,400000000,0.0,309166080000,0.06131409999943571,0.0,6541.43896484375
dense,20000,32,0,127,0.002380252815783024,0.9367046875,1.0,400000000,0,400000000,0.0,309166080000,0.061355900000307884,0.0,6541.43896484375
dense,20000,32,0,128,0.002241704612970352,0.940059375,1.0,400000000,0,400000000,0.0,309166080000,0.061538500000096974,0.0,6541.43896484375
dense,20000,32,0,129,0.0021256168838590384,0.942946875,1.0,400000000,0,400000000,0.0,309166080000,0.0610499999993408,0.0,6541.43896484375
dense,20000,32,0,130,0.0020306194201111794,0.94498125,1.0,400000000,0,400000000,0.0,309166080000,0.06100789999982226,0.0,6541.43896484375
dense,20000,32,0,131,0.0019475844455882907,0.9468109375,1.0,400000000,0,400000000,0.0,309166080000,0.060920200000509794,0.0,6541.43896484375
dense,20000,32,0,132,0.0018719835206866264,0.948121875,1.0,400000000,0,400000000,0.0,309166080000,0.060759100000723265,0.0,6541.43896484375
dense,20000,32,0,133,0.0018045188626274467,0.9494140625,1.0,400000000,0,400000000,0.0,309166080000,0.061119300000427756,0.0,6541.43896484375
dense,20000,32,0,134,0.001745310495607555,0.950734375,1.0,400000000,0,400000000,0.0,309166080000,0.06104299999969953,0.0,6541.43896484375
dense,20000,32,0,135,0.0016926106764003634,0.952334375,1.0,400000000,0,400000000,0.0,309166080000,0.060880400000314694,0.0,6541.43896484375
dense,20000,32,0,136,0.0016442433698102832,0.9537828125,1.0,400000000,0,400000000,0.0,309166080000,0.06080479999945965,0.0,6541.43896484375
dense,20000,32,0,137,0.0015994426794350147,0.955153125,1.0,400000000,0,400000000,0.0,309166080000,0.060876499999722,0.0,6541.43896484375
dense,20000,32,0,138,0.0015592628624290228,0.9562421875,1.0,400000000,0,400000000,0.0,309166080000,0.060996199999863165,0.0,6541.43896484375
dense,20000,32,0,139,0.0015246121911332011,0.9571671875,1.0,400000000,0,400000000,0.0,309166080000,0.06078189999971073,0.0,6541.43896484375
dense,20000,32,0,140,0.0014941829722374678,0.9581765625,1.0,400000000,0,400000000,0.0,309166080000,0.0609930999999051,0.0,6541.43896484375
dense,20000,32,0,141,0.0014657045248895884,0.9589828125,1.0,400000000,0,400000000,0.0,309166080000,0.06103919999986829,0.0,6541.43896484375
dense,20000,32,0,142,0.001438428065739572,0.95978125,1.0,400000000,0,400000000,0.0,309166080000,0.061028000000078464,0.0,6541.43896484375
dense,20000,32,0,143,0.001413361867889762,0.960515625,1.0,400000000,0,400000000,0.0,309166080000,0.060841200000140816,0.0,6541.43896484375
dense,20000,32,0,144,0.0013911888236179948,0.9612046875,1.0,400000000,0,400000000,0.0,309166080000,0.06100449999939883,0.0,6541.43896484375
dense,20000,32,0,145,0.001371351652778685,0.9620515625,1.0,400000000,0,400000000,0.0,309166080000,0.06101159999980155,0.0,6541.43896484375
dense,20000,32,0,146,0.001353466184809804,0.9625765625,1.0,400000000,0,400000000,0.0,309166080000,0.06091680000008637,0.0,6541.43896484375
dense,20000,32,0,147,0.0013376917922869325,0.962921875,1.0,400000000,0,400000000,0.0,309166080000,0.061074700000062876,0.0,6541.43896484375
dense,20000,32,0,148,0.001323737669736147,0.96329375,1.0,400000000,0,400000000,0.0,309166080000,0.06117600000015955,0.0,6541.43896484375
dense,20000,32,0,149,0.0013109876308590174,0.963675,1.0,400000000,0,400000000,0.0,309166080000,0.06082059999971534,0.0,6541.43896484375
dense,20000,32,0,150,0.0012992757838219404,0.9640171875,1.0,400000000,0,400000000,0.0,309166080000,0.06080180000026303,0.0,6541.43896484375
dense,20000,32,0,151,0.0012886265758424997,0.9643359375,1.0,400000000,0,400000000,0.0,309166080000,0.06083380000018224,0.0,6541.43896484375
dense,20000,32,0,152,0.0012788153253495693,0.9647375,1.0,400000000,0,400000000,0.0,309166080000,0.06099640000047657,0.0,6541.43896484375
dense,20000,32,0,153,0.0012696624035015702,0.9649609375,1.0,400000000,0,400000000,0.0,309166080000,0.060871700000461715,0.0,6541.43896484375
dense,20000,32,0,154,0.0012612047139555216,0.9652515625,1.0,400000000,0,400000000,0.0,309166080000,0.061246399999618006,0.0,6541.43896484375
dense,20000,32,0,155,0.0012534837005659938,0.965709375,1.0,400000000,0,400000000,0.0,309166080000,0.060925200000383484,0.0,6541.43896484375
dense,20000,32,0,156,0.001246563158929348,0.966065625,1.0,400000000,0,400000000,0.0,309166080000,0.060853599999973085,0.0,6541.43896484375
dense,20000,32,0,157,0.001240544836036861,0.9662375,1.0,400000000,0,400000000,0.0,309166080000,0.06089669999983016,0.0,6541.43896484375
dense,20000,32,0,158,0.0012354351347312331,0.966490625,1.0,400000000,0,400000000,0.0,309166080000,0.060736399999768764,0.0,6541.43896484375
dense,20000,32,0,159,0.0012310834135860205,0.966559375,1.0,400000000,0,400000000,0.0,309166080000,0.06114750000051572,0.0,6541.43896484375
dense,20000,32,0,160,0.0012272043386474252,0.966725,1.0,400000000,0,400000000,0.0,309166080000,0.06087240000033489,0.0,6541.43896484375
dense,20000,32,0,161,0.0012235192116349936,0.96681875,1.0,400000000,0,400000000,0.0,309166080000,0.06112730000040756,0.0,6541.43896484375
dense,20000,32,0,162,0.0012198828626424074,0.966909375,1.0,400000000,0,400000000,0.0,309166080000,0.061053000000356406,0.0,6541.43896484375
dense,20000,32,0,163,0.0012163898209109902,0.9670890625,1.0,400000000,0,400000000,0.0,309166080000,0.06089300000076037,0.0,6541.43896484375
dense,20000,32,0,164,0.001213295035995543,0.9671828125,1.0,400000000,0,400000000,0.0,309166080000,0.061116300000321644,0.0,6541.43896484375
dense,20000,32,0,165,0.0012106748763471842,0.9672,1.0,400000000,0,400000000,0.0,309166080000,0.060940400000617956,0.0,6541.43896484375
dense,20000,32,0,166,0.0012083639157935977,0.9673328125,1.0,400000000,0,400000000,0.0,309166080000,0.06102240000018355,0.0,6541.43896484375
dense,20000,32,0,167,0.001206255634315312,0.9672765625,1.0,400000000,0,400000000,0.0,309166080000,0.0607692000003226,0.0,6541.43896484375
dense,20000,32,0,168,0.0012043355964124203,0.9672921875,1.0,400000000,0,400000000,0.0,309166080000,0.06094329999996262,0.0,6541.43896484375
dense,20000,32,0,169,0.0012025857577100396,0.96736875,1.0,400000000,0,400000000,0.0,309166080000,0.060838000000330794,0.0,6541.43896484375
dense,20000,32,0,170,0.0012010253267362714,0.967440625,1.0,400000000,0,400000000,0.0,309166080000,0.06077629999981582,0.0,6541.43896484375
dense,20000,32,0,171,0.001199667458422482,0.967478125,1.0,400000000,0,400000000,0.0,309166080000,0.06080550000024232,0.0,6541.43896484375
dense,20000,32,0,172,0.0011984281009063125,0.967471875,1.0,400000000,0,400000000,0.0,309166080000,0.061142999999901804,0.0,6541.43896484375
dense,20000,32,0,173,0.001197218894958496,0.9675890625,1.0,400000000,0,400000000,0.0,309166080000,0.061138100000789564,0.0,6541.43896484375
dense,20000,32,0,174,0.0011960456613451242,0.967578125,1.0,400000000,0,400000000,0.0,309166080000,0.061118399999941175,0.0,6541.43896484375
dense,20000,32,0,175,0.0011949563631787896,0.9675625,1.0,400000000,0,400000000,0.0,309166080000,0.06122460000005958,0.0,6541.43896484375
dense,20000,32,0,176,0.0011939924443140626,0.9676578125,1.0,400000000,0,400000000,0.0,309166080000,0.06097890000000916,0.0,6541.43896484375
dense,20000,32,0,177,0.0011931711342185736,0.967696875,1.0,400000000,0,400000000,0.0,309166080000,0.061168199999883655,0.0,6541.43896484375
dense,20000,32,0,178,0.0011924643767997622,0.9677671875,1.0,400000000,0,400000000,0.0,309166080000,0.06110679999983404,0.0,6541.43896484375
dense,20000,32,0,179,0.0011918321251869202,0.9678,1.0,400000000,0,400000000,0.0,309166080000,0.06094630000006873,0.0,6541.43896484375
dense,20000,32,0,180,0.0011912555200979114,0.9677921875,1.0,400000000,0,400000000,0.0,309166080000,0.06093220000002475,0.0,6541.43896484375
dense,20000,32,0,181,0.0011907146545127034,0.9678453125,1.0,400000000,0,400000000,0.0,309166080000,0.060830299999906856,0.0,6541.43896484375
dense,20000,32,0,182,0.0011901948601007462,0.9678796875,1.0,400000000,0,400000000,0.0,309166080000,0.06101869999929477,0.0,6541.43896484375
dense,20000,32,0,183,0.0011897047515958548,0.967896875,1.0,400000000,0,400000000,0.0,309166080000,0.06103250000069238,0.0,6541.43896484375
dense,20000,32,0,184,0.001189260627143085,0.9679359375,1.0,400000000,0,400000000,0.0,309166080000,0.060870600000271224,0.0,6541.43896484375
dense,20000,32,0,185,0.0011888674926012754,0.967934375,1.0,400000000,0,400000000,0.0,309166080000,0.060857100000248465,0.0,6541.43896484375
dense,20000,32,0,186,0.0011885183630511165,0.9679109375,1.0,400000000,0,400000000,0.0,309166080000,0.06092549999993935,0.0,6541.43896484375
dense,20000,32,0,187,0.0011882017133757472,0.9678828125,1.0,400000000,0,400000000,0.0,309166080000,0.06105030000071565,0.0,6541.43896484375
dense,20000,32,0,188,0.0011879100929945707,0.9678671875,1.0,400000000,0,400000000,0.0,309166080000,0.060853799999676994,0.0,6541.43896484375
dense,20000,32,0,189,0.0011876480421051383,0.96785,1.0,400000000,0,400000000,0.0,309166080000,0.06095320000076754,0.0,6541.43896484375
dense,20000,32,0,190,0.0011874184710904956,0.9678953125,1.0,400000000,0,400000000,0.0,309166080000,0.06111880000025849,0.0,6541.43896484375
dense,20000,32,0,191,0.0011872091563418508,0.9679,1.0,400000000,0,400000000,0.0,309166080000,0.060889599999427446,0.0,6541.43896484375
dense,20000,32,0,192,0.0011870050802826881,0.96788125,1.0,400000000,0,400000000,0.0,309166080000,0.06078500000057829,0.0,6541.43896484375
dense,20000,32,0,193,0.0011868082219734788,0.9678953125,1.0,400000000,0,400000000,0.0,309166080000,0.0610129999995479,0.0,6541.43896484375
dense,20000,32,0,194,0.0011866294080391526,0.9679125,1.0,400000000,0,400000000,0.0,309166080000,0.060998400000244146,0.0,6541.43896484375
dense,20000,32,0,195,0.0011864739935845137,0.9679328125,1.0,400000000,0,400000000,0.0,309166080000,0.0612727999996423,0.0,6541.43896484375
dense,20000,32,0,196,0.0011863369727507234,0.967934375,1.0,400000000,0,400000000,0.0,309166080000,0.061015999999654014,0.0,6541.43896484375
dense,20000,32,0,197,0.0011862124083563685,0.9679203125,1.0,400000000,0,400000000,0.0,309166080000,0.06084420000024693,0.0,6541.43896484375
dense,20000,32,0,198,0.0011860968079417944,0.9679234375,1.0,400000000,0,400000000,0.0,309166080000,0.06093499999951746,0.0,6541.43896484375
dense,20000,32,0,199,0.001185990055091679,0.9678890625,1.0,400000000,0,400000000,0.0,309166080000,0.06087500000012369,0.0,6541.43896484375
dense,20000,32,0,200,0.0011858935467898846,0.967928125,1.0,400000000,0,400000000,0.0,309166080000,0.06111529999998311,0.0,6541.43896484375
dense,20000,32,0,201,0.0011858089128509164,0.96791875,1.0,400000000,0,400000000,0.0,309166080000,0.061015600000246195,0.0,6541.43896484375
dense,20000,32,0,202,0.0011857346398755908,0.9679234375,1.0,400000000,0,400000000,0.0,309166080000,0.06080680000013672,0.0,6541.43896484375
dense,20000,32,0,203,0.0011856651399284601,0.9679296875,1.0,400000000,0,400000000,0.0,309166080000,0.060868200000186334,0.0,6541.43896484375
dense,20000,32,0,204,0.0011855955235660076,0.96795625,1.0,400000000,0,400000000,0.0,309166080000,0.06084190000001399,0.0,6541.43896484375
dense,20000,32,0,205,0.0011855275370180607,0.967965625,1.0,400000000,0,400000000,0.0,309166080000,0.06084649999957037,0.0,6541.43896484375
dense,20000,32,0,206,0.0011854689801111817,0.96795,1.0,400000000,0,400000000,0.0,309166080000,0.060888900000463764,0.0,6541.43896484375
dense,20000,32,0,207,0.001185427070595324,0.96795,1.0,400000000,0,400000000,0.0,309166080000,0.06105589999970107,0.0,6541.43896484375
dense,20000,32,0,208,0.00118539622053504,0.9679515625,1.0,400000000,0,400000000,0.0,309166080000,0.061005800000202726,0.0,6541.43896484375
dense,20000,32,0,209,0.0011853576870635152,0.9679625,1.0,400000000,0,400000000,0.0,309166080000,0.06090870000025461,0.0,6541.43896484375
dense,20000,32,0,210,0.0011853018077090383,0.9679921875,1.0,400000000,0,400000000,0.0,309166080000,0.06100069999956759,0.0,6541.43896484375
dense,20000,32,0,211,0.0011852405732497573,0.968,1.0,400000000,0,400000000,0.0,309166080000,0.061035000000629225,0.0,6541.43896484375
dense,20000,32,0,212,0.001185193657875061,0.9679828125,1.0,400000000,0,400000000,0.0,309166080000,0.060932299999876705,0.0,6541.43896484375
dense,20000,32,0,213,0.0011851651361212134,0.9679609375,1.0,400000000,0,400000000,0.0,309166080000,0.06103369999982533,0.0,6541.43896484375
dense,20000,32,0,214,0.0011851430172100663,0.9679671875,1.0,400000000,0,400000000,0.0,309166080000,0.06110949999947479,0.0,6541.43896484375
dense,20000,32,0,215,0.0011851106537505984,0.967971875,1.0,400000000,0,400000000,0.0,309166080000,0.06124980000004143,0.0,6541.43896484375
dense,20000,32,0,216,0.0011850727023556828,0.967940625,1.0,400000000,0,400000000,0.0,309166080000,0.060995099999672675,0.0,6541.43896484375
dense,20000,32,0,217,0.001185044413432479,0.9679578125,1.0,400000000,0,400000000,0.0,309166080000,0.06078510000043025,0.0,6541.43896484375
dense,20000,32,0,218,0.001185028231702745,0.967953125,1.0,400000000,0,400000000,0.0,309166080000,0.06087370000022929,0.0,6541.43896484375
dense,20000,32,0,219,0.0011850110022351146,0.9679578125,1.0,400000000,0,400000000,0.0,309166080000,0.06086169999980484,0.0,6541.43896484375
dense,20000,32,0,220,0.0011849860893562436,0.96795,1.0,400000000,0,400000000,0.0,309166080000,0.06102720000035333,0.0,6541.43896484375
dense,20000,32,0,221,0.0011849633883684874,0.96795,1.0,400000000,0,400000000,0.0,309166080000,0.06123999999999796,0.0,6541.43896484375
dense,20000,32,0,222,0.0011849504662677646,0.967946875,1.0,400000000,0,400000000,0.0,309166080000,0.06109019999985321,0.0,6541.43896484375
dense,20000,32,0,223,0.0011849391739815474,0.9679578125,1.0,400000000,0,400000000,0.0,309166080000,0.06236629999966681,0.0,6541.43896484375
dense,20000,32,0,224,0.0011849215952679515,0.9679765625,1.0,400000000,0,400000000,0.0,309166080000,0.06097409999983938,0.0,6541.43896484375
dense,20000,32,0,225,0.0011849056463688612,0.9679703125,1.0,400000000,0,400000000,0.0,309166080000,0.0612079000002268,0.0,6541.43896484375
dense,20000,32,0,226,0.0011848967988044024,0.9679890625,1.0,400000000,0,400000000,0.0,309166080000,0.061202200000479934,0.0,6541.43896484375
dense,20000,32,0,227,0.0011848893482238054,0.9679984375,1.0,400000000,0,400000000,0.0,309166080000,0.061043400000016845,0.0,6541.43896484375
dense,20000,32,0,228,0.0011848823633044958,0.9679921875,1.0,400000000,0,400000000,0.0,309166080000,0.06093400000008842,0.0,6541.43896484375
dense,20000,32,0,229,0.001184878870844841,0.9679765625,1.0,400000000,0,400000000,0.0,309166080000,0.060974699999860604,0.0,6541.43896484375
dense,20000,32,0,230,0.0011848777066916227,0.967975,1.0,400000000,0,400000000,0.0,309166080000,0.06078389999947831,0.0,6541.43896484375
dense,20000,32,0,231,0.0011848722351714969,0.9679671875,1.0,400000000,0,400000000,0.0,309166080000,0.06102809999993042,0.0,6541.43896484375
dense,20000,32,0,232,0.001184859313070774,0.9679625,1.0,400000000,0,400000000,0.0,309166080000,0.060785400000895606,0.0,6541.43896484375
dense,20000,32,0,233,0.0011848415015265346,0.967953125,1.0,400000000,0,400000000,0.0,309166080000,0.06093259999943257,0.0,6541.43896484375
dense,20000,32,0,234,0.0011848292779177427,0.96795625,1.0,400000000,0,400000000,0.0,309166080000,0.06117110000013781,0.0,6541.43896484375
dense,20000,32,0,235,0.001184829161502421,0.9679640625,1.0,400000000,0,400000000,0.0,309166080000,0.06105620000016643,0.0,6541.43896484375
dense,20000,32,0,236,0.00118482846301049,0.9679671875,1.0,400000000,0,400000000,0.0,309166080000,0.06102779999946506,0.0,6541.43896484375
dense,20000,32,0,237,0.0011848178692162037,0.967975,1.0,400000000,0,400000000,0.0,309166080000,0.06085070000062842,0.0,6541.43896484375
dense,20000,32,0,238,0.001184806227684021,0.9679671875,1.0,400000000,0,400000000,0.0,309166080000,0.06077670000013313,0.0,6541.43896484375
dense,20000,32,0,239,0.0011848047142848372,0.9679578125,1.0,400000000,0,400000000,0.0,309166080000,0.0609242999998969,0.0,6541.43896484375
dense,20000,32,0,240,0.0011848057620227337,0.9679609375,1.0,400000000,0,400000000,0.0,309166080000,0.0607929999996486,0.0,6541.43896484375
dense,20000,32,0,241,0.0011847979621961713,0.9679640625,1.0,400000000,0,400000000,0.0,309166080000,0.06100539999988541,0.0,6541.43896484375
dense,20000,32,0,242,0.0011847912101075053,0.967965625,1.0,400000000,0,400000000,0.0,309166080000,0.06123649999972258,0.0,6541.43896484375
dense,20000,32,0,243,0.0011847916757687926,0.96795625,1.0,400000000,0,400000000,0.0,309166080000,0.06108299999959854,0.0,6541.43896484375
dense,20000,32,0,244,0.0011847916757687926,0.9679625,1.0,400000000,0,400000000,0.0,309166080000,0.060974899999564514,0.0,6541.43896484375
dense,20000,32,0,245,0.001184788066893816,0.9679671875,1.0,400000000,0,400000000,0.0,309166080000,0.06087530000058905,0.0,6541.43896484375
dense,20000,32,0,246,0.0011847877176478505,0.9679828125,1.0,400000000,0,400000000,0.0,309166080000,0.06089760000031674,0.0,6541.43896484375
dense,20000,32,0,247,0.0011847915593534708,0.9679765625,1.0,400000000,0,400000000,0.0,309166080000,0.061008700000456884,0.0,6541.43896484375
dense,20000,32,0,248,0.0011847922578454018,0.9679765625,1.0,400000000,0,400000000,0.0,309166080000,0.061142499999732536,0.0,6541.43896484375
dense,20000,32,0,249,0.0011847895802929997,0.9679765625,1.0,400000000,0,400000000,0.0,309166080000,0.06110699999953795,0.0,6541.43896484375
dense,20000,32,0,250,0.0011847929563373327,0.96796875,1.0,400000000,0,400000000,0.0,309166080000,0.061036599999169994,0.0,6541.43896484375
dense,20000,32,0,251,0.0011848041322082281,0.967965625,1.0,400000000,0,400000000,0.0,309166080000,0.06080449999990378,0.0,6541.43896484375
dense,20000,32,0,252,0.0011848137946799397,0.9679609375,1.0,400000000,0,400000000,0.0,309166080000,0.060970600000473496,0.0,6541.43896484375
dense,20000,32,0,253,0.0011848140275105834,0.967953125,1.0,400000000,0,400000000,0.0,309166080000,0.060821900000519236,0.0,6541.43896484375
dense,20000,32,0,254,0.0011848056456074119,0.9679484375,1.0,400000000,0,400000000,0.0,309166080000,0.060862299999826064,0.0,6541.43896484375
dense,20000,32,0,255,0.0011847972637042403,0.967965625,1.0,400000000,0,400000000,0.0,309166080000,0.06107059999976627,0.0,6541.43896484375
dense,20000,32,0,256,0.0011847979621961713,0.9679546875,1.0,400000000,0,400000000,0.0,309166080000,0.06112329999996291,0.0,6541.43896484375
dense,20000,32,0,257,0.0011848106514662504,0.9679515625,1.0,400000000,0,400000000,0.0,309166080000,0.06101459999990766,0.0,6541.43896484375
dense,20000,32,0,258,0.0011848233407363296,0.967953125,1.0,400000000,0,400000000,0.0,309166080000,0.06087840000054712,0.0,6541.43896484375
dense,20000,32,0,259,0.0011848239228129387,0.9679484375,1.0,400000000,0,400000000,0.0,309166080000,0.060828000000583415,0.0,6541.43896484375
dense,20000,32,0,260,0.0011848167050629854,0.9679609375,1.0,400000000,0,400000000,0.0,309166080000,0.06087149999984831,0.0,6541.43896484375
dense,20000,32,0,261,0.0011848141439259052,0.9679640625,1.0,400000000,0,400000000,0.0,309166080000,0.06094630000006873,0.0,6541.43896484375
dense,20000,32,0,262,0.001184819033369422,0.96795625,1.0,400000000,0,400000000,0.0,309166080000,0.06108940000012808,0.0,6541.43896484375
dense,20000,32,0,263,0.0011848222929984331,0.9679625,1.0,400000000,0,400000000,0.0,309166080000,0.06115300000055868,0.0,6541.43896484375
dense,20000,32,0,264,0.0011848151916638017,0.967965625,1.0,400000000,0,400000000,0.0,309166080000,0.061052299999573734,0.0,6541.43896484375
dense,20000,32,0,265,0.0011848004069179296,0.967971875,1.0,400000000,0,400000000,0.0,309166080000,0.06100220000007539,0.0,6541.43896484375
dense,20000,32,0,266,0.0011847919085994363,0.9679671875,1.0,400000000,0,400000000,0.0,309166080000,0.06084800000007817,0.0,6541.43896484375
dense,20000,32,0,267,0.0011847963323816657,0.96796875,1.0,400000000,0,400000000,0.0,309166080000,0.06095669999922393,0.0,6541.43896484375
dense,20000,32,0,268,0.0011848064605146646,0.9679625,1.0,400000000,0,400000000,0.0,309166080000,0.06106230000023061,0.0,6541.43896484375
dense,20000,32,0,269,0.0011848083231598139,0.967953125,1.0,400000000,0,400000000,0.0,309166080000,0.061069100000167964,0.0,6541.43896484375
dense,20000,32,0,270,0.0011847995920106769,0.967959375,1.0,400000000,0,400000000,0.0,309166080000,0.06103979999988951,0.0,6541.43896484375
dense,20000,32,0,271,0.0011847943533211946,0.967953125,1.0,400000000,0,400000000,0.0,309166080000,0.06121869999969931,0.0,6541.43896484375
dense,20000,32,0,272,0.0011848023859784007,0.967953125,1.0,400000000,0,400000000,0.0,309166080000,0.06102180000016233,0.0,6541.43896484375
dense,20000,32,0,273,0.0011848211288452148,0.96795,1.0,400000000,0,400000000,0.0,309166080000,0.06133529999988241,0.0,6541.43896484375
dense,20000,32,0,274,0.0011848362628370523,0.96795625,1.0,400000000,0,400000000,0.0,309166080000,0.06105740000020887,0.0,6541.43896484375
dense,20000,32,0,275,0.001184835797175765,0.96795,1.0,400000000,0,400000000,0.0,309166080000,0.06123100000058912,0.0,6541.43896484375
dense,20000,32,0,276,0.0011848221765831113,0.96795625,1.0,400000000,0,400000000,0.0,309166080000,0.06131120000009105,0.0,6541.43896484375
dense,20000,32,0,277,0.0011848080903291702,0.9679609375,1.0,400000000,0,400000000,0.0,309166080000,0.06096660000002885,0.0,6541.43896484375
dense,20000,32,0,278,0.0011848033173009753,0.9679609375,1.0,400000000,0,400000000,0.0,309166080000,0.06116519999977754,0.0,6541.43896484375
dense,20000,32,0,279,0.0011848016874864697,0.9679671875,1.0,400000000,0,400000000,0.0,309166080000,0.06083579999994981,0.0,6541.43896484375
dense,20000,32,0,280,0.0011847966816276312,0.967959375,1.0,400000000,0,400000000,0.0,309166080000,0.06091209999976854,0.0,6541.43896484375
dense,20000,32,0,281,0.0011847877176478505,0.967959375,1.0,400000000,0,400000000,0.0,309166080000,0.060852100000374776,0.0,6541.43896484375
dense,20000,32,0,282,0.0011847799178212881,0.9679578125,1.0,400000000,0,400000000,0.0,309166080000,0.061081300000296324,0.0,6541.43896484375
dense,20000,32,0,283,0.001184777356684208,0.9679578125,1.0,400000000,0,400000000,0.0,309166080000,0.061280200000510376,0.0,6541.43896484375
dense,20000,32,0,284,0.0011847802670672536,0.9679609375,1.0,400000000,0,400000000,0.0,309166080000,0.06108369999947172,0.0,6541.43896484375
dense,20000,32,0,285,0.0011847877176478505,0.9679515625,1.0,400000000,0,400000000,0.0,309166080000,0.060829300000477815,0.0,6541.43896484375
dense,20000,32,0,286,0.0011847979621961713,0.967953125,1.0,400000000,0,400000000,0.0,309166080000,0.06093349999991915,0.0,6541.43896484375
dense,20000,32,0,287,0.0011848068097606301,0.9679546875,1.0,400000000,0,400000000,0.0,309166080000,0.060850299999401614,0.0,6541.43896484375
dense,20000,32,0,288,0.0011848120484501123,0.9679578125,1.0,400000000,0,400000000,0.0,309166080000,0.060956399999668065,0.0,6541.43896484375
dense,20000,32,0,289,0.0011848151916638017,0.96795625,1.0,400000000,0,400000000,0.0,309166080000,0.0609294999994745,0.0,6541.43896484375
dense,20000,32,0,290,0.0011848134454339743,0.967959375,1.0,400000000,0,400000000,0.0,309166080000,0.06100960000003397,0.0,6541.43896484375
dense,20000,32,0,291,0.0011848044814541936,0.967959375,1.0,400000000,0,400000000,0.0,309166080000,0.06105639999987034,0.0,6541.43896484375
dense,20000,32,0,292,0.001184800174087286,0.9679578125,1.0,400000000,0,400000000,0.0,309166080000,0.061093000000255415,0.0,6541.43896484375
dense,20000,32,0,293,0.0011848071590065956,0.9679578125,1.0,400000000,0,400000000,0.0,309166080000,0.06098199999996723,0.0,6541.43896484375
dense,20000,32,0,294,0.0011848126305267215,0.96795625,1.0,400000000,0,400000000,0.0,309166080000,0.06084459999965475,0.0,6541.43896484375
dense,20000,32,0,295,0.0011848026188090444,0.96795625,1.0,400000000,0,400000000,0.0,309166080000,0.06091949999972712,0.0,6541.43896484375
dense,20000,32,0,296,0.0011847843416035175,0.9679546875,1.0,400000000,0,400000000,0.0,309166080000,0.06106790000012552,0.0,6541.43896484375
dense,20000,32,0,297,0.0011847743298858404,0.9679578125,1.0,400000000,0,400000000,0.0,309166080000,0.06098089999977674,0.0,6541.43896484375
dense,20000,32,0,298,0.0011847788700833917,0.967959375,1.0,400000000,0,400000000,0.0,309166080000,0.061043400000016845,0.0,6541.43896484375
dense,20000,32,0,299,0.0011847892310470343,0.9679578125,1.0,400000000,0,400000000,0.0,309166080000,0.06094970000049216,0.0,6541.43896484375
dense,20000,32,0,300,0.001184798195026815,0.96795625,1.0,400000000,0,400000000,0.0,309166080000,0.06098959999962972,0.0,6541.43896484375
dense,20000,32,0,301,0.0011848050635308027,0.9679578125,1.0,400000000,0,400000000,0.0,309166080000,0.06090349999976752,0.0,6541.43896484375
dense,20000,32,0,302,0.0011848091380670667,0.9679484375,1.0,400000000,0,400000000,0.0,309166080000,0.06092199999966397,0.0,6541.43896484375
dense,20000,32,0,303,0.0011848058784380555,0.96795625,1.0,400000000,0,400000000,0.0,309166080000,0.06101140000009764,0.0,6541.43896484375
dense,20000,32,0,304,0.0011847980786114931,0.9679484375,1.0,400000000,0,400000000,0.0,309166080000,0.06119380000018282,0.0,6541.43896484375
dense,20000,32,0,305,0.0011847966816276312,0.96795625,1.0,400000000,0,400000000,0.0,309166080000,0.061174299999947834,0.0,6541.43896484375
dense,20000,32,0,306,0.0011848070425912738,0.9679546875,1.0,400000000,0,400000000,0.0,309166080000,0.06078419999994367,0.0,6541.43896484375
dense,20000,32,0,307,0.001184821710921824,0.9679515625,1.0,400000000,0,400000000,0.0,309166080000,0.06076480000047013,0.0,6541.43896484375
dense,20000,32,0,308,0.0011848274152725935,0.967953125,1.0,400000000,0,400000000,0.0,309166080000,0.060919700000340526,0.0,6541.43896484375
dense,20000,32,0,309,0.0011848178692162037,0.967946875,1.0,400000000,0,400000000,0.0,309166080000,0.06139379999967787,0.0,6541.43896484375
dense,20000,32,0,310,0.0011847995920106769,0.9679578125,1.0,400000000,0,400000000,0.0,309166080000,0.061065400000188674,0.0,6541.43896484375
dense,20000,32,0,311,0.0011847858550027013,0.9679515625,1.0,400000000,0,400000000,0.0,309166080000,0.06108659999972588,0.0,6541.43896484375
dense,20000,32,0,312,0.001184787368401885,0.96795625,1.0,400000000,0,400000000,0.0,309166080000,0.06085679999978311,0.0,6541.43896484375
dense,20000,32,0,313,0.00118480424862355,0.967953125,1.0,400000000,0,400000000,0.0,309166080000,0.06086500000037631,0.0,6541.43896484375
dense,20000,32,0,314,0.0011848249705508351,0.9679546875,1.0,400000000,0,400000000,0.0,309166080000,0.0609959000003073,0.0,6541.43896484375
dense,20000,32,0,315,0.0011848323047161102,0.9679578125,1.0,400000000,0,400000000,0.0,309166080000,0.060865800000101444,0.0,6541.43896484375
dense,20000,32,0,316,0.0011848227586597204,0.96795625,1.0,400000000,0,400000000,0.0,309166080000,0.06087330000082147,0.0,6541.43896484375
dense,20000,32,0,317,0.0011848161229863763,0.9679578125,1.0,400000000,0,400000000,0.0,309166080000,0.06098099999962869,0.0,6541.43896484375
dense,20000,32,0,318,0.0011848313733935356,0.96795625,1.0,400000000,0,400000000,0.0,309166080000,0.061084300000402436,0.0,6541.43896484375
dense,20000,32,0,319,0.0011848602443933487,0.9679609375,1.0,400000000,0,400000000,0.0,309166080000,0.06130510000002687,0.0,6541.43896484375
dense,20000,32,0,320,0.001184877590276301,0.9679546875,1.0,400000000,0,400000000,0.0,309166080000,0.06105350000052567,0.0,6541.43896484375
dense,20000,32,0,321,0.0011848676949739456,0.9679625,1.0,400000000,0,400000000,0.0,309166080000,0.06105990000014572,0.0,6541.43896484375
dense,20000,32,0,322,0.001184839871712029,0.967959375,1.0,400000000,0,400000000,0.0,309166080000,0.06130039999970904,0.0,6541.43896484375
dense,20000,32,0,323,0.001184816937893629,0.9679578125,1.0,400000000,0,400000000,0.0,309166080000,0.06107080000037968,0.0,6541.43896484375
dense,20000,32,0,324,0.0011848141439259052,0.9679578125,1.0,400000000,0,400000000,0.0,309166080000,0.06136330000026646,0.0,6541.43896484375
dense,20000,32,0,325,0.0011848281137645245,0.96795625,1.0,400000000,0,400000000,0.0,309166080000,0.061028000000078464,0.0,6541.43896484375
dense,20000,32,0,326,0.0011848430149257183,0.967959375,1.0,400000000,0,400000000,0.0,309166080000,0.06122289999984787,0.0,6541.43896484375
dense,20000,32,0,327,0.001184843829832971,0.9679515625,1.0,400000000,0,400000000,0.0,309166080000,0.060776199999963865,0.0,6541.43896484375
dense,20000,32,0,328,0.0011848276481032372,0.96795625,1.0,400000000,0,400000000,0.0,309166080000,0.06091870000000199,0.0,6541.43896484375
dense,20000,32,0,329,0.0011848154244944453,0.9679515625,1.0,400000000,0,400000000,0.0,309166080000,0.06084629999986646,0.0,6541.43896484375
dense,20000,32,0,330,0.0011848238063976169,0.967959375,1.0,400000000,0,400000000,0.0,309166080000,0.061149699999987206,0.0,6541.43896484375
dense,20000,32,0,331,0.001184843946248293,0.967959375,1.0,400000000,0,400000000,0.0,309166080000,0.06108769999991637,0.0,6541.43896484375
dense,20000,32,0,332,0.001184853259474039,0.9679484375,1.0,400000000,0,400000000,0.0,309166080000,0.06106869999985065,0.0,6541.43896484375
dense,20000,32,0,333,0.0011848435970023274,0.967959375,1.0,400000000,0,400000000,0.0,309166080000,0.061075800000253366,0.0,6541.43896484375
dense,20000,32,0,334,0.0011848313733935356,0.9679484375,1.0,400000000,0,400000000,0.0,309166080000,0.06093529999998282,0.0,6541.43896484375
dense,20000,32,0,335,0.001184834516607225,0.9679515625,1.0,400000000,0,400000000,0.0,309166080000,0.06101680000028864,0.0,6541.43896484375
dense,20000,32,0,336,0.0011848503490909934,0.9679515625,1.0,400000000,0,400000000,0.0,309166080000,0.06076469999970868,0.0,6541.43896484375
dense,20000,32,0,337,0.0011848638532683253,0.9679515625,1.0,400000000,0,400000000,0.0,309166080000,0.06094599999960337,0.0,6541.43896484375
dense,20000,32,0,338,0.0011848657159134746,0.9679609375,1.0,400000000,0,400000000,0.0,309166080000,0.06102290000035282,0.0,6541.43896484375
dense,20000,32,0,339,0.0011848575668409467,0.96795,1.0,400000000,0,400000000,0.0,309166080000,0.061050999999679334,0.0,6541.43896484375
dense,20000,32,0,340,0.0011848462745547295,0.9679640625,1.0,400000000,0,400000000,0.0,309166080000,0.0611495000002833,0.0,6541.43896484375
dense,20000,32,0,341,0.0011848381254822016,0.96795,1.0,400000000,0,400000000,0.0,309166080000,0.06085309999980382,0.0,6541.43896484375
dense,20000,32,0,342,0.001184836495667696,0.9679671875,1.0,400000000,0,400000000,0.0,309166080000,0.06087810000008176,0.0,6541.43896484375
dense,20000,32,0,343,0.0011848403373733163,0.9679578125,1.0,400000000,0,400000000,0.0,309166080000,0.061078900000211434,0.0,6541.43896484375
dense,20000,32,0,344,0.0011848454596474767,0.96795625,1.0,400000000,0,400000000,0.0,309166080000,0.061231100000441074,0.0,6541.43896484375
dense,20000,32,0,345,0.001184847322292626,0.9679578125,1.0,400000000,0,400000000,0.0,309166080000,0.061162099999819475,0.0,6541.43896484375
dense,20000,32,0,346,0.0011848449939861894,0.96795625,1.0,400000000,0,400000000,0.0,309166080000,0.06083579999994981,0.0,6541.43896484375
dense,20000,32,0,347,0.0011848409194499254,0.96795625,1.0,400000000,0,400000000,0.0,309166080000,0.060849599999528436,0.0,6541.43896484375
dense,20000,32,0,348,0.0011848418507725,0.967959375,1.0,400000000,0,400000000,0.0,309166080000,0.060892400000739144,0.0,6541.43896484375
dense,20000,32,0,349,0.001184848602861166,0.96795,1.0,400000000,0,400000000,0.0,309166080000,0.06093760000021575,0.0,6541.43896484375
dense,20000,32,0,350,0.0011848548892885447,0.9679546875,1.0,400000000,0,400000000,0.0,309166080000,0.06098709999969287,0.0,6541.43896484375
dense,20000,32,0,351,0.0011848523281514645,0.9679578125,1.0,400000000,0,400000000,0.0,309166080000,0.061177999999927124,0.0,6541.43896484375
dense,20000,32,0,352,0.0011848418507725,0.96795625,1.0,400000000,0,400000000,0.0,309166080000,0.061015299999780837,0.0,6541.43896484375
dense,20000,32,0,353,0.0011848327703773975,0.9679578125,1.0,400000000,0,400000000,0.0,309166080000,0.061022800000500865,0.0,6541.43896484375
dense,20000,32,0,354,0.0011848310241475701,0.96795625,1.0,400000000,0,400000000,0.0,309166080000,0.061023799999929906,0.0,6541.43896484375
dense,20000,32,0,355,0.0011848362628370523,0.9679609375,1.0,400000000,0,400000000,0.0,309166080000,0.06094630000006873,0.0,6541.43896484375
dense,20000,32,0,356,0.0011848426656797528,0.9679578125,1.0,400000000,0,400000000,0.0,309166080000,0.060893400000168185,0.0,6541.43896484375
dense,20000,32,0,357,0.0011848465073853731,0.96795625,1.0,400000000,0,400000000,0.0,309166080000,0.060837699999865436,0.0,6541.43896484375
dense,20000,32,0,358,0.001184845925308764,0.9679515625,1.0,400000000,0,400000000,0.0,309166080000,0.06109749999995984,0.0,6541.43896484375
dense,20000,32,0,359,0.0011848418507725,0.96795,1.0,400000000,0,400000000,0.0,309166080000,0.06106499999987136,0.0,6541.43896484375
dense,20000,32,0,360,0.0011848402209579945,0.9679546875,1.0,400000000,0,400000000,0.0,309166080000,0.06104409999989002,0.0,6541.43896484375
dense,20000,32,0,361,0.0011848537251353264,0.96795,1.0,400000000,0,400000000,0.0,309166080000,0.06086520000008022,0.0,6541.43896484375
dense,20000,32,0,362,0.0011848839931190014,0.967953125,1.0,400000000,0,400000000,0.0,309166080000,0.06083979999948497,0.0,6541.43896484375
dense,20000,32,0,363,0.0011849174043163657,0.9679515625,1.0,400000000,0,400000000,0.0,309166080000,0.060885800000505697,0.0,6541.43896484375
dense,20000,32,0,364,0.0011849352158606052,0.9679515625,1.0,400000000,0,400000000,0.0,309166080000,0.06087129999923491,0.0,6541.43896484375
dense,20000,32,0,365,0.0011849309084936976,0.96795625,1.0,400000000,0,400000000,0.0,309166080000,0.06114580000030401,0.0,6541.43896484375
dense,20000,32,0,366,0.0011849150760099292,0.9679546875,1.0,400000000,0,400000000,0.0,309166080000,0.061316599999372556,0.0,6541.43896484375
dense,20000,32,0,367,0.0011849013390019536,0.9679609375,1.0,400000000,0,400000000,0.0,309166080000,0.06097760000011476,0.0,6541.43896484375
dense,20000,32,0,368,0.0011848924914374948,0.9679546875,1.0,400000000,0,400000000,0.0,309166080000,0.060934800000723044,0.0,6541.43896484375
dense,20000,32,0,369,0.0011848865542560816,0.9679625,1.0,400000000,0,400000000,0.0,309166080000,0.06100640000022395,0.0,6541.43896484375
dense,20000,32,0,370,0.0011848782887682319,0.9679609375,1.0,400000000,0,400000000,0.0,309166080000,0.0612873000000036,0.0,6541.43896484375
dense,20000,32,0,371,0.001184868160635233,0.9679578125,1.0,400000000,0,400000000,0.0,309166080000,0.06120620000001509,0.0,6541.43896484375
dense,20000,32,0,372,0.0011848602443933487,0.967953125,1.0,400000000,0,400000000,0.0,309166080000,0.06140159999995376,0.0,6541.43896484375
dense,20000,32,0,373,0.0011848612921312451,0.9679546875,1.0,400000000,0,400000000,0.0,309166080000,0.0609946000004129,0.0,6541.43896484375
dense,20000,32,0,374,0.001184871536679566,0.9679515625,1.0,400000000,0,400000000,0.0,309166080000,0.06144219999987399,0.0,6541.43896484375
dense,20000,32,0,375,0.0011848844587802887,0.9679578125,1.0,400000000,0,400000000,0.0,309166080000,0.060850800000480376,0.0,6541.43896484375
dense,20000,32,0,376,0.00118489027954638,0.9679484375,1.0,400000000,0,400000000,0.0,309166080000,0.06116520000068704,0.0,6541.43896484375
dense,20000,32,0,377,0.0011848850408568978,0.9679609375,1.0,400000000,0,400000000,0.0,309166080000,0.06088290000025154,0.0,6541.43896484375
dense,20000,32,0,378,0.0011848751455545425,0.96795625,1.0,400000000,0,400000000,0.0,309166080000,0.060755299999982526,0.0,6541.43896484375
dense,20000,32,0,379,0.001184871420264244,0.9679640625,1.0,400000000,0,400000000,0.0,309166080000,0.06101630000011937,0.0,6541.43896484375
dense,20000,32,0,380,0.0011848757276311517,0.967959375,1.0,400000000,0,400000000,0.0,309166080000,0.06103849999999511,0.0,6541.43896484375
dense,20000,32,0,381,0.0011848792200908065,0.967953125,1.0,400000000,0,400000000,0.0,309166080000,0.06105480000042007,0.0,6541.43896484375
dense,20000,32,0,382,0.001184874796308577,0.9679671875,1.0,400000000,0,400000000,0.0,309166080000,0.060904699999809964,0.0,6541.43896484375
dense,20000,32,0,383,0.0011848639696836472,0.9679453125,1.0,400000000,0,400000000,0.0,309166080000,0.06096380000053614,0.0,6541.43896484375
dense,20000,32,0,384,0.0011848522117361426,0.967965625,1.0,400000000,0,400000000,0.0,309166080000,0.060874300000250514,0.0,6541.43896484375
dense,20000,32,0,385,0.001184842549264431,0.96794375,1.0,400000000,0,400000000,0.0,309166080000,0.06090510000012728,0.0,6541.43896484375
dense,20000,32,0,386,0.001184837776236236,0.9679640625,1.0,400000000,0,400000000,0.0,309166080000,0.0610222999994221,0.0,6541.43896484375
dense,20000,32,0,387,0.001184835797175765,0.967953125,1.0,400000000,0,400000000,0.0,309166080000,0.06113290000030247,0.0,6541.43896484375
dense,20000,32,0,388,0.0011848346330225468,0.9679546875,1.0,400000000,0,400000000,0.0,309166080000,0.061168000000179745,0.0,6541.43896484375
dense,20000,32,0,389,0.0011848363792523742,0.9679578125,1.0,400000000,0,400000000,0.0,309166080000,0.06084770000052231,0.0,6541.43896484375
dense,20000,32,0,390,0.0011848475551232696,0.9679390625,1.0,400000000,0,400000000,0.0,309166080000,0.060938599999644794,0.0,6541.43896484375
dense,20000,32,0,391,0.0011848673457279801,0.9679625,1.0,400000000,0,400000000,0.0,309166080000,0.06095920000007027,0.0,6541.43896484375
dense,20000,32,0,392,0.0011848816648125648,0.967946875,1.0,400000000,0,400000000,0.0,309166080000,0.060877699999764445,0.0,6541.43896484375
dense,20000,32,0,393,0.001184882945381105,0.96795625,1.0,400000000,0,400000000,0.0,309166080000,0.061109100000066974,0.0,6541.43896484375
dense,20000,32,0,394,0.001184876193292439,0.96794375,1.0,400000000,0,400000000,0.0,309166080000,0.061137499999858846,0.0,6541.43896484375
dense,20000,32,0,395,0.001184868160635233,0.9679546875,1.0,400000000,0,400000000,0.0,309166080000,0.06096299999990151,0.0,6541.43896484375
dense,20000,32,0,396,0.001184858032502234,0.96795,1.0,400000000,0,400000000,0.0,309166080000,0.0609679999997752,0.0,6541.43896484375
dense,20000,32,0,397,0.001184847205877304,0.9679546875,1.0,400000000,0,400000000,0.0,309166080000,0.06115649999992456,0.0,6541.43896484375
dense,20000,32,0,398,0.0011848426656797528,0.9679546875,1.0,400000000,0,400000000,0.0,309166080000,0.060935499999686726,0.0,6541.43896484375
dense,20000,32,0,399,0.0011848465073853731,0.96795625,1.0,400000000,0,400000000,0.0,309166080000,0.060973599999670114,0.0,6541.43896484375
dense,20000,32,0,400,0.0011848537251353264,0.9679578125,1.0,400000000,0,400000000,0.0,309166080000,0.06106759999966016,0.0,6541.43896484375
dense,20000,32,0,401,0.0011848576832562685,0.9679484375,1.0,400000000,0,400000000,0.0,309166080000,0.06104700000014418,0.0,6541.43896484375
dense,20000,32,0,402,0.0011848576832562685,0.967959375,1.0,400000000,0,400000000,0.0,309166080000,0.061017099999844504,0.0,6541.43896484375
dense,20000,32,0,403,0.0011848588474094868,0.9679546875,1.0,400000000,0,400000000,0.0,309166080000,0.06082520000018121,0.0,6541.43896484375
dense,20000,32,0,404,0.0011848639696836472,0.9679625,1.0,400000000,0,400000000,0.0,309166080000,0.06091019999985292,0.0,6541.43896484375
dense,20000,32,0,405,0.001184873515740037,0.9679625,1.0,400000000,0,400000000,0.0,309166080000,0.06094370000027993,0.0,6541.43896484375
dense,20000,32,0,406,0.0011848859721794724,0.967959375,1.0,400000000,0,400000000,0.0,309166080000,0.060876700000335404,0.0,6541.43896484375
dense,20000,32,0,407,0.001184897031635046,0.9679640625,1.0,400000000,0,400000000,0.0,309166080000,0.06122120000054565,0.0,6541.43896484375
dense,20000,32,0,408,0.0011848967988044024,0.9679609375,1.0,400000000,0,400000000,0.0,309166080000,0.06105000000025029,0.0,6541.43896484375
dense,20000,32,0,409,0.0011848779395222664,0.967965625,1.0,400000000,0,400000000,0.0,309166080000,0.06102250000003551,0.0,6541.43896484375
dense,20000,32,0,410,0.0011848477879539132,0.967953125,1.0,400000000,0,400000000,0.0,309166080000,0.061282800000299176,0.0,6541.43896484375
dense,20000,32,0,411,0.0011848246213048697,0.967959375,1.0,400000000,0,400000000,0.0,309166080000,0.06088960000033694,0.0,6541.43896484375
dense,20000,32,0,412,0.001184824388474226,0.967953125,1.0,400000000,0,400000000,0.0,309166080000,0.06104300000060903,0.0,6541.43896484375
dense,20000,32,0,413,0.0011848484864458442,0.9679625,1.0,400000000,0,400000000,0.0,309166080000,0.06102409999948577,0.0,6541.43896484375
dense,20000,32,0,414,0.0011848845751956105,0.9679515625,1.0,400000000,0,400000000,0.0,309166080000,0.06110309999985475,0.0,6541.43896484375
dense,20000,32,0,415,0.0011849140282720327,0.96795625,1.0,400000000,0,400000000,0.0,309166080000,0.061096700000234705,0.0,6541.43896484375
dense,20000,32,0,416,0.0011849267175421119,0.967953125,1.0,400000000,0,400000000,0.0,309166080000,0.06086729999969975,0.0,6541.43896484375
dense,20000,32,0,417,0.001184927299618721,0.9679578125,1.0,400000000,0,400000000,0.0,309166080000,0.0608648000006724,0.0,6541.43896484375
dense,20000,32,0,418,0.0011849235743284225,0.96795625,1.0,400000000,0,400000000,0.0,309166080000,0.06123990000014601,0.0,6541.43896484375
dense,20000,32,0,419,0.0011849174043163657,0.9679546875,1.0,400000000,0,400000000,0.0,309166080000,0.06112750000011147,0.0,6541.43896484375
dense,20000,32,0,420,0.0011849079746752977,0.9679546875,1.0,400000000,0,400000000,0.0,309166080000,0.06142360000012559,0.0,6541.43896484375
dense,20000,32,0,421,0.001184899709187448,0.9679578125,1.0,400000000,0,400000000,0.0,309166080000,0.061431899999661255,0.0,6541.43896484375
dense,20000,32,0,422,0.0011848965659737587,0.9679546875,1.0,400000000,0,400000000,0.0,309166080000,0.06124889999955485,0.0,6541.43896484375
dense,20000,32,0,423,0.0011848981957882643,0.9679625,1.0,400000000,0,400000000,0.0,309166080000,0.06130399999983638,0.0,6541.43896484375
dense,20000,32,0,424,0.001184897730126977,0.9679515625,1.0,400000000,0,400000000,0.0,309166080000,0.06105200000001787,0.0,6541.43896484375
dense,20000,32,0,425,0.0011848908616229892,0.967959375,1.0,400000000,0,400000000,0.0,309166080000,0.06086779999986902,0.0,6541.43896484375
dense,20000,32,0,426,0.0011848805006593466,0.96795625,1.0,400000000,0,400000000,0.0,309166080000,0.06079849999969156,0.0,6541.43896484375
dense,20000,32,0,427,0.0011848744470626116,0.9679578125,1.0,400000000,0,400000000,0.0,309166080000,0.06082650000007561,0.0,6541.43896484375
dense,20000,32,0,428,0.0011848760768771172,0.967965625,1.0,400000000,0,400000000,0.0,309166080000,0.06119570000009844,0.0,6541.43896484375
dense,20000,32,0,429,0.0011848859721794724,0.9679546875,1.0,400000000,0,400000000,0.0,309166080000,0.061027499999909196,0.0,6541.43896484375
dense,20000,32,0,430,0.0011848998256027699,0.9679625,1.0,400000000,0,400000000,0.0,309166080000,0.060960000000704895,0.0,6541.43896484375
dense,20000,32,0,431,0.0011849120492115617,0.9679578125,1.0,400000000,0,400000000,0.0,309166080000,0.060824199999842676,0.0,6541.43896484375
dense,20000,32,0,432,0.001184922526590526,0.9679609375,1.0,400000000,0,400000000,0.0,309166080000,0.06085900000016409,0.0,6541.43896484375
dense,20000,32,0,433,0.0011849335860460997,0.9679515625,1.0,400000000,0,400000000,0.0,309166080000,0.061286899999686284,0.0,6541.43896484375
dense,20000,32,0,434,0.0011849498841911554,0.9679609375,1.0,400000000,0,400000000,0.0,309166080000,0.06088679999993474,0.0,6541.43896484375
dense,20000,32,0,435,0.001184971770271659,0.9679546875,1.0,400000000,0,400000000,0.0,309166080000,0.06159560000014608,0.0,6541.43896484375
dense,20000,32,0,436,0.0011849948205053806,0.967953125,1.0,400000000,0,400000000,0.0,309166080000,0.06106900000031601,0.0,6541.43896484375
dense,20000,32,0,437,0.0011850190348923206,0.9679546875,1.0,400000000,0,400000000,0.0,309166080000,0.0608142000000953,0.0,6541.43896484375
dense,20000,32,0,438,0.0011850475566461682,0.9679546875,1.0,400000000,0,400000000,0.0,309166080000,0.061037600000418024,0.0,6541.43896484375
dense,20000,32,0,439,0.0011850802693516016,0.9679484375,1.0,400000000,0,400000000,0.0,309166080000,0.060840800000733,0.0,6541.43896484375
dense,20000,32,0,440,0.001185108325444162,0.96795,1.0,400000000,0,400000000,0.0,309166080000,0.06101740000030986,0.0,6541.43896484375
dense,20000,32,0,441,0.0011851205490529537,0.967953125,1.0,400000000,0,400000000,0.0,309166080000,0.060897100000147475,0.0,6541.43896484375
dense,20000,32,0,442,0.0011851104209199548,0.9679578125,1.0,400000000,0,400000000,0.0,309166080000,0.06101120000039373,0.0,6541.43896484375
dense,20000,32,0,443,0.001185073284432292,0.967953125,1.0,400000000,0,400000000,0.0,309166080000,0.060884900000019115,0.0,6541.43896484375
dense,20000,32,0,444,0.0011850183364003897,0.9679546875,1.0,400000000,0,400000000,0.0,309166080000,0.06093899999996211,0.0,6541.43896484375
dense,20000,32,0,445,0.0011849704897031188,0.967953125,1.0,400000000,0,400000000,0.0,309166080000,0.06088910000016767,0.0,6541.43896484375
dense,20000,32,0,446,0.001184947555884719,0.967953125,1.0,400000000,0,400000000,0.0,309166080000,0.06088160000035714,0.0,6541.43896484375
dense,20000,32,0,447,0.0011849452275782824,0.9679578125,1.0,400000000,0,400000000,0.0,309166080000,0.06107700000029581,0.0,6541.43896484375
dense,20000,32,0,448,0.0011849483707919717,0.96795625,1.0,400000000,0,400000000,0.0,309166080000,0.06078020000040851,0.0,6541.43896484375
dense,20000,32,0,449,0.0011849466245621443,0.9679578125,1.0,400000000,0,400000000,0.0,309166080000,0.06111529999998311,0.0,6541.43896484375
dense,20000,32,0,450,0.0011849430156871676,0.967959375,1.0,400000000,0,400000000,0.0,309166080000,0.061015999999654014,0.0,6541.43896484375
dense,20000,32,0,451,0.0011849439470097423,0.9679609375,1.0,400000000,0,400000000,0.0,309166080000,0.06102000000009866,0.0,6541.43896484375
dense,20000,32,0,452,0.0011849419679492712,0.9679578125,1.0,400000000,0,400000000,0.0,309166080000,0.0610077999999703,0.0,6541.43896484375
dense,20000,32,0,453,0.0011849267175421119,0.9679578125,1.0,400000000,0,400000000,0.0,309166080000,0.06109320000086882,0.0,6541.43896484375
dense,20000,32,0,454,0.001184904365800321,0.967953125,1.0,400000000,0,400000000,0.0,309166080000,0.06112210000082996,0.0,6541.43896484375
dense,20000,32,0,455,0.0011848919093608856,0.9679515625,1.0,400000000,0,400000000,0.0,309166080000,0.06088910000016767,0.0,6541.43896484375
dense,20000,32,0,456,0.0011849001748487353,0.967953125,1.0,400000000,0,400000000,0.0,309166080000,0.06089289999999892,0.0,6541.43896484375
dense,20000,32,0,457,0.0011849220609292388,0.9679515625,1.0,400000000,0,400000000,0.0,309166080000,0.060833999999886146,0.0,6541.43896484375
dense,20000,32,0,458,0.001184942782856524,0.9679671875,1.0,400000000,0,400000000,0.0,309166080000,0.0608633000001646,0.0,6541.43896484375
dense,20000,32,0,459,0.001184953609481454,0.9679578125,1.0,400000000,0,400000000,0.0,309166080000,0.06117580000045564,0.0,6541.43896484375
dense,20000,32,0,460,0.0011849525617435575,0.9679609375,1.0,400000000,0,400000000,0.0,309166080000,0.06097349999981816,0.0,6541.43896484375
dense,20000,32,0,461,0.0011849445290863514,0.967946875,1.0,400000000,0,400000000,0.0,309166080000,0.06107189999966067,0.0,6541.43896484375
dense,20000,32,0,462,0.0011849356815218925,0.9679578125,1.0,400000000,0,400000000,0.0,309166080000,0.060813900000539434,0.0,6541.43896484375
dense,20000,32,0,463,0.001184931374154985,0.967953125,1.0,400000000,0,400000000,0.0,309166080000,0.06112669999947684,0.0,6541.43896484375
dense,20000,32,0,464,0.0011849277652800083,0.9679578125,1.0,400000000,0,400000000,0.0,309166080000,0.06107439999959752,0.0,6541.43896484375
dense,20000,32,0,465,0.0011849170550704002,0.967953125,1.0,400000000,0,400000000,0.0,309166080000,0.060875299999679555,0.0,6541.43896484375
dense,20000,32,0,466,0.0011848986614495516,0.96795625,1.0,400000000,0,400000000,0.0,309166080000,0.06076630000006844,0.0,6541.43896484375
dense,20000,32,0,467,0.0011848841095343232,0.967953125,1.0,400000000,0,400000000,0.0,309166080000,0.061054499999954714,0.0,6541.43896484375
dense,20000,32,0,468,0.0011848844587802887,0.9679546875,1.0,400000000,0,400000000,0.0,309166080000,0.06138629999986733,0.0,6541.43896484375
dense,20000,32,0,469,0.0011849002912640572,0.96795,1.0,400000000,0,400000000,0.0,309166080000,0.061323799999627226,0.0,6541.43896484375
dense,20000,32,0,470,0.0011849231086671352,0.9679578125,1.0,400000000,0,400000000,0.0,309166080000,0.06137449999914679,0.0,6541.43896484375
dense,20000,32,0,471,0.0011849456932395697,0.9679546875,1.0,400000000,0,400000000,0.0,309166080000,0.0610874000003605,0.0,6541.43896484375
dense,20000,32,0,472,0.001184966997243464,0.967959375,1.0,400000000,0,400000000,0.0,309166080000,0.0609825000001365,0.0,6541.43896484375
dense,20000,32,0,473,0.0011849836446344852,0.96795625,1.0,400000000,0,400000000,0.0,309166080000,0.06085279999933846,0.0,6541.43896484375
dense,20000,32,0,474,0.0011849889997392893,0.9679609375,1.0,400000000,0,400000000,0.0,309166080000,0.06096909999996569,0.0,6541.43896484375
dense,20000,32,0,475,0.0011849780566990376,0.9679515625,1.0,400000000,0,400000000,0.0,309166080000,0.06100349999996979,0.0,6541.43896484375
dense,20000,32,0,476,0.0011849578004330397,0.967953125,1.0,400000000,0,400000000,0.0,309166080000,0.06076089999987744,0.0,6541.43896484375
dense,20000,32,0,477,0.0011849446455016732,0.96795,1.0,400000000,0,400000000,0.0,309166080000,0.06108109999968292,0.0,6541.43896484375
dense,20000,32,0,478,0.0011849498841911554,0.967953125,1.0,400000000,0,400000000,0.0,309166080000,0.06083480000052077,0.0,6541.43896484375
dense,20000,32,0,479,0.0011849690927192569,0.9679453125,1.0,400000000,0,400000000,0.0,309166080000,0.06085150000035355,0.0,6541.43896484375
dense,20000,32,0,480,0.0011849872535094619,0.96795,1.0,400000000,0,400000000,0.0,309166080000,0.060849700000289886,0.0,6541.43896484375
dense,20000,32,0,481,0.001184989814646542,0.967946875,1.0,400000000,0,400000000,0.0,309166080000,0.06089030000021012,0.0,6541.43896484375
dense,20000,32,0,482,0.0011849720031023026,0.9679546875,1.0,400000000,0,400000000,0.0,309166080000,0.06100880000030884,0.0,6541.43896484375
dense,20000,32,0,483,0.0011849383590742946,0.967953125,1.0,400000000,0,400000000,0.0,309166080000,0.060900699999365315,0.0,6541.43896484375
dense,20000,32,0,484,0.0011849021539092064,0.96795,1.0,400000000,0,400000000,0.0,309166080000,0.06096590000015567,0.0,6541.43896484375
dense,20000,32,0,485,0.0011848752619698644,0.96795625,1.0,400000000,0,400000000,0.0,309166080000,0.06124180000006163,0.0,6541.43896484375
dense,20000,32,0,486,0.001184865483082831,0.9679546875,1.0,400000000,0,400000000,0.0,309166080000,0.0608607000003758,0.0,6541.43896484375
dense,20000,32,0,487,0.001184868742711842,0.9679625,1.0,400000000,0,400000000,0.0,309166080000,0.060812300000179675,0.0,6541.43896484375
dense,20000,32,0,488,0.0011848777066916227,0.96794375,1.0,400000000,0,400000000,0.0,309166080000,0.061008099999526166,0.0,6541.43896484375
dense,20000,32,0,489,0.0011848885333165526,0.9679578125,1.0,400000000,0,400000000,0.0,309166080000,0.06112860000030196,0.0,6541.43896484375
dense,20000,32,0,490,0.0011849001748487353,0.9679484375,1.0,400000000,0,400000000,0.0,309166080000,0.06110270000044693,0.0,6541.43896484375
dense,20000,32,0,491,0.0011849110014736652,0.9679578125,1.0,400000000,0,400000000,0.0,309166080000,0.06107380000048579,0.0,6541.43896484375
dense,20000,32,0,492,0.0011849194997921586,0.96795,1.0,400000000,0,400000000,0.0,309166080000,0.06088540000018838,0.0,6541.43896484375
dense,20000,32,0,493,0.0011849214788526297,0.9679546875,1.0,400000000,0,400000000,0.0,309166080000,0.06091310000010708,0.0,6541.43896484375
dense,20000,32,0,494,0.001184919266961515,0.9679515625,1.0,400000000,0,400000000,0.0,309166080000,0.060855699999592616,0.0,6541.43896484375
dense,20000,32,0,495,0.0011849162401631474,0.9679625,1.0,400000000,0,400000000,0.0,309166080000,0.06124499999987165,0.0,6541.43896484375
dense,20000,32,0,496,0.0011849167058244348,0.9679546875,1.0,400000000,0,400000000,0.0,309166080000,0.06097420000060083,0.0,6541.43896484375
dense,20000,32,0,497,0.001184923923574388,0.9679625,1.0,400000000,0,400000000,0.0,309166080000,0.060906900000190944,0.0,6541.43896484375
dense,20000,32,0,498,0.001184934633783996,0.9679515625,1.0,400000000,0,400000000,0.0,309166080000,0.06084759999976086,0.0,6541.43896484375
dense,20000,32,0,499,0.001184944761916995,0.96795625,1.0,400000000,0,400000000,0.0,309166080000,0.06089270000029501,0.0,6541.43896484375
dense,20000,32,0,500,0.0011849480215460062,0.9679484375,1.0,400000000,0,400000000,0.0,309166080000,0.06100250000054075,0.0,6541.43896484375
exact,20000,32,0,1,0.2291824370622635,0.083590625,1.0,640000,400000000,400640000,20000.0,53657600000,0.06558439999935217,0.016314299999976356,691.220703125
exact,20000,32,0,2,0.1883935183286667,0.0743453125,1.0,640000,400000000,400640000,20000.0,53657600000,0.021884300000238,0.01653749999968568,691.345703125
exact,20000,32,0,3,0.16583064198493958,0.064253125,1.0,640000,400000000,400640000,20000.0,53657600000,0.021561900000051537,0.01623120000022027,691.345703125
exact,20000,32,0,4,0.15367430448532104,0.055965625,1.0,640000,400000000,400640000,20000.0,53657600000,0.021883299999899464,0.016527599999790255,690.876953125
exact,20000,32,0,5,0.14689648151397705,0.049378125,1.0,640000,400000000,400640000,20000.0,53657600000,0.02155190000030416,0.01627080000071146,691.345703125
exact,20000,32,0,6,0.14238449931144714,0.04446875,1.0,640000,400000000,400640000,20000.0,53657600000,0.021545999999943888,0.016218599999774597,690.876953125
exact,20000,32,0,7,0.13869766891002655,0.0405375,1.0,640000,400000000,400640000,20000.0,53657600000,0.021725399999922956,0.016262099999948987,691.345703125
exact,20000,32,0,8,0.13535836338996887,0.0375234375,1.0,640000,400000000,400640000,20000.0,53657600000,0.02166800000031799,0.016239800000221294,691.345703125
exact,20000,32,0,9,0.13220685720443726,0.035190625,1.0,640000,400000000,400640000,20000.0,53657600000,0.021750500000052853,0.01627210000060586,691.345703125
exact,20000,32,0,10,0.1293676346540451,0.0333796875,1.0,640000,400000000,400640000,20000.0,53657600000,0.021900799999457377,0.01629739999953017,690.876953125
exact,20000,32,0,11,0.1268855631351471,0.0319171875,1.0,640000,400000000,400640000,20000.0,53657600000,0.023259200000211422,0.01629739999953017,691.345703125
exact,20000,32,0,12,0.1247575655579567,0.0309109375,1.0,640000,400000000,400640000,20000.0,53657600000,0.021859800000129326,0.01621629999954166,691.345703125
exact,20000,32,0,13,0.12290281802415848,0.029984375,1.0,640000,400000000,400640000,20000.0,53657600000,0.022091400000135764,0.01625659999990603,691.345703125
exact,20000,32,0,14,0.12123414874076843,0.0293140625,1.0,640000,400000000,400640000,20000.0,53657600000,0.021970199999486795,0.016223099999479018,690.876953125
exact,20000,32,0,15,0.11980877071619034,0.0288890625,1.0,640000,400000000,400640000,20000.0,53657600000,0.022079600000324717,0.016246299999693292,691.345703125
exact,20000,32,0,16,0.11861129105091095,0.028575,1.0,640000,400000000,400640000,20000.0,53657600000,0.022026200000254903,0.01623840000047494,691.345703125
exact,20000,32,0,17,0.11754583567380905,0.02833125,1.0,640000,400000000,400640000,20000.0,53657600000,0.022053499999856285,0.016254699999990407,691.345703125
exact,20000,32,0,18,0.11658986657857895,0.028321875,1.0,640000,400000000,400640000,20000.0,53657600000,0.02214079999976093,0.016274999999950523,690.876953125
exact,20000,32,0,19,0.11573351919651031,0.028309375,1.0,640000,400000000,400640000,20000.0,53657600000,0.02209099999981845,0.016238199999861536,691.345703125
exact,20000,32,0,20,0.11499834805727005,0.02835625,1.0,640000,400000000,400640000,20000.0,53657600000,0.022201400000085414,0.016275200000563927,691.345703125
exact,20000,32,0,21,0.11435665935277939,0.0285390625,1.0,640000,400000000,400640000,20000.0,53657600000,0.022289500000624685,0.01625369999965187,691.345703125
exact,20000,32,0,22,0.1138128861784935,0.0286390625,1.0,640000,400000000,400640000,20000.0,53657600000,0.0222963999995045,0.01625629999944067,690.876953125
exact,20000,32,0,23,0.11331737786531448,0.02884375,1.0,640000,400000000,400640000,20000.0,53657600000,0.02228130000003148,0.016249799999968673,691.345703125
exact,20000,32,0,24,0.11286938190460205,0.028978125,1.0,640000,400000000,400640000,20000.0,53657600000,0.022441000000071654,0.016329699999914737,691.345703125
exact,20000,32,0,25,0.11247257888317108,0.0291828125,1.0,640000,400000000,400640000,20000.0,53657600000,0.022741599999790196,0.016485199999806355,691.345703125
exact,20000,32,0,26,0.11212536692619324,0.02950625,1.0,640000,400000000,400640000,20000.0,53657600000,0.022731199999725504,0.016264500000033877,690.876953125
exact,20000,32,0,27,0.11180856823921204,0.0297984375,1.0,640000,400000000,400640000,20000.0,53657600000,0.02291629999945144,0.01649360000010347,691.345703125
exact,20000,32,0,28,0.11151502281427383,0.0302234375,1.0,640000,400000000,400640000,20000.0,53657600000,0.0228940999995757,0.016378399999666726,691.345703125
exact,20000,32,0,29,0.11125747859477997,0.0306578125,1.0,640000,400000000,400640000,20000.0,53657600000,0.022973300000558083,0.0164706000005026,691.345703125
exact,20000,32,0,30,0.11102885752916336,0.0310921875,1.0,640000,400000000,400640000,20000.0,53657600000,0.02281829999992624,0.01624710000032792,690.876953125
exact,20000,32,0,31,0.11082249134778976,0.031628125,1.0,640000,400000000,400640000,20000.0,53657600000,0.02316170000085549,0.016266800000266812,691.345703125
exact,20000,32,0,32,0.11063136905431747,0.0321734375,1.0,640000,400000000,400640000,20000.0,53657600000,0.02317369999946095,0.016502399999808404,691.345703125
exact,20000,32,0,33,0.11044923961162567,0.032734375,1.0,640000,400000000,400640000,20000.0,53657600000,0.023025400000733498,0.016376900000068417,691.345703125
exact,20000,32,0,34,0.1102902814745903,0.0333703125,1.0,640000,400000000,400640000,20000.0,53657600000,0.023277499999494466,0.01652060000014899,690.876953125
exact,20000,32,0,35,0.11014721542596817,0.0341234375,1.0,640000,400000000,400640000,20000.0,53657600000,0.023241500000040105,0.016562200000407756,691.345703125
exact,20000,32,0,36,0.11000701785087585,0.0348671875,1.0,640000,400000000,400640000,20000.0,53657600000,0.023200700000415964,0.01627120000011928,691.345703125
exact,20000,32,0,37,0.10986828058958054,0.0357671875,1.0,640000,400000000,400640000,20000.0,53657600000,0.02316149999933259,0.01649809999980789,691.345703125
exact,20000,32,0,38,0.10975334048271179,0.0367625,1.0,640000,400000000,400640000,20000.0,53657600000,0.0230042000002868,0.016238899999734713,690.876953125
exact,20000,32,0,39,0.10963277518749237,0.03784375,1.0,640000,400000000,400640000,20000.0,53657600000,0.023141499999837833,0.016514099999767495,691.345703125
exact,20000,32,0,40,0.10951904207468033,0.0390453125,1.0,640000,400000000,400640000,20000.0,53657600000,0.02301149999948393,0.01627619999999297,691.345703125
exact,20000,32,0,41,0.10940925031900406,0.0402703125,1.0,640000,400000000,400640000,20000.0,53657600000,0.023220600000058766,0.01653580000038346,691.345703125
exact,20000,32,0,42,0.10931225121021271,0.041575,1.0,640000,400000000,400640000,20000.0,53657600000,0.022800800000368326,0.016200000000026193,690.876953125
exact,20000,32,0,43,0.10921795666217804,0.0431328125,1.0,640000,400000000,400640000,20000.0,53657600000,0.022991300000285264,0.016239499999755935,691.345703125
exact,20000,32,0,44,0.10912954807281494,0.0447921875,1.0,640000,400000000,400640000,20000.0,53657600000,0.0228729000000385,0.016238000000157626,691.345703125
exact,20000,32,0,45,0.10903822630643845,0.0466796875,1.0,640000,400000000,400640000,20000.0,53657600000,0.022986500000115484,0.016226699999606353,691.345703125
exact,20000,32,0,46,0.1089448481798172,0.0487703125,1.0,640000,400000000,400640000,20000.0,53657600000,0.023344600000200444,0.016640799999549927,690.876953125
exact,20000,32,0,47,0.10884765535593033,0.05098125,1.0,640000,400000000,400640000,20000.0,53657600000,0.023224000000482192,0.016326699999808625,691.345703125
exact,20000,32,0,48,0.1087593138217926,0.0533296875,1.0,640000,400000000,400640000,20000.0,53657600000,0.022943199999645003,0.016273199999886856,691.345703125
exact,20000,32,0,49,0.10865925252437592,0.0560734375,1.0,640000,400000000,400640000,20000.0,53657600000,0.022823199999947974,0.016239300000052026,691.345703125
exact,20000,32,0,50,0.10856150835752487,0.0590875,1.0,640000,400000000,400640000,20000.0,53657600000,0.02290179999999964,0.016339400000106252,690.876953125
exact,20000,32,0,51,0.10845831036567688,0.06239375,1.0,640000,400000000,400640000,20000.0,53657600000,0.022901399999682326,0.016250200000285986,691.345703125
exact,20000,32,0,52,0.10834681987762451,0.066153125,1.0,640000,400000000,400640000,20000.0,53657600000,0.022759299999961513,0.016277200000331504,691.345703125
exact,20000,32,0,53,0.10822971910238266,0.07038125,1.0,640000,400000000,400640000,20000.0,53657600000,0.022793000000092434,0.016258399999969697,691.345703125
exact,20000,32,0,54,0.10809884965419769,0.0751546875,1.0,640000,400000000,400640000,20000.0,53657600000,0.02270109999972192,0.016257000000223343,690.876953125
exact,20000,32,0,55,0.10796048492193222,0.0805515625,1.0,640000,400000000,400640000,20000.0,53657600000,0.022644900000159396,0.016261300000223855,691.345703125
exact,20000,32,0,56,0.10780394077301025,0.086778125,1.0,640000,400000000,400640000,20000.0,53657600000,0.022550200000296172,0.01622990000032587,691.345703125
exact,20000,32,0,57,0.10761571675539017,0.09384375,1.0,640000,400000000,400640000,20000.0,53657600000,0.022541700000147102,0.016327499999533757,691.345703125
exact,20000,32,0,58,0.10740624368190765,0.1020421875,1.0,640000,400000000,400640000,20000.0,53657600000,0.022468999999546213,0.01623269999981858,690.876953125
exact,20000,32,0,59,0.10716564953327179,0.1117984375,1.0,640000,400000000,400640000,20000.0,53657600000,0.022369399999661255,0.016254699999990407,691.345703125
exact,20000,32,0,60,0.10686039924621582,0.1232171875,1.0,640000,400000000,400640000,20000.0,53657600000,0.02223130000038509,0.016240200000538607,691.345703125
exact,20000,32,0,61,0.10649648308753967,0.1367234375,1.0,640000,400000000,400640000,20000.0,53657600000,0.02211650000026566,0.016236700000263227,691.345703125
exact,20000,32,0,62,0.10603798925876617,0.1526265625,1.0,640000,400000000,400640000,20000.0,53657600000,0.02274550000038289,0.016964799999186653,690.876953125
exact,20000,32,0,63,0.10547231137752533,0.1713609375,1.0,640000,400000000,400640000,20000.0,53657600000,0.022041899999749148,0.016289400000459864,691.345703125
exact,20000,32,0,64,0.10475771129131317,0.19343125,1.0,640000,400000000,400640000,20000.0,53657600000,0.021942399999716145,0.016272099999696366,691.345703125
exact,20000,32,0,65,0.10383990406990051,0.2196578125,1.0,640000,400000000,400640000,20000.0,53657600000,0.021763699999610253,0.016257600000244565,691.345703125
exact,20000,32,0,66,0.1026892438530922,0.2498265625,1.0,640000,400000000,400640000,20000.0,53657600000,0.021778199999971548,0.016247499999735737,690.876953125
exact,20000,32,0,67,0.10124170035123825,0.28429375,1.0,640000,400000000,400640000,20000.0,53657600000,0.021623900000122376,0.016264899999441695,691.345703125
exact,20000,32,0,68,0.09948189556598663,0.321596875,1.0,640000,400000000,400640000,20000.0,53657600000,0.02153600000019651,0.01625880000028701,691.345703125
exact,20000,32,0,69,0.09734105318784714,0.360571875,1.0,640000,400000000,400640000,20000.0,53657600000,0.021395799999481824,0.016207399999984773,691.345703125
exact,20000,32,0,70,0.09481315314769745,0.39916875,1.0,640000,400000000,400640000,20000.0,53657600000,0.021458999999595108,0.016266700000414858,690.876953125
exact,20000,32,0,71,0.09189800173044205,0.43615625,1.0,640000,400000000,400640000,20000.0,53657600000,0.021318199999768694,0.01624589999937598,691.345703125
exact,20000,32,0,72,0.0886019840836525,0.4695125,1.0,640000,400000000,400640000,20000.0,53657600000,0.02149490000010701,0.016329499999301333,691.345703125
exact,20000,32,0,73,0.08492959290742874,0.4990734375,1.0,640000,400000000,400640000,20000.0,53657600000,0.021342799999729323,0.016257299999779207,691.345703125
exact,20000,32,0,74,0.08089569211006165,0.5248765625,1.0,640000,400000000,400640000,20000.0,53657600000,0.022316399999908754,0.017250699999749486,690.876953125
exact,20000,32,0,75,0.0765417218208313,0.5473796875,1.0,640000,400000000,400640000,20000.0,53657600000,0.021290200000294135,0.016280000000733708,691.345703125
exact,20000,32,0,76,0.07190298289060593,0.5666921875,1.0,640000,400000000,400640000,20000.0,53657600000,0.02153979999911826,0.016272800000479037,691.345703125
exact,20000,32,0,77,0.06709655374288559,0.583571875,1.0,640000,400000000,400640000,20000.0,53657600000,0.021231199999419914,0.01621160000013333,691.345703125
exact,20000,32,0,78,0.0622393973171711,0.598534375,1.0,640000,400000000,400640000,20000.0,53657600000,0.02159890000075393,0.016316100000040024,690.876953125
exact,20000,32,0,79,0.057475872337818146,0.6117546875,1.0,640000,400000000,400640000,20000.0,53657600000,0.021237899999505316,0.016225200000008044,691.345703125
exact,20000,32,0,80,0.05296683683991432,0.6241921875,1.0,640000,400000000,400640000,20000.0,53657600000,0.021304199999576667,0.016281300000628107,691.345703125
exact,20000,32,0,81,0.048811737447977066,0.635790625,1.0,640000,400000000,400640000,20000.0,53657600000,0.021633599999404396,0.016586499999903026,691.345703125
exact,20000,32,0,82,0.04505804926156998,0.647075,1.0,640000,400000000,400640000,20000.0,53657600000,0.021230299999842828,0.016256800000519434,690.876953125
exact,20000,32,0,83,0.0416986383497715,0.6585296875,1.0,640000,400000000,400640000,20000.0,53657600000,0.02127810000001773,0.016279299999951036,691.345703125
exact,20000,32,0,84,0.03870348259806633,0.6702796875,1.0,640000,400000000,400640000,20000.0,53657600000,0.021240600000055565,0.016262000000097032,691.345703125
exact,20000,32,0,85,0.036036182194948196,0.682059375,1.0,640000,400000000,400640000,20000.0,53657600000,0.02133510000021488,0.016236899999967136,691.345703125
exact,20000,32,0,86,0.033649787306785583,0.6936578125,1.0,640000,400000000,400640000,20000.0,53657600000,0.021239499999865075,0.016253300000244053,690.876953125
exact,20000,32,0,87,0.03148884326219559,0.7051921875,1.0,640000,400000000,400640000,20000.0,53657600000,0.0212493999997605,0.016249799999968673,691.345703125
exact,20000,32,0,88,0.02950924076139927,0.71699375,1.0,640000,400000000,400640000,20000.0,53657600000,0.021207699999649776,0.016257600000244565,691.345703125
exact,20000,32,0,89,0.027675678953528404,0.728078125,1.0,640000,400000000,400640000,20000.0,53657600000,0.02137289999973291,0.016265399999610963,691.345703125
exact,20000,32,0,90,0.02594384364783764,0.7394953125,1.0,640000,400000000,400640000,20000.0,53657600000,0.02132290000008652,0.016257100000075297,690.876953125
exact,20000,32,0,91,0.024262866005301476,0.7506234375,1.0,640000,400000000,400640000,20000.0,53657600000,0.02157569999963016,0.01651320000019041,691.345703125
exact,20000,32,0,92,0.02260758727788925,0.761646875,1.0,640000,400000000,400640000,20000.0,53657600000,0.02120950000062294,0.016212600000471866,691.345703125
exact,20000,32,0,93,0.020988311618566513,0.77258125,1.0,640000,400000000,400640000,20000.0,53657600000,0.021260200000142504,0.016206399999646237,691.345703125
exact,20000,32,0,94,0.01943005621433258,0.783390625,1.0,640000,400000000,400640000,20000.0,53657600000,0.021218400000179827,0.016249700000116718,690.876953125
exact,20000,32,0,95,0.01795124262571335,0.79385,1.0,640000,400000000,400640000,20000.0,53657600000,0.022117399999842746,0.017077299999982642,691.345703125
exact,20000,32,0,96,0.016556331887841225,0.8037703125,1.0,640000,400000000,400640000,20000.0,53657600000,0.021177800000259595,0.016203700000005483,691.345703125
exact,20000,32,0,97,0.015250515192747116,0.8129875,1.0,640000,400000000,400640000,20000.0,53657600000,0.021309699999619625,0.016269499999907566,691.345703125
exact,20000,32,0,98,0.01404243428260088,0.821875,1.0,640000,400000000,400640000,20000.0,53657600000,0.021239900000182388,0.01623620000009396,690.876953125
exact,20000,32,0,99,0.012934327125549316,0.8302171875,1.0,640000,400000000,400640000,20000.0,53657600000,0.02157119999992574,0.016248399999312824,691.345703125
exact,20000,32,0,100,0.011920936405658722,0.8377671875,1.0,640000,400000000,400640000,20000.0,53657600000,0.02123109999956796,0.016239999999925203,691.345703125
exact,20000,32,0,101,0.010997127741575241,0.8450640625,1.0,640000,400000000,400640000,20000.0,53657600000,0.02116810000006808,0.016238500000326894,691.345703125
exact,20000,32,0,102,0.010160105302929878,0.8514046875,1.0,640000,400000000,400640000,20000.0,53657600000,0.02129869999953371,0.01625770000009652,690.876953125
exact,20000,32,0,103,0.009406599216163158,0.857178125,1.0,640000,400000000,400640000,20000.0,53657600000,0.021193799999309704,0.01621439999962604,691.345703125
exact,20000,32,0,104,0.0087262112647295,0.862784375,1.0,640000,400000000,400640000,20000.0,53657600000,0.02123349999965285,0.016247800000201096,691.345703125
exact,20000,32,0,105,0.008101586252450943,0.868103125,1.0,640000,400000000,400640000,20000.0,53657600000,0.02121530000022176,0.01625080000030721,691.345703125
exact,20000,32,0,106,0.007516447454690933,0.873334375,1.0,640000,400000000,400640000,20000.0,53657600000,0.02120889999969222,0.016273900000669528,690.876953125
exact,20000,32,0,107,0.00696404417976737,0.8787015625,1.0,640000,400000000,400640000,20000.0,53657600000,0.02128510000056849,0.016257600000244565,691.345703125
exact,20000,32,0,108,0.006441574078053236,0.8835546875,1.0,640000,400000000,400640000,20000.0,53657600000,0.021677599999748054,0.016668499999468622,691.345703125
exact,20000,32,0,109,0.005940270144492388,0.88868125,1.0,640000,400000000,400640000,20000.0,53657600000,0.021245900000394613,0.01625889999922947,691.345703125
exact,20000,32,0,110,0.005447428673505783,0.8938921875,1.0,640000,400000000,400640000,20000.0,53657600000,0.021450799999911396,0.016483899999911955,690.876953125
exact,20000,32,0,111,0.004955822601914406,0.899975,1.0,640000,400000000,400640000,20000.0,53657600000,0.021363599999858707,0.016324600000189093,691.345703125
exact,20000,32,0,112,0.004472618922591209,0.9066390625,1.0,640000,400000000,400640000,20000.0,53657600000,0.02132069999970554,0.016261499999927764,691.345703125
exact,20000,32,0,113,0.004016695078462362,0.9135734375,1.0,640000,400000000,400640000,20000.0,53657600000,0.021485000000211585,0.016483399999742687,691.345703125
exact,20000,32,0,114,0.003607654944062233,0.9205859375,1.0,640000,400000000,400640000,20000.0,53657600000,0.02141810000011901,0.016191799999432988,690.876953125
exact,20000,32,0,115,0.0032577281817793846,0.9265203125,1.0,640000,400000000,400640000,20000.0,53657600000,0.021502699999473407,0.01648879999993369,691.345703125
exact,20000,32,0,116,0.0029680104926228523,0.9310046875,1.0,640000,400000000,400640000,20000.0,53657600000,0.021538899999541172,0.016492000000653206,691.345703125
exact,20000,32,0,117,0.002729634055867791,0.9339203125,1.0,640000,400000000,400640000,20000.0,53657600000,0.021451900000101887,0.01644419999956881,691.345703125
exact,20000,32,0,118,0.0025274152867496014,0.935746875,1.0,640000,400000000,400640000,20000.0,53657600000,0.021495999999388005,0.016453599999294966,690.876953125
exact,20000,32,0,119,0.0023458506911993027,0.93680625,1.0,640000,400000000,400640000,20000.0,53657600000,0.021329600000171922,0.016270600000098057,691.345703125
exact,20000,32,0,120,0.002174223540350795,0.9377859375,1.0,640000,400000000,400640000,20000.0,53657600000,0.021690100000341772,0.016710500000044703,691.345703125
exact,20000,32,0,121,0.0020076779183000326,0.93920625,1.0,640000,400000000,400640000,20000.0,53657600000,0.021249899999929767,0.016230300000643183,691.345703125
exact,20000,32,0,122,0.0018453176598995924,0.9409109375,1.0,640000,400000000,400640000,20000.0,53657600000,0.02147679999961838,0.01622490000045218,690.876953125
exact,20000,32,0,123,0.0016882674535736442,0.94289375,1.0,640000,400000000,400640000,20000.0,53657600000,0.021276399999806017,0.016244999999798893,691.345703125
exact,20000,32,0,124,0.0015389244072139263,0.9453625,1.0,640000,400000000,400640000,20000.0,53657600000,0.021440900000015972,0.016241500000433007,691.345703125
exact,20000,32,0,125,0.0014008532743901014,0.9481421875,1.0,640000,400000000,400640000,20000.0,53657600000,0.021279699999467994,0.01626719999967463,691.345703125
exact,20000,32,0,126,0.0012754376512020826,0.9505453125,1.0,640000,400000000,400640000,20000.0,53657600000,0.0214536000003136,0.01637269999991986,690.876953125
exact,20000,32,0,127,0.0011623939499258995,0.95311875,1.0,640000,400000000,400640000,20000.0,53657600000,0.02216130000033445,0.017168100000162667,691.345703125
exact,20000,32,0,128,0.0010602184338495135,0.9552140625,1.0,640000,400000000,400640000,20000.0,53657600000,0.02126250000037544,0.016268599999420985,691.345703125
exact,20000,32,0,129,0.0009678632486611605,0.95709375,1.0,640000,400000000,400640000,20000.0,53657600000,0.02119219999985944,0.016245200000412297,691.345703125
exact,20000,32,0,130,0.0008847488206811249,0.9586921875,1.0,640000,400000000,400640000,20000.0,53657600000,0.021306599999661557,0.01628309999978228,690.876953125
exact,20000,32,0,131,0.0008102195570245385,0.96009375,1.0,640000,400000000,400640000,20000.0,53657600000,0.021289299999807554,0.01624889999948209,691.345703125
exact,20000,32,0,132,0.0007435791776515543,0.96121875,1.0,640000,400000000,400640000,20000.0,53657600000,0.021268200000122306,0.0162532000003921,691.345703125
exact,20000,32,0,133,0.0006836042157374322,0.9623203125,1.0,640000,400000000,400640000,20000.0,53657600000,0.02128889999949024,0.01625160000003234,691.345703125
exact,20000,32,0,134,0.0006293192855082452,0.9632734375,1.0,640000,400000000,400640000,20000.0,53657600000,0.02121850000003178,0.016235399999459332,690.876953125
exact,20000,32,0,135,0.0005796781624667346,0.96429375,1.0,640000,400000000,400640000,20000.0,53657600000,0.021280999999362393,0.016263399999843386,691.345703125
exact,20000,32,0,136,0.0005340795032680035,0.9651796875,1.0,640000,400000000,400640000,20000.0,53657600000,0.02120409999952244,0.01621640000030311,691.345703125
exact,20000,32,0,137,0.0004919483908452094,0.9659890625,1.0,640000,400000000,400640000,20000.0,53657600000,0.02127829999972164,0.01623569999992469,691.345703125
exact,20000,32,0,138,0.0004529778962023556,0.9670421875,1.0,640000,400000000,400640000,20000.0,53657600000,0.02126640000005864,0.016211500000281376,690.876953125
exact,20000,32,0,139,0.00041708891512826085,0.9680015625,1.0,640000,400000000,400640000,20000.0,53657600000,0.02155179999954271,0.01628660000005766,691.345703125
exact,20000,32,0,140,0.0003841930301859975,0.9688546875,1.0,640000,400000000,400640000,20000.0,53657600000,0.021233399999800895,0.016251300000476476,691.345703125
exact,20000,32,0,141,0.00035449283313937485,0.9697515625,1.0,640000,400000000,400640000,20000.0,53657600000,0.02258010000059585,0.017413499999747728,691.345703125
exact,20000,32,0,142,0.00032793078571558,0.9704484375,1.0,640000,400000000,400640000,20000.0,53657600000,0.021251699999993434,0.016238000000157626,690.876953125
exact,20000,32,0,143,0.0003043243195861578,0.9710609375,1.0,640000,400000000,400640000,20000.0,53657600000,0.021192799999880663,0.016269099999590253,691.345703125
exact,20000,32,0,144,0.00028333673253655434,0.97155,1.0,640000,400000000,400640000,20000.0,53657600000,0.021235900000647234,0.016239499999755935,691.345703125
exact,20000,32,0,145,0.0002642240433488041,0.9719328125,1.0,640000,400000000,400640000,20000.0,53657600000,0.02215969999997469,0.016964900000857597,691.345703125
exact,20000,32,0,146,0.00024673627922311425,0.972359375,1.0,640000,400000000,400640000,20000.0,53657600000,0.021433400000205438,0.016468799999529438,690.876953125
exact,20000,32,0,147,0.0002309026604052633,0.9726671875,1.0,640000,400000000,400640000,20000.0,53657600000,0.021250400000099035,0.016294600000037462,691.345703125
exact,20000,32,0,148,0.0002167697821278125,0.973075,1.0,640000,400000000,400640000,20000.0,53657600000,0.021229099999800383,0.016231900000093447,691.345703125
exact,20000,32,0,149,0.0002042336855083704,0.9733546875,1.0,640000,400000000,400640000,20000.0,53657600000,0.021297100000083447,0.01623840000047494,691.345703125
exact,20000,32,0,150,0.00019295343372505158,0.97353125,1.0,640000,400000000,400640000,20000.0,53657600000,0.021172499999920547,0.016213900000366266,690.876953125
exact,20000,32,0,151,0.00018264692334923893,0.9738109375,1.0,640000,400000000,400640000,20000.0,53657600000,0.021280400000250665,0.016369500000109838,691.345703125
exact,20000,32,0,152,0.0001732514356262982,0.9739828125,1.0,640000,400000000,400640000,20000.0,53657600000,0.021209699999417353,0.01620309999998426,691.345703125
exact,20000,32,0,153,0.00016476538439746946,0.974246875,1.0,640000,400000000,400640000,20000.0,53657600000,0.021249700000225857,0.016249600000264763,691.345703125
exact,20000,32,0,154,0.00015724792319815606,0.9745,1.0,640000,400000000,400640000,20000.0,53657600000,0.021306300000105693,0.016254299999673094,690.876953125
exact,20000,32,0,155,0.0001505956897744909,0.974675,1.0,640000,400000000,400640000,20000.0,53657600000,0.021417000000838016,0.016241100000115694,691.345703125
exact,20000,32,0,156,0.00014460018428508192,0.9749125,1.0,640000,400000000,400640000,20000.0,53657600000,0.021230399999694782,0.016229699999712466,691.345703125
exact,20000,32,0,157,0.0001391442201565951,0.9751015625,1.0,640000,400000000,400640000,20000.0,53657600000,0.021220999999968626,0.01625049999984185,691.345703125
exact,20000,32,0,158,0.00013420710456557572,0.975278125,1.0,640000,400000000,400640000,20000.0,53657600000,0.02147930000046472,0.01650659999995696,690.876953125
exact,20000,32,0,159,0.00012980571773368865,0.97541875,1.0,640000,400000000,400640000,20000.0,53657600000,0.02125849999993079,0.016282399999909103,691.345703125
exact,20000,32,0,160,0.0001259529817616567,0.975553125,1.0,640000,400000000,400640000,20000.0,53657600000,0.02157729999998992,0.01650470000004134,691.345703125
exact,20000,32,0,161,0.00012243817036505789,0.9757671875,1.0,640000,400000000,400640000,20000.0,53657600000,0.021188099999562837,0.016238399999565445,691.345703125
exact,20000,32,0,162,0.0001192674390040338,0.9759359375,1.0,640000,400000000,400640000,20000.0,53657600000,0.021503199999642675,0.016492400000061025,690.876953125
exact,20000,32,0,163,0.00011651782551780343,0.9759390625,1.0,640000,400000000,400640000,20000.0,53657600000,0.021202800000537536,0.016245700000581564,691.345703125
exact,20000,32,0,164,0.0001140910098911263,0.976015625,1.0,640000,400000000,400640000,20000.0,53657600000,0.02155769999990298,0.016537700000299083,691.345703125
exact,20000,32,0,165,0.0001119860025937669,0.976140625,1.0,640000,400000000,400640000,20000.0,53657600000,0.021228599999631115,0.016261699999631674,691.345703125
exact,20000,32,0,166,0.00011011565948138013,0.9761328125,1.0,640000,400000000,400640000,20000.0,53657600000,0.021413200000097277,0.016236299999945913,690.876953125
exact,20000,32,0,167,0.0001084387258742936,0.9761828125,1.0,640000,400000000,400640000,20000.0,53657600000,0.021185700000387442,0.016231700000389537,691.345703125
exact,20000,32,0,168,0.0001069195568561554,0.976203125,1.0,640000,400000000,400640000,20000.0,53657600000,0.021260700000311772,0.01628939999955037,691.345703125
exact,20000,32,0,169,0.00010558719077380374,0.97619375,1.0,640000,400000000,400640000,20000.0,53657600000,0.021278700000038953,0.01628939999955037,691.345703125
exact,20000,32,0,170,0.00010436706361360848,0.97620625,1.0,640000,400000000,400640000,20000.0,53657600000,0.02120100000047387,0.016240100000686652,690.876953125
exact,20000,32,0,171,0.00010326484334655106,0.976296875,1.0,640000,400000000,400640000,20000.0,53657600000,0.02123420000043552,0.016259400000308233,691.345703125
exact,20000,32,0,172,0.00010227570601273328,0.976359375,1.0,640000,400000000,400640000,20000.0,53657600000,0.021179500000471307,0.01625609999973676,691.345703125
exact,20000,32,0,173,0.00010141439270228148,0.9764234375,1.0,640000,400000000,400640000,20000.0,53657600000,0.02127050000035524,0.01623730000028445,691.345703125
exact,20000,32,0,174,0.00010068870324175805,0.9764203125,1.0,640000,400000000,400640000,20000.0,53657600000,0.0212853000002724,0.01625439999952505,690.876953125
exact,20000,32,0,175,0.00010007162927649915,0.9764953125,1.0,640000,400000000,400640000,20000.0,53657600000,0.021268200000122306,0.016248799999630137,691.345703125
exact,20000,32,0,176,9.953167318599299e-05,0.9765203125,1.0,640000,400000000,400640000,20000.0,53657600000,0.021269699999720615,0.016255799999271403,691.345703125
exact,20000,32,0,177,9.906611376209185e-05,0.976575,1.0,640000,400000000,400640000,20000.0,53657600000,0.02135329999964597,0.016272900000330992,691.345703125
exact,20000,32,0,178,9.865080937743187e-05,0.976578125,1.0,640000,400000000,400640000,20000.0,53657600000,0.021216699999968114,0.01618869999947492,690.876953125
exact,20000,32,0,179,9.830358612816781e-05,0.9765140625,1.0,640000,400000000,400640000,20000.0,53657600000,0.0215952999997171,0.016623699999399832,691.345703125
exact,20000,32,0,180,9.799066901905462e-05,0.9765171875,1.0,640000,400000000,400640000,20000.0,53657600000,0.021241099999315338,0.016234800000347605,691.345703125
exact,20000,32,0,181,9.7699485195335e-05,0.976534375,1.0,640000,400000000,400640000,20000.0,53657600000,0.021225200000117184,0.016242599999714002,691.345703125
exact,20000,32,0,182,9.744747512741014e-05,0.976559375,1.0,640000,400000000,400640000,20000.0,53657600000,0.021280099999785307,0.016256800000519434,690.876953125
exact,20000,32,0,183,9.719916124595329e-05,0.9765609375,1.0,640000,400000000,400640000,20000.0,53657600000,0.02156699999977718,0.016574199999922712,691.345703125
exact,20000,32,0,184,9.700399095891044e-05,0.9765625,1.0,640000,400000000,400640000,20000.0,53657600000,0.021263900000121794,0.016263700000308745,691.345703125
exact,20000,32,0,185,9.683142707217485e-05,0.9765515625,1.0,640000,400000000,400640000,20000.0,53657600000,0.022042900000087684,0.01696500000070955,691.345703125
exact,20000,32,0,186,9.670564759289846e-05,0.976590625,1.0,640000,400000000,400640000,20000.0,53657600000,0.021154899999601184,0.01621160000013333,690.876953125
exact,20000,32,0,187,9.657328337198123e-05,0.976625,1.0,640000,400000000,400640000,20000.0,53657600000,0.021540099999583617,0.016528899999684654,691.345703125
exact,20000,32,0,188,9.646737453294918e-05,0.976675,1.0,640000,400000000,400640000,20000.0,53657600000,0.02128179999999702,0.016238000000157626,691.345703125
exact,20000,32,0,189,9.636601316742599e-05,0.97665,1.0,640000,400000000,400640000,20000.0,53657600000,0.021453700000165554,0.01646320000054402,691.345703125
exact,20000,32,0,190,9.627649706089869e-05,0.9766453125,1.0,640000,400000000,400640000,20000.0,53657600000,0.021189699999922595,0.016227499999331485,690.876953125
exact,20000,32,0,191,9.620187483960763e-05,0.9766875,1.0,640000,400000000,400640000,20000.0,53657600000,0.02140159999999014,0.016249499999503314,691.345703125
exact,20000,32,0,192,9.615191811462864e-05,0.97669375,1.0,640000,400000000,400640000,20000.0,53657600000,0.021466099999997823,0.016250200000285986,691.345703125
exact,20000,32,0,193,9.609093103790656e-05,0.976671875,1.0,640000,400000000,400640000,20000.0,53657600000,0.02118869999958406,0.016241500000433007,691.345703125
exact,20000,32,0,194,9.603527723811567e-05,0.9766828125,1.0,640000,400000000,400640000,20000.0,53657600000,0.021249700000225857,0.01625849999982165,690.876953125
exact,20000,32,0,195,9.599624900147319e-05,0.9766578125,1.0,640000,400000000,400640000,20000.0,53657600000,0.021265099999254744,0.016253900000265276,691.345703125
exact,20000,32,0,196,9.596909512765706e-05,0.9766375,1.0,640000,400000000,400640000,20000.0,53657600000,0.021285800000441668,0.016244800000094983,691.345703125
exact,20000,32,0,197,9.593617869541049e-05,0.9766640625,1.0,640000,400000000,400640000,20000.0,53657600000,0.021203700000114623,0.016232599999966624,691.345703125
exact,20000,32,0,198,9.591917478246614e-05,0.9766328125,1.0,640000,400000000,400640000,20000.0,53657600000,0.021252999999887834,0.01624660000015865,690.876953125
exact,20000,32,0,199,9.590755507815629e-05,0.9766609375,1.0,640000,400000000,400640000,20000.0,53657600000,0.02127920000020822,0.01628419999997277,691.345703125
exact,20000,32,0,200,9.590842819307e-05,0.976621875,1.0,640000,400000000,400640000,20000.0,53657600000,0.021504800000002433,0.016494200000124692,691.345703125
exact,20000,32,0,201,9.588993998477235e-05,0.976646875,1.0,640000,400000000,400640000,20000.0,53657600000,0.021576500000264787,0.01650659999995696,691.345703125
exact,20000,32,0,202,9.587123349774629e-05,0.976665625,1.0,640000,400000000,400640000,20000.0,53657600000,0.021271499999784282,0.016231700000389537,690.876953125
exact,20000,32,0,203,9.58443051786162e-05,0.9766578125,1.0,640000,400000000,400640000,20000.0,53657600000,0.021519500000067637,0.016279499999654945,691.345703125
exact,20000,32,0,204,9.581879567122087e-05,0.9766546875,1.0,640000,400000000,400640000,20000.0,53657600000,0.021295900000041,0.01630380000005971,691.345703125
exact,20000,32,0,205,9.581644553691149e-05,0.976653125,1.0,640000,400000000,400640000,20000.0,53657600000,0.021315199999662582,0.016282200000205194,691.345703125
exact,20000,32,0,206,9.579594188835472e-05,0.9766578125,1.0,640000,400000000,400640000,20000.0,53657600000,0.021526400000766444,0.016450300000542484,690.876953125
exact,20000,32,0,207,9.578547178534791e-05,0.9766765625,1.0,640000,400000000,400640000,20000.0,53657600000,0.02129659999991418,0.016238500000326894,691.345703125
exact,20000,32,0,208,9.578149911249056e-05,0.97666875,1.0,640000,400000000,400640000,20000.0,53657600000,0.022488300000077288,0.016502999999829626,691.345703125
exact,20000,32,0,209,9.577470336807892e-05,0.9766671875,1.0,640000,400000000,400640000,20000.0,53657600000,0.021250900000268302,0.01621770000019751,691.345703125
exact,20000,32,0,210,9.576642332831398e-05,0.9766546875,1.0,640000,400000000,400640000,20000.0,53657600000,0.021554400000241003,0.01649450000059005,690.876953125
exact,20000,32,0,211,9.575750300427899e-05,0.9766609375,1.0,640000,400000000,400640000,20000.0,53657600000,0.02123669999946287,0.016243699999904493,691.345703125
exact,20000,32,0,212,9.575084550306201e-05,0.9766640625,1.0,640000,400000000,400640000,20000.0,53657600000,0.02256909999960044,0.016325399999914225,691.345703125
exact,20000,32,0,213,9.574610157869756e-05,0.9766859375,1.0,640000,400000000,400640000,20000.0,53657600000,0.021260800000163727,0.016243199999735225,691.345703125
exact,20000,32,0,214,9.574754221830517e-05,0.976678125,1.0,640000,400000000,400640000,20000.0,53657600000,0.02128699999957462,0.0162782999996125,690.876953125
exact,20000,32,0,215,9.574661817168817e-05,0.9766921875,1.0,640000,400000000,400640000,20000.0,53657600000,0.021255399999972724,0.016246800000772055,691.345703125
exact,20000,32,0,216,9.574589785188437e-05,0.9766890625,1.0,640000,400000000,400640000,20000.0,53657600000,0.021650199999385222,0.016581899999437155,691.345703125
exact,20000,32,0,217,9.574103023624048e-05,0.9766703125,1.0,640000,400000000,400640000,20000.0,53657600000,0.021328799999537296,0.01624919999994745,691.345703125
exact,20000,32,0,218,9.573913121130317e-05,0.9766703125,1.0,640000,400000000,400640000,20000.0,53657600000,0.021175200000470795,0.016231500000685628,690.876953125
exact,20000,32,0,219,9.573462011758238e-05,0.976665625,1.0,640000,400000000,400640000,20000.0,53657600000,0.02122380000037083,0.016264699999737786,691.345703125
exact,20000,32,0,220,9.573886200087145e-05,0.976659375,1.0,640000,400000000,400640000,20000.0,53657600000,0.021682099999452475,0.016592099999797938,691.345703125
exact,20000,32,0,221,9.573657007422298e-05,0.9766671875,1.0,640000,400000000,400640000,20000.0,53657600000,0.021328799999537296,0.01623470000049565,691.345703125
exact,20000,32,0,222,9.573044371791184e-05,0.976665625,1.0,640000,400000000,400640000,20000.0,53657600000,0.021216199999798846,0.01626829999986512,690.876953125
exact,20000,32,0,223,9.572193084750324e-05,0.9766609375,1.0,640000,400000000,400640000,20000.0,53657600000,0.02193040000020119,0.016856299999744806,691.345703125
exact,20000,32,0,224,9.572436101734638e-05,0.9766734375,1.0,640000,400000000,400640000,20000.0,53657600000,0.021273000000292086,0.0162586000005831,691.345703125
exact,20000,32,0,225,9.572973067406565e-05,0.976665625,1.0,640000,400000000,400640000,20000.0,53657600000,0.021616399999402347,0.01660630000060337,691.345703125
exact,20000,32,0,226,9.572643466526642e-05,0.9766515625,1.0,640000,400000000,400640000,20000.0,53657600000,0.021208600000136357,0.0162493000007089,690.876953125
exact,20000,32,0,227,9.572459384799004e-05,0.9766453125,1.0,640000,400000000,400640000,20000.0,53657600000,0.02208950000022014,0.01698240000041551,691.345703125
exact,20000,32,0,228,9.57219599513337e-05,0.9766640625,1.0,640000,400000000,400640000,20000.0,53657600000,0.021229500000117696,0.016202400000111084,691.345703125
exact,20000,32,0,229,9.572639100952074e-05,0.9766734375,1.0,640000,400000000,400640000,20000.0,53657600000,0.02193840000018099,0.016887300000234973,691.345703125
exact,20000,32,0,230,9.572419367032126e-05,0.9766796875,1.0,640000,400000000,400640000,20000.0,53657600000,0.02123589999973774,0.01629869999942457,690.876953125
exact,20000,32,0,231,9.57157026277855e-05,0.976678125,1.0,640000,400000000,400640000,20000.0,53657600000,0.02122380000037083,0.016229500000008557,691.345703125
exact,20000,32,0,232,9.570499241817743e-05,0.976678125,1.0,640000,400000000,400640000,20000.0,53657600000,0.021202599999924132,0.01623609999933251,691.345703125
exact,20000,32,0,233,9.570438851369545e-05,0.976671875,1.0,640000,400000000,400640000,20000.0,53657600000,0.021251199999824166,0.01624050000009447,691.345703125
exact,20000,32,0,234,9.571116970619187e-05,0.9766609375,1.0,640000,400000000,400640000,20000.0,53657600000,0.02126010000029055,0.01621290000002773,690.876953125
exact,20000,32,0,235,9.571055124979466e-05,0.9766703125,1.0,640000,400000000,400640000,20000.0,53657600000,0.021756400000413123,0.016277400000035414,691.345703125
exact,20000,32,0,236,9.570726251695305e-05,0.976678125,1.0,640000,400000000,400640000,20000.0,53657600000,0.02122220000001107,0.016232299999501265,691.345703125
exact,20000,32,0,237,9.570158727001399e-05,0.976675,1.0,640000,400000000,400640000,20000.0,53657600000,0.0212390000006053,0.016229300000304647,691.345703125
exact,20000,32,0,238,9.56997464527376e-05,0.9766796875,1.0,640000,400000000,400640000,20000.0,53657600000,0.0227482999998756,0.017451900000196474,690.876953125
exact,20000,32,0,239,9.57008232944645e-05,0.9766734375,1.0,640000,400000000,400640000,20000.0,53657600000,0.02129019999938464,0.016276899999866146,691.345703125
exact,20000,32,0,240,9.569763642502949e-05,0.9766703125,1.0,640000,400000000,400640000,20000.0,53657600000,0.021282300000166288,0.016240200000538607,691.345703125
exact,20000,32,0,241,9.570224938215688e-05,0.97666875,1.0,640000,400000000,400640000,20000.0,53657600000,0.021205799999734154,0.01625770000009652,691.345703125
exact,20000,32,0,242,9.570435213390738e-05,0.9766703125,1.0,640000,400000000,400640000,20000.0,53657600000,0.02129289999993489,0.016245400000116206,690.876953125
exact,20000,32,0,243,9.570416295900941e-05,0.97666875,1.0,640000,400000000,400640000,20000.0,53657600000,0.021201599999585596,0.01621660000000702,691.345703125
exact,20000,32,0,244,9.570413385517895e-05,0.9766703125,1.0,640000,400000000,400640000,20000.0,53657600000,0.02123699999992823,0.016265700000076322,691.345703125
exact,20000,32,0,245,9.570821566740051e-05,0.97666875,1.0,640000,400000000,400640000,20000.0,53657600000,0.021273800000017218,0.01627139999982319,691.345703125
exact,20000,32,0,246,9.570418478688225e-05,0.976675,1.0,640000,400000000,400640000,20000.0,53657600000,0.021228200000223296,0.016258700000435056,690.876953125
exact,20000,32,0,247,9.570738620823249e-05,0.976678125,1.0,640000,400000000,400640000,20000.0,53657600000,0.021168999999645166,0.016237400000136404,691.345703125
exact,20000,32,0,248,9.570851398166269e-05,0.9766671875,1.0,640000,400000000,400640000,20000.0,53657600000,0.02153950000047189,0.016483199999129283,691.345703125
exact,20000,32,0,249,9.570399561198428e-05,0.976675,1.0,640000,400000000,400640000,20000.0,53657600000,0.021267400000397174,0.01623920000020007,691.345703125
exact,20000,32,0,250,9.570132533553988e-05,0.976675,1.0,640000,400000000,400640000,20000.0,53657600000,0.021491299999979674,0.0164850999999544,690.876953125
exact,20000,32,0,251,9.569833491696045e-05,0.9766671875,1.0,640000,400000000,400640000,20000.0,53657600000,0.021254200000839774,0.016281700000035926,691.345703125
exact,20000,32,0,252,9.569535905029625e-05,0.9766765625,1.0,640000,400000000,400640000,20000.0,53657600000,0.021559600000728096,0.016477199999826553,691.345703125
exact,20000,32,0,253,9.56947187660262e-05,0.9766765625,1.0,640000,400000000,400640000,20000.0,53657600000,0.021304800000507385,0.01626829999986512,691.345703125
exact,20000,32,0,254,9.56975927692838e-05,0.976675,1.0,640000,400000000,400640000,20000.0,53657600000,0.0213434999996025,0.016248599999926228,690.876953125
exact,20000,32,0,255,9.56949734245427e-05,0.9766765625,1.0,640000,400000000,400640000,20000.0,53657600000,0.02129960000002029,0.016326500000104716,691.345703125
exact,20000,32,0,256,9.569453686708584e-05,0.9766765625,1.0,640000,400000000,400640000,20000.0,53657600000,0.021159500000067055,0.016215200000260666,691.345703125
exact,20000,32,0,257,9.569356188876554e-05,0.9766765625,1.0,640000,400000000,400640000,20000.0,53657600000,0.021290299999236595,0.016259699999864097,691.345703125
exact,20000,32,0,258,9.56961011979729e-05,0.97666875,1.0,640000,400000000,400640000,20000.0,53657600000,0.02123829999982263,0.01623380000000907,690.876953125
exact,20000,32,0,259,9.569890971761197e-05,0.976671875,1.0,640000,400000000,400640000,20000.0,53657600000,0.021249600000373903,0.016311399999722198,691.345703125
exact,20000,32,0,260,9.569941175868735e-05,0.9766734375,1.0,640000,400000000,400640000,20000.0,53657600000,0.021246399999654386,0.016280799999549345,691.345703125
exact,20000,32,0,261,9.570347174303606e-05,0.9766671875,1.0,640000,400000000,400640000,20000.0,53657600000,0.021287999999913154,0.016222799999923154,691.345703125
exact,20000,32,0,262,9.569888788973913e-05,0.97666875,1.0,640000,400000000,400640000,20000.0,53657600000,0.02126869999938208,0.016259800000625546,690.876953125
exact,20000,32,0,263,9.570422116667032e-05,0.9766765625,1.0,640000,400000000,400640000,20000.0,53657600000,0.02127840000048309,0.016294500000185508,691.345703125
exact,20000,32,0,264,9.57013908191584e-05,0.9766828125,1.0,640000,400000000,400640000,20000.0,53657600000,0.021177200000238372,0.016216399999393616,691.345703125
exact,20000,32,0,265,9.569927351549268e-05,0.9766796875,1.0,640000,400000000,400640000,20000.0,53657600000,0.021381399999881978,0.01628400000026886,691.345703125
exact,20000,32,0,266,9.570300608174875e-05,0.9766734375,1.0,640000,400000000,400640000,20000.0,53657600000,0.021484800000507676,0.01650599999993574,690.876953125
exact,20000,32,0,267,9.569808025844395e-05,0.9766828125,1.0,640000,400000000,400640000,20000.0,53657600000,0.021714100000281178,0.01644800000030955,691.345703125
exact,20000,32,0,268,9.569821122568101e-05,0.9766875,1.0,640000,400000000,400640000,20000.0,53657600000,0.02115490000051068,0.01623010000002978,691.345703125
exact,20000,32,0,269,9.570263500791043e-05,0.9766828125,1.0,640000,400000000,400640000,20000.0,53657600000,0.02122490000056132,0.01621389999945677,691.345703125
exact,20000,32,0,270,9.5700568635948e-05,0.976678125,1.0,640000,400000000,400640000,20000.0,53657600000,0.021301300000232004,0.016300499999488238,690.876953125
exact,20000,32,0,271,9.569583926349878e-05,0.976675,1.0,640000,400000000,400640000,20000.0,53657600000,0.021560499999395688,0.016528899999684654,691.345703125
exact,20000,32,0,272,9.570013207849115e-05,0.97666875,1.0,640000,400000000,400640000,20000.0,53657600000,0.02115830000002461,0.016243600000052538,691.345703125
exact,20000,32,0,273,9.569658868713304e-05,0.9766671875,1.0,640000,400000000,400640000,20000.0,53657600000,0.021506300000510237,0.016520300000593124,691.345703125
exact,20000,32,0,274,9.570075053488836e-05,0.9766671875,1.0,640000,400000000,400640000,20000.0,53657600000,0.021220799999355222,0.01622029999998631,690.876953125
exact,20000,32,0,275,9.570438851369545e-05,0.97666875,1.0,640000,400000000,400640000,20000.0,53657600000,0.021537599999646773,0.0164943999998286,691.345703125
exact,20000,32,0,276,9.570232941769063e-05,0.9766734375,1.0,640000,400000000,400640000,20000.0,53657600000,0.02121400000032736,0.016239600000517385,691.345703125
exact,20000,32,0,277,9.56958465394564e-05,0.9766703125,1.0,640000,400000000,400640000,20000.0,53657600000,0.022584700000152225,0.01631210000050487,691.345703125
exact,20000,32,0,278,9.569412213750184e-05,0.976665625,1.0,640000,400000000,400640000,20000.0,53657600000,0.021206399999755376,0.016212399999858462,690.876953125
exact,20000,32,0,279,9.570360271027312e-05,0.9766609375,1.0,640000,400000000,400640000,20000.0,53657600000,0.021268399999826215,0.016247599999587692,691.345703125
exact,20000,32,0,280,9.57028241828084e-05,0.9766609375,1.0,640000,400000000,400640000,20000.0,53657600000,0.0212535000000571,0.016221900000346068,691.345703125
exact,20000,32,0,281,9.56958974711597e-05,0.976671875,1.0,640000,400000000,400640000,20000.0,53657600000,0.02129519999925833,0.016322699999363977,691.345703125
exact,20000,32,0,282,9.569530084263533e-05,0.9766734375,1.0,640000,400000000,400640000,20000.0,53657600000,0.02125309999973979,0.016231499999776133,690.876953125
exact,20000,32,0,283,9.569591929903254e-05,0.976678125,1.0,640000,400000000,400640000,20000.0,53657600000,0.02130620000025374,0.016275799999675655,691.345703125
exact,20000,32,0,284,9.570358088240027e-05,0.97668125,1.0,640000,400000000,400640000,20000.0,53657600000,0.021173199999793724,0.01620699999966746,691.345703125
exact,20000,32,0,285,9.569981921231374e-05,0.9766734375,1.0,640000,400000000,400640000,20000.0,53657600000,0.02130680000027496,0.016259899999568006,691.345703125
exact,20000,32,0,286,9.569730173097923e-05,0.976671875,1.0,640000,400000000,400640000,20000.0,53657600000,0.021242499999971187,0.016227499999331485,690.876953125
exact,20000,32,0,287,9.569476242177188e-05,0.976671875,1.0,640000,400000000,400640000,20000.0,53657600000,0.02120519999971293,0.016237200000432495,691.345703125
exact,20000,32,0,288,9.570234396960586e-05,0.9766765625,1.0,640000,400000000,400640000,20000.0,53657600000,0.02169170000070153,0.01670300000023417,691.345703125
exact,20000,32,0,289,9.570628026267514e-05,0.97666875,1.0,640000,400000000,400640000,20000.0,53657600000,0.021409699999821896,0.016434899999694608,691.345703125
exact,20000,32,0,290,9.569878602633253e-05,0.976671875,1.0,640000,400000000,400640000,20000.0,53657600000,0.021278000000165775,0.016216699999858974,690.876953125
exact,20000,32,0,291,9.569785470375791e-05,0.976665625,1.0,640000,400000000,400640000,20000.0,53657600000,0.02140549999967334,0.016235600000072736,691.345703125
exact,20000,32,0,292,9.569568646838889e-05,0.9766671875,1.0,640000,400000000,400640000,20000.0,53657600000,0.021912700000029872,0.016962300000159303,691.345703125
exact,20000,32,0,293,9.57030279096216e-05,0.9766734375,1.0,640000,400000000,400640000,20000.0,53657600000,0.02135169999928621,0.016316299999743933,691.345703125
exact,20000,32,0,294,9.570108522893861e-05,0.976665625,1.0,640000,400000000,400640000,20000.0,53657600000,0.02198240000052465,0.016886800000065705,690.876953125
exact,20000,32,0,295,9.57002630457282e-05,0.9766640625,1.0,640000,400000000,400640000,20000.0,53657600000,0.021367999999711174,0.016249899999820627,691.345703125
exact,20000,32,0,296,9.569442772772163e-05,0.9766671875,1.0,640000,400000000,400640000,20000.0,53657600000,0.02256390000002284,0.017089199999645643,691.345703125
exact,20000,32,0,297,9.57019510678947e-05,0.9766671875,1.0,640000,400000000,400640000,20000.0,53657600000,0.02318009999999049,0.018174800000451796,691.345703125
exact,20000,32,0,298,9.569717076374218e-05,0.976671875,1.0,640000,400000000,400640000,20000.0,53657600000,0.021912399999564514,0.01686040000004141,690.876953125
exact,20000,32,0,299,9.57029769779183e-05,0.9766671875,1.0,640000,400000000,400640000,20000.0,53657600000,0.021470599999702245,0.016493800000716874,691.345703125
exact,20000,32,0,300,9.569952089805156e-05,0.9766671875,1.0,640000,400000000,400640000,20000.0,53657600000,0.02221000000008644,0.017133400000602705,691.345703125
exact,20000,32,0,301,9.569539543008432e-05,0.9766703125,1.0,640000,400000000,400640000,20000.0,53657600000,0.022319400000014866,0.01734299999952782,691.345703125
exact,20000,32,0,302,9.569931717123836e-05,0.976675,1.0,640000,400000000,400640000,20000.0,53657600000,0.02228370000011637,0.016741299999921466,690.876953125
exact,20000,32,0,303,9.569667599862441e-05,0.976675,1.0,640000,400000000,400640000,20000.0,53657600000,0.021369300000515068,0.016263299999991432,691.345703125
exact,20000,32,0,304,9.569793473929167e-05,0.9766765625,1.0,640000,400000000,400640000,20000.0,53657600000,0.02197829999931855,0.01622470000074827,691.345703125
exact,20000,32,0,305,9.570450492901728e-05,0.976671875,1.0,640000,400000000,400640000,20000.0,53657600000,0.021295200000167824,0.016320199999427132,691.345703125
exact,20000,32,0,306,9.569682879373431e-05,0.976671875,1.0,640000,400000000,400640000,20000.0,53657600000,0.02122959999996965,0.01623860000017885,690.876953125
exact,20000,32,0,307,9.569565008860081e-05,0.9766671875,1.0,640000,400000000,400640000,20000.0,53657600000,0.02119570000013482,0.016240299999481067,691.345703125
exact,20000,32,0,308,9.570328256813809e-05,0.9766703125,1.0,640000,400000000,400640000,20000.0,53657600000,0.021219100000053004,0.016227299999627576,691.345703125
exact,20000,32,0,309,9.569797111907974e-05,0.976675,1.0,640000,400000000,400640000,20000.0,53657600000,0.021272599999974773,0.01625809999950434,691.345703125
exact,20000,32,0,310,9.569735266268253e-05,0.976675,1.0,640000,400000000,400640000,20000.0,53657600000,0.02119070000026113,0.016238000000157626,690.876953125
exact,20000,32,0,311,9.570530528435484e-05,0.9766640625,1.0,640000,400000000,400640000,20000.0,53657600000,0.021258199999465432,0.016275400000267837,691.345703125
exact,20000,32,0,312,9.569672693032771e-05,0.9766671875,1.0,640000,400000000,400640000,20000.0,53657600000,0.021907899999860092,0.0167715000006865,691.345703125
exact,20000,32,0,313,9.569789108354598e-05,0.976671875,1.0,640000,400000000,400640000,20000.0,53657600000,0.02123470000060479,0.016229500000008557,691.345703125
exact,20000,32,0,314,9.570085239829496e-05,0.9766734375,1.0,640000,400000000,400640000,20000.0,53657600000,0.021184700000048906,0.016218300000218733,690.876953125
exact,20000,32,0,315,9.570000838721171e-05,0.9766703125,1.0,640000,400000000,400640000,20000.0,53657600000,0.02119849999962753,0.016206899999815505,691.345703125
exact,20000,32,0,316,9.569757821736857e-05,0.976665625,1.0,640000,400000000,400640000,20000.0,53657600000,0.021211700000094424,0.016215099999499216,691.345703125
exact,20000,32,0,317,9.570291149429977e-05,0.9766640625,1.0,640000,400000000,400640000,20000.0,53657600000,0.021605999999337655,0.01651450000008481,691.345703125
exact,20000,32,0,318,9.569611574988812e-05,0.9766703125,1.0,640000,400000000,400640000,20000.0,53657600000,0.021204899999247573,0.01621990000057849,690.876953125
exact,20000,32,0,319,9.56979492912069e-05,0.976671875,1.0,640000,400000000,400640000,20000.0,53657600000,0.021224899999651825,0.01626159999977972,691.345703125
exact,20000,32,0,320,9.570318798068911e-05,0.9766703125,1.0,640000,400000000,400640000,20000.0,53657600000,0.02119490000040969,0.01623120000022027,691.345703125
exact,20000,32,0,321,9.569802932674065e-05,0.9766703125,1.0,640000,400000000,400640000,20000.0,53657600000,0.022581500000342203,0.017550999999912165,691.345703125
exact,20000,32,0,322,9.569595567882061e-05,0.97666875,1.0,640000,400000000,400640000,20000.0,53657600000,0.021270000000185973,0.016265999999632186,690.876953125
exact,20000,32,0,323,9.570203837938607e-05,0.9766734375,1.0,640000,400000000,400640000,20000.0,53657600000,0.02191720000064379,0.016784399999778543,691.345703125
exact,20000,32,0,324,9.570604015607387e-05,0.976671875,1.0,640000,400000000,400640000,20000.0,53657600000,0.021187299999837705,0.01619920000030106,691.345703125
exact,20000,32,0,325,9.569783287588507e-05,0.9766734375,1.0,640000,400000000,400640000,20000.0,53657600000,0.02294549999987794,0.017599699999664153,691.345703125
exact,20000,32,0,326,9.569567191647366e-05,0.976671875,1.0,640000,400000000,400640000,20000.0,53657600000,0.021183299999393057,0.016220699999394128,690.876953125
exact,20000,32,0,327,9.570171823725104e-05,0.9766640625,1.0,640000,400000000,400640000,20000.0,53657600000,0.021437300000798132,0.016253599999799917,691.345703125
exact,20000,32,0,328,9.570192196406424e-05,0.9766703125,1.0,640000,400000000,400640000,20000.0,53657600000,0.02122849999977916,0.016247999999905005,691.345703125
exact,20000,32,0,329,9.570096153765917e-05,0.9766703125,1.0,640000,400000000,400640000,20000.0,53657600000,0.021268799999234034,0.016234800000347605,691.345703125
exact,20000,32,0,330,9.569522808305919e-05,0.9766734375,1.0,640000,400000000,400640000,20000.0,53657600000,0.02182879999963916,0.01687949999995908,690.876953125
exact,20000,32,0,331,9.569725079927593e-05,0.9766734375,1.0,640000,400000000,400640000,20000.0,53657600000,0.021208699999988312,0.016251300000476476,691.345703125
exact,20000,32,0,332,9.570115798851475e-05,0.9766640625,1.0,640000,400000000,400640000,20000.0,53657600000,0.0211645999997927,0.016223900000113645,691.345703125
exact,20000,32,0,333,9.570271504344419e-05,0.9766703125,1.0,640000,400000000,400640000,20000.0,53657600000,0.021214899999904446,0.01624549999996816,691.345703125
exact,20000,32,0,334,9.570166730554774e-05,0.9766671875,1.0,640000,400000000,400640000,20000.0,53657600000,0.021336199999495875,0.016301499999826774,690.876953125
exact,20000,32,0,335,9.569565736455843e-05,0.9766734375,1.0,640000,400000000,400640000,20000.0,53657600000,0.021204199999374396,0.016216500000155065,691.345703125
exact,20000,32,0,336,9.569585381541401e-05,0.9766734375,1.0,640000,400000000,400640000,20000.0,53657600000,0.02123570000003383,0.01621179999983724,691.345703125
exact,20000,32,0,337,9.57011798163876e-05,0.9766703125,1.0,640000,400000000,400640000,20000.0,53657600000,0.021122500000274158,0.01617560000067897,691.345703125
exact,20000,32,0,338,9.570248948875815e-05,0.9766703125,1.0,640000,400000000,400640000,20000.0,53657600000,0.021231799999441137,0.016243000000031316,690.876953125
exact,20000,32,0,339,9.569870599079877e-05,0.9766734375,1.0,640000,400000000,400640000,20000.0,53657600000,0.021212600000581006,0.01624439999977767,691.345703125
exact,20000,32,0,340,9.569698158884421e-05,0.9766734375,1.0,640000,400000000,400640000,20000.0,53657600000,0.021265500000481552,0.016231900000093447,691.345703125
exact,20000,32,0,341,9.569606481818482e-05,0.9766703125,1.0,640000,400000000,400640000,20000.0,53657600000,0.021182100000260107,0.01622380000026169,691.345703125
exact,20000,32,0,342,9.570278052706271e-05,0.97666875,1.0,640000,400000000,400640000,20000.0,53657600000,0.021260699999402277,0.016212200000154553,690.876953125
exact,20000,32,0,343,9.570502152200788e-05,0.9766703125,1.0,640000,400000000,400640000,20000.0,53657600000,0.021186300000408664,0.01625430000058259,691.345703125
exact,20000,32,0,344,9.569658141117543e-05,0.9766734375,1.0,640000,400000000,400640000,20000.0,53657600000,0.021191600000747712,0.01624580000043352,691.345703125
exact,20000,32,0,345,9.569693793309852e-05,0.976671875,1.0,640000,400000000,400640000,20000.0,53657600000,0.021109899999828485,0.016198599999370344,691.345703125
exact,20000,32,0,346,9.569479152560234e-05,0.9766734375,1.0,640000,400000000,400640000,20000.0,53657600000,0.02130979999947158,0.01625369999965187,690.876953125
exact,20000,32,0,347,9.570401743985713e-05,0.9766640625,1.0,640000,400000000,400640000,20000.0,53657600000,0.021206899999924644,0.016238199999861536,691.345703125
exact,20000,32,0,348,9.570478141540661e-05,0.976671875,1.0,640000,400000000,400640000,20000.0,53657600000,0.0225070999995296,0.017401000000063505,691.345703125
exact,20000,32,0,349,9.569693793309852e-05,0.9766703125,1.0,640000,400000000,400640000,20000.0,53657600000,0.022298699999737437,0.01730039999984001,691.345703125
exact,20000,32,0,350,9.569663961883634e-05,0.9766734375,1.0,640000,400000000,400640000,20000.0,53657600000,0.022065000000111468,0.016274800000246614,690.876953125
exact,20000,32,0,351,9.56957446760498e-05,0.976671875,1.0,640000,400000000,400640000,20000.0,53657600000,0.021281200000885292,0.016309000000546803,691.345703125
exact,20000,32,0,352,9.570310794515535e-05,0.9766671875,1.0,640000,400000000,400640000,20000.0,53657600000,0.021281299999827752,0.016262299999652896,691.345703125
exact,20000,32,0,353,9.570476686349139e-05,0.9766703125,1.0,640000,400000000,400640000,20000.0,53657600000,0.02137810000022,0.016345900000487745,691.345703125
exact,20000,32,0,354,9.569611574988812e-05,0.9766734375,1.0,640000,400000000,400640000,20000.0,53657600000,0.021301499999935913,0.016230999999606865,690.876953125
exact,20000,32,0,355,9.569546818966046e-05,0.976678125,1.0,640000,400000000,400640000,20000.0,53657600000,0.021185399999922083,0.01620479999928648,691.345703125
exact,20000,32,0,356,9.569626854499802e-05,0.9766703125,1.0,640000,400000000,400640000,20000.0,53657600000,0.02121290000013687,0.016233399999691756,691.345703125
exact,20000,32,0,357,9.570328984409571e-05,0.976665625,1.0,640000,400000000,400640000,20000.0,53657600000,0.02118530000007013,0.01621089999935066,691.345703125
exact,20000,32,0,358,9.57029769779183e-05,0.9766734375,1.0,640000,400000000,400640000,20000.0,53657600000,0.021157099999982165,0.016209800000069663,690.876953125
exact,20000,32,0,359,9.569690882926807e-05,0.976675,1.0,640000,400000000,400640000,20000.0,53657600000,0.021199300000262156,0.01624829999946087,691.345703125
exact,20000,32,0,360,9.569539543008432e-05,0.976675,1.0,640000,400000000,400640000,20000.0,53657600000,0.021185099999456725,0.016231599999628088,691.345703125
exact,20000,32,0,361,9.569654503138736e-05,0.97666875,1.0,640000,400000000,400640000,20000.0,53657600000,0.021310099999936938,0.01629679999950895,691.345703125
exact,20000,32,0,362,9.570512338541448e-05,0.97666875,1.0,640000,400000000,400640000,20000.0,53657600000,0.021152799999981653,0.01622750000024098,690.876953125
exact,20000,32,0,363,9.57010270212777e-05,0.97666875,1.0,640000,400000000,400640000,20000.0,53657600000,0.02128389999961655,0.01624290000017936,691.345703125
exact,20000,32,0,364,9.569756366545334e-05,0.9766734375,1.0,640000,400000000,400640000,20000.0,53657600000,0.021182999999837193,0.01623509999990347,691.345703125
exact,20000,32,0,365,9.569537360221148e-05,0.976675,1.0,640000,400000000,400640000,20000.0,53657600000,0.022174099999574537,0.017181199999868113,691.345703125
exact,20000,32,0,366,9.569899702910334e-05,0.9766640625,1.0,640000,400000000,400640000,20000.0,53657600000,0.021222100000159116,0.016241499999523512,690.876953125
exact,20000,32,0,367,9.5700568635948e-05,0.976675,1.0,640000,400000000,400640000,20000.0,53657600000,0.0214205000002039,0.016374400000131573,691.345703125
exact,20000,32,0,368,9.5702926046215e-05,0.9766671875,1.0,640000,400000000,400640000,20000.0,53657600000,0.0212506999996549,0.016238899999734713,691.345703125
exact,20000,32,0,369,9.5697796496097e-05,0.976671875,1.0,640000,400000000,400640000,20000.0,53657600000,0.021195499999521417,0.016237699999692268,691.345703125
exact,20000,32,0,370,9.569911344442517e-05,0.9766703125,1.0,640000,400000000,400640000,20000.0,53657600000,0.021187999999710883,0.01625010000043403,690.876953125
exact,20000,32,0,371,9.569442045176402e-05,0.9766671875,1.0,640000,400000000,400640000,20000.0,53657600000,0.02141940000001341,0.016425100000560633,691.345703125
exact,20000,32,0,372,9.570175461703911e-05,0.976671875,1.0,640000,400000000,400640000,20000.0,53657600000,0.021212600000581006,0.016237400000136404,691.345703125
exact,20000,32,0,373,9.57029769779183e-05,0.97666875,1.0,640000,400000000,400640000,20000.0,53657600000,0.021987600000102248,0.016931299999669136,691.345703125
exact,20000,32,0,374,9.570033580530435e-05,0.9766703125,1.0,640000,400000000,400640000,20000.0,53657600000,0.021198200000071665,0.016204100000322796,690.876953125
exact,20000,32,0,375,9.569499525241554e-05,0.9766734375,1.0,640000,400000000,400640000,20000.0,53657600000,0.0221505999998044,0.0169209999994564,691.345703125
exact,20000,32,0,376,9.569710528012365e-05,0.97666875,1.0,640000,400000000,400640000,20000.0,53657600000,0.02281409999977768,0.017770299999938288,691.345703125
exact,20000,32,0,377,9.570192196406424e-05,0.9766703125,1.0,640000,400000000,400640000,20000.0,53657600000,0.022100000000136788,0.016706499999600055,691.345703125
exact,20000,32,0,378,9.570499241817743e-05,0.9766703125,1.0,640000,400000000,400640000,20000.0,53657600000,0.021772000000055414,0.016260700000202633,690.876953125
exact,20000,32,0,379,9.569637040840462e-05,0.976675,1.0,640000,400000000,400640000,20000.0,53657600000,0.021905499999775202,0.016851299999871117,691.345703125
exact,20000,32,0,380,9.569674148224294e-05,0.9766734375,1.0,640000,400000000,400640000,20000.0,53657600000,0.021438100000523264,0.016368399999919347,691.345703125
exact,20000,32,0,381,9.569746907800436e-05,0.97666875,1.0,640000,400000000,400640000,20000.0,53657600000,0.022183699999914097,0.017164500000035332,691.345703125
exact,20000,32,0,382,9.570187103236094e-05,0.9766703125,1.0,640000,400000000,400640000,20000.0,53657600000,0.02138829999967129,0.01636080000025686,690.876953125
exact,20000,32,0,383,9.57027732511051e-05,0.97666875,1.0,640000,400000000,400640000,20000.0,53657600000,0.022010300000147254,0.016938300000219897,691.345703125
exact,20000,32,0,384,9.569671237841249e-05,0.976675,1.0,640000,400000000,400640000,20000.0,53657600000,0.022167699999954493,0.017108099999859405,691.345703125
exact,20000,32,0,385,9.569682879373431e-05,0.976671875,1.0,640000,400000000,400640000,20000.0,53657600000,0.021464199999172706,0.01648620000014489,691.345703125
exact,20000,32,0,386,9.569858229951933e-05,0.9766671875,1.0,640000,400000000,400640000,20000.0,53657600000,0.02263390000007348,0.01753400000052352,690.876953125
exact,20000,32,0,387,9.570264228386804e-05,0.9766703125,1.0,640000,400000000,400640000,20000.0,53657600000,0.021267899999656947,0.016300399999636284,691.345703125
exact,20000,32,0,388,9.57010270212777e-05,0.97666875,1.0,640000,400000000,400640000,20000.0,53657600000,0.021250299999337585,0.01621450000038749,691.345703125
exact,20000,32,0,389,9.569773828843608e-05,0.976671875,1.0,640000,400000000,400640000,20000.0,53657600000,0.021261699999740813,0.016267599999991944,691.345703125
exact,20000,32,0,390,9.569679241394624e-05,0.9766703125,1.0,640000,400000000,400640000,20000.0,53657600000,0.021249899999929767,0.01624160000028496,690.876953125
exact,20000,32,0,391,9.569927351549268e-05,0.9766671875,1.0,640000,400000000,400640000,20000.0,53657600000,0.022941899999750603,0.017841500000031374,691.345703125
exact,20000,32,0,392,9.570204565534368e-05,0.97666875,1.0,640000,400000000,400640000,20000.0,53657600000,0.021238600000287988,0.01620309999998426,691.345703125
exact,20000,32,0,393,9.570188558427617e-05,0.976671875,1.0,640000,400000000,400640000,20000.0,53657600000,0.021207400000093912,0.016234300000178337,691.345703125
exact,20000,32,0,394,9.569653047947213e-05,0.976675,1.0,640000,400000000,400640000,20000.0,53657600000,0.021197299999585084,0.0162625000002663,690.876953125
exact,20000,32,0,395,9.569680696586147e-05,0.9766703125,1.0,640000,400000000,400640000,20000.0,53657600000,0.02144640000005893,0.016409099999691534,691.345703125
exact,20000,32,0,396,9.569755638949573e-05,0.97666875,1.0,640000,400000000,400640000,20000.0,53657600000,0.02121790000001056,0.016210599999794795,691.345703125
exact,20000,32,0,397,9.570232941769063e-05,0.976671875,1.0,640000,400000000,400640000,20000.0,53657600000,0.0212123999999676,0.01628679999976157,691.345703125
exact,20000,32,0,398,9.57016964093782e-05,0.9766734375,1.0,640000,400000000,400640000,20000.0,53657600000,0.021283300000504823,0.016240599999946426,690.876953125
exact,20000,32,0,399,9.569776011630893e-05,0.976671875,1.0,640000,400000000,400640000,20000.0,53657600000,0.02123470000060479,0.016243900000517897,691.345703125
exact,20000,32,0,400,9.569727262714878e-05,0.97666875,1.0,640000,400000000,400640000,20000.0,53657600000,0.021590800000012678,0.01650179999978718,691.345703125
exact,20000,32,0,401,9.569722169544548e-05,0.9766703125,1.0,640000,400000000,400640000,20000.0,53657600000,0.021249800000077812,0.01625789999980043,691.345703125
exact,20000,32,0,402,9.570252586854622e-05,0.9766734375,1.0,640000,400000000,400640000,20000.0,53657600000,0.023080200000549667,0.017396900000676396,690.876953125
exact,20000,32,0,403,9.570274414727464e-05,0.9766734375,1.0,640000,400000000,400640000,20000.0,53657600000,0.02134829999977228,0.016327600000295206,691.345703125
exact,20000,32,0,404,9.569674148224294e-05,0.9766734375,1.0,640000,400000000,400640000,20000.0,53657600000,0.02211989999977959,0.017165299999760464,691.345703125
exact,20000,32,0,405,9.56977455643937e-05,0.9766625,1.0,640000,400000000,400640000,20000.0,53657600000,0.021260399999846413,0.016229699999712466,691.345703125
exact,20000,32,0,406,9.569746907800436e-05,0.976671875,1.0,640000,400000000,400640000,20000.0,53657600000,0.021165199999813922,0.016229199999543198,690.876953125
exact,20000,32,0,407,9.570329712005332e-05,0.976675,1.0,640000,400000000,400640000,20000.0,53657600000,0.021171399999730056,0.01623620000009396,691.345703125
exact,20000,32,0,408,9.570190741214901e-05,0.9766734375,1.0,640000,400000000,400640000,20000.0,53657600000,0.02125990000058664,0.016220200000134355,691.345703125
exact,20000,32,0,409,9.569614485371858e-05,0.976675,1.0,640000,400000000,400640000,20000.0,53657600000,0.021229699999821605,0.01625770000009652,691.345703125
exact,20000,32,0,410,9.569768735673279e-05,0.9766640625,1.0,640000,400000000,400640000,20000.0,53657600000,0.021212699999523466,0.016243500000200584,690.876953125
exact,20000,32,0,411,9.569565008860081e-05,0.976675,1.0,640000,400000000,400640000,20000.0,53657600000,0.021216999999523978,0.016217100000176288,691.345703125
exact,20000,32,0,412,9.570353722665459e-05,0.976675,1.0,640000,400000000,400640000,20000.0,53657600000,0.021362400000725756,0.016399899999669287,691.345703125
exact,20000,32,0,413,9.57008232944645e-05,0.976678125,1.0,640000,400000000,400640000,20000.0,53657600000,0.02206110000042827,0.017082100000152423,691.345703125
exact,20000,32,0,414,9.569572284817696e-05,0.9766734375,1.0,640000,400000000,400640000,20000.0,53657600000,0.02120999999988271,0.016237200000432495,690.876953125
exact,20000,32,0,415,9.569722897140309e-05,0.97666875,1.0,640000,400000000,400640000,20000.0,53657600000,0.021219299999756913,0.01621160000013333,691.345703125
exact,20000,32,0,416,9.569991379976273e-05,0.97666875,1.0,640000,400000000,400640000,20000.0,53657600000,0.021206200000051467,0.016253100000540144,691.345703125
exact,20000,32,0,417,9.570111433276907e-05,0.976675,1.0,640000,400000000,400640000,20000.0,53657600000,0.02118400000017573,0.01621549999981653,691.345703125
exact,20000,32,0,418,9.570050315232947e-05,0.9766734375,1.0,640000,400000000,400640000,20000.0,53657600000,0.021168700000089302,0.01618910000070173,690.876953125
exact,20000,32,0,419,9.569487883709371e-05,0.976671875,1.0,640000,400000000,400640000,20000.0,53657600000,0.021382599999924423,0.016339300000254298,691.345703125
exact,20000,32,0,420,9.569973917677999e-05,0.9766671875,1.0,640000,400000000,400640000,20000.0,53657600000,0.02122030000009545,0.01623620000009396,691.345703125
exact,20000,32,0,421,9.569760004524142e-05,0.976675,1.0,640000,400000000,400640000,20000.0,53657600000,0.021584800000709947,0.016522000000804837,691.345703125
exact,20000,32,0,422,9.57008232944645e-05,0.976671875,1.0,640000,400000000,400640000,20000.0,53657600000,0.021205099999860977,0.01624400000036985,690.876953125
exact,20000,32,0,423,9.570024121785536e-05,0.9766734375,1.0,640000,400000000,400640000,20000.0,53657600000,0.022276799999417563,0.017036000000189233,691.345703125
exact,20000,32,0,424,9.569922258378938e-05,0.97666875,1.0,640000,400000000,400640000,20000.0,53657600000,0.021196199999394594,0.016209899999921618,691.345703125
exact,20000,32,0,425,9.569576650392264e-05,0.976665625,1.0,640000,400000000,400640000,20000.0,53657600000,0.022640899999714748,0.017601100000320002,691.345703125
exact,20000,32,0,426,9.569896792527288e-05,0.9766734375,1.0,640000,400000000,400640000,20000.0,53657600000,0.02140049999979965,0.016431099999863363,690.876953125
exact,20000,32,0,427,9.570032125338912e-05,0.976675,1.0,640000,400000000,400640000,20000.0,53657600000,0.023415200000272307,0.01748829999996815,691.345703125
exact,20000,32,0,428,9.57039010245353e-05,0.9766703125,1.0,640000,400000000,400640000,20000.0,53657600000,0.02116810000006808,0.016223900000113645,691.345703125
exact,20000,32,0,429,9.569570829626173e-05,0.9766671875,1.0,640000,400000000,400640000,20000.0,53657600000,0.021192700000028708,0.016239300000052026,691.345703125
exact,20000,32,0,430,9.569796384312212e-05,0.9766703125,1.0,640000,400000000,400640000,20000.0,53657600000,0.021207499999945867,0.0162384999994174,690.876953125
exact,20000,32,0,431,9.57030279096216e-05,0.9766703125,1.0,640000,400000000,400640000,20000.0,53657600000,0.021183900000323774,0.016251699999884295,691.345703125
exact,20000,32,0,432,9.570296242600307e-05,0.976675,1.0,640000,400000000,400640000,20000.0,53657600000,0.021378200000071956,0.01636270000017248,691.345703125
exact,20000,32,0,433,9.569832764100283e-05,0.9766671875,1.0,640000,400000000,400640000,20000.0,53657600000,0.021195299999817507,0.01623730000028445,691.345703125
exact,20000,32,0,434,9.569531539455056e-05,0.9766703125,1.0,640000,400000000,400640000,20000.0,53657600000,0.021260399999846413,0.01624210000045423,690.876953125
exact,20000,32,0,435,9.570235852152109e-05,0.9766703125,1.0,640000,400000000,400640000,20000.0,53657600000,0.021554099999775644,0.016299599999911152,691.345703125
exact,20000,32,0,436,9.569701069267467e-05,0.976671875,1.0,640000,400000000,400640000,20000.0,53657600000,0.02120070000000851,0.01624050000009447,691.345703125
exact,20000,32,0,437,9.570426482241601e-05,0.9766734375,1.0,640000,400000000,400640000,20000.0,53657600000,0.0211725999997725,0.016236699999353732,691.345703125
exact,20000,32,0,438,9.569834946887568e-05,0.9766703125,1.0,640000,400000000,400640000,20000.0,53657600000,0.021308000000317406,0.016231900000093447,690.876953125
exact,20000,32,0,439,9.569394023856148e-05,0.9766734375,1.0,640000,400000000,400640000,20000.0,53657600000,0.021250200000395125,0.016248600000835722,691.345703125
exact,20000,32,0,440,9.570155816618353e-05,0.9766703125,1.0,640000,400000000,400640000,20000.0,53657600000,0.021227200000794255,0.016245200000412297,691.345703125
exact,20000,32,0,441,9.570538531988859e-05,0.97666875,1.0,640000,400000000,400640000,20000.0,53657600000,0.021653700000570097,0.01661589999912394,691.345703125
exact,20000,32,0,442,9.569849498802796e-05,0.976671875,1.0,640000,400000000,400640000,20000.0,53657600000,0.021218299999418377,0.016240599999946426,690.876953125
exact,20000,32,0,443,9.569522808305919e-05,0.976671875,1.0,640000,400000000,400640000,20000.0,53657600000,0.021199800000431424,0.016220700000303623,691.345703125
exact,20000,32,0,444,9.570129623170942e-05,0.9766734375,1.0,640000,400000000,400640000,20000.0,53657600000,0.02114419999998063,0.01621419999992213,691.345703125
exact,20000,32,0,445,9.570430120220408e-05,0.976665625,1.0,640000,400000000,400640000,20000.0,53657600000,0.02131349999945087,0.01626010000018141,691.345703125
exact,20000,32,0,446,9.569891699356958e-05,0.97666875,1.0,640000,400000000,400640000,20000.0,53657600000,0.02205340000000433,0.017094400000132737,690.876953125
exact,20000,32,0,447,9.569582471158355e-05,0.976671875,1.0,640000,400000000,400640000,20000.0,53657600000,0.02131459999964136,0.01634089999970456,691.345703125
exact,20000,32,0,448,9.569585381541401e-05,0.976675,1.0,640000,400000000,400640000,20000.0,53657600000,0.022271200000432145,0.0172009000007165,691.345703125
exact,20000,32,0,449,9.570321708451957e-05,0.9766640625,1.0,640000,400000000,400640000,20000.0,53657600000,0.021163999999771477,0.016223900000113645,691.345703125
exact,20000,32,0,450,9.570286056259647e-05,0.976671875,1.0,640000,400000000,400640000,20000.0,53657600000,0.022582300000067335,0.016999399999804155,690.876953125
exact,20000,32,0,451,9.569565736455843e-05,0.9766703125,1.0,640000,400000000,400640000,20000.0,53657600000,0.021321500000340166,0.016249499999503314,691.345703125
exact,20000,32,0,452,9.569650865159929e-05,0.976675,1.0,640000,400000000,400640000,20000.0,53657600000,0.021957799999654526,0.017005499999868334,691.345703125
exact,20000,32,0,453,9.569842950440943e-05,0.9766734375,1.0,640000,400000000,400640000,20000.0,53657600000,0.021328900000298745,0.01623139999992418,691.345703125
exact,20000,32,0,454,9.570224938215688e-05,0.9766734375,1.0,640000,400000000,400640000,20000.0,53657600000,0.021300599999449332,0.0162506000006033,690.876953125
exact,20000,32,0,455,9.570020483806729e-05,0.97666875,1.0,640000,400000000,400640000,20000.0,53657600000,0.021338900000046124,0.016256100000646256,691.345703125
exact,20000,32,0,456,9.569706162437797e-05,0.976671875,1.0,640000,400000000,400640000,20000.0,53657600000,0.02120100000047387,0.016228399999818066,691.345703125
exact,20000,32,0,457,9.569978283252567e-05,0.9766671875,1.0,640000,400000000,400640000,20000.0,53657600000,0.02130200000010518,0.016277200000331504,691.345703125
exact,20000,32,0,458,9.570268593961373e-05,0.9766703125,1.0,640000,400000000,400640000,20000.0,53657600000,0.021512199999961013,0.016253599999799917,690.876953125
exact,20000,32,0,459,9.570172551320866e-05,0.9766703125,1.0,640000,400000000,400640000,20000.0,53657600000,0.02132369999981165,0.01631699999961711,691.345703125
exact,20000,32,0,460,9.569639951223508e-05,0.976671875,1.0,640000,400000000,400640000,20000.0,53657600000,0.021196599999711907,0.01625800000056188,691.345703125
exact,20000,32,0,461,9.569968096911907e-05,0.9766671875,1.0,640000,400000000,400640000,20000.0,53657600000,0.022201900000254682,0.017068600000129663,691.345703125
exact,20000,32,0,462,9.569787653163075e-05,0.9766703125,1.0,640000,400000000,400640000,20000.0,53657600000,0.022155499999826134,0.017011099999763246,690.876953125
exact,20000,32,0,463,9.570073598297313e-05,0.976671875,1.0,640000,400000000,400640000,20000.0,53657600000,0.021654099999977916,0.01662899999973888,691.345703125
exact,20000,32,0,464,9.570224938215688e-05,0.976675,1.0,640000,400000000,400640000,20000.0,53657600000,0.02251189999969938,0.017413600000509177,691.345703125
exact,20000,32,0,465,9.569866233505309e-05,0.976671875,1.0,640000,400000000,400640000,20000.0,53657600000,0.02126380000026984,0.01623680000011518,691.345703125
exact,20000,32,0,466,9.569772373652086e-05,0.976665625,1.0,640000,400000000,400640000,20000.0,53657600000,0.022318799999993644,0.016326199999639357,690.876953125
exact,20000,32,0,467,9.570061229169369e-05,0.976675,1.0,640000,400000000,400640000,20000.0,53657600000,0.022174400000039896,0.01716649999980291,691.345703125
exact,20000,32,0,468,9.57013908191584e-05,0.976675,1.0,640000,400000000,400640000,20000.0,53657600000,0.02173289999973349,0.01628320000054373,691.345703125
exact,20000,32,0,469,9.569801477482542e-05,0.9766703125,1.0,640000,400000000,400640000,20000.0,53657600000,0.021953299999950104,0.0169424000005165,691.345703125
exact,20000,32,0,470,9.569771646056324e-05,0.9766671875,1.0,640000,400000000,400640000,20000.0,53657600000,0.021296500000062224,0.016252200000053563,690.876953125
exact,20000,32,0,471,9.570088877808303e-05,0.976671875,1.0,640000,400000000,400640000,20000.0,53657600000,0.0215901000001395,0.016263299999991432,691.345703125
exact,20000,32,0,472,9.56981020863168e-05,0.9766703125,1.0,640000,400000000,400640000,20000.0,53657600000,0.021235799999885785,0.016212300000006508,691.345703125
exact,20000,32,0,473,9.57028751145117e-05,0.97666875,1.0,640000,400000000,400640000,20000.0,53657600000,0.021268700000291574,0.016252600000370876,691.345703125
exact,20000,32,0,474,9.569679241394624e-05,0.976671875,1.0,640000,400000000,400640000,20000.0,53657600000,0.021540700000514335,0.016488700000081735,690.876953125
exact,20000,32,0,475,9.569548274157569e-05,0.976671875,1.0,640000,400000000,400640000,20000.0,53657600000,0.021389999999883003,0.016269099999590253,691.345703125
exact,20000,32,0,476,9.570176189299673e-05,0.9766703125,1.0,640000,400000000,400640000,20000.0,53657600000,0.021286700000018755,0.0162676999998439,691.345703125
exact,20000,32,0,477,9.57004667725414e-05,0.9766703125,1.0,640000,400000000,400640000,20000.0,53657600000,0.02121439999973518,0.0162319999999454,691.345703125
exact,20000,32,0,478,9.569691610522568e-05,0.976675,1.0,640000,400000000,400640000,20000.0,53657600000,0.02144259999931819,0.01641399999971327,690.876953125
exact,20000,32,0,479,9.569984104018658e-05,0.9766734375,1.0,640000,400000000,400640000,20000.0,53657600000,0.02137570000013511,0.016273999999611988,691.345703125
exact,20000,32,0,480,9.569740359438583e-05,0.9766703125,1.0,640000,400000000,400640000,20000.0,53657600000,0.021203000000241445,0.01619940000000497,691.345703125
exact,20000,32,0,481,9.570115798851475e-05,0.9766703125,1.0,640000,400000000,400640000,20000.0,53657600000,0.02121510000051785,0.01624900000024354,691.345703125
exact,20000,32,0,482,9.570174006512389e-05,0.976671875,1.0,640000,400000000,400640000,20000.0,53657600000,0.0211979000005158,0.016234099999564933,690.876953125
exact,20000,32,0,483,9.56948715611361e-05,0.9766734375,1.0,640000,400000000,400640000,20000.0,53657600000,0.022771699999793782,0.017770000000382424,691.345703125
exact,20000,32,0,484,9.569736721459776e-05,0.9766671875,1.0,640000,400000000,400640000,20000.0,53657600000,0.021447600000101374,0.01645230000031006,691.345703125
exact,20000,32,0,485,9.570525435265154e-05,0.976665625,1.0,640000,400000000,400640000,20000.0,53657600000,0.02147030000014638,0.01628210000035324,691.345703125
exact,20000,32,0,486,9.5697796496097e-05,0.976675,1.0,640000,400000000,400640000,20000.0,53657600000,0.022479000000203087,0.016376800000216463,690.876953125
exact,20000,32,0,487,9.56947187660262e-05,0.9766765625,1.0,640000,400000000,400640000,20000.0,53657600000,0.021568999999544758,0.016294500000185508,691.345703125
exact,20000,32,0,488,9.570232941769063e-05,0.97666875,1.0,640000,400000000,400640000,20000.0,53657600000,0.021185599999625992,0.016236399999797868,691.345703125
exact,20000,32,0,489,9.570112160872668e-05,0.97666875,1.0,640000,400000000,400640000,20000.0,53657600000,0.022100199999840697,0.01695850000032806,691.345703125
exact,20000,32,0,490,9.569772373652086e-05,0.97666875,1.0,640000,400000000,400640000,20000.0,53657600000,0.021607000000585685,0.016600199999629695,690.876953125
exact,20000,32,0,491,9.570002293912694e-05,0.9766765625,1.0,640000,400000000,400640000,20000.0,53657600000,0.021325000000615546,0.01622349999979633,691.345703125
exact,20000,32,0,492,9.569693065714091e-05,0.976671875,1.0,640000,400000000,400640000,20000.0,53657600000,0.021304099999724713,0.0162731000000349,691.345703125
exact,20000,32,0,493,9.569922985974699e-05,0.97666875,1.0,640000,400000000,400640000,20000.0,53657600000,0.021290399999998044,0.016315799999574665,691.345703125
exact,20000,32,0,494,9.570340625941753e-05,0.9766703125,1.0,640000,400000000,400640000,20000.0,53657600000,0.021198200000071665,0.016219899999668996,690.876953125
exact,20000,32,0,495,9.569449321134016e-05,0.976675,1.0,640000,400000000,400640000,20000.0,53657600000,0.021298100000421982,0.016284299999824725,691.345703125
exact,20000,32,0,496,9.569785470375791e-05,0.976671875,1.0,640000,400000000,400640000,20000.0,53657600000,0.021213299999544688,0.016225999999733176,691.345703125
exact,20000,32,0,497,9.570416295900941e-05,0.9766640625,1.0,640000,400000000,400640000,20000.0,53657600000,0.021367199999986042,0.016401599999881,691.345703125
exact,20000,32,0,498,9.56975418375805e-05,0.976671875,1.0,640000,400000000,400640000,20000.0,53657600000,0.02126449999923352,0.016229200000452693,690.876953125
exact,20000,32,0,499,9.569618123350665e-05,0.9766734375,1.0,640000,400000000,400640000,20000.0,53657600000,0.021166599999560276,0.01621270000032382,691.345703125
exact,20000,32,0,500,9.570203837938607e-05,0.9766671875,1.0,640000,400000000,400640000,20000.0,53657600000,0.021344699999644945,0.01631219999944733,691.345703125
ariad,20000,32,0,1,0.20737284421920776,0.0053875,0.0066578125,640000,2880000,3520000,144.0,2826240000,0.09137879999980214,0.08634200000051351,691.220703125
ariad,20000,32,0,2,0.17875072360038757,0.0106984375,0.0181640625,640000,2880000,3520000,144.0,2826240000,0.013022300000557152,0.008049400000345486,690.876953125
ariad,20000,32,0,3,0.16234801709651947,0.016690625,0.0379984375,640000,2880000,3520000,144.0,2826240000,0.013218699999924866,0.008169900000211783,691.345703125
ariad,20000,32,0,4,0.15053749084472656,0.022921875,0.0662125,640000,2880000,3520000,144.0,2826240000,0.013256999999612162,0.00811630000043806,691.345703125
ariad,20000,32,0,5,0.14184200763702393,0.0295859375,0.103084375,640000,2880000,3520000,144.0,2826240000,0.013141999999788823,0.008106099999167782,691.345703125
ariad,20000,32,0,6,0.13568046689033508,0.036078125,0.1470296875,640000,2880000,3520000,144.0,2826240000,0.013355000000046857,0.00817410000036034,691.345703125
ariad,20000,32,0,7,0.13138003647327423,0.0417953125,0.19564375,640000,2880000,3520000,144.0,2826240000,0.013282000000799599,0.008091199999398668,691.345703125
ariad,20000,32,0,8,0.1280871331691742,0.04646875,0.247584375,640000,2880000,3520000,144.0,2826240000,0.01333740000063699,0.008054100000663311,690.876953125
ariad,20000,32,0,9,0.12552477419376373,0.0504640625,0.300921875,640000,2880000,3520000,144.0,2826240000,0.01343670000005659,0.008037099999455677,691.345703125
ariad,20000,32,0,10,0.12330874055624008,0.0533546875,0.352484375,640000,2880000,3520000,144.0,2826240000,0.013571600000432227,0.008067700000538025,690.876953125
ariad,20000,32,0,11,0.12132462859153748,0.0553703125,0.4014171875,640000,2880000,3520000,144.0,2826240000,0.015726799999356444,0.008209999999962747,691.345703125
ariad,20000,32,0,12,0.11961835622787476,0.0565015625,0.445903125,640000,2880000,3520000,144.0,2826240000,0.013801699999930861,0.008119799999803945,691.345703125
ariad,20000,32,0,13,0.11810816079378128,0.057115625,0.4854046875,640000,2880000,3520000,144.0,2826240000,0.014777999999751046,0.008154799999829265,691.345703125
ariad,20000,32,0,14,0.11679058521986008,0.0574609375,0.5211359375,640000,2880000,3520000,144.0,2826240000,0.013757499999883294,0.008004600000276696,691.345703125
ariad,20000,32,0,15,0.11570625007152557,0.057446875,0.553028125,640000,2880000,3520000,144.0,2826240000,0.01377039999988483,0.008042899999963993,691.345703125
ariad,20000,32,0,16,0.11476655304431915,0.0574703125,0.581265625,640000,2880000,3520000,144.0,2826240000,0.013725499999964086,0.008014000000002852,690.876953125
ariad,20000,32,0,17,0.1140194684267044,0.0572703125,0.606365625,640000,2880000,3520000,144.0,2826240000,0.013699400000405149,0.008017799999834097,691.345703125
ariad,20000,32,0,18,0.11338502913713455,0.057015625,0.628625,640000,2880000,3520000,144.0,2826240000,0.013749400000051537,0.008058899999923597,691.345703125
ariad,20000,32,0,19,0.11284999549388885,0.05669375,0.6483828125,640000,2880000,3520000,144.0,2826240000,0.013821700000335113,0.008064399999966554,691.345703125
ariad,20000,32,0,20,0.11239496618509293,0.056571875,0.6664171875,640000,2880000,3520000,144.0,2826240000,0.013745499999458843,0.007984400000168534,691.345703125
ariad,20000,32,0,21,0.11198422312736511,0.056690625,0.682915625,640000,2880000,3520000,144.0,2826240000,0.013856100000339211,0.008050399999774527,691.345703125
ariad,20000,32,0,22,0.11165554076433182,0.056903125,0.697790625,640000,2880000,3520000,144.0,2826240000,0.014141200000267418,0.008279900000161433,690.876953125
ariad,20000,32,0,23,0.11136741936206818,0.057175,0.7113671875,640000,2880000,3520000,144.0,2826240000,0.013804000000163796,0.008045499999752792,691.345703125
ariad,20000,32,0,24,0.11111309379339218,0.05766875,0.724140625,640000,2880000,3520000,144.0,2826240000,0.013809899999614572,0.008024000000659726,691.345703125
ariad,20000,32,0,25,0.11087018996477127,0.0583125,0.734984375,640000,2880000,3520000,144.0,2826240000,0.014857799999845156,0.00806190000002971,691.345703125
ariad,20000,32,0,26,0.1106581911444664,0.0591078125,0.7451828125,640000,2880000,3520000,144.0,2826240000,0.013871699999981502,0.00803489999998419,691.345703125
ariad,20000,32,0,27,0.11046434938907623,0.0601375,0.754484375,640000,2880000,3520000,144.0,2826240000,0.01399200000014389,0.00808710000001156,691.345703125
ariad,20000,32,0,28,0.11028730124235153,0.0614171875,0.7625671875,640000,2880000,3520000,144.0,2826240000,0.013937300000179675,0.008074499999565887,690.876953125
ariad,20000,32,0,29,0.11011232435703278,0.06274375,0.769378125,640000,2880000,3520000,144.0,2826240000,0.01403310000023339,0.008114299999760988,691.345703125
ariad,20000,32,0,30,0.10995126515626907,0.0642828125,0.775,640000,2880000,3520000,144.0,2826240000,0.013989899999614863,0.008010399999875517,691.345703125
ariad,20000,32,0,31,0.10978131741285324,0.0660828125,0.7798,640000,2880000,3520000,144.0,2826240000,0.014000799999848823,0.008052299999690149,691.345703125
ariad,20000,32,0,32,0.10961918532848358,0.068003125,0.7833140625,640000,2880000,3520000,144.0,2826240000,0.014181300000018382,0.008178399999451358,691.345703125
ariad,20000,32,0,33,0.1094551756978035,0.0702296875,0.7860828125,640000,2880000,3520000,144.0,2826240000,0.014270099999521335,0.00819110000065848,691.345703125
ariad,20000,32,0,34,0.10929964482784271,0.0728296875,0.7880890625,640000,2880000,3520000,144.0,2826240000,0.014130499999737367,0.008041800000682997,690.876953125
ariad,20000,32,0,35,0.10915698111057281,0.07575625,0.789059375,640000,2880000,3520000,144.0,2826240000,0.014401000000361819,0.008209600000554929,691.345703125
ariad,20000,32,0,36,0.1089879646897316,0.078978125,0.788671875,640000,2880000,3520000,144.0,2826240000,0.014426499999899534,0.008216000000174972,691.345703125
ariad,20000,32,0,37,0.10880528390407562,0.082509375,0.787509375,640000,2880000,3520000,144.0,2826240000,0.014607799999794224,0.008001899999726447,691.345703125
ariad,20000,32,0,38,0.1086140125989914,0.0866578125,0.7848,640000,2880000,3520000,144.0,2826240000,0.014291499999671942,0.00816450000002078,691.345703125
ariad,20000,32,0,39,0.10841105878353119,0.091375,0.7810578125,640000,2880000,3520000,144.0,2826240000,0.014068399999814574,0.007986300000084157,691.345703125
ariad,20000,32,0,40,0.10819782316684723,0.09678125,0.7764265625,640000,2880000,3520000,144.0,2826240000,0.014258399999562243,0.008230499999626772,690.876953125
ariad,20000,32,0,41,0.10795573145151138,0.1030015625,0.7707671875,640000,2880000,3520000,144.0,2826240000,0.014440100000683742,0.008182799999303825,691.345703125
ariad,20000,32,0,42,0.10768548399209976,0.1099,0.76368125,640000,2880000,3520000,144.0,2826240000,0.013959500000055414,0.008051199999499659,691.345703125
ariad,20000,32,0,43,0.10737470537424088,0.11789375,0.7558734375,640000,2880000,3520000,144.0,2826240000,0.014529600000059872,0.008483599999635771,691.345703125
ariad,20000,32,0,44,0.10703010112047195,0.12720625,0.74716875,640000,2880000,3520000,144.0,2826240000,0.013919799999712268,0.008080399999926158,691.345703125
ariad,20000,32,0,45,0.1066119596362114,0.1379609375,0.7374984375,640000,2880000,3520000,144.0,2826240000,0.0138081000004604,0.008073099999819533,691.345703125
ariad,20000,32,0,46,0.10613034665584564,0.1500703125,0.7275375,640000,2880000,3520000,144.0,2826240000,0.013684200000170677,0.008003199999620847,690.876953125
ariad,20000,32,0,47,0.10555104911327362,0.163978125,0.7168375,640000,2880000,3520000,144.0,2826240000,0.013678199999958451,0.00805930000024091,691.345703125
ariad,20000,32,0,48,0.1048780232667923,0.179878125,0.706721875,640000,2880000,3520000,144.0,2826240000,0.013551600000027975,0.008079199999883713,691.345703125
ariad,20000,32,0,49,0.10406852513551712,0.198325,0.697515625,640000,2880000,3520000,144.0,2826240000,0.013373300000239396,0.007987200000570738,691.345703125
ariad,20000,32,0,50,0.10309375077486038,0.21881875,0.689078125,640000,2880000,3520000,144.0,2826240000,0.013287300000229152,0.007939199999782431,691.345703125
ariad,20000,32,0,51,0.10193876922130585,0.241959375,0.683596875,640000,2880000,3520000,144.0,2826240000,0.013311300000168558,0.008010600000488921,691.345703125
ariad,20000,32,0,52,0.10057685524225235,0.2672875,0.680240625,640000,2880000,3520000,144.0,2826240000,0.013320399999429355,0.008004799999980605,690.876953125
ariad,20000,32,0,53,0.09895427525043488,0.294584375,0.67994375,640000,2880000,3520000,144.0,2826240000,0.015296600000510807,0.009957000000213156,691.345703125
ariad,20000,32,0,54,0.09708264470100403,0.323178125,0.6824203125,640000,2880000,3520000,144.0,2826240000,0.013365499999963504,0.008127299999614479,691.345703125
ariad,20000,32,0,55,0.09493279457092285,0.35245,0.687915625,640000,2880000,3520000,144.0,2826240000,0.013141499999619555,0.008030300000427815,691.345703125
ariad,20000,32,0,56,0.0924820676445961,0.3816546875,0.6961453125,640000,2880000,3520000,144.0,2826240000,0.013939700000264565,0.008772499999395222,691.345703125
ariad,20000,32,0,57,0.0897502526640892,0.41029375,0.7067234375,640000,2880000,3520000,144.0,2826240000,0.013264999999591964,0.0081304999994245,691.345703125
ariad,20000,32,0,58,0.08669264614582062,0.4377734375,0.7184921875,640000,2880000,3520000,144.0,2826240000,0.013289900000017951,0.008133799999995972,690.876953125
ariad,20000,32,0,59,0.08334516733884811,0.462871875,0.7303734375,640000,2880000,3520000,144.0,2826240000,0.013095799999973678,0.007993600000190781,691.345703125
ariad,20000,32,0,60,0.07970347255468369,0.4851890625,0.7407859375,640000,2880000,3520000,144.0,2826240000,0.013077200000225275,0.008005100000445964,691.345703125
ariad,20000,32,0,61,0.0757339671254158,0.505534375,0.7506875,640000,2880000,3520000,144.0,2826240000,0.013803499999994528,0.008684599999469356,691.345703125
ariad,20000,32,0,62,0.07151352614164352,0.5235703125,0.7605015625,640000,2880000,3520000,144.0,2826240000,0.013048900000285357,0.008002900000064983,691.345703125
ariad,20000,32,0,63,0.06707516312599182,0.5392046875,0.7689609375,640000,2880000,3520000,144.0,2826240000,0.013010399999984656,0.008002500000657164,691.345703125
ariad,20000,32,0,64,0.06253879517316818,0.5532265625,0.77678125,640000,2880000,3520000,144.0,2826240000,0.012981500000023516,0.008006500000192318,690.876953125
ariad,20000,32,0,65,0.05801966413855553,0.5659578125,0.78355625,640000,2880000,3520000,144.0,2826240000,0.013339099999939208,0.008291899999676389,691.345703125
ariad,20000,32,0,66,0.05360185354948044,0.576975,0.7898109375,640000,2880000,3520000,144.0,2826240000,0.013081200000669924,0.008078199999545177,691.345703125
ariad,20000,32,0,67,0.049448974430561066,0.5869484375,0.795803125,640000,2880000,3520000,144.0,2826240000,0.013059900000371272,0.008064699999522418,691.345703125
ariad,20000,32,0,68,0.045621439814567566,0.596234375,0.800796875,640000,2880000,3520000,144.0,2826240000,0.013625700000375218,0.008602500000051805,691.345703125
ariad,20000,32,0,69,0.042155276983976364,0.605090625,0.8050328125,640000,2880000,3520000,144.0,2826240000,0.013285899999573303,0.008186799999748473,691.345703125
ariad,20000,32,0,70,0.03901778906583786,0.6138171875,0.808753125,640000,2880000,3520000,144.0,2826240000,0.013112200000250596,0.008045900000070105,690.876953125
ariad,20000,32,0,71,0.036223169416189194,0.62266875,0.81083125,640000,2880000,3520000,144.0,2826240000,0.012927400000080524,0.007986000000528293,691.345703125
ariad,20000,32,0,72,0.033720165491104126,0.63130625,0.812228125,640000,2880000,3520000,144.0,2826240000,0.013146999999662512,0.008165100000042003,691.345703125
ariad,20000,32,0,73,0.03147821128368378,0.6398625,0.813090625,640000,2880000,3520000,144.0,2826240000,0.012904100000014296,0.007969500000399421,691.345703125
ariad,20000,32,0,74,0.029491836205124855,0.64840625,0.813040625,640000,2880000,3520000,144.0,2826240000,0.013024500000028638,0.008062599999902886,691.345703125
ariad,20000,32,0,75,0.02771110087633133,0.6566796875,0.8124875,640000,2880000,3520000,144.0,2826240000,0.013179000000491214,0.008118699999613455,691.345703125
ariad,20000,32,0,76,0.026050185784697533,0.66463125,0.811934375,640000,2880000,3520000,144.0,2826240000,0.013215199999649485,0.00805579999996553,690.876953125
ariad,20000,32,0,77,0.02446586824953556,0.67245625,0.810678125,640000,2880000,3520000,144.0,2826240000,0.012899400000605965,0.00789100000019971,691.345703125
ariad,20000,32,0,78,0.022956212982535362,0.6801421875,0.8095484375,640000,2880000,3520000,144.0,2826240000,0.012928199999805656,0.007990700000846118,691.345703125
ariad,20000,32,0,79,0.021500829607248306,0.6881828125,0.808653125,640000,2880000,3520000,144.0,2826240000,0.013822199999594886,0.008362499999748252,691.345703125
ariad,20000,32,0,80,0.02007324807345867,0.6958015625,0.8077765625,640000,2880000,3520000,144.0,2826240000,0.01374630000009347,0.008707099999810453,691.345703125
ariad,20000,32,0,81,0.018694790080189705,0.703359375,0.807175,640000,2880000,3520000,144.0,2826240000,0.01304800000070827,0.008041699999921548,691.345703125
ariad,20000,32,0,82,0.017393087968230247,0.7106609375,0.8066796875,640000,2880000,3520000,144.0,2826240000,0.0132235999999466,0.008149100000082399,690.876953125
ariad,20000,32,0,83,0.016159674152731895,0.7180828125,0.8069234375,640000,2880000,3520000,144.0,2826240000,0.013190900000154215,0.008145699999658973,691.345703125
ariad,20000,32,0,84,0.01501438394188881,0.7252671875,0.8075890625,640000,2880000,3520000,144.0,2826240000,0.01315100000010716,0.008112399999845366,691.345703125
ariad,20000,32,0,85,0.013943925499916077,0.7325796875,0.8086453125,640000,2880000,3520000,144.0,2826240000,0.013607599999886588,0.008453399999780231,691.345703125
ariad,20000,32,0,86,0.012930750846862793,0.7399125,0.810071875,640000,2880000,3520000,144.0,2826240000,0.013101700000333949,0.008001899999726447,691.345703125
ariad,20000,32,0,87,0.011963898316025734,0.7469484375,0.8119234375,640000,2880000,3520000,144.0,2826240000,0.013104200000270794,0.008059900000262132,691.345703125
ariad,20000,32,0,88,0.01105012372136116,0.7539421875,0.8144,640000,2880000,3520000,144.0,2826240000,0.013177099999666098,0.008093800000096962,690.876953125
ariad,20000,32,0,89,0.010196416638791561,0.7607234375,0.817059375,640000,2880000,3520000,144.0,2826240000,0.013097000000016124,0.008113500000035856,691.345703125
ariad,20000,32,0,90,0.009411182254552841,0.7675015625,0.8194125,640000,2880000,3520000,144.0,2826240000,0.01746779999939463,0.012434699999175791,691.345703125
ariad,20000,32,0,91,0.008695495314896107,0.773828125,0.8215125,640000,2880000,3520000,144.0,2826240000,0.014413500000046042,0.00811009999961243,691.345703125
ariad,20000,32,0,92,0.008056261576712132,0.780178125,0.8242296875,640000,2880000,3520000,144.0,2826240000,0.012896799999907671,0.00795990000005986,691.345703125
ariad,20000,32,0,93,0.007469907868653536,0.7865125,0.8268640625,640000,2880000,3520000,144.0,2826240000,0.013125899999977264,0.008146299999680195,691.345703125
ariad,20000,32,0,94,0.006930341012775898,0.7925125,0.8298640625,640000,2880000,3520000,144.0,2826240000,0.013186099999984435,0.008122700000058103,690.876953125
ariad,20000,32,0,95,0.006435995455831289,0.798325,0.8326625,640000,2880000,3520000,144.0,2826240000,0.013652799999363197,0.008662400000503112,691.345703125
ariad,20000,32,0,96,0.005983144510537386,0.8039484375,0.83559375,640000,2880000,3520000,144.0,2826240000,0.01301459999922372,0.007986499999788066,691.345703125
ariad,20000,32,0,97,0.005546814762055874,0.8090375,0.8388109375,640000,2880000,3520000,144.0,2826240000,0.016259500000160187,0.010296999999809486,691.345703125
ariad,20000,32,0,98,0.005112722981721163,0.8138453125,0.842484375,640000,2880000,3520000,144.0,2826240000,0.012990499999432359,0.0079637000008006,691.345703125
ariad,20000,32,0,99,0.004677495453506708,0.818584375,0.8459078125,640000,2880000,3520000,144.0,2826240000,0.013178500000321947,0.008045699999456701,691.345703125
ariad,20000,32,0,100,0.0042456588707864285,0.823378125,0.8492265625,640000,2880000,3520000,144.0,2826240000,0.014258000000154425,0.008682800000315183,690.876953125
ariad,20000,32,0,101,0.0038284247275441885,0.8281828125,0.852128125,640000,2880000,3520000,144.0,2826240000,0.013123700000505778,0.0081015000005209,691.345703125
ariad,20000,32,0,102,0.003437241306528449,0.8330328125,0.8552125,640000,2880000,3520000,144.0,2826240000,0.012947100000019418,0.007969400000547466,691.345703125
ariad,20000,32,0,103,0.0030786304268985987,0.8381921875,0.8577328125,640000,2880000,3520000,144.0,2826240000,0.01305560000037076,0.008072999999967578,691.345703125
ariad,20000,32,0,104,0.002753631444647908,0.8430828125,0.8602796875,640000,2880000,3520000,144.0,2826240000,0.013827099999616621,0.007916000000477652,691.345703125
ariad,20000,32,0,105,0.002460608258843422,0.8478703125,0.8620984375,640000,2880000,3520000,144.0,2826240000,0.01297450000038225,0.008014000000002852,691.345703125
ariad,20000,32,0,106,0.002198586706072092,0.8525109375,0.8639921875,640000,2880000,3520000,144.0,2826240000,0.012997199999517761,0.008020700000088254,690.876953125
ariad,20000,32,0,107,0.001968025928363204,0.856828125,0.865796875,640000,2880000,3520000,144.0,2826240000,0.01305419999971491,0.008056099999521393,691.345703125
ariad,20000,32,0,108,0.001770057249814272,0.8608328125,0.8671515625,640000,2880000,3520000,144.0,2826240000,0.01381889999993291,0.008806900000308815,691.345703125
ariad,20000,32,0,109,0.00160501548089087,0.8645171875,0.86905625,640000,2880000,3520000,144.0,2826240000,0.013054899999588088,0.008051499999965017,691.345703125
ariad,20000,32,0,110,0.0014708633534610271,0.8679640625,0.8707078125,640000,2880000,3520000,144.0,2826240000,0.013046799999756331,0.008074399999713933,691.345703125
ariad,20000,32,0,111,0.0013623622944578528,0.87096875,0.8724953125,640000,2880000,3520000,144.0,2826240000,0.013142800000423449,0.0081876000003831,691.345703125
ariad,20000,32,0,112,0.001271408167667687,0.873459375,0.87446875,640000,2880000,3520000,144.0,2826240000,0.013141299999915645,0.008103299999675073,690.876953125
ariad,20000,32,0,113,0.0011890048626810312,0.8757203125,0.876728125,640000,2880000,3520000,144.0,2826240000,0.012930400000186637,0.008004299999811337,691.345703125
ariad,20000,32,0,114,0.001108119497075677,0.87761875,0.878984375,640000,2880000,3520000,144.0,2826240000,0.012886299999991024,0.007959499999742548,691.345703125
ariad,20000,32,0,115,0.001026076846756041,0.879459375,0.8814734375,640000,2880000,3520000,144.0,2826240000,0.013033399999585527,0.008046799999647192,691.345703125
ariad,20000,32,0,116,0.0009432145743630826,0.8811296875,0.8839234375,640000,2880000,3520000,144.0,2826240000,0.012815400000363297,0.007896099999925354,691.345703125
ariad,20000,32,0,117,0.0008622087188996375,0.882959375,0.886296875,640000,2880000,3520000,144.0,2826240000,0.013259199999993143,0.008233800000198244,691.345703125
ariad,20000,32,0,118,0.0007854822906665504,0.8847640625,0.8885125,640000,2880000,3520000,144.0,2826240000,0.012908900000184076,0.007949900000312482,690.876953125
ariad,20000,32,0,119,0.0007145353010855615,0.8865625,0.8906953125,640000,2880000,3520000,144.0,2826240000,0.013349299999390496,0.008258299999397423,691.345703125
ariad,20000,32,0,120,0.0006502370815724134,0.88825625,0.89263125,640000,2880000,3520000,144.0,2826240000,0.013006099999984144,0.008080800000243471,691.345703125
ariad,20000,32,0,121,0.0005928281461820006,0.8898859375,0.894425,640000,2880000,3520000,144.0,2826240000,0.013000499999179738,0.008010499999727472,691.345703125
ariad,20000,32,0,122,0.0005418507498688996,0.8914203125,0.8959265625,640000,2880000,3520000,144.0,2826240000,0.012844800000493706,0.007919699999547447,691.345703125
ariad,20000,32,0,123,0.0004969895235262811,0.892875,0.8973375,640000,2880000,3520000,144.0,2826240000,0.013077700000394543,0.00805209999998624,691.345703125
ariad,20000,32,0,124,0.00045763186062686145,0.8942140625,0.8985984375,640000,2880000,3520000,144.0,2826240000,0.012976699999853736,0.007998500000212516,690.876953125
ariad,20000,32,0,125,0.00042311218567192554,0.89541875,0.89988125,640000,2880000,3520000,144.0,2826240000,0.01299020000078599,0.008012400000552589,691.345703125
ariad,20000,32,0,126,0.0003927515645045787,0.8965765625,0.9009171875,640000,2880000,3520000,144.0,2826240000,0.013868199999706121,0.008816800000204239,691.345703125
ariad,20000,32,0,127,0.0003657298511825502,0.8975671875,0.901946875,640000,2880000,3520000,144.0,2826240000,0.01291179999952874,0.007985999999618798,691.345703125
ariad,20000,32,0,128,0.000341380073223263,0.8985046875,0.9029109375,640000,2880000,3520000,144.0,2826240000,0.013084200000776036,0.008076500000242959,691.345703125
ariad,20000,32,0,129,0.00031888249213807285,0.899371875,0.903778125,640000,2880000,3520000,144.0,2826240000,0.012932499999806168,0.007981800000379735,691.345703125
ariad,20000,32,0,130,0.0002980793942697346,0.9001125,0.9045046875,640000,2880000,3520000,144.0,2826240000,0.01307600000018283,0.008082099999228376,690.876953125
ariad,20000,32,0,131,0.00027897360268980265,0.9008703125,0.90524375,640000,2880000,3520000,144.0,2826240000,0.012993300000744057,0.008040800000344461,691.345703125
ariad,20000,32,0,132,0.0002616906713228673,0.9015765625,0.9060125,640000,2880000,3520000,144.0,2826240000,0.013061999999990803,0.008064600000579958,691.345703125
ariad,20000,32,0,133,0.00024604491773061454,0.9022171875,0.9066140625,640000,2880000,3520000,144.0,2826240000,0.013684800000191899,0.00807989999975689,691.345703125
ariad,20000,32,0,134,0.0002319539780728519,0.90285,0.9070375,640000,2880000,3520000,144.0,2826240000,0.012969499999599066,0.008039100000132748,691.345703125
ariad,20000,32,0,135,0.00021920684957876801,0.9034796875,0.9076109375,640000,2880000,3520000,144.0,2826240000,0.013003000000026077,0.008014600000024075,691.345703125
ariad,20000,32,0,136,0.00020785044762305915,0.9040609375,0.9081625,640000,2880000,3520000,144.0,2826240000,0.012964599999577331,0.007987799999682466,690.876953125
ariad,20000,32,0,137,0.0001977605134015903,0.904565625,0.9087140625,640000,2880000,3520000,144.0,2826240000,0.013048499999968044,0.008071600000221224,691.345703125
ariad,20000,32,0,138,0.00018866419850382954,0.9050203125,0.909259375,640000,2880000,3520000,144.0,2826240000,0.012971700000889541,0.008014000000002852,691.345703125
ariad,20000,32,0,139,0.0001803126506274566,0.905425,0.9097046875,640000,2880000,3520000,144.0,2826240000,0.01300119999996241,0.008024499999919499,691.345703125
ariad,20000,32,0,140,0.00017266029317397624,0.9058625,0.910090625,640000,2880000,3520000,144.0,2826240000,0.012870999999904598,0.00795639999978448,691.345703125
ariad,20000,32,0,141,0.00016590558516327292,0.906303125,0.910490625,640000,2880000,3520000,144.0,2826240000,0.013329200000043784,0.008206100000279548,691.345703125
ariad,20000,32,0,142,0.0001599991082912311,0.9067328125,0.91080625,640000,2880000,3520000,144.0,2826240000,0.012919800000418036,0.007958399999552057,690.876953125
ariad,20000,32,0,143,0.00015500979498028755,0.90713125,0.911253125,640000,2880000,3520000,144.0,2826240000,0.013005799999518786,0.008066400000643625,691.345703125
ariad,20000,32,0,144,0.00015063051250763237,0.907525,0.9117046875,640000,2880000,3520000,144.0,2826240000,0.013064200000371784,0.008041900000534952,691.345703125
ariad,20000,32,0,145,0.0001467431866331026,0.9078875,0.912015625,640000,2880000,3520000,144.0,2826240000,0.013058600000476872,0.008069200000136334,691.345703125
ariad,20000,32,0,146,0.0001432422432117164,0.9082546875,0.912425,640000,2880000,3520000,144.0,2826240000,0.013071899999886227,0.008088800000223273,691.345703125
ariad,20000,32,0,147,0.00014002907846588641,0.90855625,0.9128015625,640000,2880000,3520000,144.0,2826240000,0.012869099999988975,0.007948299999952724,691.345703125
ariad,20000,32,0,148,0.00013708700134884566,0.9087890625,0.9130234375,640000,2880000,3520000,144.0,2826240000,0.013683799999853363,0.008248699999967357,690.876953125
ariad,20000,32,0,149,0.0001344568154308945,0.9090890625,0.9133078125,640000,2880000,3520000,144.0,2826240000,0.01378980000026786,0.008757100000366336,691.345703125
ariad,20000,32,0,150,0.0001321938179899007,0.909303125,0.9136328125,640000,2880000,3520000,144.0,2826240000,0.012987199999770382,0.008049700000810844,691.345703125
ariad,20000,32,0,151,0.0001302222954109311,0.909575,0.913959375,640000,2880000,3520000,144.0,2826240000,0.01296490000004269,0.008011599999917962,691.345703125
ariad,20000,32,0,152,0.00012847933976445347,0.9098234375,0.9142015625,640000,2880000,3520000,144.0,2826240000,0.013079600000310165,0.008050299999922572,691.345703125
ariad,20000,32,0,153,0.00012694534962065518,0.9100546875,0.9144734375,640000,2880000,3520000,144.0,2826240000,0.013036399999691639,0.008077999999841268,691.345703125
ariad,20000,32,0,154,0.00012553445412777364,0.9103234375,0.914759375,640000,2880000,3520000,144.0,2826240000,0.01299620000008872,0.008001599999261089,690.876953125
ariad,20000,32,0,155,0.00012428352783899754,0.9105375,0.9150171875,640000,2880000,3520000,144.0,2826240000,0.012924300000122457,0.007941199999550008,691.345703125
ariad,20000,32,0,156,0.00012312429316807538,0.9107453125,0.915175,640000,2880000,3520000,144.0,2826240000,0.013040300000284333,0.008078199999545177,691.345703125
ariad,20000,32,0,157,0.0001221731217810884,0.9109171875,0.91540625,640000,2880000,3520000,144.0,2826240000,0.012923199999931967,0.007930099999612139,691.345703125
ariad,20000,32,0,158,0.00012129907554481179,0.9111140625,0.9156125,640000,2880000,3520000,144.0,2826240000,0.012975099999493978,0.007994800000233226,691.345703125
ariad,20000,32,0,159,0.0001205650987685658,0.9112953125,0.9158125,640000,2880000,3520000,144.0,2826240000,0.012937800000145216,0.007966899999701127,691.345703125
ariad,20000,32,0,160,0.00011987418838543817,0.911503125,0.91599375,640000,2880000,3520000,144.0,2826240000,0.013056099999630533,0.008140300000377465,690.876953125
ariad,20000,32,0,161,0.00011924701539101079,0.9117140625,0.916203125,640000,2880000,3520000,144.0,2826240000,0.013110699999742792,0.008147799999278504,691.345703125
ariad,20000,32,0,162,0.00011871473543578759,0.9118484375,0.9163578125,640000,2880000,3520000,144.0,2826240000,0.012971699999980046,0.008028499999454652,691.345703125
ariad,20000,32,0,163,0.00011826966510852799,0.9119828125,0.9165,640000,2880000,3520000,144.0,2826240000,0.013692199999240984,0.008683200000632496,691.345703125
ariad,20000,32,0,164,0.00011779990745708346,0.9121609375,0.9167296875,640000,2880000,3520000,144.0,2826240000,0.01314639999964129,0.008062799999606796,691.345703125
ariad,20000,32,0,165,0.0001174947974504903,0.9123234375,0.9168984375,640000,2880000,3520000,144.0,2826240000,0.012958000000253378,0.008004299999811337,691.345703125
ariad,20000,32,0,166,0.00011717524466803297,0.912453125,0.917046875,640000,2880000,3520000,144.0,2826240000,0.013134400000126334,0.008064700000431912,690.876953125
ariad,20000,32,0,167,0.0001169125534943305,0.9125953125,0.9171828125,640000,2880000,3520000,144.0,2826240000,0.013221700000030978,0.008144299999912619,691.345703125
ariad,20000,32,0,168,0.00011664065095828846,0.912721875,0.9173578125,640000,2880000,3520000,144.0,2826240000,0.013050300000031712,0.008056699999542616,691.345703125
ariad,20000,32,0,169,0.00011640573211479932,0.9128375,0.917475,640000,2880000,3520000,144.0,2826240000,0.012986100000489387,0.008019299999432405,691.345703125
ariad,20000,32,0,170,0.0001161943728220649,0.9129578125,0.9175921875,640000,2880000,3520000,144.0,2826240000,0.013740500000494649,0.008555299999898125,691.345703125
ariad,20000,32,0,171,0.00011599924619076774,0.9130734375,0.9177078125,640000,2880000,3520000,144.0,2826240000,0.013079600000310165,0.008048199999393546,691.345703125
ariad,20000,32,0,172,0.0001158316372311674,0.9131859375,0.9178640625,640000,2880000,3520000,144.0,2826240000,0.012910000000374566,0.00797080000029382,690.876953125
ariad,20000,32,0,173,0.00011569425987545401,0.9133046875,0.9180015625,640000,2880000,3520000,144.0,2826240000,0.01295399999980873,0.007995699999810313,691.345703125
ariad,20000,32,0,174,0.00011556594108697027,0.91343125,0.9181484375,640000,2880000,3520000,144.0,2826240000,0.01317780000044877,0.008147199999257282,691.345703125
ariad,20000,32,0,175,0.00011547025496838614,0.913521875,0.9182359375,640000,2880000,3520000,144.0,2826240000,0.013065499999356689,0.008128999999826192,691.345703125
ariad,20000,32,0,176,0.00011534094664966688,0.9135875,0.918378125,640000,2880000,3520000,144.0,2826240000,0.012942199999997683,0.007958500000313506,691.345703125
ariad,20000,32,0,177,0.00011524765432113782,0.9136921875,0.91850625,640000,2880000,3520000,144.0,2826240000,0.012952099999893107,0.008037999999942258,691.345703125
ariad,20000,32,0,178,0.00011512019409565255,0.9137984375,0.918578125,640000,2880000,3520000,144.0,2826240000,0.013138599999365397,0.008104000000457745,690.876953125
ariad,20000,32,0,179,0.00011504051508381963,0.913890625,0.918625,640000,2880000,3520000,144.0,2826240000,0.012945099999342347,0.008017000000108965,691.345703125
ariad,20000,32,0,180,0.00011494270438561216,0.9139703125,0.918728125,640000,2880000,3520000,144.0,2826240000,0.012957799999639974,0.008024900000236812,691.345703125
ariad,20000,32,0,181,0.00011484937567729503,0.9140640625,0.918846875,640000,2880000,3520000,144.0,2826240000,0.015252900000632508,0.01030700000046636,691.345703125
ariad,20000,32,0,182,0.00011478776286821812,0.9141625,0.9189703125,640000,2880000,3520000,144.0,2826240000,0.013162000000193075,0.00818879999951605,691.345703125
ariad,20000,32,0,183,0.00011473800987005234,0.9142359375,0.9190578125,640000,2880000,3520000,144.0,2826240000,0.013006399999540008,0.008036600000195904,691.345703125
ariad,20000,32,0,184,0.00011469281889731064,0.9143234375,0.91916875,640000,2880000,3520000,144.0,2826240000,0.01302789999954257,0.008020799999940209,690.876953125
ariad,20000,32,0,185,0.00011463341070339084,0.9144,0.919259375,640000,2880000,3520000,144.0,2826240000,0.015968400000019756,0.008078300000306626,691.345703125
ariad,20000,32,0,186,0.00011460173118393868,0.91446875,0.919340625,640000,2880000,3520000,144.0,2826240000,0.013123199999427015,0.008101899999928719,691.345703125
ariad,20000,32,0,187,0.00011455082858446985,0.9145765625,0.9194703125,640000,2880000,3520000,144.0,2826240000,0.013047200000073644,0.008092299999589159,691.345703125
ariad,20000,32,0,188,0.00011450308375060558,0.91464375,0.919534375,640000,2880000,3520000,144.0,2826240000,0.013100199999826145,0.008121400000163703,691.345703125
ariad,20000,32,0,189,0.00011445042764535174,0.9147375,0.91965625,640000,2880000,3520000,144.0,2826240000,0.013225499999862222,0.00822379999954137,691.345703125
ariad,20000,32,0,190,0.00011440012167440727,0.91483125,0.9197140625,640000,2880000,3520000,144.0,2826240000,0.012929099999382743,0.007968399999299436,690.876953125
ariad,20000,32,0,191,0.00011435665510362014,0.9148890625,0.9197640625,640000,2880000,3520000,144.0,2826240000,0.013106299999890325,0.008121699999719567,691.345703125
ariad,20000,32,0,192,0.00011427437129896134,0.9149546875,0.919840625,640000,2880000,3520000,144.0,2826240000,0.01325390000056359,0.007943700000396348,691.345703125
ariad,20000,32,0,193,0.00011423675459809601,0.915040625,0.9199515625,640000,2880000,3520000,144.0,2826240000,0.013046899999608286,0.008024599999771453,691.345703125
ariad,20000,32,0,194,0.00011421088856877759,0.91513125,0.920078125,640000,2880000,3520000,144.0,2826240000,0.013016099999731523,0.008073899999544665,691.345703125
ariad,20000,32,0,195,0.00011418661597417668,0.915215625,0.9201328125,640000,2880000,3520000,144.0,2826240000,0.012893800000711053,0.007951100000354927,691.345703125
ariad,20000,32,0,196,0.00011414373875595629,0.9153140625,0.92023125,640000,2880000,3520000,144.0,2826240000,0.013875300000108837,0.008870799999385781,690.876953125
ariad,20000,32,0,197,0.00011410724982852116,0.9154296875,0.9203421875,640000,2880000,3520000,144.0,2826240000,0.013030000000071595,0.00802890000068146,691.345703125
ariad,20000,32,0,198,0.00011406168778194115,0.9155140625,0.920440625,640000,2880000,3520000,144.0,2826240000,0.013093300000036834,0.008077100000264181,691.345703125
ariad,20000,32,0,199,0.00011402962991269305,0.915590625,0.9205390625,640000,2880000,3520000,144.0,2826240000,0.01294179999968037,0.007944400000269525,691.345703125
ariad,20000,32,0,200,0.00011400927178328857,0.915653125,0.9206109375,640000,2880000,3520000,144.0,2826240000,0.013121400000272843,0.008072100000390492,691.345703125
ariad,20000,32,0,201,0.00011398458445910364,0.915734375,0.9206890625,640000,2880000,3520000,144.0,2826240000,0.013039999999818974,0.008087600000180828,691.345703125
ariad,20000,32,0,202,0.00011394883040338755,0.9158296875,0.920778125,640000,2880000,3520000,144.0,2826240000,0.012907399999676272,0.007934000000204833,690.876953125
ariad,20000,32,0,203,0.00011391725274734199,0.9158859375,0.9208578125,640000,2880000,3520000,144.0,2826240000,0.013004600000385835,0.008056100000430888,691.345703125
ariad,20000,32,0,204,0.00011389375868020579,0.9159578125,0.920946875,640000,2880000,3520000,144.0,2826240000,0.01300580000042828,0.008002999999916938,691.345703125
ariad,20000,32,0,205,0.00011387978156562895,0.91601875,0.9209875,640000,2880000,3520000,144.0,2826240000,0.013063000000329339,0.008074200000010023,691.345703125
ariad,20000,32,0,206,0.00011385910329408944,0.9160671875,0.9210671875,640000,2880000,3520000,144.0,2826240000,0.012925300000460993,0.00800230000004376,691.345703125
ariad,20000,32,0,207,0.0001138410298153758,0.91611875,0.9211265625,640000,2880000,3520000,144.0,2826240000,0.013833899999553978,0.008008200000404031,691.345703125
ariad,20000,32,0,208,0.00011383074161130935,0.9161796875,0.921190625,640000,2880000,3520000,144.0,2826240000,0.013032800000473799,0.008046300000387419,690.876953125
ariad,20000,32,0,209,0.0001138127627200447,0.9162421875,0.9212625,640000,2880000,3520000,144.0,2826240000,0.012982999999621825,0.008018699999411183,691.345703125
ariad,20000,32,0,210,0.00011378325871191919,0.916315625,0.9213328125,640000,2880000,3520000,144.0,2826240000,0.013046600000052422,0.008088300000054005,691.345703125
ariad,20000,32,0,211,0.00011376095790183172,0.9163609375,0.92138125,640000,2880000,3520000,144.0,2826240000,0.01307489999999234,0.008044799999879615,691.345703125
ariad,20000,32,0,212,0.00011375595931895077,0.916415625,0.9214484375,640000,2880000,3520000,144.0,2826240000,0.012952199999745062,0.008026800000152434,691.345703125
ariad,20000,32,0,213,0.0001136942591983825,0.9164609375,0.921509375,640000,2880000,3520000,144.0,2826240000,0.012953499999639462,0.0080232000000251,691.345703125
ariad,20000,32,0,214,0.000113662303192541,0.9165265625,0.9215671875,640000,2880000,3520000,144.0,2826240000,0.013965299999654235,0.008633299999928568,690.876953125
ariad,20000,32,0,215,0.00011364638339728117,0.91658125,0.92163125,640000,2880000,3520000,144.0,2826240000,0.013005799999518786,0.007999099999324244,691.345703125
ariad,20000,32,0,216,0.00011363134399289265,0.916628125,0.9216828125,640000,2880000,3520000,144.0,2826240000,0.012899299999844516,0.007958099999996193,691.345703125
ariad,20000,32,0,217,0.00011361190991010517,0.91666875,0.9217453125,640000,2880000,3520000,144.0,2826240000,0.013031600000431354,0.008061099999395083,691.345703125
ariad,20000,32,0,218,0.00011359575728420168,0.9167125,0.9217984375,640000,2880000,3520000,144.0,2826240000,0.013093899999148562,0.008066999999755353,691.345703125
ariad,20000,32,0,219,0.00011356384493410587,0.9167875,0.9218859375,640000,2880000,3520000,144.0,2826240000,0.013009199999942211,0.008087199999863515,691.345703125
ariad,20000,32,0,220,0.00011355514288879931,0.9168453125,0.92195625,640000,2880000,3520000,144.0,2826240000,0.013084199999866541,0.008102900000267255,690.876953125
ariad,20000,32,0,221,0.00011354104935890064,0.916896875,0.92200625,640000,2880000,3520000,144.0,2826240000,0.012930599999890546,0.007936099999824364,691.345703125
ariad,20000,32,0,222,0.00011352426372468472,0.9169515625,0.922065625,640000,2880000,3520000,144.0,2826240000,0.013040699999692151,0.008050100000218663,691.345703125
ariad,20000,32,0,223,0.00011350442218827084,0.91699375,0.9221203125,640000,2880000,3520000,144.0,2826240000,0.012890699999843491,0.007958600000165461,691.345703125
ariad,20000,32,0,224,0.00011348848056513816,0.91705,0.9221796875,640000,2880000,3520000,144.0,2826240000,0.012988299999960873,0.00799410000036005,691.345703125
ariad,20000,32,0,225,0.00011345739039825276,0.91710625,0.9222390625,640000,2880000,3520000,144.0,2826240000,0.013067800000499119,0.008080100000370294,691.345703125
ariad,20000,32,0,226,0.00011344890663167462,0.91715625,0.9222921875,640000,2880000,3520000,144.0,2826240000,0.012932999999975436,0.007988600000317092,690.876953125
ariad,20000,32,0,227,0.00011344702215865254,0.917184375,0.9223296875,640000,2880000,3520000,144.0,2826240000,0.013035199999649194,0.008064900000135822,691.345703125
ariad,20000,32,0,228,0.0001134367412305437,0.9172328125,0.9223765625,640000,2880000,3520000,144.0,2826240000,0.01290199999948527,0.007959399999890593,691.345703125
ariad,20000,32,0,229,0.00011342178186168894,0.91730625,0.922440625,640000,2880000,3520000,144.0,2826240000,0.013417500000286964,0.008305700000164506,691.345703125
ariad,20000,32,0,230,0.00011340617493260652,0.917346875,0.9224828125,640000,2880000,3520000,144.0,2826240000,0.013462500000059663,0.008370199999262695,691.345703125
ariad,20000,32,0,231,0.00011338822514517233,0.9173953125,0.9225375,640000,2880000,3520000,144.0,2826240000,0.012968699999873934,0.007999499999641557,691.345703125
ariad,20000,32,0,232,0.00011337916657794267,0.9174359375,0.9225796875,640000,2880000,3520000,144.0,2826240000,0.012899800000013784,0.007938699999613164,690.876953125
ariad,20000,32,0,233,0.00011334895680192858,0.9174953125,0.9226328125,640000,2880000,3520000,144.0,2826240000,0.013190900000154215,0.008149799999955576,691.345703125
ariad,20000,32,0,234,0.00011331751011312008,0.9175546875,0.9226890625,640000,2880000,3520000,144.0,2826240000,0.01315249999970547,0.008190599999579717,691.345703125
ariad,20000,32,0,235,0.00011330453708069399,0.9176171875,0.9227640625,640000,2880000,3520000,144.0,2826240000,0.013539999999920838,0.008486899999297748,691.345703125
ariad,20000,32,0,236,0.00011328948312439024,0.9176640625,0.9228140625,640000,2880000,3520000,144.0,2826240000,0.01435109999965789,0.008768699999563978,691.345703125
ariad,20000,32,0,237,0.00011328365508234128,0.91770625,0.922865625,640000,2880000,3520000,144.0,2826240000,0.013029499999902328,0.008065700000770448,691.345703125
ariad,20000,32,0,238,0.00011327342508593574,0.9177421875,0.92290625,640000,2880000,3520000,144.0,2826240000,0.013058800000180781,0.008086599999842292,690.876953125
ariad,20000,32,0,239,0.00011326232925057411,0.917778125,0.9229515625,640000,2880000,3520000,144.0,2826240000,0.013091499999973166,0.008096100000329898,691.345703125
ariad,20000,32,0,240,0.00011324279330438003,0.9178109375,0.922984375,640000,2880000,3520000,144.0,2826240000,0.013780900000710972,0.008721600000171748,691.345703125
ariad,20000,32,0,241,0.00011323957005515695,0.91784375,0.9230109375,640000,2880000,3520000,144.0,2826240000,0.013751099999353755,0.008041400000365684,691.345703125
ariad,20000,32,0,242,0.00011322464706609026,0.91789375,0.92306875,640000,2880000,3520000,144.0,2826240000,0.01310879999982717,0.008094899999377958,691.345703125
ariad,20000,32,0,243,0.00011321307101752609,0.9179453125,0.9231234375,640000,2880000,3520000,144.0,2826240000,0.013643400000546535,0.008167199999661534,691.345703125
ariad,20000,32,0,244,0.00011320191697450355,0.9179890625,0.9231703125,640000,2880000,3520000,144.0,2826240000,0.013106000000334461,0.008128800000122283,690.876953125
ariad,20000,32,0,245,0.0001131933750002645,0.9180359375,0.923225,640000,2880000,3520000,144.0,2826240000,0.013491400000020803,0.008448800000223855,691.345703125
ariad,20000,32,0,246,0.00011318564065732062,0.918078125,0.923259375,640000,2880000,3520000,144.0,2826240000,0.013830500000040047,0.007961000000250351,691.345703125
ariad,20000,32,0,247,0.00011317811004118994,0.918103125,0.9232890625,640000,2880000,3520000,144.0,2826240000,0.01319080000030226,0.008162000000083935,691.345703125
ariad,20000,32,0,248,0.00011316218296997249,0.9181609375,0.9233609375,640000,2880000,3520000,144.0,2826240000,0.013116999999510881,0.008093699999335513,691.345703125
ariad,20000,32,0,249,0.00011313774302834645,0.918221875,0.9234171875,640000,2880000,3520000,144.0,2826240000,0.013091300000269257,0.008091300000160118,691.345703125
ariad,20000,32,0,250,0.00011310977424727753,0.918275,0.92348125,640000,2880000,3520000,144.0,2826240000,0.01382590000048367,0.0085466999998971,690.876953125
ariad,20000,32,0,251,0.00011308314424240962,0.9183328125,0.92354375,640000,2880000,3520000,144.0,2826240000,0.013189299999794457,0.008097500000076252,691.345703125
ariad,20000,32,0,252,0.00011307927343295887,0.918371875,0.9235703125,640000,2880000,3520000,144.0,2826240000,0.013101600000481994,0.008097700000689656,691.345703125
ariad,20000,32,0,253,0.0001130669770645909,0.918425,0.923621875,640000,2880000,3520000,144.0,2826240000,0.013072699999611359,0.008063199999924109,691.345703125
ariad,20000,32,0,254,0.0001130551754613407,0.9184640625,0.92366875,640000,2880000,3520000,144.0,2826240000,0.013617500000691507,0.008026000000427302,691.345703125
ariad,20000,32,0,255,0.0001130469681811519,0.9184953125,0.92370625,640000,2880000,3520000,144.0,2826240000,0.013019900000472262,0.008025800000723393,691.345703125
ariad,20000,32,0,256,0.00011303223436698318,0.9185328125,0.923746875,640000,2880000,3520000,144.0,2826240000,0.013339100000848703,0.008151899999575107,690.876953125
ariad,20000,32,0,257,0.00011302099301246926,0.918578125,0.9237984375,640000,2880000,3520000,144.0,2826240000,0.01296860000002198,0.008006099999875005,691.345703125
ariad,20000,32,0,258,0.00011300617188680917,0.9186359375,0.9238515625,640000,2880000,3520000,144.0,2826240000,0.013127199999871664,0.008097299999462848,691.345703125
ariad,20000,32,0,259,0.00011298927711322904,0.918690625,0.92390625,640000,2880000,3520000,144.0,2826240000,0.01310009999997419,0.008026199999221717,691.345703125
ariad,20000,32,0,260,0.00011296884622424841,0.918725,0.92395,640000,2880000,3520000,144.0,2826240000,0.01310639999974228,0.008082399999693735,691.345703125
ariad,20000,32,0,261,0.00011295885633444414,0.9187671875,0.923984375,640000,2880000,3520000,144.0,2826240000,0.013641800000186777,0.008059099999627506,691.345703125
ariad,20000,32,0,262,0.0001129531956394203,0.9188,0.9240109375,640000,2880000,3520000,144.0,2826240000,0.01368579999962094,0.008581199999753153,690.876953125
ariad,20000,32,0,263,0.00011294714931864291,0.9188328125,0.924046875,640000,2880000,3520000,144.0,2826240000,0.012904500000331609,0.007918300000710587,691.345703125
ariad,20000,32,0,264,0.00011293394345557317,0.918878125,0.924103125,640000,2880000,3520000,144.0,2826240000,0.01293950000035693,0.007990999999492487,691.345703125
ariad,20000,32,0,265,0.00011292423732811585,0.9189203125,0.9241515625,640000,2880000,3520000,144.0,2826240000,0.013257700000394834,0.008000599999832048,691.345703125
ariad,20000,32,0,266,0.00011290737165836617,0.91896875,0.92420625,640000,2880000,3520000,144.0,2826240000,0.013415399999757938,0.008046599999943282,691.345703125
ariad,20000,32,0,267,0.00011289228859823197,0.91901875,0.9242671875,640000,2880000,3520000,144.0,2826240000,0.012944600000082573,0.008005100000445964,691.345703125
ariad,20000,32,0,268,0.00011286854714853689,0.919078125,0.924334375,640000,2880000,3520000,144.0,2826240000,0.012968799999725888,0.008011899999473826,690.876953125
ariad,20000,32,0,269,0.00011285764776403084,0.919128125,0.9243875,640000,2880000,3520000,144.0,2826240000,0.01303970000026311,0.008070599999882688,691.345703125
ariad,20000,32,0,270,0.00011283905041636899,0.919190625,0.9244515625,640000,2880000,3520000,144.0,2826240000,0.01291869999931805,0.007988199999999779,691.345703125
ariad,20000,32,0,271,0.00011281587649136782,0.9192453125,0.9245078125,640000,2880000,3520000,144.0,2826240000,0.01292739999917103,0.007931500000267988,691.345703125
ariad,20000,32,0,272,0.0001128056610468775,0.919284375,0.92455,640000,2880000,3520000,144.0,2826240000,0.012895400000161317,0.007897499999671709,691.345703125
ariad,20000,32,0,273,0.00011278771853540093,0.919334375,0.924609375,640000,2880000,3520000,144.0,2826240000,0.01305430000047636,0.008045399999900837,691.345703125
ariad,20000,32,0,274,0.00011274411372141913,0.919375,0.924665625,640000,2880000,3520000,144.0,2826240000,0.012938799999574258,0.008008900000277208,690.876953125
ariad,20000,32,0,275,0.00011273162090219557,0.919425,0.92471875,640000,2880000,3520000,144.0,2826240000,0.013050599999587575,0.008070699999734643,691.345703125
ariad,20000,32,0,276,0.00011270328832324594,0.9194796875,0.924784375,640000,2880000,3520000,144.0,2826240000,0.013002900000174122,0.008009999999558204,691.345703125
ariad,20000,32,0,277,0.00011267943045822904,0.9195484375,0.9248578125,640000,2880000,3520000,144.0,2826240000,0.013094599999931233,0.008050299999922572,691.345703125
ariad,20000,32,0,278,0.00011266669753240421,0.9196125,0.924928125,640000,2880000,3520000,144.0,2826240000,0.012997900000300433,0.007998500000212516,691.345703125
ariad,20000,32,0,279,0.00011265836656093597,0.9196484375,0.92496875,640000,2880000,3520000,144.0,2826240000,0.013068000000203028,0.008051099999647704,691.345703125
ariad,20000,32,0,280,0.00011265192006248981,0.919684375,0.9250046875,640000,2880000,3520000,144.0,2826240000,0.013086599999951432,0.008080199999312754,690.876953125
ariad,20000,32,0,281,0.00011264748172834516,0.9197234375,0.9250390625,640000,2880000,3520000,144.0,2826240000,0.012960600000042177,0.007998199999747158,691.345703125
ariad,20000,32,0,282,0.00011263222404522821,0.9197859375,0.9250953125,640000,2880000,3520000,144.0,2826240000,0.012896700000055716,0.007900499999777821,691.345703125
ariad,20000,32,0,283,0.00011261844338150695,0.9198359375,0.92515,640000,2880000,3520000,144.0,2826240000,0.012912299999698007,0.007961999999679392,691.345703125
ariad,20000,32,0,284,0.00011260053724981844,0.9198765625,0.92519375,640000,2880000,3520000,144.0,2826240000,0.013162499999452848,0.008181199999853561,691.345703125
ariad,20000,32,0,285,0.00011259560415055603,0.919915625,0.9252421875,640000,2880000,3520000,144.0,2826240000,0.013092900000629015,0.008159299999533687,691.345703125
ariad,20000,32,0,286,0.00011258541053393856,0.9199546875,0.9252828125,640000,2880000,3520000,144.0,2826240000,0.01292970000031346,0.007932399999845074,690.876953125
ariad,20000,32,0,287,0.00011257865116931498,0.9199984375,0.9253234375,640000,2880000,3520000,144.0,2826240000,0.01308690000041679,0.008110100000521925,691.345703125
ariad,20000,32,0,288,0.00011257646110607311,0.9200203125,0.92534375,640000,2880000,3520000,144.0,2826240000,0.013102199999593722,0.008135199999742326,691.345703125
ariad,20000,32,0,289,0.00011256837751716375,0.920059375,0.9253734375,640000,2880000,3520000,144.0,2826240000,0.01308199999948556,0.008051499999965017,691.345703125
ariad,20000,32,0,290,0.0001125641429098323,0.9200984375,0.925415625,640000,2880000,3520000,144.0,2826240000,0.013003399999433896,0.008088700000371318,691.345703125
ariad,20000,32,0,291,0.00011254892160650343,0.9201421875,0.9254671875,640000,2880000,3520000,144.0,2826240000,0.013060000000223226,0.00813930000003893,691.345703125
ariad,20000,32,0,292,0.0001125392154790461,0.920184375,0.9255046875,640000,2880000,3520000,144.0,2826240000,0.012882600000011735,0.007952300000397372,690.876953125
ariad,20000,32,0,293,0.00011251521937083453,0.9202328125,0.925559375,640000,2880000,3520000,144.0,2826240000,0.012883200000032957,0.007936300000437768,691.345703125
ariad,20000,32,0,294,0.00011250080569880083,0.9202859375,0.9256140625,640000,2880000,3520000,144.0,2826240000,0.01294439999946917,0.008016599999791651,691.345703125
ariad,20000,32,0,295,0.00011247828660998493,0.9203375,0.9256859375,640000,2880000,3520000,144.0,2826240000,0.013239600000815699,0.008142499999848951,691.345703125
ariad,20000,32,0,296,0.00011245851055718958,0.9203890625,0.925753125,640000,2880000,3520000,144.0,2826240000,0.013007399999878544,0.008003200000530342,691.345703125
ariad,20000,32,0,297,0.00011243714834563434,0.92045,0.925803125,640000,2880000,3520000,144.0,2826240000,0.013060899999800313,0.008095999999568448,691.345703125
ariad,20000,32,0,298,0.00011242227628827095,0.9205,0.9258484375,640000,2880000,3520000,144.0,2826240000,0.013400100000581006,0.00798930000019027,690.876953125
ariad,20000,32,0,299,0.000112366076791659,0.9205515625,0.9258921875,640000,2880000,3520000,144.0,2826240000,0.013033400000495021,0.008038300000407617,691.345703125
ariad,20000,32,0,300,0.00011236196587560698,0.9205921875,0.9259359375,640000,2880000,3520000,144.0,2826240000,0.012966600000254402,0.008007899999938672,691.345703125
ariad,20000,32,0,301,0.00011234835983486846,0.9206375,0.9259890625,640000,2880000,3520000,144.0,2826240000,0.01305439999941882,0.008082800000011048,691.345703125
ariad,20000,32,0,302,0.00011233174154767767,0.9206890625,0.926040625,640000,2880000,3520000,144.0,2826240000,0.013688600000023143,0.008201799999369541,691.345703125
ariad,20000,32,0,303,0.0001123146284953691,0.9207453125,0.9261,640000,2880000,3520000,144.0,2826240000,0.013034000000516244,0.008040500000788597,691.345703125
ariad,20000,32,0,304,0.00011230952804908156,0.9207859375,0.9261390625,640000,2880000,3520000,144.0,2826240000,0.012958400000570691,0.008034299999962968,690.876953125
ariad,20000,32,0,305,0.000112303183414042,0.9208265625,0.92618125,640000,2880000,3520000,144.0,2826240000,0.012850799999796436,0.007904000000053202,691.345703125
ariad,20000,32,0,306,0.00011229376832488924,0.9208640625,0.92621875,640000,2880000,3520000,144.0,2826240000,0.013845999999830383,0.008853600000293227,691.345703125
ariad,20000,32,0,307,0.00011226966307731345,0.9209140625,0.926265625,640000,2880000,3520000,144.0,2826240000,0.013039099999332393,0.008070300000326824,691.345703125
ariad,20000,32,0,308,0.0001122607645811513,0.92095,0.926321875,640000,2880000,3520000,144.0,2826240000,0.01300340000034339,0.00797359999978653,691.345703125
ariad,20000,32,0,309,0.00011223954788874835,0.9209953125,0.9263640625,640000,2880000,3520000,144.0,2826240000,0.013698499999918567,0.008235300000706047,691.345703125
ariad,20000,32,0,310,0.00011223344336031005,0.921021875,0.9263921875,640000,2880000,3520000,144.0,2826240000,0.013015300000006391,0.008061800000177755,690.876953125
ariad,20000,32,0,311,0.00011222602188354358,0.9210578125,0.9264296875,640000,2880000,3520000,144.0,2826240000,0.013646200000039244,0.00858429999971122,691.345703125
ariad,20000,32,0,312,0.00011221329623367637,0.921096875,0.92648125,640000,2880000,3520000,144.0,2826240000,0.012945100000251841,0.008001700000022538,691.345703125
ariad,20000,32,0,313,0.00011220310989301652,0.9211234375,0.9265140625,640000,2880000,3520000,144.0,2826240000,0.012948700000379176,0.007937599999422673,691.345703125
ariad,20000,32,0,314,0.00011218421423109248,0.921159375,0.9265484375,640000,2880000,3520000,144.0,2826240000,0.013421399999970163,0.008385300000554707,691.345703125
ariad,20000,32,0,315,0.00011218051804462448,0.921184375,0.9265796875,640000,2880000,3520000,144.0,2826240000,0.012903300000289164,0.007962099999531347,691.345703125
ariad,20000,32,0,316,0.00011217646533623338,0.92120625,0.926603125,640000,2880000,3520000,144.0,2826240000,0.013023499999690102,0.008001100000001315,690.876953125
ariad,20000,32,0,317,0.00011217009887332097,0.9212375,0.926646875,640000,2880000,3520000,144.0,2826240000,0.013792499999908614,0.008715899999515386,691.345703125
ariad,20000,32,0,318,0.0001121542154578492,0.9212734375,0.9266796875,640000,2880000,3520000,144.0,2826240000,0.013005300000259012,0.008042600000408129,691.345703125
ariad,20000,32,0,319,0.00011215030826861039,0.9213109375,0.926728125,640000,2880000,3520000,144.0,2826240000,0.01289939999969647,0.007958399999552057,691.345703125
ariad,20000,32,0,320,0.00011212972458451986,0.9213484375,0.9267625,640000,2880000,3520000,144.0,2826240000,0.013005799999518786,0.008039600000302016,691.345703125
ariad,20000,32,0,321,0.00011211614037165418,0.9213921875,0.9268078125,640000,2880000,3520000,144.0,2826240000,0.01311600000008184,0.008087199999863515,691.345703125
ariad,20000,32,0,322,0.00011210745287826285,0.9214328125,0.9268484375,640000,2880000,3520000,144.0,2826240000,0.013210600000093109,0.008197400000426569,690.876953125
ariad,20000,32,0,323,0.00011209768854314461,0.9214765625,0.9268984375,640000,2880000,3520000,144.0,2826240000,0.013051699999778066,0.008087900000646187,691.345703125
ariad,20000,32,0,324,0.00011208741489099339,0.9215296875,0.9269578125,640000,2880000,3520000,144.0,2826240000,0.013187900000048103,0.00799989999995887,691.345703125
ariad,20000,32,0,325,0.00011207944771740586,0.92158125,0.9270140625,640000,2880000,3520000,144.0,2826240000,0.012997400000131165,0.008004100000107428,691.345703125
ariad,20000,32,0,326,0.00011206121416762471,0.921628125,0.9270640625,640000,2880000,3520000,144.0,2826240000,0.01292479999938223,0.008001299999705225,691.345703125
ariad,20000,32,0,327,0.00011204440670553595,0.92165625,0.927096875,640000,2880000,3520000,144.0,2826240000,0.013023800000155461,0.008044500000323751,691.345703125
ariad,20000,32,0,328,0.00011203556641703472,0.92170625,0.9271515625,640000,2880000,3520000,144.0,2826240000,0.013065000000096916,0.008091200000308163,690.876953125
ariad,20000,32,0,329,0.00011202380119357258,0.921746875,0.9271953125,640000,2880000,3520000,144.0,2826240000,0.012878100000307313,0.007927899999231158,691.345703125
ariad,20000,32,0,330,0.00011201769666513428,0.921771875,0.9272328125,640000,2880000,3520000,144.0,2826240000,0.013106099999276921,0.008146799999849463,691.345703125
ariad,20000,32,0,331,0.00011200807784916833,0.9218078125,0.92726875,640000,2880000,3520000,144.0,2826240000,0.013517299999875831,0.008026499999687076,691.345703125
ariad,20000,32,0,332,0.00011200761218788102,0.9218359375,0.9273046875,640000,2880000,3520000,144.0,2826240000,0.013048399999206595,0.0080617000003258,691.345703125
ariad,20000,32,0,333,0.00011199100845260546,0.92186875,0.92734375,640000,2880000,3520000,144.0,2826240000,0.013099899999360787,0.008125599999402766,691.345703125
ariad,20000,32,0,334,0.00011197192361578345,0.9219,0.9273765625,640000,2880000,3520000,144.0,2826240000,0.013001799999983632,0.008032700000512705,690.876953125
ariad,20000,32,0,335,0.00011195405386388302,0.9219453125,0.9274328125,640000,2880000,3520000,144.0,2826240000,0.012985800000024028,0.00800230000004376,691.345703125
ariad,20000,32,0,336,0.00011194965918548405,0.922,0.9274875,640000,2880000,3520000,144.0,2826240000,0.012985700000172073,0.008046500000091328,691.345703125
ariad,20000,32,0,337,0.00011194108083145693,0.9220546875,0.9275390625,640000,2880000,3520000,144.0,2826240000,0.012965300000360003,0.008032799999455165,691.345703125
ariad,20000,32,0,338,0.00011193670070497319,0.9220921875,0.9275765625,640000,2880000,3520000,144.0,2826240000,0.012939200000801065,0.007965400000102818,691.345703125
ariad,20000,32,0,339,0.00011193427781108767,0.922128125,0.9276109375,640000,2880000,3520000,144.0,2826240000,0.012989500000003318,0.007994399999915913,691.345703125
ariad,20000,32,0,340,0.00011191215162398294,0.9221921875,0.927671875,640000,2880000,3520000,144.0,2826240000,0.0130447000001368,0.008002999999916938,690.876953125
ariad,20000,32,0,341,0.00011189887300133705,0.922234375,0.927725,640000,2880000,3520000,144.0,2826240000,0.013019900000472262,0.008057099999859929,691.345703125
ariad,20000,32,0,342,0.00011188270582351834,0.922259375,0.927753125,640000,2880000,3520000,144.0,2826240000,0.013299500000357511,0.00799749999987398,691.345703125
ariad,20000,32,0,343,0.00011188095231773332,0.9222828125,0.9277859375,640000,2880000,3520000,144.0,2826240000,0.013867500000742439,0.00802410000051168,691.345703125
ariad,20000,32,0,344,0.00011186828487552702,0.9223234375,0.9278265625,640000,2880000,3520000,144.0,2826240000,0.01303619999998773,0.008076099999925646,691.345703125
ariad,20000,32,0,345,0.00011185450421180576,0.9223671875,0.927871875,640000,2880000,3520000,144.0,2826240000,0.012959499999851687,0.008002199999282311,691.345703125
ariad,20000,32,0,346,0.00011184451432200149,0.9224125,0.9279234375,640000,2880000,3520000,144.0,2826240000,0.013007900000047812,0.00798320000012609,690.876953125
ariad,20000,32,0,347,0.00011183637252543122,0.9224484375,0.927965625,640000,2880000,3520000,144.0,2826240000,0.013008399999307585,0.008007600000382809,691.345703125
ariad,20000,32,0,348,0.00011183229071320966,0.9224921875,0.92800625,640000,2880000,3520000,144.0,2826240000,0.013061999999990803,0.008128899999974237,691.345703125
ariad,20000,32,0,349,0.00011181482841493562,0.922540625,0.9280546875,640000,2880000,3520000,144.0,2826240000,0.012959199999386328,0.007990500000232714,691.345703125
ariad,20000,32,0,350,0.00011181019362993538,0.922584375,0.928109375,640000,2880000,3520000,144.0,2826240000,0.01369780000004539,0.00868239999999787,691.345703125
ariad,20000,32,0,351,0.00011180665023857728,0.9226109375,0.9281546875,640000,2880000,3520000,144.0,2826240000,0.012943199999426724,0.007977700000083132,691.345703125
ariad,20000,32,0,352,0.00011179094144608825,0.9226515625,0.9282,640000,2880000,3520000,144.0,2826240000,0.013030000000071595,0.008044000000154483,690.876953125
ariad,20000,32,0,353,0.00011178379645571113,0.922696875,0.9282421875,640000,2880000,3520000,144.0,2826240000,0.01291899999978341,0.00798659999964002,691.345703125
ariad,20000,32,0,354,0.00011174101382493973,0.9227546875,0.928309375,640000,2880000,3520000,144.0,2826240000,0.013072400000055495,0.008108600000014121,691.345703125
ariad,20000,32,0,355,0.00011172568338224664,0.9228078125,0.9283671875,640000,2880000,3520000,144.0,2826240000,0.012956999999914842,0.007960300000377174,691.345703125
ariad,20000,32,0,356,0.00011171533697051927,0.922846875,0.928403125,640000,2880000,3520000,144.0,2826240000,0.013365199999498145,0.00804950000019744,691.345703125
ariad,20000,32,0,357,0.00011170527432113886,0.9228921875,0.9284484375,640000,2880000,3520000,144.0,2826240000,0.012943599999744038,0.007963199999721837,691.345703125
ariad,20000,32,0,358,0.00011169395293109119,0.9229546875,0.9285078125,640000,2880000,3520000,144.0,2826240000,0.01302269999996497,0.008079999999608845,690.876953125
ariad,20000,32,0,359,0.00011168013588758186,0.9230078125,0.9285671875,640000,2880000,3520000,144.0,2826240000,0.012954299999364594,0.008027599999877566,691.345703125
ariad,20000,32,0,360,0.00011166983313160017,0.9230484375,0.9286109375,640000,2880000,3520000,144.0,2826240000,0.013682899999366782,0.008672900000419759,691.345703125
ariad,20000,32,0,361,0.00011166145850438625,0.923103125,0.9286765625,640000,2880000,3520000,144.0,2826240000,0.013792799999464478,0.008739599999898928,691.345703125
ariad,20000,32,0,362,0.00011162753071403131,0.9231640625,0.928740625,640000,2880000,3520000,144.0,2826240000,0.01321029999962775,0.008205299999644922,691.345703125
ariad,20000,32,0,363,0.00011161452130181715,0.92321875,0.9287953125,640000,2880000,3520000,144.0,2826240000,0.013040099999670929,0.008053900000049907,691.345703125
ariad,20000,32,0,364,0.00011160075519001111,0.923284375,0.928865625,640000,2880000,3520000,144.0,2826240000,0.012947699999131146,0.008023899999898276,690.876953125
ariad,20000,32,0,365,0.00011159668792970479,0.923340625,0.9289234375,640000,2880000,3520000,144.0,2826240000,0.013367300000027171,0.008265899999969406,691.345703125
ariad,20000,32,0,366,0.00011158010602230206,0.9233859375,0.9289625,640000,2880000,3520000,144.0,2826240000,0.012986499999897205,0.008010200000171608,691.345703125
ariad,20000,32,0,367,0.000111568377178628,0.9234359375,0.92900625,640000,2880000,3520000,144.0,2826240000,0.013040099999670929,0.00808950000009645,691.345703125
ariad,20000,32,0,368,0.00011156489927088842,0.9234703125,0.9290453125,640000,2880000,3520000,144.0,2826240000,0.013797499999782303,0.008697499999470892,691.345703125
ariad,20000,32,0,369,0.0001115714549086988,0.9235078125,0.9290828125,640000,2880000,3520000,144.0,2826240000,0.012865000000601867,0.007943800000248302,691.345703125
ariad,20000,32,0,370,0.0001115637642215006,0.9235515625,0.929128125,640000,2880000,3520000,144.0,2826240000,0.012949099999786995,0.007971500000166998,690.876953125
ariad,20000,32,0,371,0.00011154382082168013,0.92358125,0.9291671875,640000,2880000,3520000,144.0,2826240000,0.01295250000021042,0.008007899999938672,691.345703125
ariad,20000,32,0,372,0.00011153181549161673,0.9236140625,0.9292015625,640000,2880000,3520000,144.0,2826240000,0.013122500000463333,0.008052600000155508,691.345703125
ariad,20000,32,0,373,0.00011152464867336676,0.92365,0.92924375,640000,2880000,3520000,144.0,2826240000,0.01293690000056813,0.007969499999489926,691.345703125
ariad,20000,32,0,374,0.00011151710350532085,0.9236765625,0.9292734375,640000,2880000,3520000,144.0,2826240000,0.013006600000153412,0.008010399999875517,691.345703125
ariad,20000,32,0,375,0.00011151566286571324,0.9237265625,0.92933125,640000,2880000,3520000,144.0,2826240000,0.012915900000734837,0.007965699999658682,691.345703125
ariad,20000,32,0,376,0.00011148556222906336,0.923778125,0.929375,640000,2880000,3520000,144.0,2826240000,0.01308690000041679,0.008056399999986752,690.876953125
ariad,20000,32,0,377,0.00011147751501994208,0.92381875,0.92941875,640000,2880000,3520000,144.0,2826240000,0.013000699999793142,0.008054400000219175,691.345703125
ariad,20000,32,0,378,0.00011147069744765759,0.923840625,0.929446875,640000,2880000,3520000,144.0,2826240000,0.013079100000140897,0.00807399999939662,691.345703125
ariad,20000,32,0,379,0.00011146361794089898,0.9238703125,0.9294765625,640000,2880000,3520000,144.0,2826240000,0.012950500000442844,0.007985999999618798,691.345703125
ariad,20000,32,0,380,0.00011145607277285308,0.9239140625,0.9295359375,640000,2880000,3520000,144.0,2826240000,0.012928899999678833,0.00798289999966073,691.345703125
ariad,20000,32,0,381,0.00011144847667310387,0.92394375,0.92958125,640000,2880000,3520000,144.0,2826240000,0.013011200000619283,0.008049400000345486,691.345703125
ariad,20000,32,0,382,0.00011144349264213815,0.9239828125,0.9296171875,640000,2880000,3520000,144.0,2826240000,0.0129319999996369,0.007953599999382277,690.876953125
ariad,20000,32,0,383,0.00011144050949951634,0.9240234375,0.9296421875,640000,2880000,3520000,144.0,2826240000,0.013112599999658414,0.008061099999395083,691.345703125
ariad,20000,32,0,384,0.00011142773291794583,0.9240546875,0.9296796875,640000,2880000,3520000,144.0,2826240000,0.013029100000494509,0.00802789999943343,691.345703125
ariad,20000,32,0,385,0.00011141869617858902,0.924084375,0.9297171875,640000,2880000,3520000,144.0,2826240000,0.013080400000035297,0.008055299999796262,691.345703125
ariad,20000,32,0,386,0.0001114042242988944,0.924121875,0.92975,640000,2880000,3520000,144.0,2826240000,0.013098500000523927,0.00808450000022276,691.345703125
ariad,20000,32,0,387,0.00011139972048113123,0.9241515625,0.9297859375,640000,2880000,3520000,144.0,2826240000,0.01306509999994887,0.008028399999602698,691.345703125
ariad,20000,32,0,388,0.00011137189721921459,0.9241921875,0.9298140625,640000,2880000,3520000,144.0,2826240000,0.01379480000014155,0.00874889999977313,690.876953125
ariad,20000,32,0,389,0.00011136343528050929,0.9242328125,0.929865625,640000,2880000,3520000,144.0,2826240000,0.013024799999584502,0.00803020000057586,691.345703125
ariad,20000,32,0,390,0.00011134651867905632,0.92426875,0.9299109375,640000,2880000,3520000,144.0,2826240000,0.013519900000574125,0.008458899999823188,691.345703125
ariad,20000,32,0,391,0.00011133481893921271,0.9243046875,0.9299609375,640000,2880000,3520000,144.0,2826240000,0.01299260000087088,0.007973499999934575,691.345703125
ariad,20000,32,0,392,0.0001113265025196597,0.924346875,0.9299984375,640000,2880000,3520000,144.0,2826240000,0.013403599999946891,0.00836639999943145,691.345703125
ariad,20000,32,0,393,0.00011132015788462013,0.92438125,0.930040625,640000,2880000,3520000,144.0,2826240000,0.01524280000012368,0.010258100000100967,691.345703125
ariad,20000,32,0,394,0.00011130669008707628,0.9244140625,0.9300796875,640000,2880000,3520000,144.0,2826240000,0.013052399999651243,0.008035900000322727,690.876953125
ariad,20000,32,0,395,0.00011129915219498798,0.924459375,0.930121875,640000,2880000,3520000,144.0,2826240000,0.013119000000187953,0.008121499999106163,691.345703125
ariad,20000,32,0,396,0.00011128878395538777,0.9245140625,0.930178125,640000,2880000,3520000,144.0,2826240000,0.013180700000702927,0.00814170000012382,691.345703125
ariad,20000,32,0,397,0.00011128034384455532,0.9245625,0.9302265625,640000,2880000,3520000,144.0,2826240000,0.013726600000154576,0.008471000000099593,691.345703125
ariad,20000,32,0,398,0.00011127501784358174,0.924603125,0.930265625,640000,2880000,3520000,144.0,2826240000,0.013916400000198337,0.008858000000145694,691.345703125
ariad,20000,32,0,399,0.00011126561730634421,0.924646875,0.9303109375,640000,2880000,3520000,144.0,2826240000,0.013821099999404396,0.008057799999733106,691.345703125
ariad,20000,32,0,400,0.00011125230230391026,0.9246875,0.93035625,640000,2880000,3520000,144.0,2826240000,0.01324430000022403,0.008260800000243762,690.876953125
ariad,20000,32,0,401,0.00011124169395770878,0.924725,0.93039375,640000,2880000,3520000,144.0,2826240000,0.013480600000548293,0.008158099999491242,691.345703125
ariad,20000,32,0,402,0.00011123299191240221,0.9247671875,0.9304296875,640000,2880000,3520000,144.0,2826240000,0.01448889999937819,0.00950990000001184,691.345703125
ariad,20000,32,0,403,0.00011122204887215048,0.924815625,0.9304734375,640000,2880000,3520000,144.0,2826240000,0.013710799999898882,0.008603000000221073,691.345703125
ariad,20000,32,0,404,0.00011121563875349239,0.9248484375,0.93050625,640000,2880000,3520000,144.0,2826240000,0.013742699999966135,0.008583499999986088,691.345703125
ariad,20000,32,0,405,0.00011120798444608226,0.924878125,0.9305359375,640000,2880000,3520000,144.0,2826240000,0.012986499999897205,0.00791639999988547,691.345703125
ariad,20000,32,0,406,0.00011119930422864854,0.9249171875,0.9305828125,640000,2880000,3520000,144.0,2826240000,0.013078099999802362,0.008031200000004901,690.876953125
ariad,20000,32,0,407,0.00011118855036329478,0.92495625,0.930625,640000,2880000,3520000,144.0,2826240000,0.012980900000002293,0.008053600000494043,691.345703125
ariad,20000,32,0,408,0.00011118505790363997,0.92498125,0.93065,640000,2880000,3520000,144.0,2826240000,0.013581000000158383,0.008437700000285986,691.345703125
ariad,20000,32,0,409,0.00011117351095890626,0.92501875,0.930690625,640000,2880000,3520000,144.0,2826240000,0.013003900000512658,0.00793089999933727,691.345703125
ariad,20000,32,0,410,0.0001111649617087096,0.9250703125,0.930746875,640000,2880000,3520000,144.0,2826240000,0.013031899999987218,0.008065500000157044,691.345703125
ariad,20000,32,0,411,0.000111157882201951,0.9250984375,0.9307828125,640000,2880000,3520000,144.0,2826240000,0.013023799999245966,0.008051599999816972,691.345703125
ariad,20000,32,0,412,0.00011115182132925838,0.9251328125,0.93083125,640000,2880000,3520000,144.0,2826240000,0.013170300000638235,0.00811489999978221,690.876953125
ariad,20000,32,0,413,0.0001111417732317932,0.9251671875,0.9308859375,640000,2880000,3520000,144.0,2826240000,0.012973900000361027,0.007982199999787554,691.345703125
ariad,20000,32,0,414,0.00011113889195257798,0.925190625,0.9309015625,640000,2880000,3520000,144.0,2826240000,0.012919499999952677,0.007946400000037102,691.345703125
ariad,20000,32,0,415,0.00011112937500001863,0.925225,0.9309359375,640000,2880000,3520000,144.0,2826240000,0.01364689999991242,0.00863260000005539,691.345703125
ariad,20000,32,0,416,0.00011111837375210598,0.925253125,0.930975,640000,2880000,3520000,144.0,2826240000,0.013033399999585527,0.008025900000575348,691.345703125
ariad,20000,32,0,417,0.00011110896593891084,0.9253,0.9310328125,640000,2880000,3520000,144.0,2826240000,0.01308560000052239,0.008052600000155508,691.345703125
ariad,20000,32,0,418,0.00011110009654657915,0.925334375,0.931071875,640000,2880000,3520000,144.0,2826240000,0.012970200000381737,0.008033899999645655,690.876953125
ariad,20000,32,0,419,0.00011109512706752867,0.9253703125,0.9311078125,640000,2880000,3520000,144.0,2826240000,0.013027799999690615,0.008010199999262113,691.345703125
ariad,20000,32,0,420,0.0001110876037273556,0.925403125,0.9311296875,640000,2880000,3520000,144.0,2826240000,0.013057199999821023,0.008058800000071642,691.345703125
ariad,20000,32,0,421,0.0001110725715989247,0.9254453125,0.93118125,640000,2880000,3520000,144.0,2826240000,0.01295529999970313,0.007990999999492487,691.345703125
ariad,20000,32,0,422,0.00011107091268058866,0.9254765625,0.9312140625,640000,2880000,3520000,144.0,2826240000,0.012997800000448478,0.008055000000240398,691.345703125
ariad,20000,32,0,423,0.00011106748570455238,0.9255078125,0.9312453125,640000,2880000,3520000,144.0,2826240000,0.01300459999947634,0.008033199999772478,691.345703125
ariad,20000,32,0,424,0.00011105953308288008,0.9255390625,0.9312828125,640000,2880000,3520000,144.0,2826240000,0.013121500000124797,0.008034399999814923,690.876953125
ariad,20000,32,0,425,0.00011104340228484944,0.9255828125,0.931325,640000,2880000,3520000,144.0,2826240000,0.012948100000357954,0.007985899999766843,691.345703125
ariad,20000,32,0,426,0.00011101555719505996,0.92561875,0.9313703125,640000,2880000,3520000,144.0,2826240000,0.013595500000519678,0.007963199999721837,691.345703125
ariad,20000,32,0,427,0.00011100381379947066,0.92566875,0.9314203125,640000,2880000,3520000,144.0,2826240000,0.013084799999887764,0.008072800000263669,691.345703125
ariad,20000,32,0,428,0.0001109983422793448,0.9257046875,0.9314515625,640000,2880000,3520000,144.0,2826240000,0.012945800000125018,0.007994499999767868,691.345703125
ariad,20000,32,0,429,0.00011098756658611819,0.9257359375,0.9314875,640000,2880000,3520000,144.0,2826240000,0.012979999999515712,0.008049000000028173,691.345703125
ariad,20000,32,0,430,0.00011097395326942205,0.9257640625,0.9315234375,640000,2880000,3520000,144.0,2826240000,0.013127899999744841,0.008091800000329386,690.876953125
ariad,20000,32,0,431,0.00011096918024122715,0.92579375,0.9315609375,640000,2880000,3520000,144.0,2826240000,0.013120500000695756,0.008072900000115624,691.345703125
ariad,20000,32,0,432,0.00011096490197815001,0.925828125,0.9315859375,640000,2880000,3520000,144.0,2826240000,0.012992099999792117,0.008017000000108965,691.345703125
ariad,20000,32,0,433,0.00011095855006715283,0.9258640625,0.9316140625,640000,2880000,3520000,144.0,2826240000,0.01304450000043289,0.00807729999996809,691.345703125
ariad,20000,32,0,434,0.00011095609079347923,0.9258921875,0.9316578125,640000,2880000,3520000,144.0,2826240000,0.013124000000061642,0.008130199999868637,691.345703125
ariad,20000,32,0,435,0.00011095435183960944,0.9259359375,0.931696875,640000,2880000,3520000,144.0,2826240000,0.012974100000064936,0.008003199999620847,691.345703125
ariad,20000,32,0,436,0.00011095155059592798,0.92595625,0.931725,640000,2880000,3520000,144.0,2826240000,0.013034300000072108,0.008021800000278745,690.876953125
ariad,20000,32,0,437,0.00011095195804955438,0.92596875,0.9317421875,640000,2880000,3520000,144.0,2826240000,0.013826999999764666,0.008052000000134285,691.345703125
ariad,20000,32,0,438,0.0001109465301851742,0.9259921875,0.931778125,640000,2880000,3520000,144.0,2826240000,0.013078200000563811,0.008068099999945844,691.345703125
ariad,20000,32,0,439,0.00011093280045315623,0.926025,0.931821875,640000,2880000,3520000,144.0,2826240000,0.012998100000004342,0.00800619999972696,691.345703125
ariad,20000,32,0,440,0.00011092269414803013,0.9260484375,0.9318375,640000,2880000,3520000,144.0,2826240000,0.013894600000639912,0.008897699999579345,691.345703125
ariad,20000,32,0,441,0.00011091360647697002,0.926078125,0.9318671875,640000,2880000,3520000,144.0,2826240000,0.013685099999747763,0.008606200000031095,691.345703125
ariad,20000,32,0,442,0.00011090988846262917,0.926103125,0.9318953125,640000,2880000,3520000,144.0,2826240000,0.013028499999563792,0.008016899999347515,690.876953125
ariad,20000,32,0,443,0.00011090042244177312,0.92613125,0.931921875,640000,2880000,3520000,144.0,2826240000,0.012964499999725376,0.007973199999469216,691.345703125
ariad,20000,32,0,444,0.00011089832696598023,0.926165625,0.931965625,640000,2880000,3520000,144.0,2826240000,0.013046699999904376,0.008068099999945844,691.345703125
ariad,20000,32,0,445,0.0001108915384975262,0.926203125,0.9320046875,640000,2880000,3520000,144.0,2826240000,0.013208600000325532,0.007919500000753033,691.345703125
ariad,20000,32,0,446,0.00011088623432442546,0.9262390625,0.93203125,640000,2880000,3520000,144.0,2826240000,0.013039699999353616,0.008062199999585573,691.345703125
ariad,20000,32,0,447,0.00011087745224358514,0.9262734375,0.9320734375,640000,2880000,3520000,144.0,2826240000,0.012992100000701612,0.007963099999869883,691.345703125
ariad,20000,32,0,448,0.0001108623982872814,0.926303125,0.9321078125,640000,2880000,3520000,144.0,2826240000,0.01346689999991213,0.008008700000573299,690.876953125
ariad,20000,32,0,449,0.00011086027370765805,0.9263375,0.9321421875,640000,2880000,3520000,144.0,2826240000,0.013109499999700347,0.008082399999693735,691.345703125
ariad,20000,32,0,450,0.0001108518335968256,0.92636875,0.9321796875,640000,2880000,3520000,144.0,2826240000,0.013038099999903352,0.008108699999866076,691.345703125
ariad,20000,32,0,451,0.00011083676508860663,0.926396875,0.932215625,640000,2880000,3520000,144.0,2826240000,0.013097900000502705,0.008092499999293068,691.345703125
ariad,20000,32,0,452,0.00011083026765845716,0.9264296875,0.9322515625,640000,2880000,3520000,144.0,2826240000,0.013649199999235861,0.008565099999941594,691.345703125
ariad,20000,32,0,453,0.00011082072160206735,0.9264578125,0.932278125,640000,2880000,3520000,144.0,2826240000,0.012935299999298877,0.007994800000233226,691.345703125
ariad,20000,32,0,454,0.00011081557022407651,0.9264890625,0.9322921875,640000,2880000,3520000,144.0,2826240000,0.013037900000199443,0.008081500000116648,690.876953125
ariad,20000,32,0,455,0.00011081342381658033,0.9265140625,0.932315625,640000,2880000,3520000,144.0,2826240000,0.014783100000386185,0.009775000000445289,691.345703125
ariad,20000,32,0,456,0.00011080615513492376,0.9265421875,0.93235625,640000,2880000,3520000,144.0,2826240000,0.013107400000080816,0.008109900000818016,691.345703125
ariad,20000,32,0,457,0.0001107948410208337,0.9265796875,0.93240625,640000,2880000,3520000,144.0,2826240000,0.013083699999697274,0.008036700000047858,691.345703125
ariad,20000,32,0,458,0.0001107816060539335,0.92661875,0.9324453125,640000,2880000,3520000,144.0,2826240000,0.013054899999588088,0.008059599999796774,691.345703125
ariad,20000,32,0,459,0.000110759494418744,0.92664375,0.9324796875,640000,2880000,3520000,144.0,2826240000,0.01385279999976774,0.008818799999971816,691.345703125
ariad,20000,32,0,460,0.00011074968642788008,0.9266828125,0.9325265625,640000,2880000,3520000,144.0,2826240000,0.012904400000479654,0.007903800000349293,690.876953125
ariad,20000,32,0,461,0.00011071338667534292,0.92670625,0.9325671875,640000,2880000,3520000,144.0,2826240000,0.012837000000217813,0.007911200000307872,691.345703125
ariad,20000,32,0,462,0.00011070878099417314,0.9267484375,0.9326140625,640000,2880000,3520000,144.0,2826240000,0.013012300000809773,0.008017499999368738,691.345703125
ariad,20000,32,0,463,0.00011070344044128433,0.9267578125,0.93263125,640000,2880000,3520000,144.0,2826240000,0.013093499999740743,0.0080630000002202,691.345703125
ariad,20000,32,0,464,0.00011069458560086787,0.926775,0.9326359375,640000,2880000,3520000,144.0,2826240000,0.012925999999424675,0.007949599999847123,691.345703125
ariad,20000,32,0,465,0.00011068795720348135,0.926803125,0.932665625,640000,2880000,3520000,144.0,2826240000,0.013120399999934307,0.00797809999949095,691.345703125
ariad,20000,32,0,466,0.00011068348248954862,0.926834375,0.932696875,640000,2880000,3520000,144.0,2826240000,0.0129624999999578,0.007977700000083132,690.876953125
ariad,20000,32,0,467,0.00011068002640968189,0.9268546875,0.9327203125,640000,2880000,3520000,144.0,2826240000,0.012964200000169512,0.007942899999761721,691.345703125
ariad,20000,32,0,468,0.0001106762356357649,0.9268796875,0.9327390625,640000,2880000,3520000,144.0,2826240000,0.012971799999832001,0.007963099999869883,691.345703125
ariad,20000,32,0,469,0.00011065225407946855,0.92690625,0.932765625,640000,2880000,3520000,144.0,2826240000,0.013103000000228349,0.00805069999933039,691.345703125
ariad,20000,32,0,470,0.00011064909631386399,0.9269265625,0.932796875,640000,2880000,3520000,144.0,2826240000,0.013619600000311038,0.00791040000058274,691.345703125
ariad,20000,32,0,471,0.0001106475101551041,0.926959375,0.9328296875,640000,2880000,3520000,144.0,2826240000,0.01294770000004064,0.007982799999808776,691.345703125
ariad,20000,32,0,472,0.00011063716374337673,0.9269875,0.9328703125,640000,2880000,3520000,144.0,2826240000,0.014086600000155158,0.008272199999737495,690.876953125
ariad,20000,32,0,473,0.00011062895646318793,0.927021875,0.93290625,640000,2880000,3520000,144.0,2826240000,0.013031499999669904,0.008059400000092865,691.345703125
ariad,20000,32,0,474,0.0001106223207898438,0.9270515625,0.9329375,640000,2880000,3520000,144.0,2826240000,0.013392200000453158,0.0081452000003992,691.345703125
ariad,20000,32,0,475,0.00011061847908422351,0.9270796875,0.93298125,640000,2880000,3520000,144.0,2826240000,0.012930599999890546,0.008009900000615744,691.345703125
ariad,20000,32,0,476,0.00011061117402277887,0.9271125,0.9330171875,640000,2880000,3520000,144.0,2826240000,0.013006899999709276,0.008034499999666878,691.345703125
ariad,20000,32,0,477,0.00011060306860599667,0.9271421875,0.9330546875,640000,2880000,3520000,144.0,2826240000,0.01299849999941216,0.008027500000025611,691.345703125
ariad,20000,32,0,478,0.00011059644020861015,0.927175,0.93308125,640000,2880000,3520000,144.0,2826240000,0.013135000000147556,0.008092000000033295,690.876953125
ariad,20000,32,0,479,0.0001105900009861216,0.92720625,0.9331296875,640000,2880000,3520000,144.0,2826240000,0.012836099999731232,0.007912399999440822,691.345703125
ariad,20000,32,0,480,0.00011058370728278533,0.9272390625,0.933159375,640000,2880000,3520000,144.0,2826240000,0.012957599999936065,0.008001100000001315,691.345703125
ariad,20000,32,0,481,0.00011057717347284779,0.9272609375,0.9331875,640000,2880000,3520000,144.0,2826240000,0.01383960000021034,0.00836150000031921,691.345703125
ariad,20000,32,0,482,0.00011057347001042217,0.92729375,0.933215625,640000,2880000,3520000,144.0,2826240000,0.01296959999945102,0.008033499999328342,691.345703125
ariad,20000,32,0,483,0.0001105497358366847,0.9273359375,0.933259375,640000,2880000,3520000,144.0,2826240000,0.013014799999837123,0.008031899999878078,691.345703125
ariad,20000,32,0,484,0.00011054482456529513,0.927365625,0.9332890625,640000,2880000,3520000,144.0,2826240000,0.012920699999995122,0.007980100000168022,690.876953125
ariad,20000,32,0,485,0.00011053678463213146,0.9273953125,0.9333203125,640000,2880000,3520000,144.0,2826240000,0.013289499999700638,0.008181899999726738,691.345703125
ariad,20000,32,0,486,0.0001105298288166523,0.92743125,0.9333515625,640000,2880000,3520000,144.0,2826240000,0.013030899999648682,0.008094400000118185,691.345703125
ariad,20000,32,0,487,0.0001105216215364635,0.9274578125,0.9333921875,640000,2880000,3520000,144.0,2826240000,0.013048100000560225,0.008059099999627506,691.345703125
ariad,20000,32,0,488,0.00011050789180444553,0.927484375,0.9334234375,640000,2880000,3520000,144.0,2826240000,0.012943100000484264,0.007932800000162388,691.345703125
ariad,20000,32,0,489,0.00011050176544813439,0.9275140625,0.933453125,640000,2880000,3520000,144.0,2826240000,0.013595599999462138,0.008504500000526605,691.345703125
ariad,20000,32,0,490,0.0001105048504541628,0.927546875,0.933490625,640000,2880000,3520000,144.0,2826240000,0.01313159999972413,0.008124099999804457,690.876953125
ariad,20000,32,0,491,0.00011049956810893491,0.9275859375,0.9335328125,640000,2880000,3520000,144.0,2826240000,0.012953200000083598,0.007991299999957846,691.345703125
ariad,20000,32,0,492,0.00011047758744098246,0.92760625,0.9335515625,640000,2880000,3520000,144.0,2826240000,0.01293919999989157,0.00794549999955052,691.345703125
ariad,20000,32,0,493,0.00011046363943023607,0.92763125,0.933590625,640000,2880000,3520000,144.0,2826240000,0.013095399999656365,0.008104200000161654,691.345703125
ariad,20000,32,0,494,0.00011045983410440385,0.92765625,0.9336234375,640000,2880000,3520000,144.0,2826240000,0.012941199999659148,0.007982600000104867,691.345703125
ariad,20000,32,0,495,0.00011045198334613815,0.9276890625,0.9336484375,640000,2880000,3520000,144.0,2826240000,0.012973500000043714,0.007981800000379735,691.345703125
ariad,20000,32,0,496,0.00011045012070098892,0.9277046875,0.9336625,640000,2880000,3520000,144.0,2826240000,0.013657899999998335,0.008622399999694608,690.876953125
ariad,20000,32,0,497,0.00011044146958738565,0.927725,0.9336921875,640000,2880000,3520000,144.0,2826240000,0.013036100000135775,0.008075200000348559,691.345703125
ariad,20000,32,0,498,0.00011043525591958314,0.927753125,0.9337203125,640000,2880000,3520000,144.0,2826240000,0.013009799999963434,0.00801439999941067,691.345703125
ariad,20000,32,0,499,0.00011042931146221235,0.927778125,0.9337453125,640000,2880000,3520000,144.0,2826240000,0.012932999999975436,0.007936299999528273,691.345703125
ariad,20000,32,0,500,0.00011042380356229842,0.927803125,0.9337765625,640000,2880000,3520000,144.0,2826240000,0.01318859999992128,0.008178299999599403,691.345703125
