method,n,k,seed,epoch,mse,teacher_match,match_exhaustive,attn_scores,search_scores,total_scores,c_scored,est_flops,step_time_s,search_time_s,peak_mem_mb
dense,1008,32,1,1,0.12959350645542145,0.29365079365079366,1.0,1016064,0,1016064,0.0,879427584,0.2533222999991267,0.0,35.001953125
dense,1008,32,1,2,0.1112549677491188,0.25579737103174605,1.0,1016064,0,1016064,0.0,879427584,0.0013340000004973263,0.0,35.126953125
dense,1008,32,1,3,0.10396228730678558,0.22591145833333334,1.0,1016064,0,1016064,0.0,879427584,0.0010337999992771074,0.0,35.126953125
dense,1008,32,1,4,0.10035700350999832,0.20452008928571427,1.0,1016064,0,1016064,0.0,879427584,0.0008235999994212762,0.0,35.126953125
dense,1008,32,1,5,0.09821006655693054,0.1906312003968254,1.0,1016064,0,1016064,0.0,879427584,0.0015547000002698041,0.0,35.126953125
dense,1008,32,1,6,0.09667277336120605,0.18331473214285715,1.0,1016064,0,1016064,0.0,879427584,0.0011243000008107629,0.0,35.126953125
dense,1008,32,1,7,0.09536685049533844,0.1806795634920635,1.0,1016064,0,1016064,0.0,879427584,0.0008723999999347143,0.0,35.126953125
dense,1008,32,1,8,0.09410955756902695,0.18387276785714285,1.0,1016064,0,1016064,0.0,879427584,0.0011161999991600169,0.0,35.126953125
dense,1008,32,1,9,0.09281584620475769,0.1925533234126984,1.0,1016064,0,1016064,0.0,879427584,0.00101619999986724,0.0,35.126953125
dense,1008,32,1,10,0.0914578065276146,0.2047061011904762,1.0,1016064,0,1016064,0.0,879427584,0.0008873999995557824,0.0,35.126953125
dense,1008,32,1,11,0.09004099667072296,0.2204861111111111,1.0,1016064,0,1016064,0.0,879427584,0.0008782999993854901,0.0,35.126953125
dense,1008,32,1,12,0.08858641982078552,0.23890128968253968,1.0,1016064,0,1016064,0.0,879427584,0.000992499999483698,0.0,35.126953125
dense,1008,32,1,13,0.08711694180965424,0.2594246031746032,1.0,1016064,0,1016064,0.0,879427584,0.000872600001457613,0.0,35.126953125
dense,1008,32,1,14,0.0856284648180008,0.28292410714285715,1.0,1016064,0,1016064,0.0,879427584,0.0008574000003136462,0.0,35.126953125
dense,1008,32,1,15,0.0840507447719574,0.30518353174603174,1.0,1016064,0,1016064,0.0,879427584,0.0008851000002323417,0.0,35.126953125
dense,1008,32,1,16,0.08231616765260696,0.32645089285714285,1.0,1016064,0,1016064,0.0,879427584,0.0012537000002339482,0.0,35.126953125
dense,1008,32,1,17,0.08049742877483368,0.3462611607142857,1.0,1016064,0,1016064,0.0,879427584,0.001014900000882335,0.0,35.126953125
dense,1008,32,1,18,0.0787290558218956,0.3640562996031746,1.0,1016064,0,1016064,0.0,879427584,0.0007925999998406041,0.0,35.126953125
dense,1008,32,1,19,0.07704198360443115,0.38113839285714285,1.0,1016064,0,1016064,0.0,879427584,0.0010901999994530343,0.0,35.126953125
dense,1008,32,1,20,0.07538110017776489,0.3952752976190476,1.0,1016064,0,1016064,0.0,879427584,0.0008904000005713897,0.0,35.126953125
dense,1008,32,1,21,0.07373347878456116,0.40888516865079366,1.0,1016064,0,1016064,0.0,879427584,0.0008854999996401602,0.0,35.126953125
dense,1008,32,1,22,0.0721273347735405,0.4225260416666667,1.0,1016064,0,1016064,0.0,879427584,0.0008331999997608364,0.0,35.126953125
dense,1008,32,1,23,0.07056163996458054,0.4351438492063492,1.0,1016064,0,1016064,0.0,879427584,0.001010800000585732,0.0,35.126953125
dense,1008,32,1,24,0.06899366527795792,0.4466455853174603,1.0,1016064,0,1016064,0.0,879427584,0.0008620999997219769,0.0,35.126953125
dense,1008,32,1,25,0.06741544604301453,0.4574342757936508,1.0,1016064,0,1016064,0.0,879427584,0.0008780000007391209,0.0,35.126953125
dense,1008,32,1,26,0.06587859243154526,0.4673859126984127,1.0,1016064,0,1016064,0.0,879427584,0.0011377999999240274,0.0,35.126953125
dense,1008,32,1,27,0.06440314650535583,0.47631448412698413,1.0,1016064,0,1016064,0.0,879427584,0.0009845000004133908,0.0,35.126953125
dense,1008,32,1,28,0.06292511522769928,0.4840649801587302,1.0,1016064,0,1016064,0.0,879427584,0.0007707000004302245,0.0,35.126953125
dense,1008,32,1,29,0.06142039597034454,0.49073040674603174,1.0,1016064,0,1016064,0.0,879427584,0.0007528999994974583,0.0,35.126953125
dense,1008,32,1,30,0.059971269220113754,0.49699280753968256,1.0,1016064,0,1016064,0.0,879427584,0.0009881000005407259,0.0,35.126953125
dense,1008,32,1,31,0.05860406532883644,0.5015811011904762,1.0,1016064,0,1016064,0.0,879427584,0.0009313999998994404,0.0,35.126953125
dense,1008,32,1,32,0.05727999284863472,0.507750496031746,1.0,1016064,0,1016064,0.0,879427584,0.0008143999984895345,0.0,35.126953125
dense,1008,32,1,33,0.05598298832774162,0.5124317956349206,1.0,1016064,0,1016064,0.0,879427584,0.0008315999984915834,0.0,35.126953125
dense,1008,32,1,34,0.05472240224480629,0.5178571428571429,1.0,1016064,0,1016064,0.0,879427584,0.0012325000006967457,0.0,35.126953125
dense,1008,32,1,35,0.05350622907280922,0.5225384424603174,1.0,1016064,0,1016064,0.0,879427584,0.0008500999992975267,0.0,35.126953125
dense,1008,32,1,36,0.052339039742946625,0.5256386408730159,1.0,1016064,0,1016064,0.0,879427584,0.0008010000001377193,0.0,35.126953125
dense,1008,32,1,37,0.0511920228600502,0.5298859126984127,1.0,1016064,0,1016064,0.0,879427584,0.0008073000008153031,0.0,35.126953125
dense,1008,32,1,38,0.05005481839179993,0.5325830853174603,1.0,1016064,0,1016064,0.0,879427584,0.00097740000092017,0.0,35.126953125
dense,1008,32,1,39,0.04897124692797661,0.5358072916666666,1.0,1016064,0,1016064,0.0,879427584,0.0008808000002318295,0.0,35.126953125
dense,1008,32,1,40,0.04794292151927948,0.5392795138888888,1.0,1016064,0,1016064,0.0,879427584,0.0008935999994719168,0.0,35.126953125
dense,1008,32,1,41,0.046922117471694946,0.5424107142857143,1.0,1016064,0,1016064,0.0,879427584,0.0009633000008761883,0.0,35.126953125
dense,1008,32,1,42,0.04591943323612213,0.5458209325396826,1.0,1016064,0,1016064,0.0,879427584,0.0010235000008833595,0.0,35.126953125
dense,1008,32,1,43,0.04496166855096817,0.5483630952380952,1.0,1016064,0,1016064,0.0,879427584,0.0008765999991737772,0.0,35.126953125
dense,1008,32,1,44,0.04402758181095123,0.5514012896825397,1.0,1016064,0,1016064,0.0,879427584,0.0008866000007401453,0.0,35.126953125
dense,1008,32,1,45,0.043119434267282486,0.5544394841269841,1.0,1016064,0,1016064,0.0,879427584,0.001218400000652764,0.0,35.126953125
dense,1008,32,1,46,0.04225686937570572,0.5571056547619048,1.0,1016064,0,1016064,0.0,879427584,0.000935800000661402,0.0,35.126953125
dense,1008,32,1,47,0.041433706879615784,0.5590587797619048,1.0,1016064,0,1016064,0.0,879427584,0.0008672000003571156,0.0,35.126953125
dense,1008,32,1,48,0.040645722299814224,0.5623139880952381,1.0,1016064,0,1016064,0.0,879427584,0.0007654000000911765,0.0,35.126953125
dense,1008,32,1,49,0.03988628089427948,0.5647321428571429,1.0,1016064,0,1016064,0.0,879427584,0.0010461999991093762,0.0,35.126953125
dense,1008,32,1,50,0.039153147488832474,0.5667472718253969,1.0,1016064,0,1016064,0.0,879427584,0.0008178000007319497,0.0,35.126953125
dense,1008,32,1,51,0.03845750913023949,0.5690104166666666,1.0,1016064,0,1016064,0.0,879427584,0.0008747000010771444,0.0,35.126953125
dense,1008,32,1,52,0.03779174014925957,0.5708395337301587,1.0,1016064,0,1016064,0.0,879427584,0.0008777000002737623,0.0,35.126953125
dense,1008,32,1,53,0.03714994341135025,0.5720486111111112,1.0,1016064,0,1016064,0.0,879427584,0.0013290000006236369,0.0,35.126953125
dense,1008,32,1,54,0.036542858928442,0.5746217757936508,1.0,1016064,0,1016064,0.0,879427584,0.0008309000004373956,0.0,35.126953125
dense,1008,32,1,55,0.035966165363788605,0.5762958829365079,1.0,1016064,0,1016064,0.0,879427584,0.0009628999996493803,0.0,35.126953125
dense,1008,32,1,56,0.035415250808000565,0.578187003968254,1.0,1016064,0,1016064,0.0,879427584,0.0012100000003556488,0.0,35.126953125
dense,1008,32,1,57,0.03489110618829727,0.5797371031746031,1.0,1016064,0,1016064,0.0,879427584,0.0008011000008991687,0.0,35.126953125
dense,1008,32,1,58,0.0343913808465004,0.5812872023809523,1.0,1016064,0,1016064,0.0,879427584,0.0008041000000957865,0.0,35.126953125
dense,1008,32,1,59,0.03391711413860321,0.581969246031746,1.0,1016064,0,1016064,0.0,879427584,0.0007275999996636529,0.0,35.126953125
dense,1008,32,1,60,0.033464230597019196,0.583953373015873,1.0,1016064,0,1016064,0.0,879427584,0.0009389999995619291,0.0,35.126953125
dense,1008,32,1,61,0.03303013741970062,0.5854104662698413,1.0,1016064,0,1016064,0.0,879427584,0.001030499999615131,0.0,35.126953125
dense,1008,32,1,62,0.03261398896574974,0.5869295634920635,1.0,1016064,0,1016064,0.0,879427584,0.00083710000035353,0.0,35.126953125
dense,1008,32,1,63,0.0322088785469532,0.5882006448412699,1.0,1016064,0,1016064,0.0,879427584,0.0007762000004731817,0.0,35.126953125
dense,1008,32,1,64,0.03181469812989235,0.589905753968254,1.0,1016064,0,1016064,0.0,879427584,0.0008641000003990484,0.0,35.126953125
dense,1008,32,1,65,0.031431667506694794,0.5907428075396826,1.0,1016064,0,1016064,0.0,879427584,0.0009724999999889405,0.0,35.126953125
dense,1008,32,1,66,0.031057208776474,0.5922619047619048,1.0,1016064,0,1016064,0.0,879427584,0.0009124000007432187,0.0,35.126953125
dense,1008,32,1,67,0.030694887042045593,0.5935019841269841,1.0,1016064,0,1016064,0.0,879427584,0.0008030999997572508,0.0,35.126953125
dense,1008,32,1,68,0.030343027785420418,0.5947730654761905,1.0,1016064,0,1016064,0.0,879427584,0.0009367000002384884,0.0,35.126953125
dense,1008,32,1,69,0.02999918907880783,0.5953931051587301,1.0,1016064,0,1016064,0.0,879427584,0.0011120000017399434,0.0,35.126953125
dense,1008,32,1,70,0.029664719477295876,0.5968812003968254,1.0,1016064,0,1016064,0.0,879427584,0.0009143000006588409,0.0,35.126953125
dense,1008,32,1,71,0.02933654561638832,0.5981212797619048,1.0,1016064,0,1016064,0.0,879427584,0.0008149999994202517,0.0,35.126953125
dense,1008,32,1,72,0.02901373989880085,0.6000434027777778,1.0,1016064,0,1016064,0.0,879427584,0.0013144000004103873,0.0,35.126953125
dense,1008,32,1,73,0.028695832937955856,0.6017485119047619,1.0,1016064,0,1016064,0.0,879427584,0.0009914000002027024,0.0,35.126953125
dense,1008,32,1,74,0.028380490839481354,0.6033606150793651,1.0,1016064,0,1016064,0.0,879427584,0.0008913000001484761,0.0,35.126953125
dense,1008,32,1,75,0.02806822396814823,0.6039496527777778,1.0,1016064,0,1016064,0.0,879427584,0.0008201000000553904,0.0,35.126953125
dense,1008,32,1,76,0.027758365496993065,0.6046626984126984,1.0,1016064,0,1016064,0.0,879427584,0.0011795999998867046,0.0,35.126953125
dense,1008,32,1,77,0.02744968794286251,0.6063988095238095,1.0,1016064,0,1016064,0.0,879427584,0.0010225999994872836,0.0,35.126953125
dense,1008,32,1,78,0.027141999453306198,0.6081039186507936,1.0,1016064,0,1016064,0.0,879427584,0.000889300001290394,0.0,35.126953125
dense,1008,32,1,79,0.026835385710000992,0.6091579861111112,1.0,1016064,0,1016064,0.0,879427584,0.0009405000000697328,0.0,35.126953125
dense,1008,32,1,80,0.026529556140303612,0.6103670634920635,1.0,1016064,0,1016064,0.0,879427584,0.0009544000004098052,0.0,35.126953125
dense,1008,32,1,81,0.026222990825772285,0.6107700892857143,1.0,1016064,0,1016064,0.0,879427584,0.0008911999993870268,0.0,35.126953125
dense,1008,32,1,82,0.025915034115314484,0.6118241567460317,1.0,1016064,0,1016064,0.0,879427584,0.000784100000601029,0.0,35.126953125
dense,1008,32,1,83,0.02560524083673954,0.6129092261904762,1.0,1016064,0,1016064,0.0,879427584,0.0009138999994320329,0.0,35.126953125
dense,1008,32,1,84,0.02529309131205082,0.6140252976190477,1.0,1016064,0,1016064,0.0,879427584,0.001101300000300398,0.0,35.126953125
dense,1008,32,1,85,0.024978317320346832,0.615234375,1.0,1016064,0,1016064,0.0,879427584,0.0008480999986204552,0.0,35.126953125
dense,1008,32,1,86,0.024660278111696243,0.6158544146825397,1.0,1016064,0,1016064,0.0,879427584,0.0007851999998820247,0.0,35.126953125
dense,1008,32,1,87,0.024338310584425926,0.6165984623015873,1.0,1016064,0,1016064,0.0,879427584,0.0009679000013420591,0.0,35.126953125
dense,1008,32,1,88,0.024012098088860512,0.6185825892857143,1.0,1016064,0,1016064,0.0,879427584,0.0008784000001469394,0.0,35.126953125
dense,1008,32,1,89,0.02368142083287239,0.6196366567460317,1.0,1016064,0,1016064,0.0,879427584,0.000789400000940077,0.0,35.126953125
dense,1008,32,1,90,0.023345626890659332,0.6198226686507936,1.0,1016064,0,1016064,0.0,879427584,0.0008815000001050066,0.0,35.126953125
dense,1008,32,1,91,0.02300448529422283,0.6204427083333334,1.0,1016064,0,1016064,0.0,879427584,0.0008562000002712011,0.0,35.126953125
dense,1008,32,1,92,0.022657819092273712,0.6217447916666666,1.0,1016064,0,1016064,0.0,879427584,0.0008285999992949655,0.0,35.126953125
dense,1008,32,1,93,0.022305261343717575,0.6225198412698413,1.0,1016064,0,1016064,0.0,879427584,0.0008415000011154916,0.0,35.126953125
dense,1008,32,1,94,0.021946320310235023,0.6236669146825397,1.0,1016064,0,1016064,0.0,879427584,0.0008080999996309401,0.0,35.126953125
dense,1008,32,1,95,0.021580304950475693,0.6252170138888888,1.0,1016064,0,1016064,0.0,879427584,0.0010038000000349712,0.0,35.126953125
dense,1008,32,1,96,0.02120683155953884,0.6259610615079365,1.0,1016064,0,1016064,0.0,879427584,0.0008870999990904238,0.0,35.126953125
dense,1008,32,1,97,0.0208254586905241,0.6275421626984127,1.0,1016064,0,1016064,0.0,879427584,0.0007934000004752306,0.0,35.126953125
dense,1008,32,1,98,0.020435772836208344,0.628844246031746,1.0,1016064,0,1016064,0.0,879427584,0.0009474999988015043,0.0,35.126953125
dense,1008,32,1,99,0.020037434995174408,0.6302083333333334,1.0,1016064,0,1016064,0.0,879427584,0.0008988000008685049,0.0,35.126953125
dense,1008,32,1,100,0.01963023655116558,0.6312934027777778,1.0,1016064,0,1016064,0.0,879427584,0.0008827000001474516,0.0,35.126953125
dense,1008,32,1,101,0.019213831052184105,0.6320064484126984,1.0,1016064,0,1016064,0.0,879427584,0.0009322999994765269,0.0,35.126953125
dense,1008,32,1,102,0.018787739798426628,0.6335875496031746,1.0,1016064,0,1016064,0.0,879427584,0.0011859000005642883,0.0,35.126953125
dense,1008,32,1,103,0.018351590260863304,0.6350136408730159,1.0,1016064,0,1016064,0.0,879427584,0.0008782999993854901,0.0,35.126953125
dense,1008,32,1,104,0.01790502294898033,0.6364087301587301,1.0,1016064,0,1016064,0.0,879427584,0.0008586000003560912,0.0,35.126953125
dense,1008,32,1,105,0.01744784042239189,0.6377728174603174,1.0,1016064,0,1016064,0.0,879427584,0.0007839000008971198,0.0,35.126953125
dense,1008,32,1,106,0.016979873180389404,0.6393229166666666,1.0,1016064,0,1016064,0.0,879427584,0.0009024999999382999,0.0,35.126953125
dense,1008,32,1,107,0.01650119759142399,0.6404699900793651,1.0,1016064,0,1016064,0.0,879427584,0.0008304000002681278,0.0,35.126953125
dense,1008,32,1,108,0.0160121638327837,0.6418030753968254,1.0,1016064,0,1016064,0.0,879427584,0.0008831999984977301,0.0,35.126953125
dense,1008,32,1,109,0.015513679012656212,0.6431361607142857,1.0,1016064,0,1016064,0.0,879427584,0.0008581000001868233,0.0,35.126953125
dense,1008,32,1,110,0.015007159672677517,0.6446862599206349,1.0,1016064,0,1016064,0.0,879427584,0.0012004999989585485,0.0,35.126953125
dense,1008,32,1,111,0.014493576250970364,0.6462983630952381,1.0,1016064,0,1016064,0.0,879427584,0.0012784999998984858,0.0,35.126953125
dense,1008,32,1,112,0.0139726921916008,0.6488095238095238,1.0,1016064,0,1016064,0.0,879427584,0.0009036999999807449,0.0,35.126953125
dense,1008,32,1,113,0.013444089330732822,0.650421626984127,1.0,1016064,0,1016064,0.0,879427584,0.0007557999997516163,0.0,35.126953125
dense,1008,32,1,114,0.012909013777971268,0.6524677579365079,1.0,1016064,0,1016064,0.0,879427584,0.0008766999999352265,0.0,35.126953125
dense,1008,32,1,115,0.012369494885206223,0.6543898809523809,1.0,1016064,0,1016064,0.0,879427584,0.0008455000006506452,0.0,35.126953125
dense,1008,32,1,116,0.011827115900814533,0.6558469742063492,1.0,1016064,0,1016064,0.0,879427584,0.0008072999989963137,0.0,35.126953125
dense,1008,32,1,117,0.011283415369689465,0.658265128968254,1.0,1016064,0,1016064,0.0,879427584,0.0007781000003888039,0.0,35.126953125
dense,1008,32,1,118,0.010740225203335285,0.6605282738095238,1.0,1016064,0,1016064,0.0,879427584,0.0008595999988756375,0.0,35.126953125
dense,1008,32,1,119,0.010199984535574913,0.6629154265873016,1.0,1016064,0,1016064,0.0,879427584,0.0011420999999245396,0.0,35.126953125
dense,1008,32,1,120,0.009665705263614655,0.6651165674603174,1.0,1016064,0,1016064,0.0,879427584,0.0010101999996550148,0.0,35.126953125
dense,1008,32,1,121,0.009140771813690662,0.6671316964285714,1.0,1016064,0,1016064,0.0,879427584,0.0012602999995579012,0.0,35.126953125
dense,1008,32,1,122,0.008628498762845993,0.6695188492063492,1.0,1016064,0,1016064,0.0,879427584,0.0008354000001418171,0.0,35.126953125
dense,1008,32,1,123,0.00813181884586811,0.6723090277777778,1.0,1016064,0,1016064,0.0,879427584,0.0007707999993726844,0.0,35.126953125
dense,1008,32,1,124,0.007653157692402601,0.6743861607142857,1.0,1016064,0,1016064,0.0,879427584,0.0008154000006470596,0.0,35.126953125
dense,1008,32,1,125,0.007194355595856905,0.6766803075396826,1.0,1016064,0,1016064,0.0,879427584,0.0016374999995605322,0.0,35.126953125
dense,1008,32,1,126,0.006756689865142107,0.6794084821428571,1.0,1016064,0,1016064,0.0,879427584,0.0009088999995583436,0.0,35.126953125
dense,1008,32,1,127,0.006341025233268738,0.6810825892857143,1.0,1016064,0,1016064,0.0,879427584,0.000824099999590544,0.0,35.126953125
dense,1008,32,1,128,0.005948134697973728,0.6841207837301587,1.0,1016064,0,1016064,0.0,879427584,0.0012403000000631437,0.0,35.126953125
dense,1008,32,1,129,0.005578676238656044,0.6868179563492064,1.0,1016064,0,1016064,0.0,879427584,0.0010710999995353632,0.0,35.126953125
dense,1008,32,1,130,0.005232809577137232,0.6901971726190477,1.0,1016064,0,1016064,0.0,879427584,0.0009023999991768505,0.0,35.126953125
dense,1008,32,1,131,0.004910191986709833,0.6923363095238095,1.0,1016064,0,1016064,0.0,879427584,0.0008500000003550667,0.0,35.126953125
dense,1008,32,1,132,0.004610168281942606,0.6943824404761905,1.0,1016064,0,1016064,0.0,879427584,0.0013009999984205933,0.0,35.126953125
dense,1008,32,1,133,0.004331866279244423,0.6967695932539683,1.0,1016064,0,1016064,0.0,879427584,0.0008324000009451993,0.0,35.126953125
dense,1008,32,1,134,0.004074090160429478,0.6989397321428571,1.0,1016064,0,1016064,0.0,879427584,0.0010641000008035917,0.0,35.126953125
dense,1008,32,1,135,0.0038353849668055773,0.7013578869047619,1.0,1016064,0,1016064,0.0,879427584,0.0011317999997118022,0.0,35.126953125
dense,1008,32,1,136,0.003614280140027404,0.7028149801587301,1.0,1016064,0,1016064,0.0,879427584,0.0008775999995123129,0.0,35.126953125
dense,1008,32,1,137,0.003409410361200571,0.7045820932539683,1.0,1016064,0,1016064,0.0,879427584,0.0008694000007380964,0.0,35.126953125
dense,1008,32,1,138,0.0032195597887039185,0.707062251984127,1.0,1016064,0,1016064,0.0,879427584,0.0008031000015762402,0.0,35.126953125
dense,1008,32,1,139,0.0030436187516897917,0.7091703869047619,1.0,1016064,0,1016064,0.0,879427584,0.0008674000000610249,0.0,35.126953125
dense,1008,32,1,140,0.0028806307818740606,0.7103484623015873,1.0,1016064,0,1016064,0.0,879427584,0.0009207000002788845,0.0,35.126953125
dense,1008,32,1,141,0.002729831961914897,0.7125806051587301,1.0,1016064,0,1016064,0.0,879427584,0.000844899999719928,0.0,35.126953125
dense,1008,32,1,142,0.0025904763024300337,0.7138516865079365,1.0,1016064,0,1016064,0.0,879427584,0.0009229999996023253,0.0,35.126953125
dense,1008,32,1,143,0.002461687196046114,0.7156498015873016,1.0,1016064,0,1016064,0.0,879427584,0.0009074000008695293,0.0,35.126953125
dense,1008,32,1,144,0.0023425747640430927,0.7177889384920635,1.0,1016064,0,1016064,0.0,879427584,0.0008961999992607161,0.0,35.126953125
dense,1008,32,1,145,0.002232356695458293,0.7197730654761905,1.0,1016064,0,1016064,0.0,879427584,0.0011517999992065597,0.0,35.126953125
dense,1008,32,1,146,0.002130289562046528,0.7215091765873016,1.0,1016064,0,1016064,0.0,879427584,0.0009902999991027173,0.0,35.126953125
dense,1008,32,1,147,0.0020356986206024885,0.722625248015873,1.0,1016064,0,1016064,0.0,879427584,0.0010397999994893325,0.0,35.126953125
dense,1008,32,1,148,0.0019479626789689064,0.7241133432539683,1.0,1016064,0,1016064,0.0,879427584,0.0010027999996964354,0.0,35.126953125
dense,1008,32,1,149,0.0018665712559595704,0.7257874503968254,1.0,1016064,0,1016064,0.0,879427584,0.0010308000000804896,0.0,35.126953125
dense,1008,32,1,150,0.0017911476315930486,0.7273065476190477,1.0,1016064,0,1016064,0.0,879427584,0.0010880999998335028,0.0,35.126953125
dense,1008,32,1,151,0.001721361419185996,0.728546626984127,1.0,1016064,0,1016064,0.0,879427584,0.0010385000005044276,0.0,35.126953125
dense,1008,32,1,152,0.0016568552237004042,0.7296316964285714,1.0,1016064,0,1016064,0.0,879427584,0.000988399999187095,0.0,35.126953125
dense,1008,32,1,153,0.0015972129767760634,0.7307167658730159,1.0,1016064,0,1016064,0.0,879427584,0.000904399999853922,0.0,35.126953125
dense,1008,32,1,154,0.001542009529657662,0.7320808531746031,1.0,1016064,0,1016064,0.0,879427584,0.0009384999993926613,0.0,35.126953125
dense,1008,32,1,155,0.0014908288139849901,0.7334449404761905,1.0,1016064,0,1016064,0.0,879427584,0.0008340999993379228,0.0,35.126953125
dense,1008,32,1,156,0.0014432963216677308,0.7345300099206349,1.0,1016064,0,1016064,0.0,879427584,0.0009237000012944918,0.0,35.126953125
dense,1008,32,1,157,0.0013990888837724924,0.7360801091269841,1.0,1016064,0,1016064,0.0,879427584,0.001104700000723824,0.0,35.126953125
dense,1008,32,1,158,0.001357931992970407,0.7372271825396826,1.0,1016064,0,1016064,0.0,879427584,0.0011300999995000893,0.0,35.126953125
dense,1008,32,1,159,0.0013195816427469254,0.738312251984127,1.0,1016064,0,1016064,0.0,879427584,0.0009657000009610783,0.0,35.126953125
dense,1008,32,1,160,0.001283797319047153,0.7396763392857143,1.0,1016064,0,1016064,0.0,879427584,0.0008993999999802327,0.0,35.126953125
dense,1008,32,1,161,0.0012503645848482847,0.7403893849206349,1.0,1016064,0,1016064,0.0,879427584,0.0008883999998943182,0.0,35.126953125
dense,1008,32,1,162,0.0012191074201837182,0.7419394841269841,1.0,1016064,0,1016064,0.0,879427584,0.0009362000000692206,0.0,35.126953125
dense,1008,32,1,163,0.0011898791417479515,0.7427145337301587,1.0,1016064,0,1016064,0.0,879427584,0.0009857000004558358,0.0,35.126953125
dense,1008,32,1,164,0.001162546337582171,0.7429935515873016,1.0,1016064,0,1016064,0.0,879427584,0.0009651000000303611,0.0,35.126953125
dense,1008,32,1,165,0.0011369759449735284,0.7437686011904762,1.0,1016064,0,1016064,0.0,879427584,0.0010755999992397847,0.0,35.126953125
dense,1008,32,1,166,0.0011130266357213259,0.7451016865079365,1.0,1016064,0,1016064,0.0,879427584,0.0008287999989988748,0.0,35.126953125
dense,1008,32,1,167,0.0010905646486207843,0.7460007440476191,1.0,1016064,0,1016064,0.0,879427584,0.000875100000484963,0.0,35.126953125
dense,1008,32,1,168,0.0010694724041968584,0.7466207837301587,1.0,1016064,0,1016064,0.0,879427584,0.0007924999990791548,0.0,35.126953125
dense,1008,32,1,169,0.0010496466420590878,0.7471478174603174,1.0,1016064,0,1016064,0.0,879427584,0.0008761999997659586,0.0,35.126953125
dense,1008,32,1,170,0.0010309872450307012,0.7477988591269841,1.0,1016064,0,1016064,0.0,879427584,0.0008078999999270309,0.0,35.126953125
dense,1008,32,1,171,0.0010133959585800767,0.748108878968254,1.0,1016064,0,1016064,0.0,879427584,0.0009308999997301726,0.0,35.126953125
dense,1008,32,1,172,0.0009967796504497528,0.7491629464285714,1.0,1016064,0,1016064,0.0,879427584,0.0009207999992213445,0.0,35.126953125
dense,1008,32,1,173,0.0009810555493459105,0.7498759920634921,1.0,1016064,0,1016064,0.0,879427584,0.0008588000000600005,0.0,35.126953125
dense,1008,32,1,174,0.0009661555523052812,0.7509920634920635,1.0,1016064,0,1016064,0.0,879427584,0.0008353000011993572,0.0,35.126953125
dense,1008,32,1,175,0.0009520190069451928,0.751891121031746,1.0,1016064,0,1016064,0.0,879427584,0.0007624999998370185,0.0,35.126953125
dense,1008,32,1,176,0.0009385894518345594,0.7522321428571429,1.0,1016064,0,1016064,0.0,879427584,0.0009391000003233785,0.0,35.126953125
dense,1008,32,1,177,0.0009258139762096107,0.7525421626984127,1.0,1016064,0,1016064,0.0,879427584,0.0010039999997388804,0.0,35.126953125
dense,1008,32,1,178,0.00091364182299003,0.7536892361111112,1.0,1016064,0,1016064,0.0,879427584,0.0009260000006179325,0.0,35.126953125
dense,1008,32,1,179,0.0009020274155773222,0.7544952876984127,1.0,1016064,0,1016064,0.0,879427584,0.0011660000000119908,0.0,35.126953125
dense,1008,32,1,180,0.0008909330354072154,0.7546502976190477,1.0,1016064,0,1016064,0.0,879427584,0.0012817999995604623,0.0,35.126953125
dense,1008,32,1,181,0.0008803210221230984,0.7548983134920635,1.0,1016064,0,1016064,0.0,879427584,0.0009424999989278149,0.0,35.126953125
dense,1008,32,1,182,0.000870155228767544,0.7550223214285714,1.0,1016064,0,1016064,0.0,879427584,0.0009214000001520617,0.0,35.126953125
dense,1008,32,1,183,0.0008604037575423717,0.7555803571428571,1.0,1016064,0,1016064,0.0,879427584,0.0008947999995143618,0.0,35.126953125
dense,1008,32,1,184,0.0008510369225405157,0.7565414186507936,1.0,1016064,0,1016064,0.0,879427584,0.0009009000004880363,0.0,35.126953125
dense,1008,32,1,185,0.0008420291705988348,0.7567584325396826,1.0,1016064,0,1016064,0.0,879427584,0.000996599999780301,0.0,35.126953125
dense,1008,32,1,186,0.0008333580335602164,0.7571924603174603,1.0,1016064,0,1016064,0.0,879427584,0.0009035999992192956,0.0,35.126953125
dense,1008,32,1,187,0.0008250015089288354,0.7574714781746031,1.0,1016064,0,1016064,0.0,879427584,0.0008546999997633975,0.0,35.126953125
dense,1008,32,1,188,0.0008169397478923202,0.757874503968254,1.0,1016064,0,1016064,0.0,879427584,0.0010395999997854233,0.0,35.126953125
dense,1008,32,1,189,0.0008091536001302302,0.7583705357142857,1.0,1016064,0,1016064,0.0,879427584,0.000893000000360189,0.0,35.126953125
dense,1008,32,1,190,0.0008016272913664579,0.7587115575396826,1.0,1016064,0,1016064,0.0,879427584,0.0008806000005279202,0.0,35.126953125
dense,1008,32,1,191,0.0007943466189317405,0.7588355654761905,1.0,1016064,0,1016064,0.0,879427584,0.0008077000002231216,0.0,35.126953125
dense,1008,32,1,192,0.0007872985443100333,0.7591455853174603,1.0,1016064,0,1016064,0.0,879427584,0.0010146999993594363,0.0,35.126953125
dense,1008,32,1,193,0.0007804710767231882,0.759703621031746,1.0,1016064,0,1016064,0.0,879427584,0.0008622999994258862,0.0,35.126953125
dense,1008,32,1,194,0.0007738535641692579,0.7598896329365079,1.0,1016064,0,1016064,0.0,879427584,0.0007635000001755543,0.0,35.126953125
dense,1008,32,1,195,0.0007674363441765308,0.7606646825396826,1.0,1016064,0,1016064,0.0,879427584,0.000925199999983306,0.0,35.126953125
dense,1008,32,1,196,0.0007612081826664507,0.7610677083333334,1.0,1016064,0,1016064,0.0,879427584,0.000968099999226979,0.0,35.126953125
dense,1008,32,1,197,0.000755159417167306,0.7612537202380952,1.0,1016064,0,1016064,0.0,879427584,0.0008896000017557526,0.0,35.126953125
dense,1008,32,1,198,0.0007492805598303676,0.7619667658730159,1.0,1016064,0,1016064,0.0,879427584,0.0009468999996897765,0.0,35.126953125
dense,1008,32,1,199,0.0007435636362060905,0.7625248015873016,1.0,1016064,0,1016064,0.0,879427584,0.0011314000003039837,0.0,35.126953125
dense,1008,32,1,200,0.0007380007300525904,0.7627108134920635,1.0,1016064,0,1016064,0.0,879427584,0.0009011999991344055,0.0,35.126953125
dense,1008,32,1,201,0.0007325859041884542,0.7630208333333334,1.0,1016064,0,1016064,0.0,879427584,0.0008100000013655517,0.0,35.126953125
dense,1008,32,1,202,0.000727312930393964,0.7634858630952381,1.0,1016064,0,1016064,0.0,879427584,0.0008159999997587875,0.0,35.126953125
dense,1008,32,1,203,0.0007221761625260115,0.7637958829365079,1.0,1016064,0,1016064,0.0,879427584,0.0010851999995793449,0.0,35.126953125
dense,1008,32,1,204,0.0007171708857640624,0.7642609126984127,1.0,1016064,0,1016064,0.0,879427584,0.0009386000001541106,0.0,35.126953125
dense,1008,32,1,205,0.0007122924434952438,0.7647569444444444,1.0,1016064,0,1016064,0.0,879427584,0.0008916999995562946,0.0,35.126953125
dense,1008,32,1,206,0.000707535888068378,0.7648189484126984,1.0,1016064,0,1016064,0.0,879427584,0.0007951000006869435,0.0,35.126953125
dense,1008,32,1,207,0.0007028969121165574,0.7649739583333334,1.0,1016064,0,1016064,0.0,879427584,0.0009787999988475349,0.0,35.126953125
dense,1008,32,1,208,0.0006983709172345698,0.7652529761904762,1.0,1016064,0,1016064,0.0,879427584,0.000986300001386553,0.0,35.126953125
dense,1008,32,1,209,0.0006939537124708295,0.7654079861111112,1.0,1016064,0,1016064,0.0,879427584,0.0008867999986250652,0.0,35.126953125
dense,1008,32,1,210,0.0006896415143273771,0.765593998015873,1.0,1016064,0,1016064,0.0,879427584,0.0008183999998436775,0.0,35.126953125
dense,1008,32,1,211,0.0006854303064756095,0.7662450396825397,1.0,1016064,0,1016064,0.0,879427584,0.0009683999996923376,0.0,35.126953125
dense,1008,32,1,212,0.0006813171203248203,0.7665550595238095,1.0,1016064,0,1016064,0.0,879427584,0.0008551000009902054,0.0,35.126953125
dense,1008,32,1,213,0.0006772991036996245,0.7668650793650794,1.0,1016064,0,1016064,0.0,879427584,0.0007854000014049234,0.0,35.126953125
dense,1008,32,1,214,0.0006733753834851086,0.7668030753968254,1.0,1016064,0,1016064,0.0,879427584,0.0009382000007462921,0.0,35.126953125
dense,1008,32,1,215,0.0006695493357256055,0.7672061011904762,1.0,1016064,0,1016064,0.0,879427584,0.0009853000010480173,0.0,35.126953125
dense,1008,32,1,216,0.0006658335914835334,0.7677951388888888,1.0,1016064,0,1016064,0.0,879427584,0.0008001999995030928,0.0,35.126953125
dense,1008,32,1,217,0.0006622637738473713,0.7681981646825397,1.0,1016064,0,1016064,0.0,879427584,0.0008072000000538537,0.0,35.126953125
dense,1008,32,1,218,0.0006589356926269829,0.7686011904761905,1.0,1016064,0,1016064,0.0,879427584,0.0011016000007657567,0.0,35.126953125
dense,1008,32,1,219,0.0006560784531757236,0.7691282242063492,1.0,1016064,0,1016064,0.0,879427584,0.0008495000001857989,0.0,35.126953125
dense,1008,32,1,220,0.0006543481140397489,0.769593253968254,1.0,1016064,0,1016064,0.0,879427584,0.0008572999995521968,0.0,35.126953125
dense,1008,32,1,221,0.0006550553371198475,0.7698102678571429,1.0,1016064,0,1016064,0.0,879427584,0.000769899999795598,0.0,35.126953125
dense,1008,32,1,222,0.0006622519576922059,0.7702442956349206,1.0,1016064,0,1016064,0.0,879427584,0.000989300000583171,0.0,35.126953125
dense,1008,32,1,223,0.0006788518512621522,0.7705543154761905,1.0,1016064,0,1016064,0.0,879427584,0.0008880999994289596,0.0,35.126953125
dense,1008,32,1,224,0.000716674083378166,0.7708333333333334,1.0,1016064,0,1016064,0.0,879427584,0.000822899999548099,0.0,35.126953125
dense,1008,32,1,225,0.000731305917724967,0.7711123511904762,1.0,1016064,0,1016064,0.0,879427584,0.000802500000645523,0.0,35.126953125
dense,1008,32,1,226,0.0007255555246956646,0.7719494047619048,1.0,1016064,0,1016064,0.0,879427584,0.0009809000002860557,0.0,35.126953125
dense,1008,32,1,227,0.0006777913076803088,0.7719804067460317,1.0,1016064,0,1016064,0.0,879427584,0.0008870000001479639,0.0,35.126953125
dense,1008,32,1,228,0.0006660510553047061,0.7726004464285714,1.0,1016064,0,1016064,0.0,879427584,0.0007691999999224208,0.0,35.126953125
dense,1008,32,1,229,0.0006939692539162934,0.7727864583333334,1.0,1016064,0,1016064,0.0,879427584,0.00079840000034892,0.0,35.126953125
dense,1008,32,1,230,0.0006972421542741358,0.7736855158730159,1.0,1016064,0,1016064,0.0,879427584,0.0009924000005412381,0.0,35.126953125
dense,1008,32,1,231,0.0006759326788596809,0.7732514880952381,1.0,1016064,0,1016064,0.0,879427584,0.0009307000000262633,0.0,35.126953125
dense,1008,32,1,232,0.0006553069688379765,0.7735925099206349,1.0,1016064,0,1016064,0.0,879427584,0.0008463000012852717,0.0,35.126953125
dense,1008,32,1,233,0.0006524670752696693,0.7736235119047619,1.0,1016064,0,1016064,0.0,879427584,0.000808699998742668,0.0,35.126953125
dense,1008,32,1,234,0.0006551227415911853,0.7744295634920635,1.0,1016064,0,1016064,0.0,879427584,0.0009078000002773479,0.0,35.126953125
dense,1008,32,1,235,0.0006460488657467067,0.7747395833333334,1.0,1016064,0,1016064,0.0,879427584,0.0011716000008163974,0.0,35.126953125
dense,1008,32,1,236,0.0006306937430053949,0.7749565972222222,1.0,1016064,0,1016064,0.0,879427584,0.0008482000012008939,0.0,35.126953125
dense,1008,32,1,237,0.0006260299123823643,0.7752046130952381,1.0,1016064,0,1016064,0.0,879427584,0.0008012999987840885,0.0,35.126953125
dense,1008,32,1,238,0.0006283148541115224,0.775421626984127,1.0,1016064,0,1016064,0.0,879427584,0.0011224999998376006,0.0,35.126953125
dense,1008,32,1,239,0.0006228351849131286,0.7756076388888888,1.0,1016064,0,1016064,0.0,879427584,0.0008421000002272194,0.0,35.126953125
dense,1008,32,1,240,0.0006126011721789837,0.7758246527777778,1.0,1016064,0,1016064,0.0,879427584,0.0007819999991625082,0.0,35.126953125
dense,1008,32,1,241,0.0006082666222937405,0.7761656746031746,1.0,1016064,0,1016064,0.0,879427584,0.0008040999982767971,0.0,35.126953125
dense,1008,32,1,242,0.0006099853781051934,0.7766617063492064,1.0,1016064,0,1016064,0.0,879427584,0.001354299998638453,0.0,35.126953125
dense,1008,32,1,243,0.0006093072588555515,0.7768477182539683,1.0,1016064,0,1016064,0.0,879427584,0.0008261000002676155,0.0,35.126953125
dense,1008,32,1,244,0.0006038423744030297,0.7771577380952381,1.0,1016064,0,1016064,0.0,879427584,0.0008090999999694759,0.0,35.126953125
dense,1008,32,1,245,0.0005979700945317745,0.7775297619047619,1.0,1016064,0,1016064,0.0,879427584,0.0007619000007252907,0.0,35.126953125
dense,1008,32,1,246,0.0005949793267063797,0.7778707837301587,1.0,1016064,0,1016064,0.0,879427584,0.0009350000000267755,0.0,35.126953125
dense,1008,32,1,247,0.0005928060272708535,0.7779017857142857,1.0,1016064,0,1016064,0.0,879427584,0.0008266999993793434,0.0,35.126953125
dense,1008,32,1,248,0.0005895570502616465,0.7780567956349206,1.0,1016064,0,1016064,0.0,879427584,0.0007797999987815274,0.0,35.126953125
dense,1008,32,1,249,0.0005845447303727269,0.7782738095238095,1.0,1016064,0,1016064,0.0,879427584,0.000793100000009872,0.0,35.126953125
dense,1008,32,1,250,0.0005796282202936709,0.7784288194444444,1.0,1016064,0,1016064,0.0,879427584,0.0009654999994381797,0.0,35.126953125
dense,1008,32,1,251,0.0005773049197159708,0.7791418650793651,1.0,1016064,0,1016064,0.0,879427584,0.0008370000014110701,0.0,35.126953125
dense,1008,32,1,252,0.0005767588736489415,0.7790488591269841,1.0,1016064,0,1016064,0.0,879427584,0.0008194000001822133,0.0,35.126953125
dense,1008,32,1,253,0.0005751526914536953,0.7796068948412699,1.0,1016064,0,1016064,0.0,879427584,0.0007189000007201685,0.0,35.126953125
dense,1008,32,1,254,0.000572082819417119,0.7797309027777778,1.0,1016064,0,1016064,0.0,879427584,0.000931700000364799,0.0,35.126953125
dense,1008,32,1,255,0.0005694189458154142,0.7799789186507936,1.0,1016064,0,1016064,0.0,879427584,0.0007630000000062864,0.0,35.126953125
dense,1008,32,1,256,0.0005679142777808011,0.7801959325396826,1.0,1016064,0,1016064,0.0,879427584,0.0008075000005192123,0.0,35.126953125
dense,1008,32,1,257,0.000565514259506017,0.7804439484126984,1.0,1016064,0,1016064,0.0,879427584,0.0007791000007273396,0.0,35.126953125
dense,1008,32,1,258,0.0005620945012196898,0.7805059523809523,1.0,1016064,0,1016064,0.0,879427584,0.0008862000013323268,0.0,35.126953125
dense,1008,32,1,259,0.0005596522241830826,0.7810329861111112,1.0,1016064,0,1016064,0.0,879427584,0.0008660999992571305,0.0,35.126953125
dense,1008,32,1,260,0.0005585711332969368,0.781218998015873,1.0,1016064,0,1016064,0.0,879427584,0.0008259999995061662,0.0,35.126953125
dense,1008,32,1,261,0.0005571373039856553,0.7817770337301587,1.0,1016064,0,1016064,0.0,879427584,0.0008291000012832228,0.0,35.126953125
dense,1008,32,1,262,0.000554407830350101,0.7819630456349206,1.0,1016064,0,1016064,0.0,879427584,0.0009664999997767154,0.0,35.126953125
dense,1008,32,1,263,0.0005518653779290617,0.7822730654761905,1.0,1016064,0,1016064,0.0,879427584,0.0008943000011640834,0.0,35.126953125
dense,1008,32,1,264,0.0005505528533831239,0.7825520833333334,1.0,1016064,0,1016064,0.0,879427584,0.0007549000001745299,0.0,35.126953125
dense,1008,32,1,265,0.0005501628620550036,0.7827690972222222,1.0,1016064,0,1016064,0.0,879427584,0.0007015000010142103,0.0,35.126953125
dense,1008,32,1,266,0.0005501310806721449,0.7830481150793651,1.0,1016064,0,1016064,0.0,879427584,0.0009848999998212093,0.0,35.126953125
dense,1008,32,1,267,0.0005513263749890029,0.7831101190476191,1.0,1016064,0,1016064,0.0,879427584,0.0008103000000119209,0.0,35.126953125
dense,1008,32,1,268,0.0005544765735976398,0.7832961309523809,1.0,1016064,0,1016064,0.0,879427584,0.0007277999993675621,0.0,35.126953125
dense,1008,32,1,269,0.0005652214749716222,0.783265128968254,1.0,1016064,0,1016064,0.0,879427584,0.000744200000553974,0.0,35.126953125
dense,1008,32,1,270,0.0005758267361670732,0.7837611607142857,1.0,1016064,0,1016064,0.0,879427584,0.0009316000014223391,0.0,35.126953125
dense,1008,32,1,271,0.0006067515932954848,0.7834511408730159,1.0,1016064,0,1016064,0.0,879427584,0.0007987000008142786,0.0,35.126953125
dense,1008,32,1,272,0.0005954293883405626,0.7839471726190477,1.0,1016064,0,1016064,0.0,879427584,0.0007110999995347811,0.0,35.126953125
dense,1008,32,1,273,0.000590244831983,0.7838231646825397,1.0,1016064,0,1016064,0.0,879427584,0.0007669000005989801,0.0,35.126953125
dense,1008,32,1,274,0.0005657586152665317,0.7845362103174603,1.0,1016064,0,1016064,0.0,879427584,0.0008906999992177589,0.0,35.126953125
dense,1008,32,1,275,0.0005577517440542579,0.7845982142857143,1.0,1016064,0,1016064,0.0,879427584,0.0009069000007002614,0.0,35.126953125
dense,1008,32,1,276,0.0005630463128909469,0.785094246031746,1.0,1016064,0,1016064,0.0,879427584,0.0009028000004036585,0.0,35.126953125
dense,1008,32,1,277,0.0005632200045511127,0.7849392361111112,1.0,1016064,0,1016064,0.0,879427584,0.0008521999989170581,0.0,35.126953125
dense,1008,32,1,278,0.0005615812842734158,0.7855902777777778,1.0,1016064,0,1016064,0.0,879427584,0.0008687999998073792,0.0,35.126953125
dense,1008,32,1,279,0.0005542643484659493,0.7854972718253969,1.0,1016064,0,1016064,0.0,879427584,0.0007363000004261266,0.0,35.126953125
dense,1008,32,1,280,0.0005501983105204999,0.7857762896825397,1.0,1016064,0,1016064,0.0,879427584,0.000729900000806083,0.0,35.126953125
dense,1008,32,1,281,0.0005516378441825509,0.7858692956349206,1.0,1016064,0,1016064,0.0,879427584,0.0009188000003632624,0.0,35.126953125
dense,1008,32,1,282,0.0005507190362550318,0.7861173115079365,1.0,1016064,0,1016064,0.0,879427584,0.000834299999041832,0.0,35.126953125
dense,1008,32,1,283,0.0005484002758748829,0.7861793154761905,1.0,1016064,0,1016064,0.0,879427584,0.0016083999998954823,0.0,35.126953125
dense,1008,32,1,284,0.0005413189064711332,0.7863033234126984,1.0,1016064,0,1016064,0.0,879427584,0.0008068000006460352,0.0,35.126953125
dense,1008,32,1,285,0.0005349352722987533,0.7864583333333334,1.0,1016064,0,1016064,0.0,879427584,0.0017411000007996336,0.0,35.126953125
dense,1008,32,1,286,0.0005319180199876428,0.7867683531746031,1.0,1016064,0,1016064,0.0,879427584,0.0007564999996247934,0.0,35.126953125
dense,1008,32,1,287,0.0005327847320586443,0.7868303571428571,1.0,1016064,0,1016064,0.0,879427584,0.0007149000011850148,0.0,35.126953125
dense,1008,32,1,288,0.0005345579120330513,0.787047371031746,1.0,1016064,0,1016064,0.0,879427584,0.0020905999990645796,0.0,35.126953125
dense,1008,32,1,289,0.0005330158164724708,0.7874193948412699,1.0,1016064,0,1016064,0.0,879427584,0.0007616999992023921,0.0,35.126953125
dense,1008,32,1,290,0.0005284876679070294,0.7878224206349206,1.0,1016064,0,1016064,0.0,879427584,0.0007400000013149111,0.0,35.126953125
dense,1008,32,1,291,0.0005226931534707546,0.7881324404761905,1.0,1016064,0,1016064,0.0,879427584,0.0008508999999321532,0.0,35.126953125
dense,1008,32,1,292,0.0005198207800276577,0.7879774305555556,1.0,1016064,0,1016064,0.0,879427584,0.0007810000006429618,0.0,35.126953125
dense,1008,32,1,293,0.0005196353304199874,0.7883494543650794,1.0,1016064,0,1016064,0.0,879427584,0.0007640999992872821,0.0,35.126953125
dense,1008,32,1,294,0.0005202158936299384,0.7888764880952381,1.0,1016064,0,1016064,0.0,879427584,0.0007370000002993038,0.0,35.126953125
dense,1008,32,1,295,0.0005197411519475281,0.7888764880952381,1.0,1016064,0,1016064,0.0,879427584,0.0007116000015230384,0.0,35.126953125
dense,1008,32,1,296,0.0005173423560336232,0.7894965277777778,1.0,1016064,0,1016064,0.0,879427584,0.0009151999984169379,0.0,35.126953125
dense,1008,32,1,297,0.0005143473390489817,0.7895275297619048,1.0,1016064,0,1016064,0.0,879427584,0.0026368999988335418,0.0,35.126953125
dense,1008,32,1,298,0.0005109526100568473,0.7898065476190477,1.0,1016064,0,1016064,0.0,879427584,0.0007428999997500796,0.0,35.126953125
dense,1008,32,1,299,0.0005082514835521579,0.7897755456349206,1.0,1016064,0,1016064,0.0,879427584,0.0008227999987866497,0.0,35.126953125
dense,1008,32,1,300,0.0005060552502982318,0.7901475694444444,1.0,1016064,0,1016064,0.0,879427584,0.0008149000004777918,0.0,35.126953125
dense,1008,32,1,301,0.0005052745109423995,0.7900855654761905,1.0,1016064,0,1016064,0.0,879427584,0.0008121000009850832,0.0,35.126953125
dense,1008,32,1,302,0.0005054429639130831,0.7900545634920635,1.0,1016064,0,1016064,0.0,879427584,0.0007172999994509155,0.0,35.126953125
dense,1008,32,1,303,0.0005061698611825705,0.7903335813492064,1.0,1016064,0,1016064,0.0,879427584,0.0007882999998400919,0.0,35.126953125
dense,1008,32,1,304,0.0005067836027592421,0.7905195932539683,1.0,1016064,0,1016064,0.0,879427584,0.000715199999831384,0.0,35.126953125
dense,1008,32,1,305,0.0005063676508143544,0.7903955853174603,1.0,1016064,0,1016064,0.0,879427584,0.000732399999833433,0.0,35.126953125
dense,1008,32,1,306,0.0005066705052740872,0.7907366071428571,1.0,1016064,0,1016064,0.0,879427584,0.0007404999996651895,0.0,35.126953125
dense,1008,32,1,307,0.0005086468881927431,0.7907056051587301,1.0,1016064,0,1016064,0.0,879427584,0.0007871000016166363,0.0,35.126953125
dense,1008,32,1,308,0.0005154237733222544,0.7907986111111112,1.0,1016064,0,1016064,0.0,879427584,0.0007764999991195509,0.0,35.126953125
dense,1008,32,1,309,0.000527751340996474,0.7912016369047619,1.0,1016064,0,1016064,0.0,879427584,0.0007456000003003282,0.0,35.126953125
dense,1008,32,1,310,0.0005463189445436001,0.7913876488095238,1.0,1016064,0,1016064,0.0,879427584,0.0007330000007641502,0.0,35.126953125
dense,1008,32,1,311,0.0005684261559508741,0.7912636408730159,1.0,1016064,0,1016064,0.0,879427584,0.0007350000014412217,0.0,35.126953125
dense,1008,32,1,312,0.0005836061900481582,0.7919146825396826,1.0,1016064,0,1016064,0.0,879427584,0.0007678999991185265,0.0,35.126953125
dense,1008,32,1,313,0.0005812172894366086,0.7917286706349206,1.0,1016064,0,1016064,0.0,879427584,0.0007196999995358055,0.0,35.126953125
dense,1008,32,1,314,0.0005533728399313986,0.7918216765873016,1.0,1016064,0,1016064,0.0,879427584,0.0007541000013588928,0.0,35.126953125
dense,1008,32,1,315,0.0005226003122515976,0.7919766865079365,1.0,1016064,0,1016064,0.0,879427584,0.0007729999997536652,0.0,35.126953125
dense,1008,32,1,316,0.0005057268426753581,0.7922867063492064,1.0,1016064,0,1016064,0.0,879427584,0.000776400000177091,0.0,35.126953125
dense,1008,32,1,317,0.0005132522201165557,0.7922557043650794,1.0,1016064,0,1016064,0.0,879427584,0.0007387999994534766,0.0,35.126953125
dense,1008,32,1,318,0.0005293999565765262,0.7924107142857143,1.0,1016064,0,1016064,0.0,879427584,0.000751499999751104,0.0,35.126953125
dense,1008,32,1,319,0.0005362663068808615,0.792906746031746,1.0,1016064,0,1016064,0.0,879427584,0.0008034000002226094,0.0,35.126953125
dense,1008,32,1,320,0.0005270345136523247,0.7928757440476191,1.0,1016064,0,1016064,0.0,879427584,0.0007803999997122446,0.0,35.126953125
dense,1008,32,1,321,0.0005092466599307954,0.793030753968254,1.0,1016064,0,1016064,0.0,879427584,0.000804900000730413,0.0,35.126953125
dense,1008,32,1,322,0.0005000131786800921,0.792937748015873,1.0,1016064,0,1016064,0.0,879427584,0.0007513999989896547,0.0,35.126953125
dense,1008,32,1,323,0.0005036327638663352,0.7930617559523809,1.0,1016064,0,1016064,0.0,879427584,0.0007185000013123499,0.0,35.126953125
dense,1008,32,1,324,0.000514278537593782,0.7932477678571429,1.0,1016064,0,1016064,0.0,879427584,0.0024635999998281477,0.0,35.126953125
dense,1008,32,1,325,0.0005200458690524101,0.7933097718253969,1.0,1016064,0,1016064,0.0,879427584,0.0008835999997245381,0.0,35.126953125
dense,1008,32,1,326,0.0005161762819625437,0.7936197916666666,1.0,1016064,0,1016064,0.0,879427584,0.0008090999999694759,0.0,35.126953125
dense,1008,32,1,327,0.000507006945554167,0.7938368055555556,1.0,1016064,0,1016064,0.0,879427584,0.0007303999991563614,0.0,35.126953125
dense,1008,32,1,328,0.0005003346595913172,0.7941158234126984,1.0,1016064,0,1016064,0.0,879427584,0.002570299999206327,0.0,35.126953125
dense,1008,32,1,329,0.0005008270964026451,0.7943328373015873,1.0,1016064,0,1016064,0.0,879427584,0.0008535000015399419,0.0,35.126953125
dense,1008,32,1,330,0.0005073734791949391,0.7941778273809523,1.0,1016064,0,1016064,0.0,879427584,0.00072580000050948,0.0,35.126953125
dense,1008,32,1,331,0.0005125146126374602,0.7946738591269841,1.0,1016064,0,1016064,0.0,879427584,0.0007743000005575595,0.0,35.126953125
dense,1008,32,1,332,0.0005135656683705747,0.7944878472222222,1.0,1016064,0,1016064,0.0,879427584,0.000754400000005262,0.0,35.126953125
dense,1008,32,1,333,0.0005086736637167633,0.7951388888888888,1.0,1016064,0,1016064,0.0,879427584,0.0007002999991527759,0.0,35.126953125
dense,1008,32,1,334,0.0005019252421334386,0.794859871031746,1.0,1016064,0,1016064,0.0,879427584,0.0007009000000834931,0.0,35.126953125
dense,1008,32,1,335,0.0004978147917427123,0.7954179067460317,1.0,1016064,0,1016064,0.0,879427584,0.0007026999992376659,0.0,35.126953125
dense,1008,32,1,336,0.0004982223617844284,0.7950768849206349,1.0,1016064,0,1016064,0.0,879427584,0.0007642999989911914,0.0,35.126953125
dense,1008,32,1,337,0.000501904112752527,0.7955729166666666,1.0,1016064,0,1016064,0.0,879427584,0.0007315999991988065,0.0,35.126953125
dense,1008,32,1,338,0.0005041211261413991,0.7953249007936508,1.0,1016064,0,1016064,0.0,879427584,0.0007427999989886303,0.0,35.126953125
dense,1008,32,1,339,0.0005027881707064807,0.7959139384920635,1.0,1016064,0,1016064,0.0,879427584,0.0007282000005943701,0.0,35.126953125
dense,1008,32,1,340,0.0004986757994629443,0.7958519345238095,1.0,1016064,0,1016064,0.0,879427584,0.0007721000001765788,0.0,35.126953125
dense,1008,32,1,341,0.0004959434736520052,0.7964409722222222,1.0,1016064,0,1016064,0.0,879427584,0.0007587000000057742,0.0,35.126953125
dense,1008,32,1,342,0.0004971012240275741,0.7959139384920635,1.0,1016064,0,1016064,0.0,879427584,0.000750700000935467,0.0,35.126953125
dense,1008,32,1,343,0.0005028946907259524,0.7967199900793651,1.0,1016064,0,1016064,0.0,879427584,0.0007095999990269775,0.0,35.126953125
dense,1008,32,1,344,0.000507129356265068,0.7964099702380952,1.0,1016064,0,1016064,0.0,879427584,0.0007206999998743413,0.0,35.126953125
dense,1008,32,1,345,0.0005107694887556136,0.7972160218253969,1.0,1016064,0,1016064,0.0,879427584,0.0007541000013588928,0.0,35.126953125
dense,1008,32,1,346,0.0005072036292403936,0.7966579861111112,1.0,1016064,0,1016064,0.0,879427584,0.000753199999962817,0.0,35.126953125
dense,1008,32,1,347,0.0005111246136948466,0.7973710317460317,1.0,1016064,0,1016064,0.0,879427584,0.0007074000004649861,0.0,35.126953125
dense,1008,32,1,348,0.0005025102873332798,0.7974020337301587,1.0,1016064,0,1016064,0.0,879427584,0.0008013000006030779,0.0,35.126953125
dense,1008,32,1,349,0.0005021030665375292,0.7974330357142857,1.0,1016064,0,1016064,0.0,879427584,0.0026082000003953,0.0,35.126953125
dense,1008,32,1,350,0.0004859189793933183,0.7975260416666666,1.0,1016064,0,1016064,0.0,879427584,0.0007077000009303447,0.0,35.126953125
dense,1008,32,1,351,0.00047534340410493314,0.7978050595238095,1.0,1016064,0,1016064,0.0,879427584,0.0007296000003407244,0.0,35.126953125
dense,1008,32,1,352,0.00047196136438287795,0.7977740575396826,1.0,1016064,0,1016064,0.0,879427584,0.001274300000659423,0.0,35.126953125
dense,1008,32,1,353,0.00047655237722210586,0.7981150793650794,1.0,1016064,0,1016064,0.0,879427584,0.000821699999505654,0.0,35.126953125
dense,1008,32,1,354,0.00048577028792351484,0.7985491071428571,1.0,1016064,0,1016064,0.0,879427584,0.0007107000001269625,0.0,35.126953125
dense,1008,32,1,355,0.0004873337456956506,0.7983320932539683,1.0,1016064,0,1016064,0.0,879427584,0.0007069000002957182,0.0,35.126953125
dense,1008,32,1,356,0.0004870701231993735,0.7989831349206349,1.0,1016064,0,1016064,0.0,879427584,0.0007429999986925395,0.0,35.126953125
dense,1008,32,1,357,0.00047820256440900266,0.798766121031746,1.0,1016064,0,1016064,0.0,879427584,0.0008522999996785074,0.0,35.126953125
dense,1008,32,1,358,0.0004713930538855493,0.7993551587301587,1.0,1016064,0,1016064,0.0,879427584,0.000716800001100637,0.0,35.126953125
dense,1008,32,1,359,0.0004673215444199741,0.7994171626984127,1.0,1016064,0,1016064,0.0,879427584,0.001039800001308322,0.0,35.126953125
dense,1008,32,1,360,0.0004677145043388009,0.7994791666666666,1.0,1016064,0,1016064,0.0,879427584,0.002013299999816809,0.0,35.126953125
dense,1008,32,1,361,0.00047057829215191305,0.8000372023809523,1.0,1016064,0,1016064,0.0,879427584,0.001367700000628247,0.0,35.126953125
dense,1008,32,1,362,0.00047206797171384096,0.7997891865079365,1.0,1016064,0,1016064,0.0,879427584,0.001012000000628177,0.0,35.126953125
dense,1008,32,1,363,0.0004737637937068939,0.8004712301587301,1.0,1016064,0,1016064,0.0,879427584,0.000913800000489573,0.0,35.126953125
dense,1008,32,1,364,0.0004713403177447617,0.8004092261904762,1.0,1016064,0,1016064,0.0,879427584,0.0008534999997209525,0.0,35.126953125
dense,1008,32,1,365,0.0004700177814811468,0.8006572420634921,1.0,1016064,0,1016064,0.0,879427584,0.0008400999995501479,0.0,35.126953125
dense,1008,32,1,366,0.0004695296520367265,0.800812251984127,1.0,1016064,0,1016064,0.0,879427584,0.000758000000132597,0.0,35.126953125
dense,1008,32,1,367,0.00047201974666677415,0.8010602678571429,1.0,1016064,0,1016064,0.0,879427584,0.0009100999996007886,0.0,35.126953125
dense,1008,32,1,368,0.0004779990413226187,0.8011532738095238,1.0,1016064,0,1016064,0.0,879427584,0.0008278000004793284,0.0,35.126953125
dense,1008,32,1,369,0.0004852408601436764,0.8010912698412699,1.0,1016064,0,1016064,0.0,879427584,0.0009159000001091044,0.0,35.126953125
dense,1008,32,1,370,0.0004952770541422069,0.8013702876984127,1.0,1016064,0,1016064,0.0,879427584,0.0011501999997562962,0.0,35.126953125
dense,1008,32,1,371,0.0005027103470638394,0.8012772817460317,1.0,1016064,0,1016064,0.0,879427584,0.0010743000002548797,0.0,35.126953125
dense,1008,32,1,372,0.000512437429279089,0.8014012896825397,1.0,1016064,0,1016064,0.0,879427584,0.0010151999995287042,0.0,35.126953125
dense,1008,32,1,373,0.000515453633852303,0.8015562996031746,1.0,1016064,0,1016064,0.0,879427584,0.0009337999999843305,0.0,35.126953125
dense,1008,32,1,374,0.0005147541523911059,0.8017423115079365,1.0,1016064,0,1016064,0.0,879427584,0.0010729999994509853,0.0,35.126953125
dense,1008,32,1,375,0.0005078748799860477,0.8018663194444444,1.0,1016064,0,1016064,0.0,879427584,0.0009902999991027173,0.0,35.126953125
dense,1008,32,1,376,0.0004918542108498514,0.8018043154761905,1.0,1016064,0,1016064,0.0,879427584,0.0009184999998979038,0.0,35.126953125
dense,1008,32,1,377,0.00048051404883153737,0.8022693452380952,1.0,1016064,0,1016064,0.0,879427584,0.0008847000008245232,0.0,35.126953125
dense,1008,32,1,378,0.00047608374734409153,0.8022383432539683,1.0,1016064,0,1016064,0.0,879427584,0.0008944999990490032,0.0,35.126953125
dense,1008,32,1,379,0.00048451306065544486,0.802765376984127,1.0,1016064,0,1016064,0.0,879427584,0.0010574000007181894,0.0,35.126953125
dense,1008,32,1,380,0.0004973257309757173,0.802672371031746,1.0,1016064,0,1016064,0.0,879427584,0.0007540999995399034,0.0,35.126953125
dense,1008,32,1,381,0.0005130621721036732,0.8031374007936508,1.0,1016064,0,1016064,0.0,879427584,0.0008097000009001931,0.0,35.126953125
dense,1008,32,1,382,0.000508353637997061,0.802796378968254,1.0,1016064,0,1016064,0.0,879427584,0.001079300000128569,0.0,35.126953125
dense,1008,32,1,383,0.0004962475504726171,0.8033234126984127,1.0,1016064,0,1016064,0.0,879427584,0.0008610000004409812,0.0,35.126953125
dense,1008,32,1,384,0.00047685770550742745,0.8030133928571429,1.0,1016064,0,1016064,0.0,879427584,0.0007402000010188203,0.0,35.126953125
dense,1008,32,1,385,0.00046506791841238737,0.8034474206349206,1.0,1016064,0,1016064,0.0,879427584,0.0008574999992561061,0.0,35.126953125
dense,1008,32,1,386,0.00046718979137949646,0.8031063988095238,1.0,1016064,0,1016064,0.0,879427584,0.0010996999990311451,0.0,35.126953125
dense,1008,32,1,387,0.0004711762012448162,0.8036024305555556,1.0,1016064,0,1016064,0.0,879427584,0.0008880999994289596,0.0,35.126953125
dense,1008,32,1,388,0.00047454051673412323,0.8033854166666666,1.0,1016064,0,1016064,0.0,879427584,0.0007341000000451459,0.0,35.126953125
dense,1008,32,1,389,0.00046678617945872247,0.8037574404761905,1.0,1016064,0,1016064,0.0,879427584,0.000955400000748341,0.0,35.126953125
dense,1008,32,1,390,0.00045690746628679335,0.8037264384920635,1.0,1016064,0,1016064,0.0,879427584,0.0010747999986051582,0.0,35.126953125
dense,1008,32,1,391,0.00044969108421355486,0.8038814484126984,1.0,1016064,0,1016064,0.0,879427584,0.0008094000004348345,0.0,35.126953125
dense,1008,32,1,392,0.00044896468170918524,0.8040364583333334,1.0,1016064,0,1016064,0.0,879427584,0.0007368999995378545,0.0,35.126953125
dense,1008,32,1,393,0.00045361524098552763,0.8039124503968254,1.0,1016064,0,1016064,0.0,879427584,0.0012501000001066132,0.0,35.126953125
dense,1008,32,1,394,0.00045866466825827956,0.8042844742063492,1.0,1016064,0,1016064,0.0,879427584,0.0008658999995532213,0.0,35.126953125
dense,1008,32,1,395,0.00046313408529385924,0.8040984623015873,1.0,1016064,0,1016064,0.0,879427584,0.0007535999993706355,0.0,35.126953125
dense,1008,32,1,396,0.0004624532302841544,0.8043774801587301,1.0,1016064,0,1016064,0.0,879427584,0.0007096999997884268,0.0,35.126953125
dense,1008,32,1,397,0.0004610399773810059,0.8040984623015873,1.0,1016064,0,1016064,0.0,879427584,0.0008017000000108965,0.0,35.126953125
dense,1008,32,1,398,0.0004570201563183218,0.804656498015873,1.0,1016064,0,1016064,0.0,879427584,0.0011460999994596932,0.0,35.126953125
dense,1008,32,1,399,0.00045589738874696195,0.8043774801587301,1.0,1016064,0,1016064,0.0,879427584,0.0008314999995491235,0.0,35.126953125
dense,1008,32,1,400,0.0004533104947768152,0.8049355158730159,1.0,1016064,0,1016064,0.0,879427584,0.0008299000000988599,0.0,35.126953125
dense,1008,32,1,401,0.00045485494774766266,0.804718501984127,1.0,1016064,0,1016064,0.0,879427584,0.001068400000804104,0.0,35.126953125
dense,1008,32,1,402,0.0004540194640867412,0.8049045138888888,1.0,1016064,0,1016064,0.0,879427584,0.0009472000001551351,0.0,35.126953125
dense,1008,32,1,403,0.00045534130185842514,0.8048735119047619,1.0,1016064,0,1016064,0.0,879427584,0.0007274999989022035,0.0,35.126953125
dense,1008,32,1,404,0.0004563647380564362,0.8050595238095238,1.0,1016064,0,1016064,0.0,879427584,0.0008145000010699732,0.0,35.126953125
dense,1008,32,1,405,0.000458455178886652,0.8051835317460317,1.0,1016064,0,1016064,0.0,879427584,0.001144199999544071,0.0,35.126953125
dense,1008,32,1,406,0.000464058161014691,0.8054935515873016,1.0,1016064,0,1016064,0.0,879427584,0.0008404000000155065,0.0,35.126953125
dense,1008,32,1,407,0.00046896564890630543,0.8056175595238095,1.0,1016064,0,1016064,0.0,879427584,0.0007366999998339452,0.0,35.126953125
dense,1008,32,1,408,0.00047843306674622,0.8057415674603174,1.0,1016064,0,1016064,0.0,879427584,0.0007330999997066101,0.0,35.126953125
dense,1008,32,1,409,0.00048270824481733143,0.8058345734126984,1.0,1016064,0,1016064,0.0,879427584,0.001404700000421144,0.0,35.126953125
dense,1008,32,1,410,0.0004904544330202043,0.8061755952380952,1.0,1016064,0,1016064,0.0,879427584,0.0008438000004389323,0.0,35.126953125
dense,1008,32,1,411,0.0004946080152876675,0.8059895833333334,1.0,1016064,0,1016064,0.0,879427584,0.0009071999993466306,0.0,35.126953125
dense,1008,32,1,412,0.0005028790328651667,0.8063306051587301,1.0,1016064,0,1016064,0.0,879427584,0.0008625999998912448,0.0,35.126953125
dense,1008,32,1,413,0.0005176594131626189,0.8061445932539683,1.0,1016064,0,1016064,0.0,879427584,0.001084600000467617,0.0,35.126953125
dense,1008,32,1,414,0.000525940558873117,0.806578621031746,1.0,1016064,0,1016064,0.0,879427584,0.0008164999999280553,0.0,35.126953125
dense,1008,32,1,415,0.0005372832529246807,0.8064236111111112,1.0,1016064,0,1016064,0.0,879427584,0.0007416999997076346,0.0,35.126953125
dense,1008,32,1,416,0.0005147960036993027,0.806609623015873,1.0,1016064,0,1016064,0.0,879427584,0.0007745000002614688,0.0,35.126953125
dense,1008,32,1,417,0.0004918036866001785,0.8070436507936508,1.0,1016064,0,1016064,0.0,879427584,0.0008932999990065582,0.0,35.126953125
dense,1008,32,1,418,0.00047153382911346853,0.806702628968254,1.0,1016064,0,1016064,0.0,879427584,0.0008108999991236487,0.0,35.126953125
dense,1008,32,1,419,0.00047215985250659287,0.8072606646825397,1.0,1016064,0,1016064,0.0,879427584,0.0007693999996263301,0.0,35.126953125
dense,1008,32,1,420,0.00048039614921435714,0.806702628968254,1.0,1016064,0,1016064,0.0,879427584,0.0010171000012633158,0.0,35.126953125
dense,1008,32,1,421,0.00048069056356325746,0.8071676587301587,1.0,1016064,0,1016064,0.0,879427584,0.001028000000587781,0.0,35.126953125
dense,1008,32,1,422,0.0004730195505544543,0.8071676587301587,1.0,1016064,0,1016064,0.0,879427584,0.0007961000010254793,0.0,35.126953125
dense,1008,32,1,423,0.00045844572014175355,0.8072296626984127,1.0,1016064,0,1016064,0.0,879427584,0.0007895999988249969,0.0,35.126953125
dense,1008,32,1,424,0.00044967097346670926,0.8074776785714286,1.0,1016064,0,1016064,0.0,879427584,0.0015979999989212956,0.0,35.126953125
dense,1008,32,1,425,0.0004493888409342617,0.8073226686507936,1.0,1016064,0,1016064,0.0,879427584,0.0008780000007391209,0.0,35.126953125
dense,1008,32,1,426,0.000452846143161878,0.8077256944444444,1.0,1016064,0,1016064,0.0,879427584,0.0007260000002133893,0.0,35.126953125
dense,1008,32,1,427,0.00045523414155468345,0.8077256944444444,1.0,1016064,0,1016064,0.0,879427584,0.0007373999997071223,0.0,35.126953125
dense,1008,32,1,428,0.00045337690971791744,0.8078807043650794,1.0,1016064,0,1016064,0.0,879427584,0.0009728999993967591,0.0,35.126953125
dense,1008,32,1,429,0.00044896817416884005,0.8078187003968254,1.0,1016064,0,1016064,0.0,879427584,0.0008522999996785074,0.0,35.126953125
dense,1008,32,1,430,0.0004450626438483596,0.8080357142857143,1.0,1016064,0,1016064,0.0,879427584,0.0007239999995363178,0.0,35.126953125
dense,1008,32,1,431,0.00044366400106810033,0.8080667162698413,1.0,1016064,0,1016064,0.0,879427584,0.000750299999708659,0.0,35.126953125
dense,1008,32,1,432,0.0004465773527044803,0.808562748015873,1.0,1016064,0,1016064,0.0,879427584,0.0012009000001853565,0.0,35.126953125
dense,1008,32,1,433,0.0004500818613450974,0.8085007440476191,1.0,1016064,0,1016064,0.0,879427584,0.0008001000005606329,0.0,35.126953125
dense,1008,32,1,434,0.0004532000166364014,0.8088727678571429,1.0,1016064,0,1016064,0.0,879427584,0.0008336000009876443,0.0,35.126953125
dense,1008,32,1,435,0.0004514776519499719,0.8090277777777778,1.0,1016064,0,1016064,0.0,879427584,0.0008589999997639097,0.0,35.126953125
dense,1008,32,1,436,0.00044990418246015906,0.8088417658730159,1.0,1016064,0,1016064,0.0,879427584,0.0010339999989810167,0.0,35.126953125
dense,1008,32,1,437,0.00044961593812331557,0.8089657738095238,1.0,1016064,0,1016064,0.0,879427584,0.0008795000012469245,0.0,35.126953125
dense,1008,32,1,438,0.0004565153503790498,0.8091517857142857,1.0,1016064,0,1016064,0.0,879427584,0.0007756000013614539,0.0,35.126953125
dense,1008,32,1,439,0.0004665560263674706,0.8092447916666666,1.0,1016064,0,1016064,0.0,879427584,0.0007416000007651746,0.0,35.126953125
dense,1008,32,1,440,0.0004812856495846063,0.8092137896825397,1.0,1016064,0,1016064,0.0,879427584,0.0009857999993982958,0.0,35.126953125
dense,1008,32,1,441,0.00048744314699433744,0.8093998015873016,1.0,1016064,0,1016064,0.0,879427584,0.0007941000003484078,0.0,35.126953125
dense,1008,32,1,442,0.000490335572976619,0.8093377976190477,1.0,1016064,0,1016064,0.0,879427584,0.0008358000013686251,0.0,35.126953125
dense,1008,32,1,443,0.0004825814685318619,0.8096168154761905,1.0,1016064,0,1016064,0.0,879427584,0.0008213000000978354,0.0,35.126953125
dense,1008,32,1,444,0.00047194299986585975,0.8097408234126984,1.0,1016064,0,1016064,0.0,879427584,0.0011981999996351078,0.0,35.126953125
dense,1008,32,1,445,0.000466191180748865,0.8097718253968254,1.0,1016064,0,1016064,0.0,879427584,0.0007519999999203719,0.0,35.126953125
dense,1008,32,1,446,0.0004658843681681901,0.8098028273809523,1.0,1016064,0,1016064,0.0,879427584,0.0007186000002548099,0.0,35.126953125
dense,1008,32,1,447,0.0004715106333605945,0.8096478174603174,1.0,1016064,0,1016064,0.0,879427584,0.0025605999999243068,0.0,35.126953125
dense,1008,32,1,448,0.00047880769125185907,0.8103918650793651,1.0,1016064,0,1016064,0.0,879427584,0.0009934999998222338,0.0,35.126953125
dense,1008,32,1,449,0.0004864137736149132,0.8100508432539683,1.0,1016064,0,1016064,0.0,879427584,0.0009136999997281237,0.0,35.126953125
dense,1008,32,1,450,0.00048461262485943735,0.8103608630952381,1.0,1016064,0,1016064,0.0,879427584,0.0008928000006562797,0.0,35.126953125
dense,1008,32,1,451,0.00047888330300338566,0.8104228670634921,1.0,1016064,0,1016064,0.0,879427584,0.001033699998515658,0.0,35.126953125
dense,1008,32,1,452,0.00046878369175828993,0.8104538690476191,1.0,1016064,0,1016064,0.0,879427584,0.0008338000006915536,0.0,35.126953125
dense,1008,32,1,453,0.00045812639291398227,0.810577876984127,1.0,1016064,0,1016064,0.0,879427584,0.0008303000013256678,0.0,35.126953125
dense,1008,32,1,454,0.00045366291305981576,0.8104228670634921,1.0,1016064,0,1016064,0.0,879427584,0.0011663000004773494,0.0,35.126953125
dense,1008,32,1,455,0.00045097278780303895,0.8108878968253969,1.0,1016064,0,1016064,0.0,879427584,0.000913800000489573,0.0,35.126953125
dense,1008,32,1,456,0.0004524493124336004,0.8107328869047619,1.0,1016064,0,1016064,0.0,879427584,0.0008409000001847744,0.0,35.126953125
dense,1008,32,1,457,0.0004532146267592907,0.8112909226190477,1.0,1016064,0,1016064,0.0,879427584,0.0008711999998922693,0.0,35.126953125
dense,1008,32,1,458,0.00045370220323093235,0.8108568948412699,1.0,1016064,0,1016064,0.0,879427584,0.0009518999995634658,0.0,35.126953125
dense,1008,32,1,459,0.0004513947060331702,0.8113219246031746,1.0,1016064,0,1016064,0.0,879427584,0.0008502999990014359,0.0,35.126953125
dense,1008,32,1,460,0.00044855347368866205,0.8108878968253969,1.0,1016064,0,1016064,0.0,879427584,0.0008688999987498391,0.0,35.126953125
dense,1008,32,1,461,0.0004460997006390244,0.8115079365079365,1.0,1016064,0,1016064,0.0,879427584,0.0008860000016284175,0.0,35.126953125
dense,1008,32,1,462,0.00044366478687152267,0.8115699404761905,1.0,1016064,0,1016064,0.0,879427584,0.0009608999989723088,0.0,35.126953125
dense,1008,32,1,463,0.00044107515714131296,0.8116629464285714,1.0,1016064,0,1016064,0.0,879427584,0.0009273999985452974,0.0,35.126953125
dense,1008,32,1,464,0.000437201902968809,0.8116629464285714,1.0,1016064,0,1016064,0.0,879427584,0.0008390000002691522,0.0,35.126953125
dense,1008,32,1,465,0.00043279831879772246,0.8116629464285714,1.0,1016064,0,1016064,0.0,879427584,0.0008821999999781838,0.0,35.126953125
dense,1008,32,1,466,0.0004293815291021019,0.8119109623015873,1.0,1016064,0,1016064,0.0,879427584,0.0009454000010009622,0.0,35.126953125
dense,1008,32,1,467,0.000428160245064646,0.8120349702380952,1.0,1016064,0,1016064,0.0,879427584,0.0008972000014182413,0.0,35.126953125
dense,1008,32,1,468,0.00042956796824000776,0.8120969742063492,1.0,1016064,0,1016064,0.0,879427584,0.000833500000226195,0.0,35.126953125
dense,1008,32,1,469,0.00043323769932612777,0.8123449900793651,1.0,1016064,0,1016064,0.0,879427584,0.001039800001308322,0.0,35.126953125
dense,1008,32,1,470,0.00043756794184446335,0.8124069940476191,1.0,1016064,0,1016064,0.0,879427584,0.000931799999307259,0.0,35.126953125
dense,1008,32,1,471,0.00044202778371982276,0.8126550099206349,1.0,1016064,0,1016064,0.0,879427584,0.0007765000009385403,0.0,35.126953125
dense,1008,32,1,472,0.0004455184971448034,0.8124069940476191,1.0,1016064,0,1016064,0.0,879427584,0.0007604000002174871,0.0,35.126953125
dense,1008,32,1,473,0.0004495555767789483,0.8127790178571429,1.0,1016064,0,1016064,0.0,879427584,0.001172700000097393,0.0,35.126953125
dense,1008,32,1,474,0.0004567681171465665,0.8127790178571429,1.0,1016064,0,1016064,0.0,879427584,0.0008353000011993572,0.0,35.126953125
dense,1008,32,1,475,0.00046702506369911134,0.8129030257936508,1.0,1016064,0,1016064,0.0,879427584,0.0007313999994948972,0.0,35.126953125
dense,1008,32,1,476,0.00048712955322116613,0.8127170138888888,1.0,1016064,0,1016064,0.0,879427584,0.0007684000011067837,0.0,35.126953125
dense,1008,32,1,477,0.0004974635667167604,0.8129340277777778,1.0,1016064,0,1016064,0.0,879427584,0.00356149999970512,0.0,35.126953125
dense,1008,32,1,478,0.0005070435581728816,0.8127480158730159,1.0,1016064,0,1016064,0.0,879427584,0.006163800000649644,0.0,35.126953125
dense,1008,32,1,479,0.0004963735700584948,0.8130270337301587,1.0,1016064,0,1016064,0.0,879427584,0.002217300001575495,0.0,35.126953125
dense,1008,32,1,480,0.0004895370802842081,0.8131510416666666,1.0,1016064,0,1016064,0.0,879427584,0.0009104999990086071,0.0,35.126953125
dense,1008,32,1,481,0.0004880077322013676,0.8135230654761905,1.0,1016064,0,1016064,0.0,879427584,0.0009688999998616055,0.0,35.126953125
dense,1008,32,1,482,0.0005036997026763856,0.8130890376984127,1.0,1016064,0,1016064,0.0,879427584,0.000894600001629442,0.0,35.126953125
dense,1008,32,1,483,0.0004943100502714515,0.8133060515873016,1.0,1016064,0,1016064,0.0,879427584,0.0008620999997219769,0.0,35.126953125
dense,1008,32,1,484,0.0004730134387500584,0.8134300595238095,1.0,1016064,0,1016064,0.0,879427584,0.0008724999988771742,0.0,35.126953125
dense,1008,32,1,485,0.0004456592141650617,0.8133990575396826,1.0,1016064,0,1016064,0.0,879427584,0.002371400001720758,0.0,35.126953125
dense,1008,32,1,486,0.0004308682691771537,0.8137710813492064,1.0,1016064,0,1016064,0.0,879427584,0.0009485999999014894,0.0,35.126953125
dense,1008,32,1,487,0.0004359474405646324,0.8136470734126984,1.0,1016064,0,1016064,0.0,879427584,0.0008672999992995756,0.0,35.126953125
dense,1008,32,1,488,0.0004475165333133191,0.8138950892857143,1.0,1016064,0,1016064,0.0,879427584,0.0019147999992128462,0.0,35.126953125
dense,1008,32,1,489,0.0004581170214805752,0.8137710813492064,1.0,1016064,0,1016064,0.0,879427584,0.0008863000002747867,0.0,35.126953125
dense,1008,32,1,490,0.0004547729913610965,0.8142051091269841,1.0,1016064,0,1016064,0.0,879427584,0.0009552000010444317,0.0,35.126953125
dense,1008,32,1,491,0.0004434724396560341,0.8141431051587301,1.0,1016064,0,1016064,0.0,879427584,0.0024320999982592184,0.0,35.126953125
dense,1008,32,1,492,0.000433406385127455,0.814391121031746,1.0,1016064,0,1016064,0.0,879427584,0.0009188000003632624,0.0,35.126953125
dense,1008,32,1,493,0.0004276913241483271,0.8140500992063492,1.0,1016064,0,1016064,0.0,879427584,0.0009002000006148592,0.0,35.126953125
dense,1008,32,1,494,0.0004284828610252589,0.8143601190476191,1.0,1016064,0,1016064,0.0,879427584,0.0009671999996498926,0.0,35.126953125
dense,1008,32,1,495,0.000430497428169474,0.8142361111111112,1.0,1016064,0,1016064,0.0,879427584,0.001192300000184332,0.0,35.126953125
dense,1008,32,1,496,0.00043440263834781945,0.8147011408730159,1.0,1016064,0,1016064,0.0,879427584,0.000878700000612298,0.0,35.126953125
dense,1008,32,1,497,0.00043353624641895294,0.8142671130952381,1.0,1016064,0,1016064,0.0,879427584,0.0009609000007912982,0.0,35.126953125
dense,1008,32,1,498,0.0004306715272832662,0.8148871527777778,1.0,1016064,0,1016064,0.0,879427584,0.0009500999985903036,0.0,35.126953125
dense,1008,32,1,499,0.0004263046139385551,0.8146391369047619,1.0,1016064,0,1016064,0.0,879427584,0.0008849999994708924,0.0,35.126953125
dense,1008,32,1,500,0.00042277592001482844,0.8149491567460317,1.0,1016064,0,1016064,0.0,879427584,0.0008765000002313172,0.0,35.126953125
exact,1008,32,1,1,0.22427594661712646,0.2776537698412698,1.0,32256,1016064,1048320,1008.0,253919232,0.047253599999748985,0.0003741000000445638,50.30517578125
exact,1008,32,1,2,0.17236946523189545,0.22628348214285715,1.0,32256,1016064,1048320,1008.0,253919232,0.0020702999991044635,0.0003866000006382819,50.43017578125
exact,1008,32,1,3,0.14779314398765564,0.18877108134920634,1.0,32256,1016064,1048320,1008.0,253919232,0.0035289999996166443,0.0003183999997418141,50.43017578125
exact,1008,32,1,4,0.134332537651062,0.1624813988095238,1.0,32256,1016064,1048320,1008.0,253919232,0.0018766000011964934,0.0003132999991066754,50.43017578125
exact,1008,32,1,5,0.12608537077903748,0.14592633928571427,1.0,32256,1016064,1048320,1008.0,253919232,0.0042799999991984805,0.0011660000000119908,50.43017578125
exact,1008,32,1,6,0.1206822618842125,0.1362847222222222,1.0,32256,1016064,1048320,1008.0,253919232,0.001640899999983958,0.00032759999885456637,50.43017578125
exact,1008,32,1,7,0.11660927534103394,0.1324404761904762,1.0,32256,1016064,1048320,1008.0,253919232,0.0019995000002381857,0.0004535000007308554,50.43017578125
exact,1008,32,1,8,0.11343956738710403,0.13240947420634921,1.0,32256,1016064,1048320,1008.0,253919232,0.0016181999999389518,0.0002828999986377312,50.43017578125
exact,1008,32,1,9,0.11040951311588287,0.13374255952380953,1.0,32256,1016064,1048320,1008.0,253919232,0.003281999999671825,0.0007172999994509155,50.43017578125
exact,1008,32,1,10,0.10745672881603241,0.13696676587301587,1.0,32256,1016064,1048320,1008.0,253919232,0.001698000000033062,0.00039319999996223487,50.43017578125
exact,1008,32,1,11,0.10472168028354645,0.1421440972222222,1.0,32256,1016064,1048320,1008.0,253919232,0.0022516999997606035,0.0004291000004741363,50.43017578125
exact,1008,32,1,12,0.10205043852329254,0.1488715277777778,1.0,32256,1016064,1048320,1008.0,253919232,0.0016321999992214842,0.0003090999998676125,50.43017578125
exact,1008,32,1,13,0.09934414178133011,0.15593998015873015,1.0,32256,1016064,1048320,1008.0,253919232,0.0019703999987541465,0.0004826000003959052,50.43017578125
exact,1008,32,1,14,0.09673456847667694,0.16437251984126985,1.0,32256,1016064,1048320,1008.0,253919232,0.001991900000575697,0.0003603999994084006,50.43017578125
exact,1008,32,1,15,0.09429188817739487,0.1736111111111111,1.0,32256,1016064,1048320,1008.0,253919232,0.0015672999998059822,0.0002932999996119179,50.43017578125
exact,1008,32,1,16,0.09199277311563492,0.18387276785714285,1.0,32256,1016064,1048320,1008.0,253919232,0.0020908000005874783,0.00034730000152194407,50.43017578125
exact,1008,32,1,17,0.08969651162624359,0.19441344246031747,1.0,32256,1016064,1048320,1008.0,253919232,0.0015768000012030825,0.0002924999989772914,50.43017578125
exact,1008,32,1,18,0.08733536303043365,0.20572916666666666,1.0,32256,1016064,1048320,1008.0,253919232,0.001996299999518669,0.0006819999998697313,50.43017578125
exact,1008,32,1,19,0.08506317436695099,0.21698288690476192,1.0,32256,1016064,1048320,1008.0,253919232,0.0015985999998520128,0.00031569999919156544,50.43017578125
exact,1008,32,1,20,0.08293020725250244,0.2293216765873016,1.0,32256,1016064,1048320,1008.0,253919232,0.0021587999999610474,0.00033400000029359944,50.43017578125
exact,1008,32,1,21,0.08076566457748413,0.24246651785714285,1.0,32256,1016064,1048320,1008.0,253919232,0.0016688999985490227,0.00030750000041734893,50.43017578125
exact,1008,32,1,22,0.0786384642124176,0.25496031746031744,1.0,32256,1016064,1048320,1008.0,253919232,0.0018662000002223067,0.00035149999894201756,50.43017578125
exact,1008,32,1,23,0.07653684914112091,0.26677207341269843,1.0,32256,1016064,1048320,1008.0,253919232,0.0019697999996424187,0.0003010000000358559,50.43017578125
exact,1008,32,1,24,0.07443716377019882,0.279296875,1.0,32256,1016064,1048320,1008.0,253919232,0.00211699999999837,0.0006640999999945052,50.43017578125
exact,1008,32,1,25,0.07245080173015594,0.2904885912698413,1.0,32256,1016064,1048320,1008.0,253919232,0.0015770000009069918,0.00029379999978118576,50.43017578125
exact,1008,32,1,26,0.07049539685249329,0.3011842757936508,1.0,32256,1016064,1048320,1008.0,253919232,0.0016325000015058322,0.00030730000071343966,50.43017578125
exact,1008,32,1,27,0.06854462623596191,0.31287202380952384,1.0,32256,1016064,1048320,1008.0,253919232,0.001547500000015134,0.00029399999948509503,50.43017578125
exact,1008,32,1,28,0.06669538468122482,0.3237847222222222,1.0,32256,1016064,1048320,1008.0,253919232,0.0016880000002856832,0.000360099998943042,50.43017578125
exact,1008,32,1,29,0.06493409723043442,0.3348524305555556,1.0,32256,1016064,1048320,1008.0,253919232,0.0015995999983715592,0.00034360000063315965,50.43017578125
exact,1008,32,1,30,0.06314653903245926,0.34694320436507936,1.0,32256,1016064,1048320,1008.0,253919232,0.0015316000008169794,0.00028650000058405567,50.43017578125
exact,1008,32,1,31,0.06141597777605057,0.3585999503968254,1.0,32256,1016064,1048320,1008.0,253919232,0.0015746000008221017,0.0003276999996160157,50.43017578125
exact,1008,32,1,32,0.05973762646317482,0.37081473214285715,1.0,32256,1016064,1048320,1008.0,253919232,0.0015452999996341532,0.00030620000143244397,50.43017578125
exact,1008,32,1,33,0.0580756776034832,0.38352554563492064,1.0,32256,1016064,1048320,1008.0,253919232,0.0015774999992572702,0.0003164999998261919,50.43017578125
exact,1008,32,1,34,0.05649254471063614,0.39502728174603174,1.0,32256,1016064,1048320,1008.0,253919232,0.0016030999995564343,0.00031120000130613334,50.43017578125
exact,1008,32,1,35,0.05496426671743393,0.4058469742063492,1.0,32256,1016064,1048320,1008.0,253919232,0.0016227000014623627,0.00031940000008034986,50.43017578125
exact,1008,32,1,36,0.053451307117938995,0.41595362103174605,1.0,32256,1016064,1048320,1008.0,253919232,0.001602100001036888,0.00029999999969732016,50.43017578125
exact,1008,32,1,37,0.051959674805402756,0.42683531746031744,1.0,32256,1016064,1048320,1008.0,253919232,0.0019226000003982335,0.0003735999998752959,50.43017578125
exact,1008,32,1,38,0.050592754036188126,0.4365389384920635,1.0,32256,1016064,1048320,1008.0,253919232,0.002862999999706517,0.00033879999864439014,50.43017578125
exact,1008,32,1,39,0.04926317557692528,0.4458395337301587,1.0,32256,1016064,1048320,1008.0,253919232,0.0024097000004985603,0.00043550000009418,50.43017578125
exact,1008,32,1,40,0.04795292019844055,0.4556671626984127,1.0,32256,1016064,1048320,1008.0,253919232,0.0016594999997323612,0.00034450000021024607,50.43017578125
exact,1008,32,1,41,0.0466776043176651,0.4646577380952381,1.0,32256,1016064,1048320,1008.0,253919232,0.001956399999471614,0.0003409999990253709,50.43017578125
exact,1008,32,1,42,0.04546230658888817,0.47488839285714285,1.0,32256,1016064,1048320,1008.0,253919232,0.0016282999986287905,0.0003443000005063368,50.43017578125
exact,1008,32,1,43,0.044250309467315674,0.48347594246031744,1.0,32256,1016064,1048320,1008.0,253919232,0.0016207000007852912,0.000330299999404815,50.43017578125
exact,1008,32,1,44,0.04311303049325943,0.4924975198412698,1.0,32256,1016064,1048320,1008.0,253919232,0.0017440999999962514,0.0002784000007522991,50.43017578125
exact,1008,32,1,45,0.04205607995390892,0.5017051091269841,1.0,32256,1016064,1048320,1008.0,253919232,0.001755100000082166,0.0003448000006756047,50.43017578125
exact,1008,32,1,46,0.04100995883345604,0.5095796130952381,1.0,32256,1016064,1048320,1008.0,253919232,0.0018397999992885161,0.0004563999991660239,50.43017578125
exact,1008,32,1,47,0.04002769663929939,0.5183221726190477,1.0,32256,1016064,1048320,1008.0,253919232,0.0016238999996858183,0.0002970000005007023,50.43017578125
exact,1008,32,1,48,0.039088182151317596,0.5257006448412699,1.0,32256,1016064,1048320,1008.0,253919232,0.004971000000296044,0.0003163999990647426,50.43017578125
exact,1008,32,1,49,0.0382322333753109,0.5319630456349206,1.0,32256,1016064,1048320,1008.0,253919232,0.005401299998993636,0.0010232000004180009,50.43017578125
exact,1008,32,1,50,0.03737450763583183,0.5381634424603174,1.0,32256,1016064,1048320,1008.0,253919232,0.0017736999998305691,0.0003304999991087243,50.43017578125
exact,1008,32,1,51,0.036585818976163864,0.543030753968254,1.0,32256,1016064,1048320,1008.0,253919232,0.0018579999996291008,0.00031240000134857837,50.43017578125
exact,1008,32,1,52,0.035836003720760345,0.5487351190476191,1.0,32256,1016064,1048320,1008.0,253919232,0.00171059999956924,0.00034469999991415534,50.43017578125
exact,1008,32,1,53,0.03513546660542488,0.5534164186507936,1.0,32256,1016064,1048320,1008.0,253919232,0.001955400000952068,0.00033320000147796236,50.43017578125
exact,1008,32,1,54,0.034436874091625214,0.5572916666666666,1.0,32256,1016064,1048320,1008.0,253919232,0.0017360999991069548,0.00031289999969885685,50.43017578125
exact,1008,32,1,55,0.03377053886651993,0.5615079365079365,1.0,32256,1016064,1048320,1008.0,253919232,0.0033343000013701385,0.0006611000007978873,50.43017578125
exact,1008,32,1,56,0.03311418369412422,0.5652901785714286,1.0,32256,1016064,1048320,1008.0,253919232,0.001717500001177541,0.00031409999974130187,50.43017578125
exact,1008,32,1,57,0.03250611945986748,0.5687003968253969,1.0,32256,1016064,1048320,1008.0,253919232,0.001696700001048157,0.000298099999781698,50.43017578125
exact,1008,32,1,58,0.0318751186132431,0.5718315972222222,1.0,32256,1016064,1048320,1008.0,253919232,0.0017311999999947147,0.0003571999986888841,50.43017578125
exact,1008,32,1,59,0.03128528222441673,0.5758308531746031,1.0,32256,1016064,1048320,1008.0,253919232,0.001840299999457784,0.0004243000003043562,50.43017578125
exact,1008,32,1,60,0.030693158507347107,0.5787450396825397,1.0,32256,1016064,1048320,1008.0,253919232,0.001587800001288997,0.00032439999995403923,50.43017578125
exact,1008,32,1,61,0.03012590855360031,0.582062251984127,1.0,32256,1016064,1048320,1008.0,253919232,0.007178100000601262,0.0029007000011915807,50.43017578125
exact,1008,32,1,62,0.029568182304501534,0.5850074404761905,1.0,32256,1016064,1048320,1008.0,253919232,0.0016003000000637257,0.0003341999999975087,50.43017578125
exact,1008,32,1,63,0.029014544561505318,0.5877046130952381,1.0,32256,1016064,1048320,1008.0,253919232,0.0017262000001210254,0.0003493999993224861,50.43017578125
exact,1008,32,1,64,0.02844204194843769,0.5910838293650794,1.0,32256,1016064,1048320,1008.0,253919232,0.0017988999989029253,0.00034080000114045106,50.43017578125
exact,1008,32,1,65,0.027885926887392998,0.5939670138888888,1.0,32256,1016064,1048320,1008.0,253919232,0.004437199999301811,0.0002946999993582722,50.43017578125
exact,1008,32,1,66,0.027335545048117638,0.5966331845238095,1.0,32256,1016064,1048320,1008.0,253919232,0.0019351999999344116,0.00035209999987273477,50.43017578125
exact,1008,32,1,67,0.026759138330817223,0.5993303571428571,1.0,32256,1016064,1048320,1008.0,253919232,0.00182439999844064,0.0003097000007983297,50.43017578125
exact,1008,32,1,68,0.026192069053649902,0.6022135416666666,1.0,32256,1016064,1048320,1008.0,253919232,0.001664199999140692,0.00030650000007881317,50.43017578125
exact,1008,32,1,69,0.025614794343709946,0.6041976686507936,1.0,32256,1016064,1048320,1008.0,253919232,0.0016797000007500174,0.0003285000002506422,50.43017578125
exact,1008,32,1,70,0.02503311261534691,0.6066468253968254,1.0,32256,1016064,1048320,1008.0,253919232,0.0016181999999389518,0.00033769999936339445,50.43017578125
exact,1008,32,1,71,0.024448078125715256,0.6091269841269841,1.0,32256,1016064,1048320,1008.0,253919232,0.0021101000002090586,0.0006935999990673736,50.43017578125
exact,1008,32,1,72,0.02384069748222828,0.611359126984127,1.0,32256,1016064,1048320,1008.0,253919232,0.001586200000019744,0.000313599999572034,50.43017578125
exact,1008,32,1,73,0.02324853278696537,0.6140252976190477,1.0,32256,1016064,1048320,1008.0,253919232,0.0017339000005449634,0.00032129999999597203,50.43017578125
exact,1008,32,1,74,0.022632623091340065,0.6163814484126984,1.0,32256,1016064,1048320,1008.0,253919232,0.005085800001324969,0.00033230000008188654,50.43017578125
exact,1008,32,1,75,0.022016288712620735,0.619078621031746,1.0,32256,1016064,1048320,1008.0,253919232,0.0022974000003159745,0.00040049999915936496,50.43017578125
exact,1008,32,1,76,0.02138989046216011,0.6216207837301587,1.0,32256,1016064,1048320,1008.0,253919232,0.0017728000002534827,0.0003209999995306134,50.43017578125
exact,1008,32,1,77,0.020757384598255157,0.6243799603174603,1.0,32256,1016064,1048320,1008.0,253919232,0.0016988000006676884,0.0003741999989870237,50.43017578125
exact,1008,32,1,78,0.02012006938457489,0.626922123015873,1.0,32256,1016064,1048320,1008.0,253919232,0.0016393000005336944,0.0002961999998660758,50.43017578125
exact,1008,32,1,79,0.019479012116789818,0.6299603174603174,1.0,32256,1016064,1048320,1008.0,253919232,0.002103799999531475,0.0003309999992779922,50.43017578125
exact,1008,32,1,80,0.01883218064904213,0.6324094742063492,1.0,32256,1016064,1048320,1008.0,253919232,0.0016550000000279397,0.0003391999998711981,50.43017578125
exact,1008,32,1,81,0.018186969682574272,0.6345486111111112,1.0,32256,1016064,1048320,1008.0,253919232,0.001675999999861233,0.00031070000113686547,50.43017578125
exact,1008,32,1,82,0.017543930560350418,0.636656746031746,1.0,32256,1016064,1048320,1008.0,253919232,0.0017554000005475245,0.0003053999989788281,50.43017578125
exact,1008,32,1,83,0.016906792297959328,0.6393849206349206,1.0,32256,1016064,1048320,1008.0,253919232,0.0015724999993835809,0.0002958999994007172,50.43017578125
exact,1008,32,1,84,0.016276966780424118,0.6414000496031746,1.0,32256,1016064,1048320,1008.0,253919232,0.0015627000011591008,0.0003148000014334684,50.43017578125
exact,1008,32,1,85,0.015651671215891838,0.6430741567460317,1.0,32256,1016064,1048320,1008.0,253919232,0.001541799998449278,0.0003108000000793254,50.43017578125
exact,1008,32,1,86,0.015029571019113064,0.6451512896825397,1.0,32256,1016064,1048320,1008.0,253919232,0.0017167000005429145,0.0003052000010939082,50.43017578125
exact,1008,32,1,87,0.014418518170714378,0.6473214285714286,1.0,32256,1016064,1048320,1008.0,253919232,0.0015714999990450451,0.0002961999998660758,50.43017578125
exact,1008,32,1,88,0.013812047429382801,0.6492125496031746,1.0,32256,1016064,1048320,1008.0,253919232,0.0017140999989351258,0.00035489999936544336,50.43017578125
exact,1008,32,1,89,0.013217391446232796,0.6522197420634921,1.0,32256,1016064,1048320,1008.0,253919232,0.001630200000363402,0.0003462999993644189,50.43017578125
exact,1008,32,1,90,0.012638348154723644,0.6542038690476191,1.0,32256,1016064,1048320,1008.0,253919232,0.0018593000004329951,0.0002961000009236159,50.43017578125
exact,1008,32,1,91,0.012070177122950554,0.6569940476190477,1.0,32256,1016064,1048320,1008.0,253919232,0.001617699999769684,0.0003269000008003786,50.43017578125
exact,1008,32,1,92,0.011511859484016895,0.6591641865079365,1.0,32256,1016064,1048320,1008.0,253919232,0.0017083999991882592,0.00029859999995096587,50.43017578125
exact,1008,32,1,93,0.010970146395266056,0.6616133432539683,1.0,32256,1016064,1048320,1008.0,253919232,0.0016274999998131534,0.0003360999999131309,50.43017578125
exact,1008,32,1,94,0.010444204322993755,0.6642175099206349,1.0,32256,1016064,1048320,1008.0,253919232,0.001727299999402021,0.00038070000118750613,50.43017578125
exact,1008,32,1,95,0.009936438873410225,0.6665426587301587,1.0,32256,1016064,1048320,1008.0,253919232,0.0033172000003105495,0.0002867999992304249,50.43017578125
exact,1008,32,1,96,0.009453915990889072,0.6686817956349206,1.0,32256,1016064,1048320,1008.0,253919232,0.0022009999993315432,0.0007798999995429767,50.43017578125
exact,1008,32,1,97,0.008991776034235954,0.6709449404761905,1.0,32256,1016064,1048320,1008.0,253919232,0.0015781999991304474,0.00029889999859733507,50.43017578125
exact,1008,32,1,98,0.008550337515771389,0.6724330357142857,1.0,32256,1016064,1048320,1008.0,253919232,0.002486999999746331,0.0005583000001934124,50.43017578125
exact,1008,32,1,99,0.008128279820084572,0.6741071428571429,1.0,32256,1016064,1048320,1008.0,253919232,0.0018142000008083414,0.0002994999995280523,50.43017578125
exact,1008,32,1,100,0.007727508898824453,0.675843253968254,1.0,32256,1016064,1048320,1008.0,253919232,0.0016380000015487894,0.0003224000010959571,50.43017578125
exact,1008,32,1,101,0.007346713915467262,0.677703373015873,1.0,32256,1016064,1048320,1008.0,253919232,0.0018304000004718546,0.00034469999991415534,50.43017578125
exact,1008,32,1,102,0.006984041538089514,0.6791604662698413,1.0,32256,1016064,1048320,1008.0,253919232,0.0017117000006692251,0.0003431999994063517,50.43017578125
exact,1008,32,1,103,0.006640254985541105,0.6811135912698413,1.0,32256,1016064,1048320,1008.0,253919232,0.001621399998839479,0.0003340999992360594,50.43017578125
exact,1008,32,1,104,0.006316379178315401,0.6830667162698413,1.0,32256,1016064,1048320,1008.0,253919232,0.0018813000006048242,0.00033709999843267724,50.43017578125
exact,1008,32,1,105,0.006013099569827318,0.6844308035714286,1.0,32256,1016064,1048320,1008.0,253919232,0.0017569000010553282,0.0003178000006300863,50.43017578125
exact,1008,32,1,106,0.005728742573410273,0.6859188988095238,1.0,32256,1016064,1048320,1008.0,253919232,0.0017133999990619486,0.00031859999944572337,50.43017578125
exact,1008,32,1,107,0.005462296772748232,0.687437996031746,1.0,32256,1016064,1048320,1008.0,253919232,0.0018544999984442256,0.00034269999923708383,50.43017578125
exact,1008,32,1,108,0.00521160988137126,0.6888020833333334,1.0,32256,1016064,1048320,1008.0,253919232,0.0016018000005715294,0.00033089999851654284,50.43017578125
exact,1008,32,1,109,0.00497823441401124,0.6902901785714286,1.0,32256,1016064,1048320,1008.0,253919232,0.0017449999995733378,0.00029600000016216654,50.43017578125
exact,1008,32,1,110,0.004760038107633591,0.6918092757936508,1.0,32256,1016064,1048320,1008.0,253919232,0.0017258999996556668,0.0003543999991961755,50.43017578125
exact,1008,32,1,111,0.004556324798613787,0.6932353670634921,1.0,32256,1016064,1048320,1008.0,253919232,0.0017499000005045673,0.00034450000021024607,50.43017578125
exact,1008,32,1,112,0.0043651084415614605,0.6944754464285714,1.0,32256,1016064,1048320,1008.0,253919232,0.0017017999998643063,0.00031820000003790483,50.43017578125
exact,1008,32,1,113,0.004185882862657309,0.6962425595238095,1.0,32256,1016064,1048320,1008.0,253919232,0.001634399999602465,0.0003422999998292653,50.43017578125
exact,1008,32,1,114,0.004018377047032118,0.6971726190476191,1.0,32256,1016064,1048320,1008.0,253919232,0.0042375000011816155,0.0008833000010781689,50.43017578125
exact,1008,32,1,115,0.003860965371131897,0.6985057043650794,1.0,32256,1016064,1048320,1008.0,253919232,0.002557100000558421,0.0006172999983391492,50.43017578125
exact,1008,32,1,116,0.0037122012581676245,0.6999627976190477,1.0,32256,1016064,1048320,1008.0,253919232,0.0016537999999854947,0.00032699999974283855,50.43017578125
exact,1008,32,1,117,0.0035718714352697134,0.7009858630952381,1.0,32256,1016064,1048320,1008.0,253919232,0.002127600000676466,0.0003525000010995427,50.43017578125
exact,1008,32,1,118,0.003440246917307377,0.7023809523809523,1.0,32256,1016064,1048320,1008.0,253919232,0.001620000000912114,0.0002992000008816831,50.43017578125
exact,1008,32,1,119,0.0033169896341860294,0.7038070436507936,1.0,32256,1016064,1048320,1008.0,253919232,0.0016765999989729607,0.00033689999872876797,50.43017578125
exact,1008,32,1,120,0.0032010083086788654,0.7047371031746031,1.0,32256,1016064,1048320,1008.0,253919232,0.0016512999991391553,0.0003265000013925601,50.43017578125
exact,1008,32,1,121,0.0030913054943084717,0.7061941964285714,1.0,32256,1016064,1048320,1008.0,253919232,0.0016372999998566229,0.0003386999997019302,50.43017578125
exact,1008,32,1,122,0.002988518448546529,0.707093253968254,1.0,32256,1016064,1048320,1008.0,253919232,0.001604500001121778,0.00033400000029359944,50.43017578125
exact,1008,32,1,123,0.0028915207367390394,0.7082093253968254,1.0,32256,1016064,1048320,1008.0,253919232,0.0018177000001742272,0.00036100000033911783,50.43017578125
exact,1008,32,1,124,0.0027999435551464558,0.7090773809523809,1.0,32256,1016064,1048320,1008.0,253919232,0.0015652000001864508,0.00030810000134806614,50.43017578125
exact,1008,32,1,125,0.0027130628004670143,0.7102244543650794,1.0,32256,1016064,1048320,1008.0,253919232,0.0016900000009627547,0.00034980000054929405,50.43017578125
exact,1008,32,1,126,0.002630969975143671,0.7110615079365079,1.0,32256,1016064,1048320,1008.0,253919232,0.0015803000005689682,0.0002970000005007023,50.43017578125
exact,1008,32,1,127,0.0025537577457726,0.7120225694444444,1.0,32256,1016064,1048320,1008.0,253919232,0.0015745000000606524,0.0003133999998681247,50.43017578125
exact,1008,32,1,128,0.0024805068969726562,0.7126736111111112,1.0,32256,1016064,1048320,1008.0,253919232,0.001580199999807519,0.0003273999991506571,50.43017578125
exact,1008,32,1,129,0.0024113499093800783,0.7132626488095238,1.0,32256,1016064,1048320,1008.0,253919232,0.0015809000014996855,0.0003307999995740829,50.43017578125
exact,1008,32,1,130,0.002345449524000287,0.7140997023809523,1.0,32256,1016064,1048320,1008.0,253919232,0.001629500000490225,0.00033369999982824083,50.43017578125
exact,1008,32,1,131,0.0022830707021057606,0.7144097222222222,1.0,32256,1016064,1048320,1008.0,253919232,0.001688900001681759,0.00033030000122380443,50.43017578125
exact,1008,32,1,132,0.002224404364824295,0.7150607638888888,1.0,32256,1016064,1048320,1008.0,253919232,0.0030982999996922445,0.0009221999989676988,50.43017578125
exact,1008,32,1,133,0.0021684705279767513,0.7155877976190477,1.0,32256,1016064,1048320,1008.0,253919232,0.0016199000001506647,0.00029969999923196156,50.43017578125
exact,1008,32,1,134,0.002115376992151141,0.7164868551587301,1.0,32256,1016064,1048320,1008.0,253919232,0.0017041999999491964,0.00035040000148001127,50.43017578125
exact,1008,32,1,135,0.002064653905108571,0.7173549107142857,1.0,32256,1016064,1048320,1008.0,253919232,0.0015319999984058086,0.00030080000033194665,50.43017578125
exact,1008,32,1,136,0.0020164106972515583,0.7185639880952381,1.0,32256,1016064,1048320,1008.0,253919232,0.0016448000005766517,0.00032920000012381934,50.43017578125
exact,1008,32,1,137,0.0019700773991644382,0.7195250496031746,1.0,32256,1016064,1048320,1008.0,253919232,0.0015726999990874901,0.00030159999914758373,50.43017578125
exact,1008,32,1,138,0.0019261040724813938,0.7204551091269841,1.0,32256,1016064,1048320,1008.0,253919232,0.0015990000010788208,0.00031709999893791974,50.43017578125
exact,1008,32,1,139,0.001884245895780623,0.7207961309523809,1.0,32256,1016064,1048320,1008.0,253919232,0.0015602000003127614,0.0003376000004209345,50.43017578125
exact,1008,32,1,140,0.0018441741121932864,0.7211371527777778,1.0,32256,1016064,1048320,1008.0,253919232,0.001648199999181088,0.00030470000092464034,50.43017578125
exact,1008,32,1,141,0.0018056896515190601,0.7220362103174603,1.0,32256,1016064,1048320,1008.0,253919232,0.0015883000014582649,0.0003456999984337017,50.43017578125
exact,1008,32,1,142,0.0017692229012027383,0.7229042658730159,1.0,32256,1016064,1048320,1008.0,253919232,0.0015495999996346654,0.00029829999948560726,50.43017578125
exact,1008,32,1,143,0.0017339906189590693,0.7233692956349206,1.0,32256,1016064,1048320,1008.0,253919232,0.0017221000016434118,0.0004434000002220273,50.43017578125
exact,1008,32,1,144,0.001700177206657827,0.7239583333333334,1.0,32256,1016064,1048320,1008.0,253919232,0.0015587000016239472,0.0003171999996993691,50.43017578125
exact,1008,32,1,145,0.0016678102547302842,0.7242063492063492,1.0,32256,1016064,1048320,1008.0,253919232,0.001727799999571289,0.00030160000096657313,50.43017578125
exact,1008,32,1,146,0.0016368870856240392,0.7247953869047619,1.0,32256,1016064,1048320,1008.0,253919232,0.0016854000004968839,0.0003580999982659705,50.43017578125
exact,1008,32,1,147,0.00160723936278373,0.7253224206349206,1.0,32256,1016064,1048320,1008.0,253919232,0.0015873000011197291,0.000340900000082911,50.43017578125
exact,1008,32,1,148,0.0015785286668688059,0.7257564484126984,1.0,32256,1016064,1048320,1008.0,253919232,0.0015871000014158199,0.0003333999993628822,50.43017578125
exact,1008,32,1,149,0.0015509852673858404,0.726500496031746,1.0,32256,1016064,1048320,1008.0,253919232,0.0017385000010108342,0.0002934000003733672,50.43017578125
exact,1008,32,1,150,0.0015243114903569221,0.7269035218253969,1.0,32256,1016064,1048320,1008.0,253919232,0.001549499998873216,0.00029259999973874073,50.43017578125
exact,1008,32,1,151,0.001499007921665907,0.7275855654761905,1.0,32256,1016064,1048320,1008.0,253919232,0.001595100000486127,0.00029539999923144933,50.43017578125
exact,1008,32,1,152,0.001474475604481995,0.7280815972222222,1.0,32256,1016064,1048320,1008.0,253919232,0.0016491999995196238,0.0003299999989394564,50.43017578125
exact,1008,32,1,153,0.0014508235035464168,0.728546626984127,1.0,32256,1016064,1048320,1008.0,253919232,0.0015824000001884997,0.00028510000083770137,50.43017578125
exact,1008,32,1,154,0.0014281485928222537,0.7293836805555556,1.0,32256,1016064,1048320,1008.0,253919232,0.0016133999997691717,0.0003349999988131458,50.43017578125
exact,1008,32,1,155,0.0014062437694519758,0.7297867063492064,1.0,32256,1016064,1048320,1008.0,253919232,0.0016047999997681472,0.00033120000080089085,50.43017578125
exact,1008,32,1,156,0.0013851781841367483,0.730499751984127,1.0,32256,1016064,1048320,1008.0,253919232,0.0015595000004395843,0.00029269999868120067,50.43017578125
exact,1008,32,1,157,0.001364713883958757,0.7308407738095238,1.0,32256,1016064,1048320,1008.0,253919232,0.0018204000007244758,0.0005017000003135763,50.43017578125
exact,1008,32,1,158,0.0013450091937556863,0.7312748015873016,1.0,32256,1016064,1048320,1008.0,253919232,0.0016242999990936369,0.00034270000105607323,50.43017578125
exact,1008,32,1,159,0.0013257921673357487,0.7313988095238095,1.0,32256,1016064,1048320,1008.0,253919232,0.0016097000006993767,0.00033660000008239876,50.43017578125
exact,1008,32,1,160,0.001307245227508247,0.7319878472222222,1.0,32256,1016064,1048320,1008.0,253919232,0.0016098999985842966,0.0002851999997801613,50.43017578125
exact,1008,32,1,161,0.0012893348466604948,0.732390873015873,1.0,32256,1016064,1048320,1008.0,253919232,0.0015392000004794681,0.00032420000025012996,50.43017578125
exact,1008,32,1,162,0.0012718922225758433,0.7329179067460317,1.0,32256,1016064,1048320,1008.0,253919232,0.0015954999998939456,0.00030560000050172675,50.43017578125
exact,1008,32,1,163,0.0012551709078252316,0.7337859623015873,1.0,32256,1016064,1048320,1008.0,253919232,0.0016059999998105923,0.0002982000005431473,50.43017578125
exact,1008,32,1,164,0.0012389488983899355,0.734375,1.0,32256,1016064,1048320,1008.0,253919232,0.0015640000001440058,0.0003161000004183734,50.43017578125
exact,1008,32,1,165,0.001223136787302792,0.7349020337301587,1.0,32256,1016064,1048320,1008.0,253919232,0.001600999999936903,0.00029689999973925296,50.43017578125
exact,1008,32,1,166,0.0012076424900442362,0.7355840773809523,1.0,32256,1016064,1048320,1008.0,253919232,0.0015184000003500842,0.0002961999998660758,50.43017578125
exact,1008,32,1,167,0.0011927447048947215,0.7361421130952381,1.0,32256,1016064,1048320,1008.0,253919232,0.0016816000006656395,0.00034670000059122685,50.43017578125
exact,1008,32,1,168,0.0011783571681007743,0.7368551587301587,1.0,32256,1016064,1048320,1008.0,253919232,0.0016402000001107808,0.0003478999988146825,50.43017578125
exact,1008,32,1,169,0.001164260902442038,0.7371961805555556,1.0,32256,1016064,1048320,1008.0,253919232,0.002335000001039589,0.0005655999993905425,50.43017578125
exact,1008,32,1,170,0.001150543219409883,0.7377852182539683,1.0,32256,1016064,1048320,1008.0,253919232,0.0018034999993687961,0.00033849999999802094,50.43017578125
exact,1008,32,1,171,0.0011372545268386602,0.73828125,1.0,32256,1016064,1048320,1008.0,253919232,0.001774700000169105,0.00035170000046491623,50.43017578125
exact,1008,32,1,172,0.0011245517525821924,0.7387462797619048,1.0,32256,1016064,1048320,1008.0,253919232,0.0015590000002703164,0.000317600000926177,50.43017578125
exact,1008,32,1,173,0.0011120479321107268,0.7394903273809523,1.0,32256,1016064,1048320,1008.0,253919232,0.001652799999646959,0.0003152999997837469,50.43017578125
exact,1008,32,1,174,0.0011000075610354543,0.7398933531746031,1.0,32256,1016064,1048320,1008.0,253919232,0.0015502000005653827,0.00032309999915014487,50.43017578125
exact,1008,32,1,175,0.0010882618371397257,0.740296378968254,1.0,32256,1016064,1048320,1008.0,253919232,0.0016292000000248663,0.00030049999986658804,50.43017578125
exact,1008,32,1,176,0.0010767835192382336,0.7405443948412699,1.0,32256,1016064,1048320,1008.0,253919232,0.0015979999989212956,0.00037630000042554457,50.43017578125
exact,1008,32,1,177,0.0010656373342499137,0.7410094246031746,1.0,32256,1016064,1048320,1008.0,253919232,0.0016709999999875436,0.0003259999994043028,50.43017578125
exact,1008,32,1,178,0.0010547568090260029,0.7413814484126984,1.0,32256,1016064,1048320,1008.0,253919232,0.0016076000010798452,0.0003369999994902173,50.43017578125
exact,1008,32,1,179,0.0010440214537084103,0.7417534722222222,1.0,32256,1016064,1048320,1008.0,253919232,0.004025500000352622,0.0003390000001672888,50.43017578125
exact,1008,32,1,180,0.0010337402345612645,0.7424045138888888,1.0,32256,1016064,1048320,1008.0,253919232,0.0015758999998070067,0.00030920000062906183,50.43017578125
exact,1008,32,1,181,0.0010236946400254965,0.7428075396825397,1.0,32256,1016064,1048320,1008.0,253919232,0.0017308999995293561,0.00035519999983080197,50.43017578125
exact,1008,32,1,182,0.0010138674406334758,0.7432415674603174,1.0,32256,1016064,1048320,1008.0,253919232,0.001570799999171868,0.00032219999957305845,50.43017578125
exact,1008,32,1,183,0.0010043166112154722,0.7434895833333334,1.0,32256,1016064,1048320,1008.0,253919232,0.001639199999772245,0.0003333999993628822,50.43017578125
exact,1008,32,1,184,0.0009949137456715107,0.744171626984127,1.0,32256,1016064,1048320,1008.0,253919232,0.0014953999998397194,0.00029290000020409934,50.43017578125
exact,1008,32,1,185,0.0009858820121735334,0.7445436507936508,1.0,32256,1016064,1048320,1008.0,253919232,0.0016326000004482921,0.00034020000020973384,50.43017578125
exact,1008,32,1,186,0.0009770405013114214,0.7446986607142857,1.0,32256,1016064,1048320,1008.0,253919232,0.0015750999991723802,0.00030169999990903307,50.43017578125
exact,1008,32,1,187,0.0009684808901511133,0.7450086805555556,1.0,32256,1016064,1048320,1008.0,253919232,0.0015402999997604638,0.0003302000004623551,50.43017578125
exact,1008,32,1,188,0.0009599946206435561,0.7456287202380952,1.0,32256,1016064,1048320,1008.0,253919232,0.005844900000738562,0.0021374000007199356,50.43017578125
exact,1008,32,1,189,0.0009518181905150414,0.74609375,1.0,32256,1016064,1048320,1008.0,253919232,0.0015756000011606375,0.00035519999983080197,50.43017578125
exact,1008,32,1,190,0.0009437561966478825,0.7463417658730159,1.0,32256,1016064,1048320,1008.0,253919232,0.0016981000007945113,0.0003679999990708893,50.43017578125
exact,1008,32,1,191,0.0009358266252093017,0.7466517857142857,1.0,32256,1016064,1048320,1008.0,253919232,0.001595199999428587,0.00033120000080089085,50.43017578125
exact,1008,32,1,192,0.0009281283128075302,0.7474268353174603,1.0,32256,1016064,1048320,1008.0,253919232,0.0032964999991236255,0.0003180999992764555,50.43017578125
exact,1008,32,1,193,0.0009206344839185476,0.748077876984127,1.0,32256,1016064,1048320,1008.0,253919232,0.0015928000011626864,0.0003416999988985481,50.43017578125
exact,1008,32,1,194,0.0009133341955021024,0.7481708829365079,1.0,32256,1016064,1048320,1008.0,253919232,0.001718399998935638,0.0003775000004679896,50.43017578125
exact,1008,32,1,195,0.0009060148731805384,0.7485739087301587,1.0,32256,1016064,1048320,1008.0,253919232,0.0016153000015037833,0.00035229999957664404,50.43017578125
exact,1008,32,1,196,0.0008990123169496655,0.7486359126984127,1.0,32256,1016064,1048320,1008.0,253919232,0.0019190000002708985,0.00030299999889393803,50.43017578125
exact,1008,32,1,197,0.000892131996806711,0.7492249503968254,1.0,32256,1016064,1048320,1008.0,253919232,0.0016156000001501525,0.0003371999991941266,50.43017578125
exact,1008,32,1,198,0.0008854118059389293,0.7496899801587301,1.0,32256,1016064,1048320,1008.0,253919232,0.0015942999998515006,0.0003256999989389442,50.43017578125
exact,1008,32,1,199,0.0008788917330093682,0.7501860119047619,1.0,32256,1016064,1048320,1008.0,253919232,0.0015982999993866542,0.0003161000004183734,50.43017578125
exact,1008,32,1,200,0.0008724747458472848,0.7504960317460317,1.0,32256,1016064,1048320,1008.0,253919232,0.0016279000010399614,0.0003495999990263954,50.43017578125
exact,1008,32,1,201,0.0008661550236865878,0.7506200396825397,1.0,32256,1016064,1048320,1008.0,253919232,0.00794549999955052,0.0026902999998128507,50.43017578125
exact,1008,32,1,202,0.000859999970998615,0.7512090773809523,1.0,32256,1016064,1048320,1008.0,253919232,0.0016654000010021264,0.00034760000016831327,50.43017578125
exact,1008,32,1,203,0.0008540291455574334,0.7514260912698413,1.0,32256,1016064,1048320,1008.0,253919232,0.0017487999994045822,0.00039119999928516336,50.43017578125
exact,1008,32,1,204,0.0008481565164402127,0.7516431051587301,1.0,32256,1016064,1048320,1008.0,253919232,0.0019272000008641044,0.000390200000765617,50.43017578125
exact,1008,32,1,205,0.000842384819407016,0.751891121031746,1.0,32256,1016064,1048320,1008.0,253919232,0.001978999998755171,0.00041929999861167744,50.43017578125
exact,1008,32,1,206,0.0008367418777197599,0.7524491567460317,1.0,32256,1016064,1048320,1008.0,253919232,0.0017920000009326031,0.00030440000045928173,50.43017578125
exact,1008,32,1,207,0.0008312604622915387,0.7530071924603174,1.0,32256,1016064,1048320,1008.0,253919232,0.003240899999582325,0.0003125000002910383,50.43017578125
exact,1008,32,1,208,0.0008257945883087814,0.7533482142857143,1.0,32256,1016064,1048320,1008.0,253919232,0.001609400000234018,0.0003348000009282259,50.43017578125
exact,1008,32,1,209,0.0008204418700188398,0.753875248015873,1.0,32256,1016064,1048320,1008.0,253919232,0.0015942999998515006,0.0002996000002895016,50.43017578125
exact,1008,32,1,210,0.0008152253576554358,0.7541852678571429,1.0,32256,1016064,1048320,1008.0,253919232,0.0016402999990532408,0.0003488000002107583,50.43017578125
exact,1008,32,1,211,0.0008101608254946768,0.7544332837301587,1.0,32256,1016064,1048320,1008.0,253919232,0.0017841000008047558,0.0004048000009788666,50.43017578125
exact,1008,32,1,212,0.0008051082259044051,0.7548363095238095,1.0,32256,1016064,1048320,1008.0,253919232,0.0015652999991289107,0.00033379999877070077,50.43017578125
exact,1008,32,1,213,0.0008001773967407644,0.7550223214285714,1.0,32256,1016064,1048320,1008.0,253919232,0.0017723999990266748,0.00034979999873030465,50.43017578125
exact,1008,32,1,214,0.0007953658350743353,0.7553633432539683,1.0,32256,1016064,1048320,1008.0,253919232,0.0016775999993114965,0.0003118999993603211,50.43017578125
exact,1008,32,1,215,0.000790726684499532,0.7556113591269841,1.0,32256,1016064,1048320,1008.0,253919232,0.0016183000007004011,0.00031459999991056975,50.43017578125
exact,1008,32,1,216,0.0007861154736019671,0.7557663690476191,1.0,32256,1016064,1048320,1008.0,253919232,0.0015786000003572553,0.0003558999997039791,50.43017578125
exact,1008,32,1,217,0.0007815897697582841,0.7559523809523809,1.0,32256,1016064,1048320,1008.0,253919232,0.0015235999999276828,0.0003167000013490906,50.43017578125
exact,1008,32,1,218,0.0007771130767650902,0.7564174107142857,1.0,32256,1016064,1048320,1008.0,253919232,0.0019468000009510433,0.0004952999988745432,50.43017578125
exact,1008,32,1,219,0.0007726948824711144,0.7568824404761905,1.0,32256,1016064,1048320,1008.0,253919232,0.0016207999997277511,0.00029910000012023374,50.43017578125
exact,1008,32,1,220,0.0007683586445637047,0.7569754464285714,1.0,32256,1016064,1048320,1008.0,253919232,0.0016247999992629047,0.00032619999910821207,50.43017578125
exact,1008,32,1,221,0.0007641401025466621,0.7572234623015873,1.0,32256,1016064,1048320,1008.0,253919232,0.0017975999999180203,0.00042799999937415123,50.43017578125
exact,1008,32,1,222,0.0007599437958560884,0.7575644841269841,1.0,32256,1016064,1048320,1008.0,253919232,0.0026901000001089415,0.0006599999996979022,50.43017578125
exact,1008,32,1,223,0.0007559528457932174,0.757874503968254,1.0,32256,1016064,1048320,1008.0,253919232,0.0016552999986743089,0.0003231999999115942,50.43017578125
exact,1008,32,1,224,0.000751950079575181,0.7584635416666666,1.0,32256,1016064,1048320,1008.0,253919232,0.00180970000110392,0.0004685000003519235,50.43017578125
exact,1008,32,1,225,0.0007479910273104906,0.7587735615079365,1.0,32256,1016064,1048320,1008.0,253919232,0.0015970000004017493,0.0003341999999975087,50.43017578125
exact,1008,32,1,226,0.0007441822672262788,0.7591765873015873,1.0,32256,1016064,1048320,1008.0,253919232,0.0015966999999363907,0.0003340999992360594,50.43017578125
exact,1008,32,1,227,0.0007404401549138129,0.7596416170634921,1.0,32256,1016064,1048320,1008.0,253919232,0.0016085000006569317,0.00035459999890008476,50.43017578125
exact,1008,32,1,228,0.0007366857607848942,0.759765625,1.0,32256,1016064,1048320,1008.0,253919232,0.0053377999993244885,0.0002876999988075113,50.43017578125
exact,1008,32,1,229,0.0007330396329052746,0.7602926587301587,1.0,32256,1016064,1048320,1008.0,253919232,0.001655199999731849,0.00034050000067509245,50.43017578125
exact,1008,32,1,230,0.0007295141695067286,0.7605096726190477,1.0,32256,1016064,1048320,1008.0,253919232,0.0015466000004380476,0.0002868999999918742,50.43017578125
exact,1008,32,1,231,0.0007259947597049177,0.7610987103174603,1.0,32256,1016064,1048320,1008.0,253919232,0.0016484999996464467,0.00034330000016780104,50.43017578125
exact,1008,32,1,232,0.0007226279703900218,0.7614087301587301,1.0,32256,1016064,1048320,1008.0,253919232,0.0021522000006370945,0.00031680000029155053,50.43017578125
exact,1008,32,1,233,0.0007192434859462082,0.7615947420634921,1.0,32256,1016064,1048320,1008.0,253919232,0.0016297000001941342,0.0003519000001688255,50.43017578125
exact,1008,32,1,234,0.0007159119704738259,0.7620287698412699,1.0,32256,1016064,1048320,1008.0,253919232,0.001564199999847915,0.00032079999982670415,50.43017578125
exact,1008,32,1,235,0.0007125899428501725,0.7623077876984127,1.0,32256,1016064,1048320,1008.0,253919232,0.0015500999998039333,0.00029279999944265,50.43017578125
exact,1008,32,1,236,0.0007093689637258649,0.7627418154761905,1.0,32256,1016064,1048320,1008.0,253919232,0.0015946000003168592,0.00030839999999443535,50.43017578125
exact,1008,32,1,237,0.0007060390780679882,0.7629588293650794,1.0,32256,1016064,1048320,1008.0,253919232,0.0016013000004022615,0.0003371999991941266,50.43017578125
exact,1008,32,1,238,0.000702899880707264,0.7633928571428571,1.0,32256,1016064,1048320,1008.0,253919232,0.00162820000150532,0.0003118999993603211,50.43017578125
exact,1008,32,1,239,0.0006998309399932623,0.763640873015873,1.0,32256,1016064,1048320,1008.0,253919232,0.0015787000011187047,0.00031690000105299987,50.43017578125
exact,1008,32,1,240,0.0006967977387830615,0.7640128968253969,1.0,32256,1016064,1048320,1008.0,253919232,0.0016185000004043104,0.00031569999919156544,50.43017578125
exact,1008,32,1,241,0.0006939060986042023,0.7641369047619048,1.0,32256,1016064,1048320,1008.0,253919232,0.0015745000000606524,0.00033090000033553224,50.43017578125
exact,1008,32,1,242,0.000690988264977932,0.7645709325396826,1.0,32256,1016064,1048320,1008.0,253919232,0.0016064999999798601,0.0003025999994861195,50.43017578125
exact,1008,32,1,243,0.0006880542496219277,0.7651289682539683,1.0,32256,1016064,1048320,1008.0,253919232,0.0015899000009085285,0.00031490000037592836,50.43017578125
exact,1008,32,1,244,0.0006852015503682196,0.7653769841269841,1.0,32256,1016064,1048320,1008.0,253919232,0.0015989000003173715,0.0003314000005048001,50.43017578125
exact,1008,32,1,245,0.0006823329022154212,0.7657180059523809,1.0,32256,1016064,1048320,1008.0,253919232,0.0016192000002774876,0.00030750000041734893,50.43017578125
exact,1008,32,1,246,0.0006795906228944659,0.765687003968254,1.0,32256,1016064,1048320,1008.0,253919232,0.001553900001454167,0.0003113999991910532,50.43017578125
exact,1008,32,1,247,0.000676877738442272,0.7660280257936508,1.0,32256,1016064,1048320,1008.0,253919232,0.0015978999999788357,0.00031230000058712903,50.43017578125
exact,1008,32,1,248,0.0006742158439010382,0.7662140376984127,1.0,32256,1016064,1048320,1008.0,253919232,0.0015941000001475913,0.00031940000008034986,50.43017578125
exact,1008,32,1,249,0.0006715595372952521,0.7665240575396826,1.0,32256,1016064,1048320,1008.0,253919232,0.00164039999981469,0.00032950000058917794,50.43017578125
exact,1008,32,1,250,0.0006689621368423104,0.7668960813492064,1.0,32256,1016064,1048320,1008.0,253919232,0.0016981000007945113,0.00030560000050172675,50.43017578125
exact,1008,32,1,251,0.0006664149113930762,0.7673301091269841,1.0,32256,1016064,1048320,1008.0,253919232,0.0016765000000305008,0.0003465000008873176,50.43017578125
exact,1008,32,1,252,0.000663884449750185,0.7679191468253969,1.0,32256,1016064,1048320,1008.0,253919232,0.0015984999990905635,0.00033179999991261866,50.43017578125
exact,1008,32,1,253,0.000661388214211911,0.7681671626984127,1.0,32256,1016064,1048320,1008.0,253919232,0.0016011999996408122,0.0003020000003743917,50.43017578125
exact,1008,32,1,254,0.0006588965770788491,0.7681981646825397,1.0,32256,1016064,1048320,1008.0,253919232,0.0016749999995226972,0.0003063000003749039,50.43017578125
exact,1008,32,1,255,0.0006564725190401077,0.7685701884920635,1.0,32256,1016064,1048320,1008.0,253919232,0.0015506999989156611,0.0003305000009277137,50.43017578125
exact,1008,32,1,256,0.0006540456088259816,0.7687251984126984,1.0,32256,1016064,1048320,1008.0,253919232,0.0016664000013406621,0.0003357999994477723,50.43017578125
exact,1008,32,1,257,0.00065166677813977,0.7691282242063492,1.0,32256,1016064,1048320,1008.0,253919232,0.001612300000488176,0.00032439999995403923,50.43017578125
exact,1008,32,1,258,0.0006493248511105776,0.7693452380952381,1.0,32256,1016064,1048320,1008.0,253919232,0.0016306999987136805,0.0003144999991491204,50.43017578125
exact,1008,32,1,259,0.0006469874060712755,0.7697482638888888,1.0,32256,1016064,1048320,1008.0,253919232,0.0015652999991289107,0.0003025999994861195,50.43017578125
exact,1008,32,1,260,0.0006447597988881171,0.7699652777777778,1.0,32256,1016064,1048320,1008.0,253919232,0.0015865999994275626,0.000309900000502239,50.43017578125
exact,1008,32,1,261,0.0006424858001992106,0.7703062996031746,1.0,32256,1016064,1048320,1008.0,253919232,0.0015920999994705198,0.00032479999936185777,50.43017578125
exact,1008,32,1,262,0.0006402485305443406,0.7706783234126984,1.0,32256,1016064,1048320,1008.0,253919232,0.001642100000026403,0.0003737999995792052,50.43017578125
exact,1008,32,1,263,0.000638014986179769,0.7708333333333334,1.0,32256,1016064,1048320,1008.0,253919232,0.001602100001036888,0.0003097000007983297,50.43017578125
exact,1008,32,1,264,0.0006359118269756436,0.7711123511904762,1.0,32256,1016064,1048320,1008.0,253919232,0.0015655999995942693,0.00032000000101106707,50.43017578125
exact,1008,32,1,265,0.0006337705417536199,0.771453373015873,1.0,32256,1016064,1048320,1008.0,253919232,0.0015720999999757623,0.00030160000096657313,50.43017578125
exact,1008,32,1,266,0.0006316835642792284,0.7717013888888888,1.0,32256,1016064,1048320,1008.0,253919232,0.0015755000003991881,0.00031570000101055484,50.43017578125
exact,1008,32,1,267,0.0006296387873589993,0.7719804067460317,1.0,32256,1016064,1048320,1008.0,253919232,0.001678300001003663,0.00034299999970244244,50.43017578125
exact,1008,32,1,268,0.0006275480263866484,0.7723834325396826,1.0,32256,1016064,1048320,1008.0,253919232,0.0017373000009683892,0.00036589999945135787,50.43017578125
exact,1008,32,1,269,0.0006254875916056335,0.7725694444444444,1.0,32256,1016064,1048320,1008.0,253919232,0.0016286999998555984,0.00033120000080089085,50.43017578125
exact,1008,32,1,270,0.0006233882741071284,0.7728794642857143,1.0,32256,1016064,1048320,1008.0,253919232,0.0015794999999343418,0.0003249000001233071,50.43017578125
exact,1008,32,1,271,0.0006213585729710758,0.7729414682539683,1.0,32256,1016064,1048320,1008.0,253919232,0.0017303999993600883,0.00029630000062752515,50.43017578125
exact,1008,32,1,272,0.0006193918525241315,0.7731274801587301,1.0,32256,1016064,1048320,1008.0,253919232,0.0016298999998980435,0.00034469999991415534,50.43017578125
exact,1008,32,1,273,0.0006174016161821783,0.7733444940476191,1.0,32256,1016064,1048320,1008.0,253919232,0.0016710999989300035,0.0003581000000849599,50.43017578125
exact,1008,32,1,274,0.0006154841394163668,0.773468501984127,1.0,32256,1016064,1048320,1008.0,253919232,0.001740399999107467,0.00033519999851705506,50.43017578125
exact,1008,32,1,275,0.0006135993753559887,0.7734375,1.0,32256,1016064,1048320,1008.0,253919232,0.0016163000000233296,0.0003482000010990305,50.43017578125
exact,1008,32,1,276,0.0006117034354247153,0.7737475198412699,1.0,32256,1016064,1048320,1008.0,253919232,0.0016656000007060356,0.00030079999851295725,50.43017578125
exact,1008,32,1,277,0.000609815411735326,0.7740885416666666,1.0,32256,1016064,1048320,1008.0,253919232,0.001749700000800658,0.0002974999988509808,50.43017578125
exact,1008,32,1,278,0.0006080179591663182,0.7740575396825397,1.0,32256,1016064,1048320,1008.0,253919232,0.0017765000011422671,0.00035199999911128543,50.43017578125
exact,1008,32,1,279,0.0006061125895939767,0.7741505456349206,1.0,32256,1016064,1048320,1008.0,253919232,0.0016407000002800487,0.0003218000001652399,50.43017578125
exact,1008,32,1,280,0.0006043233443051577,0.7744605654761905,1.0,32256,1016064,1048320,1008.0,253919232,0.0017023999989760341,0.00034419999974488746,50.43017578125
exact,1008,32,1,281,0.0006025566253811121,0.7745845734126984,1.0,32256,1016064,1048320,1008.0,253919232,0.00163550000070245,0.0003010000000358559,50.43017578125
exact,1008,32,1,282,0.0006008592317812145,0.7748015873015873,1.0,32256,1016064,1048320,1008.0,253919232,0.0017035000000760192,0.00031510000007983763,50.43017578125
exact,1008,32,1,283,0.0005991442012600601,0.7749875992063492,1.0,32256,1016064,1048320,1008.0,253919232,0.0016819999982544687,0.0003550000001268927,50.43017578125
exact,1008,32,1,284,0.0005974170053377748,0.7750806051587301,1.0,32256,1016064,1048320,1008.0,253919232,0.001634800000829273,0.0003293999998277286,50.43017578125
exact,1008,32,1,285,0.000595681369304657,0.775390625,1.0,32256,1016064,1048320,1008.0,253919232,0.0019284000009065494,0.0003710000000864966,50.43017578125
exact,1008,32,1,286,0.000594033976085484,0.7756696428571429,1.0,32256,1016064,1048320,1008.0,253919232,0.0017743000007612864,0.00033400000029359944,50.43017578125
exact,1008,32,1,287,0.0005923014250583947,0.7759176587301587,1.0,32256,1016064,1048320,1008.0,253919232,0.0025932000007742317,0.0005893000015930738,50.43017578125
exact,1008,32,1,288,0.0005906070000492036,0.7762276785714286,1.0,32256,1016064,1048320,1008.0,253919232,0.0018519999994168757,0.00032129999999597203,50.43017578125
exact,1008,32,1,289,0.0005889435997232795,0.7762586805555556,1.0,32256,1016064,1048320,1008.0,253919232,0.0019826999996439554,0.00035089999983028974,50.43017578125
exact,1008,32,1,290,0.0005873225745745003,0.7765066964285714,1.0,32256,1016064,1048320,1008.0,253919232,0.0016840999996929895,0.00027410000075178687,50.43017578125
exact,1008,32,1,291,0.0005857170908711851,0.7766927083333334,1.0,32256,1016064,1048320,1008.0,253919232,0.0017203000006702496,0.00034129999949072953,50.43017578125
exact,1008,32,1,292,0.0005841345991939306,0.7770337301587301,1.0,32256,1016064,1048320,1008.0,253919232,0.001576099999510916,0.0003128000007563969,50.43017578125
exact,1008,32,1,293,0.0005825011758133769,0.7772507440476191,1.0,32256,1016064,1048320,1008.0,253919232,0.0016720999992685392,0.00033909999910974875,50.43017578125
exact,1008,32,1,294,0.0005809875437989831,0.7774987599206349,1.0,32256,1016064,1048320,1008.0,253919232,0.0016935999992711004,0.00033040000016626436,50.43017578125
exact,1008,32,1,295,0.0005794332828372717,0.7778087797619048,1.0,32256,1016064,1048320,1008.0,253919232,0.0016441999996459344,0.000342100000125356,50.43017578125
exact,1008,32,1,296,0.0005778512568213046,0.7781808035714286,1.0,32256,1016064,1048320,1008.0,253919232,0.0015887999998085434,0.0003249000001233071,50.43017578125
exact,1008,32,1,297,0.0005762907094322145,0.7783358134920635,1.0,32256,1016064,1048320,1008.0,253919232,0.0016405999995185994,0.00034699999923759606,50.43017578125
exact,1008,32,1,298,0.0005747192772105336,0.7785528273809523,1.0,32256,1016064,1048320,1008.0,253919232,0.0016412999993917765,0.0003544999999576248,50.43017578125
exact,1008,32,1,299,0.0005732766003347933,0.7788628472222222,1.0,32256,1016064,1048320,1008.0,253919232,0.0015684000009059673,0.00030030000016267877,50.43017578125
exact,1008,32,1,300,0.0005717936437577009,0.7790178571428571,1.0,32256,1016064,1048320,1008.0,253919232,0.0017263999998249346,0.00044659999912255444,50.43017578125
exact,1008,32,1,301,0.0005703386850655079,0.779234871031746,1.0,32256,1016064,1048320,1008.0,253919232,0.0016269000007014256,0.0003318999988550786,50.43017578125
exact,1008,32,1,302,0.0005689655663445592,0.779358878968254,1.0,32256,1016064,1048320,1008.0,253919232,0.0016532000008737668,0.0003195999997842591,50.43017578125
exact,1008,32,1,303,0.0005674717831425369,0.7795138888888888,1.0,32256,1016064,1048320,1008.0,253919232,0.0016267000009975163,0.0003336000008857809,50.43017578125
exact,1008,32,1,304,0.0005659771268256009,0.7798549107142857,1.0,32256,1016064,1048320,1008.0,253919232,0.0015708999999333173,0.0003501999999571126,50.43017578125
exact,1008,32,1,305,0.0005645937635563314,0.7800099206349206,1.0,32256,1016064,1048320,1008.0,253919232,0.0016132999990077224,0.00034299999970244244,50.43017578125
exact,1008,32,1,306,0.0005631550448015332,0.7802269345238095,1.0,32256,1016064,1048320,1008.0,253919232,0.0016216000003623776,0.00032950000058917794,50.43017578125
exact,1008,32,1,307,0.000561784952878952,0.7805369543650794,1.0,32256,1016064,1048320,1008.0,253919232,0.0015917000000627013,0.00028899999961140566,50.43017578125
exact,1008,32,1,308,0.0005603660247288644,0.7807229662698413,1.0,32256,1016064,1048320,1008.0,253919232,0.001618899999812129,0.00032839999948919285,50.43017578125
exact,1008,32,1,309,0.0005590433138422668,0.7809089781746031,1.0,32256,1016064,1048320,1008.0,253919232,0.001665200001298217,0.0003417999996599974,50.43017578125
exact,1008,32,1,310,0.0005576298572123051,0.7810329861111112,1.0,32256,1016064,1048320,1008.0,253919232,0.001760300001478754,0.00040860000081011094,50.43017578125
exact,1008,32,1,311,0.0005562608712352812,0.7811259920634921,1.0,32256,1016064,1048320,1008.0,253919232,0.0018144999994547106,0.0004673000003094785,50.43017578125
exact,1008,32,1,312,0.0005548925255425274,0.7814670138888888,1.0,32256,1016064,1048320,1008.0,253919232,0.0016904000003705733,0.00029259999973874073,50.43017578125
exact,1008,32,1,313,0.0005535704549401999,0.7817460317460317,1.0,32256,1016064,1048320,1008.0,253919232,0.001995099999476224,0.0005180999996809987,50.43017578125
exact,1008,32,1,314,0.0005522044375538826,0.7821800595238095,1.0,32256,1016064,1048320,1008.0,253919232,0.0016971000004559755,0.0003344999986438779,50.43017578125
exact,1008,32,1,315,0.0005508639151230454,0.7823040674603174,1.0,32256,1016064,1048320,1008.0,253919232,0.001738400000249385,0.0003271000005042879,50.43017578125
exact,1008,32,1,316,0.0005495283985510468,0.7825830853174603,1.0,32256,1016064,1048320,1008.0,253919232,0.0016785999996500323,0.0003459999988990603,50.43017578125
exact,1008,32,1,317,0.0005481877597048879,0.7825830853174603,1.0,32256,1016064,1048320,1008.0,253919232,0.0017740999992383877,0.0003028999999514781,50.43017578125
exact,1008,32,1,318,0.0005469362367875874,0.7829241071428571,1.0,32256,1016064,1048320,1008.0,253919232,0.0020022000007884344,0.0003741999989870237,50.43017578125
exact,1008,32,1,319,0.000545667833648622,0.7830171130952381,1.0,32256,1016064,1048320,1008.0,253919232,0.0017263000008824747,0.0003347000001667766,50.43017578125
exact,1008,32,1,320,0.0005444145645014942,0.7830791170634921,1.0,32256,1016064,1048320,1008.0,253919232,0.0016809999997349223,0.0002962000016850652,50.43017578125
exact,1008,32,1,321,0.0005431899335235357,0.7834201388888888,1.0,32256,1016064,1048320,1008.0,253919232,0.0018799999998009298,0.0005395999996835599,50.43017578125
exact,1008,32,1,322,0.0005418812506832182,0.7835131448412699,1.0,32256,1016064,1048320,1008.0,253919232,0.001667700000325567,0.0003040000010514632,50.43017578125
exact,1008,32,1,323,0.0005406395066529512,0.7837611607142857,1.0,32256,1016064,1048320,1008.0,253919232,0.0018130999997083563,0.00035260000004200265,50.43017578125
exact,1008,32,1,324,0.0005394608597271144,0.7840401785714286,1.0,32256,1016064,1048320,1008.0,253919232,0.0016625999996904284,0.00034389999927952886,50.43017578125
exact,1008,32,1,325,0.0005382381496019661,0.7841331845238095,1.0,32256,1016064,1048320,1008.0,253919232,0.0017577000016899547,0.0003422999998292653,50.43017578125
exact,1008,32,1,326,0.0005371170700527728,0.7843501984126984,1.0,32256,1016064,1048320,1008.0,253919232,0.0018192000006820308,0.0003904999994119862,50.43017578125
exact,1008,32,1,327,0.000535980798304081,0.7845672123015873,1.0,32256,1016064,1048320,1008.0,253919232,0.0016777000000729458,0.0003037999995285645,50.43017578125
exact,1008,32,1,328,0.0005346915568225086,0.7849082341269841,1.0,32256,1016064,1048320,1008.0,253919232,0.006945299999642884,0.00031040000067150686,50.43017578125
exact,1008,32,1,329,0.0005335377645678818,0.785125248015873,1.0,32256,1016064,1048320,1008.0,253919232,0.0016964999995252583,0.0003391999998711981,50.43017578125
exact,1008,32,1,330,0.0005323071964085102,0.7850632440476191,1.0,32256,1016064,1048320,1008.0,253919232,0.0016734000000724336,0.00031409999974130187,50.43017578125
exact,1008,32,1,331,0.0005311855347827077,0.7852492559523809,1.0,32256,1016064,1048320,1008.0,253919232,0.0016830000004119938,0.00033350000012433156,50.43017578125
exact,1008,32,1,332,0.0005300025222823024,0.7854972718253969,1.0,32256,1016064,1048320,1008.0,253919232,0.0016668000007484807,0.00036420000105863437,50.43017578125
exact,1008,32,1,333,0.0005288466345518827,0.7855592757936508,1.0,32256,1016064,1048320,1008.0,253919232,0.0016044999993027886,0.00030809999952907674,50.43017578125
exact,1008,32,1,334,0.0005276828887872398,0.7856212797619048,1.0,32256,1016064,1048320,1008.0,253919232,0.0015918000008241506,0.0003049000006285496,50.43017578125
exact,1008,32,1,335,0.0005265610525384545,0.7857142857142857,1.0,32256,1016064,1048320,1008.0,253919232,0.0016928999993979232,0.00033570000050531235,50.43017578125
exact,1008,32,1,336,0.0005254417192190886,0.7860553075396826,1.0,32256,1016064,1048320,1008.0,253919232,0.001553599999169819,0.0003121999998256797,50.43017578125
exact,1008,32,1,337,0.0005242298357188702,0.7861483134920635,1.0,32256,1016064,1048320,1008.0,253919232,0.0016051999991759658,0.0002925000007962808,50.43017578125
exact,1008,32,1,338,0.0005230919341556728,0.7861793154761905,1.0,32256,1016064,1048320,1008.0,253919232,0.0015553000012005214,0.0002974999988509808,50.43017578125
exact,1008,32,1,339,0.0005220565944910049,0.7865203373015873,1.0,32256,1016064,1048320,1008.0,253919232,0.003332300000693067,0.00039930000093590934,50.43017578125
exact,1008,32,1,340,0.0005210025701671839,0.7866753472222222,1.0,32256,1016064,1048320,1008.0,253919232,0.001688699998339871,0.00031830000079935417,50.43017578125
exact,1008,32,1,341,0.0005199405131861567,0.7868303571428571,1.0,32256,1016064,1048320,1008.0,253919232,0.0016119000010803575,0.00030299999889393803,50.43017578125
exact,1008,32,1,342,0.0005188774084672332,0.7869853670634921,1.0,32256,1016064,1048320,1008.0,253919232,0.0016720000003260793,0.0003412000005482696,50.43017578125
exact,1008,32,1,343,0.0005177647690288723,0.7873573908730159,1.0,32256,1016064,1048320,1008.0,253919232,0.006053700000848039,0.0020093000002816552,50.43017578125
exact,1008,32,1,344,0.0005167435738258064,0.7875124007936508,1.0,32256,1016064,1048320,1008.0,253919232,0.0016925999989325646,0.0003328000002511544,50.43017578125
exact,1008,32,1,345,0.0005156329134479165,0.7876054067460317,1.0,32256,1016064,1048320,1008.0,253919232,0.001883000000816537,0.00041790000068431254,50.43017578125
exact,1008,32,1,346,0.0005146342446096241,0.7878534226190477,1.0,32256,1016064,1048320,1008.0,253919232,0.001598199998625205,0.0003157999999530148,50.43017578125
exact,1008,32,1,347,0.0005135657847858965,0.7878844246031746,1.0,32256,1016064,1048320,1008.0,253919232,0.0016943999999057269,0.0003494000011414755,50.43017578125
exact,1008,32,1,348,0.000512483820784837,0.7882254464285714,1.0,32256,1016064,1048320,1008.0,253919232,0.002119999999194988,0.0003388999994058395,50.43017578125
exact,1008,32,1,349,0.0005115576204843819,0.7884114583333334,1.0,32256,1016064,1048320,1008.0,253919232,0.0020184000004519476,0.0002997999999934109,50.43017578125
exact,1008,32,1,350,0.0005105861346237361,0.7887524801587301,1.0,32256,1016064,1048320,1008.0,253919232,0.0016752000010455959,0.0003394999985175673,50.43017578125
exact,1008,32,1,351,0.0005096181412227452,0.789031498015873,1.0,32256,1016064,1048320,1008.0,253919232,0.001883500000985805,0.0004859000000578817,50.43017578125
exact,1008,32,1,352,0.0005086474702693522,0.789031498015873,1.0,32256,1016064,1048320,1008.0,253919232,0.0017088999993575271,0.0003099999994446989,50.43017578125
exact,1008,32,1,353,0.0005076010129414499,0.789031498015873,1.0,32256,1016064,1048320,1008.0,253919232,0.0017217999993590638,0.0003443000005063368,50.43017578125
exact,1008,32,1,354,0.0005067108431831002,0.7891865079365079,1.0,32256,1016064,1048320,1008.0,253919232,0.001605399998879875,0.00029970000105095096,50.43017578125
exact,1008,32,1,355,0.0005057420348748565,0.7897755456349206,1.0,32256,1016064,1048320,1008.0,253919232,0.0016782999991846737,0.00033369999982824083,50.43017578125
exact,1008,32,1,356,0.0005048323655501008,0.7900545634920635,1.0,32256,1016064,1048320,1008.0,253919232,0.0017261000011785654,0.00036129999898548704,50.43017578125
exact,1008,32,1,357,0.000503839401062578,0.7900235615079365,1.0,32256,1016064,1048320,1008.0,253919232,0.0016379999997298,0.000353900000845897,50.43017578125
exact,1008,32,1,358,0.000502865994349122,0.7901165674603174,1.0,32256,1016064,1048320,1008.0,253919232,0.0015659999990020879,0.00030700000024808105,50.43017578125
exact,1008,32,1,359,0.0005019239033572376,0.7901165674603174,1.0,32256,1016064,1048320,1008.0,253919232,0.0015829999993002275,0.00033819999953266233,50.43017578125
exact,1008,32,1,360,0.0005010003806091845,0.7901785714285714,1.0,32256,1016064,1048320,1008.0,253919232,0.0016141000014613383,0.00033650000113993883,50.43017578125
exact,1008,32,1,361,0.0005000082310289145,0.7903025793650794,1.0,32256,1016064,1048320,1008.0,253919232,0.0016322999999829335,0.0003125000002910383,50.43017578125
exact,1008,32,1,362,0.0004990863963030279,0.7902095734126984,1.0,32256,1016064,1048320,1008.0,253919232,0.0049544000012247125,0.0004179999996267725,50.43017578125
exact,1008,32,1,363,0.0004981603124178946,0.7903645833333334,1.0,32256,1016064,1048320,1008.0,253919232,0.0023455999998986954,0.00038409999979194254,50.43017578125
exact,1008,32,1,364,0.0004973231698386371,0.7907056051587301,1.0,32256,1016064,1048320,1008.0,253919232,0.0020007000002806308,0.0005406000000220956,50.43017578125
exact,1008,32,1,365,0.0004964314866811037,0.7908916170634921,1.0,32256,1016064,1048320,1008.0,253919232,0.0018011000011028955,0.00034159999995608814,50.43017578125
exact,1008,32,1,366,0.00049549899995327,0.7912326388888888,1.0,32256,1016064,1048320,1008.0,253919232,0.00192109999989043,0.0003735999998752959,50.43017578125
exact,1008,32,1,367,0.0004946349072270095,0.7915426587301587,1.0,32256,1016064,1048320,1008.0,253919232,0.001795000000129221,0.0003264999995735707,50.43017578125
exact,1008,32,1,368,0.0004937472986057401,0.7917906746031746,1.0,32256,1016064,1048320,1008.0,253919232,0.0018409000003885012,0.0003028999999514781,50.43017578125
exact,1008,32,1,369,0.0004928727285005152,0.7920386904761905,1.0,32256,1016064,1048320,1008.0,253919232,0.0017302000014751684,0.00033319999965897296,50.43017578125
exact,1008,32,1,370,0.0004920180654153228,0.7919766865079365,1.0,32256,1016064,1048320,1008.0,253919232,0.0018423000001348555,0.00031859999944572337,50.43017578125
exact,1008,32,1,371,0.0004911620635539293,0.7922247023809523,1.0,32256,1016064,1048320,1008.0,253919232,0.0016670999993948499,0.0003252000005886657,50.43017578125
exact,1008,32,1,372,0.0004902769578620791,0.7925347222222222,1.0,32256,1016064,1048320,1008.0,253919232,0.0014649999993707752,0.0003264999995735707,50.43017578125
exact,1008,32,1,373,0.0004893618752248585,0.7925657242063492,1.0,32256,1016064,1048320,1008.0,253919232,0.0014542000008077594,0.0003096000000368804,50.43017578125
exact,1008,32,1,374,0.0004885125672444701,0.792999751984127,1.0,32256,1016064,1048320,1008.0,253919232,0.0034476999990147306,0.0007533999996667262,50.43017578125
exact,1008,32,1,375,0.0004877314204350114,0.7932477678571429,1.0,32256,1016064,1048320,1008.0,253919232,0.0014624999985244358,0.000289100000372855,50.43017578125
exact,1008,32,1,376,0.00048691235133446753,0.7932787698412699,1.0,32256,1016064,1048320,1008.0,253919232,0.0013889000001654495,0.0002994999995280523,50.43017578125
exact,1008,32,1,377,0.0004861304478254169,0.7934027777777778,1.0,32256,1016064,1048320,1008.0,253919232,0.0015414999998029089,0.00031099999978323467,50.43017578125
exact,1008,32,1,378,0.0004853763384744525,0.7935267857142857,1.0,32256,1016064,1048320,1008.0,253919232,0.0019068999990849989,0.00032700000156182796,50.43017578125
exact,1008,32,1,379,0.0004845503717660904,0.7938058035714286,1.0,32256,1016064,1048320,1008.0,253919232,0.0022078999991208548,0.0003183999997418141,50.43017578125
exact,1008,32,1,380,0.00048373459139838815,0.7940228174603174,1.0,32256,1016064,1048320,1008.0,253919232,0.0025539999987813644,0.0006054000004951376,50.43017578125
exact,1008,32,1,381,0.0004829098761547357,0.7940228174603174,1.0,32256,1016064,1048320,1008.0,253919232,0.0016262000008282484,0.00030250000054365955,50.43017578125
exact,1008,32,1,382,0.0004821232578251511,0.7941778273809523,1.0,32256,1016064,1048320,1008.0,253919232,0.003311099999336875,0.0011705000015354017,50.43017578125
exact,1008,32,1,383,0.0004813288105651736,0.7943638392857143,1.0,32256,1016064,1048320,1008.0,253919232,0.001447500000722357,0.000320099999953527,50.43017578125
exact,1008,32,1,384,0.00048059175605885684,0.7945188492063492,1.0,32256,1016064,1048320,1008.0,253919232,0.0013681000000360655,0.0002612999996927101,50.43017578125
exact,1008,32,1,385,0.00047984698903746903,0.7946738591269841,1.0,32256,1016064,1048320,1008.0,253919232,0.0015430000003107125,0.0002722000008361647,50.43017578125
exact,1008,32,1,386,0.0004790201492141932,0.794952876984127,1.0,32256,1016064,1048320,1008.0,253919232,0.0015024000003904803,0.00042320000102336053,50.43017578125
exact,1008,32,1,387,0.00047823457862250507,0.7951078869047619,1.0,32256,1016064,1048320,1008.0,253919232,0.0033268999995925697,0.0009301999998569954,50.43017578125
exact,1008,32,1,388,0.00047749787336215377,0.7953249007936508,1.0,32256,1016064,1048320,1008.0,253919232,0.0017368000007991213,0.00032129999999597203,50.43017578125
exact,1008,32,1,389,0.0004767460050061345,0.7956039186507936,1.0,32256,1016064,1048320,1008.0,253919232,0.0018399000000499655,0.00031149999995250255,50.43017578125
exact,1008,32,1,390,0.00047599273966625333,0.7958519345238095,1.0,32256,1016064,1048320,1008.0,253919232,0.0016900999999052146,0.0003116999996564118,50.43017578125
exact,1008,32,1,391,0.000475254695629701,0.7956349206349206,1.0,32256,1016064,1048320,1008.0,253919232,0.0018013000008068047,0.00033119999898190144,50.43017578125
exact,1008,32,1,392,0.00047452625585719943,0.7959139384920635,1.0,32256,1016064,1048320,1008.0,253919232,0.0017654999992373632,0.00033989999974437524,50.43017578125
exact,1008,32,1,393,0.00047386670485138893,0.7958519345238095,1.0,32256,1016064,1048320,1008.0,253919232,0.001695199998721364,0.0003197999994881684,50.43017578125
exact,1008,32,1,394,0.0004731288063339889,0.7959759424603174,1.0,32256,1016064,1048320,1008.0,253919232,0.0016857999999047024,0.00030329999935929663,50.43017578125
exact,1008,32,1,395,0.0004724408208858222,0.7960999503968254,1.0,32256,1016064,1048320,1008.0,253919232,0.0016107999999803724,0.00033059999987017363,50.43017578125
exact,1008,32,1,396,0.0004717361880466342,0.7960999503968254,1.0,32256,1016064,1048320,1008.0,253919232,0.0017166000016004546,0.000347400000464404,50.43017578125
exact,1008,32,1,397,0.00047102890675887465,0.7962859623015873,1.0,32256,1016064,1048320,1008.0,253919232,0.001757500000167056,0.00032169999940379057,50.43017578125
exact,1008,32,1,398,0.0004703724989667535,0.7965959821428571,1.0,32256,1016064,1048320,1008.0,253919232,0.0014109000003372785,0.00030760000117879827,50.43017578125
exact,1008,32,1,399,0.0004696943797171116,0.796875,1.0,32256,1016064,1048320,1008.0,253919232,0.0016478999987157295,0.00034299999970244244,50.43017578125
exact,1008,32,1,400,0.0004690719651989639,0.7970920138888888,1.0,32256,1016064,1048320,1008.0,253919232,0.001643800000238116,0.0003457000002526911,50.43017578125
exact,1008,32,1,401,0.00046850580838508904,0.7972780257936508,1.0,32256,1016064,1048320,1008.0,253919232,0.0023736000002827495,0.0004785999990417622,50.43017578125
exact,1008,32,1,402,0.00046805478632450104,0.7974640376984127,1.0,32256,1016064,1048320,1008.0,253919232,0.0018732000007730676,0.00033970000004046597,50.43017578125
exact,1008,32,1,403,0.00046787914470769465,0.7975570436507936,1.0,32256,1016064,1048320,1008.0,253919232,0.001710199998342432,0.000309900000502239,50.43017578125
exact,1008,32,1,404,0.00046797271352261305,0.7979290674603174,1.0,32256,1016064,1048320,1008.0,253919232,0.0017926999989867909,0.0003704999999172287,50.43017578125
exact,1008,32,1,405,0.00046854879474267364,0.7979910714285714,1.0,32256,1016064,1048320,1008.0,253919232,0.0017095999992307043,0.0003022999990207609,50.43017578125
exact,1008,32,1,406,0.0004702397563960403,0.7983630952380952,1.0,32256,1016064,1048320,1008.0,253919232,0.001783699999577948,0.00030759999935980886,50.43017578125
exact,1008,32,1,407,0.00047229076153598726,0.7985491071428571,1.0,32256,1016064,1048320,1008.0,253919232,0.004321000000345521,0.0003311000000394415,50.43017578125
exact,1008,32,1,408,0.00047728014760650694,0.7989831349206349,1.0,32256,1016064,1048320,1008.0,253919232,0.0022819000005256385,0.00044520000119518954,50.43017578125
exact,1008,32,1,409,0.0004783908079843968,0.798890128968254,1.0,32256,1016064,1048320,1008.0,253919232,0.0018284000016137725,0.00038610000046901405,50.43017578125
exact,1008,32,1,410,0.0004828625824302435,0.7995101686507936,1.0,32256,1016064,1048320,1008.0,253919232,0.0020129999993514502,0.0004718999989563599,50.43017578125
exact,1008,32,1,411,0.0004765174526255578,0.7992311507936508,1.0,32256,1016064,1048320,1008.0,253919232,0.001755799999955343,0.000338099998771213,50.43017578125
exact,1008,32,1,412,0.0004714934329967946,0.7998821924603174,1.0,32256,1016064,1048320,1008.0,253919232,0.0019910999999410706,0.0003577999996196013,50.43017578125
exact,1008,32,1,413,0.00046437454875558615,0.8000062003968254,1.0,32256,1016064,1048320,1008.0,253919232,0.0017336000000796048,0.0003226000007998664,50.43017578125
exact,1008,32,1,414,0.00046125470544211566,0.8000992063492064,1.0,32256,1016064,1048320,1008.0,253919232,0.0018292999993718695,0.00032020000071497634,50.43017578125
exact,1008,32,1,415,0.00046223061508499086,0.8003782242063492,1.0,32256,1016064,1048320,1008.0,253919232,0.001700400000117952,0.0003720999993674923,50.43017578125
exact,1008,32,1,416,0.00046507702791132033,0.8005642361111112,1.0,32256,1016064,1048320,1008.0,253919232,0.0017984999994951067,0.0002932999996119179,50.43017578125
exact,1008,32,1,417,0.00046814235975034535,0.8004712301587301,1.0,32256,1016064,1048320,1008.0,253919232,0.001888400000098045,0.0003077000001212582,50.43017578125
exact,1008,32,1,418,0.0004673622897826135,0.8009362599206349,1.0,32256,1016064,1048320,1008.0,253919232,0.0016298000009555835,0.0003187000002071727,50.43017578125
exact,1008,32,1,419,0.000465385994175449,0.8009052579365079,1.0,32256,1016064,1048320,1008.0,253919232,0.0018853999990824377,0.00038859999949636403,50.43017578125
exact,1008,32,1,420,0.0004620836116373539,0.8012772817460317,1.0,32256,1016064,1048320,1008.0,253919232,0.0016957000007096212,0.0003298999999969965,50.43017578125
exact,1008,32,1,421,0.00046022600145079195,0.8012152777777778,1.0,32256,1016064,1048320,1008.0,253919232,0.0014176000004226808,0.00028559999918797985,50.43017578125
exact,1008,32,1,422,0.00046009142533876,0.8013392857142857,1.0,32256,1016064,1048320,1008.0,253919232,0.001656399999774294,0.00033010000151989516,50.43017578125
exact,1008,32,1,423,0.0004617175436578691,0.8014012896825397,1.0,32256,1016064,1048320,1008.0,253919232,0.0014780000001337612,0.0003324999997857958,50.43017578125
exact,1008,32,1,424,0.0004631309420801699,0.8013392857142857,1.0,32256,1016064,1048320,1008.0,253919232,0.003553200000169454,0.0003426000002946239,50.43017578125
exact,1008,32,1,425,0.0004635792865883559,0.8015252976190477,1.0,32256,1016064,1048320,1008.0,253919232,0.0015887999998085434,0.00029580000045825727,50.43017578125
exact,1008,32,1,426,0.0004625479341484606,0.8016803075396826,1.0,32256,1016064,1048320,1008.0,253919232,0.00152189999971597,0.0003283000005467329,50.43017578125
exact,1008,32,1,427,0.00046027058851905167,0.8019593253968254,1.0,32256,1016064,1048320,1008.0,253919232,0.0014873000000079628,0.0003187000002071727,50.43017578125
exact,1008,32,1,428,0.0004577499348670244,0.8019593253968254,1.0,32256,1016064,1048320,1008.0,253919232,0.00167189999956463,0.0002996000002895016,50.43017578125
exact,1008,32,1,429,0.00045557814883068204,0.8021453373015873,1.0,32256,1016064,1048320,1008.0,253919232,0.001486799999838695,0.0003643000000010943,50.43017578125
exact,1008,32,1,430,0.0004543129471130669,0.8020523313492064,1.0,32256,1016064,1048320,1008.0,253919232,0.0017084999999497086,0.00031229999876813963,50.43017578125
exact,1008,32,1,431,0.0004533530736807734,0.8023313492063492,1.0,32256,1016064,1048320,1008.0,253919232,0.001571999999214313,0.000267100000201026,50.43017578125
exact,1008,32,1,432,0.00045273799332790077,0.802672371031746,1.0,32256,1016064,1048320,1008.0,253919232,0.001564199999847915,0.00032839999948919285,50.43017578125
exact,1008,32,1,433,0.0004520428483374417,0.8028583829365079,1.0,32256,1016064,1048320,1008.0,253919232,0.0014740000005986076,0.00029089999952702783,50.43017578125
exact,1008,32,1,434,0.0004511306178756058,0.8030443948412699,1.0,32256,1016064,1048320,1008.0,253919232,0.0016835999995237216,0.0003544999999576248,50.43017578125
exact,1008,32,1,435,0.0004502057854551822,0.8030133928571429,1.0,32256,1016064,1048320,1008.0,253919232,0.0017944000010174932,0.0003264999995735707,50.43017578125
exact,1008,32,1,436,0.0004491825238801539,0.8032614087301587,1.0,32256,1016064,1048320,1008.0,253919232,0.0014513000005536014,0.00028249999922991265,50.43017578125
exact,1008,32,1,437,0.00044842029456049204,0.8033854166666666,1.0,32256,1016064,1048320,1008.0,253919232,0.0013225000002421439,0.000273600000582519,50.43017578125
exact,1008,32,1,438,0.0004478794289752841,0.8035404265873016,1.0,32256,1016064,1048320,1008.0,253919232,0.0013677999995707069,0.0002691999998205574,50.43017578125
exact,1008,32,1,439,0.00044767727376893163,0.8036334325396826,1.0,32256,1016064,1048320,1008.0,253919232,0.0016531000001123175,0.000307099999190541,50.43017578125
exact,1008,32,1,440,0.0004475099267438054,0.8038504464285714,1.0,32256,1016064,1048320,1008.0,253919232,0.001792099999875063,0.00030310000147437677,50.43017578125
exact,1008,32,1,441,0.0004475685127545148,0.8038504464285714,1.0,32256,1016064,1048320,1008.0,253919232,0.001520600000731065,0.000317600000926177,50.43017578125
exact,1008,32,1,442,0.00044751435052603483,0.8040674603174603,1.0,32256,1016064,1048320,1008.0,253919232,0.007307100000616629,0.00302439999904891,50.43017578125
exact,1008,32,1,443,0.0004475598980206996,0.8042224702380952,1.0,32256,1016064,1048320,1008.0,253919232,0.0017572000015206868,0.00027829999999084976,50.43017578125
exact,1008,32,1,444,0.00044770969543606043,0.8042844742063492,1.0,32256,1016064,1048320,1008.0,253919232,0.0018185000008088537,0.00032759999885456637,50.43017578125
exact,1008,32,1,445,0.00044798440649174154,0.8042844742063492,1.0,32256,1016064,1048320,1008.0,253919232,0.002004500000111875,0.00037370000063674524,50.43017578125
exact,1008,32,1,446,0.00044868767145089805,0.8044084821428571,1.0,32256,1016064,1048320,1008.0,253919232,0.0016096999988803873,0.00036300000101618934,50.43017578125
exact,1008,32,1,447,0.0004495466419029981,0.8044704861111112,1.0,32256,1016064,1048320,1008.0,253919232,0.001739100000122562,0.00030019999940122943,50.43017578125
exact,1008,32,1,448,0.0004513400490395725,0.804625496031746,1.0,32256,1016064,1048320,1008.0,253919232,0.001505899999756366,0.00031009999838715885,50.43017578125
exact,1008,32,1,449,0.00045253787538968027,0.8048735119047619,1.0,32256,1016064,1048320,1008.0,253919232,0.0015441000014106976,0.0003157999999530148,50.43017578125
exact,1008,32,1,450,0.00045501324348151684,0.8049665178571429,1.0,32256,1016064,1048320,1008.0,253919232,0.00185579999924812,0.0003026999984285794,50.43017578125
exact,1008,32,1,451,0.0004549185396172106,0.8049665178571429,1.0,32256,1016064,1048320,1008.0,253919232,0.0019004999994649552,0.00033799999982875306,50.43017578125
exact,1008,32,1,452,0.0004553027683869004,0.8051215277777778,1.0,32256,1016064,1048320,1008.0,253919232,0.0016434000008302974,0.00030020000122021884,50.43017578125
exact,1008,32,1,453,0.00045194532140158117,0.8050905257936508,1.0,32256,1016064,1048320,1008.0,253919232,0.0017292000011366326,0.00034020000020973384,50.43017578125
exact,1008,32,1,454,0.00044855408486910164,0.8054625496031746,1.0,32256,1016064,1048320,1008.0,253919232,0.0019001999989995966,0.0003541999994922662,50.43017578125
exact,1008,32,1,455,0.0004442707868292928,0.8054625496031746,1.0,32256,1016064,1048320,1008.0,253919232,0.0017559999996592524,0.00034899999991466757,50.43017578125
exact,1008,32,1,456,0.00044126342982053757,0.8057725694444444,1.0,32256,1016064,1048320,1008.0,253919232,0.00476630000048317,0.001883000000816537,50.43017578125
exact,1008,32,1,457,0.0004399086465127766,0.8055865575396826,1.0,32256,1016064,1048320,1008.0,253919232,0.0016124000012496253,0.00030220000007830095,50.43017578125
exact,1008,32,1,458,0.0004401307669468224,0.8058035714285714,1.0,32256,1016064,1048320,1008.0,253919232,0.0016154999993887031,0.0003304999991087243,50.43017578125
exact,1008,32,1,459,0.0004416011506691575,0.8059895833333334,1.0,32256,1016064,1048320,1008.0,253919232,0.0016958000014710706,0.0003146999988530297,50.43017578125
exact,1008,32,1,460,0.00044334036647342145,0.8060825892857143,1.0,32256,1016064,1048320,1008.0,253919232,0.001749799999743118,0.000294400000711903,50.43017578125
exact,1008,32,1,461,0.0004452611319720745,0.8062686011904762,1.0,32256,1016064,1048320,1008.0,253919232,0.00178060000143887,0.00030249999872467015,50.43017578125
exact,1008,32,1,462,0.00044581221300177276,0.8061755952380952,1.0,32256,1016064,1048320,1008.0,253919232,0.0016661000008753035,0.0002918999998655636,50.43017578125
exact,1008,32,1,463,0.00044591815094463527,0.806702628968254,1.0,32256,1016064,1048320,1008.0,253919232,0.0020729000007122522,0.0006067999984225025,50.43017578125
exact,1008,32,1,464,0.00044418690958991647,0.8065476190476191,1.0,32256,1016064,1048320,1008.0,253919232,0.0015688999992562458,0.0003040999999939231,50.43017578125
exact,1008,32,1,465,0.00044230459025129676,0.8069816468253969,1.0,32256,1016064,1048320,1008.0,253919232,0.0016037000004871516,0.00028200000087963417,50.43017578125
exact,1008,32,1,466,0.00044008856639266014,0.8069196428571429,1.0,32256,1016064,1048320,1008.0,253919232,0.0017401999994035577,0.00030299999889393803,50.43017578125
exact,1008,32,1,467,0.000438574148574844,0.8068886408730159,1.0,32256,1016064,1048320,1008.0,253919232,0.001504799998656381,0.00026679999973566737,50.43017578125
exact,1008,32,1,468,0.00043790595373138785,0.8069816468253969,1.0,32256,1016064,1048320,1008.0,253919232,0.0015889999995124526,0.00034469999991415534,50.43017578125
exact,1008,32,1,469,0.00043814576929435134,0.8071366567460317,1.0,32256,1016064,1048320,1008.0,253919232,0.001525499999843305,0.0003259999994043028,50.43017578125
exact,1008,32,1,470,0.00043907927465625107,0.8072606646825397,1.0,32256,1016064,1048320,1008.0,253919232,0.0015715000008640345,0.00028250000104890205,50.43017578125
exact,1008,32,1,471,0.0004404689825605601,0.8073536706349206,1.0,32256,1016064,1048320,1008.0,253919232,0.001615900000615511,0.00033159999838972,50.43017578125
exact,1008,32,1,472,0.0004422747006174177,0.8076016865079365,1.0,32256,1016064,1048320,1008.0,253919232,0.0015217000000120606,0.00034249999953317456,50.43017578125
exact,1008,32,1,473,0.00044434284791350365,0.8075086805555556,1.0,32256,1016064,1048320,1008.0,253919232,0.0042066000005434034,0.0012219000000186497,50.43017578125
exact,1008,32,1,474,0.00044712741510011256,0.8079427083333334,1.0,32256,1016064,1048320,1008.0,253919232,0.0018490000002202578,0.00037229999907140154,50.43017578125
exact,1008,32,1,475,0.00045011594193056226,0.8076326884920635,1.0,32256,1016064,1048320,1008.0,253919232,0.0014831000007689,0.00034729999970295466,50.43017578125
exact,1008,32,1,476,0.0004560895904432982,0.8081597222222222,1.0,32256,1016064,1048320,1008.0,253919232,0.0015282000003935536,0.0003479000006336719,50.43017578125
exact,1008,32,1,477,0.0004602960543707013,0.8077566964285714,1.0,32256,1016064,1048320,1008.0,253919232,0.0014097000002948334,0.0003085000007558847,50.43017578125
exact,1008,32,1,478,0.0004722283047158271,0.8083457341269841,1.0,32256,1016064,1048320,1008.0,253919232,0.001621700001123827,0.000291599999400205,50.43017578125
exact,1008,32,1,479,0.0004678482364397496,0.8081287202380952,1.0,32256,1016064,1048320,1008.0,253919232,0.0015746000008221017,0.0003181000010954449,50.43017578125
exact,1008,32,1,480,0.0004689597408287227,0.80859375,1.0,32256,1016064,1048320,1008.0,253919232,0.0014759000005142298,0.00030249999872467015,50.43017578125
exact,1008,32,1,481,0.00045024012797512114,0.8084697420634921,1.0,32256,1016064,1048320,1008.0,253919232,0.001683200000115903,0.0003252000005886657,50.43017578125
exact,1008,32,1,482,0.00043754203943535686,0.8087177579365079,1.0,32256,1016064,1048320,1008.0,253919232,0.0015622999999322928,0.0003051999992749188,50.43017578125
exact,1008,32,1,483,0.0004328835348132998,0.8087177579365079,1.0,32256,1016064,1048320,1008.0,253919232,0.004454700001588208,0.0013712999989365926,50.43017578125
exact,1008,32,1,484,0.00043582444777712226,0.8090277777777778,1.0,32256,1016064,1048320,1008.0,253919232,0.0017661000001680804,0.0003488000002107583,50.43017578125
exact,1008,32,1,485,0.0004428569518495351,0.8090897817460317,1.0,32256,1016064,1048320,1008.0,253919232,0.001598000000740285,0.00032749999991210643,50.43017578125
exact,1008,32,1,486,0.00044515918125398457,0.8092137896825397,1.0,32256,1016064,1048320,1008.0,253919232,0.001817500000470318,0.00029439999889291357,50.43017578125
exact,1008,32,1,487,0.00044568933662958443,0.8094308035714286,1.0,32256,1016064,1048320,1008.0,253919232,0.0015836999991734046,0.0003100000012636883,50.43017578125
exact,1008,32,1,488,0.0004424524086061865,0.8090587797619048,1.0,32256,1016064,1048320,1008.0,253919232,0.0015016999986983137,0.000271999999313266,50.43017578125
exact,1008,32,1,489,0.0004384657950140536,0.8096788194444444,1.0,32256,1016064,1048320,1008.0,253919232,0.0015399999992951052,0.0002812999991874676,50.43017578125
exact,1008,32,1,490,0.0004352444957476109,0.8094618055555556,1.0,32256,1016064,1048320,1008.0,253919232,0.0017392999998264713,0.0003633999986050185,50.43017578125
exact,1008,32,1,491,0.00043281997204758227,0.8097718253968254,1.0,32256,1016064,1048320,1008.0,253919232,0.0014445000015257392,0.00028050000037183054,50.43017578125
exact,1008,32,1,492,0.00043245116830803454,0.8100198412698413,1.0,32256,1016064,1048320,1008.0,253919232,0.0014718000002176268,0.0003193000011378899,50.43017578125
exact,1008,32,1,493,0.00043341124546714127,0.8099578373015873,1.0,32256,1016064,1048320,1008.0,253919232,0.0015968999996403,0.0002994999995280523,50.43017578125
exact,1008,32,1,494,0.0004359757003840059,0.8100818452380952,1.0,32256,1016064,1048320,1008.0,253919232,0.0017556000002514338,0.00034140000025217887,50.43017578125
exact,1008,32,1,495,0.00043792754877358675,0.8101438492063492,1.0,32256,1016064,1048320,1008.0,253919232,0.001577700000780169,0.0003125000002910383,50.43017578125
exact,1008,32,1,496,0.00043872545938938856,0.8101748511904762,1.0,32256,1016064,1048320,1008.0,253919232,0.0016434000008302974,0.0003139000000373926,50.43017578125
exact,1008,32,1,497,0.00043758947867900133,0.8102988591269841,1.0,32256,1016064,1048320,1008.0,253919232,0.0017273000012210105,0.0003372999999555759,50.43017578125
exact,1008,32,1,498,0.0004367198853287846,0.810515873015873,1.0,32256,1016064,1048320,1008.0,253919232,0.0017239000007975847,0.0003463000011834083,50.43017578125
exact,1008,32,1,499,0.00043559365440160036,0.8104538690476191,1.0,32256,1016064,1048320,1008.0,253919232,0.0015908000004856149,0.0003223000003345078,50.43017578125
exact,1008,32,1,500,0.00043715155334211886,0.8107018849206349,1.0,32256,1016064,1048320,1008.0,253919232,0.0014169999994919635,0.0002826999989338219,50.43017578125
ariad,1008,32,1,1,0.20722362399101257,0.09737723214285714,0.13095238095238096,32256,145152,177408,144.0,142442496,0.07592740000109188,0.07409269999880053,92.8037109375
ariad,1008,32,1,2,0.17169639468193054,0.15556795634920634,0.2945188492063492,32256,145152,177408,144.0,142442496,0.004105699999854551,0.0024883000005502254,93.6669921875
ariad,1008,32,1,3,0.15106862783432007,0.18563988095238096,0.47746155753968256,32256,145152,177408,144.0,142442496,0.0032487999997101724,0.0018058999994536862,93.6669921875
ariad,1008,32,1,4,0.13614706695079803,0.19029017857142858,0.6254340277777778,32256,145152,177408,144.0,142442496,0.0028572999999596504,0.001646900000196183,93.6669921875
ariad,1008,32,1,5,0.12569645047187805,0.17748635912698413,0.7145647321428571,32256,145152,177408,144.0,142442496,0.003034999999727006,0.0015378000007331138,93.6669921875
ariad,1008,32,1,6,0.11944711208343506,0.16207837301587302,0.7684771825396826,32256,145152,177408,144.0,142442496,0.003104900000835187,0.001602999998794985,93.6669921875
ariad,1008,32,1,7,0.11503669619560242,0.14871651785714285,0.8049665178571429,32256,145152,177408,144.0,142442496,0.0030328000011650147,0.001648699999350356,93.6669921875
ariad,1008,32,1,8,0.1118171289563179,0.1391059027777778,0.830016121031746,32256,145152,177408,144.0,142442496,0.003628299999036244,0.0021304000001691747,93.6669921875
ariad,1008,32,1,9,0.10920361429452896,0.13157242063492064,0.8466331845238095,32256,145152,177408,144.0,142442496,0.0035902999989048112,0.0019171999992977362,93.6669921875
ariad,1008,32,1,10,0.10698573291301727,0.12788318452380953,0.8605220734126984,32256,145152,177408,144.0,142442496,0.0027893999995285412,0.001639299998714705,93.6669921875
ariad,1008,32,1,11,0.10492482781410217,0.1265190972222222,0.8712487599206349,32256,145152,177408,144.0,142442496,0.003011799999512732,0.001622499999939464,93.6669921875
ariad,1008,32,1,12,0.10277444124221802,0.12568204365079366,0.8778521825396826,32256,145152,177408,144.0,142442496,0.0029818999992130557,0.00160409999989497,93.6669921875
ariad,1008,32,1,13,0.10068131238222122,0.1281001984126984,0.8825334821428571,32256,145152,177408,144.0,142442496,0.0029775999992125435,0.0017145999991043936,93.6669921875
ariad,1008,32,1,14,0.09855994582176208,0.13169642857142858,0.8862537202380952,32256,145152,177408,144.0,142442496,0.003284299998995266,0.0018225999992864672,93.6669921875
ariad,1008,32,1,15,0.09625362604856491,0.13681175595238096,0.8896329365079365,32256,145152,177408,144.0,142442496,0.0033503000013297424,0.0018189000002166722,93.6669921875
ariad,1008,32,1,16,0.09406384825706482,0.14369419642857142,0.8927331349206349,32256,145152,177408,144.0,142442496,0.0028672000007645693,0.0016669999986334005,93.6669921875
ariad,1008,32,1,17,0.09201453626155853,0.15113467261904762,0.8942212301587301,32256,145152,177408,144.0,142442496,0.002979699998832075,0.0016859000006661518,93.6669921875
ariad,1008,32,1,18,0.08993279933929443,0.16108630952380953,0.8984375,32256,145152,177408,144.0,142442496,0.0032804000002215616,0.0017922999995789723,93.6669921875
ariad,1008,32,1,19,0.08777041733264923,0.17075892857142858,0.8981894841269841,32256,145152,177408,144.0,142442496,0.0028841999992437195,0.0016484000007039867,93.6669921875
ariad,1008,32,1,20,0.08560644090175629,0.18123759920634921,0.8995845734126984,32256,145152,177408,144.0,142442496,0.003462099999524071,0.0017988999989029253,93.6669921875
ariad,1008,32,1,21,0.08350643515586853,0.19270833333333334,0.8999875992063492,32256,145152,177408,144.0,142442496,0.002816599999277969,0.0016133000008267118,93.6669921875
ariad,1008,32,1,22,0.08135242015123367,0.20576016865079366,0.9005456349206349,32256,145152,177408,144.0,142442496,0.003068899999561836,0.0017257999988942174,93.6669921875
ariad,1008,32,1,23,0.07920829951763153,0.22017609126984128,0.9027157738095238,32256,145152,177408,144.0,142442496,0.0031935000006342307,0.001730600000882987,93.6669921875
ariad,1008,32,1,24,0.07706044614315033,0.2347470238095238,0.9053199404761905,32256,145152,177408,144.0,142442496,0.00302190000002156,0.0016847000006237067,93.6669921875
ariad,1008,32,1,25,0.07501102983951569,0.24953497023809523,0.9072420634920635,32256,145152,177408,144.0,142442496,0.002893299999414012,0.0016479999994771788,93.6669921875
ariad,1008,32,1,26,0.07300394773483276,0.26277281746031744,0.9105902777777778,32256,145152,177408,144.0,142442496,0.002711399998588604,0.0015738999991299352,93.6669921875
ariad,1008,32,1,27,0.07111827284097672,0.27619667658730157,0.9136904761904762,32256,145152,177408,144.0,142442496,0.004613000000972534,0.002612599999338272,93.6669921875
ariad,1008,32,1,28,0.06921186298131943,0.29020957341269843,0.9175037202380952,32256,145152,177408,144.0,142442496,0.0032799000000522938,0.0016737000005377922,93.6669921875
ariad,1008,32,1,29,0.06718015670776367,0.3036954365079365,0.9196738591269841,32256,145152,177408,144.0,142442496,0.003705100001752726,0.0019428000014158897,93.6669921875
ariad,1008,32,1,30,0.06527698040008545,0.3176153273809524,0.9202318948412699,32256,145152,177408,144.0,142442496,0.0032179000008909497,0.0016520999997737817,93.6669921875
ariad,1008,32,1,31,0.0634254738688469,0.3311631944444444,0.9232700892857143,32256,145152,177408,144.0,142442496,0.0038782999999966705,0.0016949999990174547,93.6669921875
ariad,1008,32,1,32,0.061578694730997086,0.34564112103174605,0.9254092261904762,32256,145152,177408,144.0,142442496,0.0031900999983918155,0.0017139999999926658,93.6669921875
ariad,1008,32,1,33,0.05979785695672035,0.3580109126984127,0.9279513888888888,32256,145152,177408,144.0,142442496,0.0032448999991174787,0.0017733000004227506,93.6669921875
ariad,1008,32,1,34,0.058107197284698486,0.37062872023809523,0.9291914682539683,32256,145152,177408,144.0,142442496,0.003202199999577715,0.0017274000001634704,93.6669921875
ariad,1008,32,1,35,0.056392960250377655,0.38327752976190477,0.9290984623015873,32256,145152,177408,144.0,142442496,0.0031174999985523755,0.0016995000005408656,93.6669921875
ariad,1008,32,1,36,0.054789941757917404,0.39558531746031744,0.9312375992063492,32256,145152,177408,144.0,142442496,0.003235399999539368,0.0017654000002949033,93.6669921875
ariad,1008,32,1,37,0.05324392765760422,0.40770709325396826,0.9353918650793651,32256,145152,177408,144.0,142442496,0.0032671999997546664,0.001753399999870453,93.6669921875
ariad,1008,32,1,38,0.05171705037355423,0.41954985119047616,0.9366629464285714,32256,145152,177408,144.0,142442496,0.0038717999996151775,0.0022016000002622604,93.6669921875
ariad,1008,32,1,39,0.05030085891485214,0.43170262896825395,0.9391121031746031,32256,145152,177408,144.0,142442496,0.003199500000846456,0.0017397000010532793,93.6669921875
ariad,1008,32,1,40,0.048915229737758636,0.44211929563492064,0.9401661706349206,32256,145152,177408,144.0,142442496,0.004693300001235912,0.003018299999894225,93.6669921875
ariad,1008,32,1,41,0.04753812402486801,0.45287698412698413,0.9402281746031746,32256,145152,177408,144.0,142442496,0.004703900000095018,0.0026348000010329997,93.6669921875
ariad,1008,32,1,42,0.04630177468061447,0.4623635912698413,0.9417472718253969,32256,145152,177408,144.0,142442496,0.0034427000009600306,0.0017207000000780681,93.6669921875
ariad,1008,32,1,43,0.04505828022956848,0.47290426587301587,0.9437934027777778,32256,145152,177408,144.0,142442496,0.003365799999301089,0.001744900000630878,93.6669921875
ariad,1008,32,1,44,0.043882764875888824,0.48232886904761907,0.9437934027777778,32256,145152,177408,144.0,142442496,0.003298099998573889,0.0016763000003265915,93.6669921875
ariad,1008,32,1,45,0.04272887855768204,0.49150545634920634,0.9456225198412699,32256,145152,177408,144.0,142442496,0.0030353000001923647,0.001583000001119217,93.6669921875
ariad,1008,32,1,46,0.041647300124168396,0.5004030257936508,0.9482266865079365,32256,145152,177408,144.0,142442496,0.0033394999991287477,0.0018817000000126427,93.6669921875
ariad,1008,32,1,47,0.04061061888933182,0.5074714781746031,0.9485677083333334,32256,145152,177408,144.0,142442496,0.0030827999999019084,0.0016672000001562992,93.6669921875
ariad,1008,32,1,48,0.03964299336075783,0.5158420138888888,0.9505828373015873,32256,145152,177408,144.0,142442496,0.002862499999537249,0.0016076000010798452,93.6669921875
ariad,1008,32,1,49,0.03865869715809822,0.5230344742063492,0.951233878968254,32256,145152,177408,144.0,142442496,0.002675599998838152,0.0015287999995052814,93.6669921875
ariad,1008,32,1,50,0.03775337338447571,0.5296378968253969,0.9513268849206349,32256,145152,177408,144.0,142442496,0.0033280999996350147,0.0016956999988906318,93.6669921875
ariad,1008,32,1,51,0.036867059767246246,0.5358692956349206,0.9517919146825397,32256,145152,177408,144.0,142442496,0.0029799000003549736,0.001699200000075507,93.6669921875
ariad,1008,32,1,52,0.036006711423397064,0.5420386904761905,0.9540550595238095,32256,145152,177408,144.0,142442496,0.0028161000009276904,0.0015925999996397877,93.6669921875
ariad,1008,32,1,53,0.03522659093141556,0.5480840773809523,0.9536520337301587,32256,145152,177408,144.0,142442496,0.0031355999999505,0.0016169000009540468,93.6669921875
ariad,1008,32,1,54,0.03446773439645767,0.5534164186507936,0.9544890873015873,32256,145152,177408,144.0,142442496,0.0037079000012454344,0.001802299999326351,93.6669921875
ariad,1008,32,1,55,0.03375307098031044,0.5585007440476191,0.9546440972222222,32256,145152,177408,144.0,142442496,0.003845799999908195,0.002198800000769552,93.6669921875
ariad,1008,32,1,56,0.03305806219577789,0.5640811011904762,0.9561011904761905,32256,145152,177408,144.0,142442496,0.003204399999958696,0.001766499999575899,93.6669921875
ariad,1008,32,1,57,0.03235679492354393,0.5688554067460317,0.9566592261904762,32256,145152,177408,144.0,142442496,0.003077899998970679,0.0017731999996613013,93.6669921875
ariad,1008,32,1,58,0.0316876582801342,0.5740637400793651,0.9577752976190477,32256,145152,177408,144.0,142442496,0.0028096000005461974,0.0016676000013831072,93.6669921875
ariad,1008,32,1,59,0.031013652682304382,0.5789930555555556,0.9586123511904762,32256,145152,177408,144.0,142442496,0.002855700000509387,0.0016537000010430347,93.6669921875
ariad,1008,32,1,60,0.030342554673552513,0.5833643353174603,0.9577752976190477,32256,145152,177408,144.0,142442496,0.0031220999990182463,0.0016407000002800487,93.6669921875
ariad,1008,32,1,61,0.02968014031648636,0.5873635912698413,0.9594804067460317,32256,145152,177408,144.0,142442496,0.002948699999251403,0.0015755000003991881,93.6669921875
ariad,1008,32,1,62,0.02901829406619072,0.5916728670634921,0.9594184027777778,32256,145152,177408,144.0,142442496,0.007452200001353049,0.005434500000774278,93.6669921875
ariad,1008,32,1,63,0.028357822448015213,0.5955791170634921,0.9601004464285714,32256,145152,177408,144.0,142442496,0.0034875000001193257,0.0017423999997845385,93.6669921875
ariad,1008,32,1,64,0.027712125331163406,0.5987723214285714,0.9610925099206349,32256,145152,177408,144.0,142442496,0.0030393999986699782,0.001595199999428587,93.6669921875
ariad,1008,32,1,65,0.027049917727708817,0.6024925595238095,0.9603174603174603,32256,145152,177408,144.0,142442496,0.0036133000012341654,0.0017043000007106457,93.6669921875
ariad,1008,32,1,66,0.02639315463602543,0.6059337797619048,0.9603484623015873,32256,145152,177408,144.0,142442496,0.003504899999825284,0.0019600000014179386,93.6669921875
ariad,1008,32,1,67,0.025721777230501175,0.609343998015873,0.9608444940476191,32256,145152,177408,144.0,142442496,0.0033993999986705603,0.001830500001233304,93.6669921875
ariad,1008,32,1,68,0.025048842653632164,0.6117931547619048,0.9618675595238095,32256,145152,177408,144.0,142442496,0.0038022999997338047,0.002214099999036989,93.6669921875
ariad,1008,32,1,69,0.024368003010749817,0.6151103670634921,0.9621155753968254,32256,145152,177408,144.0,142442496,0.0036330000002635643,0.001956300000529154,93.6669921875
ariad,1008,32,1,70,0.0236799418926239,0.6185515873015873,0.9622395833333334,32256,145152,177408,144.0,142442496,0.003453700001045945,0.0018952999998873565,93.6669921875
ariad,1008,32,1,71,0.02298005111515522,0.6224888392857143,0.962828621031746,32256,145152,177408,144.0,142442496,0.0059909999999945285,0.002009899999393383,93.6669921875
ariad,1008,32,1,72,0.022271687164902687,0.6257130456349206,0.9613405257936508,32256,145152,177408,144.0,142442496,0.0032042999991972465,0.0017225999999936903,93.6669921875
ariad,1008,32,1,73,0.02156044729053974,0.6279451884920635,0.9621465773809523,32256,145152,177408,144.0,142442496,0.0033333999999740627,0.0017552999997860752,93.6669921875
ariad,1008,32,1,74,0.020847266539931297,0.6303943452380952,0.9619605654761905,32256,145152,177408,144.0,142442496,0.003096200000072713,0.0016170999988389667,93.6669921875
ariad,1008,32,1,75,0.02011396922171116,0.6335255456349206,0.9623325892857143,32256,145152,177408,144.0,142442496,0.002895199999329634,0.0016687000006641028,93.6669921875
ariad,1008,32,1,76,0.019387174397706985,0.6362227182539683,0.9623015873015873,32256,145152,177408,144.0,142442496,0.0029792999994242564,0.0016826999999466352,93.6669921875
ariad,1008,32,1,77,0.018667060881853104,0.6382068452380952,0.9616815476190477,32256,145152,177408,144.0,142442496,0.004686300000685151,0.002385399999184301,93.6669921875
ariad,1008,32,1,78,0.01795078255236149,0.6403459821428571,0.9619295634920635,32256,145152,177408,144.0,142442496,0.0036700999989989214,0.001900999999634223,93.6669921875
ariad,1008,32,1,79,0.01724572479724884,0.642640128968254,0.962952628968254,32256,145152,177408,144.0,142442496,0.0033426999998482643,0.001701600000160397,93.6669921875
ariad,1008,32,1,80,0.016546601429581642,0.6451202876984127,0.9623635912698413,32256,145152,177408,144.0,142442496,0.0061230999999679625,0.003866799999741488,93.6669921875
ariad,1008,32,1,81,0.015850232914090157,0.6470734126984127,0.9633556547619048,32256,145152,177408,144.0,142442496,0.0036612000003515277,0.001980500001081964,93.6669921875
ariad,1008,32,1,82,0.01516158040612936,0.6480034722222222,0.9635416666666666,32256,145152,177408,144.0,142442496,0.0032522000001335982,0.001800399999410729,93.6669921875
ariad,1008,32,1,83,0.014486069791018963,0.6504836309523809,0.9639756944444444,32256,145152,177408,144.0,142442496,0.003918500000509084,0.0017458000002079643,93.6669921875
ariad,1008,32,1,84,0.013828837312757969,0.6528087797619048,0.9637276785714286,32256,145152,177408,144.0,142442496,0.004678399998738314,0.0025652999993326375,93.6669921875
ariad,1008,32,1,85,0.013187208212912083,0.6551029265873016,0.9650607638888888,32256,145152,177408,144.0,142442496,0.004124400000364403,0.002053100000921404,93.6669921875
ariad,1008,32,1,86,0.012568172067403793,0.6569630456349206,0.9662078373015873,32256,145152,177408,144.0,142442496,0.0042346999998699175,0.0018703000005189097,93.6669921875
ariad,1008,32,1,87,0.011971170082688332,0.6589781746031746,0.964781746031746,32256,145152,177408,144.0,142442496,0.004617199998392607,0.0024931000007200055,93.6669921875
ariad,1008,32,1,88,0.011399777606129646,0.6609312996031746,0.9643167162698413,32256,145152,177408,144.0,142442496,0.00438409999878786,0.002102099999319762,93.6669921875
ariad,1008,32,1,89,0.010854250751435757,0.6628844246031746,0.9645027281746031,32256,145152,177408,144.0,142442496,0.004274599999916973,0.0022898999995959457,93.6669921875
ariad,1008,32,1,90,0.010334986262023449,0.6646205357142857,0.9653087797619048,32256,145152,177408,144.0,142442496,0.003795999999056221,0.001968099999430706,93.6669921875
ariad,1008,32,1,91,0.009841298684477806,0.6665736607142857,0.9664248511904762,32256,145152,177408,144.0,142442496,0.0034536999992269557,0.0018000000000029104,93.6669921875
ariad,1008,32,1,92,0.009371109306812286,0.6681237599206349,0.9672619047619048,32256,145152,177408,144.0,142442496,0.0032226999992417404,0.0017590000006748596,93.6669921875
ariad,1008,32,1,93,0.0089225759729743,0.6691158234126984,0.9671688988095238,32256,145152,177408,144.0,142442496,0.0031178000008367235,0.001715999998850748,93.6669921875
ariad,1008,32,1,94,0.008496727794408798,0.6708519345238095,0.9690290178571429,32256,145152,177408,144.0,142442496,0.003102099999523489,0.001753399999870453,93.6669921875
ariad,1008,32,1,95,0.008094907738268375,0.6725880456349206,0.9697110615079365,32256,145152,177408,144.0,142442496,0.003143899999486166,0.0017639999987295596,93.6669921875
ariad,1008,32,1,96,0.00771259656175971,0.6733940972222222,0.9692770337301587,32256,145152,177408,144.0,142442496,0.0031192999995255377,0.0017107000003306894,93.6669921875
ariad,1008,32,1,97,0.007354055531322956,0.6750992063492064,0.96875,32256,145152,177408,144.0,142442496,0.0031089999993128004,0.001788400000805268,93.6669921875
ariad,1008,32,1,98,0.007015859708189964,0.6764012896825397,0.9697110615079365,32256,145152,177408,144.0,142442496,0.0032347999986086506,0.0018299999992450466,93.6669921875
ariad,1008,32,1,99,0.006697106175124645,0.677796378968254,0.9698970734126984,32256,145152,177408,144.0,142442496,0.0037183000004006317,0.001805699999749777,93.6669921875
ariad,1008,32,1,100,0.006394165102392435,0.6789744543650794,0.9711061507936508,32256,145152,177408,144.0,142442496,0.003950199999962933,0.001786099999662838,93.6669921875
ariad,1008,32,1,101,0.006108507048338652,0.6802765376984127,0.9716641865079365,32256,145152,177408,144.0,142442496,0.004022700000859913,0.0019893999997293577,93.6669921875
ariad,1008,32,1,102,0.005841265432536602,0.6814546130952381,0.9721602182539683,32256,145152,177408,144.0,142442496,0.0038778999987698626,0.0020182999996904982,93.6669921875
ariad,1008,32,1,103,0.0055898213759064674,0.6821986607142857,0.9722532242063492,32256,145152,177408,144.0,142442496,0.003340100000059465,0.0017917000004672445,93.6669921875
ariad,1008,32,1,104,0.005354471504688263,0.6834697420634921,0.9724082341269841,32256,145152,177408,144.0,142442496,0.0034840999996959,0.00195970000095258,93.6669921875
ariad,1008,32,1,105,0.0051314034499228,0.6852058531746031,0.9737103174603174,32256,145152,177408,144.0,142442496,0.0033619999994698446,0.001822399999582558,93.6669921875
ariad,1008,32,1,106,0.004921754822134972,0.6860429067460317,0.9748573908730159,32256,145152,177408,144.0,142442496,0.0031930999994074227,0.0017827000010584015,93.6669921875
ariad,1008,32,1,107,0.004723492544144392,0.6878720238095238,0.9754464285714286,32256,145152,177408,144.0,142442496,0.0031461000016861362,0.0017348000001220498,93.6669921875
ariad,1008,32,1,108,0.004536304622888565,0.6899181547619048,0.9757564484126984,32256,145152,177408,144.0,142442496,0.0031792000008863397,0.0016524000002391404,93.6669921875
ariad,1008,32,1,109,0.004360557999461889,0.6906932043650794,0.9755704365079365,32256,145152,177408,144.0,142442496,0.003433400001085829,0.0017829999997047707,93.6669921875
ariad,1008,32,1,110,0.004195855930447578,0.6920262896825397,0.9758184523809523,32256,145152,177408,144.0,142442496,0.0030120000010356307,0.0017243000002054032,93.6669921875
ariad,1008,32,1,111,0.004040501080453396,0.6928943452380952,0.9756014384920635,32256,145152,177408,144.0,142442496,0.0030624999999417923,0.0017262000001210254,93.6669921875
ariad,1008,32,1,112,0.0038956960197538137,0.6940414186507936,0.976531498015873,32256,145152,177408,144.0,142442496,0.002891599999202299,0.0015480999991268618,93.6669921875
ariad,1008,32,1,113,0.00375942699611187,0.6950024801587301,0.9769345238095238,32256,145152,177408,144.0,142442496,0.0029630999997607432,0.0015934999992168741,93.6669921875
ariad,1008,32,1,114,0.003630785271525383,0.6961805555555556,0.9759424603174603,32256,145152,177408,144.0,142442496,0.0030368000007001683,0.001661600001170882,93.6669921875
ariad,1008,32,1,115,0.0035101990215480328,0.6981336805555556,0.9770275297619048,32256,145152,177408,144.0,142442496,0.0029993000007380033,0.0016660999990563141,93.6669921875
ariad,1008,32,1,116,0.003396554384380579,0.6986607142857143,0.9766865079365079,32256,145152,177408,144.0,142442496,0.003034999999727006,0.0016728999999031657,93.6669921875
ariad,1008,32,1,117,0.0032885659020394087,0.6994667658730159,0.9778025793650794,32256,145152,177408,144.0,142442496,0.003140200000416371,0.0017496000000392087,93.6669921875
ariad,1008,32,1,118,0.0031867497600615025,0.7002728174603174,0.9775855654761905,32256,145152,177408,144.0,142442496,0.0030143000003590714,0.0017530999994050944,93.6669921875
ariad,1008,32,1,119,0.0030897646211087704,0.7014508928571429,0.9783296130952381,32256,145152,177408,144.0,142442496,0.0030875000011292286,0.0017513000002509216,93.6669921875
ariad,1008,32,1,120,0.002998457057401538,0.7023809523809523,0.978515625,32256,145152,177408,144.0,142442496,0.003151099999740836,0.001828899999964051,93.6669921875
ariad,1008,32,1,121,0.0029116026125848293,0.7028459821428571,0.9789186507936508,32256,145152,177408,144.0,142442496,0.0030025999985809904,0.0015762000002723653,93.6669921875
ariad,1008,32,1,122,0.0028289216570556164,0.7038380456349206,0.9789806547619048,32256,145152,177408,144.0,142442496,0.0031241999986377778,0.0017090000001189765,93.6669921875
ariad,1008,32,1,123,0.002750498242676258,0.7044890873015873,0.9797867063492064,32256,145152,177408,144.0,142442496,0.003068199999688659,0.0017372999991493998,93.6669921875
ariad,1008,32,1,124,0.002675877418369055,0.7054501488095238,0.9795696924603174,32256,145152,177408,144.0,142442496,0.0029944000016257633,0.0016204000003199326,93.6669921875
ariad,1008,32,1,125,0.002605197485536337,0.7059771825396826,0.9801897321428571,32256,145152,177408,144.0,142442496,0.0027996999997412786,0.0015346000000135973,93.6669921875
ariad,1008,32,1,126,0.002537699183449149,0.7067832341269841,0.9805617559523809,32256,145152,177408,144.0,142442496,0.003074999998716521,0.0016581999989284668,93.6669921875
ariad,1008,32,1,127,0.002473831409588456,0.7068762400793651,0.9809647817460317,32256,145152,177408,144.0,142442496,0.0030091999997239327,0.0017112000004999572,93.6669921875
ariad,1008,32,1,128,0.0024132365360856056,0.7075892857142857,0.9809647817460317,32256,145152,177408,144.0,142442496,0.0031833000011829427,0.0017815999999584164,93.6669921875
ariad,1008,32,1,129,0.0023558512330055237,0.7083333333333334,0.9807167658730159,32256,145152,177408,144.0,142442496,0.003153999999994994,0.0017881000003399095,93.6669921875
ariad,1008,32,1,130,0.002300834283232689,0.7092323908730159,0.9808717757936508,32256,145152,177408,144.0,142442496,0.0029149999991204822,0.0016536000002815854,93.6669921875
ariad,1008,32,1,131,0.002248176606371999,0.7099144345238095,0.9810267857142857,32256,145152,177408,144.0,142442496,0.003044499999305117,0.0017106000013882294,93.6669921875
ariad,1008,32,1,132,0.002198265865445137,0.7110925099206349,0.9815848214285714,32256,145152,177408,144.0,142442496,0.003119800001513795,0.0017584999986866023,93.6669921875
ariad,1008,32,1,133,0.002150528598576784,0.7117125496031746,0.982359871031746,32256,145152,177408,144.0,142442496,0.002975499999593012,0.0017494000003352994,93.6669921875
ariad,1008,32,1,134,0.002104793442413211,0.7122395833333334,0.982483878968254,32256,145152,177408,144.0,142442496,0.0030858999998599757,0.0017174000004160916,93.6669921875
ariad,1008,32,1,135,0.00206096563488245,0.7132936507936508,0.9826698908730159,32256,145152,177408,144.0,142442496,0.0030699999988428317,0.0016815000017231796,93.6669921875
ariad,1008,32,1,136,0.0020188079215586185,0.7137896825396826,0.9827008928571429,32256,145152,177408,144.0,142442496,0.0031234999987646006,0.0018127999992429977,93.6669921875
ariad,1008,32,1,137,0.001978555228561163,0.7145647321428571,0.9833519345238095,32256,145152,177408,144.0,142442496,0.003093299999818555,0.0017446999991079792,93.6669921875
ariad,1008,32,1,138,0.0019397074356675148,0.7154327876984127,0.9838169642857143,32256,145152,177408,144.0,142442496,0.0030578000005334616,0.0016655999988870462,93.6669921875
ariad,1008,32,1,139,0.0019027080852538347,0.7162388392857143,0.9836929563492064,32256,145152,177408,144.0,142442496,0.003435900000113179,0.0019076999997196253,93.6669921875
ariad,1008,32,1,140,0.0018671250436455011,0.7167038690476191,0.9835379464285714,32256,145152,177408,144.0,142442496,0.004040399999212241,0.00243159999990894,93.6669921875
ariad,1008,32,1,141,0.001832751207984984,0.7175719246031746,0.9833519345238095,32256,145152,177408,144.0,142442496,0.003960999998525949,0.0025153000005957438,93.6669921875
ariad,1008,32,1,142,0.0017995174275711179,0.7181919642857143,0.9838169642857143,32256,145152,177408,144.0,142442496,0.0030274000000645174,0.0017181999992317287,93.6669921875
ariad,1008,32,1,143,0.0017678129952400923,0.7186569940476191,0.9838479662698413,32256,145152,177408,144.0,142442496,0.0028234000001248205,0.0015810000004421454,93.6669921875
ariad,1008,32,1,144,0.0017369306879118085,0.7194320436507936,0.9842199900793651,32256,145152,177408,144.0,142442496,0.003178200000547804,0.0018448999999236548,93.6669921875
ariad,1008,32,1,145,0.001707224640995264,0.7198660714285714,0.9848710317460317,32256,145152,177408,144.0,142442496,0.003063500000280328,0.0017645999996602768,93.6669921875
ariad,1008,32,1,146,0.0016788168577477336,0.720703125,0.9852430555555556,32256,145152,177408,144.0,142442496,0.007049199999528355,0.0017427000002498971,93.6669921875
ariad,1008,32,1,147,0.0016511365538462996,0.7216021825396826,0.9845610119047619,32256,145152,177408,144.0,142442496,0.003361199998835218,0.001830100000006496,93.6669921875
ariad,1008,32,1,148,0.0016245594015344977,0.7218812003968254,0.9849950396825397,32256,145152,177408,144.0,142442496,0.0071499000005132984,0.001712299999780953,93.6669921875
ariad,1008,32,1,149,0.0015989544335752726,0.72265625,0.9849020337301587,32256,145152,177408,144.0,142442496,0.004746299999169423,0.002453099999911501,93.6669921875
ariad,1008,32,1,150,0.0015739373629912734,0.7233072916666666,0.9850880456349206,32256,145152,177408,144.0,142442496,0.0042383999989397125,0.0021587999999610474,93.6669921875
ariad,1008,32,1,151,0.0015497683780267835,0.7238653273809523,0.9854290674603174,32256,145152,177408,144.0,142442496,0.0038669999994453974,0.001990200000363984,93.6669921875
ariad,1008,32,1,152,0.0015267033595591784,0.7243923611111112,0.9858940972222222,32256,145152,177408,144.0,142442496,0.004201900001135073,0.0017019000006257556,93.6669921875
ariad,1008,32,1,153,0.0015043615130707622,0.7249813988095238,0.9860801091269841,32256,145152,177408,144.0,142442496,0.003797699999267934,0.001908000000184984,93.6669921875
ariad,1008,32,1,154,0.0014828431885689497,0.7255394345238095,0.9861111111111112,32256,145152,177408,144.0,142442496,0.0036777999994228594,0.0018490000002202578,93.6669921875
ariad,1008,32,1,155,0.0014617991400882602,0.7259424603174603,0.9855840773809523,32256,145152,177408,144.0,142442496,0.004113599999982398,0.0019998999996460043,93.6669921875
ariad,1008,32,1,156,0.0014416332123801112,0.726531498015873,0.9861111111111112,32256,145152,177408,144.0,142442496,0.003555499999492895,0.0020048000005772337,93.6669921875
ariad,1008,32,1,157,0.0014219173463061452,0.7267795138888888,0.9861111111111112,32256,145152,177408,144.0,142442496,0.0035195999989809934,0.0018006999998760875,93.6669921875
ariad,1008,32,1,158,0.0014026457211002707,0.7274925595238095,0.9855220734126984,32256,145152,177408,144.0,142442496,0.003174700001181918,0.0018302999997104052,93.6669921875
ariad,1008,32,1,159,0.00138408865313977,0.7283606150793651,0.9862041170634921,32256,145152,177408,144.0,142442496,0.0031041000002005603,0.0017834000009315787,93.6669921875
ariad,1008,32,1,160,0.0013661596458405256,0.7290426587301587,0.9867001488095238,32256,145152,177408,144.0,142442496,0.0030922000005375594,0.0017369000015605707,93.6669921875
ariad,1008,32,1,161,0.0013487203978002071,0.7299107142857143,0.9874131944444444,32256,145152,177408,144.0,142442496,0.0031494999984715832,0.0018302999997104052,93.6669921875
ariad,1008,32,1,162,0.0013317562406882644,0.730437748015873,0.9868241567460317,32256,145152,177408,144.0,142442496,0.0030692000000271946,0.0017364999985147733,93.6669921875
ariad,1008,32,1,163,0.001315329340286553,0.7306237599206349,0.9873511904761905,32256,145152,177408,144.0,142442496,0.0032946999999694526,0.001793700001144316,93.6669921875
ariad,1008,32,1,164,0.001299339928664267,0.7313368055555556,0.9876922123015873,32256,145152,177408,144.0,142442496,0.0032501999994565267,0.0018059000012726756,93.6669921875
ariad,1008,32,1,165,0.001283642603084445,0.7321428571428571,0.9877232142857143,32256,145152,177408,144.0,142442496,0.003218399999241228,0.0018183000011049444,93.6669921875
ariad,1008,32,1,166,0.0012687192065641284,0.7326388888888888,0.988343253968254,32256,145152,177408,144.0,142442496,0.0031367999999929452,0.0017643999999563675,93.6669921875
ariad,1008,32,1,167,0.0012541164178401232,0.7335379464285714,0.9880642361111112,32256,145152,177408,144.0,142442496,0.0031464999992749654,0.0017650000008870848,93.6669921875
ariad,1008,32,1,168,0.0012397024547681212,0.7340029761904762,0.9880022321428571,32256,145152,177408,144.0,142442496,0.0033626999993430218,0.0018303000015293946,93.6669921875
ariad,1008,32,1,169,0.001225744024850428,0.7346230158730159,0.9880332341269841,32256,145152,177408,144.0,142442496,0.0032357999989471864,0.0017437000005884329,93.6669921875
ariad,1008,32,1,170,0.0012123307678848505,0.7349020337301587,0.9877232142857143,32256,145152,177408,144.0,142442496,0.0034256999988429016,0.00184840000110853,93.6669921875
ariad,1008,32,1,171,0.0011990738566964865,0.7353050595238095,0.9879712301587301,32256,145152,177408,144.0,142442496,0.0028548999998747604,0.001652200000535231,93.6669921875
ariad,1008,32,1,172,0.0011860202066600323,0.7357390873015873,0.9886532738095238,32256,145152,177408,144.0,142442496,0.002689999999347492,0.0016044000003603287,93.6669921875
ariad,1008,32,1,173,0.0011732673738151789,0.736266121031746,0.9884672619047619,32256,145152,177408,144.0,142442496,0.0027053000012529083,0.0016116000006149989,93.6669921875
ariad,1008,32,1,174,0.0011609202483668923,0.7369791666666666,0.9893353174603174,32256,145152,177408,144.0,142442496,0.002681099998881109,0.0015222999991237884,93.6669921875
ariad,1008,32,1,175,0.0011487897718325257,0.7374441964285714,0.9897383432539683,32256,145152,177408,144.0,142442496,0.003318099999887636,0.0020481000010477146,93.6669921875
ariad,1008,32,1,176,0.0011372952722012997,0.7378782242063492,0.9889012896825397,32256,145152,177408,144.0,142442496,0.0031035000010888325,0.0016390000000683358,93.6669921875
ariad,1008,32,1,177,0.0011259425664320588,0.738219246031746,0.9889322916666666,32256,145152,177408,144.0,142442496,0.004792400000951602,0.002968299999338342,93.6669921875
ariad,1008,32,1,178,0.0011148041812703013,0.7386532738095238,0.9894593253968254,32256,145152,177408,144.0,142442496,0.0030716000001120847,0.0016537999999854947,93.6669921875
ariad,1008,32,1,179,0.0011040328536182642,0.7388702876984127,0.9893663194444444,32256,145152,177408,144.0,142442496,0.0027293999992252793,0.0015872000003582798,93.6669921875
ariad,1008,32,1,180,0.0010932439472526312,0.7392113095238095,0.9895833333333334,32256,145152,177408,144.0,142442496,0.0029610999990836717,0.0015984999990905635,93.6669921875
ariad,1008,32,1,181,0.001082772039808333,0.7395523313492064,0.9893663194444444,32256,145152,177408,144.0,142442496,0.003089100000579492,0.0017657999997027218,93.6669921875
ariad,1008,32,1,182,0.00107260188087821,0.7399553571428571,0.9895523313492064,32256,145152,177408,144.0,142442496,0.003196800000296207,0.0018393999998806976,93.6669921875
ariad,1008,32,1,183,0.0010626104194670916,0.7408234126984127,0.990296378968254,32256,145152,177408,144.0,142442496,0.003056700001252466,0.0017053000010491814,93.6669921875
ariad,1008,32,1,184,0.0010528325801715255,0.7412574404761905,0.9899243551587301,32256,145152,177408,144.0,142442496,0.0030655999998998595,0.0017434000001230743,93.6669921875
ariad,1008,32,1,185,0.0010431836126372218,0.7416294642857143,0.990203373015873,32256,145152,177408,144.0,142442496,0.003153300000121817,0.001847900000939262,93.6669921875
ariad,1008,32,1,186,0.001033808570355177,0.7416914682539683,0.9903273809523809,32256,145152,177408,144.0,142442496,0.003041500000108499,0.0017377999993186677,93.6669921875
ariad,1008,32,1,187,0.0010246495949104428,0.7418154761904762,0.990203373015873,32256,145152,177408,144.0,142442496,0.002976199999466189,0.0017133000001194887,93.6669921875
ariad,1008,32,1,188,0.0010157458018511534,0.7424045138888888,0.9897693452380952,32256,145152,177408,144.0,142442496,0.003009300000485382,0.0017208999997819774,93.6669921875
ariad,1008,32,1,189,0.00100712850689888,0.7424975198412699,0.9897383432539683,32256,145152,177408,144.0,142442496,0.003076599999985774,0.0017251999997824896,93.6669921875
ariad,1008,32,1,190,0.0009985625511035323,0.7429315476190477,0.990234375,32256,145152,177408,144.0,142442496,0.003254400000514579,0.001680800000031013,93.6669921875
ariad,1008,32,1,191,0.000990287633612752,0.7433035714285714,0.9903893849206349,32256,145152,177408,144.0,142442496,0.003277100000559585,0.0017576000009285053,93.6669921875
ariad,1008,32,1,192,0.000982126803137362,0.7437996031746031,0.9903273809523809,32256,145152,177408,144.0,142442496,0.003522000000884873,0.0018637000011949567,93.6669921875
ariad,1008,32,1,193,0.0009741262765601277,0.7440476190476191,0.9900173611111112,32256,145152,177408,144.0,142442496,0.0031195999999908963,0.0017327000005025184,93.6669921875
ariad,1008,32,1,194,0.000966313760727644,0.7442956349206349,0.9903583829365079,32256,145152,177408,144.0,142442496,0.0031030999998620246,0.0017703999983496033,93.6669921875
ariad,1008,32,1,195,0.0009585539228282869,0.7448846726190477,0.9906684027777778,32256,145152,177408,144.0,142442496,0.0029758000000583706,0.0017024999997374834,93.6669921875
ariad,1008,32,1,196,0.000951010559219867,0.7451016865079365,0.9906374007936508,32256,145152,177408,144.0,142442496,0.003366700000697165,0.0018785000011121156,93.6669921875
ariad,1008,32,1,197,0.0009437379776500165,0.7457217261904762,0.9910404265873016,32256,145152,177408,144.0,142442496,0.0029349999986152397,0.0016030000006139744,93.6669921875
ariad,1008,32,1,198,0.0009367639431729913,0.746031746031746,0.9911954365079365,32256,145152,177408,144.0,142442496,0.003051400000913418,0.0017874999994091922,93.6669921875
ariad,1008,32,1,199,0.0009296793723478913,0.7465587797619048,0.9909784226190477,32256,145152,177408,144.0,142442496,0.003061100000195438,0.0016923000002861954,93.6669921875
ariad,1008,32,1,200,0.0009226423571817577,0.7472718253968254,0.9915364583333334,32256,145152,177408,144.0,142442496,0.0030351999994309153,0.0017136999995273072,93.6669921875
ariad,1008,32,1,201,0.0009158777538686991,0.7478918650793651,0.9915364583333334,32256,145152,177408,144.0,142442496,0.0030859999988024356,0.0017544000002089888,93.6669921875
ariad,1008,32,1,202,0.0009092048276215792,0.748077876984127,0.9911954365079365,32256,145152,177408,144.0,142442496,0.009588000000803731,0.00690270000086457,93.6669921875
ariad,1008,32,1,203,0.0009025613544508815,0.7483258928571429,0.9915364583333334,32256,145152,177408,144.0,142442496,0.003268999998908839,0.0017285000012634555,93.6669921875
ariad,1008,32,1,204,0.0008962283027358353,0.7485429067460317,0.9917224702380952,32256,145152,177408,144.0,142442496,0.003340600000228733,0.001922999999806052,93.6669921875
ariad,1008,32,1,205,0.0008899529348127544,0.7487599206349206,0.9914124503968254,32256,145152,177408,144.0,142442496,0.00306069999896863,0.0017437000005884329,93.6669921875
ariad,1008,32,1,206,0.0008837586501613259,0.7490389384920635,0.9917224702380952,32256,145152,177408,144.0,142442496,0.00294939999912458,0.0017370000005030306,93.6669921875
ariad,1008,32,1,207,0.0008777398616075516,0.7492559523809523,0.9918464781746031,32256,145152,177408,144.0,142442496,0.00308969999969122,0.0018309999995835824,93.6669921875
ariad,1008,32,1,208,0.0008717372547835112,0.7494729662698413,0.9918154761904762,32256,145152,177408,144.0,142442496,0.003005200000188779,0.0017303000004176283,93.6669921875
ariad,1008,32,1,209,0.0008659620652906597,0.7497829861111112,0.9916604662698413,32256,145152,177408,144.0,142442496,0.003252700000302866,0.0017910999995365273,93.6669921875
ariad,1008,32,1,210,0.0008603244787082076,0.7503410218253969,0.9915674603174603,32256,145152,177408,144.0,142442496,0.0031921999998303363,0.001690299999609124,93.6669921875
ariad,1008,32,1,211,0.0008547300240024924,0.7505580357142857,0.9918154761904762,32256,145152,177408,144.0,142442496,0.0031245999998645857,0.0017148000006272923,93.6669921875
ariad,1008,32,1,212,0.0008492207271046937,0.7509920634920635,0.9919084821428571,32256,145152,177408,144.0,142442496,0.0029668000006495276,0.001686100000370061,93.6669921875
ariad,1008,32,1,213,0.0008438177756033838,0.7515500992063492,0.992249503968254,32256,145152,177408,144.0,142442496,0.003040800000235322,0.0017553999987285351,93.6669921875
ariad,1008,32,1,214,0.0008386069093830884,0.7518601190476191,0.9918464781746031,32256,145152,177408,144.0,142442496,0.003071299999646726,0.0017571999997016974,93.6669921875
ariad,1008,32,1,215,0.0008333734003826976,0.7523871527777778,0.9920634920634921,32256,145152,177408,144.0,142442496,0.0030145999990054406,0.0017351999995298684,93.6669921875
ariad,1008,32,1,216,0.000828149204608053,0.7527591765873016,0.9918774801587301,32256,145152,177408,144.0,142442496,0.0029591999991680495,0.0016434999997727573,93.6669921875
ariad,1008,32,1,217,0.0008230815292336047,0.7527901785714286,0.992249503968254,32256,145152,177408,144.0,142442496,0.0031180000005406328,0.0017427000002498971,93.6669921875
ariad,1008,32,1,218,0.0008182231686078012,0.7529141865079365,0.9920944940476191,32256,145152,177408,144.0,142442496,0.0030886999993526842,0.0017353000002913177,93.6669921875
ariad,1008,32,1,219,0.0008134019444696605,0.7534412202380952,0.9924045138888888,32256,145152,177408,144.0,142442496,0.0031796000002941582,0.0018577999999251915,93.6669921875
ariad,1008,32,1,220,0.0008088203612715006,0.7538132440476191,0.992125496031746,32256,145152,177408,144.0,142442496,0.004927500000121654,0.0018306999991182238,93.6669921875
ariad,1008,32,1,221,0.0008040958200581372,0.7540612599206349,0.9923115079365079,32256,145152,177408,144.0,142442496,0.003534699999363511,0.001953799999682815,93.6669921875
ariad,1008,32,1,222,0.0007995644118636847,0.7544952876984127,0.9923735119047619,32256,145152,177408,144.0,142442496,0.002940300000773277,0.0016638999986753333,93.6669921875
ariad,1008,32,1,223,0.0007950690924189985,0.7548053075396826,0.9916604662698413,32256,145152,177408,144.0,142442496,0.0031832999993639532,0.001911600000312319,93.6669921875
ariad,1008,32,1,224,0.0007907752296887338,0.7553943452380952,0.9913504464285714,32256,145152,177408,144.0,142442496,0.0030115999998088228,0.0017572000015206868,93.6669921875
ariad,1008,32,1,225,0.000786404765676707,0.7556113591269841,0.9921875,32256,145152,177408,144.0,142442496,0.0058030000000144355,0.0036586000005627284,93.6669921875
ariad,1008,32,1,226,0.000782199262175709,0.7561073908730159,0.9918464781746031,32256,145152,177408,144.0,142442496,0.0030929999993531965,0.0017982000008487375,93.6669921875
ariad,1008,32,1,227,0.000777913024649024,0.7563864087301587,0.9916604662698413,32256,145152,177408,144.0,142442496,0.005764499999713735,0.0016679000000294764,93.6669921875
ariad,1008,32,1,228,0.0007736724801361561,0.7564484126984127,0.9919394841269841,32256,145152,177408,144.0,142442496,0.0033186999989993637,0.0018591999996715458,93.6669921875
ariad,1008,32,1,229,0.0007695126696489751,0.7566964285714286,0.9917844742063492,32256,145152,177408,144.0,142442496,0.003266900001108297,0.0018751999996311497,93.6669921875
ariad,1008,32,1,230,0.0007654838846065104,0.7567894345238095,0.9913504464285714,32256,145152,177408,144.0,142442496,0.0029834999986633193,0.001683200000115903,93.6669921875
ariad,1008,32,1,231,0.0007614958449266851,0.7570064484126984,0.9916294642857143,32256,145152,177408,144.0,142442496,0.003020799998921575,0.0016818999993120087,93.6669921875
ariad,1008,32,1,232,0.000757649599108845,0.7572544642857143,0.9920634920634921,32256,145152,177408,144.0,142442496,0.00304130000040459,0.0017294999997830018,93.6669921875
ariad,1008,32,1,233,0.0007538737845607102,0.7575024801587301,0.992125496031746,32256,145152,177408,144.0,142442496,0.004410200001075282,0.003149100000882754,93.6669921875
ariad,1008,32,1,234,0.0007500717183575034,0.7576574900793651,0.9916604662698413,32256,145152,177408,144.0,142442496,0.003068800000619376,0.0017675999988568947,93.6669921875
ariad,1008,32,1,235,0.0007463166257366538,0.7584945436507936,0.9919704861111112,32256,145152,177408,144.0,142442496,0.0030089000010775635,0.0017658999986451818,93.6669921875
ariad,1008,32,1,236,0.0007426701486110687,0.7588975694444444,0.992249503968254,32256,145152,177408,144.0,142442496,0.003104499999608379,0.0017865999998321058,93.6669921875
ariad,1008,32,1,237,0.0007389468955807388,0.7589595734126984,0.9920014880952381,32256,145152,177408,144.0,142442496,0.00298310000107449,0.0017360000001644948,93.6669921875
ariad,1008,32,1,238,0.0007353174150921404,0.7595796130952381,0.9926215277777778,32256,145152,177408,144.0,142442496,0.0030096000009507407,0.0017346999993606005,93.6669921875
ariad,1008,32,1,239,0.0007318842690438032,0.759703621031746,0.9922805059523809,32256,145152,177408,144.0,142442496,0.0030535999994754093,0.0017530000004626345,93.6669921875
ariad,1008,32,1,240,0.0007284004823304713,0.759765625,0.9925905257936508,32256,145152,177408,144.0,142442496,0.0031139999991864897,0.0017172999996546423,93.6669921875
ariad,1008,32,1,241,0.0007249857299029827,0.7599826388888888,0.9924355158730159,32256,145152,177408,144.0,142442496,0.003148699999655946,0.0018041000002995133,93.6669921875
ariad,1008,32,1,242,0.0007217033999040723,0.7601376488095238,0.9927765376984127,32256,145152,177408,144.0,142442496,0.0031323000002885237,0.0017436999987694435,93.6669921875
ariad,1008,32,1,243,0.0007183271809481084,0.7604786706349206,0.9927765376984127,32256,145152,177408,144.0,142442496,0.005858399999851827,0.0017084000010072486,93.6669921875
ariad,1008,32,1,244,0.0007150559104047716,0.7603856646825397,0.9924975198412699,32256,145152,177408,144.0,142442496,0.003349700000399025,0.0018733999986579875,93.6669921875
ariad,1008,32,1,245,0.0007118811481632292,0.7609747023809523,0.9927765376984127,32256,145152,177408,144.0,142442496,0.00304379999943194,0.0017409000010957243,93.6669921875
ariad,1008,32,1,246,0.000708664592821151,0.7612847222222222,0.9930555555555556,32256,145152,177408,144.0,142442496,0.002958099999887054,0.0016564000015932834,93.6669921875
ariad,1008,32,1,247,0.0007055006572045386,0.7615947420634921,0.9930865575396826,32256,145152,177408,144.0,142442496,0.0029828999995515915,0.0016699000007065479,93.6669921875
ariad,1008,32,1,248,0.0007025271188467741,0.7618737599206349,0.9928695436507936,32256,145152,177408,144.0,142442496,0.0030152999988786178,0.001748099999531405,93.6669921875
ariad,1008,32,1,249,0.0006994924624450505,0.7623077876984127,0.9929315476190477,32256,145152,177408,144.0,142442496,0.0030794999984209426,0.0017667000010987977,93.6669921875
ariad,1008,32,1,250,0.0006964468047954142,0.7624937996031746,0.9927455357142857,32256,145152,177408,144.0,142442496,0.003066099998250138,0.0017390999983035726,93.6669921875
ariad,1008,32,1,251,0.0006935218116268516,0.7627108134920635,0.9926525297619048,32256,145152,177408,144.0,142442496,0.003056999999898835,0.0017145000001619337,93.6669921875
ariad,1008,32,1,252,0.0006906463531777263,0.7630828373015873,0.9925905257936508,32256,145152,177408,144.0,142442496,0.003375899999809917,0.002002699999138713,93.6669921875
ariad,1008,32,1,253,0.0006878530257381499,0.7634238591269841,0.9925285218253969,32256,145152,177408,144.0,142442496,0.0030553000015061116,0.0017755000008037314,93.6669921875
ariad,1008,32,1,254,0.0006850436911918223,0.7635788690476191,0.9928695436507936,32256,145152,177408,144.0,142442496,0.0032296999997925013,0.0017253999994863989,93.6669921875
ariad,1008,32,1,255,0.0006822281866334379,0.7638268849206349,0.9928695436507936,32256,145152,177408,144.0,142442496,0.0030128999987937277,0.001753900000039721,93.6669921875
ariad,1008,32,1,256,0.0006794603541493416,0.7641059027777778,0.9927455357142857,32256,145152,177408,144.0,142442496,0.003058000000237371,0.0017298000002483604,93.6669921875
ariad,1008,32,1,257,0.0006766706355847418,0.7645089285714286,0.9926525297619048,32256,145152,177408,144.0,142442496,0.002979099999720347,0.0016852000007929746,93.6669921875
ariad,1008,32,1,258,0.000673948903568089,0.7649739583333334,0.9933965773809523,32256,145152,177408,144.0,142442496,0.0029740999998466577,0.0016835999995237216,93.6669921875
ariad,1008,32,1,259,0.0006712795002385974,0.7651909722222222,0.9930865575396826,32256,145152,177408,144.0,142442496,0.003009399999427842,0.00174209999931918,93.6669921875
ariad,1008,32,1,260,0.0006686918786726892,0.7653459821428571,0.9929625496031746,32256,145152,177408,144.0,142442496,0.00488499999846681,0.001789699999790173,93.6669921875
ariad,1008,32,1,261,0.0006661880179308355,0.765656001984127,0.9927145337301587,32256,145152,177408,144.0,142442496,0.002998500000103377,0.0016888999998627696,93.6669921875
ariad,1008,32,1,262,0.0006636675680056214,0.7659660218253969,0.9925905257936508,32256,145152,177408,144.0,142442496,0.0030131999992590863,0.0016937000000325497,93.6669921875
ariad,1008,32,1,263,0.0006612067809328437,0.7660280257936508,0.9928695436507936,32256,145152,177408,144.0,142442496,0.004339099999924656,0.0018177000001742272,93.6669921875
ariad,1008,32,1,264,0.0006588256801478565,0.7663070436507936,0.9929315476190477,32256,145152,177408,144.0,142442496,0.0029668000006495276,0.001697499999863794,93.6669921875
ariad,1008,32,1,265,0.0006563416682183743,0.7667720734126984,0.9930555555555556,32256,145152,177408,144.0,142442496,0.003059100001337356,0.0017305000001215376,93.6669921875
ariad,1008,32,1,266,0.00065396330319345,0.7669890873015873,0.9931175595238095,32256,145152,177408,144.0,142442496,0.003169300000081421,0.0017734000011842,93.6669921875
ariad,1008,32,1,267,0.0006516337743960321,0.7672371031746031,0.9933345734126984,32256,145152,177408,144.0,142442496,0.0029985999990458367,0.0016990000003715977,93.6669921875
ariad,1008,32,1,268,0.0006493360851891339,0.7677951388888888,0.9935825892857143,32256,145152,177408,144.0,142442496,0.0030275000008259667,0.0017764999993232777,93.6669921875
ariad,1008,32,1,269,0.0006469661020673811,0.7681361607142857,0.9936445932539683,32256,145152,177408,144.0,142442496,0.0029990999992151046,0.001713900001050206,93.6669921875
ariad,1008,32,1,270,0.0006447274936363101,0.7681981646825397,0.9933965773809523,32256,145152,177408,144.0,142442496,0.0030275999997684266,0.0017327000005025184,93.6669921875
ariad,1008,32,1,271,0.0006424739840440452,0.7685081845238095,0.9936135912698413,32256,145152,177408,144.0,142442496,0.003106899999693269,0.0017380000008415664,93.6669921875
ariad,1008,32,1,272,0.0006402511498890817,0.7686011904761905,0.9932725694444444,32256,145152,177408,144.0,142442496,0.0030220000007830095,0.0017083999991882592,93.6669921875
ariad,1008,32,1,273,0.0006380557315424085,0.7690042162698413,0.9928075396825397,32256,145152,177408,144.0,142442496,0.0030038999993848847,0.0016876000008778647,93.6669921875
ariad,1008,32,1,274,0.0006359251565299928,0.7690042162698413,0.9932105654761905,32256,145152,177408,144.0,142442496,0.003107599999566446,0.0017449999995733378,93.6669921875
ariad,1008,32,1,275,0.0006337926024571061,0.7692832341269841,0.9933345734126984,32256,145152,177408,144.0,142442496,0.003059800001210533,0.0017339000005449634,93.6669921875
ariad,1008,32,1,276,0.0006316909566521645,0.7696552579365079,0.9929005456349206,32256,145152,177408,144.0,142442496,0.0030817000006209128,0.0018197999997937586,93.6669921875
ariad,1008,32,1,277,0.0006296371575444937,0.7701202876984127,0.9932415674603174,32256,145152,177408,144.0,142442496,0.0030120999999780906,0.0017603999986022245,93.6669921875
ariad,1008,32,1,278,0.0006276060012169182,0.7702752976190477,0.9933655753968254,32256,145152,177408,144.0,142442496,0.0031013999996503117,0.0017568000002938788,93.6669921875
ariad,1008,32,1,279,0.0006255811895243824,0.7705853174603174,0.9935515873015873,32256,145152,177408,144.0,142442496,0.0030982000007497845,0.0017738999995344784,93.6669921875
ariad,1008,32,1,280,0.0006235980545170605,0.7710503472222222,0.9935205853174603,32256,145152,177408,144.0,142442496,0.0029393000004347414,0.0017164000000775559,93.6669921875
ariad,1008,32,1,281,0.0006216807523742318,0.7712053571428571,0.9933035714285714,32256,145152,177408,144.0,142442496,0.0031649000011384487,0.0018405999999231426,93.6669921875
ariad,1008,32,1,282,0.0006196204922161996,0.7711743551587301,0.9936445932539683,32256,145152,177408,144.0,142442496,0.002962800001114374,0.001653499999520136,93.6669921875
ariad,1008,32,1,283,0.0006176978931762278,0.7713293650793651,0.9938926091269841,32256,145152,177408,144.0,142442496,0.0032366000014008023,0.0018330999992031138,93.6669921875
ariad,1008,32,1,284,0.0006158186588436365,0.771484375,0.9936135912698413,32256,145152,177408,144.0,142442496,0.003053899999940768,0.001743200000419165,93.6669921875
ariad,1008,32,1,285,0.0006139377364888787,0.7716393849206349,0.9937996031746031,32256,145152,177408,144.0,142442496,0.003028299999641604,0.0017423000008420786,93.6669921875
ariad,1008,32,1,286,0.0006120912730693817,0.7720114087301587,0.9936135912698413,32256,145152,177408,144.0,142442496,0.003156700000545243,0.0018490999991627177,93.6669921875
ariad,1008,32,1,287,0.0006103608757257462,0.7722594246031746,0.9934895833333334,32256,145152,177408,144.0,142442496,0.0029893000009906245,0.0017095000002882443,93.6669921875
ariad,1008,32,1,288,0.0006085055647417903,0.7723834325396826,0.9936445932539683,32256,145152,177408,144.0,142442496,0.00297599999976228,0.0017088000004150672,93.6669921875
ariad,1008,32,1,289,0.0006067170179449022,0.7727554563492064,0.9936755952380952,32256,145152,177408,144.0,142442496,0.0030172000006132293,0.0017053999999916414,93.6669921875
ariad,1008,32,1,290,0.0006049235817044973,0.7731584821428571,0.9936445932539683,32256,145152,177408,144.0,142442496,0.002957599999717786,0.0016374000006180722,93.6669921875
ariad,1008,32,1,291,0.0006032166420482099,0.7733134920634921,0.9937996031746031,32256,145152,177408,144.0,142442496,0.004679899999246118,0.0017251000008400297,93.6669921875
ariad,1008,32,1,292,0.0006014765240252018,0.7737785218253969,0.9935825892857143,32256,145152,177408,144.0,142442496,0.00319619999936549,0.0017568000002938788,93.6669921875
ariad,1008,32,1,293,0.0005997802945785224,0.7739955357142857,0.9934895833333334,32256,145152,177408,144.0,142442496,0.0031490000001213048,0.0018026999987341696,93.6669921875
ariad,1008,32,1,294,0.0005980511195957661,0.7742745535714286,0.9937065972222222,32256,145152,177408,144.0,142442496,0.0029923999991297023,0.001726500000586384,93.6669921875
ariad,1008,32,1,295,0.0005963617004454136,0.7743985615079365,0.9938616071428571,32256,145152,177408,144.0,142442496,0.003270600000178092,0.0017131999993580393,93.6669921875
ariad,1008,32,1,296,0.0005947591853328049,0.7746155753968254,0.9939236111111112,32256,145152,177408,144.0,142442496,0.002932199999122531,0.0015960999990056735,93.6669921875
ariad,1008,32,1,297,0.000593156844843179,0.7746465773809523,0.9939546130952381,32256,145152,177408,144.0,142442496,0.0030381000015040627,0.0016468000012537232,93.6669921875
ariad,1008,32,1,298,0.0005915959482081234,0.7751426091269841,0.9943266369047619,32256,145152,177408,144.0,142442496,0.0031487000014749356,0.0017136000005848473,93.6669921875
ariad,1008,32,1,299,0.0005900170654058456,0.775328621031746,0.994109623015873,32256,145152,177408,144.0,142442496,0.0032042999991972465,0.0017764000003808178,93.6669921875
ariad,1008,32,1,300,0.0005884047714062035,0.7757316468253969,0.994171626984127,32256,145152,177408,144.0,142442496,0.0030585999993490987,0.0016737999994802522,93.6669921875
ariad,1008,32,1,301,0.0005868519656360149,0.7759486607142857,0.9946056547619048,32256,145152,177408,144.0,142442496,0.0031554999986838084,0.0017642000002524583,93.6669921875
ariad,1008,32,1,302,0.0005853336188010871,0.7761346726190477,0.9946366567460317,32256,145152,177408,144.0,142442496,0.003302799999801209,0.001802299999326351,93.6669921875
ariad,1008,32,1,303,0.0005837490898557007,0.7763516865079365,0.9945126488095238,32256,145152,177408,144.0,142442496,0.002974799999719835,0.0016638999986753333,93.6669921875
ariad,1008,32,1,304,0.0005822108942084014,0.7765066964285714,0.9946676587301587,32256,145152,177408,144.0,142442496,0.003005700000358047,0.0016804000006231945,93.6669921875
ariad,1008,32,1,305,0.0005807529087178409,0.7765376984126984,0.9943266369047619,32256,145152,177408,144.0,142442496,0.003052899999602232,0.0017346999993606005,93.6669921875
ariad,1008,32,1,306,0.0005793051677756011,0.7766307043650794,0.9942336309523809,32256,145152,177408,144.0,142442496,0.0029245999994600425,0.0016761999995651422,93.6669921875
ariad,1008,32,1,307,0.0005778545164503157,0.7769097222222222,0.9946056547619048,32256,145152,177408,144.0,142442496,0.002923199999713688,0.0016391000008297851,93.6669921875
ariad,1008,32,1,308,0.0005763786612078547,0.7770337301587301,0.9946056547619048,32256,145152,177408,144.0,142442496,0.0030421000010392163,0.0017194000010931632,93.6669921875
ariad,1008,32,1,309,0.000574904028326273,0.7771887400793651,0.9945746527777778,32256,145152,177408,144.0,142442496,0.0037125999988347758,0.0018369000008533476,93.6669921875
ariad,1008,32,1,310,0.0005735672893933952,0.7776227678571429,0.9946986607142857,32256,145152,177408,144.0,142442496,0.0038294999994832324,0.001675499999691965,93.6669921875
ariad,1008,32,1,311,0.0005721157067455351,0.7778087797619048,0.9947916666666666,32256,145152,177408,144.0,142442496,0.0030584999985876493,0.001752600001054816,93.6669921875
ariad,1008,32,1,312,0.0005707541713491082,0.7779327876984127,0.9945746527777778,32256,145152,177408,144.0,142442496,0.0030624999999417923,0.0017383999984303955,93.6669921875
ariad,1008,32,1,313,0.000569413707125932,0.7781808035714286,0.994109623015873,32256,145152,177408,144.0,142442496,0.003081400000155554,0.0018096999992849305,93.6669921875
ariad,1008,32,1,314,0.0005679021705873311,0.7783048115079365,0.994140625,32256,145152,177408,144.0,142442496,0.0030177000007824972,0.001731899999867892,93.6669921875
ariad,1008,32,1,315,0.0005665257340297103,0.7784598214285714,0.9943266369047619,32256,145152,177408,144.0,142442496,0.0029572000003099674,0.0016631000016786857,93.6669921875
ariad,1008,32,1,316,0.0005652302643284202,0.7786458333333334,0.9938306051587301,32256,145152,177408,144.0,142442496,0.003265899998950772,0.0018662000002223067,93.6669921875
ariad,1008,32,1,317,0.0005639147711917758,0.7787698412698413,0.9943576388888888,32256,145152,177408,144.0,142442496,0.00304379999943194,0.0018128000010619871,93.6669921875
ariad,1008,32,1,318,0.0005626386846415699,0.7789248511904762,0.9945126488095238,32256,145152,177408,144.0,142442496,0.0029150000009394716,0.0016954000002442626,93.6669921875
ariad,1008,32,1,319,0.0005613818066194654,0.7789558531746031,0.994202628968254,32256,145152,177408,144.0,142442496,0.003027799999472336,0.0017719999996188562,93.6669921875
ariad,1008,32,1,320,0.0005601493176072836,0.7793898809523809,0.9944196428571429,32256,145152,177408,144.0,142442496,0.0036777999994228594,0.001677100000961218,93.6669921875
ariad,1008,32,1,321,0.0005588688072748482,0.7797309027777778,0.9948536706349206,32256,145152,177408,144.0,142442496,0.003004500000315602,0.0016925999989325646,93.6669921875
ariad,1008,32,1,322,0.0005575930117629468,0.7800099206349206,0.9947606646825397,32256,145152,177408,144.0,142442496,0.0028800999989471165,0.0016574000001128297,93.6669921875
ariad,1008,32,1,323,0.0005563920130953193,0.7802889384920635,0.9942956349206349,32256,145152,177408,144.0,142442496,0.002950099998997757,0.0017230999983439688,93.6669921875
ariad,1008,32,1,324,0.0005551400827243924,0.7803819444444444,0.9944196428571429,32256,145152,177408,144.0,142442496,0.0029773000005661743,0.0017169000002468238,93.6669921875
ariad,1008,32,1,325,0.0005538366385735571,0.7805369543650794,0.9946676587301587,32256,145152,177408,144.0,142442496,0.0029400999992503785,0.001682000000073458,93.6669921875
ariad,1008,32,1,326,0.0005526482709683478,0.7806299603174603,0.9945436507936508,32256,145152,177408,144.0,142442496,0.0029533999986597337,0.0017274999991059303,93.6669921875
ariad,1008,32,1,327,0.0005514348740689456,0.7807229662698413,0.9946366567460317,32256,145152,177408,144.0,142442496,0.0028870999994978774,0.0016790999998193001,93.6669921875
ariad,1008,32,1,328,0.0005502785206772387,0.7807229662698413,0.9952566964285714,32256,145152,177408,144.0,142442496,0.002984800001286203,0.0017394999995303806,93.6669921875
ariad,1008,32,1,329,0.0005490864277817309,0.7808469742063492,0.9949466765873016,32256,145152,177408,144.0,142442496,0.0029047999996691942,0.001653999999689404,93.6669921875
ariad,1008,32,1,330,0.0005479208193719387,0.781187996031746,0.9950706845238095,32256,145152,177408,144.0,142442496,0.002943299999969895,0.0017148999995697523,93.6669921875
ariad,1008,32,1,331,0.0005468020681291819,0.7814980158730159,0.9951326884920635,32256,145152,177408,144.0,142442496,0.0029537999998865416,0.0016930000001593726,93.6669921875
ariad,1008,32,1,332,0.0005457305815070868,0.7819010416666666,0.9953187003968254,32256,145152,177408,144.0,142442496,0.0033100000000558794,0.0019505000000208383,93.6669921875
ariad,1008,32,1,333,0.0005446627037599683,0.7820560515873016,0.9956287202380952,32256,145152,177408,144.0,142442496,0.003013900000951253,0.001747399999658228,93.6669921875
ariad,1008,32,1,334,0.0005435501225292683,0.7820560515873016,0.9956597222222222,32256,145152,177408,144.0,142442496,0.0029538999988290016,0.0017294999997830018,93.6669921875
ariad,1008,32,1,335,0.0005424382979981601,0.7820870535714286,0.9955977182539683,32256,145152,177408,144.0,142442496,0.0029460999994626036,0.0016756000004534144,93.6669921875
ariad,1008,32,1,336,0.0005413225153461099,0.7823040674603174,0.9951946924603174,32256,145152,177408,144.0,142442496,0.0029833999997208593,0.0017626999997446546,93.6669921875
ariad,1008,32,1,337,0.000540280481800437,0.7823660714285714,0.9950396825396826,32256,145152,177408,144.0,142442496,0.002937999999630847,0.0017299999999522697,93.6669921875
ariad,1008,32,1,338,0.0005392640014179051,0.7827070932539683,0.9949776785714286,32256,145152,177408,144.0,142442496,0.003060499999264721,0.0017471999999543186,93.6669921875
ariad,1008,32,1,339,0.0005381979281082749,0.7828931051587301,0.9952256944444444,32256,145152,177408,144.0,142442496,0.0030725000015081605,0.0017296000005444512,93.6669921875
ariad,1008,32,1,340,0.0005371988518163562,0.7830481150793651,0.9949776785714286,32256,145152,177408,144.0,142442496,0.003052899999602232,0.0017702999994071433,93.6669921875
ariad,1008,32,1,341,0.0005360888317227364,0.7834201388888888,0.9948536706349206,32256,145152,177408,144.0,142442496,0.0034511000012571458,0.001966399999218993,93.6669921875
ariad,1008,32,1,342,0.0005351413274183869,0.7837611607142857,0.9951946924603174,32256,145152,177408,144.0,142442496,0.003101000000242493,0.0017453999989811564,93.6669921875
ariad,1008,32,1,343,0.0005341563955880702,0.7838851686507936,0.9948226686507936,32256,145152,177408,144.0,142442496,0.00308240000049409,0.001759499999025138,93.6669921875
ariad,1008,32,1,344,0.000533148820977658,0.7840401785714286,0.9949156746031746,32256,145152,177408,144.0,142442496,0.003066999999646214,0.0017700000007607741,93.6669921875
ariad,1008,32,1,345,0.0005320975324138999,0.7843812003968254,0.9951016865079365,32256,145152,177408,144.0,142442496,0.0030470000001514563,0.0017849999985628529,93.6669921875
ariad,1008,32,1,346,0.0005311280256137252,0.7844742063492064,0.9951016865079365,32256,145152,177408,144.0,142442496,0.0029794999991281657,0.0017164999990200158,93.6669921875
ariad,1008,32,1,347,0.0005301079363562167,0.7847222222222222,0.9951016865079365,32256,145152,177408,144.0,142442496,0.002948199999082135,0.0016734000000724336,93.6669921875
ariad,1008,32,1,348,0.0005290519329719245,0.7849702380952381,0.9951326884920635,32256,145152,177408,144.0,142442496,0.0030232999997679144,0.0017191000006278045,93.6669921875
ariad,1008,32,1,349,0.0005280557088553905,0.7850322420634921,0.9944506448412699,32256,145152,177408,144.0,142442496,0.0033213000006071525,0.0017824999995355029,93.6669921875
ariad,1008,32,1,350,0.0005270995898172259,0.7852492559523809,0.9947916666666666,32256,145152,177408,144.0,142442496,0.0029806999991706107,0.0017726999994920334,93.6669921875
ariad,1008,32,1,351,0.000526171294040978,0.7854972718253969,0.9951946924603174,32256,145152,177408,144.0,142442496,0.0030017000008228933,0.0017100999993999721,93.6669921875
ariad,1008,32,1,352,0.0005252304254099727,0.7857142857142857,0.9950086805555556,32256,145152,177408,144.0,142442496,0.0029525999998440966,0.00170819999948435,93.6669921875
ariad,1008,32,1,353,0.000524334202054888,0.7857452876984127,0.9949466765873016,32256,145152,177408,144.0,142442496,0.0030654000001959503,0.0017540000008011702,93.6669921875
ariad,1008,32,1,354,0.0005234215059317648,0.7860553075396826,0.9952566964285714,32256,145152,177408,144.0,142442496,0.002984800001286203,0.0016901999988476746,93.6669921875
ariad,1008,32,1,355,0.000522493151947856,0.7862103174603174,0.9951636904761905,32256,145152,177408,144.0,142442496,0.0030535999994754093,0.0017714999994495884,93.6669921875
ariad,1008,32,1,356,0.0005215434939600527,0.7864583333333334,0.9952876984126984,32256,145152,177408,144.0,142442496,0.0029512999990402022,0.0016691000000719214,93.6669921875
ariad,1008,32,1,357,0.0005206711939536035,0.7867063492063492,0.9951636904761905,32256,145152,177408,144.0,142442496,0.0030755999996472383,0.001784899999620393,93.6669921875
ariad,1008,32,1,358,0.0005197853897698224,0.7868613591269841,0.9948226686507936,32256,145152,177408,144.0,142442496,0.002984999999171123,0.0017120000011345837,93.6669921875
ariad,1008,32,1,359,0.0005189178045839071,0.7868613591269841,0.9949466765873016,32256,145152,177408,144.0,142442496,0.0028953999990335433,0.0016647000011289492,93.6669921875
ariad,1008,32,1,360,0.0005180203588679433,0.787047371031746,0.9949466765873016,32256,145152,177408,144.0,142442496,0.0030244999998103594,0.0017191999995702645,93.6669921875
ariad,1008,32,1,361,0.0005171388038434088,0.7869543650793651,0.9946056547619048,32256,145152,177408,144.0,142442496,0.0030825000012555392,0.0018345999997109175,93.6669921875
ariad,1008,32,1,362,0.000516326806973666,0.7872023809523809,0.9948846726190477,32256,145152,177408,144.0,142442496,0.003064700000322773,0.0018215000000054715,93.6669921875
ariad,1008,32,1,363,0.0005154208047315478,0.7873883928571429,0.9952876984126984,32256,145152,177408,144.0,142442496,0.002964100000099279,0.0017008999984682305,93.6669921875
ariad,1008,32,1,364,0.0005145990871824324,0.7876054067460317,0.9953807043650794,32256,145152,177408,144.0,142442496,0.00306549999913841,0.001755100000082166,93.6669921875
ariad,1008,32,1,365,0.0005137340049259365,0.7876674107142857,0.9950706845238095,32256,145152,177408,144.0,142442496,0.003151699998852564,0.0018221999998786487,93.6669921875
ariad,1008,32,1,366,0.0005128555931150913,0.7880394345238095,0.9949156746031746,32256,145152,177408,144.0,142442496,0.0030796999999438412,0.0016953000013018027,93.6669921875
ariad,1008,32,1,367,0.0005120145506225526,0.7881634424603174,0.9948226686507936,32256,145152,177408,144.0,142442496,0.003792800000155694,0.0019928999990952434,93.6669921875
ariad,1008,32,1,368,0.0005112229846417904,0.7882874503968254,0.9946366567460317,32256,145152,177408,144.0,142442496,0.003108799999608891,0.001714799998808303,93.6669921875
ariad,1008,32,1,369,0.0005104370065964758,0.7882254464285714,0.9947606646825397,32256,145152,177408,144.0,142442496,0.0029973000000609318,0.001733799999783514,93.6669921875
ariad,1008,32,1,370,0.0005095874657854438,0.7883804563492064,0.9944196428571429,32256,145152,177408,144.0,142442496,0.0030658999985462287,0.0018159000010200543,93.6669921875
ariad,1008,32,1,371,0.0005088358884677291,0.7887214781746031,0.9944816468253969,32256,145152,177408,144.0,142442496,0.003014999998413259,0.0016679000000294764,93.6669921875
ariad,1008,32,1,372,0.000508119526784867,0.7887214781746031,0.9948536706349206,32256,145152,177408,144.0,142442496,0.002939899999546469,0.001684999999270076,93.6669921875
ariad,1008,32,1,373,0.0005072967032901943,0.7890625,0.9950396825396826,32256,145152,177408,144.0,142442496,0.0032838999995874474,0.0018825999995897291,93.6669921875
ariad,1008,32,1,374,0.0005065517616458237,0.7893105158730159,0.9951326884920635,32256,145152,177408,144.0,142442496,0.00305819999994128,0.001762300000336836,93.6669921875
ariad,1008,32,1,375,0.000505802920088172,0.7894345238095238,0.9952256944444444,32256,145152,177408,144.0,142442496,0.002958799999760231,0.0017290000014327234,93.6669921875
ariad,1008,32,1,376,0.0005050303298048675,0.7897445436507936,0.9955357142857143,32256,145152,177408,144.0,142442496,0.0029495999988284893,0.0017155999994429294,93.6669921875
ariad,1008,32,1,377,0.0005042449338361621,0.7899305555555556,0.9953187003968254,32256,145152,177408,144.0,142442496,0.002903599999626749,0.001649399999223533,93.6669921875
ariad,1008,32,1,378,0.0005034932983107865,0.7899925595238095,0.9952876984126984,32256,145152,177408,144.0,142442496,0.003524600000673672,0.001732599999741069,93.6669921875
ariad,1008,32,1,379,0.000502732815220952,0.7902095734126984,0.9952566964285714,32256,145152,177408,144.0,142442496,0.0029893999999330845,0.0017063000013877172,93.6669921875
ariad,1008,32,1,380,0.000501962669659406,0.7902095734126984,0.9950706845238095,32256,145152,177408,144.0,142442496,0.0029865999986213865,0.0017095999992307043,93.6669921875
ariad,1008,32,1,381,0.0005011566681787372,0.7903645833333334,0.9951946924603174,32256,145152,177408,144.0,142442496,0.0032083000005513895,0.0016597000012552598,93.6669921875
ariad,1008,32,1,382,0.0005004024715162814,0.7904885912698413,0.9953497023809523,32256,145152,177408,144.0,142442496,0.00295170000026701,0.0017193999992741738,93.6669921875
ariad,1008,32,1,383,0.0004996795323677361,0.7904265873015873,0.9951016865079365,32256,145152,177408,144.0,142442496,0.003052799998840783,0.0017370000005030306,93.6669921875
ariad,1008,32,1,384,0.000498948444146663,0.7907986111111112,0.9952566964285714,32256,145152,177408,144.0,142442496,0.002970600000480772,0.0017059000001609093,93.6669921875
ariad,1008,32,1,385,0.0004981956444680691,0.790953621031746,0.9953187003968254,32256,145152,177408,144.0,142442496,0.002972300000692485,0.0017176999990624608,93.6669921875
ariad,1008,32,1,386,0.0004974350449629128,0.7911396329365079,0.9950706845238095,32256,145152,177408,144.0,142442496,0.002905299999838462,0.0016830999993544538,93.6669921875
ariad,1008,32,1,387,0.000496668042615056,0.7912016369047619,0.9950086805555556,32256,145152,177408,144.0,142442496,0.0029615000003104797,0.0016637999997328734,93.6669921875
ariad,1008,32,1,388,0.0004959949874319136,0.7914186507936508,0.9950706845238095,32256,145152,177408,144.0,142442496,0.0029431000002659857,0.0017314000015176134,93.6669921875
ariad,1008,32,1,389,0.0004952782765030861,0.7916666666666666,0.9949466765873016,32256,145152,177408,144.0,142442496,0.0031947999996191356,0.0017939999997906853,93.6669921875
ariad,1008,32,1,390,0.0004945216933265328,0.7917286706349206,0.9946986607142857,32256,145152,177408,144.0,142442496,0.0030041000009077834,0.0017435999998269835,93.6669921875
ariad,1008,32,1,391,0.0004938124911859632,0.7919456845238095,0.9949156746031746,32256,145152,177408,144.0,142442496,0.002939100000730832,0.0017060000009223586,93.6669921875
ariad,1008,32,1,392,0.0004931030562147498,0.7918526785714286,0.9950086805555556,32256,145152,177408,144.0,142442496,0.002970000001369044,0.0016933999995671911,93.6669921875
ariad,1008,32,1,393,0.0004924082895740867,0.7918836805555556,0.9950086805555556,32256,145152,177408,144.0,142442496,0.0030291000002762303,0.001731499998641084,93.6669921875
ariad,1008,32,1,394,0.0004917731275781989,0.7921006944444444,0.9949156746031746,32256,145152,177408,144.0,142442496,0.0029916000003140653,0.0017036999997799285,93.6669921875
ariad,1008,32,1,395,0.0004911444266326725,0.7921006944444444,0.9948846726190477,32256,145152,177408,144.0,142442496,0.0031959999996615807,0.0017716000002110377,93.6669921875
ariad,1008,32,1,396,0.0004904968081973493,0.7921937003968254,0.9951946924603174,32256,145152,177408,144.0,142442496,0.005252999999356689,0.0017814000002545072,93.6669921875
ariad,1008,32,1,397,0.0004898199113085866,0.7921316964285714,0.9953497023809523,32256,145152,177408,144.0,142442496,0.0032739999987825286,0.001769399999830057,93.6669921875
ariad,1008,32,1,398,0.0004891296266578138,0.7924107142857143,0.9954117063492064,32256,145152,177408,144.0,142442496,0.002979699998832075,0.0016869999999471474,93.6669921875
ariad,1008,32,1,399,0.0004885036032646894,0.7925037202380952,0.9953807043650794,32256,145152,177408,144.0,142442496,0.0029565999993792502,0.0016920000016398262,93.6669921875
ariad,1008,32,1,400,0.0004878327017650008,0.7926277281746031,0.9953807043650794,32256,145152,177408,144.0,142442496,0.003043200000320212,0.001750900000843103,93.6669921875
ariad,1008,32,1,401,0.0004872378776781261,0.7927517361111112,0.9951946924603174,32256,145152,177408,144.0,142442496,0.003010599999470287,0.001787200000762823,93.6669921875
ariad,1008,32,1,402,0.00048657029401510954,0.792906746031746,0.9952876984126984,32256,145152,177408,144.0,142442496,0.0030317000000650296,0.0017806999985623406,93.6669921875
ariad,1008,32,1,403,0.00048591181985102594,0.7931237599206349,0.9951946924603174,32256,145152,177408,144.0,142442496,0.0038296999991871417,0.0019077000015386147,93.6669921875
ariad,1008,32,1,404,0.00048525072634220123,0.7930617559523809,0.9950396825396826,32256,145152,177408,144.0,142442496,0.002910100000008242,0.0016414999990956858,93.6669921875
ariad,1008,32,1,405,0.00048462694394402206,0.7932167658730159,0.9948536706349206,32256,145152,177408,144.0,142442496,0.0029602000013255747,0.0016716999998607207,93.6669921875
ariad,1008,32,1,406,0.0004839923931285739,0.7932787698412699,0.9951326884920635,32256,145152,177408,144.0,142442496,0.002891799998906208,0.0016496000007464318,93.6669921875
ariad,1008,32,1,407,0.0004833946586586535,0.7934957837301587,0.9953497023809523,32256,145152,177408,144.0,142442496,0.002894699999160366,0.0016704999998182757,93.6669921875
ariad,1008,32,1,408,0.0004828220698982477,0.7936507936507936,0.9952256944444444,32256,145152,177408,144.0,142442496,0.0030615999985457165,0.001768499998433981,93.6669921875
ariad,1008,32,1,409,0.00048223251360468566,0.7937127976190477,0.9949466765873016,32256,145152,177408,144.0,142442496,0.002982699999847682,0.0017119999993155943,93.6669921875
ariad,1008,32,1,410,0.00048162866733036935,0.7938368055555556,0.9952256944444444,32256,145152,177408,144.0,142442496,0.002971800000523217,0.0017642000002524583,93.6669921875
ariad,1008,32,1,411,0.000481037626741454,0.7941468253968254,0.9953187003968254,32256,145152,177408,144.0,142442496,0.002974899998662295,0.001727700000628829,93.6669921875
ariad,1008,32,1,412,0.0004804168420378119,0.7944568452380952,0.9951946924603174,32256,145152,177408,144.0,142442496,0.0030626999996457016,0.001754699998855358,93.6669921875
ariad,1008,32,1,413,0.00047977533540688455,0.7946118551587301,0.9951636904761905,32256,145152,177408,144.0,142442496,0.003030600000784034,0.0017540000008011702,93.6669921875
ariad,1008,32,1,414,0.00047915958566591144,0.7947358630952381,0.9952256944444444,32256,145152,177408,144.0,142442496,0.003004599999258062,0.0017566000005899696,93.6669921875
ariad,1008,32,1,415,0.00047854133299551904,0.7947668650793651,0.9955047123015873,32256,145152,177408,144.0,142442496,0.003306200000224635,0.0020272000001568813,93.6669921875
ariad,1008,32,1,416,0.00047797177103348076,0.794921875,0.9953187003968254,32256,145152,177408,144.0,142442496,0.0030107000002317363,0.0017104000016843202,93.6669921875
ariad,1008,32,1,417,0.00047739018918946385,0.7951698908730159,0.9953807043650794,32256,145152,177408,144.0,142442496,0.0028715000007650815,0.0016330999987985706,93.6669921875
ariad,1008,32,1,418,0.00047674335655756295,0.7953249007936508,0.9954117063492064,32256,145152,177408,144.0,142442496,0.005991399999402347,0.0017450000013923272,93.6669921875
ariad,1008,32,1,419,0.0004761889576911926,0.7953559027777778,0.9953187003968254,32256,145152,177408,144.0,142442496,0.003364599999258644,0.001955199999429169,93.6669921875
ariad,1008,32,1,420,0.00047553936019539833,0.7955419146825397,0.9950706845238095,32256,145152,177408,144.0,142442496,0.0032971000000543427,0.0017023000000335742,93.6669921875
ariad,1008,32,1,421,0.00047494572936557233,0.7955729166666666,0.9950086805555556,32256,145152,177408,144.0,142442496,0.0031976999998732936,0.0017595999997865874,93.6669921875
ariad,1008,32,1,422,0.0004743215686175972,0.7959139384920635,0.9950706845238095,32256,145152,177408,144.0,142442496,0.002993399999468238,0.0017489000001660315,93.6669921875
ariad,1008,32,1,423,0.0004737454291898757,0.7960689484126984,0.9949156746031746,32256,145152,177408,144.0,142442496,0.0031241999986377778,0.0017752000003383728,93.6669921875
ariad,1008,32,1,424,0.00047313616960309446,0.7962549603174603,0.9952566964285714,32256,145152,177408,144.0,142442496,0.0030298999990918674,0.0017306999998254469,93.6669921875
ariad,1008,32,1,425,0.00047255665413104,0.7963479662698413,0.9954117063492064,32256,145152,177408,144.0,142442496,0.0029876999997213716,0.001741500000207452,93.6669921875
ariad,1008,32,1,426,0.0004720310680568218,0.7964409722222222,0.9955357142857143,32256,145152,177408,144.0,142442496,0.0030631000008725096,0.001743200000419165,93.6669921875
ariad,1008,32,1,427,0.00047144319978542626,0.7964099702380952,0.9955977182539683,32256,145152,177408,144.0,142442496,0.0030413999993470497,0.0017377000003762078,93.6669921875
ariad,1008,32,1,428,0.00047089013969525695,0.7966889880952381,0.9952876984126984,32256,145152,177408,144.0,142442496,0.003059900000152993,0.0018036000001302455,93.6669921875
ariad,1008,32,1,429,0.0004703388549387455,0.796843998015873,0.9953187003968254,32256,145152,177408,144.0,142442496,0.003037499998754356,0.0017232999998668674,93.6669921875
ariad,1008,32,1,430,0.00046976847806945443,0.7969990079365079,0.9954117063492064,32256,145152,177408,144.0,142442496,0.0030943999990995508,0.0017713000015646685,93.6669921875
ariad,1008,32,1,431,0.0004692242364399135,0.7970610119047619,0.9955047123015873,32256,145152,177408,144.0,142442496,0.0030305000000225846,0.0017267000002902932,93.6669921875
ariad,1008,32,1,432,0.00046864934847690165,0.7972470238095238,0.9955047123015873,32256,145152,177408,144.0,142442496,0.0029044000002613757,0.001704000000245287,93.6669921875
ariad,1008,32,1,433,0.00046810618368908763,0.7974330357142857,0.9957527281746031,32256,145152,177408,144.0,142442496,0.0029513000008591916,0.0016954000002442626,93.6669921875
ariad,1008,32,1,434,0.00046758700045756996,0.7975260416666666,0.9956287202380952,32256,145152,177408,144.0,142442496,0.002913900001658476,0.001683299999058363,93.6669921875
ariad,1008,32,1,435,0.0004670587077271193,0.7977120535714286,0.9954427083333334,32256,145152,177408,144.0,142442496,0.008118700001432444,0.0017115999999077758,93.6669921875
ariad,1008,32,1,436,0.0004665442684199661,0.7980840773809523,0.9959387400793651,32256,145152,177408,144.0,142442496,0.0030082000012043864,0.0017713000015646685,93.6669921875
ariad,1008,32,1,437,0.0004660171107389033,0.7982080853174603,0.9957217261904762,32256,145152,177408,144.0,142442496,0.002861200000552344,0.0016494999999849824,93.6669921875
ariad,1008,32,1,438,0.0004654955700971186,0.7983630952380952,0.9955047123015873,32256,145152,177408,144.0,142442496,0.009038499998496263,0.006485500000053435,93.6669921875
ariad,1008,32,1,439,0.000464933953480795,0.7984871031746031,0.9956907242063492,32256,145152,177408,144.0,142442496,0.004764999999679276,0.0017109000000345986,93.6669921875
ariad,1008,32,1,440,0.00046435516560450196,0.7985181051587301,0.9954427083333334,32256,145152,177408,144.0,142442496,0.003259299999626819,0.0017704999991110526,93.6669921875
ariad,1008,32,1,441,0.0004638199752662331,0.7984871031746031,0.9952876984126984,32256,145152,177408,144.0,142442496,0.0030621999994764337,0.00174200000037672,93.6669921875
ariad,1008,32,1,442,0.0004633470671251416,0.7986111111111112,0.9951326884920635,32256,145152,177408,144.0,142442496,0.0029286999997566454,0.0017286000002059154,93.6669921875
ariad,1008,32,1,443,0.0004628194437827915,0.798797123015873,0.9947916666666666,32256,145152,177408,144.0,142442496,0.003086099999563885,0.001757500000167056,93.6669921875
ariad,1008,32,1,444,0.0004623012209776789,0.7989831349206349,0.9951636904761905,32256,145152,177408,144.0,142442496,0.007317699999475735,0.00327830000060203,93.6669921875
ariad,1008,32,1,445,0.00046176451724022627,0.7991691468253969,0.9951016865079365,32256,145152,177408,144.0,142442496,0.00319139999919571,0.001723199999105418,93.6669921875
ariad,1008,32,1,446,0.00046131687122397125,0.7992001488095238,0.9953807043650794,32256,145152,177408,144.0,142442496,0.0032066000003396766,0.0018458000013197307,93.6669921875
ariad,1008,32,1,447,0.0004608296731021255,0.7992621527777778,0.9950396825396826,32256,145152,177408,144.0,142442496,0.003109799999947427,0.0017547000006743474,93.6669921875
ariad,1008,32,1,448,0.00046034480328671634,0.7994791666666666,0.9953807043650794,32256,145152,177408,144.0,142442496,0.002969599998323247,0.001736299998810864,93.6669921875
ariad,1008,32,1,449,0.00045985361794009805,0.7996341765873016,0.9956907242063492,32256,145152,177408,144.0,142442496,0.0030418999995163176,0.0017014000004564878,93.6669921875
ariad,1008,32,1,450,0.0004593621997628361,0.7997581845238095,0.9960007440476191,32256,145152,177408,144.0,142442496,0.003087999999479507,0.0017970999997487525,93.6669921875
ariad,1008,32,1,451,0.00045891289482824504,0.7999131944444444,0.9957527281746031,32256,145152,177408,144.0,142442496,0.0031244999991031364,0.0017411999997420935,93.6669921875
ariad,1008,32,1,452,0.00045847098226659,0.8000992063492064,0.9955977182539683,32256,145152,177408,144.0,142442496,0.0029132999989087693,0.0017179999995278195,93.6669921875
ariad,1008,32,1,453,0.00045804138062521815,0.8004092261904762,0.9955977182539683,32256,145152,177408,144.0,142442496,0.0029833000007783994,0.0017095999992307043,93.6669921875
ariad,1008,32,1,454,0.00045754259917885065,0.8005642361111112,0.996031746031746,32256,145152,177408,144.0,142442496,0.002886600001147599,0.0016625999996904284,93.6669921875
ariad,1008,32,1,455,0.00045707120443694293,0.8005952380952381,0.9962797619047619,32256,145152,177408,144.0,142442496,0.003781100000196602,0.0017262000001210254,93.6669921875
ariad,1008,32,1,456,0.0004566233546938747,0.8005642361111112,0.9959697420634921,32256,145152,177408,144.0,142442496,0.0029598999990412267,0.0017098999996960629,93.6669921875
ariad,1008,32,1,457,0.0004561480600386858,0.8006882440476191,0.9957837301587301,32256,145152,177408,144.0,142442496,0.0030155000004015164,0.0017630000002100132,93.6669921875
ariad,1008,32,1,458,0.0004556930798571557,0.8009362599206349,0.9954117063492064,32256,145152,177408,144.0,142442496,0.0029850000009901123,0.001755799999955343,93.6669921875
ariad,1008,32,1,459,0.00045521717402152717,0.8010912698412699,0.9956287202380952,32256,145152,177408,144.0,142442496,0.007859600000301725,0.004747899998619687,93.6669921875
ariad,1008,32,1,460,0.00045466789742931724,0.8013702876984127,0.9959387400793651,32256,145152,177408,144.0,142442496,0.003919000000678352,0.0017714999994495884,93.6669921875
ariad,1008,32,1,461,0.00045428387238644063,0.8012462797619048,0.996062748015873,32256,145152,177408,144.0,142442496,0.00360259999979462,0.0016627999993943376,93.6669921875
ariad,1008,32,1,462,0.00045381381642073393,0.8014942956349206,0.9959697420634921,32256,145152,177408,144.0,142442496,0.003213800000594347,0.0017809000000852393,93.6669921875
ariad,1008,32,1,463,0.0004533996689133346,0.8016183035714286,0.9959387400793651,32256,145152,177408,144.0,142442496,0.0033675000013317913,0.0017786000007617986,93.6669921875
ariad,1008,32,1,464,0.0004529079596977681,0.8017423115079365,0.9956907242063492,32256,145152,177408,144.0,142442496,0.0031459999991056975,0.0017434999990655342,93.6669921875
ariad,1008,32,1,465,0.00045244168723002076,0.8018353174603174,0.9960007440476191,32256,145152,177408,144.0,142442496,0.0031168999994406477,0.0017549999993207166,93.6669921875
ariad,1008,32,1,466,0.00045200096792541444,0.8019593253968254,0.9961867559523809,32256,145152,177408,144.0,142442496,0.0029751000001851935,0.0017201999999088002,93.6669921875
ariad,1008,32,1,467,0.000451606058049947,0.8021453373015873,0.9957837301587301,32256,145152,177408,144.0,142442496,0.009254099999452592,0.006539699999848381,93.6669921875
ariad,1008,32,1,468,0.0004511728184297681,0.8024243551587301,0.9960007440476191,32256,145152,177408,144.0,142442496,0.0031323999992309837,0.0017607999998290325,93.6669921875
ariad,1008,32,1,469,0.0004507197591010481,0.8026413690476191,0.996031746031746,32256,145152,177408,144.0,142442496,0.0031208000000333413,0.0017339000005449634,93.6669921875
ariad,1008,32,1,470,0.0004503333766479045,0.802734375,0.996155753968254,32256,145152,177408,144.0,142442496,0.003016499998921063,0.0016826000010041753,93.6669921875
ariad,1008,32,1,471,0.00044989504385739565,0.802734375,0.9963107638888888,32256,145152,177408,144.0,142442496,0.003029699999387958,0.0017823999987740535,93.6669921875
ariad,1008,32,1,472,0.0004494711465667933,0.802796378968254,0.9962797619047619,32256,145152,177408,144.0,142442496,0.003052600000955863,0.0017286999991483754,93.6669921875
ariad,1008,32,1,473,0.00044905117829330266,0.8028273809523809,0.9962177579365079,32256,145152,177408,144.0,142442496,0.00956439999936265,0.00776159999986703,93.6669921875
ariad,1008,32,1,474,0.0004486376710701734,0.8028583829365079,0.9957527281746031,32256,145152,177408,144.0,142442496,0.002962399999887566,0.0017566000005899696,93.6669921875
ariad,1008,32,1,475,0.000448173435870558,0.8030443948412699,0.9960007440476191,32256,145152,177408,144.0,142442496,0.00304379999943194,0.001673000000664615,93.6669921875
ariad,1008,32,1,476,0.00044774386333301663,0.8031063988095238,0.9958767361111112,32256,145152,177408,144.0,142442496,0.0030660000011266675,0.0017841000008047558,93.6669921875
ariad,1008,32,1,477,0.00044733157847076654,0.8033234126984127,0.996062748015873,32256,145152,177408,144.0,142442496,0.0029068000003462657,0.0017207000000780681,93.6669921875
ariad,1008,32,1,478,0.0004469022969715297,0.8032924107142857,0.9956597222222222,32256,145152,177408,144.0,142442496,0.0030157999990478856,0.0017740000002959277,93.6669921875
ariad,1008,32,1,479,0.0004464299126993865,0.8034164186507936,0.9958457341269841,32256,145152,177408,144.0,142442496,0.003149600001052022,0.0018010000003414461,93.6669921875
ariad,1008,32,1,480,0.0004460182972252369,0.8036954365079365,0.996062748015873,32256,145152,177408,144.0,142442496,0.003067600000576931,0.0017674999999144347,93.6669921875
ariad,1008,32,1,481,0.0004456101742107421,0.8037574404761905,0.9959077380952381,32256,145152,177408,144.0,142442496,0.0030281999988801545,0.00167180000062217,93.6669921875
ariad,1008,32,1,482,0.00044521206291392446,0.8038194444444444,0.9959697420634921,32256,145152,177408,144.0,142442496,0.003135400000246591,0.001833700000133831,93.6669921875
ariad,1008,32,1,483,0.00044481310760602355,0.8040364583333334,0.9956287202380952,32256,145152,177408,144.0,142442496,0.009284199999456177,0.007577399999718182,93.6669921875
ariad,1008,32,1,484,0.00044441220234148204,0.8039744543650794,0.9954427083333334,32256,145152,177408,144.0,142442496,0.0030401000003621448,0.0017286999991483754,93.6669921875
ariad,1008,32,1,485,0.00044401618652045727,0.8039434523809523,0.9958767361111112,32256,145152,177408,144.0,142442496,0.003032000000530388,0.0017547000006743474,93.6669921875
ariad,1008,32,1,486,0.00044362666085362434,0.8039434523809523,0.9958457341269841,32256,145152,177408,144.0,142442496,0.0031500999994023005,0.001824000000851811,93.6669921875
ariad,1008,32,1,487,0.0004432242421898991,0.8039744543650794,0.9957217261904762,32256,145152,177408,144.0,142442496,0.0029948999999760417,0.0017387999996572034,93.6669921875
ariad,1008,32,1,488,0.00044284379691816866,0.8041604662698413,0.9957837301587301,32256,145152,177408,144.0,142442496,0.0030181000001903158,0.001728499999444466,93.6669921875
ariad,1008,32,1,489,0.00044243683805689216,0.8041604662698413,0.9956907242063492,32256,145152,177408,144.0,142442496,0.007444999999279389,0.0017041000010067364,93.6669921875
ariad,1008,32,1,490,0.00044205092126503587,0.8042844742063492,0.9960007440476191,32256,145152,177408,144.0,142442496,0.0029732000002695713,0.0017392999998264713,93.6669921875
ariad,1008,32,1,491,0.0004416460869833827,0.8042534722222222,0.996031746031746,32256,145152,177408,144.0,142442496,0.003017500001078588,0.001757500000167056,93.6669921875
ariad,1008,32,1,492,0.0004412285634316504,0.8043464781746031,0.9957217261904762,32256,145152,177408,144.0,142442496,0.0036949000004824484,0.0022016000002622604,93.6669921875
ariad,1008,32,1,493,0.0004408456734381616,0.8045014880952381,0.9956287202380952,32256,145152,177408,144.0,142442496,0.0031269999999494758,0.0018028000013146084,93.6669921875
ariad,1008,32,1,494,0.00044047556002624333,0.8045634920634921,0.9958457341269841,32256,145152,177408,144.0,142442496,0.003657299999758834,0.0017341000002488727,93.6669921875
ariad,1008,32,1,495,0.0004401089099701494,0.8045944940476191,0.9955977182539683,32256,145152,177408,144.0,142442496,0.004105300000446732,0.002330900000742986,93.6669921875
ariad,1008,32,1,496,0.00043971295235678554,0.8048115079365079,0.9959697420634921,32256,145152,177408,144.0,142442496,0.0030369000014616176,0.0017334999993181555,93.6669921875
ariad,1008,32,1,497,0.00043932697735726833,0.8049045138888888,0.9960007440476191,32256,145152,177408,144.0,142442496,0.0029936999999335967,0.0016782000002422137,93.6669921875
ariad,1008,32,1,498,0.0004389444657135755,0.8050595238095238,0.996124751984127,32256,145152,177408,144.0,142442496,0.0029470999998011393,0.0017048000008799136,93.6669921875
ariad,1008,32,1,499,0.00043860357254743576,0.8050285218253969,0.996155753968254,32256,145152,177408,144.0,142442496,0.003005200000188779,0.0017375000006722985,93.6669921875
ariad,1008,32,1,500,0.0004382480983622372,0.8051525297619048,0.9960007440476191,32256,145152,177408,144.0,142442496,0.004477899999983492,0.0023264000010385644,93.6669921875
