method,n,k,seed,epoch,mse,teacher_match,match_exhaustive,attn_scores,search_scores,total_scores,c_scored,est_flops,step_time_s,search_time_s,peak_mem_mb
dense,5008,32,1,1,0.12791571021080017,0.1755378893769968,1.0,25080064,0,25080064,0.0,19753795584,0.24665710000044783,0.0,434.0126953125
dense,5008,32,1,2,0.11851547658443451,0.16927291333865815,1.0,25080064,0,25080064,0.0,19753795584,0.004426200001034886,0.0,435.0087890625
dense,5008,32,1,3,0.11433567851781845,0.1622778554313099,1.0,25080064,0,25080064,0.0,19753795584,0.0043251999995845836,0.0,435.0087890625
dense,5008,32,1,4,0.11236201226711273,0.1559005591054313,1.0,25080064,0,25080064,0.0,19753795584,0.004309300000386429,0.0,435.0087890625
dense,5008,32,1,5,0.11136358976364136,0.15087110623003194,1.0,25080064,0,25080064,0.0,19753795584,0.004113599999982398,0.0,435.0087890625
dense,5008,32,1,6,0.11079589277505875,0.14748277755591055,1.0,25080064,0,25080064,0.0,19753795584,0.00419770000007702,0.0,435.0087890625
dense,5008,32,1,7,0.11041049659252167,0.14702725638977635,1.0,25080064,0,25080064,0.0,19753795584,0.004113299999517039,0.0,435.0087890625
dense,5008,32,1,8,0.11009552329778671,0.14827525958466453,1.0,25080064,0,25080064,0.0,19753795584,0.004314400001021568,0.0,435.0087890625
dense,5008,32,1,9,0.10980385541915894,0.15180086861022365,1.0,25080064,0,25080064,0.0,19753795584,0.004303300000174204,0.0,435.0087890625
dense,5008,32,1,10,0.10951827466487885,0.15674296126198084,1.0,25080064,0,25080064,0.0,19753795584,0.004312499999286956,0.0,435.0087890625
dense,5008,32,1,11,0.10923399776220322,0.16341353833865815,1.0,25080064,0,25080064,0.0,19753795584,0.0043126000000484055,0.0,435.0087890625
dense,5008,32,1,12,0.10895009338855743,0.1716753194888179,1.0,25080064,0,25080064,0.0,19753795584,0.004107700000531622,0.0,435.0087890625
dense,5008,32,1,13,0.10866585373878479,0.18116014376996806,1.0,25080064,0,25080064,0.0,19753795584,0.004279099999621394,0.0,435.0087890625
dense,5008,32,1,14,0.10837957262992859,0.1919116912939297,1.0,25080064,0,25080064,0.0,19753795584,0.004146100000070874,0.0,435.0087890625
dense,5008,32,1,15,0.10808879882097244,0.2030501198083067,1.0,25080064,0,25080064,0.0,19753795584,0.004091699998753029,0.0,435.0087890625
dense,5008,32,1,16,0.10779090225696564,0.21479382987220447,1.0,25080064,0,25080064,0.0,19753795584,0.0041067000001930865,0.0,435.0087890625
dense,5008,32,1,17,0.10748410224914551,0.22723018170926518,1.0,25080064,0,25080064,0.0,19753795584,0.0043786000005638925,0.0,435.0087890625
dense,5008,32,1,18,0.10716820508241653,0.24021565495207667,1.0,25080064,0,25080064,0.0,19753795584,0.0043126000000484055,0.0,435.0087890625
dense,5008,32,1,19,0.10684449225664139,0.25339456869009586,1.0,25080064,0,25080064,0.0,19753795584,0.004277100000763312,0.0,435.0087890625
dense,5008,32,1,20,0.10651487857103348,0.26676692292332266,1.0,25080064,0,25080064,0.0,19753795584,0.004293500000130734,0.0,435.0087890625
dense,5008,32,1,21,0.10618063062429428,0.27988343650159747,1.0,25080064,0,25080064,0.0,19753795584,0.004300399999920046,0.0,435.0087890625
dense,5008,32,1,22,0.10584163665771484,0.29312475039936103,1.0,25080064,0,25080064,0.0,19753795584,0.004090000000360305,0.0,435.0087890625
dense,5008,32,1,23,0.10549639910459518,0.3064097444089457,1.0,25080064,0,25080064,0.0,19753795584,0.004109800000151154,0.0,435.0087890625
dense,5008,32,1,24,0.10514263063669205,0.3194451377795527,1.0,25080064,0,25080064,0.0,19753795584,0.004095599999345723,0.0,435.0087890625
dense,5008,32,1,25,0.1047777384519577,0.33191268969648563,1.0,25080064,0,25080064,0.0,19753795584,0.004118400000152178,0.0,435.0087890625
dense,5008,32,1,26,0.10439915955066681,0.3434317591853035,1.0,25080064,0,25080064,0.0,19753795584,0.004098400000657421,0.0,435.0087890625
dense,5008,32,1,27,0.10400447994470596,0.3542145067891374,1.0,25080064,0,25080064,0.0,19753795584,0.0041119000015896745,0.0,435.0087890625
dense,5008,32,1,28,0.1035914421081543,0.36386781150159747,1.0,25080064,0,25080064,0.0,19753795584,0.004086299999471521,0.0,435.0087890625
dense,5008,32,1,29,0.103158138692379,0.37277855431309903,1.0,25080064,0,25080064,0.0,19753795584,0.0040817999997670995,0.0,435.0087890625
dense,5008,32,1,30,0.10270271450281143,0.38089681509584666,1.0,25080064,0,25080064,0.0,19753795584,0.004090599999472033,0.0,435.0087890625
dense,5008,32,1,31,0.10222267359495163,0.38819139376996803,1.0,25080064,0,25080064,0.0,19753795584,0.004383400000733673,0.0,435.0087890625
dense,5008,32,1,32,0.10171420127153397,0.39450004992012777,1.0,25080064,0,25080064,0.0,19753795584,0.004103100000065751,0.0,435.0087890625
dense,5008,32,1,33,0.1011730432510376,0.4007400658945687,1.0,25080064,0,25080064,0.0,19753795584,0.004092099999979837,0.0,435.0087890625
dense,5008,32,1,34,0.10059607774019241,0.4059130391373802,1.0,25080064,0,25080064,0.0,19753795584,0.004076000001077773,0.0,435.0087890625
dense,5008,32,1,35,0.09998193383216858,0.411160892571885,1.0,25080064,0,25080064,0.0,19753795584,0.004080400000020745,0.0,435.0087890625
dense,5008,32,1,36,0.09933049976825714,0.41609050519169327,1.0,25080064,0,25080064,0.0,19753795584,0.004095899999811081,0.0,435.0087890625
dense,5008,32,1,37,0.0986415222287178,0.4207829972044728,1.0,25080064,0,25080064,0.0,19753795584,0.004113700000743847,0.0,435.0087890625
dense,5008,32,1,38,0.09791319072246552,0.42584989017571884,1.0,25080064,0,25080064,0.0,19753795584,0.0041168999996443745,0.0,435.0087890625
dense,5008,32,1,39,0.09714111685752869,0.43036766174121405,1.0,25080064,0,25080064,0.0,19753795584,0.004076699999131961,0.0,435.0087890625
dense,5008,32,1,40,0.09632040560245514,0.4346919928115016,1.0,25080064,0,25080064,0.0,19753795584,0.0040924000004451955,0.0,435.0087890625
dense,5008,32,1,41,0.09544868767261505,0.4395155251597444,1.0,25080064,0,25080064,0.0,19753795584,0.004098100000192062,0.0,435.0087890625
dense,5008,32,1,42,0.09452467411756516,0.44368385583067094,1.0,25080064,0,25080064,0.0,19753795584,0.004174600000624196,0.0,435.0087890625
dense,5008,32,1,43,0.09354661405086517,0.4486883486421725,1.0,25080064,0,25080064,0.0,19753795584,0.004110800000489689,0.0,435.0087890625
dense,5008,32,1,44,0.09251394122838974,0.4536242012779553,1.0,25080064,0,25080064,0.0,19753795584,0.004085599999598344,0.0,435.0087890625
dense,5008,32,1,45,0.09142988175153732,0.4590467751597444,1.0,25080064,0,25080064,0.0,19753795584,0.004078800000570482,0.0,435.0087890625
dense,5008,32,1,46,0.09029856324195862,0.46436326876996803,1.0,25080064,0,25080064,0.0,19753795584,0.0040895999991334975,0.0,435.0087890625
dense,5008,32,1,47,0.08911775797605515,0.47014776357827476,1.0,25080064,0,25080064,0.0,19753795584,0.004095700000107172,0.0,435.0087890625
dense,5008,32,1,48,0.08788103610277176,0.4759509784345048,1.0,25080064,0,25080064,0.0,19753795584,0.004081499999301741,0.0,435.0087890625
dense,5008,32,1,49,0.08658567070960999,0.4818602735623003,1.0,25080064,0,25080064,0.0,19753795584,0.004516299999522744,0.0,435.0087890625
dense,5008,32,1,50,0.08523185551166534,0.48791932907348246,1.0,25080064,0,25080064,0.0,19753795584,0.004131800000322983,0.0,435.0087890625
dense,5008,32,1,51,0.0838165283203125,0.49477710662939295,1.0,25080064,0,25080064,0.0,19753795584,0.004135000001042499,0.0,435.0087890625
dense,5008,32,1,52,0.08233407139778137,0.50189696485623,1.0,25080064,0,25080064,0.0,19753795584,0.00408880000031786,0.0,435.0087890625
dense,5008,32,1,53,0.08078135550022125,0.5095597044728435,1.0,25080064,0,25080064,0.0,19753795584,0.004145200000493787,0.0,435.0087890625
dense,5008,32,1,54,0.07915449142456055,0.5171725239616614,1.0,25080064,0,25080064,0.0,19753795584,0.004112399999939953,0.0,435.0087890625
dense,5008,32,1,55,0.07744292169809341,0.5256090255591054,1.0,25080064,0,25080064,0.0,19753795584,0.004267199999958393,0.0,435.0087890625
dense,5008,32,1,56,0.0756358876824379,0.5341266473642172,1.0,25080064,0,25080064,0.0,19753795584,0.0042787000002135755,0.0,435.0087890625
dense,5008,32,1,57,0.0737292617559433,0.5433993111022364,1.0,25080064,0,25080064,0.0,19753795584,0.004318200000852812,0.0,435.0087890625
dense,5008,32,1,58,0.07171424478292465,0.5525471745207667,1.0,25080064,0,25080064,0.0,19753795584,0.004180699999778881,0.0,435.0087890625
dense,5008,32,1,59,0.06957101076841354,0.5618198382587859,1.0,25080064,0,25080064,0.0,19753795584,0.004141900000831811,0.0,435.0087890625
dense,5008,32,1,60,0.06727490574121475,0.5718350638977636,1.0,25080064,0,25080064,0.0,19753795584,0.004099099998711608,0.0,435.0087890625
dense,5008,32,1,61,0.0648006871342659,0.5815445287539937,1.0,25080064,0,25080064,0.0,19753795584,0.004337699998359312,0.0,435.0087890625
dense,5008,32,1,62,0.06213106960058212,0.5918280750798722,1.0,25080064,0,25080064,0.0,19753795584,0.004311799999413779,0.0,435.0087890625
dense,5008,32,1,63,0.059255823493003845,0.6020991413738019,1.0,25080064,0,25080064,0.0,19753795584,0.004430200000570039,0.0,435.0087890625
dense,5008,32,1,64,0.05615592747926712,0.6125137280351438,1.0,25080064,0,25080064,0.0,19753795584,0.004310500000428874,0.0,435.0087890625
dense,5008,32,1,65,0.0528106689453125,0.6233713558306709,1.0,25080064,0,25080064,0.0,19753795584,0.004326599999330938,0.0,435.0087890625
dense,5008,32,1,66,0.04922431334853172,0.6344286641373802,1.0,25080064,0,25080064,0.0,19753795584,0.004116300000532647,0.0,435.0087890625
dense,5008,32,1,67,0.04542749375104904,0.6450491713258786,1.0,25080064,0,25080064,0.0,19753795584,0.004082400000697817,0.0,435.0087890625
dense,5008,32,1,68,0.041479047387838364,0.6555261581469649,1.0,25080064,0,25080064,0.0,19753795584,0.004201299998385366,0.0,435.0087890625
dense,5008,32,1,69,0.03747614100575447,0.6658221845047924,1.0,25080064,0,25080064,0.0,19753795584,0.0042376000001240755,0.0,435.0087890625
dense,5008,32,1,70,0.03353429585695267,0.6760620507188498,1.0,25080064,0,25080064,0.0,19753795584,0.004377200000817538,0.0,435.0087890625
dense,5008,32,1,71,0.0297408364713192,0.6861583965654952,1.0,25080064,0,25080064,0.0,19753795584,0.004344900000432972,0.0,435.0087890625
dense,5008,32,1,72,0.026170089840888977,0.6964232228434505,1.0,25080064,0,25080064,0.0,19753795584,0.004322599999795784,0.0,435.0087890625
dense,5008,32,1,73,0.022938162088394165,0.7064259684504792,1.0,25080064,0,25080064,0.0,19753795584,0.004333000000769971,0.0,435.0087890625
dense,5008,32,1,74,0.02015267126262188,0.716796875,1.0,25080064,0,25080064,0.0,19753795584,0.004111300000658957,0.0,435.0087890625
dense,5008,32,1,75,0.017825402319431305,0.7272052216453674,1.0,25080064,0,25080064,0.0,19753795584,0.0041001999998115934,0.0,435.0087890625
dense,5008,32,1,76,0.015897173434495926,0.7371830071884984,1.0,25080064,0,25080064,0.0,19753795584,0.004104700001335004,0.0,435.0087890625
dense,5008,32,1,77,0.014312097802758217,0.7459190295527156,1.0,25080064,0,25080064,0.0,19753795584,0.004369000000224332,0.0,435.0087890625
dense,5008,32,1,78,0.013025530613958836,0.7549233726038339,1.0,25080064,0,25080064,0.0,19753795584,0.004308200001105433,0.0,435.0087890625
dense,5008,32,1,79,0.011954083107411861,0.7640899560702875,1.0,25080064,0,25080064,0.0,19753795584,0.004288599999199505,0.0,435.0087890625
dense,5008,32,1,80,0.01101871021091938,0.773225339456869,1.0,25080064,0,25080064,0.0,19753795584,0.004287800000383868,0.0,435.0087890625
dense,5008,32,1,81,0.010180875658988953,0.7821922424121406,1.0,25080064,0,25080064,0.0,19753795584,0.004335499999797321,0.0,435.0087890625
dense,5008,32,1,82,0.009421092458069324,0.7904477835463258,1.0,25080064,0,25080064,0.0,19753795584,0.0044993999999860534,0.0,435.0087890625
dense,5008,32,1,83,0.008721833117306232,0.7988218849840255,1.0,25080064,0,25080064,0.0,19753795584,0.0040496000001439825,0.0,435.0087890625
dense,5008,32,1,84,0.008062289096415043,0.8065657448083067,1.0,25080064,0,25080064,0.0,19753795584,0.004092499999387655,0.0,435.0087890625
dense,5008,32,1,85,0.0074331010691821575,0.8139788837859425,1.0,25080064,0,25080064,0.0,19753795584,0.004118200000448269,0.0,435.0087890625
dense,5008,32,1,86,0.006823831237852573,0.8209864217252396,1.0,25080064,0,25080064,0.0,19753795584,0.004090899999937392,0.0,435.0087890625
dense,5008,32,1,87,0.0062205917201936245,0.8275883586261981,1.0,25080064,0,25080064,0.0,19753795584,0.004112900000109221,0.0,435.0087890625
dense,5008,32,1,88,0.005628442857414484,0.8344274161341853,1.0,25080064,0,25080064,0.0,19753795584,0.004109899999093614,0.0,435.0087890625
dense,5008,32,1,89,0.005069252569228411,0.8409107927316294,1.0,25080064,0,25080064,0.0,19753795584,0.00409619999845745,0.0,435.0087890625
dense,5008,32,1,90,0.004561084322631359,0.8472818490415336,1.0,25080064,0,25080064,0.0,19753795584,0.004097800001545693,0.0,435.0087890625
dense,5008,32,1,91,0.004114057868719101,0.8538276257987221,1.0,25080064,0,25080064,0.0,19753795584,0.00408649999917543,0.0,435.0087890625
dense,5008,32,1,92,0.003728449111804366,0.8604420427316294,1.0,25080064,0,25080064,0.0,19753795584,0.004097600000022794,0.0,435.0087890625
dense,5008,32,1,93,0.0033929264172911644,0.866351337859425,1.0,25080064,0,25080064,0.0,19753795584,0.00426309999966179,0.0,435.0087890625
dense,5008,32,1,94,0.003098105313256383,0.872098392571885,1.0,25080064,0,25080064,0.0,19753795584,0.004384600000776118,0.0,435.0087890625
dense,5008,32,1,95,0.0028424717020243406,0.8774148861821086,1.0,25080064,0,25080064,0.0,19753795584,0.004089699999894947,0.0,435.0087890625
dense,5008,32,1,96,0.0026217042468488216,0.8822945786741214,1.0,25080064,0,25080064,0.0,19753795584,0.004126300000280025,0.0,435.0087890625
dense,5008,32,1,97,0.0024278073105961084,0.8868123502396166,1.0,25080064,0,25080064,0.0,19753795584,0.004064499999003601,0.0,435.0087890625
dense,5008,32,1,98,0.002251629950478673,0.8913862819488818,1.0,25080064,0,25080064,0.0,19753795584,0.00408880000031786,0.0,435.0087890625
dense,5008,32,1,99,0.0020857464987784624,0.8951302915335463,1.0,25080064,0,25080064,0.0,19753795584,0.00412510000023758,0.0,435.0087890625
dense,5008,32,1,100,0.0019260240951552987,0.899130141773163,1.0,25080064,0,25080064,0.0,19753795584,0.004089799998837407,0.0,435.0087890625
dense,5008,32,1,101,0.001773799303919077,0.9035106329872205,1.0,25080064,0,25080064,0.0,19753795584,0.004102400000192574,0.0,435.0087890625
dense,5008,32,1,102,0.0016334260581061244,0.9072733626198083,1.0,25080064,0,25080064,0.0,19753795584,0.004114299999855575,0.0,435.0087890625
dense,5008,32,1,103,0.0015062779420986772,0.9103746505591054,1.0,25080064,0,25080064,0.0,19753795584,0.004105600000912091,0.0,435.0087890625
dense,5008,32,1,104,0.0013899803161621094,0.9138440994408946,1.0,25080064,0,25080064,0.0,19753795584,0.004108500001166249,0.0,435.0087890625
dense,5008,32,1,105,0.0012809217441827059,0.9173509884185304,1.0,25080064,0,25080064,0.0,19753795584,0.004113799999686307,0.0,435.0087890625
dense,5008,32,1,106,0.0011787376133725047,0.9212821984824281,1.0,25080064,0,25080064,0.0,19753795584,0.004091800001333468,0.0,435.0087890625
dense,5008,32,1,107,0.0010859088506549597,0.9244958067092651,1.0,25080064,0,25080064,0.0,19753795584,0.004089199999725679,0.0,435.0087890625
dense,5008,32,1,108,0.00100420112721622,0.9278716553514377,1.0,25080064,0,25080064,0.0,19753795584,0.004101999998965766,0.0,435.0087890625
dense,5008,32,1,109,0.0009332963381893933,0.9309729432907349,1.0,25080064,0,25080064,0.0,19753795584,0.004065200000695768,0.0,435.0087890625
dense,5008,32,1,110,0.0008718803292140365,0.9339806309904153,1.0,25080064,0,25080064,0.0,19753795584,0.004089899999598856,0.0,435.0087890625
dense,5008,32,1,111,0.0008196461130864918,0.936439197284345,1.0,25080064,0,25080064,0.0,19753795584,0.004443800000444753,0.0,435.0087890625
dense,5008,32,1,112,0.0007763567846268415,0.9384172823482428,1.0,25080064,0,25080064,0.0,19753795584,0.004120100000363891,0.0,435.0087890625
dense,5008,32,1,113,0.0007406370132230222,0.9401020866613419,1.0,25080064,0,25080064,0.0,19753795584,0.0041132000005745795,0.0,435.0087890625
dense,5008,32,1,114,0.0007104103569872677,0.9410942492012779,1.0,25080064,0,25080064,0.0,19753795584,0.004086099999767612,0.0,435.0087890625
dense,5008,32,1,115,0.0006842880975455046,0.9419740914536742,1.0,25080064,0,25080064,0.0,19753795584,0.004104599998754566,0.0,435.0087890625
dense,5008,32,1,116,0.0006619137129746377,0.9425731329872205,1.0,25080064,0,25080064,0.0,19753795584,0.004084300000613439,0.0,435.0087890625
dense,5008,32,1,117,0.000642493600025773,0.9434841753194888,1.0,25080064,0,25080064,0.0,19753795584,0.0040936999994301,0.0,435.0087890625
dense,5008,32,1,118,0.0006248767604120076,0.944195537140575,1.0,25080064,0,25080064,0.0,19753795584,0.004108999999516527,0.0,435.0087890625
dense,5008,32,1,119,0.0006083151092752814,0.9446448182907349,1.0,25080064,0,25080064,0.0,19753795584,0.004106799999135546,0.0,435.0087890625
dense,5008,32,1,120,0.0005920020048506558,0.945100339456869,1.0,25080064,0,25080064,0.0,19753795584,0.00410820000070089,0.0,435.0087890625
dense,5008,32,1,121,0.0005755725433118641,0.9457181010383386,1.0,25080064,0,25080064,0.0,19753795584,0.004090800000994932,0.0,435.0087890625
dense,5008,32,1,122,0.0005593980313278735,0.9465043430511182,1.0,25080064,0,25080064,0.0,19753795584,0.004138399999646936,0.0,435.0087890625
dense,5008,32,1,123,0.0005440108361653984,0.947533945686901,1.0,25080064,0,25080064,0.0,19753795584,0.004111300000658957,0.0,435.0087890625
dense,5008,32,1,124,0.0005299905897118151,0.9483576277955271,1.0,25080064,0,25080064,0.0,19753795584,0.004121200001463876,0.0,435.0087890625
dense,5008,32,1,125,0.0005175808910280466,0.9491189097444089,1.0,25080064,0,25080064,0.0,19753795584,0.004094699999768636,0.0,435.0087890625
dense,5008,32,1,126,0.0005064306897111237,0.9497054712460063,1.0,25080064,0,25080064,0.0,19753795584,0.004143199999816716,0.0,435.0087890625
dense,5008,32,1,127,0.0004962489474564791,0.9505291533546326,1.0,25080064,0,25080064,0.0,19753795584,0.004100300000573043,0.0,435.0087890625
dense,5008,32,1,128,0.0004869871190749109,0.9508286741214057,1.0,25080064,0,25080064,0.0,19753795584,0.004124200000660494,0.0,435.0087890625
dense,5008,32,1,129,0.00047882209764793515,0.9512030750798722,1.0,25080064,0,25080064,0.0,19753795584,0.004111000000193599,0.0,435.0087890625
dense,5008,32,1,130,0.0004718089767266065,0.9515213158945687,1.0,25080064,0,25080064,0.0,19753795584,0.004092299999683746,0.0,435.0087890625
dense,5008,32,1,131,0.00046570118865929544,0.951964357028754,1.0,25080064,0,25080064,0.0,19753795584,0.0040813999985402916,0.0,435.0087890625
dense,5008,32,1,132,0.0004602799017447978,0.9523075579073482,1.0,25080064,0,25080064,0.0,19753795584,0.004140000000916189,0.0,435.0087890625
dense,5008,32,1,133,0.0004554156621452421,0.9527381190095847,1.0,25080064,0,25080064,0.0,19753795584,0.004418200000145589,0.0,435.0087890625
dense,5008,32,1,134,0.0004511272127274424,0.9532186002396166,1.0,25080064,0,25080064,0.0,19753795584,0.0041168000007019145,0.0,435.0087890625
dense,5008,32,1,135,0.00044740462908521295,0.9533746006389776,1.0,25080064,0,25080064,0.0,19753795584,0.004112500000701402,0.0,435.0087890625
dense,5008,32,1,136,0.00044411153066903353,0.9535867611821086,1.0,25080064,0,25080064,0.0,19753795584,0.004351900000983733,0.0,435.0087890625
dense,5008,32,1,137,0.00044110178714618087,0.9538925219648562,1.0,25080064,0,25080064,0.0,19753795584,0.004169300000285148,0.0,435.0087890625
dense,5008,32,1,138,0.00043833767995238304,0.9541483626198083,1.0,25080064,0,25080064,0.0,19753795584,0.004320000000006985,0.0,435.0087890625
dense,5008,32,1,139,0.00043584106606431305,0.9543730031948882,1.0,25080064,0,25080064,0.0,19753795584,0.004333000000769971,0.0,435.0087890625
dense,5008,32,1,140,0.00043360335985198617,0.9545477236421726,1.0,25080064,0,25080064,0.0,19753795584,0.004322300001149415,0.0,435.0087890625
dense,5008,32,1,141,0.0004316243575885892,0.9546101238019169,1.0,25080064,0,25080064,0.0,19753795584,0.004430900000443216,0.0,435.0087890625
dense,5008,32,1,142,0.00042985801701433957,0.9547411641373802,1.0,25080064,0,25080064,0.0,19753795584,0.004285500001060427,0.0,435.0087890625
dense,5008,32,1,143,0.0004282595473341644,0.9546850039936102,1.0,25080064,0,25080064,0.0,19753795584,0.004315499998483574,0.0,435.0087890625
dense,5008,32,1,144,0.00042682484490796924,0.9548285243610224,1.0,25080064,0,25080064,0.0,19753795584,0.0041478999992250465,0.0,435.0087890625
dense,5008,32,1,145,0.00042548717465251684,0.9548534844249201,1.0,25080064,0,25080064,0.0,19753795584,0.004130999999688356,0.0,435.0087890625
dense,5008,32,1,146,0.0004241835849825293,0.9550906050319489,1.0,25080064,0,25080064,0.0,19753795584,0.004369199999928242,0.0,435.0087890625
dense,5008,32,1,147,0.0004229318874422461,0.9550906050319489,1.0,25080064,0,25080064,0.0,19753795584,0.004505299999436829,0.0,435.0087890625
dense,5008,32,1,148,0.0004217787354718894,0.955078125,1.0,25080064,0,25080064,0.0,19753795584,0.004571199999190867,0.0,435.0087890625
dense,5008,32,1,149,0.0004207500896882266,0.9551155650958466,1.0,25080064,0,25080064,0.0,19753795584,0.004350600000179838,0.0,435.0087890625
dense,5008,32,1,150,0.0004198430688120425,0.9552216453674122,1.0,25080064,0,25080064,0.0,19753795584,0.004152100000283099,0.0,435.0087890625
dense,5008,32,1,151,0.00041904134559445083,0.9552091653354633,1.0,25080064,0,25080064,0.0,19753795584,0.00416409999888856,0.0,435.0087890625
dense,5008,32,1,152,0.0004183302808087319,0.9554275658945687,1.0,25080064,0,25080064,0.0,19753795584,0.004697099999248167,0.0,435.0087890625
dense,5008,32,1,153,0.0004177025693934411,0.9554275658945687,1.0,25080064,0,25080064,0.0,19753795584,0.004373600000690203,0.0,435.0087890625
dense,5008,32,1,154,0.0004171527980361134,0.9554338059105432,1.0,25080064,0,25080064,0.0,19753795584,0.004338800001278287,0.0,435.0087890625
dense,5008,32,1,155,0.0004166689177509397,0.9554275658945687,1.0,25080064,0,25080064,0.0,19753795584,0.0041156000006594695,0.0,435.0087890625
dense,5008,32,1,156,0.0004162352124694735,0.9552965255591054,1.0,25080064,0,25080064,0.0,19753795584,0.004148199999690405,0.0,435.0087890625
dense,5008,32,1,157,0.0004158451338298619,0.95513428514377,1.0,25080064,0,25080064,0.0,19753795584,0.0041543000006640796,0.0,435.0087890625
dense,5008,32,1,158,0.0004155015340074897,0.9551405251597445,1.0,25080064,0,25080064,0.0,19753795584,0.00437919999967562,0.0,435.0087890625
dense,5008,32,1,159,0.00041519690421409905,0.9551842052715654,1.0,25080064,0,25080064,0.0,19753795584,0.004322300001149415,0.0,435.0087890625
dense,5008,32,1,160,0.00041492076707072556,0.9552154053514377,1.0,25080064,0,25080064,0.0,19753795584,0.004300099999454687,0.0,435.0087890625
dense,5008,32,1,161,0.00041466631228104234,0.9552715654952076,1.0,25080064,0,25080064,0.0,19753795584,0.004121699999814155,0.0,435.0087890625
dense,5008,32,1,162,0.0004144290869589895,0.9552778055111821,1.0,25080064,0,25080064,0.0,19753795584,0.004127199999857112,0.0,435.0087890625
dense,5008,32,1,163,0.0004142159014008939,0.9552715654952076,1.0,25080064,0,25080064,0.0,19753795584,0.004121100000702427,0.0,435.0087890625
dense,5008,32,1,164,0.00041402861825190485,0.9553526857028753,1.0,25080064,0,25080064,0.0,19753795584,0.004115800000363379,0.0,435.0087890625
dense,5008,32,1,165,0.0004138633084949106,0.9554213258785943,1.0,25080064,0,25080064,0.0,19753795584,0.004315300000598654,0.0,435.0087890625
dense,5008,32,1,166,0.00041371307452209294,0.9554275658945687,1.0,25080064,0,25080064,0.0,19753795584,0.004179600000497885,0.0,435.0087890625
dense,5008,32,1,167,0.00041357416193932295,0.9554525259584664,1.0,25080064,0,25080064,0.0,19753795584,0.0042334999998274725,0.0,435.0087890625
dense,5008,32,1,168,0.00041344622150063515,0.9553714057507987,1.0,25080064,0,25080064,0.0,19753795584,0.004092799999853014,0.0,435.0087890625
dense,5008,32,1,169,0.0004133281181566417,0.9553776457667732,1.0,25080064,0,25080064,0.0,19753795584,0.004093999999895459,0.0,435.0087890625
dense,5008,32,1,170,0.0004132183385081589,0.9553901257987221,1.0,25080064,0,25080064,0.0,19753795584,0.004116399999475107,0.0,435.0087890625
dense,5008,32,1,171,0.00041311702807433903,0.9554275658945687,1.0,25080064,0,25080064,0.0,19753795584,0.004114699999263394,0.0,435.0087890625
dense,5008,32,1,172,0.00041302217869088054,0.9554712460063898,1.0,25080064,0,25080064,0.0,19753795584,0.004124800001591211,0.0,435.0087890625
dense,5008,32,1,173,0.00041293431422673166,0.9554650059904153,1.0,25080064,0,25080064,0.0,19753795584,0.004105800000616,0.0,435.0087890625
dense,5008,32,1,174,0.00041285771294496953,0.9554837260383386,1.0,25080064,0,25080064,0.0,19753795584,0.0041203000000678,0.0,435.0087890625
dense,5008,32,1,175,0.0004127956635784358,0.9555086861022364,1.0,25080064,0,25080064,0.0,19753795584,0.004073800000696792,0.0,435.0087890625
dense,5008,32,1,176,0.00041274388786405325,0.9554400459265175,1.0,25080064,0,25080064,0.0,19753795584,0.004209299999274663,0.0,435.0087890625
dense,5008,32,1,177,0.00041269807843491435,0.955446285942492,1.0,25080064,0,25080064,0.0,19753795584,0.004201800000373623,0.0,435.0087890625
dense,5008,32,1,178,0.00041265616891905665,0.9554587659744409,1.0,25080064,0,25080064,0.0,19753795584,0.004093999999895459,0.0,435.0087890625
dense,5008,32,1,179,0.00041261804290115833,0.9554774860223643,1.0,25080064,0,25080064,0.0,19753795584,0.004104900001038914,0.0,435.0087890625
dense,5008,32,1,180,0.0004125841078348458,0.9554774860223643,1.0,25080064,0,25080064,0.0,19753795584,0.004182500000752043,0.0,435.0087890625
dense,5008,32,1,181,0.00041255258838646114,0.9554774860223643,1.0,25080064,0,25080064,0.0,19753795584,0.0041947999998228624,0.0,435.0087890625
dense,5008,32,1,182,0.00041252345545217395,0.9554026058306709,1.0,25080064,0,25080064,0.0,19753795584,0.004099700001461315,0.0,435.0087890625
dense,5008,32,1,183,0.0004124977858737111,0.9554026058306709,1.0,25080064,0,25080064,0.0,19753795584,0.004100899999684771,0.0,435.0087890625
dense,5008,32,1,184,0.0004124761326238513,0.9553901257987221,1.0,25080064,0,25080064,0.0,19753795584,0.0041025000009540236,0.0,435.0087890625
dense,5008,32,1,185,0.00041245672036893666,0.9553901257987221,1.0,25080064,0,25080064,0.0,19753795584,0.0041030000011232914,0.0,435.0087890625
dense,5008,32,1,186,0.000412438006605953,0.9554525259584664,1.0,25080064,0,25080064,0.0,19753795584,0.004095100000995444,0.0,435.0087890625
dense,5008,32,1,187,0.00041241938015446067,0.9554275658945687,1.0,25080064,0,25080064,0.0,19753795584,0.0043464000009407755,0.0,435.0087890625
dense,5008,32,1,188,0.00041240156861022115,0.9554400459265175,1.0,25080064,0,25080064,0.0,19753795584,0.004126099998757127,0.0,435.0087890625
dense,5008,32,1,189,0.0004123854741919786,0.9554525259584664,1.0,25080064,0,25080064,0.0,19753795584,0.004080900000190013,0.0,435.0087890625
dense,5008,32,1,190,0.0004123715916648507,0.9554150858626198,1.0,25080064,0,25080064,0.0,19753795584,0.0041115000003628666,0.0,435.0087890625
dense,5008,32,1,191,0.00041235939715988934,0.9554088458466453,1.0,25080064,0,25080064,0.0,19753795584,0.004110899999432149,0.0,435.0087890625
dense,5008,32,1,192,0.0004123483086004853,0.9554275658945687,1.0,25080064,0,25080064,0.0,19753795584,0.004109200001039426,0.0,435.0087890625
dense,5008,32,1,193,0.00041233882075175643,0.9554275658945687,1.0,25080064,0,25080064,0.0,19753795584,0.004094199999599368,0.0,435.0087890625
dense,5008,32,1,194,0.00041233032243326306,0.9553963658146964,1.0,25080064,0,25080064,0.0,19753795584,0.004101900000023306,0.0,435.0087890625
dense,5008,32,1,195,0.0004123226390220225,0.9553776457667732,1.0,25080064,0,25080064,0.0,19753795584,0.004093300000022282,0.0,435.0087890625
dense,5008,32,1,196,0.0004123161197640002,0.9553589257188498,1.0,25080064,0,25080064,0.0,19753795584,0.004085700000359793,0.0,435.0087890625
dense,5008,32,1,197,0.00041231041541323066,0.9554088458466453,1.0,25080064,0,25080064,0.0,19753795584,0.004087799999979325,0.0,435.0087890625
dense,5008,32,1,198,0.00041230570059269667,0.9554088458466453,1.0,25080064,0,25080064,0.0,19753795584,0.004081299999597832,0.0,435.0087890625
dense,5008,32,1,199,0.0004123011603951454,0.9554026058306709,1.0,25080064,0,25080064,0.0,19753795584,0.0040859000000637025,0.0,435.0087890625
dense,5008,32,1,200,0.0004122968530282378,0.9554150858626198,1.0,25080064,0,25080064,0.0,19753795584,0.0040895000001910375,0.0,435.0087890625
dense,5008,32,1,201,0.0004122928366996348,0.9554088458466453,1.0,25080064,0,25080064,0.0,19753795584,0.004415800000060699,0.0,435.0087890625
dense,5008,32,1,202,0.0004122888785786927,0.9554150858626198,1.0,25080064,0,25080064,0.0,19753795584,0.004458299999896553,0.0,435.0087890625
dense,5008,32,1,203,0.0004122854152228683,0.9554150858626198,1.0,25080064,0,25080064,0.0,19753795584,0.004274999999324791,0.0,435.0087890625
dense,5008,32,1,204,0.000412282272009179,0.9554587659744409,1.0,25080064,0,25080064,0.0,19753795584,0.004168499999650521,0.0,435.0087890625
dense,5008,32,1,205,0.00041227941983379424,0.955446285942492,1.0,25080064,0,25080064,0.0,19753795584,0.004147499999817228,0.0,435.0087890625
dense,5008,32,1,206,0.00041227680048905313,0.9553963658146964,1.0,25080064,0,25080064,0.0,19753795584,0.0041531999995640945,0.0,435.0087890625
dense,5008,32,1,207,0.00041227455949410796,0.9553714057507987,1.0,25080064,0,25080064,0.0,19753795584,0.004117000000405824,0.0,435.0087890625
dense,5008,32,1,208,0.0004122723767068237,0.9553651657348243,1.0,25080064,0,25080064,0.0,19753795584,0.004228300000249874,0.0,435.0087890625
dense,5008,32,1,209,0.00041227080509997904,0.9553651657348243,1.0,25080064,0,25080064,0.0,19753795584,0.004613000000972534,0.0,435.0087890625
dense,5008,32,1,210,0.00041226917528547347,0.9554088458466453,1.0,25080064,0,25080064,0.0,19753795584,0.004124200000660494,0.0,435.0087890625
dense,5008,32,1,211,0.00041226772009395063,0.9553963658146964,1.0,25080064,0,25080064,0.0,19753795584,0.004153699999733362,0.0,435.0087890625
dense,5008,32,1,212,0.00041226655594073236,0.9553963658146964,1.0,25080064,0,25080064,0.0,19753795584,0.004167200000665616,0.0,435.0087890625
dense,5008,32,1,213,0.00041226547909900546,0.9554088458466453,1.0,25080064,0,25080064,0.0,19753795584,0.004115300000194111,0.0,435.0087890625
dense,5008,32,1,214,0.0004122643731534481,0.9553651657348243,1.0,25080064,0,25080064,0.0,19753795584,0.004121899999518064,0.0,435.0087890625
dense,5008,32,1,215,0.00041226341272704303,0.9553901257987221,1.0,25080064,0,25080064,0.0,19753795584,0.004172599999947124,0.0,435.0087890625
dense,5008,32,1,216,0.0004122625687159598,0.9554275658945687,1.0,25080064,0,25080064,0.0,19753795584,0.004556800000500516,0.0,435.0087890625
dense,5008,32,1,217,0.000412261753808707,0.9554400459265175,1.0,25080064,0,25080064,0.0,19753795584,0.004155299999183626,0.0,435.0087890625
dense,5008,32,1,218,0.0004122612881474197,0.9554525259584664,1.0,25080064,0,25080064,0.0,19753795584,0.004139099999520113,0.0,435.0087890625
dense,5008,32,1,219,0.0004122606187593192,0.9554837260383386,1.0,25080064,0,25080064,0.0,19753795584,0.004173399998762761,0.0,435.0087890625
dense,5008,32,1,220,0.00041226018220186234,0.9554837260383386,1.0,25080064,0,25080064,0.0,19753795584,0.004192700000203331,0.0,435.0087890625
dense,5008,32,1,221,0.00041225957102142274,0.9554962060702875,1.0,25080064,0,25080064,0.0,19753795584,0.004106200000023819,0.0,435.0087890625
dense,5008,32,1,222,0.0004122590471524745,0.9554899660543131,1.0,25080064,0,25080064,0.0,19753795584,0.004094900001291535,0.0,435.0087890625
dense,5008,32,1,223,0.00041225890163332224,0.9554712460063898,1.0,25080064,0,25080064,0.0,19753795584,0.004123099999560509,0.0,435.0087890625
dense,5008,32,1,224,0.0004122584650758654,0.9554650059904153,1.0,25080064,0,25080064,0.0,19753795584,0.004239800000505056,0.0,435.0087890625
dense,5008,32,1,225,0.00041225794120691717,0.9554400459265175,1.0,25080064,0,25080064,0.0,19753795584,0.004281400000763824,0.0,435.0087890625
dense,5008,32,1,226,0.0004122577083762735,0.9554275658945687,1.0,25080064,0,25080064,0.0,19753795584,0.004187699998510652,0.0,435.0087890625
dense,5008,32,1,227,0.00041225762106478214,0.9554400459265175,1.0,25080064,0,25080064,0.0,19753795584,0.004124700000829762,0.0,435.0087890625
dense,5008,32,1,228,0.0004122572427149862,0.9554213258785943,1.0,25080064,0,25080064,0.0,19753795584,0.005386400000134017,0.0,435.0087890625
dense,5008,32,1,229,0.000412257038988173,0.9554150858626198,1.0,25080064,0,25080064,0.0,19753795584,0.004297600000427337,0.0,435.0087890625
dense,5008,32,1,230,0.00041225680615752935,0.955446285942492,1.0,25080064,0,25080064,0.0,19753795584,0.0043125000011059456,0.0,435.0087890625
dense,5008,32,1,231,0.00041225674794986844,0.9554400459265175,1.0,25080064,0,25080064,0.0,19753795584,0.004131600000619073,0.0,435.0087890625
dense,5008,32,1,232,0.0004122565151192248,0.9554275658945687,1.0,25080064,0,25080064,0.0,19753795584,0.0041324000012537,0.0,435.0087890625
dense,5008,32,1,233,0.0004122563696000725,0.9554213258785943,1.0,25080064,0,25080064,0.0,19753795584,0.004140700000789366,0.0,435.0087890625
dense,5008,32,1,234,0.00041225613676942885,0.9554150858626198,1.0,25080064,0,25080064,0.0,19753795584,0.004099399999176967,0.0,435.0087890625
dense,5008,32,1,235,0.00041225599125027657,0.9554026058306709,1.0,25080064,0,25080064,0.0,19753795584,0.004318900000725989,0.0,435.0087890625
dense,5008,32,1,236,0.00041225599125027657,0.9554088458466453,1.0,25080064,0,25080064,0.0,19753795584,0.004146499999478692,0.0,435.0087890625
dense,5008,32,1,237,0.000412255700211972,0.9554150858626198,1.0,25080064,0,25080064,0.0,19753795584,0.004339300001447555,0.0,435.0087890625
dense,5008,32,1,238,0.0004122557584196329,0.9554213258785943,1.0,25080064,0,25080064,0.0,19753795584,0.007133499999326887,0.0,435.0087890625
dense,5008,32,1,239,0.000412255700211972,0.9554213258785943,1.0,25080064,0,25080064,0.0,19753795584,0.004164500000115368,0.0,435.0087890625
dense,5008,32,1,240,0.000412255700211972,0.9554150858626198,1.0,25080064,0,25080064,0.0,19753795584,0.004232000001138658,0.0,435.0087890625
dense,5008,32,1,241,0.00041225567110814154,0.9554213258785943,1.0,25080064,0,25080064,0.0,19753795584,0.004350400000475929,0.0,435.0087890625
dense,5008,32,1,242,0.00041225552558898926,0.9554275658945687,1.0,25080064,0,25080064,0.0,19753795584,0.0041490999992674915,0.0,435.0087890625
dense,5008,32,1,243,0.00041225552558898926,0.9554275658945687,1.0,25080064,0,25080064,0.0,19753795584,0.004154499998548999,0.0,435.0087890625
dense,5008,32,1,244,0.00041225552558898926,0.9554338059105432,1.0,25080064,0,25080064,0.0,19753795584,0.005863599999429425,0.0,435.0087890625
dense,5008,32,1,245,0.00041225532186217606,0.9554338059105432,1.0,25080064,0,25080064,0.0,19753795584,0.004408000000694301,0.0,435.0087890625
dense,5008,32,1,246,0.00041225552558898926,0.9554400459265175,1.0,25080064,0,25080064,0.0,19753795584,0.004121800000575604,0.0,435.0087890625
dense,5008,32,1,247,0.0004122558166272938,0.9554400459265175,1.0,25080064,0,25080064,0.0,19753795584,0.004153800000494812,0.0,435.0087890625
dense,5008,32,1,248,0.00041225593304261565,0.9554213258785943,1.0,25080064,0,25080064,0.0,19753795584,0.0044826000012108125,0.0,435.0087890625
dense,5008,32,1,249,0.00041225695167668164,0.9554213258785943,1.0,25080064,0,25080064,0.0,19753795584,0.004324399998949957,0.0,435.0087890625
dense,5008,32,1,250,0.00041225922177545726,0.9554026058306709,1.0,25080064,0,25080064,0.0,19753795584,0.004313199999160133,0.0,435.0087890625
dense,5008,32,1,251,0.00041226428584195673,0.9554088458466453,1.0,25080064,0,25080064,0.0,19753795584,0.0042840999994950835,0.0,435.0087890625
dense,5008,32,1,252,0.0004122733371332288,0.9554213258785943,1.0,25080064,0,25080064,0.0,19753795584,0.0041988000011770055,0.0,435.0087890625
dense,5008,32,1,253,0.00041228378540836275,0.9554213258785943,1.0,25080064,0,25080064,0.0,19753795584,0.004408199998579221,0.0,435.0087890625
dense,5008,32,1,254,0.00041228331974707544,0.9554275658945687,1.0,25080064,0,25080064,0.0,19753795584,0.004316599999583559,0.0,435.0087890625
dense,5008,32,1,255,0.00041226655594073236,0.9554088458466453,1.0,25080064,0,25080064,0.0,19753795584,0.00419049999982235,0.0,435.0087890625
dense,5008,32,1,256,0.00041225532186217606,0.9554150858626198,1.0,25080064,0,25080064,0.0,19753795584,0.004354199998488184,0.0,435.0087890625
dense,5008,32,1,257,0.0004122637037653476,0.9554275658945687,1.0,25080064,0,25080064,0.0,19753795584,0.004121100000702427,0.0,435.0087890625
dense,5008,32,1,258,0.00041227208566851914,0.9554213258785943,1.0,25080064,0,25080064,0.0,19753795584,0.004120100000363891,0.0,435.0087890625
dense,5008,32,1,259,0.00041226379107683897,0.9554338059105432,1.0,25080064,0,25080064,0.0,19753795584,0.004110899999432149,0.0,435.0087890625
dense,5008,32,1,260,0.0004122550308238715,0.9554213258785943,1.0,25080064,0,25080064,0.0,19753795584,0.004181500000413507,0.0,435.0087890625
dense,5008,32,1,261,0.0004122615500818938,0.9554213258785943,1.0,25080064,0,25080064,0.0,19753795584,0.004409799999848474,0.0,435.0087890625
dense,5008,32,1,262,0.00041226588655263186,0.9554275658945687,1.0,25080064,0,25080064,0.0,19753795584,0.004128099999434198,0.0,435.0087890625
dense,5008,32,1,263,0.0004122586688026786,0.9554213258785943,1.0,25080064,0,25080064,0.0,19753795584,0.004151099999944563,0.0,435.0087890625
dense,5008,32,1,264,0.00041225540917366743,0.9554275658945687,1.0,25080064,0,25080064,0.0,19753795584,0.004864200000156416,0.0,435.0087890625
dense,5008,32,1,265,0.0004122612881474197,0.9554275658945687,1.0,25080064,0,25080064,0.0,19753795584,0.00434069999937492,0.0,435.0087890625
dense,5008,32,1,266,0.0004122609389014542,0.9554150858626198,1.0,25080064,0,25080064,0.0,19753795584,0.004562100000839564,0.0,435.0087890625
dense,5008,32,1,267,0.00041225552558898926,0.9554338059105432,1.0,25080064,0,25080064,0.0,19753795584,0.004314699999667937,0.0,435.0087890625
dense,5008,32,1,268,0.0004122568934690207,0.9554150858626198,1.0,25080064,0,25080064,0.0,19753795584,0.004293500000130734,0.0,435.0087890625
dense,5008,32,1,269,0.00041226009489037097,0.9554213258785943,1.0,25080064,0,25080064,0.0,19753795584,0.00412510000023758,0.0,435.0087890625
dense,5008,32,1,270,0.0004122571262996644,0.9554213258785943,1.0,25080064,0,25080064,0.0,19753795584,0.004323099999965052,0.0,435.0087890625
dense,5008,32,1,271,0.0004122551472391933,0.9554275658945687,1.0,25080064,0,25080064,0.0,19753795584,0.004670500000429456,0.0,435.0087890625
dense,5008,32,1,272,0.00041225747554562986,0.9554150858626198,1.0,25080064,0,25080064,0.0,19753795584,0.004344999999375432,0.0,435.0087890625
dense,5008,32,1,273,0.00041225814493373036,0.9554213258785943,1.0,25080064,0,25080064,0.0,19753795584,0.004119899998840992,0.0,435.0087890625
dense,5008,32,1,274,0.00041225561290048063,0.9554088458466453,1.0,25080064,0,25080064,0.0,19753795584,0.004113599999982398,0.0,435.0087890625
dense,5008,32,1,275,0.0004122557584196329,0.9554150858626198,1.0,25080064,0,25080064,0.0,19753795584,0.004126800000449293,0.0,435.0087890625
dense,5008,32,1,276,0.0004122575046494603,0.9554088458466453,1.0,25080064,0,25080064,0.0,19753795584,0.004100000000107684,0.0,435.0087890625
dense,5008,32,1,277,0.0004122563696000725,0.9554026058306709,1.0,25080064,0,25080064,0.0,19753795584,0.005045599998993566,0.0,435.0087890625
dense,5008,32,1,278,0.0004122550308238715,0.9554088458466453,1.0,25080064,0,25080064,0.0,19753795584,0.004118299999390729,0.0,435.0087890625
dense,5008,32,1,279,0.00041225607856176794,0.9554213258785943,1.0,25080064,0,25080064,0.0,19753795584,0.004108500001166249,0.0,435.0087890625
dense,5008,32,1,280,0.00041225666063837707,0.9554088458466453,1.0,25080064,0,25080064,0.0,19753795584,0.004115300000194111,0.0,435.0087890625
dense,5008,32,1,281,0.0004122552927583456,0.9554213258785943,1.0,25080064,0,25080064,0.0,19753795584,0.004103299999769661,0.0,435.0087890625
dense,5008,32,1,282,0.0004122551763430238,0.9554213258785943,1.0,25080064,0,25080064,0.0,19753795584,0.004097200000614976,0.0,435.0087890625
dense,5008,32,1,283,0.00041225619497708976,0.9554213258785943,1.0,25080064,0,25080064,0.0,19753795584,0.004173799999989569,0.0,435.0087890625
dense,5008,32,1,284,0.0004122558166272938,0.9554338059105432,1.0,25080064,0,25080064,0.0,19753795584,0.00414219999947818,0.0,435.0087890625
dense,5008,32,1,285,0.0004122550308238715,0.9554275658945687,1.0,25080064,0,25080064,0.0,19753795584,0.004121899999518064,0.0,435.0087890625
dense,5008,32,1,286,0.00041225532186217606,0.9554275658945687,1.0,25080064,0,25080064,0.0,19753795584,0.0041287000003649155,0.0,435.0087890625
dense,5008,32,1,287,0.0004122558166272938,0.9554338059105432,1.0,25080064,0,25080064,0.0,19753795584,0.004324100000303588,0.0,435.0087890625
dense,5008,32,1,288,0.00041225552558898926,0.9554275658945687,1.0,25080064,0,25080064,0.0,19753795584,0.004104600000573555,0.0,435.0087890625
dense,5008,32,1,289,0.0004122550308238715,0.9554275658945687,1.0,25080064,0,25080064,0.0,19753795584,0.004121399999348796,0.0,435.0087890625
dense,5008,32,1,290,0.00041225540917366743,0.9554275658945687,1.0,25080064,0,25080064,0.0,19753795584,0.004078800000570482,0.0,435.0087890625
dense,5008,32,1,291,0.00041225552558898926,0.9554275658945687,1.0,25080064,0,25080064,0.0,19753795584,0.0041608999999880325,0.0,435.0087890625
dense,5008,32,1,292,0.0004122551472391933,0.9554150858626198,1.0,25080064,0,25080064,0.0,19753795584,0.00425100000029488,0.0,435.0087890625
dense,5008,32,1,293,0.00041225500172004104,0.9554213258785943,1.0,25080064,0,25080064,0.0,19753795584,0.004086200000529061,0.0,435.0087890625
dense,5008,32,1,294,0.0004122552927583456,0.9554213258785943,1.0,25080064,0,25080064,0.0,19753795584,0.004148699999859673,0.0,435.0087890625
dense,5008,32,1,295,0.00041225540917366743,0.9554213258785943,1.0,25080064,0,25080064,0.0,19753795584,0.004103699999177479,0.0,435.0087890625
dense,5008,32,1,296,0.0004122550308238715,0.9554213258785943,1.0,25080064,0,25080064,0.0,19753795584,0.0041168000007019145,0.0,435.0087890625
dense,5008,32,1,297,0.0004122549435123801,0.9554213258785943,1.0,25080064,0,25080064,0.0,19753795584,0.004095500000403263,0.0,435.0087890625
dense,5008,32,1,298,0.0004122551763430238,0.9554213258785943,1.0,25080064,0,25080064,0.0,19753795584,0.004102200000488665,0.0,435.0087890625
dense,5008,32,1,299,0.0004122551763430238,0.9554213258785943,1.0,25080064,0,25080064,0.0,19753795584,0.00409140000010666,0.0,435.0087890625
dense,5008,32,1,300,0.0004122550308238715,0.9554213258785943,1.0,25080064,0,25080064,0.0,19753795584,0.004270800000085728,0.0,435.0087890625
dense,5008,32,1,301,0.0004122550890315324,0.9554213258785943,1.0,25080064,0,25080064,0.0,19753795584,0.004210500001136097,0.0,435.0087890625
dense,5008,32,1,302,0.0004122552345506847,0.9554213258785943,1.0,25080064,0,25080064,0.0,19753795584,0.0055261000015889294,0.0,435.0087890625
dense,5008,32,1,303,0.0004122551472391933,0.9554213258785943,1.0,25080064,0,25080064,0.0,19753795584,0.004397500000777654,0.0,435.0087890625
dense,5008,32,1,304,0.00041225500172004104,0.9554213258785943,1.0,25080064,0,25080064,0.0,19753795584,0.004329100000177277,0.0,435.0087890625
dense,5008,32,1,305,0.00041225500172004104,0.9554213258785943,1.0,25080064,0,25080064,0.0,19753795584,0.004093500001545181,0.0,435.0087890625
dense,5008,32,1,306,0.0004122550890315324,0.9554213258785943,1.0,25080064,0,25080064,0.0,19753795584,0.004120299998248811,0.0,435.0087890625
dense,5008,32,1,307,0.0004122551472391933,0.9554213258785943,1.0,25080064,0,25080064,0.0,19753795584,0.004129400000238093,0.0,435.0087890625
dense,5008,32,1,308,0.0004122549435123801,0.9554213258785943,1.0,25080064,0,25080064,0.0,19753795584,0.004318600000260631,0.0,435.0087890625
dense,5008,32,1,309,0.0004122549435123801,0.9554275658945687,1.0,25080064,0,25080064,0.0,19753795584,0.004359299999123323,0.0,435.0087890625
dense,5008,32,1,310,0.0004122550308238715,0.9554275658945687,1.0,25080064,0,25080064,0.0,19753795584,0.004410199999256292,0.0,435.0087890625
dense,5008,32,1,311,0.0004122551472391933,0.9554275658945687,1.0,25080064,0,25080064,0.0,19753795584,0.004317700000683544,0.0,435.0087890625
dense,5008,32,1,312,0.0004122550308238715,0.9554275658945687,1.0,25080064,0,25080064,0.0,19753795584,0.0041637000012997305,0.0,435.0087890625
dense,5008,32,1,313,0.0004122550308238715,0.9554275658945687,1.0,25080064,0,25080064,0.0,19753795584,0.00438170000052196,0.0,435.0087890625
dense,5008,32,1,314,0.0004122551472391933,0.9554275658945687,1.0,25080064,0,25080064,0.0,19753795584,0.004108700000870158,0.0,435.0087890625
dense,5008,32,1,315,0.00041225500172004104,0.9554275658945687,1.0,25080064,0,25080064,0.0,19753795584,0.004128799999307375,0.0,435.0087890625
dense,5008,32,1,316,0.0004122550308238715,0.9554275658945687,1.0,25080064,0,25080064,0.0,19753795584,0.004284200000256533,0.0,435.0087890625
dense,5008,32,1,317,0.0004122550308238715,0.9554275658945687,1.0,25080064,0,25080064,0.0,19753795584,0.004218100000798586,0.0,435.0087890625
dense,5008,32,1,318,0.0004122552345506847,0.9554213258785943,1.0,25080064,0,25080064,0.0,19753795584,0.004113499999220949,0.0,435.0087890625
dense,5008,32,1,319,0.0004122550890315324,0.9554275658945687,1.0,25080064,0,25080064,0.0,19753795584,0.004146100000070874,0.0,435.0087890625
dense,5008,32,1,320,0.00041225485620088875,0.9554213258785943,1.0,25080064,0,25080064,0.0,19753795584,0.004330399999162182,0.0,435.0087890625
dense,5008,32,1,321,0.0004122550308238715,0.9554213258785943,1.0,25080064,0,25080064,0.0,19753795584,0.004397800001243013,0.0,435.0087890625
dense,5008,32,1,322,0.0004122549435123801,0.9554213258785943,1.0,25080064,0,25080064,0.0,19753795584,0.004442599998583319,0.0,435.0087890625
dense,5008,32,1,323,0.0004122549435123801,0.9554213258785943,1.0,25080064,0,25080064,0.0,19753795584,0.00420269999995071,0.0,435.0087890625
dense,5008,32,1,324,0.0004122551472391933,0.9554213258785943,1.0,25080064,0,25080064,0.0,19753795584,0.004228100000545965,0.0,435.0087890625
dense,5008,32,1,325,0.00041225500172004104,0.9554213258785943,1.0,25080064,0,25080064,0.0,19753795584,0.004066600000442122,0.0,435.0087890625
dense,5008,32,1,326,0.0004122550308238715,0.9554213258785943,1.0,25080064,0,25080064,0.0,19753795584,0.004510200000368059,0.0,435.0087890625
dense,5008,32,1,327,0.0004122551472391933,0.9554275658945687,1.0,25080064,0,25080064,0.0,19753795584,0.004130600000280538,0.0,435.0087890625
dense,5008,32,1,328,0.0004122551763430238,0.9554213258785943,1.0,25080064,0,25080064,0.0,19753795584,0.004201899999316083,0.0,435.0087890625
dense,5008,32,1,329,0.00041225552558898926,0.9554275658945687,1.0,25080064,0,25080064,0.0,19753795584,0.00410829999964335,0.0,435.0087890625
dense,5008,32,1,330,0.00041225628228858113,0.9554275658945687,1.0,25080064,0,25080064,0.0,19753795584,0.004093300000022282,0.0,435.0087890625
dense,5008,32,1,331,0.0004122579994145781,0.9554213258785943,1.0,25080064,0,25080064,0.0,19753795584,0.004335300000093412,0.0,435.0087890625
dense,5008,32,1,332,0.0004122618993278593,0.9554338059105432,1.0,25080064,0,25080064,0.0,19753795584,0.004436499999428634,0.0,435.0087890625
dense,5008,32,1,333,0.0004122712416574359,0.9554150858626198,1.0,25080064,0,25080064,0.0,19753795584,0.004125400000702939,0.0,435.0087890625
dense,5008,32,1,334,0.00041229251655749977,0.9554275658945687,1.0,25080064,0,25080064,0.0,19753795584,0.004091900000275928,0.0,435.0087890625
dense,5008,32,1,335,0.00041233882075175643,0.9554150858626198,1.0,25080064,0,25080064,0.0,19753795584,0.004097799999726703,0.0,435.0087890625
dense,5008,32,1,336,0.0004124233964830637,0.9554338059105432,1.0,25080064,0,25080064,0.0,19753795584,0.004108900000574067,0.0,435.0087890625
dense,5008,32,1,337,0.0004125302948523313,0.9554150858626198,1.0,25080064,0,25080064,0.0,19753795584,0.0041221000010409625,0.0,435.0087890625
dense,5008,32,1,338,0.0004125740670133382,0.9554338059105432,1.0,25080064,0,25080064,0.0,19753795584,0.004385800000818563,0.0,435.0087890625
dense,5008,32,1,339,0.00041247575427405536,0.9554088458466453,1.0,25080064,0,25080064,0.0,19753795584,0.004118599999856087,0.0,435.0087890625
dense,5008,32,1,340,0.000412324647186324,0.9554275658945687,1.0,25080064,0,25080064,0.0,19753795584,0.004114700001082383,0.0,435.0087890625
dense,5008,32,1,341,0.0004122891405131668,0.9554400459265175,1.0,25080064,0,25080064,0.0,19753795584,0.004115800000363379,0.0,435.0087890625
dense,5008,32,1,342,0.00041237802361138165,0.9554150858626198,1.0,25080064,0,25080064,0.0,19753795584,0.004088599998794962,0.0,435.0087890625
dense,5008,32,1,343,0.00041244312888011336,0.9554400459265175,1.0,25080064,0,25080064,0.0,19753795584,0.0046523000000888715,0.0,435.0087890625
dense,5008,32,1,344,0.0004123913822695613,0.9554338059105432,1.0,25080064,0,25080064,0.0,19753795584,0.004103100000065751,0.0,435.0087890625
dense,5008,32,1,345,0.0004123072139918804,0.9554150858626198,1.0,25080064,0,25080064,0.0,19753795584,0.004105699999854551,0.0,435.0087890625
dense,5008,32,1,346,0.00041230511851608753,0.9554213258785943,1.0,25080064,0,25080064,0.0,19753795584,0.004093999999895459,0.0,435.0087890625
dense,5008,32,1,347,0.00041235474054701626,0.9554275658945687,1.0,25080064,0,25080064,0.0,19753795584,0.004177500000878354,0.0,435.0087890625
dense,5008,32,1,348,0.00041235453682020307,0.9554213258785943,1.0,25080064,0,25080064,0.0,19753795584,0.004244499999913387,0.0,435.0087890625
dense,5008,32,1,349,0.00041230180067941546,0.9554338059105432,1.0,25080064,0,25080064,0.0,19753795584,0.004129699998884462,0.0,435.0087890625
dense,5008,32,1,350,0.00041227941983379424,0.9554338059105432,1.0,25080064,0,25080064,0.0,19753795584,0.004141699999308912,0.0,435.0087890625
dense,5008,32,1,351,0.00041230625356547534,0.9554275658945687,1.0,25080064,0,25080064,0.0,19753795584,0.004114699999263394,0.0,435.0087890625
dense,5008,32,1,352,0.00041232240619137883,0.9554213258785943,1.0,25080064,0,25080064,0.0,19753795584,0.00411069999972824,0.0,435.0087890625
dense,5008,32,1,353,0.0004123008402530104,0.9554275658945687,1.0,25080064,0,25080064,0.0,19753795584,0.004121699999814155,0.0,435.0087890625
dense,5008,32,1,354,0.0004122809914406389,0.9554275658945687,1.0,25080064,0,25080064,0.0,19753795584,0.004107299999304814,0.0,435.0087890625
dense,5008,32,1,355,0.00041229111957363784,0.9554213258785943,1.0,25080064,0,25080064,0.0,19753795584,0.004117300000871182,0.0,435.0087890625
dense,5008,32,1,356,0.00041230570059269667,0.9554338059105432,1.0,25080064,0,25080064,0.0,19753795584,0.004101900000023306,0.0,435.0087890625
dense,5008,32,1,357,0.00041229702765122056,0.9554338059105432,1.0,25080064,0,25080064,0.0,19753795584,0.004094500000064727,0.0,435.0087890625
dense,5008,32,1,358,0.00041227685869671404,0.955446285942492,1.0,25080064,0,25080064,0.0,19753795584,0.0047534000004816335,0.0,435.0087890625
dense,5008,32,1,359,0.0004122712416574359,0.9554150858626198,1.0,25080064,0,25080064,0.0,19753795584,0.0040895000001910375,0.0,435.0087890625
dense,5008,32,1,360,0.0004122805257793516,0.9554150858626198,1.0,25080064,0,25080064,0.0,19753795584,0.004113500001039938,0.0,435.0087890625
dense,5008,32,1,361,0.00041228465852327645,0.9554275658945687,1.0,25080064,0,25080064,0.0,19753795584,0.004091099999641301,0.0,435.0087890625
dense,5008,32,1,362,0.0004122762766201049,0.9554088458466453,1.0,25080064,0,25080064,0.0,19753795584,0.004119999999602442,0.0,435.0087890625
dense,5008,32,1,363,0.0004122665268369019,0.9554213258785943,1.0,25080064,0,25080064,0.0,19753795584,0.004350600000179838,0.0,435.0087890625
dense,5008,32,1,364,0.00041226623579859734,0.9554275658945687,1.0,25080064,0,25080064,0.0,19753795584,0.004106500000489177,0.0,435.0087890625
dense,5008,32,1,365,0.0004122709506191313,0.9554150858626198,1.0,25080064,0,25080064,0.0,19753795584,0.004358999998657964,0.0,435.0087890625
dense,5008,32,1,366,0.00041227071778848767,0.9554275658945687,1.0,25080064,0,25080064,0.0,19753795584,0.004118900000321446,0.0,435.0087890625
dense,5008,32,1,367,0.0004122649843338877,0.9554213258785943,1.0,25080064,0,25080064,0.0,19753795584,0.0041139999993902165,0.0,435.0087890625
dense,5008,32,1,368,0.00041226219036616385,0.9554150858626198,1.0,25080064,0,25080064,0.0,19753795584,0.004099300000234507,0.0,435.0087890625
dense,5008,32,1,369,0.0004122649843338877,0.9554338059105432,1.0,25080064,0,25080064,0.0,19753795584,0.00433070000144653,0.0,435.0087890625
dense,5008,32,1,370,0.00041226742905564606,0.9554088458466453,1.0,25080064,0,25080064,0.0,19753795584,0.004126899999391753,0.0,435.0087890625
dense,5008,32,1,371,0.0004122655082028359,0.9554338059105432,1.0,25080064,0,25080064,0.0,19753795584,0.004115800000363379,0.0,435.0087890625
dense,5008,32,1,372,0.0004122616082895547,0.9554213258785943,1.0,25080064,0,25080064,0.0,19753795584,0.004101599999557948,0.0,435.0087890625
dense,5008,32,1,373,0.00041226018220186234,0.9554026058306709,1.0,25080064,0,25080064,0.0,19753795584,0.004096700000445708,0.0,435.0087890625
dense,5008,32,1,374,0.0004122616082895547,0.9554275658945687,1.0,25080064,0,25080064,0.0,19753795584,0.004063699998368975,0.0,435.0087890625
dense,5008,32,1,375,0.00041226265602745116,0.9554150858626198,1.0,25080064,0,25080064,0.0,19753795584,0.004335999999966589,0.0,435.0087890625
dense,5008,32,1,376,0.0004122612299397588,0.9554338059105432,1.0,25080064,0,25080064,0.0,19753795584,0.004302499999539577,0.0,435.0087890625
dense,5008,32,1,377,0.0004122591344639659,0.9554213258785943,1.0,25080064,0,25080064,0.0,19753795584,0.004097099999853526,0.0,435.0087890625
dense,5008,32,1,378,0.000412258377764374,0.9554275658945687,1.0,25080064,0,25080064,0.0,19753795584,0.004104800000277464,0.0,435.0087890625
dense,5008,32,1,379,0.0004122591926716268,0.9554275658945687,1.0,25080064,0,25080064,0.0,19753795584,0.0040870000011636876,0.0,435.0087890625
dense,5008,32,1,380,0.00041226009489037097,0.9554088458466453,1.0,25080064,0,25080064,0.0,19753795584,0.004330400000981172,0.0,435.0087890625
dense,5008,32,1,381,0.0004122600075788796,0.9554275658945687,1.0,25080064,0,25080064,0.0,19753795584,0.004118200000448269,0.0,435.0087890625
dense,5008,32,1,382,0.00041225951281376183,0.9554088458466453,1.0,25080064,0,25080064,0.0,19753795584,0.004149800000959658,0.0,435.0087890625
dense,5008,32,1,383,0.0004122598620597273,0.9554213258785943,1.0,25080064,0,25080064,0.0,19753795584,0.0041009999986272305,0.0,435.0087890625
dense,5008,32,1,384,0.0004122612299397588,0.9554275658945687,1.0,25080064,0,25080064,0.0,19753795584,0.004094100000656908,0.0,435.0087890625
dense,5008,32,1,385,0.0004122630343772471,0.9554338059105432,1.0,25080064,0,25080064,0.0,19753795584,0.004104600000573555,0.0,435.0087890625
dense,5008,32,1,386,0.0004122643731534481,0.9554213258785943,1.0,25080064,0,25080064,0.0,19753795584,0.004513699999733944,0.0,435.0087890625
dense,5008,32,1,387,0.00041226547909900546,0.9554338059105432,1.0,25080064,0,25080064,0.0,19753795584,0.004852500000197324,0.0,435.0087890625
dense,5008,32,1,388,0.0004122670798096806,0.9554213258785943,1.0,25080064,0,25080064,0.0,19753795584,0.005189299999983632,0.0,435.0087890625
dense,5008,32,1,389,0.0004122694081161171,0.9554275658945687,1.0,25080064,0,25080064,0.0,19753795584,0.004133800001000054,0.0,435.0087890625
dense,5008,32,1,390,0.0004122721729800105,0.9554213258785943,1.0,25080064,0,25080064,0.0,19753795584,0.004375099999379017,0.0,435.0087890625
dense,5008,32,1,391,0.0004122742684558034,0.9554275658945687,1.0,25080064,0,25080064,0.0,19753795584,0.0045964000000822125,0.0,435.0087890625
dense,5008,32,1,392,0.0004122761311009526,0.9554213258785943,1.0,25080064,0,25080064,0.0,19753795584,0.004113399998459499,0.0,435.0087890625
dense,5008,32,1,393,0.00041227866313420236,0.9554338059105432,1.0,25080064,0,25080064,0.0,19753795584,0.004093300000022282,0.0,435.0087890625
dense,5008,32,1,394,0.00041228352347388864,0.9554088458466453,1.0,25080064,0,25080064,0.0,19753795584,0.00445689999833121,0.0,435.0087890625
dense,5008,32,1,395,0.0004122920800000429,0.9554400459265175,1.0,25080064,0,25080064,0.0,19753795584,0.004197300000669202,0.0,435.0087890625
dense,5008,32,1,396,0.00041230482747778296,0.9554150858626198,1.0,25080064,0,25080064,0.0,19753795584,0.004114999999728752,0.0,435.0087890625
dense,5008,32,1,397,0.00041232016519643366,0.9554275658945687,1.0,25080064,0,25080064,0.0,19753795584,0.00409869999930379,0.0,435.0087890625
dense,5008,32,1,398,0.0004123346880078316,0.9554150858626198,1.0,25080064,0,25080064,0.0,19753795584,0.004100699999980861,0.0,435.0087890625
dense,5008,32,1,399,0.00041234507807530463,0.9554150858626198,1.0,25080064,0,25080064,0.0,19753795584,0.004108900000574067,0.0,435.0087890625
dense,5008,32,1,400,0.0004123506951145828,0.9554150858626198,1.0,25080064,0,25080064,0.0,19753795584,0.004374899999675108,0.0,435.0087890625
dense,5008,32,1,401,0.0004123549733776599,0.9554213258785943,1.0,25080064,0,25080064,0.0,19753795584,0.0043530000002647284,0.0,435.0087890625
dense,5008,32,1,402,0.00041236382094211876,0.9554213258785943,1.0,25080064,0,25080064,0.0,19753795584,0.004133099999307888,0.0,435.0087890625
dense,5008,32,1,403,0.0004123833787161857,0.9554400459265175,1.0,25080064,0,25080064,0.0,19753795584,0.004181199999948149,0.0,435.0087890625
dense,5008,32,1,404,0.0004124163242522627,0.9554213258785943,1.0,25080064,0,25080064,0.0,19753795584,0.004374100000859471,0.0,435.0087890625
dense,5008,32,1,405,0.0004124568949919194,0.9554525259584664,1.0,25080064,0,25080064,0.0,19753795584,0.004377100000056089,0.0,435.0087890625
dense,5008,32,1,406,0.00041250299545936286,0.9554275658945687,1.0,25080064,0,25080064,0.0,19753795584,0.004181399999652058,0.0,435.0087890625
dense,5008,32,1,407,0.0004125582054257393,0.9554525259584664,1.0,25080064,0,25080064,0.0,19753795584,0.004435000000739819,0.0,435.0087890625
dense,5008,32,1,408,0.00041264071478508413,0.9554150858626198,1.0,25080064,0,25080064,0.0,19753795584,0.004455399999642395,0.0,435.0087890625
dense,5008,32,1,409,0.0004127409774810076,0.955446285942492,1.0,25080064,0,25080064,0.0,19753795584,0.004331800000727526,0.0,435.0087890625
dense,5008,32,1,410,0.0004128689761273563,0.9554213258785943,1.0,25080064,0,25080064,0.0,19753795584,0.004346899999291054,0.0,435.0087890625
dense,5008,32,1,411,0.0004130006127525121,0.9554587659744409,1.0,25080064,0,25080064,0.0,19753795584,0.004128099999434198,0.0,435.0087890625
dense,5008,32,1,412,0.00041318711009807885,0.9554088458466453,1.0,25080064,0,25080064,0.0,19753795584,0.004373499999928754,0.0,435.0087890625
dense,5008,32,1,413,0.00041339092422276735,0.955446285942492,1.0,25080064,0,25080064,0.0,19753795584,0.004141199999139644,0.0,435.0087890625
dense,5008,32,1,414,0.0004137032083235681,0.9553776457667732,1.0,25080064,0,25080064,0.0,19753795584,0.004072199999427539,0.0,435.0087890625
dense,5008,32,1,415,0.0004139872035011649,0.955446285942492,1.0,25080064,0,25080064,0.0,19753795584,0.004314700001486926,0.0,435.0087890625
dense,5008,32,1,416,0.0004143867699895054,0.9553651657348243,1.0,25080064,0,25080064,0.0,19753795584,0.004359799999292591,0.0,435.0087890625
dense,5008,32,1,417,0.00041464131209068,0.9554213258785943,1.0,25080064,0,25080064,0.0,19753795584,0.0043452000008983305,0.0,435.0087890625
dense,5008,32,1,418,0.00041506654815748334,0.9553589257188498,1.0,25080064,0,25080064,0.0,19753795584,0.004380000000310247,0.0,435.0087890625
dense,5008,32,1,419,0.0004152211477048695,0.9554213258785943,1.0,25080064,0,25080064,0.0,19753795584,0.004331000000092899,0.0,435.0087890625
dense,5008,32,1,420,0.0004155354399699718,0.9553838857827476,1.0,25080064,0,25080064,0.0,19753795584,0.004421800000272924,0.0,435.0087890625
dense,5008,32,1,421,0.00041539338417351246,0.9554275658945687,1.0,25080064,0,25080064,0.0,19753795584,0.0043150000001332955,0.0,435.0087890625
dense,5008,32,1,422,0.00041537382639944553,0.9553838857827476,1.0,25080064,0,25080064,0.0,19753795584,0.00413970000045083,0.0,435.0087890625
dense,5008,32,1,423,0.00041491948650218546,0.9554525259584664,1.0,25080064,0,25080064,0.0,19753795584,0.004148199999690405,0.0,435.0087890625
dense,5008,32,1,424,0.0004145913408137858,0.9554213258785943,1.0,25080064,0,25080064,0.0,19753795584,0.004123799999433686,0.0,435.0087890625
dense,5008,32,1,425,0.0004140138626098633,0.9554213258785943,1.0,25080064,0,25080064,0.0,19753795584,0.004124400000364403,0.0,435.0087890625
dense,5008,32,1,426,0.00041357142617926,0.9553776457667732,1.0,25080064,0,25080064,0.0,19753795584,0.004372200000943849,0.0,435.0087890625
dense,5008,32,1,427,0.0004131131572648883,0.9554338059105432,1.0,25080064,0,25080064,0.0,19753795584,0.004094599999007187,0.0,435.0087890625
dense,5008,32,1,428,0.00041279985453002155,0.9553963658146964,1.0,25080064,0,25080064,0.0,19753795584,0.00410100000044622,0.0,435.0087890625
dense,5008,32,1,429,0.00041256143595092,0.9554587659744409,1.0,25080064,0,25080064,0.0,19753795584,0.004110999998374609,0.0,435.0087890625
dense,5008,32,1,430,0.000412409397540614,0.9554088458466453,1.0,25080064,0,25080064,0.0,19753795584,0.004099099998711608,0.0,435.0087890625
dense,5008,32,1,431,0.00041232045623473823,0.955446285942492,1.0,25080064,0,25080064,0.0,19753795584,0.0047004000007291324,0.0,435.0087890625
dense,5008,32,1,432,0.0004122878017369658,0.9554338059105432,1.0,25080064,0,25080064,0.0,19753795584,0.004181800000878866,0.0,435.0087890625
dense,5008,32,1,433,0.0004122965910937637,0.9554400459265175,1.0,25080064,0,25080064,0.0,19753795584,0.00420019999910437,0.0,435.0087890625
dense,5008,32,1,434,0.00041233160300180316,0.9554525259584664,1.0,25080064,0,25080064,0.0,19753795584,0.004110200001377962,0.0,435.0087890625
dense,5008,32,1,435,0.0004123869293835014,0.9554338059105432,1.0,25080064,0,25080064,0.0,19753795584,0.00411060000078578,0.0,435.0087890625
dense,5008,32,1,436,0.00041246431646868587,0.9554275658945687,1.0,25080064,0,25080064,0.0,19753795584,0.004127300000618561,0.0,435.0087890625
dense,5008,32,1,437,0.00041258096462115645,0.9554400459265175,1.0,25080064,0,25080064,0.0,19753795584,0.004112900000109221,0.0,435.0087890625
dense,5008,32,1,438,0.0004127336433157325,0.9554400459265175,1.0,25080064,0,25080064,0.0,19753795584,0.004123299999264418,0.0,435.0087890625
dense,5008,32,1,439,0.0004129679291509092,0.9553901257987221,1.0,25080064,0,25080064,0.0,19753795584,0.004106300000785268,0.0,435.0087890625
dense,5008,32,1,440,0.00041326036443933845,0.9554587659744409,1.0,25080064,0,25080064,0.0,19753795584,0.0041067000001930865,0.0,435.0087890625
dense,5008,32,1,441,0.0004137509677093476,0.9553526857028753,1.0,25080064,0,25080064,0.0,19753795584,0.004111999998713145,0.0,435.0087890625
dense,5008,32,1,442,0.0004143345286138356,0.955446285942492,1.0,25080064,0,25080064,0.0,19753795584,0.00412270000015269,0.0,435.0087890625
dense,5008,32,1,443,0.000415375194279477,0.9553714057507987,1.0,25080064,0,25080064,0.0,19753795584,0.004306200000428362,0.0,435.0087890625
dense,5008,32,1,444,0.00041643588338047266,0.9554338059105432,1.0,25080064,0,25080064,0.0,19753795584,0.004077800000231946,0.0,435.0087890625
dense,5008,32,1,445,0.0004183822311460972,0.9553402056709265,1.0,25080064,0,25080064,0.0,19753795584,0.00407190000078117,0.0,435.0087890625
dense,5008,32,1,446,0.0004197287489660084,0.9554525259584664,1.0,25080064,0,25080064,0.0,19753795584,0.006999799999903189,0.0,435.0087890625
dense,5008,32,1,447,0.0004222113930154592,0.9554026058306709,1.0,25080064,0,25080064,0.0,19753795584,0.004105500000150641,0.0,435.0087890625
dense,5008,32,1,448,0.00042236712761223316,0.9554962060702875,1.0,25080064,0,25080064,0.0,19753795584,0.004458200000954093,0.0,435.0087890625
dense,5008,32,1,449,0.00042306320392526686,0.9553339656549521,1.0,25080064,0,25080064,0.0,19753795584,0.004143800000747433,0.0,435.0087890625
dense,5008,32,1,450,0.0004205181321594864,0.9554712460063898,1.0,25080064,0,25080064,0.0,19753795584,0.004117799999221461,0.0,435.0087890625
dense,5008,32,1,451,0.00041825012885965407,0.9553526857028753,1.0,25080064,0,25080064,0.0,19753795584,0.004102000000784756,0.0,435.0087890625
dense,5008,32,1,452,0.00041523826075717807,0.9554837260383386,1.0,25080064,0,25080064,0.0,19753795584,0.004485499999645981,0.0,435.0087890625
dense,5008,32,1,453,0.00041329802479594946,0.9554150858626198,1.0,25080064,0,25080064,0.0,19753795584,0.0043191000004298985,0.0,435.0087890625
dense,5008,32,1,454,0.0004124163242522627,0.9555274061501597,1.0,25080064,0,25080064,0.0,19753795584,0.004410999999890919,0.0,435.0087890625
dense,5008,32,1,455,0.0004125582636334002,0.9554650059904153,1.0,25080064,0,25080064,0.0,19753795584,0.004382999999506865,0.0,435.0087890625
dense,5008,32,1,456,0.00041346412035636604,0.9553838857827476,1.0,25080064,0,25080064,0.0,19753795584,0.0042685999997047475,0.0,435.0087890625
dense,5008,32,1,457,0.0004147861327510327,0.9555336461661342,1.0,25080064,0,25080064,0.0,19753795584,0.004174600000624196,0.0,435.0087890625
dense,5008,32,1,458,0.0004166533180978149,0.9553838857827476,1.0,25080064,0,25080064,0.0,19753795584,0.004375399999844376,0.0,435.0087890625
dense,5008,32,1,459,0.00041805097134783864,0.9554712460063898,1.0,25080064,0,25080064,0.0,19753795584,0.004148399999394314,0.0,435.0087890625
dense,5008,32,1,460,0.0004200757248327136,0.9553776457667732,1.0,25080064,0,25080064,0.0,19753795584,0.004342199999882723,0.0,435.0087890625
dense,5008,32,1,461,0.0004201072733849287,0.9554525259584664,1.0,25080064,0,25080064,0.0,19753795584,0.004784700000527664,0.0,435.0087890625
dense,5008,32,1,462,0.0004204142023809254,0.9554213258785943,1.0,25080064,0,25080064,0.0,19753795584,0.0044088000013289275,0.0,435.0087890625
dense,5008,32,1,463,0.00041829710244201124,0.9554213258785943,1.0,25080064,0,25080064,0.0,19753795584,0.004320900001403061,0.0,435.0087890625
dense,5008,32,1,464,0.00041646536556072533,0.9554150858626198,1.0,25080064,0,25080064,0.0,19753795584,0.004335400000854861,0.0,435.0087890625
dense,5008,32,1,465,0.000414258218370378,0.9555149261182109,1.0,25080064,0,25080064,0.0,19753795584,0.004320400001233793,0.0,435.0087890625
dense,5008,32,1,466,0.00041290526860393584,0.9554213258785943,1.0,25080064,0,25080064,0.0,19753795584,0.004307999999582535,0.0,435.0087890625
dense,5008,32,1,467,0.0004123565449845046,0.9554213258785943,1.0,25080064,0,25080064,0.0,19753795584,0.004390100000819075,0.0,435.0087890625
dense,5008,32,1,468,0.00041253597009927034,0.9554774860223643,1.0,25080064,0,25080064,0.0,19753795584,0.004273799999282346,0.0,435.0087890625
dense,5008,32,1,469,0.0004132395552005619,0.9553651657348243,1.0,25080064,0,25080064,0.0,19753795584,0.004321000000345521,0.0,435.0087890625
dense,5008,32,1,470,0.00041420056368224323,0.9555336461661342,1.0,25080064,0,25080064,0.0,19753795584,0.00440829999934067,0.0,435.0087890625
dense,5008,32,1,471,0.000415497604990378,0.9553651657348243,1.0,25080064,0,25080064,0.0,19753795584,0.004122300000744872,0.0,435.0087890625
dense,5008,32,1,472,0.0004164310812484473,0.9554712460063898,1.0,25080064,0,25080064,0.0,19753795584,0.004213800000798074,0.0,435.0087890625
dense,5008,32,1,473,0.00041772297117859125,0.9553651657348243,1.0,25080064,0,25080064,0.0,19753795584,0.004429900000104681,0.0,435.0087890625
dense,5008,32,1,474,0.0004178184026386589,0.9554400459265175,1.0,25080064,0,25080064,0.0,19753795584,0.004328700000769459,0.0,435.0087890625
dense,5008,32,1,475,0.0004181550466455519,0.9553589257188498,1.0,25080064,0,25080064,0.0,19753795584,0.004159799998888047,0.0,435.0087890625
dense,5008,32,1,476,0.00041704392060637474,0.9554213258785943,1.0,25080064,0,25080064,0.0,19753795584,0.004214100001263432,0.0,435.0087890625
dense,5008,32,1,477,0.00041614382644183934,0.9553776457667732,1.0,25080064,0,25080064,0.0,19753795584,0.0040931999992608326,0.0,435.0087890625
dense,5008,32,1,478,0.0004146776918787509,0.9554837260383386,1.0,25080064,0,25080064,0.0,19753795584,0.004100899999684771,0.0,435.0087890625
dense,5008,32,1,479,0.0004136129573453218,0.9554088458466453,1.0,25080064,0,25080064,0.0,19753795584,0.004108500001166249,0.0,435.0087890625
dense,5008,32,1,480,0.0004127978172618896,0.9555149261182109,1.0,25080064,0,25080064,0.0,19753795584,0.004102099999727216,0.0,435.0087890625
dense,5008,32,1,481,0.00041239263373427093,0.955446285942492,1.0,25080064,0,25080064,0.0,19753795584,0.0043929999992542434,0.0,435.0087890625
dense,5008,32,1,482,0.0004123137332499027,0.9554275658945687,1.0,25080064,0,25080064,0.0,19753795584,0.004119699999137083,0.0,435.0087890625
dense,5008,32,1,483,0.0004124800325371325,0.9554899660543131,1.0,25080064,0,25080064,0.0,19753795584,0.0041359999995620456,0.0,435.0087890625
dense,5008,32,1,484,0.00041282831807620823,0.9553714057507987,1.0,25080064,0,25080064,0.0,19753795584,0.004112199998417054,0.0,435.0087890625
dense,5008,32,1,485,0.0004132858302909881,0.9554899660543131,1.0,25080064,0,25080064,0.0,19753795584,0.0041228999998566,0.0,435.0087890625
dense,5008,32,1,486,0.0004139295779168606,0.9553526857028753,1.0,25080064,0,25080064,0.0,19753795584,0.004096300001037889,0.0,435.0087890625
dense,5008,32,1,487,0.00041454972233623266,0.9554837260383386,1.0,25080064,0,25080064,0.0,19753795584,0.004103199999008211,0.0,435.0087890625
dense,5008,32,1,488,0.000415492249885574,0.955346445686901,1.0,25080064,0,25080064,0.0,19753795584,0.0040936000004876405,0.0,435.0087890625
dense,5008,32,1,489,0.00041612976929172873,0.9554837260383386,1.0,25080064,0,25080064,0.0,19753795584,0.004098299999895971,0.0,435.0087890625
dense,5008,32,1,490,0.00041724182665348053,0.9553526857028753,1.0,25080064,0,25080064,0.0,19753795584,0.0040985999985423405,0.0,435.0087890625
dense,5008,32,1,491,0.0004175586218480021,0.955446285942492,1.0,25080064,0,25080064,0.0,19753795584,0.004489299999477225,0.0,435.0087890625
dense,5008,32,1,492,0.0004183726559858769,0.9553526857028753,1.0,25080064,0,25080064,0.0,19753795584,0.004120100000363891,0.0,435.0087890625
dense,5008,32,1,493,0.00041795955621637404,0.9554650059904153,1.0,25080064,0,25080064,0.0,19753795584,0.004139699998631841,0.0,435.0087890625
dense,5008,32,1,494,0.0004179458483122289,0.9553526857028753,1.0,25080064,0,25080064,0.0,19753795584,0.004323899998780689,0.0,435.0087890625
dense,5008,32,1,495,0.0004168652230873704,0.9555149261182109,1.0,25080064,0,25080064,0.0,19753795584,0.0041495000004942995,0.0,435.0087890625
dense,5008,32,1,496,0.0004161540127824992,0.9553714057507987,1.0,25080064,0,25080064,0.0,19753795584,0.00433320000047388,0.0,435.0087890625
dense,5008,32,1,497,0.00041502295061945915,0.9555149261182109,1.0,25080064,0,25080064,0.0,19753795584,0.004307899998821085,0.0,435.0087890625
dense,5008,32,1,498,0.0004142597608733922,0.9554150858626198,1.0,25080064,0,25080064,0.0,19753795584,0.004332400001658243,0.0,435.0087890625
dense,5008,32,1,499,0.0004135400231461972,0.955446285942492,1.0,25080064,0,25080064,0.0,19753795584,0.0042929999999614665,0.0,435.0087890625
dense,5008,32,1,500,0.00041309554944746196,0.9553901257987221,1.0,25080064,0,25080064,0.0,19753795584,0.00418579999859503,0.0,435.0087890625
exact,5008,32,1,1,0.2311989814043045,0.15524535742811502,1.0,160256,25080064,25240320,5008.0,3825631232,0.050768999999490916,0.0013163000003260095,185.72021484375
exact,5008,32,1,2,0.18933631479740143,0.12923697084664537,1.0,160256,25080064,25240320,5008.0,3825631232,0.004389799998534727,0.0018137999995815335,186.18896484375
exact,5008,32,1,3,0.1654573380947113,0.10773387579872204,1.0,160256,25080064,25240320,5008.0,3825631232,0.0031781999987288145,0.0014685000005556503,186.71630859375
exact,5008,32,1,4,0.15194058418273926,0.09169703474440895,1.0,160256,25080064,25240320,5008.0,3825631232,0.0033066999985749135,0.0015538999996351777,185.31787109375
exact,5008,32,1,5,0.14387421309947968,0.08029652555910544,1.0,160256,25080064,25240320,5008.0,3825631232,0.0033404999994672835,0.001302900000155205,186.71630859375
exact,5008,32,1,6,0.1386067122220993,0.07233426517571885,1.0,160256,25080064,25240320,5008.0,3825631232,0.003138399999443209,0.0012891000005765818,185.31787109375
exact,5008,32,1,7,0.13471485674381256,0.06636256988817892,1.0,160256,25080064,25240320,5008.0,3825631232,0.0031713999997009523,0.001281599999856553,186.71630859375
exact,5008,32,1,8,0.1314621865749359,0.06283072084664537,1.0,160256,25080064,25240320,5008.0,3825631232,0.0034696000002440996,0.001662399999986519,186.18896484375
exact,5008,32,1,9,0.1285872757434845,0.06012255391373802,1.0,160256,25080064,25240320,5008.0,3825631232,0.005313999999998487,0.0013032000006205635,186.71630859375
exact,5008,32,1,10,0.12606102228164673,0.05884335063897764,1.0,160256,25080064,25240320,5008.0,3825631232,0.003077299999858951,0.0012817000006180024,185.31787109375
exact,5008,32,1,11,0.12388838827610016,0.0581819089456869,1.0,160256,25080064,25240320,5008.0,3825631232,0.0031065999992279103,0.001283200001125806,186.71630859375
exact,5008,32,1,12,0.12198016792535782,0.05778878793929713,1.0,160256,25080064,25240320,5008.0,3825631232,0.003397399999812478,0.0012850000002799788,185.31787109375
exact,5008,32,1,13,0.1203145757317543,0.05775758785942492,1.0,160256,25080064,25240320,5008.0,3825631232,0.005759800000305404,0.0013290000006236369,186.71630859375
exact,5008,32,1,14,0.1188531294465065,0.058356629392971246,1.0,160256,25080064,25240320,5008.0,3825631232,0.003486999999950058,0.0015076999989105389,186.18896484375
exact,5008,32,1,15,0.11757107824087143,0.05930511182108626,1.0,160256,25080064,25240320,5008.0,3825631232,0.003541899999618181,0.0015215999992506113,186.71630859375
exact,5008,32,1,16,0.11637341976165771,0.06069663538338658,1.0,160256,25080064,25240320,5008.0,3825631232,0.003329900000608177,0.0012858999998570653,185.31787109375
exact,5008,32,1,17,0.11535171419382095,0.0623315195686901,1.0,160256,25080064,25240320,5008.0,3825631232,0.003328999999212101,0.0012876000000687782,186.71630859375
exact,5008,32,1,18,0.11435055732727051,0.06435328474440895,1.0,160256,25080064,25240320,5008.0,3825631232,0.0033629000008659204,0.0012859999987995252,185.31787109375
exact,5008,32,1,19,0.11344438791275024,0.06694913138977636,1.0,160256,25080064,25240320,5008.0,3825631232,0.0032929000008152798,0.0012810999996872852,186.71630859375
exact,5008,32,1,20,0.11257661134004593,0.06965105830670927,1.0,160256,25080064,25240320,5008.0,3825631232,0.003460000001723529,0.001350599999568658,186.18896484375
exact,5008,32,1,21,0.11183571815490723,0.07286466653354633,1.0,160256,25080064,25240320,5008.0,3825631232,0.0034132999990106327,0.0012873999985458795,186.71630859375
exact,5008,32,1,22,0.11110105365514755,0.0765088358626198,1.0,160256,25080064,25240320,5008.0,3825631232,0.0034694000005401904,0.0013226999999460531,185.31787109375
exact,5008,32,1,23,0.11041583865880966,0.08044004592651757,1.0,160256,25080064,25240320,5008.0,3825631232,0.0035611000002973014,0.0012871999988419702,186.71630859375
exact,5008,32,1,24,0.10976219922304153,0.08475189696485623,1.0,160256,25080064,25240320,5008.0,3825631232,0.0036497999990388053,0.0013015000004088506,185.31787109375
exact,5008,32,1,25,0.10911441594362259,0.08976262979233227,1.0,160256,25080064,25240320,5008.0,3825631232,0.004362199999377481,0.0012817999995604623,186.71630859375
exact,5008,32,1,26,0.10850601643323898,0.0947733626198083,1.0,160256,25080064,25240320,5008.0,3825631232,0.003592499999285792,0.0013125000004947651,186.18896484375
exact,5008,32,1,27,0.1079360619187355,0.10054537739616613,1.0,160256,25080064,25240320,5008.0,3825631232,0.0035265000005892944,0.0014515000002575107,186.71630859375
exact,5008,32,1,28,0.10734276473522186,0.10751547523961662,1.0,160256,25080064,25240320,5008.0,3825631232,0.003694399998494191,0.0015321000009862473,185.31787109375
exact,5008,32,1,29,0.10676290839910507,0.11499101437699681,1.0,160256,25080064,25240320,5008.0,3825631232,0.0035023000000364846,0.0012853999996877974,186.71630859375
exact,5008,32,1,30,0.1061408668756485,0.12292831469648563,1.0,160256,25080064,25240320,5008.0,3825631232,0.0034060999987559626,0.0012848000005760696,185.31787109375
exact,5008,32,1,31,0.10553260147571564,0.1319888178913738,1.0,160256,25080064,25240320,5008.0,3825631232,0.0036837999996350845,0.0014037000000826083,186.71630859375
exact,5008,32,1,32,0.10490051656961441,0.14165460263578275,1.0,160256,25080064,25240320,5008.0,3825631232,0.0035148000006302027,0.0013593999992735917,186.18896484375
exact,5008,32,1,33,0.10418971627950668,0.1526058306709265,1.0,160256,25080064,25240320,5008.0,3825631232,0.003281299999798648,0.0012834999997721752,186.71630859375
exact,5008,32,1,34,0.10348698496818542,0.1644431409744409,1.0,160256,25080064,25240320,5008.0,3825631232,0.003661800001282245,0.0012870999998995103,185.31787109375
exact,5008,32,1,35,0.10273201018571854,0.17714157348242812,1.0,160256,25080064,25240320,5008.0,3825631232,0.004595499998686137,0.001282799999898998,186.71630859375
exact,5008,32,1,36,0.10189518332481384,0.19090704872204473,1.0,160256,25080064,25240320,5008.0,3825631232,0.003553000000465545,0.001530300000013085,185.31787109375
exact,5008,32,1,37,0.1009884923696518,0.20641348841853036,1.0,160256,25080064,25240320,5008.0,3825631232,0.0034880999992310535,0.001506399999925634,186.71630859375
exact,5008,32,1,38,0.10001227259635925,0.22324281150159744,1.0,160256,25080064,25240320,5008.0,3825631232,0.00345269999888842,0.0015089999997144332,186.18896484375
exact,5008,32,1,39,0.09891385585069656,0.24173821884984026,1.0,160256,25080064,25240320,5008.0,3825631232,0.0033349000004818663,0.001509499999883701,186.71630859375
exact,5008,32,1,40,0.09776394814252853,0.26139426916932906,1.0,160256,25080064,25240320,5008.0,3825631232,0.003371000000697677,0.0014919000004738336,185.31787109375
exact,5008,32,1,41,0.09648175537586212,0.2821111222044728,1.0,160256,25080064,25240320,5008.0,3825631232,0.0032916999989538454,0.0014302999989013188,186.71630859375
exact,5008,32,1,42,0.09505892544984818,0.30390125798722045,1.0,160256,25080064,25240320,5008.0,3825631232,0.003281200000856188,0.0015091999994183425,185.31787109375
exact,5008,32,1,43,0.09351920336484909,0.32689571685303515,1.0,160256,25080064,25240320,5008.0,3825631232,0.0034785000007104827,0.001544599999760976,186.71630859375
exact,5008,32,1,44,0.09181856364011765,0.3505328973642173,1.0,160256,25080064,25240320,5008.0,3825631232,0.0030290000013337703,0.0012846000008721603,186.18896484375
exact,5008,32,1,45,0.08994334191083908,0.3749812799520767,1.0,160256,25080064,25240320,5008.0,3825631232,0.003038400000150432,0.001282100000025821,186.71630859375
exact,5008,32,1,46,0.0878496766090393,0.39939222244408945,1.0,160256,25080064,25240320,5008.0,3825631232,0.002927100000306382,0.001279199999771663,185.31787109375
exact,5008,32,1,47,0.08558743447065353,0.4236783646166134,1.0,160256,25080064,25240320,5008.0,3825631232,0.0029512000000977423,0.0012806999984604772,186.71630859375
exact,5008,32,1,48,0.08312378823757172,0.44759010583067094,1.0,160256,25080064,25240320,5008.0,3825631232,0.003049200000532437,0.0013192999995226273,185.31787109375
exact,5008,32,1,49,0.08050226420164108,0.47113368610223644,1.0,160256,25080064,25240320,5008.0,3825631232,0.0028758000007655937,0.001279299998714123,186.71630859375
exact,5008,32,1,50,0.07767970114946365,0.49316094249201275,1.0,160256,25080064,25240320,5008.0,3825631232,0.002875599999242695,0.0013135999997757608,186.18896484375
exact,5008,32,1,51,0.07472256571054459,0.5133411541533547,1.0,160256,25080064,25240320,5008.0,3825631232,0.002892799999244744,0.0012789000011252938,186.71630859375
exact,5008,32,1,52,0.07166795432567596,0.532310802715655,1.0,160256,25080064,25240320,5008.0,3825631232,0.002921799999967334,0.0013559000017266953,185.31787109375
exact,5008,32,1,53,0.06855480372905731,0.5494271665335463,1.0,160256,25080064,25240320,5008.0,3825631232,0.002882500000850996,0.0012855000004492467,186.71630859375
exact,5008,32,1,54,0.06538669764995575,0.5653766473642172,1.0,160256,25080064,25240320,5008.0,3825631232,0.0031298000012611737,0.0012899999983346788,185.31787109375
exact,5008,32,1,55,0.06220610812306404,0.5789486821086262,1.0,160256,25080064,25240320,5008.0,3825631232,0.0028180999997857725,0.0012790000000677537,186.71630859375
exact,5008,32,1,56,0.059026651084423065,0.5921525559105432,1.0,160256,25080064,25240320,5008.0,3825631232,0.0028899000008095754,0.0012817000006180024,186.18896484375
exact,5008,32,1,57,0.055886976420879364,0.6033284245207667,1.0,160256,25080064,25240320,5008.0,3825631232,0.0028161000009276904,0.0012764999992214143,186.71630859375
exact,5008,32,1,58,0.05278652533888817,0.6130503694089456,1.0,160256,25080064,25240320,5008.0,3825631232,0.002841699999407865,0.0012762000005750451,185.31787109375
exact,5008,32,1,59,0.04975314065814018,0.6221670327476039,1.0,160256,25080064,25240320,5008.0,3825631232,0.0028614999991987133,0.0012781000004906673,186.71630859375
exact,5008,32,1,60,0.046790771186351776,0.6305848142971247,1.0,160256,25080064,25240320,5008.0,3825631232,0.0027585999996517785,0.0012802000001101987,185.31787109375
exact,5008,32,1,61,0.043917618691921234,0.6389713957667732,1.0,160256,25080064,25240320,5008.0,3825631232,0.005072399999335175,0.0013095000012981473,186.71630859375
exact,5008,32,1,62,0.0411456823348999,0.646116214057508,1.0,160256,25080064,25240320,5008.0,3825631232,0.008638199999040808,0.0012876000000687782,186.18896484375
exact,5008,32,1,63,0.03849267214536667,0.6528179912140575,1.0,160256,25080064,25240320,5008.0,3825631232,0.002870100001018727,0.001298299999689334,186.71630859375
exact,5008,32,1,64,0.03597969561815262,0.659051767172524,1.0,160256,25080064,25240320,5008.0,3825631232,0.0037641999988409225,0.0016802999998617452,185.31787109375
exact,5008,32,1,65,0.03362618386745453,0.6649423422523961,1.0,160256,25080064,25240320,5008.0,3825631232,0.0031237000002874993,0.0012819000003219116,186.71630859375
exact,5008,32,1,66,0.03144111856818199,0.6705146765175719,1.0,160256,25080064,25240320,5008.0,3825631232,0.0028615999999601627,0.001293400000577094,185.31787109375
exact,5008,32,1,67,0.02942677214741707,0.6763740515175719,1.0,160256,25080064,25240320,5008.0,3825631232,0.002817700000377954,0.0013049999997747364,186.71630859375
exact,5008,32,1,68,0.027569537982344627,0.6815907048722045,1.0,160256,25080064,25240320,5008.0,3825631232,0.0028342999994492857,0.0012745000003633322,186.18896484375
exact,5008,32,1,69,0.02584925666451454,0.6869820786741214,1.0,160256,25080064,25240320,5008.0,3825631232,0.00293729999975767,0.0013271999996504746,186.71630859375
exact,5008,32,1,70,0.024245429784059525,0.6923484924121406,1.0,160256,25080064,25240320,5008.0,3825631232,0.004376199998660013,0.0012957999988429947,185.31787109375
exact,5008,32,1,71,0.02274988777935505,0.6980393869808307,1.0,160256,25080064,25240320,5008.0,3825631232,0.0030959999985498143,0.001282100000025821,186.71630859375
exact,5008,32,1,72,0.021364375948905945,0.7035181210063898,1.0,160256,25080064,25240320,5008.0,3825631232,0.002988500000355998,0.0012829000006604474,185.31787109375
exact,5008,32,1,73,0.02008715271949768,0.7093150958466453,1.0,160256,25080064,25240320,5008.0,3825631232,0.0028669000002992107,0.0012786999996023951,186.71630859375
exact,5008,32,1,74,0.01890069805085659,0.7142447084664537,1.0,160256,25080064,25240320,5008.0,3825631232,0.002826699999786797,0.0012836000005336246,186.18896484375
exact,5008,32,1,75,0.017785191535949707,0.7200042432108626,1.0,160256,25080064,25240320,5008.0,3825631232,0.0028732000009767944,0.0012822000007872703,186.71630859375
exact,5008,32,1,76,0.016735048964619637,0.7255640974440895,1.0,160256,25080064,25240320,5008.0,3825631232,0.0033887999998114537,0.0015253000001393957,185.31787109375
exact,5008,32,1,77,0.015749791637063026,0.7311177116613419,1.0,160256,25080064,25240320,5008.0,3825631232,0.0030837000012979843,0.0014926000003470108,186.71630859375
exact,5008,32,1,78,0.014823784120380878,0.7367961261980831,1.0,160256,25080064,25240320,5008.0,3825631232,0.0029240999992907746,0.0013116999998601386,185.31787109375
exact,5008,32,1,79,0.013945975340902805,0.7420065395367412,1.0,160256,25080064,25240320,5008.0,3825631232,0.0031490999990637647,0.001442299999325769,186.71630859375
exact,5008,32,1,80,0.013109449297189713,0.7475788738019169,1.0,160256,25080064,25240320,5008.0,3825631232,0.003620999999839114,0.001586200000019744,186.18896484375
exact,5008,32,1,81,0.012314937077462673,0.7536441693290735,1.0,160256,25080064,25240320,5008.0,3825631232,0.007431300000462215,0.0017762000006769085,186.71630859375
exact,5008,32,1,82,0.011564367450773716,0.7593038638178914,1.0,160256,25080064,25240320,5008.0,3825631232,0.0028246999991097255,0.0012805999995180173,185.31787109375
exact,5008,32,1,83,0.010859061032533646,0.7645704373003195,1.0,160256,25080064,25240320,5008.0,3825631232,0.0030351999994309153,0.0012964999987161718,186.71630859375
exact,5008,32,1,84,0.01019716914743185,0.7702738119009584,1.0,160256,25080064,25240320,5008.0,3825631232,0.0027757999996538274,0.0012811000015062746,185.31787109375
exact,5008,32,1,85,0.009573841467499733,0.7759210263578274,1.0,160256,25080064,25240320,5008.0,3825631232,0.002817799999320414,0.0013254000004963018,186.71630859375
exact,5008,32,1,86,0.008982905186712742,0.7821922424121406,1.0,160256,25080064,25240320,5008.0,3825631232,0.0028055000002495944,0.001276799999686773,186.18896484375
exact,5008,32,1,87,0.008420501835644245,0.7884946585463258,1.0,160256,25080064,25240320,5008.0,3825631232,0.002796400000079302,0.0012925000010000076,186.71630859375
exact,5008,32,1,88,0.007884294725954533,0.7948532348242812,1.0,160256,25080064,25240320,5008.0,3825631232,0.0027800999996543396,0.0012853000007453375,185.31787109375
exact,5008,32,1,89,0.0073728421702980995,0.8007313298722045,1.0,160256,25080064,25240320,5008.0,3825631232,0.0028103999993618345,0.0012795999991794815,186.71630859375
exact,5008,32,1,90,0.006888857111334801,0.8068715055910544,1.0,160256,25080064,25240320,5008.0,3825631232,0.0027513000004546484,0.001284500000110711,185.31787109375
exact,5008,32,1,91,0.006435622461140156,0.8125062400159745,1.0,160256,25080064,25240320,5008.0,3825631232,0.0028192999998282176,0.0012846999998146202,186.71630859375
exact,5008,32,1,92,0.006013223435729742,0.818571535543131,1.0,160256,25080064,25240320,5008.0,3825631232,0.002893299999414012,0.0013275999990582932,186.18896484375
exact,5008,32,1,93,0.005619476083666086,0.8242062699680511,1.0,160256,25080064,25240320,5008.0,3825631232,0.0027840000002470333,0.001286900000195601,186.71630859375
exact,5008,32,1,94,0.005251029506325722,0.8298160443290735,1.0,160256,25080064,25240320,5008.0,3825631232,0.0028309000008448493,0.0013111000007484108,185.31787109375
exact,5008,32,1,95,0.004904594272375107,0.8355256589456869,1.0,160256,25080064,25240320,5008.0,3825631232,0.0029002999999647727,0.0012896000007458497,186.71630859375
exact,5008,32,1,96,0.004578527994453907,0.8411104732428115,1.0,160256,25080064,25240320,5008.0,3825631232,0.0029732999992120313,0.0013451999984681606,185.31787109375
exact,5008,32,1,97,0.004272222984582186,0.8465767272364217,1.0,160256,25080064,25240320,5008.0,3825631232,0.002793800000290503,0.0013039999994362006,186.71630859375
exact,5008,32,1,98,0.003987600095570087,0.8518620207667732,1.0,160256,25080064,25240320,5008.0,3825631232,0.0027460000001156004,0.0012796999999409309,186.18896484375
exact,5008,32,1,99,0.0037244572304189205,0.8569039536741214,1.0,160256,25080064,25240320,5008.0,3825631232,0.0031030000009195646,0.0012810000007448252,186.71630859375
exact,5008,32,1,100,0.0034812360536307096,0.8617274860223643,1.0,160256,25080064,25240320,5008.0,3825631232,0.003331800000523799,0.0016608999994787155,185.31787109375
exact,5008,32,1,101,0.003254737937822938,0.8666383785942492,1.0,160256,25080064,25240320,5008.0,3825631232,0.0028345999999146443,0.001283300000068266,186.71630859375
exact,5008,32,1,102,0.003044129814952612,0.8706631888977636,1.0,160256,25080064,25240320,5008.0,3825631232,0.0028012000002490822,0.0012861999985034345,185.31787109375
exact,5008,32,1,103,0.0028489811811596155,0.8747191992811502,1.0,160256,25080064,25240320,5008.0,3825631232,0.0027583000010054093,0.0012783000001945766,186.71630859375
exact,5008,32,1,104,0.0026689907535910606,0.8786004892172524,1.0,160256,25080064,25240320,5008.0,3825631232,0.005849899998793262,0.0026353000012022676,186.18896484375
exact,5008,32,1,105,0.002502649324014783,0.8821448182907349,1.0,160256,25080064,25240320,5008.0,3825631232,0.002825099998517544,0.0012776999992638594,186.71630859375
exact,5008,32,1,106,0.0023490735329687595,0.8857577875399361,1.0,160256,25080064,25240320,5008.0,3825631232,0.0029267999998410232,0.0013600999991467688,185.31787109375
exact,5008,32,1,107,0.0022076121531426907,0.8892147563897763,1.0,160256,25080064,25240320,5008.0,3825631232,0.007433400000081747,0.002066700000796118,186.71630859375
exact,5008,32,1,108,0.002078165765851736,0.8923722044728435,1.0,160256,25080064,25240320,5008.0,3825631232,0.0027597999996942235,0.0012768000015057623,185.31787109375
exact,5008,32,1,109,0.001960072899237275,0.8950803714057508,1.0,160256,25080064,25240320,5008.0,3825631232,0.002752499998678104,0.0012886999993497739,186.71630859375
exact,5008,32,1,110,0.0018519199220463634,0.8978259784345048,1.0,160256,25080064,25240320,5008.0,3825631232,0.0027585999996517785,0.001281199998629745,186.18896484375
exact,5008,32,1,111,0.0017521268455311656,0.900546625399361,1.0,160256,25080064,25240320,5008.0,3825631232,0.004513100000622217,0.0012834999997721752,186.71630859375
exact,5008,32,1,112,0.0016592595493420959,0.9027930311501597,1.0,160256,25080064,25240320,5008.0,3825631232,0.002867700000933837,0.0012822000007872703,185.31787109375
exact,5008,32,1,113,0.0015724522527307272,0.9049395966453674,1.0,160256,25080064,25240320,5008.0,3825631232,0.002810699999827193,0.0012772000009135809,186.71630859375
exact,5008,32,1,114,0.00149149086792022,0.9071485623003195,1.0,160256,25080064,25240320,5008.0,3825631232,0.002921999999671243,0.0012940000015078112,185.31787109375
exact,5008,32,1,115,0.0014160098508000374,0.9091828075079872,1.0,160256,25080064,25240320,5008.0,3825631232,0.003013699999428354,0.0014413999997486826,186.71630859375
exact,5008,32,1,116,0.0013448285171762109,0.9109861721246006,1.0,160256,25080064,25240320,5008.0,3825631232,0.0028413000000000466,0.0012968999999429798,186.18896484375
exact,5008,32,1,117,0.0012770089088007808,0.9127895367412141,1.0,160256,25080064,25240320,5008.0,3825631232,0.0027786000009655254,0.0012802000001101987,186.71630859375
exact,5008,32,1,118,0.0012117683654651046,0.9144556210063898,1.0,160256,25080064,25240320,5008.0,3825631232,0.004034800000226824,0.0017399999996996485,185.31787109375
exact,5008,32,1,119,0.0011478742817416787,0.9161029852236422,1.0,160256,25080064,25240320,5008.0,3825631232,0.002733299999817973,0.0012811000015062746,186.71630859375
exact,5008,32,1,120,0.0010849201353266835,0.9183119508785943,1.0,160256,25080064,25240320,5008.0,3825631232,0.0028227000002516434,0.001291099999434664,185.31787109375
exact,5008,32,1,121,0.0010228962637484074,0.9204335563099042,1.0,160256,25080064,25240320,5008.0,3825631232,0.0028223999997862848,0.0013192000005801674,186.71630859375
exact,5008,32,1,122,0.0009619764750823379,0.9224116413738019,1.0,160256,25080064,25240320,5008.0,3825631232,0.008132299999488168,0.004235399999743095,186.18896484375
exact,5008,32,1,123,0.0009022154845297337,0.9246268470447284,1.0,160256,25080064,25240320,5008.0,3825631232,0.002780600001642597,0.0012838999991799938,186.71630859375
exact,5008,32,1,124,0.0008438448421657085,0.9271790135782748,1.0,160256,25080064,25240320,5008.0,3825631232,0.005263600000034785,0.0012867000004916918,185.31787109375
exact,5008,32,1,125,0.0007873232825659215,0.9299495806709265,1.0,160256,25080064,25240320,5008.0,3825631232,0.0028536000008898554,0.0012931999990541954,186.71630859375
exact,5008,32,1,126,0.0007332245004363358,0.9326327875399361,1.0,160256,25080064,25240320,5008.0,3825631232,0.0028215000002091983,0.0012900000001536682,185.31787109375
exact,5008,32,1,127,0.0006821717252023518,0.9350476737220448,1.0,160256,25080064,25240320,5008.0,3825631232,0.0028241999989404576,0.0012769999993906822,186.71630859375
exact,5008,32,1,128,0.0006346742738969624,0.9376684804313099,1.0,160256,25080064,25240320,5008.0,3825631232,0.002897399999710615,0.0013312999999470776,186.18896484375
exact,5008,32,1,129,0.000591116608120501,0.9400833666134185,1.0,160256,25080064,25240320,5008.0,3825631232,0.002745399999184883,0.001292299999477109,186.71630859375
exact,5008,32,1,130,0.000551796518266201,0.9427041733226837,1.0,160256,25080064,25240320,5008.0,3825631232,0.0028268999994907063,0.0012781999994331272,185.31787109375
exact,5008,32,1,131,0.0005168608040548861,0.9452438598242812,1.0,160256,25080064,25240320,5008.0,3825631232,0.0028139999994891696,0.0012920000008307397,186.71630859375
exact,5008,32,1,132,0.00048634427366778255,0.9473779452875399,1.0,160256,25080064,25240320,5008.0,3825631232,0.005373500000132481,0.0012866000015492318,185.31787109375
exact,5008,32,1,133,0.00046002946328371763,0.9492624301118211,1.0,160256,25080064,25240320,5008.0,3825631232,0.002781699999104603,0.001288500001464854,186.71630859375
exact,5008,32,1,134,0.0004375308926682919,0.9506539536741214,1.0,160256,25080064,25240320,5008.0,3825631232,0.002816500000335509,0.0012927000007039169,186.18896484375
exact,5008,32,1,135,0.0004185448633506894,0.952176517571885,1.0,160256,25080064,25240320,5008.0,3825631232,0.00503249999928812,0.0013020999995205784,186.71630859375
exact,5008,32,1,136,0.00040254744817502797,0.952912839456869,1.0,160256,25080064,25240320,5008.0,3825631232,0.0033511000001453795,0.001533299999209703,185.31787109375
exact,5008,32,1,137,0.0003889239742420614,0.9534120407348243,1.0,160256,25080064,25240320,5008.0,3825631232,0.0028175999996165046,0.0013254000004963018,186.71630859375
exact,5008,32,1,138,0.00037733398494310677,0.954029802316294,1.0,160256,25080064,25240320,5008.0,3825631232,0.010750700001153746,0.00493570000071486,185.31787109375
exact,5008,32,1,139,0.0003673549508675933,0.954229482827476,1.0,160256,25080064,25240320,5008.0,3825631232,0.0031822999990254175,0.0013865999990230193,186.71630859375
exact,5008,32,1,140,0.00035858916817232966,0.9540859624600639,1.0,160256,25080064,25240320,5008.0,3825631232,0.0030873000014253194,0.0012984999993932433,186.18896484375
exact,5008,32,1,141,0.00035065796691924334,0.9541046825079872,1.0,160256,25080064,25240320,5008.0,3825631232,0.003154599999106722,0.0013906000003771624,186.71630859375
exact,5008,32,1,142,0.00034335124655626714,0.954073482428115,1.0,160256,25080064,25240320,5008.0,3825631232,0.00348649999978079,0.0013976999998703832,185.31787109375
exact,5008,32,1,143,0.000336474651703611,0.9540672424121406,1.0,160256,25080064,25240320,5008.0,3825631232,0.0029923999991297023,0.0013092000008327886,186.71630859375
exact,5008,32,1,144,0.0003298441879451275,0.9541546026357828,1.0,160256,25080064,25240320,5008.0,3825631232,0.0028352999997878214,0.0013017000001127599,185.31787109375
exact,5008,32,1,145,0.00032331832335330546,0.9542357228434505,1.0,160256,25080064,25240320,5008.0,3825631232,0.0034541000004537636,0.0014530999997077743,186.71630859375
exact,5008,32,1,146,0.00031689932802692056,0.9544541234025559,1.0,160256,25080064,25240320,5008.0,3825631232,0.0029332000012800563,0.0013079000000288943,186.18896484375
exact,5008,32,1,147,0.0003106913936790079,0.9545040435303515,1.0,160256,25080064,25240320,5008.0,3825631232,0.003286199998910888,0.0012862000003224239,186.71630859375
exact,5008,32,1,148,0.00030467219767160714,0.9545664436900958,1.0,160256,25080064,25240320,5008.0,3825631232,0.0029709999998885905,0.0013311000002431683,185.31787109375
exact,5008,32,1,149,0.0002988410706166178,0.9547910842651757,1.0,160256,25080064,25240320,5008.0,3825631232,0.002879699999539298,0.0012920999997731997,186.71630859375
exact,5008,32,1,150,0.0002932731877081096,0.9551592452076677,1.0,160256,25080064,25240320,5008.0,3825631232,0.00290589999895019,0.0013323000002856134,185.31787109375
exact,5008,32,1,151,0.00028800699510611594,0.9556646865015974,1.0,160256,25080064,25240320,5008.0,3825631232,0.002901699999711127,0.0013281999999890104,186.71630859375
exact,5008,32,1,152,0.0002831139136105776,0.9557832468051118,1.0,160256,25080064,25240320,5008.0,3825631232,0.0028923000008944655,0.0013349000000744127,186.18896484375
exact,5008,32,1,153,0.0002785281103570014,0.9561514077476039,1.0,160256,25080064,25240320,5008.0,3825631232,0.0028762000001734123,0.0013275000001158332,186.71630859375
exact,5008,32,1,154,0.00027427534223534167,0.9564821285942492,1.0,160256,25080064,25240320,5008.0,3825631232,0.0028318000004219357,0.001284500000110711,185.31787109375
exact,5008,32,1,155,0.00027036460232920945,0.956762929313099,1.0,160256,25080064,25240320,5008.0,3825631232,0.003397499998754938,0.0013641000005009118,186.71630859375
exact,5008,32,1,156,0.0002667937660589814,0.9569251697284346,1.0,160256,25080064,25240320,5008.0,3825631232,0.003166399999827263,0.0013968000002932968,185.31787109375
exact,5008,32,1,157,0.00026352275745011866,0.9571747703674122,1.0,160256,25080064,25240320,5008.0,3825631232,0.0029751999991276534,0.0013463000013871351,186.71630859375
exact,5008,32,1,158,0.00026055716443806887,0.957299570686901,1.0,160256,25080064,25240320,5008.0,3825631232,0.0029954999990877695,0.0013764999985141912,186.18896484375
exact,5008,32,1,159,0.00025787283084355295,0.9574930111821086,1.0,160256,25080064,25240320,5008.0,3825631232,0.0029417999994620914,0.0013480999987223186,186.71630859375
exact,5008,32,1,160,0.0002554534294176847,0.9576178115015974,1.0,160256,25080064,25240320,5008.0,3825631232,0.004031700000268756,0.0016531999990547774,185.31787109375
exact,5008,32,1,161,0.00025327183539047837,0.9577176517571885,1.0,160256,25080064,25240320,5008.0,3825631232,0.004969199999322882,0.0013061999998171814,186.71630859375
exact,5008,32,1,162,0.0002513137587811798,0.9577426118210862,1.0,160256,25080064,25240320,5008.0,3825631232,0.002835199999026372,0.0012693999997281935,185.31787109375
exact,5008,32,1,163,0.00024952253443188965,0.9578174920127795,1.0,160256,25080064,25240320,5008.0,3825631232,0.002858299998479197,0.0013196999989304459,186.71630859375
exact,5008,32,1,164,0.00024789650342427194,0.9578112519968051,1.0,160256,25080064,25240320,5008.0,3825631232,0.002853300000424497,0.0012688000006164657,186.18896484375
exact,5008,32,1,165,0.00024643263895995915,0.9579485323482428,1.0,160256,25080064,25240320,5008.0,3825631232,0.0028335000006336486,0.0012968000010005198,186.71630859375
exact,5008,32,1,166,0.0002451131003908813,0.9579422923322684,1.0,160256,25080064,25240320,5008.0,3825631232,0.0027364999987185,0.001272199999220902,185.31787109375
exact,5008,32,1,167,0.0002438990632072091,0.9577987719648562,1.0,160256,25080064,25240320,5008.0,3825631232,0.002802799999699346,0.0012757000004057772,186.71630859375
exact,5008,32,1,168,0.0002427930012345314,0.9578299720447284,1.0,160256,25080064,25240320,5008.0,3825631232,0.0029100000010657823,0.0012936000002810033,185.31787109375
exact,5008,32,1,169,0.000241775022004731,0.9578861321884984,1.0,160256,25080064,25240320,5008.0,3825631232,0.0032988000002660556,0.0015709999988757772,186.71630859375
exact,5008,32,1,170,0.00024082651361823082,0.9578549321086262,1.0,160256,25080064,25240320,5008.0,3825631232,0.002827300000717514,0.0012879000005341368,186.18896484375
exact,5008,32,1,171,0.00023994625371415168,0.958035892571885,1.0,160256,25080064,25240320,5008.0,3825631232,0.002793200001178775,0.0013163999992684694,186.71630859375
exact,5008,32,1,172,0.0002391230227658525,0.9580296525559105,1.0,160256,25080064,25240320,5008.0,3825631232,0.0028036000003339723,0.001319599999987986,185.31787109375
exact,5008,32,1,173,0.0002383981045568362,0.9579672523961661,1.0,160256,25080064,25240320,5008.0,3825631232,0.003143600000839797,0.0013082999994367128,186.71630859375
exact,5008,32,1,174,0.00023770322150085121,0.9579922124600639,1.0,160256,25080064,25240320,5008.0,3825631232,0.002870700000130455,0.0013283999996929197,185.31787109375
exact,5008,32,1,175,0.0002370688016526401,0.9579859724440895,1.0,160256,25080064,25240320,5008.0,3825631232,0.002819199999066768,0.0012824000004911795,186.71630859375
exact,5008,32,1,176,0.0002364840474911034,0.9579485323482428,1.0,160256,25080064,25240320,5008.0,3825631232,0.002831499999956577,0.0012913999999000225,186.18896484375
exact,5008,32,1,177,0.00023594159574713558,0.958035892571885,1.0,160256,25080064,25240320,5008.0,3825631232,0.0030280000009952346,0.001293499999519554,186.71630859375
exact,5008,32,1,178,0.0002354142052354291,0.9580670926517572,1.0,160256,25080064,25240320,5008.0,3825631232,0.0028234000001248205,0.0012908999997307546,185.31787109375
exact,5008,32,1,179,0.0002349398855585605,0.9580858126996805,1.0,160256,25080064,25240320,5008.0,3825631232,0.00282849999894097,0.0012923999984195689,186.71630859375
exact,5008,32,1,180,0.00023450670414604247,0.9580733326677316,1.0,160256,25080064,25240320,5008.0,3825631232,0.0028549999988172203,0.0013172999988455558,185.31787109375
exact,5008,32,1,181,0.0002341030485695228,0.9580608526357828,1.0,160256,25080064,25240320,5008.0,3825631232,0.002997400000822381,0.0013911999994888902,186.71630859375
exact,5008,32,1,182,0.00023372801661025733,0.9580546126198083,1.0,160256,25080064,25240320,5008.0,3825631232,0.0029888000008213567,0.001305399999182555,186.18896484375
exact,5008,32,1,183,0.00023338386381510645,0.9581294928115016,1.0,160256,25080064,25240320,5008.0,3825631232,0.0027408999994804617,0.001289399999222951,186.71630859375
exact,5008,32,1,184,0.00023305462673306465,0.9581544528753994,1.0,160256,25080064,25240320,5008.0,3825631232,0.0027585000007093186,0.001274300000659423,185.31787109375
exact,5008,32,1,185,0.00023277493892237544,0.9581232527955271,1.0,160256,25080064,25240320,5008.0,3825631232,0.002789899999697809,0.0012737000015476951,186.71630859375
exact,5008,32,1,186,0.00023250296362675726,0.958148212859425,1.0,160256,25080064,25240320,5008.0,3825631232,0.0027771999994001817,0.0012993000000278698,185.31787109375
exact,5008,32,1,187,0.00023228410282172263,0.958191892971246,1.0,160256,25080064,25240320,5008.0,3825631232,0.002962200000183657,0.0013496999999915715,186.71630859375
exact,5008,32,1,188,0.0002320713974768296,0.9582418130990416,1.0,160256,25080064,25240320,5008.0,3825631232,0.0028727000008075265,0.0013029999990976648,186.18896484375
exact,5008,32,1,189,0.0002318774349987507,0.9583104532747604,1.0,160256,25080064,25240320,5008.0,3825631232,0.0029145999997126637,0.0013200000012147939,186.71630859375
exact,5008,32,1,190,0.0002317038452019915,0.9582854932108626,1.0,160256,25080064,25240320,5008.0,3825631232,0.002818999999362859,0.001287699999011238,185.31787109375
exact,5008,32,1,191,0.00023154319205787033,0.958291733226837,1.0,160256,25080064,25240320,5008.0,3825631232,0.003877900000588852,0.0013105999987601535,186.71630859375
exact,5008,32,1,192,0.00023140860139392316,0.958347893370607,1.0,160256,25080064,25240320,5008.0,3825631232,0.008408400000917027,0.0013106999995216029,185.31787109375
exact,5008,32,1,193,0.0002312649885425344,0.9583603734025559,1.0,160256,25080064,25240320,5008.0,3825631232,0.0032348999993701,0.0012960999993083533,186.71630859375
exact,5008,32,1,194,0.00023114928626455367,0.9583229333067093,1.0,160256,25080064,25240320,5008.0,3825631232,0.0028168999997433275,0.0012879000005341368,186.18896484375
exact,5008,32,1,195,0.00023103681451175362,0.9583416533546326,1.0,160256,25080064,25240320,5008.0,3825631232,0.0028162999988126103,0.0012807000002794666,186.71630859375
exact,5008,32,1,196,0.00023093514028005302,0.9583416533546326,1.0,160256,25080064,25240320,5008.0,3825631232,0.0032148000009328825,0.001322099999015336,185.31787109375
exact,5008,32,1,197,0.00023084026179276407,0.9583166932907349,1.0,160256,25080064,25240320,5008.0,3825631232,0.002818300001308671,0.0012891999995190417,186.71630859375
exact,5008,32,1,198,0.00023076166689861566,0.958347893370607,1.0,160256,25080064,25240320,5008.0,3825631232,0.0028109000013500918,0.0012752000002365094,185.31787109375
exact,5008,32,1,199,0.00023067429719958454,0.958404053514377,1.0,160256,25080064,25240320,5008.0,3825631232,0.0027946000009251293,0.0013123999997333158,186.71630859375
exact,5008,32,1,200,0.0002306021488038823,0.9583853334664537,1.0,160256,25080064,25240320,5008.0,3825631232,0.0028497999992396217,0.0012848999995185295,186.18896484375
exact,5008,32,1,201,0.00023053163022268564,0.9583978134984026,1.0,160256,25080064,25240320,5008.0,3825631232,0.002759300001343945,0.0013037999997322913,186.71630859375
exact,5008,32,1,202,0.00023048289585858583,0.9583978134984026,1.0,160256,25080064,25240320,5008.0,3825631232,0.002812300001096446,0.001301100001001032,185.31787109375
exact,5008,32,1,203,0.00023043714463710785,0.9583978134984026,1.0,160256,25080064,25240320,5008.0,3825631232,0.0028533999993669568,0.001285700000153156,186.71630859375
exact,5008,32,1,204,0.0002303961373399943,0.9584165335463258,1.0,160256,25080064,25240320,5008.0,3825631232,0.0028983000011066906,0.001296399999773712,185.31787109375
exact,5008,32,1,205,0.00023035143385641277,0.9583728534345048,1.0,160256,25080064,25240320,5008.0,3825631232,0.004696899999544257,0.0019690999997692415,186.71630859375
exact,5008,32,1,206,0.00023031976888887584,0.9583354133386581,1.0,160256,25080064,25240320,5008.0,3825631232,0.0027938999992329627,0.0012850000002799788,186.18896484375
exact,5008,32,1,207,0.00023028287978377193,0.9583042132587859,1.0,160256,25080064,25240320,5008.0,3825631232,0.007369400000243331,0.0012729000009130687,186.71630859375
exact,5008,32,1,208,0.00023025555128697306,0.9582792531948882,1.0,160256,25080064,25240320,5008.0,3825631232,0.002861799999664072,0.0012931000001117354,185.31787109375
exact,5008,32,1,209,0.00023023020185064524,0.9582667731629393,1.0,160256,25080064,25240320,5008.0,3825631232,0.00290810000115016,0.0013163000003260095,186.71630859375
exact,5008,32,1,210,0.00023020013759378344,0.9582605331469649,1.0,160256,25080064,25240320,5008.0,3825631232,0.0029458000008162344,0.0013388999996095663,185.31787109375
exact,5008,32,1,211,0.00023017237253952771,0.9582979732428115,1.0,160256,25080064,25240320,5008.0,3825631232,0.0031309999994846294,0.001290500000322936,186.71630859375
exact,5008,32,1,212,0.0002301497443113476,0.958291733226837,1.0,160256,25080064,25240320,5008.0,3825631232,0.0028369999999995343,0.001283300000068266,186.18896484375
exact,5008,32,1,213,0.0002301227650605142,0.9583229333067093,1.0,160256,25080064,25240320,5008.0,3825631232,0.0028533999993669568,0.0012936000002810033,186.71630859375
exact,5008,32,1,214,0.00023010205768514425,0.9583354133386581,1.0,160256,25080064,25240320,5008.0,3825631232,0.003059600001506624,0.0013460999998642365,185.31787109375
exact,5008,32,1,215,0.00023008744756225497,0.9583603734025559,1.0,160256,25080064,25240320,5008.0,3825631232,0.0028851999995822553,0.001328599999396829,186.71630859375
exact,5008,32,1,216,0.0002300760243088007,0.9583603734025559,1.0,160256,25080064,25240320,5008.0,3825631232,0.0028074000001652166,0.0012693000007857336,185.31787109375
exact,5008,32,1,217,0.0002300570922670886,0.9583354133386581,1.0,160256,25080064,25240320,5008.0,3825631232,0.0027640999996947357,0.001291099999434664,186.71630859375
exact,5008,32,1,218,0.00023003619571682066,0.9582854932108626,1.0,160256,25080064,25240320,5008.0,3825631232,0.0028464000006351853,0.0013046000003669178,186.18896484375
exact,5008,32,1,219,0.00023002956004347652,0.9583042132587859,1.0,160256,25080064,25240320,5008.0,3825631232,0.0027804000001196982,0.001300099998843507,186.71630859375
exact,5008,32,1,220,0.00023001988301984966,0.9583166932907349,1.0,160256,25080064,25240320,5008.0,3825631232,0.002804699999614968,0.0012679999999818392,185.31787109375
exact,5008,32,1,221,0.00023000691726338118,0.9583229333067093,1.0,160256,25080064,25240320,5008.0,3825631232,0.0028258000002097106,0.0013032999995630234,186.71630859375
exact,5008,32,1,222,0.00023000084911473095,0.9583104532747604,1.0,160256,25080064,25240320,5008.0,3825631232,0.006258699999307282,0.0013727000005019363,185.31787109375
exact,5008,32,1,223,0.0002299984626006335,0.9583291733226837,1.0,160256,25080064,25240320,5008.0,3825631232,0.004539499999737018,0.0013228999996499624,186.71630859375
exact,5008,32,1,224,0.000229992569074966,0.9583229333067093,1.0,160256,25080064,25240320,5008.0,3825631232,0.003006200000527315,0.001316699999733828,186.18896484375
exact,5008,32,1,225,0.00022998508939053863,0.9583416533546326,1.0,160256,25080064,25240320,5008.0,3825631232,0.002726200000324752,0.0012725999986287206,186.71630859375
exact,5008,32,1,226,0.00022998175700195134,0.9583416533546326,1.0,160256,25080064,25240320,5008.0,3825631232,0.0027436000000307104,0.0012686999998550164,185.31787109375
exact,5008,32,1,227,0.00022997756605036557,0.9583229333067093,1.0,160256,25080064,25240320,5008.0,3825631232,0.002812999999150634,0.0012722999999823514,186.71630859375
exact,5008,32,1,228,0.00022998085478320718,0.9583042132587859,1.0,160256,25080064,25240320,5008.0,3825631232,0.0027621999997791136,0.001279600000998471,185.31787109375
exact,5008,32,1,229,0.0002299757325090468,0.9583166932907349,1.0,160256,25080064,25240320,5008.0,3825631232,0.0028190000011818483,0.0013003000003664056,186.71630859375
exact,5008,32,1,230,0.000229967015911825,0.958347893370607,1.0,160256,25080064,25240320,5008.0,3825631232,0.002841600000465405,0.001289300000280491,186.18896484375
exact,5008,32,1,231,0.00022996199550107121,0.9583354133386581,1.0,160256,25080064,25240320,5008.0,3825631232,0.0028105999990657438,0.001288199999180506,186.71630859375
exact,5008,32,1,232,0.0002299620973644778,0.9583354133386581,1.0,160256,25080064,25240320,5008.0,3825631232,0.004258499999195919,0.001874899999165791,185.31787109375
exact,5008,32,1,233,0.00022996528423391283,0.9583229333067093,1.0,160256,25080064,25240320,5008.0,3825631232,0.002908799999204348,0.0013211000004957896,186.71630859375
exact,5008,32,1,234,0.00022996483312454075,0.9583229333067093,1.0,160256,25080064,25240320,5008.0,3825631232,0.00298320000001695,0.0013044999996054685,185.31787109375
exact,5008,32,1,235,0.00022996109328232706,0.958347893370607,1.0,160256,25080064,25240320,5008.0,3825631232,0.0032328999986930285,0.0015746999997645617,186.71630859375
exact,5008,32,1,236,0.00022995876497589052,0.9583291733226837,1.0,160256,25080064,25240320,5008.0,3825631232,0.004213600001094164,0.0013534999998228159,186.18896484375
exact,5008,32,1,237,0.00022996184998191893,0.958347893370607,1.0,160256,25080064,25240320,5008.0,3825631232,0.0028471999994508224,0.0013157999983377522,186.71630859375
exact,5008,32,1,238,0.00022996131156105548,0.9583229333067093,1.0,160256,25080064,25240320,5008.0,3825631232,0.0031458000012207776,0.0012953999994351761,185.31787109375
exact,5008,32,1,239,0.0002299581974511966,0.9583416533546326,1.0,160256,25080064,25240320,5008.0,3825631232,0.003145000000586151,0.0012954000012541655,186.71630859375
exact,5008,32,1,240,0.00022995466133579612,0.958347893370607,1.0,160256,25080064,25240320,5008.0,3825631232,0.0035439999992377125,0.0016309000002365792,185.31787109375
exact,5008,32,1,241,0.00022995340987108648,0.9583291733226837,1.0,160256,25080064,25240320,5008.0,3825631232,0.0031328999994002515,0.0012993999989703298,186.71630859375
exact,5008,32,1,242,0.0002299588086316362,0.9583354133386581,1.0,160256,25080064,25240320,5008.0,3825631232,0.002871600001526531,0.0012943000001541805,186.18896484375
exact,5008,32,1,243,0.00022995591280050576,0.9583416533546326,1.0,160256,25080064,25240320,5008.0,3825631232,0.002865399999791407,0.0012949000010848977,186.71630859375
exact,5008,32,1,244,0.00022995386098045856,0.958347893370607,1.0,160256,25080064,25240320,5008.0,3825631232,0.002944200001365971,0.0012753999999404186,185.31787109375
exact,5008,32,1,245,0.0002299532643519342,0.958347893370607,1.0,160256,25080064,25240320,5008.0,3825631232,0.003575099999579834,0.0015386000013677403,186.71630859375
exact,5008,32,1,246,0.00022995499602984637,0.958347893370607,1.0,160256,25080064,25240320,5008.0,3825631232,0.0029243000008136733,0.0013184999988880008,185.31787109375
exact,5008,32,1,247,0.00022995524341240525,0.958347893370607,1.0,160256,25080064,25240320,5008.0,3825631232,0.0029484000006050337,0.001298299999689334,186.71630859375
exact,5008,32,1,248,0.00022995700419414788,0.9583416533546326,1.0,160256,25080064,25240320,5008.0,3825631232,0.0028621999990718905,0.0012853999996877974,186.18896484375
exact,5008,32,1,249,0.0002299554762430489,0.9583291733226837,1.0,160256,25080064,25240320,5008.0,3825631232,0.002837599999111262,0.0012994000007893192,186.71630859375
exact,5008,32,1,250,0.00022995263861957937,0.9583354133386581,1.0,160256,25080064,25240320,5008.0,3825631232,0.0028882000005978625,0.0012889999998151325,185.31787109375
exact,5008,32,1,251,0.000229954908718355,0.9583291733226837,1.0,160256,25080064,25240320,5008.0,3825631232,0.0030841999996482627,0.0012931999990541954,186.71630859375
exact,5008,32,1,252,0.00022995426843408495,0.9583354133386581,1.0,160256,25080064,25240320,5008.0,3825631232,0.0028275999993638834,0.0012843999993492616,185.31787109375
exact,5008,32,1,253,0.00022995333711151034,0.9583354133386581,1.0,160256,25080064,25240320,5008.0,3825631232,0.0028585999989445554,0.0013032000006205635,186.71630859375
exact,5008,32,1,254,0.00022995333711151034,0.9583291733226837,1.0,160256,25080064,25240320,5008.0,3825631232,0.0028437999990273966,0.0012993000000278698,186.18896484375
exact,5008,32,1,255,0.0002299555198987946,0.9583166932907349,1.0,160256,25080064,25240320,5008.0,3825631232,0.0027841999999509426,0.001302499998928397,186.71630859375
exact,5008,32,1,256,0.00022995095059741288,0.9583354133386581,1.0,160256,25080064,25240320,5008.0,3825631232,0.002813699999023811,0.0012807999992219266,185.31787109375
exact,5008,32,1,257,0.00022994897153694183,0.9583229333067093,1.0,160256,25080064,25240320,5008.0,3825631232,0.0031679999992775265,0.0015770999998494517,186.71630859375
exact,5008,32,1,258,0.00022994705068413168,0.9583291733226837,1.0,160256,25080064,25240320,5008.0,3825631232,0.0028043000002071494,0.0012810999996872852,185.31787109375
exact,5008,32,1,259,0.00022995048493612558,0.9583166932907349,1.0,160256,25080064,25240320,5008.0,3825631232,0.002904599999965285,0.0013128000009601237,186.71630859375
exact,5008,32,1,260,0.000229947007028386,0.9583229333067093,1.0,160256,25080064,25240320,5008.0,3825631232,0.0029407000001810957,0.0013233999998192303,186.18896484375
exact,5008,32,1,261,0.00022994857863523066,0.9583229333067093,1.0,160256,25080064,25240320,5008.0,3825631232,0.002845600000000559,0.0012876000000687782,186.71630859375
exact,5008,32,1,262,0.00022994872415438294,0.9583104532747604,1.0,160256,25080064,25240320,5008.0,3825631232,0.002867799999876297,0.0012891000005765818,185.31787109375
exact,5008,32,1,263,0.00022994862229097635,0.9583166932907349,1.0,160256,25080064,25240320,5008.0,3825631232,0.002808299999742303,0.0012838000002375338,186.71630859375
exact,5008,32,1,264,0.00022994876781012863,0.9583291733226837,1.0,160256,25080064,25240320,5008.0,3825631232,0.002883099999962724,0.0012997000012546778,185.31787109375
exact,5008,32,1,265,0.00022995319159235805,0.9583166932907349,1.0,160256,25080064,25240320,5008.0,3825631232,0.0028757999989466043,0.0013384000012592878,186.71630859375
exact,5008,32,1,266,0.00022995015024207532,0.9583104532747604,1.0,160256,25080064,25240320,5008.0,3825631232,0.002849499998774263,0.0012734000010823365,186.18896484375
exact,5008,32,1,267,0.00022994776372797787,0.9583229333067093,1.0,160256,25080064,25240320,5008.0,3825631232,0.002825599998686812,0.001264800001081312,186.71630859375
exact,5008,32,1,268,0.00022994614846538752,0.9583166932907349,1.0,160256,25080064,25240320,5008.0,3825631232,0.002785799999401206,0.001300400001127855,185.31787109375
exact,5008,32,1,269,0.00022994857863523066,0.9583229333067093,1.0,160256,25080064,25240320,5008.0,3825631232,0.0028454000002966495,0.00129920000108541,186.71630859375
exact,5008,32,1,270,0.0002299515763297677,0.9583166932907349,1.0,160256,25080064,25240320,5008.0,3825631232,0.002766600000541075,0.001269099999262835,185.31787109375
exact,5008,32,1,271,0.00022995095059741288,0.9583104532747604,1.0,160256,25080064,25240320,5008.0,3825631232,0.0027978999987681163,0.0012707000005320879,186.71630859375
exact,5008,32,1,272,0.00022994937899056822,0.9583104532747604,1.0,160256,25080064,25240320,5008.0,3825631232,0.0033278000009886455,0.0013187999993533595,186.18896484375
exact,5008,32,1,273,0.00022995061590336263,0.9583166932907349,1.0,160256,25080064,25240320,5008.0,3825631232,0.003189099999872269,0.001298299999689334,186.71630859375
exact,5008,32,1,274,0.00022995276958681643,0.9583229333067093,1.0,160256,25080064,25240320,5008.0,3825631232,0.007602399999086629,0.001609400000234018,185.31787109375
exact,5008,32,1,275,0.00022995274048298597,0.9583166932907349,1.0,160256,25080064,25240320,5008.0,3825631232,0.0028770999997504987,0.0013422000010905322,186.71630859375
exact,5008,32,1,276,0.00022994933533482254,0.9583166932907349,1.0,160256,25080064,25240320,5008.0,3825631232,0.002846399998816196,0.0012700000006589107,185.31787109375
exact,5008,32,1,277,0.00022994948085397482,0.9583229333067093,1.0,160256,25080064,25240320,5008.0,3825631232,0.0028603999999177177,0.0012982000007468741,186.71630859375
exact,5008,32,1,278,0.00022994996106717736,0.9583229333067093,1.0,160256,25080064,25240320,5008.0,3825631232,0.0028928000010637334,0.0013098999988869764,186.18896484375
exact,5008,32,1,279,0.0002299476182088256,0.9583229333067093,1.0,160256,25080064,25240320,5008.0,3825631232,0.0029109000006428687,0.0012894999999844003,186.71630859375
exact,5008,32,1,280,0.00022994902974460274,0.9583229333067093,1.0,160256,25080064,25240320,5008.0,3825631232,0.0028691000006801914,0.0013356999988900498,185.31787109375
exact,5008,32,1,281,0.00022994937899056822,0.9583229333067093,1.0,160256,25080064,25240320,5008.0,3825631232,0.002831300000252668,0.0012757000004057772,186.71630859375
exact,5008,32,1,282,0.0002299477200722322,0.9583166932907349,1.0,160256,25080064,25240320,5008.0,3825631232,0.002851199998985976,0.0013080000007903436,185.31787109375
exact,5008,32,1,283,0.00022994671599008143,0.9583229333067093,1.0,160256,25080064,25240320,5008.0,3825631232,0.0029264999993756646,0.0012967000002390705,186.71630859375
exact,5008,32,1,284,0.0002299478801432997,0.9583166932907349,1.0,160256,25080064,25240320,5008.0,3825631232,0.002821800000674557,0.001271900000574533,186.18896484375
exact,5008,32,1,285,0.0002299496700288728,0.9583229333067093,1.0,160256,25080064,25240320,5008.0,3825631232,0.0031500000004598405,0.0012962999990122626,186.71630859375
exact,5008,32,1,286,0.00022994820028543472,0.9583229333067093,1.0,160256,25080064,25240320,5008.0,3825631232,0.008486900000207243,0.0014387999999598833,185.31787109375
exact,5008,32,1,287,0.00022994738537818193,0.9583291733226837,1.0,160256,25080064,25240320,5008.0,3825631232,0.0028812000000471016,0.0013001999996049562,186.71630859375
exact,5008,32,1,288,0.00022994805476628244,0.9583229333067093,1.0,160256,25080064,25240320,5008.0,3825631232,0.0028979999988223426,0.0013049000008322764,185.31787109375
exact,5008,32,1,289,0.00022994709433987737,0.9583166932907349,1.0,160256,25080064,25240320,5008.0,3825631232,0.0030091000007814728,0.001357799999823328,186.71630859375
exact,5008,32,1,290,0.00022994872415438294,0.9583166932907349,1.0,160256,25080064,25240320,5008.0,3825631232,0.0032879999998840503,0.0014344000010169111,186.18896484375
exact,5008,32,1,291,0.00022994888422545046,0.9583166932907349,1.0,160256,25080064,25240320,5008.0,3825631232,0.0028952000011486234,0.0012916000014229212,186.71630859375
exact,5008,32,1,292,0.0002299486513948068,0.9583166932907349,1.0,160256,25080064,25240320,5008.0,3825631232,0.0030846000008750707,0.001288100000238046,185.31787109375
exact,5008,32,1,293,0.00022994738537818193,0.9583104532747604,1.0,160256,25080064,25240320,5008.0,3825631232,0.0028584000010596355,0.0013061000008747214,186.71630859375
exact,5008,32,1,294,0.0002299486950505525,0.9583166932907349,1.0,160256,25080064,25240320,5008.0,3825631232,0.0030227000006561866,0.0013331000009202398,185.31787109375
exact,5008,32,1,295,0.0002299495681654662,0.9583291733226837,1.0,160256,25080064,25240320,5008.0,3825631232,0.002908899999965797,0.0013324999999895226,186.71630859375
exact,5008,32,1,296,0.00022995176550466567,0.9583229333067093,1.0,160256,25080064,25240320,5008.0,3825631232,0.002868900000976282,0.0013238000010460382,186.18896484375
exact,5008,32,1,297,0.00022994728351477534,0.9583166932907349,1.0,160256,25080064,25240320,5008.0,3825631232,0.00348640000083833,0.001308100001551793,186.71630859375
exact,5008,32,1,298,0.00022994910250417888,0.9583291733226837,1.0,160256,25080064,25240320,5008.0,3825631232,0.0035891000006813556,0.0015809000014996855,185.31787109375
exact,5008,32,1,299,0.0002299498883076012,0.9583291733226837,1.0,160256,25080064,25240320,5008.0,3825631232,0.0030438999983743997,0.0013654000013048062,186.71630859375
exact,5008,32,1,300,0.00022995172184892,0.9583166932907349,1.0,160256,25080064,25240320,5008.0,3825631232,0.0029020000001764856,0.0013032000006205635,185.31787109375
exact,5008,32,1,301,0.00022994850587565452,0.9583229333067093,1.0,160256,25080064,25240320,5008.0,3825631232,0.003027999999176245,0.0013013000007049413,186.71630859375
exact,5008,32,1,302,0.00022994872415438294,0.9583229333067093,1.0,160256,25080064,25240320,5008.0,3825631232,0.003199899998435285,0.0013209999997343402,186.18896484375
exact,5008,32,1,303,0.00022994990285951644,0.9583291733226837,1.0,160256,25080064,25240320,5008.0,3825631232,0.003276999999798136,0.0015643000006093644,186.71630859375
exact,5008,32,1,304,0.00022995180916041136,0.9583229333067093,1.0,160256,25080064,25240320,5008.0,3825631232,0.00288159999945492,0.0012996999994356884,185.31787109375
exact,5008,32,1,305,0.00022994846221990883,0.9583166932907349,1.0,160256,25080064,25240320,5008.0,3825631232,0.003101599999354221,0.0013419000006251736,186.71630859375
exact,5008,32,1,306,0.00022994910250417888,0.9583229333067093,1.0,160256,25080064,25240320,5008.0,3825631232,0.0028746999996656086,0.0013047999982518377,185.31787109375
exact,5008,32,1,307,0.00022994885512162,0.9583291733226837,1.0,160256,25080064,25240320,5008.0,3825631232,0.0028246999991097255,0.0012960000003658934,186.71630859375
exact,5008,32,1,308,0.00022995180916041136,0.9583229333067093,1.0,160256,25080064,25240320,5008.0,3825631232,0.002752899999904912,0.0012900000001536682,186.18896484375
exact,5008,32,1,309,0.00022994910250417888,0.9583229333067093,1.0,160256,25080064,25240320,5008.0,3825631232,0.002798100000291015,0.0012895000018033898,186.71630859375
exact,5008,32,1,310,0.00022994872415438294,0.9583229333067093,1.0,160256,25080064,25240320,5008.0,3825631232,0.002766499999779626,0.0012764999992214143,185.31787109375
exact,5008,32,1,311,0.00022994884056970477,0.9583291733226837,1.0,160256,25080064,25240320,5008.0,3825631232,0.00294690000009723,0.0013275000001158332,186.71630859375
exact,5008,32,1,312,0.00022995128529146314,0.9583104532747604,1.0,160256,25080064,25240320,5008.0,3825631232,0.0031918999993649777,0.001584200001161662,185.31787109375
exact,5008,32,1,313,0.00022994917526375502,0.9583291733226837,1.0,160256,25080064,25240320,5008.0,3825631232,0.003380900001502596,0.0013324999999895226,186.71630859375
exact,5008,32,1,314,0.0002299486950505525,0.9583229333067093,1.0,160256,25080064,25240320,5008.0,3825631232,0.0036116999999649124,0.0016424999994342215,186.18896484375
exact,5008,32,1,315,0.00022994933533482254,0.9583229333067093,1.0,160256,25080064,25240320,5008.0,3825631232,0.00323729999945499,0.0013890999998693587,186.71630859375
exact,5008,32,1,316,0.00022995180916041136,0.9583166932907349,1.0,160256,25080064,25240320,5008.0,3825631232,0.003898999999364605,0.0013380000000324799,185.31787109375
exact,5008,32,1,317,0.00022994917526375502,0.9583291733226837,1.0,160256,25080064,25240320,5008.0,3825631232,0.003115700001217192,0.0013001000006624963,186.71630859375
exact,5008,32,1,318,0.0002299476764164865,0.9583229333067093,1.0,160256,25080064,25240320,5008.0,3825631232,0.0029098999984853435,0.0013395999994827434,185.31787109375
exact,5008,32,1,319,0.00022994943719822913,0.9583291733226837,1.0,160256,25080064,25240320,5008.0,3825631232,0.002826699999786797,0.0012679999999818392,186.71630859375
exact,5008,32,1,320,0.0002299485495314002,0.9583166932907349,1.0,160256,25080064,25240320,5008.0,3825631232,0.003063300000576419,0.0013775999996141763,186.18896484375
exact,5008,32,1,321,0.00022994843311607838,0.9583229333067093,1.0,160256,25080064,25240320,5008.0,3825631232,0.0030405999987124233,0.0014644999992015073,186.71630859375
exact,5008,32,1,322,0.00022994769096840173,0.9583229333067093,1.0,160256,25080064,25240320,5008.0,3825631232,0.003492099998766207,0.0016181999999389518,185.31787109375
exact,5008,32,1,323,0.00022994948085397482,0.9583291733226837,1.0,160256,25080064,25240320,5008.0,3825631232,0.0031183999999484513,0.0014869999995426042,186.71630859375
exact,5008,32,1,324,0.00022994847677182406,0.9583229333067093,1.0,160256,25080064,25240320,5008.0,3825631232,0.002959900000860216,0.0013085000009596115,185.31787109375
exact,5008,32,1,325,0.0002299483894603327,0.9583166932907349,1.0,160256,25080064,25240320,5008.0,3825631232,0.002898799999456969,0.0013015000004088506,186.71630859375
exact,5008,32,1,326,0.0002299476764164865,0.9583229333067093,1.0,160256,25080064,25240320,5008.0,3825631232,0.003124099999695318,0.0015246999992086785,186.18896484375
exact,5008,32,1,327,0.00022994949540589005,0.9583291733226837,1.0,160256,25080064,25240320,5008.0,3825631232,0.003715500000907923,0.0015734000007796567,186.71630859375
exact,5008,32,1,328,0.00022994852042756975,0.9583229333067093,1.0,160256,25080064,25240320,5008.0,3825631232,0.0028422000013961224,0.0012870999998995103,185.31787109375
exact,5008,32,1,329,0.00022994833125267178,0.9583166932907349,1.0,160256,25080064,25240320,5008.0,3825631232,0.003001699999003904,0.0013177000000723638,186.71630859375
exact,5008,32,1,330,0.00022994872415438294,0.9583229333067093,1.0,160256,25080064,25240320,5008.0,3825631232,0.0029598000000987668,0.0013044000006630085,185.31787109375
exact,5008,32,1,331,0.00022994949540589005,0.9583291733226837,1.0,160256,25080064,25240320,5008.0,3825631232,0.002956499998617801,0.0013466999989759643,186.71630859375
exact,5008,32,1,332,0.00022994852042756975,0.9583229333067093,1.0,160256,25080064,25240320,5008.0,3825631232,0.0028488000007200753,0.0012836000005336246,186.18896484375
exact,5008,32,1,333,0.00022994840401224792,0.9583166932907349,1.0,160256,25080064,25240320,5008.0,3825631232,0.002984999999171123,0.0013426999994408106,186.71630859375
exact,5008,32,1,334,0.00022994872415438294,0.9583229333067093,1.0,160256,25080064,25240320,5008.0,3825631232,0.0039830999994592275,0.0013853000000381144,185.31787109375
exact,5008,32,1,335,0.00022994840401224792,0.9583291733226837,1.0,160256,25080064,25240320,5008.0,3825631232,0.0030299999998533167,0.0014073999991524033,186.71630859375
exact,5008,32,1,336,0.00022994847677182406,0.9583229333067093,1.0,160256,25080064,25240320,5008.0,3825631232,0.0032385000013164245,0.0015416999995068181,185.31787109375
exact,5008,32,1,337,0.00022994846221990883,0.9583229333067093,1.0,160256,25080064,25240320,5008.0,3825631232,0.004346300000179326,0.001557699999466422,186.71630859375
exact,5008,32,1,338,0.0002299475745530799,0.9583166932907349,1.0,160256,25080064,25240320,5008.0,3825631232,0.0031066999999893596,0.0015082000008987961,186.18896484375
exact,5008,32,1,339,0.00022994948085397482,0.9583291733226837,1.0,160256,25080064,25240320,5008.0,3825631232,0.0033409999996365514,0.001318399999945541,186.71630859375
exact,5008,32,1,340,0.00022994857863523066,0.9583229333067093,1.0,160256,25080064,25240320,5008.0,3825631232,0.0029191000012360746,0.0013018000008742092,185.31787109375
exact,5008,32,1,341,0.00022994847677182406,0.9583229333067093,1.0,160256,25080064,25240320,5008.0,3825631232,0.0032219999993685633,0.0013833000011800323,186.71630859375
exact,5008,32,1,342,0.00022994862229097635,0.9583166932907349,1.0,160256,25080064,25240320,5008.0,3825631232,0.003690600000481936,0.0013324000010470627,185.31787109375
exact,5008,32,1,343,0.00022994843311607838,0.9583291733226837,1.0,160256,25080064,25240320,5008.0,3825631232,0.003161599999657483,0.0013223999994806945,186.71630859375
exact,5008,32,1,344,0.00022994847677182406,0.9583229333067093,1.0,160256,25080064,25240320,5008.0,3825631232,0.003089999998337589,0.0012994000007893192,186.18896484375
exact,5008,32,1,345,0.00022994843311607838,0.9583229333067093,1.0,160256,25080064,25240320,5008.0,3825631232,0.0031529999996564584,0.0013148999987606658,186.71630859375
exact,5008,32,1,346,0.00022994862229097635,0.9583166932907349,1.0,160256,25080064,25240320,5008.0,3825631232,0.003071200000704266,0.00134030000117491,185.31787109375
exact,5008,32,1,347,0.0002299483894603327,0.9583291733226837,1.0,160256,25080064,25240320,5008.0,3825631232,0.0029826000009052223,0.0012970000007044291,186.71630859375
exact,5008,32,1,348,0.00022994850587565452,0.9583229333067093,1.0,160256,25080064,25240320,5008.0,3825631232,0.0030007000004843576,0.0013699000010092277,185.31787109375
exact,5008,32,1,349,0.00022994852042756975,0.9583229333067093,1.0,160256,25080064,25240320,5008.0,3825631232,0.0030721999992238125,0.0012703000011242693,186.71630859375
exact,5008,32,1,350,0.0002299486513948068,0.9583166932907349,1.0,160256,25080064,25240320,5008.0,3825631232,0.0031388999996124767,0.0013388999996095663,186.18896484375
exact,5008,32,1,351,0.00022994948085397482,0.9583291733226837,1.0,160256,25080064,25240320,5008.0,3825631232,0.0031071000012161676,0.0013109000010445016,186.71630859375
exact,5008,32,1,352,0.00022995180916041136,0.9583229333067093,1.0,160256,25080064,25240320,5008.0,3825631232,0.003049200000532437,0.0012846999998146202,185.31787109375
exact,5008,32,1,353,0.00022994847677182406,0.9583229333067093,1.0,160256,25080064,25240320,5008.0,3825631232,0.0030329000001074746,0.0012819999992643716,186.71630859375
exact,5008,32,1,354,0.00022994760365691036,0.9583166932907349,1.0,160256,25080064,25240320,5008.0,3825631232,0.0031816999999136897,0.0013472000009642215,185.31787109375
exact,5008,32,1,355,0.00022994943719822913,0.9583291733226837,1.0,160256,25080064,25240320,5008.0,3825631232,0.0030941000004531816,0.0013038999986747513,186.71630859375
exact,5008,32,1,356,0.00022995180916041136,0.9583229333067093,1.0,160256,25080064,25240320,5008.0,3825631232,0.0030982000007497845,0.001317100000960636,186.18896484375
exact,5008,32,1,357,0.00022994852042756975,0.9583229333067093,1.0,160256,25080064,25240320,5008.0,3825631232,0.004497199999605073,0.001313099999606493,186.71630859375
exact,5008,32,1,358,0.00022994764731265604,0.9583229333067093,1.0,160256,25080064,25240320,5008.0,3825631232,0.0029995000004419126,0.0014381000000867061,185.31787109375
exact,5008,32,1,359,0.00022994937899056822,0.9583229333067093,1.0,160256,25080064,25240320,5008.0,3825631232,0.0034969000007549766,0.001460199999200995,186.71630859375
exact,5008,32,1,360,0.00022995180916041136,0.9583229333067093,1.0,160256,25080064,25240320,5008.0,3825631232,0.00286229999983334,0.0012968999999429798,185.31787109375
exact,5008,32,1,361,0.00022994843311607838,0.9583229333067093,1.0,160256,25080064,25240320,5008.0,3825631232,0.0028216000009706477,0.0012865000007877825,186.71630859375
exact,5008,32,1,362,0.00022994872415438294,0.9583229333067093,1.0,160256,25080064,25240320,5008.0,3825631232,0.002933899999334244,0.0013521999990189215,186.18896484375
exact,5008,32,1,363,0.00022994840401224792,0.9583229333067093,1.0,160256,25080064,25240320,5008.0,3825631232,0.003632199999628938,0.001613099999303813,186.71630859375
exact,5008,32,1,364,0.00022995191102381796,0.9583229333067093,1.0,160256,25080064,25240320,5008.0,3825631232,0.0028466999992815545,0.0012769000004482223,185.31787109375
exact,5008,32,1,365,0.00022994843311607838,0.9583229333067093,1.0,160256,25080064,25240320,5008.0,3825631232,0.003031399999599671,0.00134030000117491,186.71630859375
exact,5008,32,1,366,0.00022994948085397482,0.9583291733226837,1.0,160256,25080064,25240320,5008.0,3825631232,0.0028388000009726966,0.0012837000012950739,185.31787109375
exact,5008,32,1,367,0.00022994940809439868,0.9583229333067093,1.0,160256,25080064,25240320,5008.0,3825631232,0.0028115000004618196,0.0012756000014633173,186.71630859375
exact,5008,32,1,368,0.00022995195467956364,0.9583229333067093,1.0,160256,25080064,25240320,5008.0,3825631232,0.002892400001655915,0.0013128999999025837,186.18896484375
exact,5008,32,1,369,0.00022994843311607838,0.9583229333067093,1.0,160256,25080064,25240320,5008.0,3825631232,0.0034345000003668247,0.001315499999691383,186.71630859375
exact,5008,32,1,370,0.00022994843311607838,0.9583291733226837,1.0,160256,25080064,25240320,5008.0,3825631232,0.0028793000001314795,0.0012822000007872703,185.31787109375
exact,5008,32,1,371,0.00022994937899056822,0.9583229333067093,1.0,160256,25080064,25240320,5008.0,3825631232,0.0028393000011419645,0.0013007000015932135,186.71630859375
exact,5008,32,1,372,0.00022995119797997177,0.9583166932907349,1.0,160256,25080064,25240320,5008.0,3825631232,0.004950000000462751,0.0012837000012950739,185.31787109375
exact,5008,32,1,373,0.00022994831670075655,0.9583229333067093,1.0,160256,25080064,25240320,5008.0,3825631232,0.0031595000000379514,0.0012843999993492616,186.71630859375
exact,5008,32,1,374,0.00022994846221990883,0.9583291733226837,1.0,160256,25080064,25240320,5008.0,3825631232,0.0032625000003463356,0.001482699999542092,186.18896484375
exact,5008,32,1,375,0.00022994943719822913,0.9583229333067093,1.0,160256,25080064,25240320,5008.0,3825631232,0.007741499999610824,0.0017329000002064276,186.71630859375
exact,5008,32,1,376,0.00022995112522039562,0.9583166932907349,1.0,160256,25080064,25240320,5008.0,3825631232,0.0029642999998031883,0.0013453000010485994,185.31787109375
exact,5008,32,1,377,0.0002299483894603327,0.9583229333067093,1.0,160256,25080064,25240320,5008.0,3825631232,0.0029663999994227197,0.0013312000010046177,186.71630859375
exact,5008,32,1,378,0.00022994847677182406,0.9583291733226837,1.0,160256,25080064,25240320,5008.0,3825631232,0.0033641999998508254,0.0014726999997947132,185.31787109375
exact,5008,32,1,379,0.00022994943719822913,0.9583229333067093,1.0,160256,25080064,25240320,5008.0,3825631232,0.003283699999883538,0.0013596999997389503,186.71630859375
exact,5008,32,1,380,0.00022995113977231085,0.9583166932907349,1.0,160256,25080064,25240320,5008.0,3825631232,0.0030511999993905192,0.0013397000002441928,186.18896484375
exact,5008,32,1,381,0.0002299491170560941,0.9583291733226837,1.0,160256,25080064,25240320,5008.0,3825631232,0.0032506999996257946,0.0014157000005070586,186.71630859375
exact,5008,32,1,382,0.00022994846221990883,0.9583291733226837,1.0,160256,25080064,25240320,5008.0,3825631232,0.0032049000001279637,0.0013787999996566214,185.31787109375
exact,5008,32,1,383,0.00022994945175014436,0.9583229333067093,1.0,160256,25080064,25240320,5008.0,3825631232,0.00322270000106073,0.0013866999997844687,186.71630859375
exact,5008,32,1,384,0.00022995112522039562,0.9583166932907349,1.0,160256,25080064,25240320,5008.0,3825631232,0.002970000001369044,0.0013674000001628883,185.31787109375
exact,5008,32,1,385,0.00022994910250417888,0.9583291733226837,1.0,160256,25080064,25240320,5008.0,3825631232,0.0032378000014432473,0.0017038999994838377,186.71630859375
exact,5008,32,1,386,0.00022994852042756975,0.9583291733226837,1.0,160256,25080064,25240320,5008.0,3825631232,0.0031311999991885386,0.0013448999998217914,186.18896484375
exact,5008,32,1,387,0.00022994872415438294,0.9583166932907349,1.0,160256,25080064,25240320,5008.0,3825631232,0.006084200000259443,0.0033405999984097434,186.71630859375
exact,5008,32,1,388,0.00022995185281615704,0.9583229333067093,1.0,160256,25080064,25240320,5008.0,3825631232,0.002926899998783483,0.0013194999992265366,185.31787109375
exact,5008,32,1,389,0.00022994846221990883,0.9583229333067093,1.0,160256,25080064,25240320,5008.0,3825631232,0.0028941000000486383,0.0013300999999046326,186.71630859375
exact,5008,32,1,390,0.00022994847677182406,0.9583291733226837,1.0,160256,25080064,25240320,5008.0,3825631232,0.0028937000006408198,0.0013276999998197425,185.31787109375
exact,5008,32,1,391,0.00022994866594672203,0.9583166932907349,1.0,160256,25080064,25240320,5008.0,3825631232,0.002950900001451373,0.001354699999865261,186.71630859375
exact,5008,32,1,392,0.00022995183826424181,0.9583229333067093,1.0,160256,25080064,25240320,5008.0,3825631232,0.0029940000003989553,0.0013641999994433718,186.18896484375
exact,5008,32,1,393,0.00022994857863523066,0.9583229333067093,1.0,160256,25080064,25240320,5008.0,3825631232,0.0029436999993777135,0.0012908000007882947,186.71630859375
exact,5008,32,1,394,0.00022994843311607838,0.9583291733226837,1.0,160256,25080064,25240320,5008.0,3825631232,0.0034111999993911013,0.0017097999989346135,185.31787109375
exact,5008,32,1,395,0.0002299486513948068,0.9583166932907349,1.0,160256,25080064,25240320,5008.0,3825631232,0.008208299999751034,0.001561299999593757,186.71630859375
exact,5008,32,1,396,0.00022995192557573318,0.9583229333067093,1.0,160256,25080064,25240320,5008.0,3825631232,0.0031106999995245133,0.0013364999995246762,185.31787109375
exact,5008,32,1,397,0.00022994918981567025,0.9583291733226837,1.0,160256,25080064,25240320,5008.0,3825631232,0.003161700000418932,0.0013397000002441928,186.71630859375
exact,5008,32,1,398,0.00022994760365691036,0.9583166932907349,1.0,160256,25080064,25240320,5008.0,3825631232,0.003112600001259125,0.0013218000003689667,186.18896484375
exact,5008,32,1,399,0.00022994948085397482,0.9583291733226837,1.0,160256,25080064,25240320,5008.0,3825631232,0.0030988999988039723,0.0013258999988465803,186.71630859375
exact,5008,32,1,400,0.00022995185281615704,0.9583229333067093,1.0,160256,25080064,25240320,5008.0,3825631232,0.005524700000023586,0.0013182000002416316,185.31787109375
exact,5008,32,1,401,0.0002299492189195007,0.9583291733226837,1.0,160256,25080064,25240320,5008.0,3825631232,0.0028507999995781574,0.0012853999996877974,186.71630859375
exact,5008,32,1,402,0.00022994764731265604,0.9583166932907349,1.0,160256,25080064,25240320,5008.0,3825631232,0.0027698000012605917,0.0012783999991370365,185.31787109375
exact,5008,32,1,403,0.00022994943719822913,0.9583291733226837,1.0,160256,25080064,25240320,5008.0,3825631232,0.0028437999990273966,0.0012943999990966404,186.71630859375
exact,5008,32,1,404,0.00022995185281615704,0.9583229333067093,1.0,160256,25080064,25240320,5008.0,3825631232,0.002807599999869126,0.001287699999011238,186.18896484375
exact,5008,32,1,405,0.0002299485495314002,0.9583229333067093,1.0,160256,25080064,25240320,5008.0,3825631232,0.0027519000013853656,0.0012790000000677537,186.71630859375
exact,5008,32,1,406,0.0002299475745530799,0.9583166932907349,1.0,160256,25080064,25240320,5008.0,3825631232,0.002766400000837166,0.0012838999991799938,185.31787109375
exact,5008,32,1,407,0.00022994943719822913,0.9583291733226837,1.0,160256,25080064,25240320,5008.0,3825631232,0.002815499999996973,0.0012807999992219266,186.71630859375
exact,5008,32,1,408,0.00022995191102381796,0.9583229333067093,1.0,160256,25080064,25240320,5008.0,3825631232,0.0028471000005083624,0.0013495999992301222,185.31787109375
exact,5008,32,1,409,0.0002299485495314002,0.9583229333067093,1.0,160256,25080064,25240320,5008.0,3825631232,0.002810099998896476,0.0012772000009135809,186.71630859375
exact,5008,32,1,410,0.00022994764731265604,0.9583166932907349,1.0,160256,25080064,25240320,5008.0,3825631232,0.0028292000006331364,0.001283300000068266,186.18896484375
exact,5008,32,1,411,0.00022994949540589005,0.9583291733226837,1.0,160256,25080064,25240320,5008.0,3825631232,0.002771999999822583,0.0012848000005760696,186.71630859375
exact,5008,32,1,412,0.00022995192557573318,0.9583229333067093,1.0,160256,25080064,25240320,5008.0,3825631232,0.0028656999984377762,0.001326800000242656,185.31787109375
exact,5008,32,1,413,0.00022994857863523066,0.9583229333067093,1.0,160256,25080064,25240320,5008.0,3825631232,0.00429219999932684,0.0013233999998192303,186.71630859375
exact,5008,32,1,414,0.0002299476764164865,0.9583166932907349,1.0,160256,25080064,25240320,5008.0,3825631232,0.002834900000380003,0.0013002000014239457,185.31787109375
exact,5008,32,1,415,0.0002299495245097205,0.9583291733226837,1.0,160256,25080064,25240320,5008.0,3825631232,0.002793999999994412,0.001292600001761457,186.71630859375
exact,5008,32,1,416,0.00022995191102381796,0.9583229333067093,1.0,160256,25080064,25240320,5008.0,3825631232,0.004012600000351085,0.0012765999999828637,186.18896484375
exact,5008,32,1,417,0.00022994847677182406,0.9583229333067093,1.0,160256,25080064,25240320,5008.0,3825631232,0.0027905000006285263,0.0012831000003643567,186.71630859375
exact,5008,32,1,418,0.0002299477200722322,0.9583166932907349,1.0,160256,25080064,25240320,5008.0,3825631232,0.0029042999994999263,0.0013103000001137843,185.31787109375
exact,5008,32,1,419,0.00022994943719822913,0.9583291733226837,1.0,160256,25080064,25240320,5008.0,3825631232,0.00282599999991362,0.0012773000016750302,186.71630859375
exact,5008,32,1,420,0.0002299518819199875,0.9583229333067093,1.0,160256,25080064,25240320,5008.0,3825631232,0.0028161999998701504,0.0013092999997752486,185.31787109375
exact,5008,32,1,421,0.00022994850587565452,0.9583229333067093,1.0,160256,25080064,25240320,5008.0,3825631232,0.003181999998560059,0.0013455999996949686,186.71630859375
exact,5008,32,1,422,0.0002299477200722322,0.9583166932907349,1.0,160256,25080064,25240320,5008.0,3825631232,0.0028614999991987133,0.0013276999998197425,186.18896484375
exact,5008,32,1,423,0.00022994948085397482,0.9583291733226837,1.0,160256,25080064,25240320,5008.0,3825631232,0.0053846000009798445,0.0012810999996872852,186.71630859375
exact,5008,32,1,424,0.00022995205654297024,0.9583229333067093,1.0,160256,25080064,25240320,5008.0,3825631232,0.0028198999989399454,0.0012841999996453524,185.31787109375
exact,5008,32,1,425,0.00022994843311607838,0.9583229333067093,1.0,160256,25080064,25240320,5008.0,3825631232,0.0027663999990181765,0.0013072000001557171,186.71630859375
exact,5008,32,1,426,0.0002299477200722322,0.9583166932907349,1.0,160256,25080064,25240320,5008.0,3825631232,0.0027431999988039024,0.001277900000786758,185.31787109375
exact,5008,32,1,427,0.0002299495681654662,0.9583291733226837,1.0,160256,25080064,25240320,5008.0,3825631232,0.005467000000862754,0.0012795000002370216,186.71630859375
exact,5008,32,1,428,0.00022995195467956364,0.9583229333067093,1.0,160256,25080064,25240320,5008.0,3825631232,0.002764799999567913,0.0012786000006599352,186.18896484375
exact,5008,32,1,429,0.00022994846221990883,0.9583229333067093,1.0,160256,25080064,25240320,5008.0,3825631232,0.00283569999919564,0.0012924000002385583,186.71630859375
exact,5008,32,1,430,0.0002299477200722322,0.9583166932907349,1.0,160256,25080064,25240320,5008.0,3825631232,0.002776399998765555,0.0012977000005776063,185.31787109375
exact,5008,32,1,431,0.0002299495681654662,0.9583291733226837,1.0,160256,25080064,25240320,5008.0,3825631232,0.0028292000006331364,0.0012797999988833908,186.71630859375
exact,5008,32,1,432,0.0002299519837833941,0.9583229333067093,1.0,160256,25080064,25240320,5008.0,3825631232,0.0028277999990677927,0.0012814000001526438,185.31787109375
exact,5008,32,1,433,0.00022994846221990883,0.9583229333067093,1.0,160256,25080064,25240320,5008.0,3825631232,0.0028521999993245117,0.0012788999993063044,186.71630859375
exact,5008,32,1,434,0.00022994769096840173,0.9583166932907349,1.0,160256,25080064,25240320,5008.0,3825631232,0.002823299999363371,0.0012833999990107259,186.18896484375
exact,5008,32,1,435,0.00022994948085397482,0.9583291733226837,1.0,160256,25080064,25240320,5008.0,3825631232,0.0028125000008003553,0.0012786000006599352,186.71630859375
exact,5008,32,1,436,0.00022995205654297024,0.9583229333067093,1.0,160256,25080064,25240320,5008.0,3825631232,0.0027663000000757165,0.0012798000007023802,185.31787109375
exact,5008,32,1,437,0.00022994847677182406,0.9583229333067093,1.0,160256,25080064,25240320,5008.0,3825631232,0.0027869000005011912,0.0012820999982068315,186.71630859375
exact,5008,32,1,438,0.0002299477200722322,0.9583166932907349,1.0,160256,25080064,25240320,5008.0,3825631232,0.00277029999961087,0.0013058999993518228,185.31787109375
exact,5008,32,1,439,0.0002299496700288728,0.9583291733226837,1.0,160256,25080064,25240320,5008.0,3825631232,0.0039920999988680705,0.002441700000417768,186.71630859375
exact,5008,32,1,440,0.0002299518819199875,0.9583229333067093,1.0,160256,25080064,25240320,5008.0,3825631232,0.002865300000848947,0.0012997000012546778,186.18896484375
exact,5008,32,1,441,0.00022994847677182406,0.9583229333067093,1.0,160256,25080064,25240320,5008.0,3825631232,0.0027950999992754078,0.0012907000000268454,186.71630859375
exact,5008,32,1,442,0.0002299477200722322,0.9583166932907349,1.0,160256,25080064,25240320,5008.0,3825631232,0.0027681000010488788,0.0012831000003643567,185.31787109375
exact,5008,32,1,443,0.0002299496263731271,0.9583291733226837,1.0,160256,25080064,25240320,5008.0,3825631232,0.002816099999108701,0.0012890999987575924,186.71630859375
exact,5008,32,1,444,0.00022995195467956364,0.9583229333067093,1.0,160256,25080064,25240320,5008.0,3825631232,0.002770700000837678,0.001282100000025821,185.31787109375
exact,5008,32,1,445,0.00022994850587565452,0.9583229333067093,1.0,160256,25080064,25240320,5008.0,3825631232,0.002850599999874248,0.0012762000005750451,186.71630859375
exact,5008,32,1,446,0.00022994876781012863,0.9583166932907349,1.0,160256,25080064,25240320,5008.0,3825631232,0.004477499998756684,0.002184599999964121,186.18896484375
exact,5008,32,1,447,0.0002299496263731271,0.9583291733226837,1.0,160256,25080064,25240320,5008.0,3825631232,0.0027591999987635063,0.0012829000006604474,186.71630859375
exact,5008,32,1,448,0.00022995191102381796,0.9583229333067093,1.0,160256,25080064,25240320,5008.0,3825631232,0.00275820000024396,0.001279199999771663,185.31787109375
exact,5008,32,1,449,0.00022994742903392762,0.9583229333067093,1.0,160256,25080064,25240320,5008.0,3825631232,0.0028174000017315848,0.001288100000238046,186.71630859375
exact,5008,32,1,450,0.00022994878236204386,0.9583166932907349,1.0,160256,25080064,25240320,5008.0,3825631232,0.002767600000879611,0.001278400000956026,185.31787109375
exact,5008,32,1,451,0.0002299495245097205,0.9583291733226837,1.0,160256,25080064,25240320,5008.0,3825631232,0.008620900000096299,0.0041983999999501975,186.71630859375
exact,5008,32,1,452,0.00022995095059741288,0.9583229333067093,1.0,160256,25080064,25240320,5008.0,3825631232,0.004360000000815489,0.0012860000006185146,186.18896484375
exact,5008,32,1,453,0.00022994847677182406,0.9583229333067093,1.0,160256,25080064,25240320,5008.0,3825631232,0.0047469999990426,0.001846799999839277,186.71630859375
exact,5008,32,1,454,0.00022994881146587431,0.9583166932907349,1.0,160256,25080064,25240320,5008.0,3825631232,0.0028669999992416706,0.0012972999993507983,185.31787109375
exact,5008,32,1,455,0.0002299496700288728,0.9583291733226837,1.0,160256,25080064,25240320,5008.0,3825631232,0.0028383000008034287,0.0012870999998995103,186.71630859375
exact,5008,32,1,456,0.00022995195467956364,0.9583229333067093,1.0,160256,25080064,25240320,5008.0,3825631232,0.002853099998901598,0.001307600001382525,185.31787109375
exact,5008,32,1,457,0.00022994742903392762,0.9583229333067093,1.0,160256,25080064,25240320,5008.0,3825631232,0.002776600000288454,0.0012758000011672266,186.71630859375
exact,5008,32,1,458,0.00022994878236204386,0.9583166932907349,1.0,160256,25080064,25240320,5008.0,3825631232,0.0028203999991092132,0.001287300001422409,186.18896484375
exact,5008,32,1,459,0.00022994971368461847,0.9583291733226837,1.0,160256,25080064,25240320,5008.0,3825631232,0.0028502000004664296,0.0013106999995216029,186.71630859375
exact,5008,32,1,460,0.00022995192557573318,0.9583229333067093,1.0,160256,25080064,25240320,5008.0,3825631232,0.002727499999309657,0.0012805000005755574,185.31787109375
exact,5008,32,1,461,0.0002299474726896733,0.9583229333067093,1.0,160256,25080064,25240320,5008.0,3825631232,0.004392200000438606,0.001297500000873697,186.71630859375
exact,5008,32,1,462,0.00022994885512162,0.9583166932907349,1.0,160256,25080064,25240320,5008.0,3825631232,0.002881899999920279,0.0013326999996934319,185.31787109375
exact,5008,32,1,463,0.0002299496700288728,0.9583291733226837,1.0,160256,25080064,25240320,5008.0,3825631232,0.00784370000110357,0.003826999998636893,186.71630859375
exact,5008,32,1,464,0.0002299519837833941,0.9583229333067093,1.0,160256,25080064,25240320,5008.0,3825631232,0.002896200001487159,0.001281599999856553,186.18896484375
exact,5008,32,1,465,0.0002299474726896733,0.9583229333067093,1.0,160256,25080064,25240320,5008.0,3825631232,0.002792299999782699,0.0012965000005351612,186.71630859375
exact,5008,32,1,466,0.00022994884056970477,0.9583166932907349,1.0,160256,25080064,25240320,5008.0,3825631232,0.0028299000005063135,0.0013061999998171814,185.31787109375
exact,5008,32,1,467,0.0002299496700288728,0.9583291733226837,1.0,160256,25080064,25240320,5008.0,3825631232,0.006476099999417784,0.0028810000003431924,186.71630859375
exact,5008,32,1,468,0.00022995195467956364,0.9583229333067093,1.0,160256,25080064,25240320,5008.0,3825631232,0.0028091999993193895,0.001288600000407314,185.31787109375
exact,5008,32,1,469,0.0002299474726896733,0.9583229333067093,1.0,160256,25080064,25240320,5008.0,3825631232,0.0029150999998819316,0.0013632999998662854,186.71630859375
exact,5008,32,1,470,0.00022994881146587431,0.9583166932907349,1.0,160256,25080064,25240320,5008.0,3825631232,0.0028585000000020955,0.0013006000008317642,186.18896484375
exact,5008,32,1,471,0.0002299496700288728,0.9583291733226837,1.0,160256,25080064,25240320,5008.0,3825631232,0.002953400000478723,0.001327300000411924,186.71630859375
exact,5008,32,1,472,0.00022995192557573318,0.9583229333067093,1.0,160256,25080064,25240320,5008.0,3825631232,0.0028483999994932674,0.0012984000004507834,185.31787109375
exact,5008,32,1,473,0.0002299474726896733,0.9583229333067093,1.0,160256,25080064,25240320,5008.0,3825631232,0.002902999998696032,0.001326899999185116,186.71630859375
exact,5008,32,1,474,0.00022994884056970477,0.9583166932907349,1.0,160256,25080064,25240320,5008.0,3825631232,0.0032766999993327772,0.001314100001764018,185.31787109375
exact,5008,32,1,475,0.00022994969913270324,0.9583291733226837,1.0,160256,25080064,25240320,5008.0,3825631232,0.006495700001323712,0.0020743999994010665,186.71630859375
exact,5008,32,1,476,0.00022995191102381796,0.9583229333067093,1.0,160256,25080064,25240320,5008.0,3825631232,0.003345400000398513,0.00135259999842674,186.18896484375
exact,5008,32,1,477,0.00022994745813775808,0.9583229333067093,1.0,160256,25080064,25240320,5008.0,3825631232,0.004575000000841101,0.001662399999986519,186.71630859375
exact,5008,32,1,478,0.00022994885512162,0.9583166932907349,1.0,160256,25080064,25240320,5008.0,3825631232,0.003295699998488999,0.0013658999996550847,185.31787109375
exact,5008,32,1,479,0.00022994783648755401,0.9583291733226837,1.0,160256,25080064,25240320,5008.0,3825631232,0.0028884999992442317,0.0012793000005331123,186.71630859375
exact,5008,32,1,480,0.00022995143081061542,0.9583166932907349,1.0,160256,25080064,25240320,5008.0,3825631232,0.0028529999999591382,0.0013144000004103873,185.31787109375
exact,5008,32,1,481,0.00022994917526375502,0.9583229333067093,1.0,160256,25080064,25240320,5008.0,3825631232,0.0028127000005042646,0.001280399999814108,186.71630859375
exact,5008,32,1,482,0.00022994937899056822,0.9583229333067093,1.0,160256,25080064,25240320,5008.0,3825631232,0.002799700001560268,0.001285299998926348,186.18896484375
exact,5008,32,1,483,0.0002299478801432997,0.9583291733226837,1.0,160256,25080064,25240320,5008.0,3825631232,0.003117500000371365,0.001581399999849964,186.71630859375
exact,5008,32,1,484,0.00022995145991444588,0.9583166932907349,1.0,160256,25080064,25240320,5008.0,3825631232,0.002774900000076741,0.0012865000007877825,185.31787109375
exact,5008,32,1,485,0.00022995028120931238,0.9583229333067093,1.0,160256,25080064,25240320,5008.0,3825631232,0.0028443999999581138,0.0012753999999404186,186.71630859375
exact,5008,32,1,486,0.00022994937899056822,0.9583229333067093,1.0,160256,25080064,25240320,5008.0,3825631232,0.003027200000360608,0.0012984000004507834,185.31787109375
exact,5008,32,1,487,0.00022994648315943778,0.9583104532747604,1.0,160256,25080064,25240320,5008.0,3825631232,0.002769199998510885,0.00127749999955995,186.71630859375
exact,5008,32,1,488,0.00022994873870629817,0.9583229333067093,1.0,160256,25080064,25240320,5008.0,3825631232,0.0028313999991951277,0.001277999999729218,186.18896484375
exact,5008,32,1,489,0.00022994933533482254,0.9583291733226837,1.0,160256,25080064,25240320,5008.0,3825631232,0.0030813999983365647,0.0013259000006655697,186.71630859375
exact,5008,32,1,490,0.00022994719620328397,0.9583166932907349,1.0,160256,25080064,25240320,5008.0,3825631232,0.007673300000533345,0.002149500000086846,185.31787109375
exact,5008,32,1,491,0.0002299510088050738,0.9583229333067093,1.0,160256,25080064,25240320,5008.0,3825631232,0.0028983000011066906,0.001280800001040916,186.71630859375
exact,5008,32,1,492,0.00022994923347141594,0.9583166932907349,1.0,160256,25080064,25240320,5008.0,3825631232,0.0027501999993546633,0.001278400000956026,185.31787109375
exact,5008,32,1,493,0.00022994945175014436,0.9583291733226837,1.0,160256,25080064,25240320,5008.0,3825631232,0.002837300000464893,0.0012879999994765967,186.71630859375
exact,5008,32,1,494,0.00022994809842202812,0.9583229333067093,1.0,160256,25080064,25240320,5008.0,3825631232,0.0029371999989962205,0.0013042000009590993,186.18896484375
exact,5008,32,1,495,0.00022995173640083522,0.9583291733226837,1.0,160256,25080064,25240320,5008.0,3825631232,0.004424499999004183,0.0012864000000263331,186.71630859375
exact,5008,32,1,496,0.00022994974278844893,0.9583166932907349,1.0,160256,25080064,25240320,5008.0,3825631232,0.002805499998430605,0.0013159999998606509,185.31787109375
exact,5008,32,1,497,0.00022994872415438294,0.9583166932907349,1.0,160256,25080064,25240320,5008.0,3825631232,0.0027496000002429355,0.0012817999995604623,186.71630859375
exact,5008,32,1,498,0.0002299478801432997,0.9583229333067093,1.0,160256,25080064,25240320,5008.0,3825631232,0.004376499999125372,0.001283300000068266,185.31787109375
exact,5008,32,1,499,0.00022994852042756975,0.9583291733226837,1.0,160256,25080064,25240320,5008.0,3825631232,0.004699199998867698,0.0013003000003664056,186.71630859375
exact,5008,32,1,500,0.00022994969913270324,0.9583291733226837,1.0,160256,25080064,25240320,5008.0,3825631232,0.003044999999474385,0.0013610000005428446,186.18896484375
ariad,5008,32,1,1,0.21075233817100525,0.022857178514376998,0.026295427316293928,160256,721152,881408,144.0,707690496,0.07584719999977096,0.07403870000052848,325.24609375
ariad,5008,32,1,2,0.18116052448749542,0.041258985623003196,0.06772289337060702,160256,721152,881408,144.0,707690496,0.0048149999984161695,0.0032272999997076113,329.23046875
ariad,5008,32,1,3,0.16425687074661255,0.059885433306709264,0.13152081669329074,160256,721152,881408,144.0,707690496,0.004688200000600773,0.0030857000001560664,328.359375
ariad,5008,32,1,4,0.1519346833229065,0.07692691693290735,0.21202950279552715,160256,721152,881408,144.0,707690496,0.004714000000603846,0.003070599999773549,328.359375
ariad,5008,32,1,5,0.14265042543411255,0.08875798722044728,0.3006127695686901,160256,721152,881408,144.0,707690496,0.0073933000003307825,0.004628299999239971,329.23046875
ariad,5008,32,1,6,0.13588856160640717,0.09633336661341853,0.38967027755591055,160256,721152,881408,144.0,707690496,0.004791599998497986,0.0031006999997771345,328.359375
ariad,5008,32,1,7,0.13097400963306427,0.09944713458466453,0.47134584664536744,160256,721152,881408,144.0,707690496,0.004753199998958735,0.003102700000454206,328.359375
ariad,5008,32,1,8,0.12734657526016235,0.1005703374600639,0.5414711461661342,160256,721152,881408,144.0,707690496,0.006003799999234616,0.0031018999998195795,329.23046875
ariad,5008,32,1,9,0.12449019402265549,0.0993348142971246,0.5976500099840255,160256,721152,881408,144.0,707690496,0.00987140000142972,0.003122599999187514,328.359375
ariad,5008,32,1,10,0.12213219702243805,0.09671400758785942,0.6422723642172524,160256,721152,881408,144.0,707690496,0.005974800000331015,0.003973400000177207,328.359375
ariad,5008,32,1,11,0.12014085054397583,0.09419928115015974,0.6776906948881789,160256,721152,881408,144.0,707690496,0.0054168999995454215,0.0034539999996923143,329.23046875
ariad,5008,32,1,12,0.1185540109872818,0.09137255391373802,0.7063323682108626,160256,721152,881408,144.0,707690496,0.006308400001216796,0.0031677999995736172,328.359375
ariad,5008,32,1,13,0.11710183322429657,0.08926342851437699,0.7306122703674122,160256,721152,881408,144.0,707690496,0.005451699998957338,0.003209900000001653,328.359375
ariad,5008,32,1,14,0.11594317853450775,0.08779702476038338,0.750212160543131,160256,721152,881408,144.0,707690496,0.009365500000058091,0.007488400000511319,329.23046875
ariad,5008,32,1,15,0.11495771259069443,0.08697334265175719,0.7673722044728435,160256,721152,881408,144.0,707690496,0.005306699998982367,0.003470999999990454,328.359375
ariad,5008,32,1,16,0.11398771405220032,0.08654278154952076,0.7816992811501597,160256,721152,881408,144.0,707690496,0.005111600001328043,0.003344499999002437,328.359375
ariad,5008,32,1,17,0.1131146103143692,0.08677990215654952,0.7926817092651757,160256,721152,881408,144.0,707690496,0.006254699999772129,0.0033129999992524972,329.23046875
ariad,5008,32,1,18,0.11232408881187439,0.08774086461661341,0.8025159744408946,160256,721152,881408,144.0,707690496,0.004904100000203471,0.003104499999608379,328.359375
ariad,5008,32,1,19,0.11160673201084137,0.08900758785942492,0.8121443190894568,160256,721152,881408,144.0,707690496,0.0049090000011347,0.0031398999999510124,328.359375
ariad,5008,32,1,20,0.1109224259853363,0.09084839257188498,0.8193328174920128,160256,721152,881408,144.0,707690496,0.005357500000172877,0.0034910999984276714,329.23046875
ariad,5008,32,1,21,0.11030711233615875,0.09328823881789138,0.8252483526357828,160256,721152,881408,144.0,707690496,0.006603300000278978,0.004292699999496108,328.359375
ariad,5008,32,1,22,0.10969388484954834,0.09672024760383387,0.8281437200479234,160256,721152,881408,144.0,707690496,0.005599899999651825,0.0036751000006916,328.359375
ariad,5008,32,1,23,0.10906487703323364,0.10078249800319489,0.8314134884185304,160256,721152,881408,144.0,707690496,0.005192700000407058,0.0033118999999715015,329.23046875
ariad,5008,32,1,24,0.10845082998275757,0.10558731030351437,0.8323370107827476,160256,721152,881408,144.0,707690496,0.006837999999333988,0.005024800000683172,328.359375
ariad,5008,32,1,25,0.10781130194664001,0.11089132388178914,0.833716054313099,160256,721152,881408,144.0,707690496,0.006299599999692873,0.004190999999991618,328.359375
ariad,5008,32,1,26,0.10713116079568863,0.11733102036741214,0.8321373302715654,160256,721152,881408,144.0,707690496,0.005256000000372296,0.003345400000398513,329.23046875
ariad,5008,32,1,27,0.10644297301769257,0.12488143969648563,0.8294291633386581,160256,721152,881408,144.0,707690496,0.005359599999792408,0.0032993000004353235,328.359375
ariad,5008,32,1,28,0.10571557283401489,0.13333666134185304,0.8258661142172524,160256,721152,881408,144.0,707690496,0.006449000000429805,0.004134699998758151,328.359375
ariad,5008,32,1,29,0.10494536906480789,0.1438448482428115,0.8224715455271565,160256,721152,881408,144.0,707690496,0.005200499999773456,0.003328299999338924,329.23046875
ariad,5008,32,1,30,0.10415098071098328,0.15547623801916932,0.8187400159744409,160256,721152,881408,144.0,707690496,0.008895300001313444,0.0056692999987717485,328.359375
ariad,5008,32,1,31,0.10324189066886902,0.16870507188498401,0.8139601637380192,160256,721152,881408,144.0,707690496,0.006368600001223967,0.003263100001277053,328.359375
ariad,5008,32,1,32,0.10227980464696884,0.18335662939297126,0.8087996705271565,160256,721152,881408,144.0,707690496,0.009738800001287018,0.0077896000002510846,329.23046875
ariad,5008,32,1,33,0.10118982940912247,0.20047923322683706,0.8061975838658147,160256,721152,881408,144.0,707690496,0.007317100000364007,0.003406899999390589,328.359375
ariad,5008,32,1,34,0.09998860210180283,0.2192242412140575,0.8048934205271565,160256,721152,881408,144.0,707690496,0.005308499999955529,0.003488100001050043,328.359375
ariad,5008,32,1,35,0.09863127768039703,0.2400346944888179,0.8024223742012779,160256,721152,881408,144.0,707690496,0.008953200000178185,0.0035373000009712996,329.23046875
ariad,5008,32,1,36,0.09717346727848053,0.26218675119808305,0.8018670127795527,160256,721152,881408,144.0,707690496,0.006602400000701891,0.0033068000011553522,328.359375
ariad,5008,32,1,37,0.09557400643825531,0.28655401357827476,0.8021478134984026,160256,721152,881408,144.0,707690496,0.005107799999677809,0.0031691000003775116,328.359375
ariad,5008,32,1,38,0.09381363540887833,0.3123751996805112,0.8054238218849841,160256,721152,881408,144.0,707690496,0.005301600000166218,0.0034450999992259312,329.23046875
ariad,5008,32,1,39,0.0918811708688736,0.3393008686102236,0.8108526357827476,160256,721152,881408,144.0,707690496,0.005110199999762699,0.003151199998683296,328.359375
ariad,5008,32,1,40,0.08980264514684677,0.3670377396166134,0.8167057707667732,160256,721152,881408,144.0,707690496,0.007246699999086559,0.004237700000885525,328.359375
ariad,5008,32,1,41,0.08759022504091263,0.39363892771565495,0.8238443490415336,160256,721152,881408,144.0,707690496,0.005271399999401183,0.0032591999988653697,329.23046875
ariad,5008,32,1,42,0.0852268785238266,0.41948507388178913,0.831126447683706,160256,721152,881408,144.0,707690496,0.005140699999174103,0.003418199999941862,328.359375
ariad,5008,32,1,43,0.08271750807762146,0.4438024161341853,0.8378407048722045,160256,721152,881408,144.0,707690496,0.00499850000051083,0.0033165000004373724,328.359375
ariad,5008,32,1,44,0.08006204664707184,0.4669216753194888,0.8463084065495208,160256,721152,881408,144.0,707690496,0.004840100000365055,0.0030827999999019084,329.23046875
ariad,5008,32,1,45,0.07736328989267349,0.4874138877795527,0.853035143769968,160256,721152,881408,144.0,707690496,0.011428300000261515,0.009693300000435556,328.359375
ariad,5008,32,1,46,0.07457219809293747,0.5059342551916933,0.8578773961661342,160256,721152,881408,144.0,707690496,0.005024400001275353,0.0030740999991394347,328.359375
ariad,5008,32,1,47,0.07169158011674881,0.5226512579872205,0.8626634884185304,160256,721152,881408,144.0,707690496,0.004975899999408284,0.003178900000420981,329.23046875
ariad,5008,32,1,48,0.06866610795259476,0.5373901757188498,0.8671126198083067,160256,721152,881408,144.0,707690496,0.004940400000123191,0.003050299999813433,328.359375
ariad,5008,32,1,49,0.06562769412994385,0.5516798123003195,0.8709252695686901,160256,721152,881408,144.0,707690496,0.004910399999062065,0.0032162999996216968,328.359375
ariad,5008,32,1,50,0.06257800757884979,0.5639913638178914,0.8748751996805112,160256,721152,881408,144.0,707690496,0.006643200000326033,0.0033855000001494773,329.23046875
ariad,5008,32,1,51,0.059515152126550674,0.5751360323482428,0.8782884884185304,160256,721152,881408,144.0,707690496,0.004902399999991758,0.003221199998733937,328.359375
ariad,5008,32,1,52,0.05647064000368118,0.5858064596645367,0.8814584165335463,160256,721152,881408,144.0,707690496,0.006776599999284372,0.004967900000337977,328.359375
ariad,5008,32,1,53,0.05346383526921272,0.5959277655750799,0.8847344249201278,160256,721152,881408,144.0,707690496,0.005013600000893348,0.0031643999991501914,329.23046875
ariad,5008,32,1,54,0.05053382366895676,0.6042457068690096,0.8866438698083067,160256,721152,881408,144.0,707690496,0.005018699999709497,0.003230799999073497,328.359375
ariad,5008,32,1,55,0.04766300693154335,0.6121455670926518,0.8878169928115016,160256,721152,881408,144.0,707690496,0.004648799998903996,0.0031249999992724042,328.359375
ariad,5008,32,1,56,0.04481931030750275,0.6191655850638977,0.8888403554313099,160256,721152,881408,144.0,707690496,0.00653740000052494,0.004967700000634068,329.23046875
ariad,5008,32,1,57,0.042073916643857956,0.6269905650958466,0.8889776357827476,160256,721152,881408,144.0,707690496,0.004674199999499251,0.0030286000001069624,328.359375
ariad,5008,32,1,58,0.03940807655453682,0.6333990615015974,0.88872803514377,160256,721152,881408,144.0,707690496,0.004580200000418699,0.0030113000011624536,328.359375
ariad,5008,32,1,59,0.03682006523013115,0.6394581170127795,0.8893894768370607,160256,721152,881408,144.0,707690496,0.005362699999750475,0.0030442999996012077,329.23046875
ariad,5008,32,1,60,0.03435872122645378,0.6458166932907349,0.8900571585463258,160256,721152,881408,144.0,707690496,0.004833099999814294,0.003034200000911369,328.359375
ariad,5008,32,1,61,0.032030243426561356,0.6521066293929713,0.8908184404952076,160256,721152,881408,144.0,707690496,0.004622200000085286,0.0030947999985073693,328.359375
ariad,5008,32,1,62,0.029848670586943626,0.658047124600639,0.8907997204472844,160256,721152,881408,144.0,707690496,0.005112900000312948,0.00312849999863829,329.23046875
ariad,5008,32,1,63,0.027818944305181503,0.6635258586261981,0.8916920427316294,160256,721152,881408,144.0,707690496,0.004862699999648612,0.0033440999995946186,328.359375
ariad,5008,32,1,64,0.025938814505934715,0.6691418730031949,0.8921974840255591,160256,721152,881408,144.0,707690496,0.004581900000630412,0.003066900000703754,328.359375
ariad,5008,32,1,65,0.024214308708906174,0.6742087659744409,0.8926155650958466,160256,721152,881408,144.0,707690496,0.009789400000954629,0.00321069999881729,329.23046875
ariad,5008,32,1,66,0.022631261497735977,0.6794066992811502,0.8938760483226837,160256,721152,881408,144.0,707690496,0.0045910999997431645,0.00304869999854418,328.359375
ariad,5008,32,1,67,0.02118374966084957,0.6849727935303515,0.8945437300319489,160256,721152,881408,144.0,707690496,0.004601200000251993,0.0030454000007011928,328.359375
ariad,5008,32,1,68,0.01985660195350647,0.690401607428115,0.8957605331469649,160256,721152,881408,144.0,707690496,0.009067400000276393,0.006603200001336518,329.23046875
ariad,5008,32,1,69,0.018650300800800323,0.6956494608626198,0.897177016773163,160256,721152,881408,144.0,707690496,0.004612499998984276,0.0030708000012964476,328.359375
ariad,5008,32,1,70,0.017548955976963043,0.7007163538338658,0.8982627795527156,160256,721152,881408,144.0,707690496,0.005196799998884671,0.003483099999357364,328.359375
ariad,5008,32,1,71,0.016539622098207474,0.7054525259584664,0.8985311002396166,160256,721152,881408,144.0,707690496,0.004559799999697134,0.002991099998325808,329.23046875
ariad,5008,32,1,72,0.015607303008437157,0.710088857827476,0.8992112619808307,160256,721152,881408,144.0,707690496,0.004660099999455269,0.003090600001087296,328.359375
ariad,5008,32,1,73,0.01473413035273552,0.7144443889776357,0.8998664636581469,160256,721152,881408,144.0,707690496,0.004651299999750336,0.00304850000065926,328.359375
ariad,5008,32,1,74,0.013904147781431675,0.7189247204472844,0.9005279053514377,160256,721152,881408,144.0,707690496,0.004626300000381889,0.003090899999733665,329.23046875
ariad,5008,32,1,75,0.01310945488512516,0.723236571485623,0.9011082268370607,160256,721152,881408,144.0,707690496,0.004512699999395409,0.003035599998838734,328.359375
ariad,5008,32,1,76,0.012349334545433521,0.7280039436900958,0.9032735123801917,160256,721152,881408,144.0,707690496,0.004515299999184208,0.0029969000006531132,328.359375
ariad,5008,32,1,77,0.011626346036791801,0.7324655551118211,0.9043467951277955,160256,721152,881408,144.0,707690496,0.004596799999490031,0.003032099999472848,329.23046875
ariad,5008,32,1,78,0.010939180850982666,0.7373826876996805,0.905357677715655,160256,721152,881408,144.0,707690496,0.00463070000114385,0.003064000000449596,328.359375
ariad,5008,32,1,79,0.01028407458215952,0.742031499600639,0.9060253594249201,160256,721152,881408,144.0,707690496,0.005978299999696901,0.004141400000662543,328.359375
ariad,5008,32,1,80,0.00965970940887928,0.7468113518370607,0.9074044029552716,160256,721152,881408,144.0,707690496,0.004553099999611732,0.0030564000007871073,329.23046875
ariad,5008,32,1,81,0.009068734012544155,0.7511918430511182,0.9083466453674122,160256,721152,881408,144.0,707690496,0.004490999999688938,0.0029797000006510643,328.359375
ariad,5008,32,1,82,0.008509925566613674,0.7558344149361023,0.909039287140575,160256,721152,881408,144.0,707690496,0.00473960000090301,0.003136699999231496,328.359375
ariad,5008,32,1,83,0.007987236604094505,0.7605705870607029,0.909307607827476,160256,721152,881408,144.0,707690496,0.004622800001016003,0.0030275999997684266,329.23046875
ariad,5008,32,1,84,0.007502463646233082,0.7648949181309904,0.9105181709265175,160256,721152,881408,144.0,707690496,0.009633399999074754,0.003186099998856662,328.359375
ariad,5008,32,1,85,0.007054275367408991,0.7693877296325878,0.9108676118210862,160256,721152,881408,144.0,707690496,0.004622399999789195,0.0031030999998620246,328.359375
ariad,5008,32,1,86,0.006639231462031603,0.7740427815495208,0.9123152955271565,160256,721152,881408,144.0,707690496,0.005795900000521215,0.0038782999999966705,329.23046875
ariad,5008,32,1,87,0.006250680889934301,0.7790971944888179,0.9136818590255591,160256,721152,881408,144.0,707690496,0.008599099999628379,0.003096200000072713,328.359375
ariad,5008,32,1,88,0.0058842431753873825,0.7835525658945687,0.9146677815495208,160256,721152,881408,144.0,707690496,0.004997199999706936,0.0031880000005912734,328.359375
ariad,5008,32,1,89,0.005534572061151266,0.7879330571086262,0.9163338658146964,160256,721152,881408,144.0,707690496,0.004830400001083035,0.003211600000213366,329.23046875
ariad,5008,32,1,90,0.005200186278671026,0.7923447484025559,0.9168580271565495,160256,721152,881408,144.0,707690496,0.004583800000546034,0.0030829999996058177,328.359375
ariad,5008,32,1,91,0.004881753586232662,0.797299321086262,0.9184117911341853,160256,721152,881408,144.0,707690496,0.007715200001257472,0.005233600000792649,328.359375
ariad,5008,32,1,92,0.0045799207873642445,0.801898212859425,0.9197346745207667,160256,721152,881408,144.0,707690496,0.004629499999282416,0.0030380000007426133,329.23046875
ariad,5008,32,1,93,0.004295699764043093,0.806372304313099,0.9205708366613419,160256,721152,881408,144.0,707690496,0.0045796000013069715,0.0030186000003595836,328.359375
ariad,5008,32,1,94,0.004027434159070253,0.8112270367412141,0.9215567591853036,160256,721152,881408,144.0,707690496,0.004550499999822932,0.0030523000004905043,328.359375
ariad,5008,32,1,95,0.003774619195610285,0.8157947284345048,0.9227860423322684,160256,721152,881408,144.0,707690496,0.004634299999452196,0.0030483999998978106,329.23046875
ariad,5008,32,1,96,0.0035363896749913692,0.820468500399361,0.923672124600639,160256,721152,881408,144.0,707690496,0.004498300000705058,0.0030046000010770513,328.359375
ariad,5008,32,1,97,0.0033115586265921593,0.8248427515974441,0.9246705271565495,160256,721152,881408,144.0,707690496,0.004574799999318202,0.0030760000008740462,328.359375
ariad,5008,32,1,98,0.003098804270848632,0.829241962859425,0.9253444488817891,160256,721152,881408,144.0,707690496,0.0045825999986846,0.003056999999898835,329.23046875
ariad,5008,32,1,99,0.0028968581464141607,0.8331606928913738,0.9259622104632588,160256,721152,881408,144.0,707690496,0.004553699998723459,0.0030704000000696396,328.359375
ariad,5008,32,1,100,0.0027048345655202866,0.8377658246805112,0.9272414137380192,160256,721152,881408,144.0,707690496,0.004586000000927015,0.003030899999430403,328.359375
ariad,5008,32,1,101,0.002522123511880636,0.8421026357827476,0.9282897364217252,160256,721152,881408,144.0,707690496,0.004643499998564948,0.003080200000113109,329.23046875
ariad,5008,32,1,102,0.002348836977034807,0.846283446485623,0.9290260583067093,160256,721152,881408,144.0,707690496,0.004565999999613268,0.003015199999936158,328.359375
ariad,5008,32,1,103,0.002184971934184432,0.8504080970447284,0.9298123003194888,160256,721152,881408,144.0,707690496,0.00461159999940719,0.003069399999731104,328.359375
ariad,5008,32,1,104,0.002030110452324152,0.8545327476038339,0.9306547024760383,160256,721152,881408,144.0,707690496,0.00466720000076748,0.003102700000454206,329.23046875
ariad,5008,32,1,105,0.0018832864006981254,0.8588508386581469,0.9315033446485623,160256,721152,881408,144.0,707690496,0.004896299999018083,0.003378800000064075,328.359375
ariad,5008,32,1,106,0.0017445755656808615,0.8629255690894568,0.9321086261980831,160256,721152,881408,144.0,707690496,0.004614100000253529,0.003114600000117207,328.359375
ariad,5008,32,1,107,0.001613759552128613,0.8668380591054313,0.9328574281150159,160256,721152,881408,144.0,707690496,0.00458739999885438,0.0030360999990080018,329.23046875
ariad,5008,32,1,108,0.0014906866708770394,0.870401108226837,0.9332817492012779,160256,721152,881408,144.0,707690496,0.004526400000031572,0.003039899998839246,328.359375
ariad,5008,32,1,109,0.001374987419694662,0.8745943989616614,0.9341428714057508,160256,721152,881408,144.0,707690496,0.008496200000081444,0.0032105000009323703,328.359375
ariad,5008,32,1,110,0.0012666936963796616,0.8786067292332268,0.9344798322683706,160256,721152,881408,144.0,707690496,0.004483699998672819,0.00294690000009723,329.23046875
ariad,5008,32,1,111,0.0011653603287413716,0.8826627396166135,0.9353035143769968,160256,721152,881408,144.0,707690496,0.004559599999993225,0.0030643999998574145,328.359375
ariad,5008,32,1,112,0.0010711729992181063,0.8865752296325878,0.9359462360223643,160256,721152,881408,144.0,707690496,0.00952540000071167,0.0030484999988402706,328.359375
ariad,5008,32,1,113,0.0009847014443948865,0.8906686801118211,0.9364766373801917,160256,721152,881408,144.0,707690496,0.004527699999016477,0.003002399998877081,329.23046875
ariad,5008,32,1,114,0.000906076398678124,0.8942192492012779,0.9369633586261981,160256,721152,881408,144.0,707690496,0.004604700001436868,0.0030829999996058177,328.359375
ariad,5008,32,1,115,0.0008351769065484405,0.8979819788338658,0.9379742412140575,160256,721152,881408,144.0,707690496,0.004522299999734969,0.002995699998791679,328.359375
ariad,5008,32,1,116,0.0007717646658420563,0.9016823083067093,0.939028803913738,160256,721152,881408,144.0,707690496,0.009782799999811687,0.008053100000324775,329.23046875
ariad,5008,32,1,117,0.0007154651684686542,0.9048272763578274,0.9395342452076677,160256,721152,881408,144.0,707690496,0.004627599999366794,0.003057400001125643,328.359375
ariad,5008,32,1,118,0.0006660399958491325,0.9079285642971247,0.9403142472044729,160256,721152,881408,144.0,707690496,0.004687700000431505,0.00308480000057898,328.359375
ariad,5008,32,1,119,0.0006229840219020844,0.9112669728434505,0.9409070487220448,160256,721152,881408,144.0,707690496,0.004683599998315913,0.0030886000004102243,329.23046875
ariad,5008,32,1,120,0.0005855826893821359,0.9142060203674122,0.941774410942492,160256,721152,881408,144.0,707690496,0.004643700000087847,0.0030725000015081605,328.359375
ariad,5008,32,1,121,0.0005531308124773204,0.9167581869009584,0.9424795327476039,160256,721152,881408,144.0,707690496,0.004929200000333367,0.003168500001265784,328.359375
ariad,5008,32,1,122,0.0005250170943327248,0.9189109924121406,0.9431222543929713,160256,721152,881408,144.0,707690496,0.005037900000388618,0.0034495999989303527,329.23046875
ariad,5008,32,1,123,0.0005006653955206275,0.9207018769968051,0.9439209764376997,160256,721152,881408,144.0,707690496,0.005282000000079279,0.003106399999524001,328.359375
ariad,5008,32,1,124,0.00047957466449588537,0.9226612420127795,0.9447072184504792,160256,721152,881408,144.0,707690496,0.004668300000048475,0.0030421000010392163,328.359375
ariad,5008,32,1,125,0.0004609607858583331,0.9242087659744409,0.945680660942492,160256,721152,881408,144.0,707690496,0.005044300000008661,0.003172999999151216,329.23046875
ariad,5008,32,1,126,0.0004442940989974886,0.9255878095047924,0.9465355431309904,160256,721152,881408,144.0,707690496,0.005245600001217099,0.003341599998748279,328.359375
ariad,5008,32,1,127,0.00042919671977870166,0.9267609325079872,0.9476088258785943,160256,721152,881408,144.0,707690496,0.006346600001052138,0.004778800001076888,328.359375
ariad,5008,32,1,128,0.0004153037443757057,0.9280276557507987,0.9483638678115016,160256,721152,881408,144.0,707690496,0.00497200000063458,0.003424799999265815,329.23046875
ariad,5008,32,1,129,0.00040243007242679596,0.9287265375399361,0.9494995507188498,160256,721152,881408,144.0,707690496,0.0046726999989914475,0.0031843000015214784,328.359375
ariad,5008,32,1,130,0.00039029534673318267,0.9295439796325878,0.9505977935303515,160256,721152,881408,144.0,707690496,0.004656600000089384,0.0030583999996451894,328.359375
ariad,5008,32,1,131,0.0003788857429753989,0.9303302216453674,0.9516086761182109,160256,721152,881408,144.0,707690496,0.0050277999998797895,0.0030530000003636815,329.23046875
ariad,5008,32,1,132,0.0003681495727505535,0.931272464057508,0.9527505990415336,160256,721152,881408,144.0,707690496,0.00633660000130476,0.0031125000004976755,328.359375
ariad,5008,32,1,133,0.00035798075259663165,0.9322646265974441,0.9539050019968051,160256,721152,881408,144.0,707690496,0.005095200000141631,0.0033641999998508254,328.359375
ariad,5008,32,1,134,0.00034842657623812556,0.9329510283546326,0.954597643769968,160256,721152,881408,144.0,707690496,0.005048099999839906,0.0035409000010986347,329.23046875
ariad,5008,32,1,135,0.0003394260711502284,0.9335001497603834,0.9555086861022364,160256,721152,881408,144.0,707690496,0.004949200001647114,0.0034035999997286126,328.359375
ariad,5008,32,1,136,0.0003309444582555443,0.9339119908146964,0.9564446884984026,160256,721152,881408,144.0,707690496,0.005316300001140917,0.0036196999990352197,328.359375
ariad,5008,32,1,137,0.00032291444949805737,0.9344174321086262,0.9573370107827476,160256,721152,881408,144.0,707690496,0.00471069999912288,0.0030757000004086876,329.23046875
ariad,5008,32,1,138,0.00031533752917312086,0.9348355131789138,0.9580670926517572,160256,721152,881408,144.0,707690496,0.0048092000015458325,0.003207900001143571,328.359375
ariad,5008,32,1,139,0.00030824399436824024,0.9354033546325878,0.9587035742811502,160256,721152,881408,144.0,707690496,0.006421599999157479,0.002996899998834124,328.359375
ariad,5008,32,1,140,0.0003016382397618145,0.935702875399361,0.9593150958466453,160256,721152,881408,144.0,707690496,0.004769499999383697,0.0031428000002051704,329.23046875
ariad,5008,32,1,141,0.00029550609178841114,0.9360835163738019,0.9599078973642172,160256,721152,881408,144.0,707690496,0.0050469999987399206,0.0030876999990141485,328.359375
ariad,5008,32,1,142,0.00028985977405682206,0.9364891174121406,0.9605443789936102,160256,721152,881408,144.0,707690496,0.008761500001128297,0.0034778999997797655,328.359375
ariad,5008,32,1,143,0.0002846685820259154,0.9369071984824281,0.9610623003194888,160256,721152,881408,144.0,707690496,0.006192599999849335,0.0035780999987764517,329.23046875
ariad,5008,32,1,144,0.0002799282083287835,0.9374500798722045,0.961729982028754,160256,721152,881408,144.0,707690496,0.005523999998331419,0.0030535999994754093,328.359375
ariad,5008,32,1,145,0.0002755792229436338,0.9377745607028753,0.9621855031948882,160256,721152,881408,144.0,707690496,0.0049177000000781845,0.003373099998498219,328.359375
ariad,5008,32,1,146,0.00027161731850355864,0.9380928015175719,0.9626971845047924,160256,721152,881408,144.0,707690496,0.005032000000937842,0.0034665999992284924,329.23046875
ariad,5008,32,1,147,0.00026792005519382656,0.9382987220447284,0.9630091853035144,160256,721152,881408,144.0,707690496,0.004865799999606679,0.003323900000395952,328.359375
ariad,5008,32,1,148,0.00026460460503585637,0.9387729632587859,0.9634896665335463,160256,721152,881408,144.0,707690496,0.004878399999142857,0.00330500000018219,328.359375
ariad,5008,32,1,149,0.0002615602279547602,0.9390475239616614,0.9639015075878594,160256,721152,881408,144.0,707690496,0.004982099999324419,0.003269999999247375,329.23046875
ariad,5008,32,1,150,0.00025876215659081936,0.939453125,0.9642571884984026,160256,721152,881408,144.0,707690496,0.007015799999862793,0.003960899999583489,328.359375
ariad,5008,32,1,151,0.0002562784939073026,0.9397838458466453,0.9646440694888179,160256,721152,881408,144.0,707690496,0.004724300000816584,0.0032000000010157237,328.359375
ariad,5008,32,1,152,0.0002540625282563269,0.9399710463258786,0.9650309504792333,160256,721152,881408,144.0,707690496,0.016122200000609155,0.011341100000208826,329.23046875
ariad,5008,32,1,153,0.0002520265115890652,0.9401832068690096,0.9653679113418531,160256,721152,881408,144.0,707690496,0.007007399999565678,0.003915199999028118,328.359375
ariad,5008,32,1,154,0.0002502010320313275,0.9403891273961661,0.9656736721246006,160256,721152,881408,144.0,707690496,0.005171300001165946,0.0032576000012340955,328.359375
ariad,5008,32,1,155,0.00024852604838088155,0.9406200079872205,0.9658983126996805,160256,721152,881408,144.0,707690496,0.007942099999127095,0.004933099999107071,329.23046875
ariad,5008,32,1,156,0.0002470384060870856,0.9407635283546326,0.9662477535942492,160256,721152,881408,144.0,707690496,0.006753499999831547,0.004682499999034917,328.359375
ariad,5008,32,1,157,0.0002456597867421806,0.9409444888178914,0.9666034345047924,160256,721152,881408,144.0,707690496,0.005783200000223587,0.0038647000001219567,328.359375
ariad,5008,32,1,158,0.0002443965640850365,0.9411691293929713,0.966640874600639,160256,721152,881408,144.0,707690496,0.005502599999090307,0.0036760000002686866,329.23046875
ariad,5008,32,1,159,0.00024326059792656451,0.9412752096645367,0.9669029552715654,160256,721152,881408,144.0,707690496,0.005224299999099458,0.0031570999999530613,328.359375
ariad,5008,32,1,160,0.00024220113118644804,0.9413376098242812,0.9672586361821086,160256,721152,881408,144.0,707690496,0.005275900000924594,0.0032815000013215467,328.359375
ariad,5008,32,1,161,0.00024126897915266454,0.9415185702875399,0.9674083965654952,160256,721152,881408,144.0,707690496,0.005597800000032294,0.0037019000010332093,329.23046875
ariad,5008,32,1,162,0.00024038519768510014,0.9416433706070287,0.9675144768370607,160256,721152,881408,144.0,707690496,0.005474500001582783,0.0036693000001832843,328.359375
ariad,5008,32,1,163,0.00023957653320394456,0.941774410942492,0.967901357827476,160256,721152,881408,144.0,707690496,0.005582499999945867,0.003603799999837065,328.359375
ariad,5008,32,1,164,0.00023885280825197697,0.9418118510383386,0.9680074380990416,160256,721152,881408,144.0,707690496,0.006298800000877236,0.0033867000001919223,329.23046875
ariad,5008,32,1,165,0.00023816889734007418,0.9418929712460063,0.9682071186102237,160256,721152,881408,144.0,707690496,0.0056554000002506655,0.0037867999999434687,328.359375
ariad,5008,32,1,166,0.00023755116853863,0.9420614516773163,0.9683443989616614,160256,721152,881408,144.0,707690496,0.005346399999325513,0.0036880999996355968,328.359375
ariad,5008,32,1,167,0.0002369808789808303,0.9421924920127795,0.9686002396166135,160256,721152,881408,144.0,707690496,0.005031099999541766,0.0032761000002210494,329.23046875
ariad,5008,32,1,168,0.00023645881447009742,0.942298572284345,0.9687812000798722,160256,721152,881408,144.0,707690496,0.005018599998948048,0.0032506999996257946,328.359375
ariad,5008,32,1,169,0.0002359778736717999,0.9423984125399361,0.9688124001597445,160256,721152,881408,144.0,707690496,0.005053100001532584,0.0031340000005002366,328.359375
ariad,5008,32,1,170,0.00023552720085717738,0.942510732827476,0.9689808805910544,160256,721152,881408,144.0,707690496,0.005328200000803918,0.0036623999985749833,329.23046875
ariad,5008,32,1,171,0.00023512606276199222,0.9425606529552716,0.9690994408945687,160256,721152,881408,144.0,707690496,0.005374100001063198,0.0037254999988363124,328.359375
ariad,5008,32,1,172,0.0002347530098631978,0.9426292931309904,0.9692180011980831,160256,721152,881408,144.0,707690496,0.005061100000602892,0.0035064999992755475,328.359375
ariad,5008,32,1,173,0.00023439593496732414,0.9427665734824281,0.9693365615015974,160256,721152,881408,144.0,707690496,0.005887100000109058,0.003486099998553982,329.23046875
ariad,5008,32,1,174,0.00023408533888868988,0.9428164936102237,0.9695237619808307,160256,721152,881408,144.0,707690496,0.005843299999469309,0.003195500001311302,328.359375
ariad,5008,32,1,175,0.00023381727805826813,0.9428289736421726,0.9697109624600639,160256,721152,881408,144.0,707690496,0.005605799999102601,0.0037415000006149057,328.359375
ariad,5008,32,1,176,0.00023354694712907076,0.9429475339456869,0.9698919229233227,160256,721152,881408,144.0,707690496,0.006582099998922786,0.004370999999082414,329.23046875
ariad,5008,32,1,177,0.0002333004813408479,0.9429849740415336,0.970010483226837,160256,721152,881408,144.0,707690496,0.004970400001184316,0.0032441000003018416,328.359375
ariad,5008,32,1,178,0.0002330999996047467,0.9431097743610224,0.9701789636581469,160256,721152,881408,144.0,707690496,0.005711099998734426,0.0032417000002169516,328.359375
ariad,5008,32,1,179,0.0002329090202692896,0.9431908945686901,0.9702288837859425,160256,721152,881408,144.0,707690496,0.005991500000163796,0.0040887000013754005,329.23046875
ariad,5008,32,1,180,0.00023274708655662835,0.9432595347444089,0.9702850439297125,160256,721152,881408,144.0,707690496,0.005560600000535487,0.003637699999671895,328.359375
ariad,5008,32,1,181,0.00023259961744770408,0.9432907348242812,0.9704472843450479,160256,721152,881408,144.0,707690496,0.00496489999932237,0.0033201000005647074,328.359375
ariad,5008,32,1,182,0.00023246290220413357,0.9433094548722045,0.9705034444888179,160256,721152,881408,144.0,707690496,0.007466799999747309,0.0046016000014788006,329.23046875
ariad,5008,32,1,183,0.00023232866078615189,0.9434342551916933,0.9707093650159745,160256,721152,881408,144.0,707690496,0.006369000000631786,0.004107000000658445,328.359375
ariad,5008,32,1,184,0.00023219465219881386,0.943515375399361,0.9708029652555911,160256,721152,881408,144.0,707690496,0.005982299999232055,0.003995200000645127,328.359375
ariad,5008,32,1,185,0.00023207110643852502,0.943571535543131,0.9709589656549521,160256,721152,881408,144.0,707690496,0.005171900000277674,0.0033985000009124633,329.23046875
ariad,5008,32,1,186,0.00023197503469418734,0.9436464157348243,0.9710463258785943,160256,721152,881408,144.0,707690496,0.005264399998850422,0.00326870000026247,328.359375
ariad,5008,32,1,187,0.00023189476632978767,0.9436526557507987,0.9711399261182109,160256,721152,881408,144.0,707690496,0.005422899999757647,0.003463800001554773,328.359375
ariad,5008,32,1,188,0.00023181269352789968,0.9437400159744409,0.9712896865015974,160256,721152,881408,144.0,707690496,0.006543600000441074,0.0038483000007545343,329.23046875
ariad,5008,32,1,189,0.00023174953821580857,0.9437587360223643,0.9714207268370607,160256,721152,881408,144.0,707690496,0.005317499999364372,0.0035262999990663957,328.359375
ariad,5008,32,1,190,0.00023168310872279108,0.9438336162140575,0.9714831269968051,160256,721152,881408,144.0,707690496,0.00509040000179084,0.0033455000011599623,328.359375
ariad,5008,32,1,191,0.00023162862635217607,0.9438772963258786,0.971607927316294,160256,721152,881408,144.0,707690496,0.005733500000133063,0.0032291999996232335,329.23046875
ariad,5008,32,1,192,0.00023156285169534385,0.9439334564696485,0.9717701677316294,160256,721152,881408,144.0,707690496,0.010149499999897671,0.004356800000095973,328.359375
ariad,5008,32,1,193,0.00023152057838160545,0.9439708965654952,0.9718512879392971,160256,721152,881408,144.0,707690496,0.005295799999657902,0.003153800000291085,328.359375
ariad,5008,32,1,194,0.0002314907469553873,0.9440395367412141,0.9719324081469649,160256,721152,881408,144.0,707690496,0.005421500000011292,0.0034214000006613787,329.23046875
ariad,5008,32,1,195,0.00023144902661442757,0.944052016773163,0.9720010483226837,160256,721152,881408,144.0,707690496,0.006397499999366119,0.00377689999913855,328.359375
ariad,5008,32,1,196,0.00023142583086155355,0.9441206569488818,0.9720884085463258,160256,721152,881408,144.0,707690496,0.004885899999862886,0.0032487000007677125,328.359375
ariad,5008,32,1,197,0.00023139125551097095,0.9441331369808307,0.9721508087060703,160256,721152,881408,144.0,707690496,0.007419699999445584,0.005256500000541564,329.23046875
ariad,5008,32,1,198,0.00023135723313316703,0.944151857028754,0.9722256888977636,160256,721152,881408,144.0,707690496,0.0053442999997059815,0.003767399999560439,328.359375
ariad,5008,32,1,199,0.00023132655769586563,0.9442017771565495,0.9722756090255591,160256,721152,881408,144.0,707690496,0.005229999998846324,0.003583900001103757,328.359375
ariad,5008,32,1,200,0.0002313092991244048,0.9441705770766773,0.9723255291533547,160256,721152,881408,144.0,707690496,0.004906100000880542,0.0031933000009303214,329.23046875
ariad,5008,32,1,201,0.000231281912419945,0.9442204972044729,0.972387929313099,160256,721152,881408,144.0,707690496,0.00595439999960945,0.003344999999171705,328.359375
ariad,5008,32,1,202,0.00023125996813178062,0.9442766573482428,0.9724066493610224,160256,721152,881408,144.0,707690496,0.010151599999517202,0.006717299998854287,328.359375
ariad,5008,32,1,203,0.000231235331739299,0.9442766573482428,0.9724940095846646,160256,721152,881408,144.0,707690496,0.006406299999071052,0.003253700000641402,329.23046875
ariad,5008,32,1,204,0.0002312178403371945,0.9443140974440895,0.9725688897763578,160256,721152,881408,144.0,707690496,0.0056680999987293035,0.00384450000092329,328.359375
ariad,5008,32,1,205,0.00023120184778235853,0.944364017571885,0.9726125698881789,160256,721152,881408,144.0,707690496,0.00517039999976987,0.0036252999998396263,328.359375
ariad,5008,32,1,206,0.0002311844436917454,0.9443889776357828,0.9726312899361023,160256,721152,881408,144.0,707690496,0.005221499999606749,0.0036511999987851596,329.23046875
ariad,5008,32,1,207,0.0002311659773113206,0.9444576178115016,0.9726687300319489,160256,721152,881408,144.0,707690496,0.004756099999212893,0.003170699999827775,328.359375
ariad,5008,32,1,208,0.0002311601856490597,0.9445075379392971,0.9727685702875399,160256,721152,881408,144.0,707690496,0.005425900000773254,0.0031641000005038222,328.359375
ariad,5008,32,1,209,0.00023114711802918464,0.9445324980031949,0.9727997703674122,160256,721152,881408,144.0,707690496,0.005648199999995995,0.004020399999717483,329.23046875
ariad,5008,32,1,210,0.0002311344724148512,0.9445824181309904,0.9728808905750799,160256,721152,881408,144.0,707690496,0.005189399998926092,0.003666700000394485,328.359375
ariad,5008,32,1,211,0.00023113138740882277,0.9446510583067093,0.9729932108626198,160256,721152,881408,144.0,707690496,0.005453699999634409,0.0038155000002007,328.359375
ariad,5008,32,1,212,0.00023113000497687608,0.9446697783546326,0.9730930511182109,160256,721152,881408,144.0,707690496,0.006015799999659066,0.0032950000004348112,329.23046875
ariad,5008,32,1,213,0.00023112069175112993,0.9446947384185304,0.9731055311501597,160256,721152,881408,144.0,707690496,0.005466300000989577,0.003833499999018386,328.359375
ariad,5008,32,1,214,0.0002311173448106274,0.944732178514377,0.9731741713258786,160256,721152,881408,144.0,707690496,0.0055477999994764104,0.003912500000296859,328.359375
ariad,5008,32,1,215,0.0002311129792360589,0.9447820986421726,0.9732178514376997,160256,721152,881408,144.0,707690496,0.00528640000084124,0.0032671999997546664,329.23046875
ariad,5008,32,1,216,0.00023110766778700054,0.9447820986421726,0.9732303314696485,160256,721152,881408,144.0,707690496,0.005137799998919945,0.0032950000004348112,328.359375
ariad,5008,32,1,217,0.00023109848552849144,0.9448070587060703,0.9732490515175719,160256,721152,881408,144.0,707690496,0.005047300001024269,0.0030762000005779555,328.359375
ariad,5008,32,1,218,0.00023109458561521024,0.9448195387380192,0.9733114516773163,160256,721152,881408,144.0,707690496,0.005429700000604498,0.0034116000006179092,329.23046875
ariad,5008,32,1,219,0.00023109147150535136,0.9448382587859425,0.9733551317891374,160256,721152,881408,144.0,707690496,0.005260100000668899,0.00363640000068699,328.359375
ariad,5008,32,1,220,0.00023109439644031227,0.9448756988817891,0.9734112919329073,160256,721152,881408,144.0,707690496,0.011069799998949748,0.008921500000724336,328.359375
ariad,5008,32,1,221,0.0002310894924448803,0.9448819388977636,0.9735360922523961,160256,721152,881408,144.0,707690496,0.010410299999421113,0.008036799999899813,329.23046875
ariad,5008,32,1,222,0.0002310897980351001,0.9448819388977636,0.9735298522364217,160256,721152,881408,144.0,707690496,0.005205499999647145,0.003550600000380655,328.359375
ariad,5008,32,1,223,0.00023108720779418945,0.9449131389776357,0.9735797723642172,160256,721152,881408,144.0,707690496,0.005640700001094956,0.004050599998663529,328.359375
ariad,5008,32,1,224,0.00023108391906134784,0.9449817791533547,0.9736546525559105,160256,721152,881408,144.0,707690496,0.005165000000488362,0.0034986000009666895,329.23046875
ariad,5008,32,1,225,0.00023107754532247782,0.9450379392971247,0.9736920926517572,160256,721152,881408,144.0,707690496,0.005005500001061591,0.0031214000009640586,328.359375
ariad,5008,32,1,226,0.00023106808657757938,0.9450566593450479,0.973816892971246,160256,721152,881408,144.0,707690496,0.0051110000003973255,0.0031880000005912734,328.359375
ariad,5008,32,1,227,0.0002310622512595728,0.9451128194888179,0.9738792931309904,160256,721152,881408,144.0,707690496,0.005608999999822117,0.0030803000008745585,329.23046875
ariad,5008,32,1,228,0.00023105935542844236,0.945156499600639,0.9739541733226837,160256,721152,881408,144.0,707690496,0.005508800000825431,0.003576900000552996,328.359375
ariad,5008,32,1,229,0.00023105330183170736,0.9451814596645367,0.9740228134984026,160256,721152,881408,144.0,707690496,0.0052989000014349585,0.003753500001039356,328.359375
ariad,5008,32,1,230,0.0002310511190444231,0.9452001797124601,0.9740540135782748,160256,721152,881408,144.0,707690496,0.00637050000113959,0.003495400000247173,329.23046875
ariad,5008,32,1,231,0.00023104273714125156,0.9452251397763578,0.9740789736421726,160256,721152,881408,144.0,707690496,0.006673300000329618,0.004484400000364985,328.359375
ariad,5008,32,1,232,0.00023103407875169069,0.9452313797923323,0.974128893769968,160256,721152,881408,144.0,707690496,0.007059400000798632,0.003857699999571196,328.359375
ariad,5008,32,1,233,0.00023103288549464196,0.9452625798722045,0.9741975339456869,160256,721152,881408,144.0,707690496,0.006444599999667844,0.0036860999989585252,329.23046875
ariad,5008,32,1,234,0.00023102473642211407,0.9452812999201278,0.9742724141373802,160256,721152,881408,144.0,707690496,0.0058874000005744165,0.003645999999207561,328.359375
ariad,5008,32,1,235,0.00023102630802895874,0.9453125,0.9743223342651757,160256,721152,881408,144.0,707690496,0.0055216999990079785,0.0038003000008757226,328.359375
ariad,5008,32,1,236,0.00023102224804461002,0.94536866014377,0.974397214456869,160256,721152,881408,144.0,707690496,0.006923400000232505,0.0037568999996437924,329.23046875
ariad,5008,32,1,237,0.0002310178824700415,0.9454061002396166,0.9744471345846646,160256,721152,881408,144.0,707690496,0.0059701999998651445,0.0037420000007841736,328.359375
ariad,5008,32,1,238,0.00023101255646906793,0.9454185802715654,0.9744783346645367,160256,721152,881408,144.0,707690496,0.0061724000006506685,0.0041323000004922505,328.359375
ariad,5008,32,1,239,0.00023100862745195627,0.9454373003194888,0.9745157747603834,160256,721152,881408,144.0,707690496,0.006207399999766494,0.0037036999983683927,329.23046875
ariad,5008,32,1,240,0.00023101098486222327,0.9454497803514377,0.9745407348242812,160256,721152,881408,144.0,707690496,0.005331599999408354,0.0033060000005207257,328.359375
ariad,5008,32,1,241,0.00023101481201592833,0.9454622603833865,0.9745656948881789,160256,721152,881408,144.0,707690496,0.005641699999614502,0.0037219000005279668,328.359375
ariad,5008,32,1,242,0.00023102093837223947,0.9455059404952076,0.9746592951277955,160256,721152,881408,144.0,707690496,0.005890399999771034,0.003564399999959278,329.23046875
ariad,5008,32,1,243,0.00023102031263988465,0.9455496206070287,0.9747279353035144,160256,721152,881408,144.0,707690496,0.005958699999609962,0.0038086999993538484,328.359375
ariad,5008,32,1,244,0.00023101350234355778,0.9455870607028753,0.9748152955271565,160256,721152,881408,144.0,707690496,0.006284600000071805,0.004259699999238364,328.359375
ariad,5008,32,1,245,0.00023101376427803189,0.9456307408146964,0.9748714556709265,160256,721152,881408,144.0,707690496,0.005232700001215562,0.003378100000190898,329.23046875
ariad,5008,32,1,246,0.0002309897099621594,0.9456744209265175,0.9749463358626198,160256,721152,881408,144.0,707690496,0.00520920000053593,0.003330699999423814,328.359375
ariad,5008,32,1,247,0.00023099312966223806,0.9457305810702875,0.9750274560702875,160256,721152,881408,144.0,707690496,0.005284999999275897,0.0035064000003330875,328.359375
ariad,5008,32,1,248,0.00023099729150999337,0.9457742611821086,0.9750960962460063,160256,721152,881408,144.0,707690496,0.0052382000012585195,0.0033470999987912364,329.23046875
ariad,5008,32,1,249,0.00023099327518139035,0.9458304213258786,0.9752021765175719,160256,721152,881408,144.0,707690496,0.005395600001065759,0.0034423999986756826,328.359375
ariad,5008,32,1,250,0.0002309909905306995,0.9458553813897763,0.9752708166932907,160256,721152,881408,144.0,707690496,0.005256299999018665,0.0033789000008255243,328.359375
ariad,5008,32,1,251,0.0002309884876012802,0.9459053015175719,0.9752957767571885,160256,721152,881408,144.0,707690496,0.0052353999999468215,0.0034173000003647758,329.23046875
ariad,5008,32,1,252,0.00023099537065718323,0.9459177815495208,0.9753394568690096,160256,721152,881408,144.0,707690496,0.005130999999892083,0.0032516999999643303,328.359375
ariad,5008,32,1,253,0.00023100049293134362,0.945948981629393,0.9753768969648562,160256,721152,881408,144.0,707690496,0.005096000000776257,0.003233600000385195,328.359375
ariad,5008,32,1,254,0.00023099851387087256,0.9459552216453674,0.9753893769968051,160256,721152,881408,144.0,707690496,0.005478299999595038,0.0035879000006389106,329.23046875
ariad,5008,32,1,255,0.00023099839745555073,0.9459614616613419,0.9754080970447284,160256,721152,881408,144.0,707690496,0.0054412999998021405,0.0034701000004133675,328.359375
ariad,5008,32,1,256,0.000231002748478204,0.9459926617412141,0.9754517771565495,160256,721152,881408,144.0,707690496,0.004847399999562185,0.0032673999994585756,328.359375
ariad,5008,32,1,257,0.0002309948904439807,0.9459801817092651,0.9754767372204473,160256,721152,881408,144.0,707690496,0.005460399999719812,0.0036326000008557457,329.23046875
ariad,5008,32,1,258,0.00023099008831195533,0.9459989017571885,0.975514177316294,160256,721152,881408,144.0,707690496,0.005193400000280235,0.0033569000006536953,328.359375
ariad,5008,32,1,259,0.00023098428209777921,0.9460238618210862,0.975557857428115,160256,721152,881408,144.0,707690496,0.005625699999654898,0.0033648000007815426,328.359375
ariad,5008,32,1,260,0.00023098418023437262,0.9460550619009584,0.9755765774760383,160256,721152,881408,144.0,707690496,0.007785699999658391,0.0032929000008152798,329.23046875
ariad,5008,32,1,261,0.00023098480596672744,0.9460925019968051,0.975614017571885,160256,721152,881408,144.0,707690496,0.005140900000697002,0.0032296999997925013,328.359375
ariad,5008,32,1,262,0.00023098193923942745,0.946104982028754,0.9756764177316294,160256,721152,881408,144.0,707690496,0.0055358999998134095,0.0032886000008147676,328.359375
ariad,5008,32,1,263,0.0002309816045453772,0.9461424221246006,0.9756951377795527,160256,721152,881408,144.0,707690496,0.0052937000000383705,0.0034171000006608665,329.23046875
ariad,5008,32,1,264,0.00023097539087757468,0.946161142172524,0.9757824980031949,160256,721152,881408,144.0,707690496,0.0056346000001212815,0.003564399999959278,328.359375
ariad,5008,32,1,265,0.000230979043408297,0.946204822284345,0.9758386581469649,160256,721152,881408,144.0,707690496,0.00560589999986405,0.0034642999999050517,328.359375
ariad,5008,32,1,266,0.00023098551901057363,0.9462297823482428,0.9758948182907349,160256,721152,881408,144.0,707690496,0.00604389999898558,0.00399949999882665,329.23046875
ariad,5008,32,1,267,0.000230980891501531,0.9462672224440895,0.9759509784345048,160256,721152,881408,144.0,707690496,0.005345300000044517,0.0034648000000743195,328.359375
ariad,5008,32,1,268,0.00023097677330952138,0.9462672224440895,0.9759946585463258,160256,721152,881408,144.0,707690496,0.005640900000798865,0.003657799999928102,328.359375
ariad,5008,32,1,269,0.00023097428493201733,0.9462797024760383,0.9760320986421726,160256,721152,881408,144.0,707690496,0.005842600001415121,0.00395599999865226,329.23046875
ariad,5008,32,1,270,0.00023098013480193913,0.9462859424920128,0.9760632987220448,160256,721152,881408,144.0,707690496,0.00481720000061614,0.0030898999993951293,328.359375
ariad,5008,32,1,271,0.0002309804258402437,0.946317142571885,0.9761007388178914,160256,721152,881408,144.0,707690496,0.0056815000007190974,0.0036300000010669464,328.359375
ariad,5008,32,1,272,0.00023097608936950564,0.9463296226038339,0.976138178913738,160256,721152,881408,144.0,707690496,0.005472400000144262,0.0036378000004333444,329.23046875
ariad,5008,32,1,273,0.00023097773373592645,0.9463670626996805,0.976194339057508,160256,721152,881408,144.0,707690496,0.005276799998682691,0.0035795999992842553,328.359375
ariad,5008,32,1,274,0.00023097563826013356,0.9464045027955271,0.9762380191693291,160256,721152,881408,144.0,707690496,0.005368900001485599,0.0036515000010695076,328.359375
ariad,5008,32,1,275,0.00023097579833120108,0.9464232228434505,0.9762629792332268,160256,721152,881408,144.0,707690496,0.0052276999995228834,0.003423300000577001,329.23046875
ariad,5008,32,1,276,0.00023096265795174986,0.9464481829073482,0.9762816992811502,160256,721152,881408,144.0,707690496,0.005383899999287678,0.0032569000013609184,328.359375
ariad,5008,32,1,277,0.00023095561482477933,0.9464544229233227,0.9763253793929713,160256,721152,881408,144.0,707690496,0.005202199999985169,0.0032885000000533182,328.359375
ariad,5008,32,1,278,0.00023095771030057222,0.9464481829073482,0.9763440994408946,160256,721152,881408,144.0,707690496,0.007636399999682908,0.0053270999997039326,329.23046875
ariad,5008,32,1,279,0.00023095819051377475,0.9464481829073482,0.9763565794728435,160256,721152,881408,144.0,707690496,0.005777500000476721,0.004185899999356479,328.359375
ariad,5008,32,1,280,0.0002309520641574636,0.9464669029552716,0.9764002595846646,160256,721152,881408,144.0,707690496,0.004724099999293685,0.0031609999987267656,328.359375
ariad,5008,32,1,281,0.0002309530391357839,0.9464793829872205,0.9764252196485623,160256,721152,881408,144.0,707690496,0.004842199999984587,0.003243199998905766,329.23046875
ariad,5008,32,1,282,0.0002309525152668357,0.9465105830670927,0.9764626597444089,160256,721152,881408,144.0,707690496,0.004743499999676715,0.0031197999996948056,328.359375
ariad,5008,32,1,283,0.00023095343203749508,0.9465168230830671,0.9764876198083067,160256,721152,881408,144.0,707690496,0.004918200000247452,0.0030934999995224643,328.359375
ariad,5008,32,1,284,0.00023095475626178086,0.9465417831469649,0.9765375399361023,160256,721152,881408,144.0,707690496,0.005167100000107894,0.0031388000006700167,329.23046875
ariad,5008,32,1,285,0.00023095538199413568,0.9465417831469649,0.9765749800319489,160256,721152,881408,144.0,707690496,0.005106200000227545,0.003363800000443007,328.359375
ariad,5008,32,1,286,0.00023095440701581538,0.9465854632587859,0.9766436202076677,160256,721152,881408,144.0,707690496,0.005334299999958603,0.0034485000014683465,328.359375
ariad,5008,32,1,287,0.0002309510891791433,0.9466041833067093,0.9766561002396166,160256,721152,881408,144.0,707690496,0.004898899998806883,0.003265899998950772,329.23046875
ariad,5008,32,1,288,0.00023094778589438647,0.9466603434504792,0.9766935403354633,160256,721152,881408,144.0,707690496,0.004866399998718407,0.003335900000820402,328.359375
ariad,5008,32,1,289,0.0002309466217411682,0.9466790634984026,0.9767434604632588,160256,721152,881408,144.0,707690496,0.006029999998645508,0.0044858999990537995,328.359375
ariad,5008,32,1,290,0.00023094809148460627,0.9467165035942492,0.9767684205271565,160256,721152,881408,144.0,707690496,0.004813999999896623,0.003224000000045635,329.23046875
ariad,5008,32,1,291,0.0002309440023964271,0.9467227436102237,0.9768121006389776,160256,721152,881408,144.0,707690496,0.004738000001452747,0.003103299999565934,328.359375
ariad,5008,32,1,292,0.00023093981144484133,0.9467477036741214,0.9768495407348243,160256,721152,881408,144.0,707690496,0.004835899999307003,0.0030399999996006954,328.359375
ariad,5008,32,1,293,0.00023093761410564184,0.9467976238019169,0.9768869808306709,160256,721152,881408,144.0,707690496,0.004811800001334632,0.003103800001554191,329.23046875
ariad,5008,32,1,294,0.00023093602794688195,0.9468038638178914,0.9769181809105432,160256,721152,881408,144.0,707690496,0.006160900000395486,0.0031106000005820533,328.359375
ariad,5008,32,1,295,0.00023093479103408754,0.9468288238817891,0.976986821086262,160256,721152,881408,144.0,707690496,0.004928199999994831,0.0033215000003110617,328.359375
ariad,5008,32,1,296,0.00023092319315765053,0.9468725039936102,0.9770305011980831,160256,721152,881408,144.0,707690496,0.004898700000921963,0.0032620999991195276,329.23046875
ariad,5008,32,1,297,0.00023090944159775972,0.9468912240415336,0.9770617012779552,160256,721152,881408,144.0,707690496,0.004697700000178884,0.0030980000010458753,328.359375
ariad,5008,32,1,298,0.00023091062030289322,0.9469224241214057,0.9770804213258786,160256,721152,881408,144.0,707690496,0.005174500000066473,0.003220599999622209,328.359375
ariad,5008,32,1,299,0.00023090734612196684,0.9469411441693291,0.9771053813897763,160256,721152,881408,144.0,707690496,0.005424699998911819,0.0034773000006680377,329.23046875
ariad,5008,32,1,300,0.00023090503236744553,0.9469661042332268,0.9771178614217252,160256,721152,881408,144.0,707690496,0.0048724000007496215,0.003218899999410496,328.359375
ariad,5008,32,1,301,0.00023090506147127599,0.9470035443290735,0.9771927416134185,160256,721152,881408,144.0,707690496,0.005085500000859611,0.0032149999988178024,328.359375
ariad,5008,32,1,302,0.0002308939438080415,0.9470285043929713,0.9772489017571885,160256,721152,881408,144.0,707690496,0.005585799999607843,0.0032642000005580485,329.23046875
ariad,5008,32,1,303,0.0002308927505509928,0.9470409844249201,0.9772801018370607,160256,721152,881408,144.0,707690496,0.00499870000021474,0.0032934999999270076,328.359375
ariad,5008,32,1,304,0.00023088134184945375,0.9470659444888179,0.9772925818690096,160256,721152,881408,144.0,707690496,0.005784799999673851,0.0033762999992177356,328.359375
ariad,5008,32,1,305,0.00023087873705662787,0.9470846645367412,0.9773237819488818,160256,721152,881408,144.0,707690496,0.0046914000013202894,0.0032236000006378163,329.23046875
ariad,5008,32,1,306,0.00023087661247700453,0.9471033845846646,0.9773487420127795,160256,721152,881408,144.0,707690496,0.004731600000013714,0.003110999999989872,328.359375
ariad,5008,32,1,307,0.00023087768931873143,0.947109624600639,0.9773924221246006,160256,721152,881408,144.0,707690496,0.004553000000669272,0.0030107999991741963,328.359375
ariad,5008,32,1,308,0.0002308777329744771,0.9471158646166135,0.9774049021565495,160256,721152,881408,144.0,707690496,0.007059000001390814,0.0030356000006577233,329.23046875
ariad,5008,32,1,309,0.0002308797265868634,0.947109624600639,0.9774298622204473,160256,721152,881408,144.0,707690496,0.004779599999892525,0.0031935999995766906,328.359375
ariad,5008,32,1,310,0.00023087961017154157,0.9471221046325878,0.9774797823482428,160256,721152,881408,144.0,707690496,0.004859599999690545,0.0033179999991261866,328.359375
ariad,5008,32,1,311,0.00023088129819370806,0.9471595447284346,0.9774922623801917,160256,721152,881408,144.0,707690496,0.004874399999607704,0.0033261999997193925,329.23046875
ariad,5008,32,1,312,0.00023088042507879436,0.9471657847444089,0.977510982428115,160256,721152,881408,144.0,707690496,0.0048802000001160195,0.0032777000014903024,328.359375
ariad,5008,32,1,313,0.00023088324815034866,0.9471720247603834,0.9775297024760383,160256,721152,881408,144.0,707690496,0.004803699999683886,0.0031987999991542893,328.359375
ariad,5008,32,1,314,0.0002308810653630644,0.9472032248402555,0.9775484225239617,160256,721152,881408,144.0,707690496,0.004775299999892013,0.003126600000541657,329.23046875
ariad,5008,32,1,315,0.0002308802941115573,0.9472219448881789,0.9775983426517572,160256,721152,881408,144.0,707690496,0.00507130000005418,0.0034242000001540873,328.359375
ariad,5008,32,1,316,0.00023087806766852736,0.9472406649361023,0.9776545027955271,160256,721152,881408,144.0,707690496,0.005074900000181515,0.0032671999997546664,328.359375
ariad,5008,32,1,317,0.00023087473527994007,0.9472593849840255,0.9776919428913738,160256,721152,881408,144.0,707690496,0.004867499999818392,0.003101500000411761,329.23046875
ariad,5008,32,1,318,0.00023087533190846443,0.947265625,0.9777106629392971,160256,721152,881408,144.0,707690496,0.0054935000007390045,0.003466100000878214,328.359375
ariad,5008,32,1,319,0.00023087492445483804,0.9472718650159745,0.9777106629392971,160256,721152,881408,144.0,707690496,0.004995299999791314,0.003363399999216199,328.359375
ariad,5008,32,1,320,0.0002308757248101756,0.9472843450479234,0.9777293829872205,160256,721152,881408,144.0,707690496,0.004995399998733774,0.0033392999994248385,329.23046875
ariad,5008,32,1,321,0.0002308763941982761,0.9472968250798722,0.9777293829872205,160256,721152,881408,144.0,707690496,0.004902599999695667,0.003205099999831873,328.359375
ariad,5008,32,1,322,0.00023087873705662787,0.9473093051118211,0.9777730630990416,160256,721152,881408,144.0,707690496,0.004834899998968467,0.0032874999997147825,328.359375
ariad,5008,32,1,323,0.00023086561122909188,0.9473592252396166,0.9778417032747604,160256,721152,881408,144.0,707690496,0.004917800000839634,0.003285400000095251,329.23046875
ariad,5008,32,1,324,0.00023082921688910574,0.9474091453674122,0.9778853833865815,160256,721152,881408,144.0,707690496,0.014636800000516814,0.0118335000006482,328.359375
ariad,5008,32,1,325,0.00023082595726009458,0.9474029053514377,0.9779290634984026,160256,721152,881408,144.0,707690496,0.0048850000002858,0.0030845000001136214,328.359375
ariad,5008,32,1,326,0.00023082640836946666,0.9474341054313099,0.9779602635782748,160256,721152,881408,144.0,707690496,0.004875499998888699,0.0031739999994897516,329.23046875
ariad,5008,32,1,327,0.00023082605912350118,0.9474465854632588,0.9779665035942492,160256,721152,881408,144.0,707690496,0.004818999999770313,0.003282499999841093,328.359375
ariad,5008,32,1,328,0.0002308263210579753,0.9474715455271565,0.9780226637380192,160256,721152,881408,144.0,707690496,0.004828799999813782,0.003249800000048708,328.359375
ariad,5008,32,1,329,0.00023082624829839915,0.9475027456070287,0.9780788238817891,160256,721152,881408,144.0,707690496,0.0074944999996660044,0.003273099999205442,329.23046875
ariad,5008,32,1,330,0.0002308220718987286,0.9475214656549521,0.9780975439297125,160256,721152,881408,144.0,707690496,0.00922309999987192,0.003501200000755489,328.359375
ariad,5008,32,1,331,0.00023082041298039258,0.9475152256389776,0.9781412240415336,160256,721152,881408,144.0,707690496,0.005002599998988444,0.003154400001221802,328.359375
ariad,5008,32,1,332,0.0002308215043740347,0.9475214656549521,0.9781724241214057,160256,721152,881408,144.0,707690496,0.005382600000302773,0.0030135000015434343,329.23046875
ariad,5008,32,1,333,0.0002308203693246469,0.9475277056709265,0.9782098642172524,160256,721152,881408,144.0,707690496,0.0049295999997411855,0.003257599999415106,328.359375
ariad,5008,32,1,334,0.00023082034022081643,0.9475526657348243,0.978247304313099,160256,721152,881408,144.0,707690496,0.005454100000861217,0.0033510000012029195,328.359375
ariad,5008,32,1,335,0.00023082050029188395,0.9475838658146964,0.9782909844249201,160256,721152,881408,144.0,707690496,0.004870599999776459,0.003278299998783041,329.23046875
ariad,5008,32,1,336,0.0002308144175913185,0.9475963458466453,0.9783221845047924,160256,721152,881408,144.0,707690496,0.004643899999791756,0.0031118000006244984,328.359375
ariad,5008,32,1,337,0.00023081967083271593,0.9476275459265175,0.9783471445686901,160256,721152,881408,144.0,707690496,0.0047297000000980916,0.003110499999820604,328.359375
ariad,5008,32,1,338,0.0002308242255821824,0.9476525059904153,0.9783970646964856,160256,721152,881408,144.0,707690496,0.004770000001371955,0.0031500999994023005,329.23046875
ariad,5008,32,1,339,0.00023082479310687631,0.9476462659744409,0.9784033047124601,160256,721152,881408,144.0,707690496,0.00457049999931769,0.0030423000007431256,328.359375
ariad,5008,32,1,340,0.0002308260736754164,0.9476649860223643,0.9784033047124601,160256,721152,881408,144.0,707690496,0.0045869999994465616,0.0029988000005687354,328.359375
ariad,5008,32,1,341,0.00023082781990524381,0.9476712260383386,0.9784345047923323,160256,721152,881408,144.0,707690496,0.004886999999143882,0.003101099999184953,329.23046875
ariad,5008,32,1,342,0.00023082731058821082,0.9476961861022364,0.9784719448881789,160256,721152,881408,144.0,707690496,0.004771899999468587,0.0030013999985385453,328.359375
ariad,5008,32,1,343,0.00023083141422830522,0.9477211461661342,0.9784906649361023,160256,721152,881408,144.0,707690496,0.0049169000012625474,0.003148900001178845,328.359375
ariad,5008,32,1,344,0.00023083093401510268,0.9477336261980831,0.978515625,160256,721152,881408,144.0,707690496,0.009365500000058091,0.003560299999662675,329.23046875
ariad,5008,32,1,345,0.0002308277616975829,0.9477523462460063,0.9785655451277955,160256,721152,881408,144.0,707690496,0.006473600000390434,0.004105399999389192,328.359375
ariad,5008,32,1,346,0.00023082902771420777,0.9477648262779552,0.9785842651757188,160256,721152,881408,144.0,707690496,0.004851700001381687,0.0030454999996436527,328.359375
ariad,5008,32,1,347,0.00023081855033524334,0.9477897863418531,0.9786154652555911,160256,721152,881408,144.0,707690496,0.004742499999338179,0.003111699999863049,329.23046875
ariad,5008,32,1,348,0.0002308182156411931,0.9478147464057508,0.9786591453674122,160256,721152,881408,144.0,707690496,0.005282399999487097,0.0033634000010351883,328.359375
ariad,5008,32,1,349,0.00023082138795871288,0.9478272264376997,0.9787028254792333,160256,721152,881408,144.0,707690496,0.0047338000003946945,0.002998699999807286,328.359375
ariad,5008,32,1,350,0.0002308066323166713,0.9478584265175719,0.9787402655750799,160256,721152,881408,144.0,707690496,0.004763799999636831,0.0032000999999581836,329.23046875
ariad,5008,32,1,351,0.00023080551181919873,0.9478896265974441,0.9787901857028753,160256,721152,881408,144.0,707690496,0.009342399998786277,0.0032000000010157237,328.359375
ariad,5008,32,1,352,0.00023080603568814695,0.9479208266773163,0.9788151457667732,160256,721152,881408,144.0,707690496,0.004953500001647626,0.003149100000882754,328.359375
ariad,5008,32,1,353,0.00023080855316948146,0.9479645067891374,0.9788525858626198,160256,721152,881408,144.0,707690496,0.004862100000536884,0.0030810999996901955,329.23046875
ariad,5008,32,1,354,0.00023081286053638905,0.947958266773163,0.978883785942492,160256,721152,881408,144.0,707690496,0.00949650000075053,0.0030898999993951293,328.359375
ariad,5008,32,1,355,0.00023081243853084743,0.9479707468051118,0.9788900259584664,160256,721152,881408,144.0,707690496,0.004585200000292389,0.0029780000004393514,328.359375
ariad,5008,32,1,356,0.00023081284598447382,0.9479957068690096,0.9789274660543131,160256,721152,881408,144.0,707690496,0.004821700000320561,0.0031183999999484513,329.23046875
ariad,5008,32,1,357,0.00023081169638317078,0.9480144269169329,0.9789649061501597,160256,721152,881408,144.0,707690496,0.004823799999940093,0.0030234000005293638,328.359375
ariad,5008,32,1,358,0.00023081079416442662,0.9480456269968051,0.9790023462460063,160256,721152,881408,144.0,707690496,0.004840400000830414,0.003056900000956375,328.359375
ariad,5008,32,1,359,0.00023081060498952866,0.948058107028754,0.9790273063099042,160256,721152,881408,144.0,707690496,0.00839330000053451,0.0030434000000241213,329.23046875
ariad,5008,32,1,360,0.0002308115508640185,0.9480830670926518,0.9790460263578274,160256,721152,881408,144.0,707690496,0.009805199999391334,0.003452099999776692,328.359375
ariad,5008,32,1,361,0.00023081318067852408,0.948101787140575,0.9790897064696485,160256,721152,881408,144.0,707690496,0.004990900000848342,0.0033848000002763,328.359375
ariad,5008,32,1,362,0.00023081705148797482,0.9481205071884984,0.9791209065495208,160256,721152,881408,144.0,707690496,0.006218500000613858,0.004322400000091875,329.23046875
ariad,5008,32,1,363,0.00023081860854290426,0.9481454672523961,0.9791583466453674,160256,721152,881408,144.0,707690496,0.004895400001259986,0.0033072000005631708,328.359375
ariad,5008,32,1,364,0.0002308124676346779,0.948157947284345,0.9792020267571885,160256,721152,881408,144.0,707690496,0.00498419999894395,0.003334299999551149,328.359375
ariad,5008,32,1,365,0.0002308123221155256,0.948170427316294,0.9792332268370607,160256,721152,881408,144.0,707690496,0.005409400000644382,0.0036689999997179257,329.23046875
ariad,5008,32,1,366,0.0002308043622178957,0.9482265874600639,0.9792893869808307,160256,721152,881408,144.0,707690496,0.0047505000002274755,0.0032107000006362796,328.359375
ariad,5008,32,1,367,0.00023080479877535254,0.9482453075079872,0.9793268270766773,160256,721152,881408,144.0,707690496,0.0060884000013174955,0.004484399998545996,328.359375
ariad,5008,32,1,368,0.00023080091341398656,0.9482640275559105,0.9793455471246006,160256,721152,881408,144.0,707690496,0.0046131999988574535,0.0030303000003186753,329.23046875
ariad,5008,32,1,369,0.00023079889069776982,0.9482640275559105,0.979364267172524,160256,721152,881408,144.0,707690496,0.004748299999846495,0.0032115999983943766,328.359375
ariad,5008,32,1,370,0.00023079938546288759,0.948270267571885,0.979420427316294,160256,721152,881408,144.0,707690496,0.005744899999626796,0.003920900000593974,328.359375
ariad,5008,32,1,371,0.0002307974937139079,0.9482827476038339,0.9794391473642172,160256,721152,881408,144.0,707690496,0.004874599999311613,0.003143800000543706,329.23046875
ariad,5008,32,1,372,0.00023079403035808355,0.9483014676517572,0.9794703474440895,160256,721152,881408,144.0,707690496,0.010315300000002026,0.0069496999985858565,328.359375
ariad,5008,32,1,373,0.0002307904651388526,0.948313947683706,0.9795015475239617,160256,721152,881408,144.0,707690496,0.005178699999305536,0.003362100000231294,328.359375
ariad,5008,32,1,374,0.0002307942049810663,0.9483451477635783,0.979520267571885,160256,721152,881408,144.0,707690496,0.005981600001177867,0.003927399999156478,329.23046875
ariad,5008,32,1,375,0.0002307898976141587,0.9483888278753994,0.9795514676517572,160256,721152,881408,144.0,707690496,0.005120899999383255,0.003236000000470085,328.359375
ariad,5008,32,1,376,0.0002307854447280988,0.9484013079073482,0.9795889077476039,160256,721152,881408,144.0,707690496,0.004849199998716358,0.0030184999995981343,328.359375
ariad,5008,32,1,377,0.0002307805698364973,0.948426267971246,0.9796513079073482,160256,721152,881408,144.0,707690496,0.005185500000152388,0.0032298000005539507,329.23046875
ariad,5008,32,1,378,0.00023078062804415822,0.9484449880191693,0.9796887480031949,160256,721152,881408,144.0,707690496,0.005063099999460974,0.00347680000049877,328.359375
ariad,5008,32,1,379,0.0002307795366505161,0.9484699480830671,0.9797012280351438,160256,721152,881408,144.0,707690496,0.0048695999994379235,0.0033232000005227746,328.359375
ariad,5008,32,1,380,0.00023078004596754909,0.9484949081469649,0.9797012280351438,160256,721152,881408,144.0,707690496,0.005608100000245031,0.0032451999995828373,329.23046875
ariad,5008,32,1,381,0.00023078094818629324,0.9484824281150159,0.9797324281150159,160256,721152,881408,144.0,707690496,0.004997300000468385,0.003174700001181918,328.359375
ariad,5008,32,1,382,0.0002307772811036557,0.9485198682108626,0.9797511481629393,160256,721152,881408,144.0,707690496,0.005809399999634479,0.0039133999998739455,328.359375
ariad,5008,32,1,383,0.00023077594232745469,0.9485323482428115,0.9797823482428115,160256,721152,881408,144.0,707690496,0.004802100000233622,0.0030738999994355254,329.23046875
ariad,5008,32,1,384,0.00023077808145899326,0.9485697883386581,0.9798010682907349,160256,721152,881408,144.0,707690496,0.004799000000275555,0.003098400000453694,328.359375
ariad,5008,32,1,385,0.00023077781952451915,0.9485885083865815,0.9798385083865815,160256,721152,881408,144.0,707690496,0.004788399999597459,0.002990999999383348,328.359375
ariad,5008,32,1,386,0.0002307784161530435,0.9486009884185304,0.9798509884185304,160256,721152,881408,144.0,707690496,0.007078000000547036,0.0038425999991886783,329.23046875
ariad,5008,32,1,387,0.0002307781542185694,0.9485947484025559,0.9798634684504792,160256,721152,881408,144.0,707690496,0.004812799999854178,0.003288200001406949,328.359375
ariad,5008,32,1,388,0.00023077527293935418,0.9486134684504792,0.9798634684504792,160256,721152,881408,144.0,707690496,0.004747400000269408,0.0032102000004670117,328.359375
ariad,5008,32,1,389,0.00023077604419086128,0.9486259484824281,0.979888428514377,160256,721152,881408,144.0,707690496,0.006038499999704072,0.004113599999982398,329.23046875
ariad,5008,32,1,390,0.0002307771792402491,0.9486446685303515,0.9799258686102237,160256,721152,881408,144.0,707690496,0.0047313000013673445,0.0031739999994897516,328.359375
ariad,5008,32,1,391,0.00023077437072061002,0.9486571485623003,0.9799383486421726,160256,721152,881408,144.0,707690496,0.004793600000994047,0.003216599998268066,328.359375
ariad,5008,32,1,392,0.0002307738468516618,0.9486571485623003,0.9799445886581469,160256,721152,881408,144.0,707690496,0.006646899999395828,0.005079300000943476,329.23046875
ariad,5008,32,1,393,0.00023076942306943238,0.9486758686102237,0.979988268769968,160256,721152,881408,144.0,707690496,0.004935200000545592,0.003342400001201895,328.359375
ariad,5008,32,1,394,0.0002307660470250994,0.9487257887380192,0.9800381888977636,160256,721152,881408,144.0,707690496,0.004851499999858788,0.003047599999263184,328.359375
ariad,5008,32,1,395,0.00023077023797668517,0.9487445087859425,0.9800693889776357,160256,721152,881408,144.0,707690496,0.00630280000041239,0.003064500000618864,329.23046875
ariad,5008,32,1,396,0.0002307671820744872,0.9487694688498403,0.9800943490415336,160256,721152,881408,144.0,707690496,0.004895599999144906,0.003359100001034676,328.359375
ariad,5008,32,1,397,0.0002307678951183334,0.9487757088658147,0.9801068290734825,160256,721152,881408,144.0,707690496,0.004747899998619687,0.003194400000211317,328.359375
ariad,5008,32,1,398,0.00023076376237440854,0.948794428913738,0.9801442691693291,160256,721152,881408,144.0,707690496,0.004786999999851105,0.0032160999999177875,329.23046875
ariad,5008,32,1,399,0.00023076638171914965,0.948794428913738,0.9801692292332268,160256,721152,881408,144.0,707690496,0.005215700000917423,0.0034237999989272794,328.359375
ariad,5008,32,1,400,0.0002307686663698405,0.948794428913738,0.9801817092651757,160256,721152,881408,144.0,707690496,0.005200600000534905,0.003397200000108569,328.359375
ariad,5008,32,1,401,0.00023076841898728162,0.9488193889776357,0.9802066693290735,160256,721152,881408,144.0,707690496,0.00513909999972384,0.0032506999996257946,329.23046875
ariad,5008,32,1,402,0.00023077828518580645,0.9488318690095847,0.9802253893769968,160256,721152,881408,144.0,707690496,0.0052419000003283145,0.003119300001344527,328.359375
ariad,5008,32,1,403,0.00023077956575434655,0.9488630690894568,0.9802940295527156,160256,721152,881408,144.0,707690496,0.005457699999169563,0.0035095000002911547,328.359375
ariad,5008,32,1,404,0.0002307731338078156,0.9488942691693291,0.9803252296325878,160256,721152,881408,144.0,707690496,0.004970899999534595,0.0032395999987784307,329.23046875
ariad,5008,32,1,405,0.0002307746617589146,0.9489129892172524,0.9803876297923323,160256,721152,881408,144.0,707690496,0.0048765000010462245,0.0031815999991522403,328.359375
ariad,5008,32,1,406,0.00023077406513039023,0.9489317092651757,0.98041258985623,160256,721152,881408,144.0,707690496,0.004884799998762901,0.003311799999210052,328.359375
ariad,5008,32,1,407,0.00023077418154571205,0.9489379492811502,0.9804250698881789,160256,721152,881408,144.0,707690496,0.0048842000014701625,0.003264699998908327,329.23046875
ariad,5008,32,1,408,0.00023077275545801967,0.9489441892971247,0.9804437899361023,160256,721152,881408,144.0,707690496,0.004738900001029833,0.0032523999998375075,328.359375
ariad,5008,32,1,409,0.00023077499645296484,0.9489691493610224,0.9804562699680511,160256,721152,881408,144.0,707690496,0.004874199999903794,0.003331199999593082,328.359375
ariad,5008,32,1,410,0.0002307709219167009,0.9490003494408946,0.9804812300319489,160256,721152,881408,144.0,707690496,0.005012899999201181,0.003118100001302082,329.23046875
ariad,5008,32,1,411,0.0002307686663698405,0.9489878694089456,0.9805061900958466,160256,721152,881408,144.0,707690496,0.010216000000582426,0.004995700001018122,328.359375
ariad,5008,32,1,412,0.00023076804063748568,0.9490190694888179,0.9805561102236422,160256,721152,881408,144.0,707690496,0.004710100000011153,0.0032190000001719454,328.359375
ariad,5008,32,1,413,0.0002307602553628385,0.9490440295527156,0.9805935503194888,160256,721152,881408,144.0,707690496,0.005662899999151705,0.00409619999845745,329.23046875
ariad,5008,32,1,414,0.00023075785429682583,0.9490689896166135,0.9806309904153354,160256,721152,881408,144.0,707690496,0.004868199999691569,0.003277699999671313,328.359375
ariad,5008,32,1,415,0.0002307566610397771,0.9490814696485623,0.9806497104632588,160256,721152,881408,144.0,707690496,0.004634699998860015,0.003047499998501735,328.359375
ariad,5008,32,1,416,0.00023075299395713955,0.9491126697284346,0.9806933905750799,160256,721152,881408,144.0,707690496,0.004681300000811461,0.003143399999316898,329.23046875
ariad,5008,32,1,417,0.00023075247008819133,0.9491313897763578,0.9807308306709265,160256,721152,881408,144.0,707690496,0.0047094000001379754,0.0031619999990653014,328.359375
ariad,5008,32,1,418,0.00023075309582054615,0.9491563498402555,0.9807807507987221,160256,721152,881408,144.0,707690496,0.004838200000449433,0.0032155000008060597,328.359375
ariad,5008,32,1,419,0.00023074202181305736,0.9491937899361023,0.9808244309105432,160256,721152,881408,144.0,707690496,0.0046922999990783865,0.0030721000002813525,329.23046875
ariad,5008,32,1,420,0.000230739577091299,0.94921875,0.9808556309904153,160256,721152,881408,144.0,707690496,0.0047660000000178115,0.0031478000000788597,328.359375
ariad,5008,32,1,421,0.00023073804914020002,0.9492374700479234,0.9808868310702875,160256,721152,881408,144.0,707690496,0.010033100001237472,0.005556500000238884,328.359375
ariad,5008,32,1,422,0.00023073707416187972,0.9492437100638977,0.980893071086262,160256,721152,881408,144.0,707690496,0.006038400000761612,0.003083000001424807,329.23046875
ariad,5008,32,1,423,0.0002307324029970914,0.9492249900159745,0.9809429912140575,160256,721152,881408,144.0,707690496,0.006071899999369634,0.0032799000000522938,328.359375
ariad,5008,32,1,424,0.0002307362883584574,0.9492374700479234,0.9809429912140575,160256,721152,881408,144.0,707690496,0.004764299999806099,0.0032441999992443016,328.359375
ariad,5008,32,1,425,0.00023073474585544318,0.9492561900958466,0.9809866713258786,160256,721152,881408,144.0,707690496,0.008915599999454571,0.0053446999991138,329.23046875
ariad,5008,32,1,426,0.00023073414922691882,0.9493061102236422,0.9810303514376997,160256,721152,881408,144.0,707690496,0.004884699999820441,0.003329999999550637,328.359375
ariad,5008,32,1,427,0.0002307352115167305,0.9493310702875399,0.9810615515175719,160256,721152,881408,144.0,707690496,0.004882000001089182,0.0032590999999229098,328.359375
ariad,5008,32,1,428,0.00023073867487255484,0.9493435503194888,0.9811177116613419,160256,721152,881408,144.0,707690496,0.00619380000171077,0.004329699999289005,329.23046875
ariad,5008,32,1,429,0.00023073209740687162,0.9493685103833865,0.981161391773163,160256,721152,881408,144.0,707690496,0.004984700000932207,0.003244999999878928,328.359375
ariad,5008,32,1,430,0.00023071379109751433,0.9493872304313099,0.9811925918530351,160256,721152,881408,144.0,707690496,0.004679800000303658,0.003104699999312288,328.359375
ariad,5008,32,1,431,0.00023067787697073072,0.9493997104632588,0.9812300319488818,160256,721152,881408,144.0,707690496,0.006550199999765027,0.0042873000002146,329.23046875
ariad,5008,32,1,432,0.0002306733513250947,0.9494184305111821,0.9812549920127795,160256,721152,881408,144.0,707690496,0.004931800000122166,0.0031108000002859626,328.359375
ariad,5008,32,1,433,0.00023067173606250435,0.9494433905750799,0.9812924321086262,160256,721152,881408,144.0,707690496,0.004656200000681565,0.003146299999571056,328.359375
ariad,5008,32,1,434,0.00023067413712851703,0.949487070686901,0.9813236321884984,160256,721152,881408,144.0,707690496,0.0049189000001206296,0.0032417999991594115,329.23046875
ariad,5008,32,1,435,0.00023067521397024393,0.9495182707667732,0.9813673123003195,160256,721152,881408,144.0,707690496,0.00481739999850106,0.0030917000003682915,328.359375
ariad,5008,32,1,436,0.00023067495203576982,0.9495432308306709,0.9814047523961661,160256,721152,881408,144.0,707690496,0.004928799999106559,0.003159100000630133,328.359375
ariad,5008,32,1,437,0.0002306731912540272,0.9495619508785943,0.9814421924920128,160256,721152,881408,144.0,707690496,0.004889400001047761,0.003303700001197285,329.23046875
ariad,5008,32,1,438,0.00023067035363055766,0.9495619508785943,0.9814671525559105,160256,721152,881408,144.0,707690496,0.00489719999859517,0.003292600000349921,328.359375
ariad,5008,32,1,439,0.00023066578432917595,0.9495681908945687,0.9814921126198083,160256,721152,881408,144.0,707690496,0.0049099999996542465,0.003380500000275788,328.359375
ariad,5008,32,1,440,0.00023066777794156224,0.9495744309105432,0.9815233126996805,160256,721152,881408,144.0,707690496,0.004944000000250526,0.0033529000011185417,329.23046875
ariad,5008,32,1,441,0.00023066856374498457,0.9495681908945687,0.981517072683706,160256,721152,881408,144.0,707690496,0.004765799998494913,0.0032424000000901287,328.359375
ariad,5008,32,1,442,0.00023066694848239422,0.9495806709265175,0.981529552715655,160256,721152,881408,144.0,707690496,0.004660799999328447,0.003127999998469022,328.359375
ariad,5008,32,1,443,0.00023066620633471757,0.949586910942492,0.9815545127795527,160256,721152,881408,144.0,707690496,0.009336200000689132,0.006730099999913364,329.23046875
ariad,5008,32,1,444,0.00023066207359079272,0.9495993909744409,0.9815794728434505,160256,721152,881408,144.0,707690496,0.004767399999764166,0.0032199999986914918,328.359375
ariad,5008,32,1,445,0.0002306647365912795,0.9496056309904153,0.9816169129392971,160256,721152,881408,144.0,707690496,0.008759899999859044,0.003147299999909592,328.359375
ariad,5008,32,1,446,0.0002306643291376531,0.9496305910543131,0.9816356329872205,160256,721152,881408,144.0,707690496,0.0046273999996628845,0.003117700000075274,329.23046875
ariad,5008,32,1,447,0.00023066649737302214,0.949643071086262,0.9816543530351438,160256,721152,881408,144.0,707690496,0.004641599998649326,0.003153300000121817,328.359375
ariad,5008,32,1,448,0.00023066889843903482,0.9496493111022364,0.9816730730830671,160256,721152,881408,144.0,707690496,0.0046718000012333505,0.003070099999604281,328.359375
ariad,5008,32,1,449,0.00023066860740073025,0.9496493111022364,0.9816793130990416,160256,721152,881408,144.0,707690496,0.0045727999986411305,0.00302919999921869,329.23046875
ariad,5008,32,1,450,0.0002306680689798668,0.9496493111022364,0.9816917931309904,160256,721152,881408,144.0,707690496,0.009128099998633843,0.0030921000015950995,328.359375
ariad,5008,32,1,451,0.0002306677051819861,0.9496493111022364,0.9816980331469649,160256,721152,881408,144.0,707690496,0.0047884000014164485,0.0032284999997500563,328.359375
ariad,5008,32,1,452,0.00023066661378834397,0.9496493111022364,0.9816980331469649,160256,721152,881408,144.0,707690496,0.004539600000498467,0.0030090999989624834,329.23046875
ariad,5008,32,1,453,0.00023066568246576935,0.9496493111022364,0.9817229932108626,160256,721152,881408,144.0,707690496,0.004533299999820883,0.0030469000012089964,328.359375
ariad,5008,32,1,454,0.00023066964058671147,0.9496805111821086,0.9817729133386581,160256,721152,881408,144.0,707690496,0.0043761000015365425,0.0029231000007712282,328.359375
ariad,5008,32,1,455,0.00023066782159730792,0.9497054712460063,0.9818041134185304,160256,721152,881408,144.0,707690496,0.004581099999995786,0.0030459999998129206,329.23046875
ariad,5008,32,1,456,0.00023066939320415258,0.949699231230032,0.9818540335463258,160256,721152,881408,144.0,707690496,0.004626899999493617,0.003070000000661821,328.359375
ariad,5008,32,1,457,0.0002306690439581871,0.9497241912939297,0.9818914736421726,160256,721152,881408,144.0,707690496,0.004589900001519709,0.003024199999345001,328.359375
ariad,5008,32,1,458,0.00023067159054335207,0.9497304313099042,0.9819226737220448,160256,721152,881408,144.0,707690496,0.004566800000247895,0.003037200000107987,329.23046875
ariad,5008,32,1,459,0.00023066620633471757,0.9497366713258786,0.981941393769968,160256,721152,881408,144.0,707690496,0.01017379999939294,0.0030869999991409713,328.359375
ariad,5008,32,1,460,0.00023066630819812417,0.9497553913738019,0.9819538738019169,160256,721152,881408,144.0,707690496,0.004748499999550404,0.0031281999999919208,328.359375
ariad,5008,32,1,461,0.00023066533321980387,0.9497678714057508,0.9819913138977636,160256,721152,881408,144.0,707690496,0.009735300000102143,0.00788990000000922,329.23046875
ariad,5008,32,1,462,0.00023066926223691553,0.9497678714057508,0.981997553913738,160256,721152,881408,144.0,707690496,0.004666499999075313,0.003078399999139947,328.359375
ariad,5008,32,1,463,0.0002306641690665856,0.9497865914536742,0.9820349940095847,160256,721152,881408,144.0,707690496,0.010108200000104262,0.008292900000014924,328.359375
ariad,5008,32,1,464,0.00023066208814270794,0.9497928314696485,0.9820599540734825,160256,721152,881408,144.0,707690496,0.004595000000335858,0.00305090000074415,329.23046875
ariad,5008,32,1,465,0.000230664067203179,0.9498053115015974,0.9820786741214057,160256,721152,881408,144.0,707690496,0.0048998000002029585,0.003297200000815792,328.359375
ariad,5008,32,1,466,0.00023066182620823383,0.9498177915335463,0.9820786741214057,160256,721152,881408,144.0,707690496,0.0050616000007721595,0.0034630999998626066,328.359375
ariad,5008,32,1,467,0.00023065859568305314,0.9498365115814696,0.9821036341853036,160256,721152,881408,144.0,707690496,0.0052888000009261305,0.00363160000051721,329.23046875
ariad,5008,32,1,468,0.00023065302229952067,0.949855231629393,0.9821348342651757,160256,721152,881408,144.0,707690496,0.004687099999500788,0.003107500000623986,328.359375
ariad,5008,32,1,469,0.00023065306595526636,0.9498989117412141,0.9821660343450479,160256,721152,881408,144.0,707690496,0.005067399999461486,0.0030576999997720122,328.359375
ariad,5008,32,1,470,0.00023064987908583134,0.9498989117412141,0.9821972344249201,160256,721152,881408,144.0,707690496,0.004579899999953341,0.0030072999998083105,329.23046875
ariad,5008,32,1,471,0.00023064750712364912,0.9499301118210862,0.9822346745207667,160256,721152,881408,144.0,707690496,0.011097299999164534,0.0031481999994866783,328.359375
ariad,5008,32,1,472,0.0002306500682607293,0.9499363518370607,0.9822596345846646,160256,721152,881408,144.0,707690496,0.008512599999448867,0.004627100001016515,328.359375
ariad,5008,32,1,473,0.0002306462120031938,0.9499301118210862,0.9822970746805112,160256,721152,881408,144.0,707690496,0.005274699999063159,0.003296000000773347,329.23046875
ariad,5008,32,1,474,0.0002306426176801324,0.9499800319488818,0.9823532348242812,160256,721152,881408,144.0,707690496,0.004978999999366351,0.003324600000269129,328.359375
ariad,5008,32,1,475,0.00023064081324264407,0.9499987519968051,0.9824281150159745,160256,721152,881408,144.0,707690496,0.00636800000029325,0.0030434000000241213,328.359375
ariad,5008,32,1,476,0.0002306400565430522,0.9499737919329073,0.9824405950479234,160256,721152,881408,144.0,707690496,0.00477830000090762,0.003110599998763064,329.23046875
ariad,5008,32,1,477,0.00023064090055413544,0.950011232028754,0.9824905151757188,160256,721152,881408,144.0,707690496,0.004928700000164099,0.003319999999803258,328.359375
ariad,5008,32,1,478,0.00023063950357027352,0.9500424321086262,0.9825029952076677,160256,721152,881408,144.0,707690496,0.005726200000935933,0.003946499999074149,328.359375
ariad,5008,32,1,479,0.00023063393018674105,0.9500798722044729,0.9825341952875399,160256,721152,881408,144.0,707690496,0.006662300000243704,0.004192200000034063,329.23046875
ariad,5008,32,1,480,0.00023063071421347558,0.9500985922523961,0.9825529153354633,160256,721152,881408,144.0,707690496,0.005836999998791725,0.003118200000244542,328.359375
ariad,5008,32,1,481,0.000230630932492204,0.950123552316294,0.9826028354632588,160256,721152,881408,144.0,707690496,0.004769400000441237,0.0031476000003749505,328.359375
ariad,5008,32,1,482,0.00023063032131176442,0.9501360323482428,0.982634035543131,160256,721152,881408,144.0,707690496,0.004696599999078899,0.003103999999439111,329.23046875
ariad,5008,32,1,483,0.00023063081607688218,0.9501485123801917,0.9826402755591054,160256,721152,881408,144.0,707690496,0.007165600000007544,0.003061000001252978,328.359375
ariad,5008,32,1,484,0.0002306310780113563,0.9501547523961661,0.9826714756389776,160256,721152,881408,144.0,707690496,0.0075772999989567325,0.005023600000640727,328.359375
ariad,5008,32,1,485,0.00023063208209350705,0.950167232428115,0.9827026757188498,160256,721152,881408,144.0,707690496,0.004998200000045472,0.0032998999995470513,329.23046875
ariad,5008,32,1,486,0.00023063157277647406,0.9501797124600639,0.9827026757188498,160256,721152,881408,144.0,707690496,0.006401000000550994,0.00386389999948733,328.359375
ariad,5008,32,1,487,0.00023062850232236087,0.9501921924920128,0.9827089157348243,160256,721152,881408,144.0,707690496,0.005884600001081708,0.003761300000405754,328.359375
ariad,5008,32,1,488,0.0002306302631041035,0.9502046725239617,0.9827151557507987,160256,721152,881408,144.0,707690496,0.011240399999223882,0.0033688000003166962,329.23046875
ariad,5008,32,1,489,0.00023063129629008472,0.9502046725239617,0.9827401158146964,160256,721152,881408,144.0,707690496,0.006318699999610544,0.003933300000426243,328.359375
ariad,5008,32,1,490,0.0002306342648807913,0.9502109125399361,0.9827338757987221,160256,721152,881408,144.0,707690496,0.005547500000830041,0.0035635000003821915,328.359375
ariad,5008,32,1,491,0.00023063307162374258,0.9502296325878594,0.9827713158945687,160256,721152,881408,144.0,707690496,0.005131300000357442,0.003303399998912937,329.23046875
ariad,5008,32,1,492,0.00023063216940499842,0.9502421126198083,0.9828025159744409,160256,721152,881408,144.0,707690496,0.005404100000305334,0.003484799999569077,328.359375
ariad,5008,32,1,493,0.00023063240223564208,0.9502483526357828,0.9828274760383386,160256,721152,881408,144.0,707690496,0.010154900000998168,0.0030525000001944136,328.359375
ariad,5008,32,1,494,0.0002306269743712619,0.950279552715655,0.9828586761182109,160256,721152,881408,144.0,707690496,0.004875099999480881,0.0031558000009681564,329.23046875
ariad,5008,32,1,495,0.00023062719264999032,0.9502857927316294,0.9828836361821086,160256,721152,881408,144.0,707690496,0.005051399999501882,0.0032893999996304046,328.359375
ariad,5008,32,1,496,0.00023062736727297306,0.9502857927316294,0.9829085962460063,160256,721152,881408,144.0,707690496,0.004829499999686959,0.003151099999740836,328.359375
ariad,5008,32,1,497,0.00023062786203809083,0.9502857927316294,0.9829210762779552,160256,721152,881408,144.0,707690496,0.005006000001230859,0.0031531000004179077,329.23046875
ariad,5008,32,1,498,0.00023062613036017865,0.9502857927316294,0.9829397963258786,160256,721152,881408,144.0,707690496,0.010985100001562387,0.0030924000002414687,328.359375
ariad,5008,32,1,499,0.0002306263631908223,0.950279552715655,0.9829647563897763,160256,721152,881408,144.0,707690496,0.005700700001398218,0.003214500000467524,328.359375
ariad,5008,32,1,500,0.00023062521358951926,0.9502982727635783,0.9829897164536742,160256,721152,881408,144.0,707690496,0.005148999998709769,0.0033358999990014127,329.23046875
