method,n,k,seed,epoch,mse,teacher_match,match_exhaustive,attn_scores,search_scores,total_scores,c_scored,est_flops,step_time_s,search_time_s,peak_mem_mb
dense,10000,32,1,1,0.124504454433918,0.128015625,1.0,100000000,0,100000000,0.0,77783040000,0.25330880000001343,0.0,1659.2119140625
dense,10000,32,1,2,0.11648955941200256,0.1239375,1.0,100000000,0,100000000,0.0,77783040000,0.015528599999015569,0.0,1659.3369140625
dense,10000,32,1,3,0.11306420713663101,0.11805,1.0,100000000,0,100000000,0.0,77783040000,0.01682230000005802,0.0,1659.3369140625
dense,10000,32,1,4,0.11156978458166122,0.112334375,1.0,100000000,0,100000000,0.0,77783040000,0.015397799999846029,0.0,1659.3369140625
dense,10000,32,1,5,0.11088478565216064,0.10755,1.0,100000000,0,100000000,0.0,77783040000,0.01640170000064245,0.0,1659.3369140625
dense,10000,32,1,6,0.11052285134792328,0.10449375,1.0,100000000,0,100000000,0.0,77783040000,0.01606990000072983,0.0,1659.3369140625
dense,10000,32,1,7,0.11028039455413818,0.10264375,1.0,100000000,0,100000000,0.0,77783040000,0.015745000000606524,0.0,1659.3369140625
dense,10000,32,1,8,0.11007922142744064,0.1024625,1.0,100000000,0,100000000,0.0,77783040000,0.015840899999602698,0.0,1659.3369140625
dense,10000,32,1,9,0.10989335924386978,0.103596875,1.0,100000000,0,100000000,0.0,77783040000,0.01608960000157822,0.0,1659.3369140625
dense,10000,32,1,10,0.10971669852733612,0.105575,1.0,100000000,0,100000000,0.0,77783040000,0.015394800000649411,0.0,1659.3369140625
dense,10000,32,1,11,0.10954933613538742,0.108584375,1.0,100000000,0,100000000,0.0,77783040000,0.015429399998538429,0.0,1659.3369140625
dense,10000,32,1,12,0.10939175635576248,0.112528125,1.0,100000000,0,100000000,0.0,77783040000,0.016658800001096097,0.0,1659.3369140625
dense,10000,32,1,13,0.10924306511878967,0.117046875,1.0,100000000,0,100000000,0.0,77783040000,0.015449700000317534,0.0,1659.3369140625
dense,10000,32,1,14,0.10910099744796753,0.122321875,1.0,100000000,0,100000000,0.0,77783040000,0.01606530000026396,0.0,1659.3369140625
dense,10000,32,1,15,0.10896281152963638,0.128459375,1.0,100000000,0,100000000,0.0,77783040000,0.01596849999987171,0.0,1659.3369140625
dense,10000,32,1,16,0.10882609337568283,0.134775,1.0,100000000,0,100000000,0.0,77783040000,0.01607979999971576,0.0,1659.3369140625
dense,10000,32,1,17,0.10868918150663376,0.142303125,1.0,100000000,0,100000000,0.0,77783040000,0.015748800000437768,0.0,1659.3369140625
dense,10000,32,1,18,0.10855136811733246,0.1499,1.0,100000000,0,100000000,0.0,77783040000,0.01575049999883049,0.0,1659.3369140625
dense,10000,32,1,19,0.10841281712055206,0.15854375,1.0,100000000,0,100000000,0.0,77783040000,0.01543619999938528,0.0,1659.3369140625
dense,10000,32,1,20,0.10827427357435226,0.167234375,1.0,100000000,0,100000000,0.0,77783040000,0.01631210000050487,0.0,1659.3369140625
dense,10000,32,1,21,0.10813698172569275,0.176375,1.0,100000000,0,100000000,0.0,77783040000,0.01563449999957811,0.0,1659.3369140625
dense,10000,32,1,22,0.10800215601921082,0.18578125,1.0,100000000,0,100000000,0.0,77783040000,0.015437500000189175,0.0,1659.3369140625
dense,10000,32,1,23,0.10787073522806168,0.195275,1.0,100000000,0,100000000,0.0,77783040000,0.016599399999904563,0.0,1659.3369140625
dense,10000,32,1,24,0.10774313658475876,0.20450625,1.0,100000000,0,100000000,0.0,77783040000,0.015442300000358955,0.0,1659.3369140625
dense,10000,32,1,25,0.10761932283639908,0.2140625,1.0,100000000,0,100000000,0.0,77783040000,0.015867899999648216,0.0,1659.3369140625
dense,10000,32,1,26,0.10749887675046921,0.22276875,1.0,100000000,0,100000000,0.0,77783040000,0.016129100000398466,0.0,1659.3369140625
dense,10000,32,1,27,0.10738129913806915,0.23151875,1.0,100000000,0,100000000,0.0,77783040000,0.01562749999902735,0.0,1659.3369140625
dense,10000,32,1,28,0.10726621001958847,0.239975,1.0,100000000,0,100000000,0.0,77783040000,0.015682299999753013,0.0,1659.3369140625
dense,10000,32,1,29,0.1071532592177391,0.24850625,1.0,100000000,0,100000000,0.0,77783040000,0.017012800000884454,0.0,1659.3369140625
dense,10000,32,1,30,0.10704216361045837,0.256359375,1.0,100000000,0,100000000,0.0,77783040000,0.016451700001198333,0.0,1659.3369140625
dense,10000,32,1,31,0.10693255066871643,0.26413125,1.0,100000000,0,100000000,0.0,77783040000,0.016311400000631693,0.0,1659.3369140625
dense,10000,32,1,32,0.10682384669780731,0.271634375,1.0,100000000,0,100000000,0.0,77783040000,0.015563599999950384,0.0,1659.3369140625
dense,10000,32,1,33,0.1067151427268982,0.2787875,1.0,100000000,0,100000000,0.0,77783040000,0.01645930000086082,0.0,1659.3369140625
dense,10000,32,1,34,0.10660528391599655,0.285709375,1.0,100000000,0,100000000,0.0,77783040000,0.015895200000159093,0.0,1659.3369140625
dense,10000,32,1,35,0.10649291425943375,0.29254375,1.0,100000000,0,100000000,0.0,77783040000,0.015491399999518762,0.0,1659.3369140625
dense,10000,32,1,36,0.10637661814689636,0.299409375,1.0,100000000,0,100000000,0.0,77783040000,0.01606799999899522,0.0,1659.3369140625
dense,10000,32,1,37,0.1062549501657486,0.305759375,1.0,100000000,0,100000000,0.0,77783040000,0.015401200000269455,0.0,1659.3369140625
dense,10000,32,1,38,0.10612619668245316,0.311690625,1.0,100000000,0,100000000,0.0,77783040000,0.01551389999985986,0.0,1659.3369140625
dense,10000,32,1,39,0.1059882789850235,0.318,1.0,100000000,0,100000000,0.0,77783040000,0.015897999999651802,0.0,1659.3369140625
dense,10000,32,1,40,0.1058385819196701,0.324015625,1.0,100000000,0,100000000,0.0,77783040000,0.016196900000068126,0.0,1659.3369140625
dense,10000,32,1,41,0.10567411780357361,0.32979375,1.0,100000000,0,100000000,0.0,77783040000,0.01613820000056876,0.0,1659.3369140625
dense,10000,32,1,42,0.10549192875623703,0.335275,1.0,100000000,0,100000000,0.0,77783040000,0.016206899999815505,0.0,1659.3369140625
dense,10000,32,1,43,0.10528949648141861,0.339996875,1.0,100000000,0,100000000,0.0,77783040000,0.015489199999137782,0.0,1659.3369140625
dense,10000,32,1,44,0.10506531596183777,0.34451875,1.0,100000000,0,100000000,0.0,77783040000,0.016625899999780813,0.0,1659.3369140625
dense,10000,32,1,45,0.10481884330511093,0.34881875,1.0,100000000,0,100000000,0.0,77783040000,0.01578970000082336,0.0,1659.3369140625
dense,10000,32,1,46,0.1045500710606575,0.352846875,1.0,100000000,0,100000000,0.0,77783040000,0.015450199998667813,0.0,1659.3369140625
dense,10000,32,1,47,0.10425765067338943,0.35665,1.0,100000000,0,100000000,0.0,77783040000,0.01645710000047984,0.0,1659.3369140625
dense,10000,32,1,48,0.1039368286728859,0.360859375,1.0,100000000,0,100000000,0.0,77783040000,0.015841200000068056,0.0,1659.3369140625
dense,10000,32,1,49,0.10357861965894699,0.365265625,1.0,100000000,0,100000000,0.0,77783040000,0.015859700000874,0.0,1659.3369140625
dense,10000,32,1,50,0.10317337512969971,0.370340625,1.0,100000000,0,100000000,0.0,77783040000,0.016153299999132287,0.0,1659.3369140625
dense,10000,32,1,51,0.10271643847227097,0.37595,1.0,100000000,0,100000000,0.0,77783040000,0.01582109999981185,0.0,1659.3369140625
dense,10000,32,1,52,0.10220810025930405,0.382165625,1.0,100000000,0,100000000,0.0,77783040000,0.015405699999973876,0.0,1659.3369140625
dense,10000,32,1,53,0.10164765268564224,0.3892125,1.0,100000000,0,100000000,0.0,77783040000,0.016744400001698523,0.0,1659.3369140625
dense,10000,32,1,54,0.10103104263544083,0.3967875,1.0,100000000,0,100000000,0.0,77783040000,0.015501199999562232,0.0,1659.3369140625
dense,10000,32,1,55,0.10035274922847748,0.40509375,1.0,100000000,0,100000000,0.0,77783040000,0.01560069999868574,0.0,1659.3369140625
dense,10000,32,1,56,0.09960693120956421,0.413509375,1.0,100000000,0,100000000,0.0,77783040000,0.016320699998686905,0.0,1659.3369140625
dense,10000,32,1,57,0.09878594428300858,0.42276875,1.0,100000000,0,100000000,0.0,77783040000,0.01542880000124569,0.0,1659.3369140625
dense,10000,32,1,58,0.09787966310977936,0.431890625,1.0,100000000,0,100000000,0.0,77783040000,0.015642599999409867,0.0,1659.3369140625
dense,10000,32,1,59,0.09687820822000504,0.44135,1.0,100000000,0,100000000,0.0,77783040000,0.016477799999847775,0.0,1659.3369140625
dense,10000,32,1,60,0.09577314555644989,0.450528125,1.0,100000000,0,100000000,0.0,77783040000,0.01603109999996377,0.0,1659.3369140625
dense,10000,32,1,61,0.09455005079507828,0.460625,1.0,100000000,0,100000000,0.0,77783040000,0.015532100000200444,0.0,1659.3369140625
dense,10000,32,1,62,0.09318289905786514,0.4712875,1.0,100000000,0,100000000,0.0,77783040000,0.01630500000101165,0.0,1659.3369140625
dense,10000,32,1,63,0.09163937717676163,0.4827875,1.0,100000000,0,100000000,0.0,77783040000,0.015439700000570156,0.0,1659.3369140625
dense,10000,32,1,64,0.08988618850708008,0.494865625,1.0,100000000,0,100000000,0.0,77783040000,0.016025699998863274,0.0,1659.3369140625
dense,10000,32,1,65,0.0878860205411911,0.507675,1.0,100000000,0,100000000,0.0,77783040000,0.015538599998762948,0.0,1659.3369140625
dense,10000,32,1,66,0.08558827638626099,0.52150625,1.0,100000000,0,100000000,0.0,77783040000,0.016407500001150765,0.0,1659.3369140625
dense,10000,32,1,67,0.08292906731367111,0.535453125,1.0,100000000,0,100000000,0.0,77783040000,0.015490199999476317,0.0,1659.3369140625
dense,10000,32,1,68,0.07983966916799545,0.549996875,1.0,100000000,0,100000000,0.0,77783040000,0.01648369999929855,0.0,1659.3369140625
dense,10000,32,1,69,0.07625138014554977,0.564928125,1.0,100000000,0,100000000,0.0,77783040000,0.016528899999684654,0.0,1659.3369140625
dense,10000,32,1,70,0.07211548089981079,0.579678125,1.0,100000000,0,100000000,0.0,77783040000,0.01647179999963555,0.0,1659.3369140625
dense,10000,32,1,71,0.067424476146698,0.594621875,1.0,100000000,0,100000000,0.0,77783040000,0.015509899998505716,0.0,1659.3369140625
dense,10000,32,1,72,0.062218908220529556,0.60998125,1.0,100000000,0,100000000,0.0,77783040000,0.01660760000049777,0.0,1659.3369140625
dense,10000,32,1,73,0.05660581588745117,0.62514375,1.0,100000000,0,100000000,0.0,77783040000,0.016933400000198162,0.0,1659.3369140625
dense,10000,32,1,74,0.050785131752491,0.640328125,1.0,100000000,0,100000000,0.0,77783040000,0.017250300001251162,0.0,1659.3369140625
dense,10000,32,1,75,0.045030009001493454,0.6559125,1.0,100000000,0,100000000,0.0,77783040000,0.017060500000297907,0.0,1659.3369140625
dense,10000,32,1,76,0.039573784917593,0.67071875,1.0,100000000,0,100000000,0.0,77783040000,0.016455599999972037,0.0,1659.3369140625
dense,10000,32,1,77,0.03456929698586464,0.68493125,1.0,100000000,0,100000000,0.0,77783040000,0.01667500000075961,0.0,1659.3369140625
dense,10000,32,1,78,0.03017747774720192,0.698809375,1.0,100000000,0,100000000,0.0,77783040000,0.017350699999951757,0.0,1659.3369140625
dense,10000,32,1,79,0.026537587866187096,0.712021875,1.0,100000000,0,100000000,0.0,77783040000,0.01678619999984221,0.0,1659.3369140625
dense,10000,32,1,80,0.023682650178670883,0.725296875,1.0,100000000,0,100000000,0.0,77783040000,0.016969500000413973,0.0,1659.3369140625
dense,10000,32,1,81,0.02149355411529541,0.737103125,1.0,100000000,0,100000000,0.0,77783040000,0.017363200000545476,0.0,1659.3369140625
dense,10000,32,1,82,0.019783832132816315,0.748109375,1.0,100000000,0,100000000,0.0,77783040000,0.016749000000345404,0.0,1659.3369140625
dense,10000,32,1,83,0.018359335139393806,0.758590625,1.0,100000000,0,100000000,0.0,77783040000,0.01675489999979618,0.0,1659.3369140625
dense,10000,32,1,84,0.017062271013855934,0.7675375,1.0,100000000,0,100000000,0.0,77783040000,0.01717570000073465,0.0,1659.3369140625
dense,10000,32,1,85,0.01578558050096035,0.77621875,1.0,100000000,0,100000000,0.0,77783040000,0.0179576000009547,0.0,1659.3369140625
dense,10000,32,1,86,0.014490926638245583,0.7852625,1.0,100000000,0,100000000,0.0,77783040000,0.017286300000705523,0.0,1659.3369140625
dense,10000,32,1,87,0.013210808858275414,0.793634375,1.0,100000000,0,100000000,0.0,77783040000,0.016550899999856483,0.0,1659.3369140625
dense,10000,32,1,88,0.011976951733231544,0.802490625,1.0,100000000,0,100000000,0.0,77783040000,0.01690489999964484,0.0,1659.3369140625
dense,10000,32,1,89,0.010815729387104511,0.8111875,1.0,100000000,0,100000000,0.0,77783040000,0.017300699999395874,0.0,1659.3369140625
dense,10000,32,1,90,0.009770233184099197,0.820003125,1.0,100000000,0,100000000,0.0,77783040000,0.016704899999240297,0.0,1659.3369140625
dense,10000,32,1,91,0.008848489262163639,0.829146875,1.0,100000000,0,100000000,0.0,77783040000,0.01692670000011276,0.0,1659.3369140625
dense,10000,32,1,92,0.008023262955248356,0.837078125,1.0,100000000,0,100000000,0.0,77783040000,0.017458199999964563,0.0,1659.3369140625
dense,10000,32,1,93,0.00727680791169405,0.84551875,1.0,100000000,0,100000000,0.0,77783040000,0.017647100001340732,0.0,1659.3369140625
dense,10000,32,1,94,0.00660872645676136,0.853334375,1.0,100000000,0,100000000,0.0,77783040000,0.016680400000041118,0.0,1659.3369140625
dense,10000,32,1,95,0.006016022991389036,0.861053125,1.0,100000000,0,100000000,0.0,77783040000,0.01661479999893345,0.0,1659.3369140625
dense,10000,32,1,96,0.005484906956553459,0.86845625,1.0,100000000,0,100000000,0.0,77783040000,0.01737469999898167,0.0,1659.3369140625
dense,10000,32,1,97,0.005002298392355442,0.8752875,1.0,100000000,0,100000000,0.0,77783040000,0.016710500000044703,0.0,1659.3369140625
dense,10000,32,1,98,0.004567262716591358,0.881184375,1.0,100000000,0,100000000,0.0,77783040000,0.016533599999092985,0.0,1659.3369140625
dense,10000,32,1,99,0.004184461198747158,0.886628125,1.0,100000000,0,100000000,0.0,77783040000,0.017360400001052767,0.0,1659.3369140625
dense,10000,32,1,100,0.0038488206919282675,0.891403125,1.0,100000000,0,100000000,0.0,77783040000,0.017121299999416806,0.0,1659.3369140625
dense,10000,32,1,101,0.003543044673278928,0.895740625,1.0,100000000,0,100000000,0.0,77783040000,0.01663910000024771,0.0,1659.3369140625
dense,10000,32,1,102,0.003252986818552017,0.900153125,1.0,100000000,0,100000000,0.0,77783040000,0.016768899999078712,0.0,1659.3369140625
dense,10000,32,1,103,0.0029755064751952887,0.905096875,1.0,100000000,0,100000000,0.0,77783040000,0.017205300000568968,0.0,1659.3369140625
dense,10000,32,1,104,0.00271265278570354,0.909703125,1.0,100000000,0,100000000,0.0,77783040000,0.016692799999873387,0.0,1659.3369140625
dense,10000,32,1,105,0.002467415062710643,0.914896875,1.0,100000000,0,100000000,0.0,77783040000,0.01667059999999765,0.0,1659.3369140625
dense,10000,32,1,106,0.0022468105889856815,0.92018125,1.0,100000000,0,100000000,0.0,77783040000,0.0173451999999088,0.0,1659.3369140625
dense,10000,32,1,107,0.0020589798223227262,0.92534375,1.0,100000000,0,100000000,0.0,77783040000,0.016956299999947078,0.0,1659.3369140625
dense,10000,32,1,108,0.0019055409356951714,0.92926875,1.0,100000000,0,100000000,0.0,77783040000,0.016659500000969274,0.0,1659.3369140625
dense,10000,32,1,109,0.0017824756214395165,0.932096875,1.0,100000000,0,100000000,0.0,77783040000,0.016979299998638453,0.0,1659.3369140625
dense,10000,32,1,110,0.001682660193182528,0.934003125,1.0,100000000,0,100000000,0.0,77783040000,0.016580100000282982,0.0,1659.3369140625
dense,10000,32,1,111,0.0015981392934918404,0.935415625,1.0,100000000,0,100000000,0.0,77783040000,0.015960500000801403,0.0,1659.3369140625
dense,10000,32,1,112,0.0015227899421006441,0.936421875,1.0,100000000,0,100000000,0.0,77783040000,0.01580920000014885,0.0,1659.3369140625
dense,10000,32,1,113,0.001451381715014577,0.937590625,1.0,100000000,0,100000000,0.0,77783040000,0.01614989999870886,0.0,1659.3369140625
dense,10000,32,1,114,0.0013800496235489845,0.939096875,1.0,100000000,0,100000000,0.0,77783040000,0.015565499999866006,0.0,1659.3369140625
dense,10000,32,1,115,0.0013085879618301988,0.94074375,1.0,100000000,0,100000000,0.0,77783040000,0.016368300000976888,0.0,1659.3369140625
dense,10000,32,1,116,0.0012407817412167788,0.9427625,1.0,100000000,0,100000000,0.0,77783040000,0.01617199999964214,0.0,1659.3369140625
dense,10000,32,1,117,0.0011810754658654332,0.94471875,1.0,100000000,0,100000000,0.0,77783040000,0.016061500000432716,0.0,1659.3369140625
dense,10000,32,1,118,0.0011300473706796765,0.946615625,1.0,100000000,0,100000000,0.0,77783040000,0.015457699999387842,0.0,1659.3369140625
dense,10000,32,1,119,0.0010849457466974854,0.94821875,1.0,100000000,0,100000000,0.0,77783040000,0.01662219999889203,0.0,1659.3369140625
dense,10000,32,1,120,0.0010438673198223114,0.949815625,1.0,100000000,0,100000000,0.0,77783040000,0.015497000000323169,0.0,1659.3369140625
dense,10000,32,1,121,0.0010063245426863432,0.951271875,1.0,100000000,0,100000000,0.0,77783040000,0.016412799999670824,0.0,1659.3369140625
dense,10000,32,1,122,0.0009714889456517994,0.952625,1.0,100000000,0,100000000,0.0,77783040000,0.015581699999529519,0.0,1659.3369140625
dense,10000,32,1,123,0.0009394361404702067,0.95375,1.0,100000000,0,100000000,0.0,77783040000,0.016495699999723,0.0,1659.3369140625
dense,10000,32,1,124,0.0009113014093600214,0.954646875,1.0,100000000,0,100000000,0.0,77783040000,0.015414700001201709,0.0,1659.3369140625
dense,10000,32,1,125,0.0008873092592693865,0.95550625,1.0,100000000,0,100000000,0.0,77783040000,0.016300999999657506,0.0,1659.3369140625
dense,10000,32,1,126,0.0008667095098644495,0.95625,1.0,100000000,0,100000000,0.0,77783040000,0.01587949999884586,0.0,1659.3369140625
dense,10000,32,1,127,0.000848548486828804,0.956746875,1.0,100000000,0,100000000,0.0,77783040000,0.015740299999379204,0.0,1659.3369140625
dense,10000,32,1,128,0.0008319089538417757,0.956925,1.0,100000000,0,100000000,0.0,77783040000,0.015760099999170052,0.0,1659.3369140625
dense,10000,32,1,129,0.0008164771134033799,0.957325,1.0,100000000,0,100000000,0.0,77783040000,0.015790500001457985,0.0,1659.3369140625
dense,10000,32,1,130,0.0008026548894122243,0.9575875,1.0,100000000,0,100000000,0.0,77783040000,0.015501900001254398,0.0,1659.3369140625
dense,10000,32,1,131,0.0007906556711532176,0.957925,1.0,100000000,0,100000000,0.0,77783040000,0.015573099999528495,0.0,1659.3369140625
dense,10000,32,1,132,0.000779839523602277,0.958071875,1.0,100000000,0,100000000,0.0,77783040000,0.018079699999361765,0.0,1659.3369140625
dense,10000,32,1,133,0.0007692791987210512,0.9583875,1.0,100000000,0,100000000,0.0,77783040000,0.015418999999383232,0.0,1659.3369140625
dense,10000,32,1,134,0.000758869806304574,0.958884375,1.0,100000000,0,100000000,0.0,77783040000,0.01616660000036063,0.0,1659.3369140625
dense,10000,32,1,135,0.0007491409778594971,0.959190625,1.0,100000000,0,100000000,0.0,77783040000,0.01613300000099116,0.0,1659.3369140625
dense,10000,32,1,136,0.0007404888165183365,0.95964375,1.0,100000000,0,100000000,0.0,77783040000,0.016149099999893224,0.0,1659.3369140625
dense,10000,32,1,137,0.0007330426014959812,0.960028125,1.0,100000000,0,100000000,0.0,77783040000,0.015449000000444357,0.0,1659.3369140625
dense,10000,32,1,138,0.0007267561159096658,0.9605,1.0,100000000,0,100000000,0.0,77783040000,0.015795699999216595,0.0,1659.3369140625
dense,10000,32,1,139,0.0007214314537122846,0.960803125,1.0,100000000,0,100000000,0.0,77783040000,0.015812199999345466,0.0,1659.3369140625
dense,10000,32,1,140,0.0007167875301092863,0.9612375,1.0,100000000,0,100000000,0.0,77783040000,0.015506699999605189,0.0,1659.3369140625
dense,10000,32,1,141,0.0007125260308384895,0.961465625,1.0,100000000,0,100000000,0.0,77783040000,0.01587670000117214,0.0,1659.3369140625
dense,10000,32,1,142,0.0007084409589879215,0.961678125,1.0,100000000,0,100000000,0.0,77783040000,0.01634609999928216,0.0,1659.3369140625
dense,10000,32,1,143,0.0007045627571642399,0.961928125,1.0,100000000,0,100000000,0.0,77783040000,0.015640100000382517,0.0,1659.3369140625
dense,10000,32,1,144,0.0007010305416770279,0.9619875,1.0,100000000,0,100000000,0.0,77783040000,0.015544799998679082,0.0,1659.3369140625
dense,10000,32,1,145,0.0006978934397920966,0.962096875,1.0,100000000,0,100000000,0.0,77783040000,0.01653210000040417,0.0,1659.3369140625
dense,10000,32,1,146,0.0006951259565539658,0.96219375,1.0,100000000,0,100000000,0.0,77783040000,0.01549680000061926,0.0,1659.3369140625
dense,10000,32,1,147,0.0006926521309651434,0.96221875,1.0,100000000,0,100000000,0.0,77783040000,0.01569500000005064,0.0,1659.3369140625
dense,10000,32,1,148,0.0006903749890625477,0.962278125,1.0,100000000,0,100000000,0.0,77783040000,0.01634620000004361,0.0,1659.3369140625
dense,10000,32,1,149,0.0006882792222313583,0.962284375,1.0,100000000,0,100000000,0.0,77783040000,0.01587169999947946,0.0,1659.3369140625
dense,10000,32,1,150,0.0006864009774290025,0.96236875,1.0,100000000,0,100000000,0.0,77783040000,0.015476399999897694,0.0,1659.3369140625
dense,10000,32,1,151,0.0006847632466815412,0.96238125,1.0,100000000,0,100000000,0.0,77783040000,0.016741100000217557,0.0,1659.3369140625
dense,10000,32,1,152,0.0006833559018559754,0.962440625,1.0,100000000,0,100000000,0.0,77783040000,0.015645999999833293,0.0,1659.3369140625
dense,10000,32,1,153,0.0006821118877269328,0.9623875,1.0,100000000,0,100000000,0.0,77783040000,0.01585940000040864,0.0,1659.3369140625
dense,10000,32,1,154,0.0006809385959059,0.962421875,1.0,100000000,0,100000000,0.0,77783040000,0.016300999999657506,0.0,1659.3369140625
dense,10000,32,1,155,0.0006798060494475067,0.962478125,1.0,100000000,0,100000000,0.0,77783040000,0.015817600000445964,0.0,1659.3369140625
dense,10000,32,1,156,0.0006787553429603577,0.962615625,1.0,100000000,0,100000000,0.0,77783040000,0.015677000001232955,0.0,1659.3369140625
dense,10000,32,1,157,0.0006778095848858356,0.962659375,1.0,100000000,0,100000000,0.0,77783040000,0.016670900000463007,0.0,1659.3369140625
dense,10000,32,1,158,0.0006769573083147407,0.962653125,1.0,100000000,0,100000000,0.0,77783040000,0.015462100000149803,0.0,1659.3369140625
dense,10000,32,1,159,0.0006762081175111234,0.962621875,1.0,100000000,0,100000000,0.0,77783040000,0.015897100000074715,0.0,1659.3369140625
dense,10000,32,1,160,0.0006755718495696783,0.962709375,1.0,100000000,0,100000000,0.0,77783040000,0.01613510000061069,0.0,1659.3369140625
dense,10000,32,1,161,0.0006750160246156156,0.962653125,1.0,100000000,0,100000000,0.0,77783040000,0.015486500000406522,0.0,1659.3369140625
dense,10000,32,1,162,0.000674509909003973,0.962734375,1.0,100000000,0,100000000,0.0,77783040000,0.01547749999917869,0.0,1659.3369140625
dense,10000,32,1,163,0.0006740491953678429,0.962721875,1.0,100000000,0,100000000,0.0,77783040000,0.016129999999975553,0.0,1659.3369140625
dense,10000,32,1,164,0.0006736209033988416,0.96274375,1.0,100000000,0,100000000,0.0,77783040000,0.016145999999935157,0.0,1659.3369140625
dense,10000,32,1,165,0.0006732189795002341,0.962815625,1.0,100000000,0,100000000,0.0,77783040000,0.015437899999596993,0.0,1659.3369140625
dense,10000,32,1,166,0.0006728533189743757,0.962803125,1.0,100000000,0,100000000,0.0,77783040000,0.01680599999963306,0.0,1659.3369140625
dense,10000,32,1,167,0.0006725224084220827,0.962778125,1.0,100000000,0,100000000,0.0,77783040000,0.015428000000611064,0.0,1659.3369140625
dense,10000,32,1,168,0.0006722196121700108,0.962775,1.0,100000000,0,100000000,0.0,77783040000,0.016098699999929522,0.0,1659.3369140625
dense,10000,32,1,169,0.0006719438242726028,0.962715625,1.0,100000000,0,100000000,0.0,77783040000,0.016320900000209804,0.0,1659.3369140625
dense,10000,32,1,170,0.0006716974312439561,0.96271875,1.0,100000000,0,100000000,0.0,77783040000,0.016184600000997307,0.0,1659.3369140625
dense,10000,32,1,171,0.0006714780465699732,0.9627875,1.0,100000000,0,100000000,0.0,77783040000,0.015443100000993581,0.0,1659.3369140625
dense,10000,32,1,172,0.0006712793838232756,0.962803125,1.0,100000000,0,100000000,0.0,77783040000,0.016201500000533997,0.0,1659.3369140625
dense,10000,32,1,173,0.0006710989982821047,0.96279375,1.0,100000000,0,100000000,0.0,77783040000,0.015459300000657095,0.0,1659.3369140625
dense,10000,32,1,174,0.0006709368317387998,0.96280625,1.0,100000000,0,100000000,0.0,77783040000,0.015444599999682396,0.0,1659.3369140625
dense,10000,32,1,175,0.0006707913125865161,0.962796875,1.0,100000000,0,100000000,0.0,77783040000,0.0160171999996237,0.0,1659.3369140625
dense,10000,32,1,176,0.0006706619169563055,0.962796875,1.0,100000000,0,100000000,0.0,77783040000,0.015418799999679322,0.0,1659.3369140625
dense,10000,32,1,177,0.0006705477717332542,0.9628375,1.0,100000000,0,100000000,0.0,77783040000,0.016204200001084246,0.0,1659.3369140625
dense,10000,32,1,178,0.0006704471306875348,0.962840625,1.0,100000000,0,100000000,0.0,77783040000,0.016224599999986822,0.0,1659.3369140625
dense,10000,32,1,179,0.0006703559192828834,0.96285625,1.0,100000000,0,100000000,0.0,77783040000,0.015526499999396037,0.0,1659.3369140625
dense,10000,32,1,180,0.0006702718092128634,0.9629125,1.0,100000000,0,100000000,0.0,77783040000,0.015422500000568107,0.0,1659.3369140625
dense,10000,32,1,181,0.0006701939273625612,0.96286875,1.0,100000000,0,100000000,0.0,77783040000,0.016814500000691623,0.0,1659.3369140625
dense,10000,32,1,182,0.0006701225065626204,0.962821875,1.0,100000000,0,100000000,0.0,77783040000,0.01621259999956237,0.0,1659.3369140625
dense,10000,32,1,183,0.0006700560916215181,0.96286875,1.0,100000000,0,100000000,0.0,77783040000,0.016127400000186753,0.0,1659.3369140625
dense,10000,32,1,184,0.0006699947407469153,0.96284375,1.0,100000000,0,100000000,0.0,77783040000,0.016444099999716855,0.0,1659.3369140625
dense,10000,32,1,185,0.0006699406076222658,0.962840625,1.0,100000000,0,100000000,0.0,77783040000,0.01623490000019956,0.0,1659.3369140625
dense,10000,32,1,186,0.0006698929355479777,0.962815625,1.0,100000000,0,100000000,0.0,77783040000,0.01585470000100031,0.0,1659.3369140625
dense,10000,32,1,187,0.0006698492798022926,0.962871875,1.0,100000000,0,100000000,0.0,77783040000,0.016123900000820868,0.0,1659.3369140625
dense,10000,32,1,188,0.0006698091165162623,0.962890625,1.0,100000000,0,100000000,0.0,77783040000,0.01634089999970456,0.0,1659.3369140625
dense,10000,32,1,189,0.0006697733770124614,0.962865625,1.0,100000000,0,100000000,0.0,77783040000,0.015441499999724329,0.0,1659.3369140625
dense,10000,32,1,190,0.0006697431672364473,0.96285625,1.0,100000000,0,100000000,0.0,77783040000,0.016486800001075608,0.0,1659.3369140625
dense,10000,32,1,191,0.000669716449920088,0.962846875,1.0,100000000,0,100000000,0.0,77783040000,0.015875200000664336,0.0,1659.3369140625
dense,10000,32,1,192,0.0006696910713799298,0.962834375,1.0,100000000,0,100000000,0.0,77783040000,0.015437799998835544,0.0,1659.3369140625
dense,10000,32,1,193,0.0006696669734083116,0.962809375,1.0,100000000,0,100000000,0.0,77783040000,0.016061999998782994,0.0,1659.3369140625
dense,10000,32,1,194,0.0006696449127048254,0.962821875,1.0,100000000,0,100000000,0.0,77783040000,0.015860600000451086,0.0,1659.3369140625
dense,10000,32,1,195,0.0006696266937069595,0.9628,1.0,100000000,0,100000000,0.0,77783040000,0.015706099999079015,0.0,1659.3369140625
dense,10000,32,1,196,0.0006696126656606793,0.962853125,1.0,100000000,0,100000000,0.0,77783040000,0.016789299999800278,0.0,1659.3369140625
dense,10000,32,1,197,0.0006696023629046977,0.96285625,1.0,100000000,0,100000000,0.0,77783040000,0.015463400000953698,0.0,1659.3369140625
dense,10000,32,1,198,0.0006695948541164398,0.962853125,1.0,100000000,0,100000000,0.0,77783040000,0.015434599999935017,0.0,1659.3369140625
dense,10000,32,1,199,0.0006695854826830328,0.962875,1.0,100000000,0,100000000,0.0,77783040000,0.016847599999891827,0.0,1659.3369140625
dense,10000,32,1,200,0.0006695680785924196,0.962825,1.0,100000000,0,100000000,0.0,77783040000,0.01547989999926358,0.0,1659.3369140625
dense,10000,32,1,201,0.0006695487536489964,0.96281875,1.0,100000000,0,100000000,0.0,77783040000,0.015441999999893596,0.0,1659.3369140625
dense,10000,32,1,202,0.0006695388583466411,0.96280625,1.0,100000000,0,100000000,0.0,77783040000,0.016432399999757763,0.0,1659.3369140625
dense,10000,32,1,203,0.0006695383926853538,0.9628125,1.0,100000000,0,100000000,0.0,77783040000,0.01588859999901615,0.0,1659.3369140625
dense,10000,32,1,204,0.0006695382762700319,0.962834375,1.0,100000000,0,100000000,0.0,77783040000,0.015453899999556597,0.0,1659.3369140625
dense,10000,32,1,205,0.000669535540509969,0.962846875,1.0,100000000,0,100000000,0.0,77783040000,0.01690280000002531,0.0,1659.3369140625
dense,10000,32,1,206,0.0006695298943668604,0.96283125,1.0,100000000,0,100000000,0.0,77783040000,0.015482699998756289,0.0,1659.3369140625
dense,10000,32,1,207,0.0006695172050967813,0.96283125,1.0,100000000,0,100000000,0.0,77783040000,0.01567330000034417,0.0,1659.3369140625
dense,10000,32,1,208,0.0006695022457279265,0.962846875,1.0,100000000,0,100000000,0.0,77783040000,0.01633620000029623,0.0,1659.3369140625
dense,10000,32,1,209,0.0006694942712783813,0.962828125,1.0,100000000,0,100000000,0.0,77783040000,0.016051999999035615,0.0,1659.3369140625
dense,10000,32,1,210,0.000669493863824755,0.962846875,1.0,100000000,0,100000000,0.0,77783040000,0.01546770000095421,0.0,1659.3369140625
dense,10000,32,1,211,0.0006694920593872666,0.96286875,1.0,100000000,0,100000000,0.0,77783040000,0.01616670000112208,0.0,1659.3369140625
dense,10000,32,1,212,0.0006694854819215834,0.962853125,1.0,100000000,0,100000000,0.0,77783040000,0.016373700000258395,0.0,1659.3369140625
dense,10000,32,1,213,0.0006694787880405784,0.962859375,1.0,100000000,0,100000000,0.0,77783040000,0.015458600000783917,0.0,1659.3369140625
dense,10000,32,1,214,0.0006694745970889926,0.96284375,1.0,100000000,0,100000000,0.0,77783040000,0.016124700001455494,0.0,1659.3369140625
dense,10000,32,1,215,0.0006694713374599814,0.962828125,1.0,100000000,0,100000000,0.0,77783040000,0.015463000001545879,0.0,1659.3369140625
dense,10000,32,1,216,0.0006694700568914413,0.962840625,1.0,100000000,0,100000000,0.0,77783040000,0.01582849999977043,0.0,1659.3369140625
dense,10000,32,1,217,0.0006694683688692749,0.962840625,1.0,100000000,0,100000000,0.0,77783040000,0.015496300000449992,0.0,1659.3369140625
dense,10000,32,1,218,0.0006694645853713155,0.962840625,1.0,100000000,0,100000000,0.0,77783040000,0.016606899998805602,0.0,1659.3369140625
dense,10000,32,1,219,0.0006694612093269825,0.962846875,1.0,100000000,0,100000000,0.0,77783040000,0.01542420000077982,0.0,1659.3369140625
dense,10000,32,1,220,0.0006694615003652871,0.962859375,1.0,100000000,0,100000000,0.0,77783040000,0.016022499999962747,0.0,1659.3369140625
dense,10000,32,1,221,0.0006694617914035916,0.962859375,1.0,100000000,0,100000000,0.0,77783040000,0.016448600001240266,0.0,1659.3369140625
dense,10000,32,1,222,0.0006694600451737642,0.962865625,1.0,100000000,0,100000000,0.0,77783040000,0.016983400000754045,0.0,1659.3369140625
dense,10000,32,1,223,0.000669458822812885,0.962865625,1.0,100000000,0,100000000,0.0,77783040000,0.01678650000030757,0.0,1659.3369140625
dense,10000,32,1,224,0.0006694613257423043,0.9628625,1.0,100000000,0,100000000,0.0,77783040000,0.01696579999952519,0.0,1659.3369140625
dense,10000,32,1,225,0.0006694650510326028,0.962859375,1.0,100000000,0,100000000,0.0,77783040000,0.015484900000956259,0.0,1659.3369140625
dense,10000,32,1,226,0.000669466913677752,0.96285,1.0,100000000,0,100000000,0.0,77783040000,0.01607230000081472,0.0,1659.3369140625
dense,10000,32,1,227,0.0006694670300930738,0.962834375,1.0,100000000,0,100000000,0.0,77783040000,0.01614780000090832,0.0,1659.3369140625
dense,10000,32,1,228,0.0006694663898088038,0.962834375,1.0,100000000,0,100000000,0.0,77783040000,0.015717799999038107,0.0,1659.3369140625
dense,10000,32,1,229,0.0006694636540487409,0.96283125,1.0,100000000,0,100000000,0.0,77783040000,0.01547230000142008,0.0,1659.3369140625
dense,10000,32,1,230,0.0006694582989439368,0.9628375,1.0,100000000,0,100000000,0.0,77783040000,0.01608990000022459,0.0,1659.3369140625
dense,10000,32,1,231,0.0006694539915770292,0.962853125,1.0,100000000,0,100000000,0.0,77783040000,0.015519399999902816,0.0,1659.3369140625
dense,10000,32,1,232,0.0006694550393149257,0.962853125,1.0,100000000,0,100000000,0.0,77783040000,0.016048900000896538,0.0,1659.3369140625
dense,10000,32,1,233,0.0006694594048894942,0.962853125,1.0,100000000,0,100000000,0.0,77783040000,0.016152999998666928,0.0,1659.3369140625
dense,10000,32,1,234,0.0006694627809338272,0.962846875,1.0,100000000,0,100000000,0.0,77783040000,0.015431899999384768,0.0,1659.3369140625
dense,10000,32,1,235,0.0006694631301797926,0.96285,1.0,100000000,0,100000000,0.0,77783040000,0.01591579999876558,0.0,1659.3369140625
dense,10000,32,1,236,0.0006694609182886779,0.962853125,1.0,100000000,0,100000000,0.0,77783040000,0.016100299999379786,0.0,1659.3369140625
dense,10000,32,1,237,0.0006694573094137013,0.962859375,1.0,100000000,0,100000000,0.0,77783040000,0.016022899999370566,0.0,1659.3369140625
dense,10000,32,1,238,0.0006694537005387247,0.962859375,1.0,100000000,0,100000000,0.0,77783040000,0.015556800000922522,0.0,1659.3369140625
dense,10000,32,1,239,0.0006694520707242191,0.962865625,1.0,100000000,0,100000000,0.0,77783040000,0.016749399999753223,0.0,1659.3369140625
dense,10000,32,1,240,0.000669452827423811,0.962859375,1.0,100000000,0,100000000,0.0,77783040000,0.015444099999513128,0.0,1659.3369140625
dense,10000,32,1,241,0.0006694555631838739,0.9628625,1.0,100000000,0,100000000,0.0,77783040000,0.016278999999485677,0.0,1659.3369140625
dense,10000,32,1,242,0.0006694569601677358,0.962859375,1.0,100000000,0,100000000,0.0,77783040000,0.016538500000024214,0.0,1659.3369140625
dense,10000,32,1,243,0.000669456843752414,0.9628625,1.0,100000000,0,100000000,0.0,77783040000,0.016976199998680386,0.0,1659.3369140625
dense,10000,32,1,244,0.0006694584735669196,0.9628625,1.0,100000000,0,100000000,0.0,77783040000,0.015511999999944237,0.0,1659.3369140625
dense,10000,32,1,245,0.0006694647017866373,0.962859375,1.0,100000000,0,100000000,0.0,77783040000,0.016042499999457505,0.0,1659.3369140625
dense,10000,32,1,246,0.0006694745970889926,0.962859375,1.0,100000000,0,100000000,0.0,77783040000,0.016417599999840604,0.0,1659.3369140625
dense,10000,32,1,247,0.0006694812327623367,0.962853125,1.0,100000000,0,100000000,0.0,77783040000,0.015930800000205636,0.0,1659.3369140625
dense,10000,32,1,248,0.0006694779731333256,0.96285625,1.0,100000000,0,100000000,0.0,77783040000,0.015482599999813829,0.0,1659.3369140625
dense,10000,32,1,249,0.0006694642943330109,0.962853125,1.0,100000000,0,100000000,0.0,77783040000,0.01720949999980803,0.0,1659.3369140625
dense,10000,32,1,250,0.0006694504991173744,0.962846875,1.0,100000000,0,100000000,0.0,77783040000,0.01730640000096173,0.0,1659.3369140625
dense,10000,32,1,251,0.0006694482290185988,0.96285,1.0,100000000,0,100000000,0.0,77783040000,0.01719029999912891,0.0,1659.3369140625
dense,10000,32,1,252,0.0006694570183753967,0.96285,1.0,100000000,0,100000000,0.0,77783040000,0.017212900000231457,0.0,1659.3369140625
dense,10000,32,1,253,0.0006694660987704992,0.962846875,1.0,100000000,0,100000000,0.0,77783040000,0.0169941000003746,0.0,1659.3369140625
dense,10000,32,1,254,0.0006694659241475165,0.96285,1.0,100000000,0,100000000,0.0,77783040000,0.017075300000215066,0.0,1659.3369140625
dense,10000,32,1,255,0.000669458822812885,0.962853125,1.0,100000000,0,100000000,0.0,77783040000,0.016882100000657374,0.0,1659.3369140625
dense,10000,32,1,256,0.0006694541079923511,0.962846875,1.0,100000000,0,100000000,0.0,77783040000,0.017282999999224558,0.0,1659.3369140625
dense,10000,32,1,257,0.000669455504976213,0.962853125,1.0,100000000,0,100000000,0.0,77783040000,0.01657549999981711,0.0,1659.3369140625
dense,10000,32,1,258,0.0006694557960145175,0.962859375,1.0,100000000,0,100000000,0.0,77783040000,0.0182187000009435,0.0,1659.3369140625
dense,10000,32,1,259,0.0006694517796859145,0.962853125,1.0,100000000,0,100000000,0.0,77783040000,0.017273900000873255,0.0,1659.3369140625
dense,10000,32,1,260,0.0006694470066577196,0.962859375,1.0,100000000,0,100000000,0.0,77783040000,0.016524099999514874,0.0,1659.3369140625
dense,10000,32,1,261,0.0006694471230730414,0.962859375,1.0,100000000,0,100000000,0.0,77783040000,0.016492700000526384,0.0,1659.3369140625
dense,10000,32,1,262,0.0006694508483633399,0.962859375,1.0,100000000,0,100000000,0.0,77783040000,0.016801900001155445,0.0,1659.3369140625
dense,10000,32,1,263,0.000669451430439949,0.962853125,1.0,100000000,0,100000000,0.0,77783040000,0.01702360000126646,0.0,1659.3369140625
dense,10000,32,1,264,0.0006694479961879551,0.96285625,1.0,100000000,0,100000000,0.0,77783040000,0.017445699999370845,0.0,1659.3369140625
dense,10000,32,1,265,0.0006694451440125704,0.96285625,1.0,100000000,0,100000000,0.0,77783040000,0.01650330000120448,0.0,1659.3369140625
dense,10000,32,1,266,0.0006694463663734496,0.96285625,1.0,100000000,0,100000000,0.0,77783040000,0.01678840000022319,0.0,1659.3369140625
dense,10000,32,1,267,0.0006694495095871389,0.96285625,1.0,100000000,0,100000000,0.0,77783040000,0.0166557999982615,0.0,1659.3369140625
dense,10000,32,1,268,0.0006694503244943917,0.962859375,1.0,100000000,0,100000000,0.0,77783040000,0.01710360000106448,0.0,1659.3369140625
dense,10000,32,1,269,0.0006694491021335125,0.962853125,1.0,100000000,0,100000000,0.0,77783040000,0.01805869999952847,0.0,1659.3369140625
dense,10000,32,1,270,0.0006694501498714089,0.96285625,1.0,100000000,0,100000000,0.0,77783040000,0.017116699998950935,0.0,1659.3369140625
dense,10000,32,1,271,0.0006694545154459774,0.96285625,1.0,100000000,0,100000000,0.0,77783040000,0.016700899999705143,0.0,1659.3369140625
dense,10000,32,1,272,0.0006694601033814251,0.962859375,1.0,100000000,0,100000000,0.0,77783040000,0.01740109999991546,0.0,1659.3369140625
dense,10000,32,1,273,0.0006694633048027754,0.96285625,1.0,100000000,0,100000000,0.0,77783040000,0.01766459999998915,0.0,1659.3369140625
dense,10000,32,1,274,0.0006694633048027754,0.962853125,1.0,100000000,0,100000000,0.0,77783040000,0.016533600000911974,0.0,1659.3369140625
dense,10000,32,1,275,0.00066946359584108,0.96285,1.0,100000000,0,100000000,0.0,77783040000,0.016552999999476015,0.0,1659.3369140625
dense,10000,32,1,276,0.0006694662151858211,0.962853125,1.0,100000000,0,100000000,0.0,77783040000,0.01694580000003043,0.0,1659.3369140625
dense,10000,32,1,277,0.0006694693583995104,0.96285625,1.0,100000000,0,100000000,0.0,77783040000,0.017377500000293367,0.0,1659.3369140625
dense,10000,32,1,278,0.0006694691255688667,0.962853125,1.0,100000000,0,100000000,0.0,77783040000,0.016567700000450714,0.0,1659.3369140625
dense,10000,32,1,279,0.0006694634212180972,0.96285625,1.0,100000000,0,100000000,0.0,77783040000,0.016523299998880248,0.0,1659.3369140625
dense,10000,32,1,280,0.0006694539915770292,0.96285625,1.0,100000000,0,100000000,0.0,77783040000,0.01705949999995937,0.0,1659.3369140625
dense,10000,32,1,281,0.0006694465409964323,0.96285625,1.0,100000000,0,100000000,0.0,77783040000,0.016731800000343355,0.0,1659.3369140625
dense,10000,32,1,282,0.0006694463081657887,0.962853125,1.0,100000000,0,100000000,0.0,77783040000,0.017180200000439072,0.0,1659.3369140625
dense,10000,32,1,283,0.0006694520707242191,0.96285625,1.0,100000000,0,100000000,0.0,77783040000,0.01740299999983108,0.0,1659.3369140625
dense,10000,32,1,284,0.0006694569601677358,0.96285625,1.0,100000000,0,100000000,0.0,77783040000,0.01737630000025092,0.0,1659.3369140625
dense,10000,32,1,285,0.0006694552721455693,0.96285625,1.0,100000000,0,100000000,0.0,77783040000,0.016630899999654503,0.0,1659.3369140625
dense,10000,32,1,286,0.0006694489275105298,0.96285625,1.0,100000000,0,100000000,0.0,77783040000,0.01643800000056217,0.0,1659.3369140625
dense,10000,32,1,287,0.0006694457842968404,0.962853125,1.0,100000000,0,100000000,0.0,77783040000,0.01647400000001653,0.0,1659.3369140625
dense,10000,32,1,288,0.0006694493349641562,0.96285625,1.0,100000000,0,100000000,0.0,77783040000,0.015570300000035786,0.0,1659.3369140625
dense,10000,32,1,289,0.0006694565527141094,0.962853125,1.0,100000000,0,100000000,0.0,77783040000,0.015524599999480415,0.0,1659.3369140625
dense,10000,32,1,290,0.0006694617914035916,0.96285625,1.0,100000000,0,100000000,0.0,77783040000,0.01672069999949599,0.0,1659.3369140625
dense,10000,32,1,291,0.0006694643525406718,0.96285,1.0,100000000,0,100000000,0.0,77783040000,0.015695999998570187,0.0,1659.3369140625
dense,10000,32,1,292,0.0006694672629237175,0.962859375,1.0,100000000,0,100000000,0.0,77783040000,0.015873399999691173,0.0,1659.3369140625
dense,10000,32,1,293,0.0006694717449136078,0.962853125,1.0,100000000,0,100000000,0.0,77783040000,0.016161200001079123,0.0,1659.3369140625
dense,10000,32,1,294,0.000669473665766418,0.962859375,1.0,100000000,0,100000000,0.0,77783040000,0.015880200000538025,0.0,1659.3369140625
dense,10000,32,1,295,0.000669470289722085,0.962853125,1.0,100000000,0,100000000,0.0,77783040000,0.015751799999634386,0.0,1659.3369140625
dense,10000,32,1,296,0.0006694640032947063,0.962859375,1.0,100000000,0,100000000,0.0,77783040000,0.01664829999936046,0.0,1659.3369140625
dense,10000,32,1,297,0.0006694625481031835,0.962853125,1.0,100000000,0,100000000,0.0,77783040000,0.016912799999772687,0.0,1659.3369140625
dense,10000,32,1,298,0.0006694701150991023,0.962865625,1.0,100000000,0,100000000,0.0,77783040000,0.015413200000693905,0.0,1659.3369140625
dense,10000,32,1,299,0.0006694811745546758,0.96285,1.0,100000000,0,100000000,0.0,77783040000,0.017066200000044773,0.0,1659.3369140625
dense,10000,32,1,300,0.0006694866460748017,0.962859375,1.0,100000000,0,100000000,0.0,77783040000,0.016076100000645965,0.0,1659.3369140625
dense,10000,32,1,301,0.0006694804760627449,0.96285,1.0,100000000,0,100000000,0.0,77783040000,0.015468400000827387,0.0,1659.3369140625
dense,10000,32,1,302,0.0006694663316011429,0.96285625,1.0,100000000,0,100000000,0.0,77783040000,0.016605400000116788,0.0,1659.3369140625
dense,10000,32,1,303,0.0006694534095004201,0.96285,1.0,100000000,0,100000000,0.0,77783040000,0.016654000000926317,0.0,1659.3369140625
dense,10000,32,1,304,0.0006694490439258516,0.962853125,1.0,100000000,0,100000000,0.0,77783040000,0.01543860000128916,0.0,1659.3369140625
dense,10000,32,1,305,0.0006694531184621155,0.962859375,1.0,100000000,0,100000000,0.0,77783040000,0.016799299999547657,0.0,1659.3369140625
dense,10000,32,1,306,0.0006694604526273906,0.96285,1.0,100000000,0,100000000,0.0,77783040000,0.015463599998838617,0.0,1659.3369140625
dense,10000,32,1,307,0.0006694641197100282,0.96285625,1.0,100000000,0,100000000,0.0,77783040000,0.016490200001499034,0.0,1659.3369140625
dense,10000,32,1,308,0.0006694620242342353,0.96285,1.0,100000000,0,100000000,0.0,77783040000,0.0156927000007272,0.0,1659.3369140625
dense,10000,32,1,309,0.0006694559124298394,0.96285625,1.0,100000000,0,100000000,0.0,77783040000,0.016473300000143354,0.0,1659.3369140625
dense,10000,32,1,310,0.0006694518961012363,0.962853125,1.0,100000000,0,100000000,0.0,77783040000,0.015434599999935017,0.0,1659.3369140625
dense,10000,32,1,311,0.0006694522453472018,0.96285625,1.0,100000000,0,100000000,0.0,77783040000,0.01650309999968158,0.0,1659.3369140625
dense,10000,32,1,312,0.0006694547482766211,0.96285625,1.0,100000000,0,100000000,0.0,77783040000,0.015963199999532662,0.0,1659.3369140625
dense,10000,32,1,313,0.0006694559124298394,0.962853125,1.0,100000000,0,100000000,0.0,77783040000,0.015480600000955747,0.0,1659.3369140625
dense,10000,32,1,314,0.0006694537587463856,0.962859375,1.0,100000000,0,100000000,0.0,77783040000,0.01641640000161715,0.0,1659.3369140625
dense,10000,32,1,315,0.0006694500334560871,0.962853125,1.0,100000000,0,100000000,0.0,77783040000,0.01577299999917159,0.0,1659.3369140625
dense,10000,32,1,316,0.0006694478797726333,0.962853125,1.0,100000000,0,100000000,0.0,77783040000,0.015477999999347958,0.0,1659.3369140625
dense,10000,32,1,317,0.0006694489857181907,0.96285625,1.0,100000000,0,100000000,0.0,77783040000,0.01716360000136774,0.0,1659.3369140625
dense,10000,32,1,318,0.0006694515468552709,0.962853125,1.0,100000000,0,100000000,0.0,77783040000,0.016789600000265636,0.0,1659.3369140625
dense,10000,32,1,319,0.0006694530602544546,0.962859375,1.0,100000000,0,100000000,0.0,77783040000,0.015471599999727914,0.0,1659.3369140625
dense,10000,32,1,320,0.0006694528856314719,0.962853125,1.0,100000000,0,100000000,0.0,77783040000,0.016227899999648798,0.0,1659.3369140625
dense,10000,32,1,321,0.0006694512558169663,0.962859375,1.0,100000000,0,100000000,0.0,77783040000,0.016071399999418645,0.0,1659.3369140625
dense,10000,32,1,322,0.0006694504409097135,0.962853125,1.0,100000000,0,100000000,0.0,77783040000,0.015777999999045278,0.0,1659.3369140625
dense,10000,32,1,323,0.0006694520125165582,0.96285625,1.0,100000000,0,100000000,0.0,77783040000,0.015524099999311147,0.0,1659.3369140625
dense,10000,32,1,324,0.0006694573676213622,0.962853125,1.0,100000000,0,100000000,0.0,77783040000,0.01638730000013311,0.0,1659.3369140625
dense,10000,32,1,325,0.0006694666808471084,0.96285625,1.0,100000000,0,100000000,0.0,77783040000,0.015723700000307872,0.0,1659.3369140625
dense,10000,32,1,326,0.0006694789044559002,0.96285625,1.0,100000000,0,100000000,0.0,77783040000,0.016073599999799626,0.0,1659.3369140625
dense,10000,32,1,327,0.000669491826556623,0.96285625,1.0,100000000,0,100000000,0.0,77783040000,0.016119599999001366,0.0,1659.3369140625
dense,10000,32,1,328,0.000669499859213829,0.96285625,1.0,100000000,0,100000000,0.0,77783040000,0.01546049999888055,0.0,1659.3369140625
dense,10000,32,1,329,0.0006694986368529499,0.962853125,1.0,100000000,0,100000000,0.0,77783040000,0.017099799999414245,0.0,1659.3369140625
dense,10000,32,1,330,0.0006694894982501864,0.962859375,1.0,100000000,0,100000000,0.0,77783040000,0.01582339999913529,0.0,1659.3369140625
dense,10000,32,1,331,0.0006694809999316931,0.962853125,1.0,100000000,0,100000000,0.0,77783040000,0.01567120000072464,0.0,1659.3369140625
dense,10000,32,1,332,0.0006694797775708139,0.962859375,1.0,100000000,0,100000000,0.0,77783040000,0.0161381000016263,0.0,1659.3369140625
dense,10000,32,1,333,0.0006694832700304687,0.962846875,1.0,100000000,0,100000000,0.0,77783040000,0.016473699999551172,0.0,1659.3369140625
dense,10000,32,1,334,0.0006694836774840951,0.962859375,1.0,100000000,0,100000000,0.0,77783040000,0.015747900000860682,0.0,1659.3369140625
dense,10000,32,1,335,0.0006694772746413946,0.962853125,1.0,100000000,0,100000000,0.0,77783040000,0.01590770000075281,0.0,1659.3369140625
dense,10000,32,1,336,0.0006694685434922576,0.96285625,1.0,100000000,0,100000000,0.0,77783040000,0.015821400000277208,0.0,1659.3369140625
dense,10000,32,1,337,0.0006694661569781601,0.96285,1.0,100000000,0,100000000,0.0,77783040000,0.01633419999961916,0.0,1659.3369140625
dense,10000,32,1,338,0.0006694745388813317,0.962853125,1.0,100000000,0,100000000,0.0,77783040000,0.016335899999830872,0.0,1659.3369140625
dense,10000,32,1,339,0.000669487752020359,0.962853125,1.0,100000000,0,100000000,0.0,77783040000,0.015734700000393786,0.0,1659.3369140625
dense,10000,32,1,340,0.0006694965995848179,0.962859375,1.0,100000000,0,100000000,0.0,77783040000,0.015469099998881575,0.0,1659.3369140625
dense,10000,32,1,341,0.0006694974726997316,0.96285625,1.0,100000000,0,100000000,0.0,77783040000,0.015674099999159807,0.0,1659.3369140625
dense,10000,32,1,342,0.0006694986950606108,0.96285625,1.0,100000000,0,100000000,0.0,77783040000,0.016933499999140622,0.0,1659.3369140625
dense,10000,32,1,343,0.0006695089396089315,0.96285625,1.0,100000000,0,100000000,0.0,77783040000,0.015543499999694177,0.0,1659.3369140625
dense,10000,32,1,344,0.0006695230840705335,0.962853125,1.0,100000000,0,100000000,0.0,77783040000,0.015524899999945774,0.0,1659.3369140625
dense,10000,32,1,345,0.0006695318734273314,0.962859375,1.0,100000000,0,100000000,0.0,77783040000,0.0157824999987497,0.0,1659.3369140625
dense,10000,32,1,346,0.0006695329793728888,0.962859375,1.0,100000000,0,100000000,0.0,77783040000,0.016012699999919278,0.0,1659.3369140625
dense,10000,32,1,347,0.0006695272168144584,0.96285,1.0,100000000,0,100000000,0.0,77783040000,0.015514500000790576,0.0,1659.3369140625
dense,10000,32,1,348,0.0006695173215121031,0.96285625,1.0,100000000,0,100000000,0.0,77783040000,0.01666750000003958,0.0,1659.3369140625
dense,10000,32,1,349,0.000669509987346828,0.962859375,1.0,100000000,0,100000000,0.0,77783040000,0.015451700000994606,0.0,1659.3369140625
dense,10000,32,1,350,0.0006695144693367183,0.962853125,1.0,100000000,0,100000000,0.0,77783040000,0.01628799999889452,0.0,1659.3369140625
dense,10000,32,1,351,0.0006695306510664523,0.96285625,1.0,100000000,0,100000000,0.0,77783040000,0.016325999999025953,0.0,1659.3369140625
dense,10000,32,1,352,0.0006695392658002675,0.962846875,1.0,100000000,0,100000000,0.0,77783040000,0.015435400000569643,0.0,1659.3369140625
dense,10000,32,1,353,0.0006695225602015853,0.962859375,1.0,100000000,0,100000000,0.0,77783040000,0.01548709999951825,0.0,1659.3369140625
dense,10000,32,1,354,0.0006694957846775651,0.962846875,1.0,100000000,0,100000000,0.0,77783040000,0.01545330000044487,0.0,1659.3369140625
dense,10000,32,1,355,0.0006694928742945194,0.962865625,1.0,100000000,0,100000000,0.0,77783040000,0.01618129999951634,0.0,1659.3369140625
dense,10000,32,1,356,0.0006695188931189477,0.962853125,1.0,100000000,0,100000000,0.0,77783040000,0.015435199999046745,0.0,1659.3369140625
dense,10000,32,1,357,0.0006695448537357152,0.962865625,1.0,100000000,0,100000000,0.0,77783040000,0.01584980000006908,0.0,1659.3369140625
dense,10000,32,1,358,0.0006695485790260136,0.962853125,1.0,100000000,0,100000000,0.0,77783040000,0.015800999999555643,0.0,1659.3369140625
dense,10000,32,1,359,0.0006695378106087446,0.9628625,1.0,100000000,0,100000000,0.0,77783040000,0.01672129999860772,0.0,1659.3369140625
dense,10000,32,1,360,0.0006695336778648198,0.962859375,1.0,100000000,0,100000000,0.0,77783040000,0.015463300000192248,0.0,1659.3369140625
dense,10000,32,1,361,0.0006695438059978187,0.96285625,1.0,100000000,0,100000000,0.0,77783040000,0.01678170000013779,0.0,1659.3369140625
dense,10000,32,1,362,0.0006695567863062024,0.962859375,1.0,100000000,0,100000000,0.0,77783040000,0.015426300000399351,0.0,1659.3369140625
dense,10000,32,1,363,0.0006695498013868928,0.96285,1.0,100000000,0,100000000,0.0,77783040000,0.016066700000010314,0.0,1659.3369140625
dense,10000,32,1,364,0.0006695176707580686,0.962859375,1.0,100000000,0,100000000,0.0,77783040000,0.0164982999995118,0.0,1659.3369140625
dense,10000,32,1,365,0.0006694888579659164,0.96285,1.0,100000000,0,100000000,0.0,77783040000,0.015427799999088165,0.0,1659.3369140625
dense,10000,32,1,366,0.0006694859475828707,0.962853125,1.0,100000000,0,100000000,0.0,77783040000,0.015460100001291721,0.0,1659.3369140625
dense,10000,32,1,367,0.0006694966577924788,0.96285625,1.0,100000000,0,100000000,0.0,77783040000,0.01611400000001595,0.0,1659.3369140625
dense,10000,32,1,368,0.0006694976473227143,0.962853125,1.0,100000000,0,100000000,0.0,77783040000,0.01570689999971364,0.0,1659.3369140625
dense,10000,32,1,369,0.0006694846088066697,0.962853125,1.0,100000000,0,100000000,0.0,77783040000,0.015460700000403449,0.0,1659.3369140625
dense,10000,32,1,370,0.0006694773328490555,0.96285625,1.0,100000000,0,100000000,0.0,77783040000,0.016142000000400003,0.0,1659.3369140625
dense,10000,32,1,371,0.0006694834446534514,0.96285625,1.0,100000000,0,100000000,0.0,77783040000,0.01543860000128916,0.0,1659.3369140625
dense,10000,32,1,372,0.000669489789288491,0.96285625,1.0,100000000,0,100000000,0.0,77783040000,0.015558500001134234,0.0,1659.3369140625
dense,10000,32,1,373,0.0006694879266433418,0.96284375,1.0,100000000,0,100000000,0.0,77783040000,0.016108399999211542,0.0,1659.3369140625
dense,10000,32,1,374,0.0006694881012663245,0.962865625,1.0,100000000,0,100000000,0.0,77783040000,0.016020699998989585,0.0,1659.3369140625
dense,10000,32,1,375,0.0006694994517602026,0.962853125,1.0,100000000,0,100000000,0.0,77783040000,0.015434099999765749,0.0,1659.3369140625
dense,10000,32,1,376,0.0006695139454677701,0.9628625,1.0,100000000,0,100000000,0.0,77783040000,0.016497300000992254,0.0,1659.3369140625
dense,10000,32,1,377,0.0006695194751955569,0.962846875,1.0,100000000,0,100000000,0.0,77783040000,0.015698599998358986,0.0,1659.3369140625
dense,10000,32,1,378,0.0006695156334899366,0.962859375,1.0,100000000,0,100000000,0.0,77783040000,0.01615529999980936,0.0,1659.3369140625
dense,10000,32,1,379,0.0006695084157399833,0.962853125,1.0,100000000,0,100000000,0.0,77783040000,0.016116799999508657,0.0,1659.3369140625
dense,10000,32,1,380,0.0006694999756291509,0.962859375,1.0,100000000,0,100000000,0.0,77783040000,0.015861300000324263,0.0,1659.3369140625
dense,10000,32,1,381,0.0006694922340102494,0.96285,1.0,100000000,0,100000000,0.0,77783040000,0.015452100000402424,0.0,1659.3369140625
dense,10000,32,1,382,0.0006694914191029966,0.962859375,1.0,100000000,0,100000000,0.0,77783040000,0.016283999999359366,0.0,1659.3369140625
dense,10000,32,1,383,0.0006695027695968747,0.962859375,1.0,100000000,0,100000000,0.0,77783040000,0.01613589999942633,0.0,1659.3369140625
dense,10000,32,1,384,0.0006695176125504076,0.96285625,1.0,100000000,0,100000000,0.0,77783040000,0.015457600000445382,0.0,1659.3369140625
dense,10000,32,1,385,0.0006695210468024015,0.962859375,1.0,100000000,0,100000000,0.0,77783040000,0.016121699998620898,0.0,1659.3369140625
dense,10000,32,1,386,0.0006695118499919772,0.96285625,1.0,100000000,0,100000000,0.0,77783040000,0.015482999999221647,0.0,1659.3369140625
dense,10000,32,1,387,0.0006695013144053519,0.962859375,1.0,100000000,0,100000000,0.0,77783040000,0.01646189999883063,0.0,1659.3369140625
dense,10000,32,1,388,0.0006694967160001397,0.96285625,1.0,100000000,0,100000000,0.0,77783040000,0.015495800000280724,0.0,1659.3369140625
dense,10000,32,1,389,0.000669494504109025,0.962853125,1.0,100000000,0,100000000,0.0,77783040000,0.018039200000202982,0.0,1659.3369140625
dense,10000,32,1,390,0.0006694913026876748,0.962859375,1.0,100000000,0,100000000,0.0,77783040000,0.015505000001212466,0.0,1659.3369140625
dense,10000,32,1,391,0.0006694882176816463,0.962846875,1.0,100000000,0,100000000,0.0,77783040000,0.0164426999999705,0.0,1659.3369140625
dense,10000,32,1,392,0.0006694919429719448,0.962859375,1.0,100000000,0,100000000,0.0,77783040000,0.01590550000037183,0.0,1659.3369140625
dense,10000,32,1,393,0.0006695025367662311,0.96285,1.0,100000000,0,100000000,0.0,77783040000,0.015741600000183098,0.0,1659.3369140625
dense,10000,32,1,394,0.0006695152842439711,0.962859375,1.0,100000000,0,100000000,0.0,77783040000,0.016739300001063384,0.0,1659.3369140625
dense,10000,32,1,395,0.0006695258780382574,0.962853125,1.0,100000000,0,100000000,0.0,77783040000,0.01587870000003022,0.0,1659.3369140625
dense,10000,32,1,396,0.0006695345509797335,0.96285625,1.0,100000000,0,100000000,0.0,77783040000,0.015474399999220623,0.0,1659.3369140625
dense,10000,32,1,397,0.0006695458432659507,0.96285625,1.0,100000000,0,100000000,0.0,77783040000,0.016340000000127475,0.0,1659.3369140625
dense,10000,32,1,398,0.0006695616175420582,0.96285625,1.0,100000000,0,100000000,0.0,77783040000,0.016246199998931843,0.0,1659.3369140625
dense,10000,32,1,399,0.000669574539642781,0.96285625,1.0,100000000,0,100000000,0.0,77783040000,0.015477799999644049,0.0,1659.3369140625
dense,10000,32,1,400,0.0006695751217193902,0.962859375,1.0,100000000,0,100000000,0.0,77783040000,0.016163100000994746,0.0,1659.3369140625
dense,10000,32,1,401,0.000669559754896909,0.96285,1.0,100000000,0,100000000,0.0,77783040000,0.015993999999409425,0.0,1659.3369140625
dense,10000,32,1,402,0.0006695393822155893,0.96285625,1.0,100000000,0,100000000,0.0,77783040000,0.016037400000641355,0.0,1659.3369140625
dense,10000,32,1,403,0.000669531465973705,0.962853125,1.0,100000000,0,100000000,0.0,77783040000,0.015522800000326242,0.0,1659.3369140625
dense,10000,32,1,404,0.0006695435149595141,0.962859375,1.0,100000000,0,100000000,0.0,77783040000,0.016693399998985115,0.0,1659.3369140625
dense,10000,32,1,405,0.0006695685442537069,0.962853125,1.0,100000000,0,100000000,0.0,77783040000,0.015426199999637902,0.0,1659.3369140625
dense,10000,32,1,406,0.0006695906049571931,0.962853125,1.0,100000000,0,100000000,0.0,77783040000,0.016356400001313887,0.0,1659.3369140625
dense,10000,32,1,407,0.0006695992778986692,0.962853125,1.0,100000000,0,100000000,0.0,77783040000,0.016100400000141235,0.0,1659.3369140625
dense,10000,32,1,408,0.0006695922929793596,0.96285625,1.0,100000000,0,100000000,0.0,77783040000,0.016042600000218954,0.0,1659.3369140625
dense,10000,32,1,409,0.0006695723277516663,0.962853125,1.0,100000000,0,100000000,0.0,77783040000,0.015498199998546625,0.0,1659.3369140625
dense,10000,32,1,410,0.0006695453193970025,0.96285625,1.0,100000000,0,100000000,0.0,77783040000,0.01602939999975206,0.0,1659.3369140625
dense,10000,32,1,411,0.0006695216288790107,0.962853125,1.0,100000000,0,100000000,0.0,77783040000,0.015606400000251597,0.0,1659.3369140625
dense,10000,32,1,412,0.0006695102783851326,0.96284375,1.0,100000000,0,100000000,0.0,77783040000,0.015515499999310123,0.0,1659.3369140625
dense,10000,32,1,413,0.0006695110350847244,0.962853125,1.0,100000000,0,100000000,0.0,77783040000,0.01674310000089463,0.0,1659.3369140625
dense,10000,32,1,414,0.0006695176125504076,0.962853125,1.0,100000000,0,100000000,0.0,77783040000,0.01545310000074096,0.0,1659.3369140625
dense,10000,32,1,415,0.0006695215124636889,0.96285,1.0,100000000,0,100000000,0.0,77783040000,0.016221099998801947,0.0,1659.3369140625
dense,10000,32,1,416,0.0006695170886814594,0.962846875,1.0,100000000,0,100000000,0.0,77783040000,0.016127899998537032,0.0,1659.3369140625
dense,10000,32,1,417,0.0006695030024275184,0.962853125,1.0,100000000,0,100000000,0.0,77783040000,0.016385500000978936,0.0,1659.3369140625
dense,10000,32,1,418,0.0006694874609820545,0.962853125,1.0,100000000,0,100000000,0.0,77783040000,0.015495599998757825,0.0,1659.3369140625
dense,10000,32,1,419,0.0006694783223792911,0.962859375,1.0,100000000,0,100000000,0.0,77783040000,0.01651759999913338,0.0,1659.3369140625
dense,10000,32,1,420,0.0006694774492643774,0.962853125,1.0,100000000,0,100000000,0.0,77783040000,0.015872699999817996,0.0,1659.3369140625
dense,10000,32,1,421,0.0006694825715385377,0.962853125,1.0,100000000,0,100000000,0.0,77783040000,0.016138599999976577,0.0,1659.3369140625
dense,10000,32,1,422,0.000669487752020359,0.962853125,1.0,100000000,0,100000000,0.0,77783040000,0.01608240000132355,0.0,1659.3369140625
dense,10000,32,1,423,0.0006694928160868585,0.962859375,1.0,100000000,0,100000000,0.0,77783040000,0.015973999999914668,0.0,1659.3369140625
dense,10000,32,1,424,0.000669499859213829,0.962846875,1.0,100000000,0,100000000,0.0,77783040000,0.015802699999767356,0.0,1659.3369140625
dense,10000,32,1,425,0.0006695103365927935,0.9628625,1.0,100000000,0,100000000,0.0,77783040000,0.01631739999902493,0.0,1659.3369140625
dense,10000,32,1,426,0.0006695221527479589,0.96284375,1.0,100000000,0,100000000,0.0,77783040000,0.016644199999063858,0.0,1659.3369140625
dense,10000,32,1,427,0.0006695310003124177,0.962865625,1.0,100000000,0,100000000,0.0,77783040000,0.016930300000240095,0.0,1659.3369140625
dense,10000,32,1,428,0.0006695342599414289,0.96284375,1.0,100000000,0,100000000,0.0,77783040000,0.01698439999927359,0.0,1659.3369140625
dense,10000,32,1,429,0.0006695333286188543,0.9628625,1.0,100000000,0,100000000,0.0,77783040000,0.01642829999946116,0.0,1659.3369140625
dense,10000,32,1,430,0.0006695329211652279,0.962840625,1.0,100000000,0,100000000,0.0,77783040000,0.016417299999375246,0.0,1659.3369140625
dense,10000,32,1,431,0.0006695418851450086,0.96285,1.0,100000000,0,100000000,0.0,77783040000,0.01732609999999113,0.0,1659.3369140625
dense,10000,32,1,432,0.000669566448777914,0.962853125,1.0,100000000,0,100000000,0.0,77783040000,0.016638299999613082,0.0,1659.3369140625
dense,10000,32,1,433,0.0006696048658341169,0.96284375,1.0,100000000,0,100000000,0.0,77783040000,0.016867699998329044,0.0,1659.3369140625
dense,10000,32,1,434,0.0006696405471302569,0.962853125,1.0,100000000,0,100000000,0.0,77783040000,0.01695350000045437,0.0,1659.3369140625
dense,10000,32,1,435,0.0006696474156342447,0.96284375,1.0,100000000,0,100000000,0.0,77783040000,0.01716139999916777,0.0,1659.3369140625
dense,10000,32,1,436,0.0006696191849187016,0.962853125,1.0,100000000,0,100000000,0.0,77783040000,0.017167199999676086,0.0,1659.3369140625
dense,10000,32,1,437,0.0006695865886285901,0.962853125,1.0,100000000,0,100000000,0.0,77783040000,0.017136399999799323,0.0,1659.3369140625
dense,10000,32,1,438,0.0006695871124975383,0.962846875,1.0,100000000,0,100000000,0.0,77783040000,0.01775660000021162,0.0,1659.3369140625
dense,10000,32,1,439,0.0006696253549307585,0.96286875,1.0,100000000,0,100000000,0.0,77783040000,0.016489599998749327,0.0,1659.3369140625
dense,10000,32,1,440,0.0006696709897369146,0.962840625,1.0,100000000,0,100000000,0.0,77783040000,0.016721899999538437,0.0,1659.3369140625
dense,10000,32,1,441,0.0006696837954223156,0.962875,1.0,100000000,0,100000000,0.0,77783040000,0.017120799999247538,0.0,1659.3369140625
dense,10000,32,1,442,0.0006696497439406812,0.96284375,1.0,100000000,0,100000000,0.0,77783040000,0.016862200000105076,0.0,1659.3369140625
dense,10000,32,1,443,0.000669598113745451,0.962875,1.0,100000000,0,100000000,0.0,77783040000,0.0165249000001495,0.0,1659.3369140625
dense,10000,32,1,444,0.0006695685442537069,0.962853125,1.0,100000000,0,100000000,0.0,77783040000,0.016782400000010966,0.0,1659.3369140625
dense,10000,32,1,445,0.0006695698830299079,0.9628625,1.0,100000000,0,100000000,0.0,77783040000,0.017544199999974808,0.0,1659.3369140625
dense,10000,32,1,446,0.0006695816991850734,0.962859375,1.0,100000000,0,100000000,0.0,77783040000,0.017070200001398916,0.0,1659.3369140625
dense,10000,32,1,447,0.0006695814081467688,0.9628375,1.0,100000000,0,100000000,0.0,77783040000,0.016850900001372793,0.0,1659.3369140625
dense,10000,32,1,448,0.0006695680203847587,0.96285625,1.0,100000000,0,100000000,0.0,77783040000,0.017031600000336766,0.0,1659.3369140625
dense,10000,32,1,449,0.0006695560878142715,0.962846875,1.0,100000000,0,100000000,0.0,77783040000,0.016947500000242144,0.0,1659.3369140625
dense,10000,32,1,450,0.0006695549818687141,0.962865625,1.0,100000000,0,100000000,0.0,77783040000,0.01658029999998689,0.0,1659.3369140625
dense,10000,32,1,451,0.0006695600459352136,0.962846875,1.0,100000000,0,100000000,0.0,77783040000,0.016501599999173777,0.0,1659.3369140625
dense,10000,32,1,452,0.0006695601041428745,0.962859375,1.0,100000000,0,100000000,0.0,77783040000,0.017143499999292544,0.0,1659.3369140625
dense,10000,32,1,453,0.0006695515476167202,0.96284375,1.0,100000000,0,100000000,0.0,77783040000,0.01721969999925932,0.0,1659.3369140625
dense,10000,32,1,454,0.0006695394404232502,0.96285625,1.0,100000000,0,100000000,0.0,77783040000,0.01704729999983101,0.0,1659.3369140625
dense,10000,32,1,455,0.0006695303600281477,0.96285625,1.0,100000000,0,100000000,0.0,77783040000,0.016920499998377636,0.0,1659.3369140625
dense,10000,32,1,456,0.0006695273914374411,0.962853125,1.0,100000000,0,100000000,0.0,77783040000,0.01784600000064529,0.0,1659.3369140625
dense,10000,32,1,457,0.0006695260526612401,0.962846875,1.0,100000000,0,100000000,0.0,77783040000,0.01654889999917941,0.0,1659.3369140625
dense,10000,32,1,458,0.0006695245974697173,0.962853125,1.0,100000000,0,100000000,0.0,77783040000,0.01656890000049316,0.0,1659.3369140625
dense,10000,32,1,459,0.0006695257616229355,0.96285625,1.0,100000000,0,100000000,0.0,77783040000,0.01721939999879396,0.0,1659.3369140625
dense,10000,32,1,460,0.000669532862957567,0.96284375,1.0,100000000,0,100000000,0.0,77783040000,0.016939400000410387,0.0,1659.3369140625
dense,10000,32,1,461,0.0006695443880744278,0.96285625,1.0,100000000,0,100000000,0.0,77783040000,0.01675760000034643,0.0,1659.3369140625
dense,10000,32,1,462,0.000669555040076375,0.96285,1.0,100000000,0,100000000,0.0,77783040000,0.017034299999068025,0.0,1659.3369140625
dense,10000,32,1,463,0.0006695624906569719,0.9628625,1.0,100000000,0,100000000,0.0,77783040000,0.015721300000222982,0.0,1659.3369140625
dense,10000,32,1,464,0.0006695680785924196,0.96285,1.0,100000000,0,100000000,0.0,77783040000,0.01576520000162418,0.0,1659.3369140625
dense,10000,32,1,465,0.0006695759948343039,0.962859375,1.0,100000000,0,100000000,0.0,77783040000,0.016443700000309036,0.0,1659.3369140625
dense,10000,32,1,466,0.0006695874035358429,0.962846875,1.0,100000000,0,100000000,0.0,77783040000,0.01681319999988773,0.0,1659.3369140625
dense,10000,32,1,467,0.0006696034106425941,0.96285625,1.0,100000000,0,100000000,0.0,77783040000,0.01546049999888055,0.0,1659.3369140625
dense,10000,32,1,468,0.0006696197087876499,0.9628375,1.0,100000000,0,100000000,0.0,77783040000,0.015481399999771384,0.0,1659.3369140625
dense,10000,32,1,469,0.0006696293712593615,0.962853125,1.0,100000000,0,100000000,0.0,77783040000,0.016221100000620936,0.0,1659.3369140625
dense,10000,32,1,470,0.0006696241907775402,0.962840625,1.0,100000000,0,100000000,0.0,77783040000,0.015475900001547416,0.0,1659.3369140625
dense,10000,32,1,471,0.0006696046330034733,0.96285625,1.0,100000000,0,100000000,0.0,77783040000,0.016985299998850678,0.0,1659.3369140625
dense,10000,32,1,472,0.0006695815827697515,0.962846875,1.0,100000000,0,100000000,0.0,77783040000,0.015883100000792183,0.0,1659.3369140625
dense,10000,32,1,473,0.0006695719785057008,0.962859375,1.0,100000000,0,100000000,0.0,77783040000,0.0155135999993945,0.0,1659.3369140625
dense,10000,32,1,474,0.0006695841439068317,0.962846875,1.0,100000000,0,100000000,0.0,77783040000,0.015955000000758446,0.0,1659.3369140625
dense,10000,32,1,475,0.0006696120835840702,0.962853125,1.0,100000000,0,100000000,0.0,77783040000,0.016667099998812773,0.0,1659.3369140625
dense,10000,32,1,476,0.0006696388591080904,0.96285,1.0,100000000,0,100000000,0.0,77783040000,0.015465500000573229,0.0,1659.3369140625
dense,10000,32,1,477,0.0006696483469568193,0.96285,1.0,100000000,0,100000000,0.0,77783040000,0.016528699999980745,0.0,1659.3369140625
dense,10000,32,1,478,0.0006696362397633493,0.96285625,1.0,100000000,0,100000000,0.0,77783040000,0.016756099999838625,0.0,1659.3369140625
dense,10000,32,1,479,0.0006696123164147139,0.96284375,1.0,100000000,0,100000000,0.0,77783040000,0.01642060000085621,0.0,1659.3369140625
dense,10000,32,1,480,0.0006695950287394226,0.96284375,1.0,100000000,0,100000000,0.0,77783040000,0.015444900000147754,0.0,1659.3369140625
dense,10000,32,1,481,0.000669596716761589,0.96285625,1.0,100000000,0,100000000,0.0,77783040000,0.016109800000776886,0.0,1659.3369140625
dense,10000,32,1,482,0.0006696155178360641,0.962846875,1.0,100000000,0,100000000,0.0,77783040000,0.015442699999766774,0.0,1659.3369140625
dense,10000,32,1,483,0.0006696393247693777,0.9628625,1.0,100000000,0,100000000,0.0,77783040000,0.015458900001249276,0.0,1659.3369140625
dense,10000,32,1,484,0.0006696537602692842,0.9628375,1.0,100000000,0,100000000,0.0,77783040000,0.016102600000522216,0.0,1659.3369140625
dense,10000,32,1,485,0.0006696527125313878,0.96286875,1.0,100000000,0,100000000,0.0,77783040000,0.01542429999972228,0.0,1659.3369140625
dense,10000,32,1,486,0.0006696421187371016,0.962840625,1.0,100000000,0,100000000,0.0,77783040000,0.015460999999049818,0.0,1659.3369140625
dense,10000,32,1,487,0.0006696321070194244,0.96286875,1.0,100000000,0,100000000,0.0,77783040000,0.0161019999995915,0.0,1659.3369140625
dense,10000,32,1,488,0.0006696289638057351,0.962859375,1.0,100000000,0,100000000,0.0,77783040000,0.01624429999901622,0.0,1659.3369140625
dense,10000,32,1,489,0.0006696298369206488,0.96285625,1.0,100000000,0,100000000,0.0,77783040000,0.015509299999393988,0.0,1659.3369140625
dense,10000,32,1,490,0.0006696300697512925,0.96285625,1.0,100000000,0,100000000,0.0,77783040000,0.016681400000379654,0.0,1659.3369140625
dense,10000,32,1,491,0.0006696267519146204,0.962859375,1.0,100000000,0,100000000,0.0,77783040000,0.01565909999953874,0.0,1659.3369140625
dense,10000,32,1,492,0.0006696220370940864,0.962853125,1.0,100000000,0,100000000,0.0,77783040000,0.01570529999844439,0.0,1659.3369140625
dense,10000,32,1,493,0.0006696205236949027,0.962846875,1.0,100000000,0,100000000,0.0,77783040000,0.01610120000077586,0.0,1659.3369140625
dense,10000,32,1,494,0.0006696239579468966,0.96285625,1.0,100000000,0,100000000,0.0,77783040000,0.015423800001372001,0.0,1659.3369140625
dense,10000,32,1,495,0.0006696286145597696,0.962853125,1.0,100000000,0,100000000,0.0,77783040000,0.015939099999741302,0.0,1659.3369140625
dense,10000,32,1,496,0.0006696275668218732,0.962853125,1.0,100000000,0,100000000,0.0,77783040000,0.016697699998985627,0.0,1659.3369140625
dense,10000,32,1,497,0.0006696163909509778,0.962846875,1.0,100000000,0,100000000,0.0,77783040000,0.01557909999974072,0.0,1659.3369140625
dense,10000,32,1,498,0.0006695986376143992,0.962846875,1.0,100000000,0,100000000,0.0,77783040000,0.015444299999217037,0.0,1659.3369140625
dense,10000,32,1,499,0.0006695808842778206,0.96284375,1.0,100000000,0,100000000,0.0,77783040000,0.016299300001264783,0.0,1659.3369140625
dense,10000,32,1,500,0.0006695683114230633,0.96285,1.0,100000000,0,100000000,0.0,77783040000,0.015491200001633842,0.0,1659.3369140625
exact,10000,32,1,1,0.22885024547576904,0.11315,1.0,320000,100000000,100320000,10000.0,14028800000,0.050311999999394175,0.004855600000155391,354.00146484375
exact,10000,32,1,2,0.18805649876594543,0.0945875,1.0,320000,100000000,100320000,10000.0,14028800000,0.008675300001414143,0.004571800000121584,354.12646484375
exact,10000,32,1,3,0.16517959535121918,0.07881875,1.0,320000,100000000,100320000,10000.0,14028800000,0.007476400000086869,0.004500000000916771,354.12646484375
exact,10000,32,1,4,0.1525370180606842,0.0663,1.0,320000,100000000,100320000,10000.0,14028800000,0.0077978000008442905,0.004673999999795342,354.12646484375
exact,10000,32,1,5,0.14499203860759735,0.05701875,1.0,320000,100000000,100320000,10000.0,14028800000,0.007588200000100187,0.004520200000115437,354.12646484375
exact,10000,32,1,6,0.13990460336208344,0.050215625,1.0,320000,100000000,100320000,10000.0,14028800000,0.007556900000054156,0.004499500000747503,354.12646484375
exact,10000,32,1,7,0.13598541915416718,0.045596875,1.0,320000,100000000,100320000,10000.0,14028800000,0.008599400000093738,0.004961000000548665,354.12646484375
exact,10000,32,1,8,0.13265953958034515,0.0424625,1.0,320000,100000000,100320000,10000.0,14028800000,0.00884540000151901,0.0045630000004166504,354.12646484375
exact,10000,32,1,9,0.1296999454498291,0.040096875,1.0,320000,100000000,100320000,10000.0,14028800000,0.007709199999226257,0.004545499999949243,354.12646484375
exact,10000,32,1,10,0.12713052332401276,0.0383125,1.0,320000,100000000,100320000,10000.0,14028800000,0.008287699998618336,0.00449530000150844,354.12646484375
exact,10000,32,1,11,0.1248202994465828,0.036878125,1.0,320000,100000000,100320000,10000.0,14028800000,0.007506600000851904,0.004497200001424062,354.12646484375
exact,10000,32,1,12,0.12285195291042328,0.0360875,1.0,320000,100000000,100320000,10000.0,14028800000,0.007476599999790778,0.004490200000873301,354.12646484375
exact,10000,32,1,13,0.12107355892658234,0.035403125,1.0,320000,100000000,100320000,10000.0,14028800000,0.012751199999911478,0.007532199999332079,354.12646484375
exact,10000,32,1,14,0.11958229541778564,0.035184375,1.0,320000,100000000,100320000,10000.0,14028800000,0.008343299999978626,0.0051313999992999015,354.12646484375
exact,10000,32,1,15,0.11827106773853302,0.03511875,1.0,320000,100000000,100320000,10000.0,14028800000,0.007670999999390915,0.004492300000492833,354.12646484375
exact,10000,32,1,16,0.11714603006839752,0.035325,1.0,320000,100000000,100320000,10000.0,14028800000,0.008270300000731368,0.00496489999932237,354.12646484375
exact,10000,32,1,17,0.11612935364246368,0.035553125,1.0,320000,100000000,100320000,10000.0,14028800000,0.007804299999406794,0.004509499998675892,354.12646484375
exact,10000,32,1,18,0.11520697921514511,0.0361125,1.0,320000,100000000,100320000,10000.0,14028800000,0.007698200000959332,0.004496999999901163,354.12646484375
exact,10000,32,1,19,0.11439584940671921,0.036653125,1.0,320000,100000000,100320000,10000.0,14028800000,0.008488899999065325,0.005047300001024269,354.12646484375
exact,10000,32,1,20,0.11367365717887878,0.037584375,1.0,320000,100000000,100320000,10000.0,14028800000,0.007784400000673486,0.004545399999187794,354.12646484375
exact,10000,32,1,21,0.11305046081542969,0.038590625,1.0,320000,100000000,100320000,10000.0,14028800000,0.008375400000659283,0.005075299999589333,354.12646484375
exact,10000,32,1,22,0.11247698962688446,0.03931875,1.0,320000,100000000,100320000,10000.0,14028800000,0.007954000000609085,0.004601499998898362,354.12646484375
exact,10000,32,1,23,0.11197804659605026,0.040403125,1.0,320000,100000000,100320000,10000.0,14028800000,0.008430500000031316,0.004554699999061995,354.12646484375
exact,10000,32,1,24,0.11152743548154831,0.041571875,1.0,320000,100000000,100320000,10000.0,14028800000,0.007937899999888032,0.004647900001145899,354.12646484375
exact,10000,32,1,25,0.11111009120941162,0.042890625,1.0,320000,100000000,100320000,10000.0,14028800000,0.008813899999950081,0.005233899999439018,354.12646484375
exact,10000,32,1,26,0.1107487753033638,0.04411875,1.0,320000,100000000,100320000,10000.0,14028800000,0.007861399999455898,0.004493799999181647,354.12646484375
exact,10000,32,1,27,0.1104152575135231,0.04564375,1.0,320000,100000000,100320000,10000.0,14028800000,0.008964399999968009,0.005528000001504552,354.12646484375
exact,10000,32,1,28,0.11010871082544327,0.04745625,1.0,320000,100000000,100320000,10000.0,14028800000,0.010617100000672508,0.006808899999668938,354.12646484375
exact,10000,32,1,29,0.10981209576129913,0.0492125,1.0,320000,100000000,100320000,10000.0,14028800000,0.007890900000347756,0.004502499999944121,354.12646484375
exact,10000,32,1,30,0.10953229665756226,0.051121875,1.0,320000,100000000,100320000,10000.0,14028800000,0.007892699999501929,0.004493200000069919,354.12646484375
exact,10000,32,1,31,0.1092567965388298,0.05328125,1.0,320000,100000000,100320000,10000.0,14028800000,0.008329400001457543,0.004532500001005246,354.12646484375
exact,10000,32,1,32,0.1089937686920166,0.055478125,1.0,320000,100000000,100320000,10000.0,14028800000,0.007974000000103842,0.0045119999995222315,354.12646484375
exact,10000,32,1,33,0.10877184569835663,0.05805,1.0,320000,100000000,100320000,10000.0,14028800000,0.011612399999648915,0.004820399999516667,354.12646484375
exact,10000,32,1,34,0.10852416604757309,0.060709375,1.0,320000,100000000,100320000,10000.0,14028800000,0.009204500000123517,0.005747000001065317,354.12646484375
exact,10000,32,1,35,0.10829591751098633,0.0637875,1.0,320000,100000000,100320000,10000.0,14028800000,0.010823799999343464,0.0069922000002407,354.12646484375
exact,10000,32,1,36,0.10805781185626984,0.0669375,1.0,320000,100000000,100320000,10000.0,14028800000,0.00795990000005986,0.004537500000878936,354.12646484375
exact,10000,32,1,37,0.10783553123474121,0.070478125,1.0,320000,100000000,100320000,10000.0,14028800000,0.00784419999945385,0.004556299998512259,354.12646484375
exact,10000,32,1,38,0.10760001093149185,0.074196875,1.0,320000,100000000,100320000,10000.0,14028800000,0.007791800000632065,0.004503899999690475,354.12646484375
exact,10000,32,1,39,0.10737825930118561,0.07865625,1.0,320000,100000000,100320000,10000.0,14028800000,0.007769899999402696,0.00449770000159333,354.12646484375
exact,10000,32,1,40,0.10713647305965424,0.0834,1.0,320000,100000000,100320000,10000.0,14028800000,0.008080400000835652,0.00473480000073323,354.12646484375
exact,10000,32,1,41,0.10689208656549454,0.0887875,1.0,320000,100000000,100320000,10000.0,14028800000,0.007738700000118115,0.0045250000002852175,354.12646484375
exact,10000,32,1,42,0.10664708912372589,0.09463125,1.0,320000,100000000,100320000,10000.0,14028800000,0.007714700001088204,0.0044952000007469906,354.12646484375
exact,10000,32,1,43,0.10639575123786926,0.101425,1.0,320000,100000000,100320000,10000.0,14028800000,0.008945800000219606,0.00550440000006347,354.12646484375
exact,10000,32,1,44,0.1061202734708786,0.109175,1.0,320000,100000000,100320000,10000.0,14028800000,0.007687799999985145,0.0045148000008339295,354.12646484375
exact,10000,32,1,45,0.10579219460487366,0.118,1.0,320000,100000000,100320000,10000.0,14028800000,0.008056100001340383,0.004658500000005006,354.12646484375
exact,10000,32,1,46,0.1054515615105629,0.127671875,1.0,320000,100000000,100320000,10000.0,14028800000,0.00805929999842192,0.004860300001382711,354.12646484375
exact,10000,32,1,47,0.10504928976297379,0.13886875,1.0,320000,100000000,100320000,10000.0,14028800000,0.007561100001112209,0.0044851000002381625,354.12646484375
exact,10000,32,1,48,0.10458219051361084,0.15184375,1.0,320000,100000000,100320000,10000.0,14028800000,0.008975500000815373,0.005088800000521587,354.12646484375
exact,10000,32,1,49,0.10404836386442184,0.16664375,1.0,320000,100000000,100320000,10000.0,14028800000,0.007801100000506267,0.004492599999139202,354.12646484375
exact,10000,32,1,50,0.10342652350664139,0.184303125,1.0,320000,100000000,100320000,10000.0,14028800000,0.008701200000359677,0.004559599999993225,354.12646484375
exact,10000,32,1,51,0.10266237705945969,0.20375,1.0,320000,100000000,100320000,10000.0,14028800000,0.007628900000781869,0.004570200000671321,354.12646484375
exact,10000,32,1,52,0.10175855457782745,0.226678125,1.0,320000,100000000,100320000,10000.0,14028800000,0.008171800000127405,0.004985999999917112,354.12646484375
exact,10000,32,1,53,0.10067404806613922,0.25224375,1.0,320000,100000000,100320000,10000.0,14028800000,0.007583400001749396,0.00454370000079507,354.12646484375
exact,10000,32,1,54,0.09938240796327591,0.281159375,1.0,320000,100000000,100320000,10000.0,14028800000,0.00805940000100236,0.004501699999309494,354.12646484375
exact,10000,32,1,55,0.09784191846847534,0.312953125,1.0,320000,100000000,100320000,10000.0,14028800000,0.009086000000024796,0.004920800000036252,354.12646484375
exact,10000,32,1,56,0.096029132604599,0.34705625,1.0,320000,100000000,100320000,10000.0,14028800000,0.008023300000786548,0.004496600000493345,354.12646484375
exact,10000,32,1,57,0.09392113983631134,0.38129375,1.0,320000,100000000,100320000,10000.0,14028800000,0.0073737999991863035,0.004494400000112364,354.12646484375
exact,10000,32,1,58,0.09149365872144699,0.41520625,1.0,320000,100000000,100320000,10000.0,14028800000,0.007969499998580432,0.004955799999152077,354.12646484375
exact,10000,32,1,59,0.08870492875576019,0.446721875,1.0,320000,100000000,100320000,10000.0,14028800000,0.007413600000290899,0.004501299999901676,354.12646484375
exact,10000,32,1,60,0.08561534434556961,0.4763875,1.0,320000,100000000,100320000,10000.0,14028800000,0.0072261999994225334,0.004491400000915746,354.12646484375
exact,10000,32,1,61,0.08222074806690216,0.503128125,1.0,320000,100000000,100320000,10000.0,14028800000,0.007811599998603924,0.004505300001255819,354.12646484375
exact,10000,32,1,62,0.07858716696500778,0.526403125,1.0,320000,100000000,100320000,10000.0,14028800000,0.007784100000208127,0.004554400000415626,354.12646484375
exact,10000,32,1,63,0.07475284487009048,0.54715625,1.0,320000,100000000,100320000,10000.0,14028800000,0.007281899999725283,0.0045059000003675465,354.12646484375
exact,10000,32,1,64,0.07074882835149765,0.565103125,1.0,320000,100000000,100320000,10000.0,14028800000,0.008274199999505072,0.005500900000697584,354.12646484375
exact,10000,32,1,65,0.06665869802236557,0.580521875,1.0,320000,100000000,100320000,10000.0,14028800000,0.007897899999079527,0.005113100000016857,354.12646484375
exact,10000,32,1,66,0.06257488578557968,0.593975,1.0,320000,100000000,100320000,10000.0,14028800000,0.007254000000102678,0.00450999999884516,354.12646484375
exact,10000,32,1,67,0.05858021229505539,0.60615,1.0,320000,100000000,100320000,10000.0,14028800000,0.009577799999533454,0.0061373999997158535,354.12646484375
exact,10000,32,1,68,0.05472145229578018,0.61748125,1.0,320000,100000000,100320000,10000.0,14028800000,0.009101199999349774,0.005925500001467299,354.12646484375
exact,10000,32,1,69,0.0510425791144371,0.627721875,1.0,320000,100000000,100320000,10000.0,14028800000,0.007816899998942972,0.004791000001205248,354.12646484375
exact,10000,32,1,70,0.04755672439932823,0.637975,1.0,320000,100000000,100320000,10000.0,14028800000,0.0075488000002224,0.004870199998549651,354.12646484375
exact,10000,32,1,71,0.04426474869251251,0.64783125,1.0,320000,100000000,100320000,10000.0,14028800000,0.008231499999965308,0.005466900000101305,354.12646484375
exact,10000,32,1,72,0.04117817431688309,0.65731875,1.0,320000,100000000,100320000,10000.0,14028800000,0.007197799999630661,0.004490000001169392,354.12646484375
exact,10000,32,1,73,0.03830965608358383,0.666584375,1.0,320000,100000000,100320000,10000.0,14028800000,0.007911299999250332,0.0047913000016706064,354.12646484375
exact,10000,32,1,74,0.0356702096760273,0.6752125,1.0,320000,100000000,100320000,10000.0,14028800000,0.007730999999694177,0.004800099999556551,354.12646484375
exact,10000,32,1,75,0.033265843987464905,0.68378125,1.0,320000,100000000,100320000,10000.0,14028800000,0.00724880000052508,0.004494400000112364,354.12646484375
exact,10000,32,1,76,0.031082289293408394,0.69198125,1.0,320000,100000000,100320000,10000.0,14028800000,0.007585499999549938,0.004837500000576256,354.12646484375
exact,10000,32,1,77,0.029096819460392,0.700809375,1.0,320000,100000000,100320000,10000.0,14028800000,0.00773269999990589,0.004998899999918649,354.12646484375
exact,10000,32,1,78,0.027284149080514908,0.7094125,1.0,320000,100000000,100320000,10000.0,14028800000,0.007170099999711965,0.0045107000005373266,354.12646484375
exact,10000,32,1,79,0.025612670928239822,0.7178,1.0,320000,100000000,100320000,10000.0,14028800000,0.007224099999803002,0.004502599998886581,354.12646484375
exact,10000,32,1,80,0.02404564991593361,0.725921875,1.0,320000,100000000,100320000,10000.0,14028800000,0.007444299999406212,0.004504799999267561,354.12646484375
exact,10000,32,1,81,0.022550614550709724,0.73435,1.0,320000,100000000,100320000,10000.0,14028800000,0.007858799999667099,0.005019599999286584,354.12646484375
exact,10000,32,1,82,0.021111829206347466,0.742478125,1.0,320000,100000000,100320000,10000.0,14028800000,0.007734900000286871,0.004722699999547331,354.12646484375
exact,10000,32,1,83,0.019730720669031143,0.75050625,1.0,320000,100000000,100320000,10000.0,14028800000,0.007131700000172714,0.00449309999930847,354.12646484375
exact,10000,32,1,84,0.018413949757814407,0.75874375,1.0,320000,100000000,100320000,10000.0,14028800000,0.007154500000979169,0.004490299999815761,354.12646484375
exact,10000,32,1,85,0.017163146287202835,0.766796875,1.0,320000,100000000,100320000,10000.0,14028800000,0.00740849999965576,0.004532599999947706,354.12646484375
exact,10000,32,1,86,0.015978148207068443,0.775296875,1.0,320000,100000000,100320000,10000.0,14028800000,0.007174200000008568,0.004499900000155321,354.12646484375
exact,10000,32,1,87,0.014861422590911388,0.78314375,1.0,320000,100000000,100320000,10000.0,14028800000,0.007229999999253778,0.00450759999876027,354.12646484375
exact,10000,32,1,88,0.013820125721395016,0.790990625,1.0,320000,100000000,100320000,10000.0,14028800000,0.00771809999969264,0.004910200001177145,354.12646484375
exact,10000,32,1,89,0.012854836881160736,0.7988875,1.0,320000,100000000,100320000,10000.0,14028800000,0.00722940000014205,0.004516599999988102,354.12646484375
exact,10000,32,1,90,0.011953115463256836,0.80561875,1.0,320000,100000000,100320000,10000.0,14028800000,0.007247300000017276,0.004491599998800666,354.12646484375
exact,10000,32,1,91,0.011099081486463547,0.81290625,1.0,320000,100000000,100320000,10000.0,14028800000,0.007170599999881233,0.004489599999942584,354.12646484375
exact,10000,32,1,92,0.010290125384926796,0.820153125,1.0,320000,100000000,100320000,10000.0,14028800000,0.008029900000110501,0.0047130999992077705,354.12646484375
exact,10000,32,1,93,0.009533754549920559,0.826971875,1.0,320000,100000000,100320000,10000.0,14028800000,0.0073480999999446794,0.004562300000543473,354.12646484375
exact,10000,32,1,94,0.008835827000439167,0.83375,1.0,320000,100000000,100320000,10000.0,14028800000,0.010137999999642489,0.006938900000022841,354.12646484375
exact,10000,32,1,95,0.008194198831915855,0.8401625,1.0,320000,100000000,100320000,10000.0,14028800000,0.007558699999208329,0.004496600000493345,354.12646484375
exact,10000,32,1,96,0.007600600831210613,0.84669375,1.0,320000,100000000,100320000,10000.0,14028800000,0.007743699999991804,0.0050041999984387076,354.12646484375
exact,10000,32,1,97,0.007046269252896309,0.8535375,1.0,320000,100000000,100320000,10000.0,14028800000,0.008027500000025611,0.005370099999709055,354.12646484375
exact,10000,32,1,98,0.006525803357362747,0.859821875,1.0,320000,100000000,100320000,10000.0,14028800000,0.0071465999990323326,0.004498199999943608,354.12646484375
exact,10000,32,1,99,0.006038375664502382,0.866103125,1.0,320000,100000000,100320000,10000.0,14028800000,0.007552200000645826,0.004569400000036694,354.12646484375
exact,10000,32,1,100,0.005584255326539278,0.871990625,1.0,320000,100000000,100320000,10000.0,14028800000,0.007159599999795319,0.004491100000450388,354.12646484375
exact,10000,32,1,101,0.005163275171071291,0.877746875,1.0,320000,100000000,100320000,10000.0,14028800000,0.007250399999975343,0.004515799999353476,354.12646484375
exact,10000,32,1,102,0.004776496905833483,0.88310625,1.0,320000,100000000,100320000,10000.0,14028800000,0.007237799998620176,0.004533499999524793,354.12646484375
exact,10000,32,1,103,0.0044242157600820065,0.887803125,1.0,320000,100000000,100320000,10000.0,14028800000,0.007189699999798904,0.00450980000096024,354.12646484375
exact,10000,32,1,104,0.004106056876480579,0.8921,1.0,320000,100000000,100320000,10000.0,14028800000,0.007838199999241624,0.004844000000957749,354.12646484375
exact,10000,32,1,105,0.0038170404732227325,0.89610625,1.0,320000,100000000,100320000,10000.0,14028800000,0.008036700000957353,0.004767200000060257,354.12646484375
exact,10000,32,1,106,0.0035502889659255743,0.900115625,1.0,320000,100000000,100320000,10000.0,14028800000,0.0076628999995591585,0.0044862000013381476,354.12646484375
exact,10000,32,1,107,0.0032991438638418913,0.90335625,1.0,320000,100000000,100320000,10000.0,14028800000,0.007641700000021956,0.0046559999991586665,354.12646484375
exact,10000,32,1,108,0.0030582472681999207,0.9069375,1.0,320000,100000000,100320000,10000.0,14028800000,0.007286400001248694,0.0045030999990558485,354.12646484375
exact,10000,32,1,109,0.002824908820912242,0.91048125,1.0,320000,100000000,100320000,10000.0,14028800000,0.007664199998544063,0.004896799999187351,354.12646484375
exact,10000,32,1,110,0.0025980838108807802,0.91404375,1.0,320000,100000000,100320000,10000.0,14028800000,0.007660500001293258,0.004937799998515402,354.12646484375
exact,10000,32,1,111,0.0023785755038261414,0.917853125,1.0,320000,100000000,100320000,10000.0,14028800000,0.008485700000164798,0.004964900001141359,354.12646484375
exact,10000,32,1,112,0.002167453058063984,0.9219625,1.0,320000,100000000,100320000,10000.0,14028800000,0.007191799999418436,0.004500099999859231,354.12646484375
exact,10000,32,1,113,0.0019668086897581816,0.926278125,1.0,320000,100000000,100320000,10000.0,14028800000,0.0071457000012742355,0.004492199999731383,354.12646484375
exact,10000,32,1,114,0.0017799480119720101,0.930721875,1.0,320000,100000000,100320000,10000.0,14028800000,0.007526700001108111,0.0048422999989270465,354.12646484375
exact,10000,32,1,115,0.001610813313163817,0.935128125,1.0,320000,100000000,100320000,10000.0,14028800000,0.007129999999961001,0.004497300000366522,354.12646484375
exact,10000,32,1,116,0.001462461776100099,0.93914375,1.0,320000,100000000,100320000,10000.0,14028800000,0.0076045000005251495,0.004498899999816786,354.12646484375
exact,10000,32,1,117,0.001335997716523707,0.94286875,1.0,320000,100000000,100320000,10000.0,14028800000,0.007852400000047055,0.005152300000190735,354.12646484375
exact,10000,32,1,118,0.0012300284579396248,0.9461875,1.0,320000,100000000,100320000,10000.0,14028800000,0.007339799998590024,0.00462359999983164,354.12646484375
exact,10000,32,1,119,0.001141499262303114,0.948571875,1.0,320000,100000000,100320000,10000.0,14028800000,0.007540099999459926,0.004792699999597971,354.12646484375
exact,10000,32,1,120,0.0010664903093129396,0.9499375,1.0,320000,100000000,100320000,10000.0,14028800000,0.007947600000989041,0.005065100000138045,354.12646484375
exact,10000,32,1,121,0.001000480493530631,0.950996875,1.0,320000,100000000,100320000,10000.0,14028800000,0.007895799999459996,0.004747400000269408,354.12646484375
exact,10000,32,1,122,0.0009398343972861767,0.951628125,1.0,320000,100000000,100320000,10000.0,14028800000,0.008218099999794504,0.00498650000008638,354.12646484375
exact,10000,32,1,123,0.0008824769756756723,0.952115625,1.0,320000,100000000,100320000,10000.0,14028800000,0.007652399999642512,0.004901500000414671,354.12646484375
exact,10000,32,1,124,0.000827586161904037,0.9523625,1.0,320000,100000000,100320000,10000.0,14028800000,0.007876100000430597,0.005029399999330053,354.12646484375
exact,10000,32,1,125,0.0007751780212856829,0.953034375,1.0,320000,100000000,100320000,10000.0,14028800000,0.007180099999459344,0.004498500000408967,354.12646484375
exact,10000,32,1,126,0.0007251578499563038,0.95389375,1.0,320000,100000000,100320000,10000.0,14028800000,0.009159000001091044,0.004956300001140335,354.12646484375
exact,10000,32,1,127,0.0006776042864657938,0.95490625,1.0,320000,100000000,100320000,10000.0,14028800000,0.01070389999949839,0.004519300000538351,354.12646484375
exact,10000,32,1,128,0.0006329305469989777,0.9557625,1.0,320000,100000000,100320000,10000.0,14028800000,0.008302700000058394,0.00525259999994887,354.12646484375
exact,10000,32,1,129,0.0005916793597862124,0.956890625,1.0,320000,100000000,100320000,10000.0,14028800000,0.007213299999420997,0.0045483999983844114,354.12646484375
exact,10000,32,1,130,0.0005541081773117185,0.9581625,1.0,320000,100000000,100320000,10000.0,14028800000,0.007930300000225543,0.004538499999398482,354.12646484375
exact,10000,32,1,131,0.0005200484301894903,0.959421875,1.0,320000,100000000,100320000,10000.0,14028800000,0.007193600000391598,0.004494400000112364,354.12646484375
exact,10000,32,1,132,0.0004890082054771483,0.960359375,1.0,320000,100000000,100320000,10000.0,14028800000,0.0078010999986872775,0.004955599999448168,354.12646484375
exact,10000,32,1,133,0.0004604182031471282,0.9613125,1.0,320000,100000000,100320000,10000.0,14028800000,0.007209399998828303,0.004500499999267049,354.12646484375
exact,10000,32,1,134,0.0004341194871813059,0.96213125,1.0,320000,100000000,100320000,10000.0,14028800000,0.0071731000007275725,0.004488800001126947,354.12646484375
exact,10000,32,1,135,0.0004100938094779849,0.96298125,1.0,320000,100000000,100320000,10000.0,14028800000,0.008046599999943282,0.0051313999992999015,354.12646484375
exact,10000,32,1,136,0.00038837327156215906,0.963575,1.0,320000,100000000,100320000,10000.0,14028800000,0.007136700000046403,0.0044952999996894505,354.12646484375
exact,10000,32,1,137,0.0003685910196509212,0.96414375,1.0,320000,100000000,100320000,10000.0,14028800000,0.007557000000815606,0.0047892999991745455,354.12646484375
exact,10000,32,1,138,0.0003506267967168242,0.96459375,1.0,320000,100000000,100320000,10000.0,14028800000,0.007552499999292195,0.004619499999535037,354.12646484375
exact,10000,32,1,139,0.00033442204585298896,0.964859375,1.0,320000,100000000,100320000,10000.0,14028800000,0.007630500000232132,0.0047647999999753665,354.12646484375
exact,10000,32,1,140,0.0003199819184374064,0.965215625,1.0,320000,100000000,100320000,10000.0,14028800000,0.007272500000908622,0.004593899999235873,354.12646484375
exact,10000,32,1,141,0.00030707314726896584,0.965478125,1.0,320000,100000000,100320000,10000.0,14028800000,0.007683399999223184,0.004494900000281632,354.12646484375
exact,10000,32,1,142,0.00029556339723058045,0.965665625,1.0,320000,100000000,100320000,10000.0,14028800000,0.0073879999999917345,0.0047439999998459825,354.12646484375
exact,10000,32,1,143,0.00028512152493931353,0.9658375,1.0,320000,100000000,100320000,10000.0,14028800000,0.00823599999966973,0.0052932999988115625,354.12646484375
exact,10000,32,1,144,0.00027553067775443196,0.965940625,1.0,320000,100000000,100320000,10000.0,14028800000,0.007751799999823561,0.005017299999963143,354.12646484375
exact,10000,32,1,145,0.00026663707103580236,0.96623125,1.0,320000,100000000,100320000,10000.0,14028800000,0.007943700000396348,0.004765300000144634,354.12646484375
exact,10000,32,1,146,0.00025837027351371944,0.966471875,1.0,320000,100000000,100320000,10000.0,14028800000,0.0075486999994609505,0.004501400000663125,354.12646484375
exact,10000,32,1,147,0.00025078494218178093,0.966634375,1.0,320000,100000000,100320000,10000.0,14028800000,0.008017500000278233,0.004544100000202889,354.12646484375
exact,10000,32,1,148,0.00024378995294682682,0.9669375,1.0,320000,100000000,100320000,10000.0,14028800000,0.007904699999926379,0.004980599998816615,354.12646484375
exact,10000,32,1,149,0.00023731161491014063,0.967275,1.0,320000,100000000,100320000,10000.0,14028800000,0.008637000000817352,0.004509799999141251,354.12646484375
exact,10000,32,1,150,0.00023136664822231978,0.967546875,1.0,320000,100000000,100320000,10000.0,14028800000,0.0076212000003579305,0.004545499999949243,354.12646484375
exact,10000,32,1,151,0.00022595157497562468,0.967584375,1.0,320000,100000000,100320000,10000.0,14028800000,0.008582399999795598,0.004573899999741116,354.12646484375
exact,10000,32,1,152,0.00022109260316938162,0.967840625,1.0,320000,100000000,100320000,10000.0,14028800000,0.007541900000433088,0.004490000001169392,354.12646484375
exact,10000,32,1,153,0.0002167831116821617,0.9678625,1.0,320000,100000000,100320000,10000.0,14028800000,0.008253699999841047,0.005132000000230619,354.12646484375
exact,10000,32,1,154,0.00021289830328896642,0.967871875,1.0,320000,100000000,100320000,10000.0,14028800000,0.008004600000276696,0.005055800000263844,354.12646484375
exact,10000,32,1,155,0.00020939702517352998,0.9679,1.0,320000,100000000,100320000,10000.0,14028800000,0.008050300000832067,0.004565199998978642,354.12646484375
exact,10000,32,1,156,0.00020625359320547432,0.96798125,1.0,320000,100000000,100320000,10000.0,14028800000,0.007995800000571762,0.0045796000013069715,354.12646484375
exact,10000,32,1,157,0.00020344037329778075,0.967975,1.0,320000,100000000,100320000,10000.0,14028800000,0.008257499999672291,0.004939399999784655,354.12646484375
exact,10000,32,1,158,0.00020084962307009846,0.9680375,1.0,320000,100000000,100320000,10000.0,14028800000,0.010502400000405032,0.007027300000117975,354.12646484375
exact,10000,32,1,159,0.00019854835409205407,0.968046875,1.0,320000,100000000,100320000,10000.0,14028800000,0.007828700001482503,0.004780600000231061,354.12646484375
exact,10000,32,1,160,0.00019648436864372343,0.968121875,1.0,320000,100000000,100320000,10000.0,14028800000,0.010641400000167778,0.00706249999893771,354.12646484375
exact,10000,32,1,161,0.00019464199431240559,0.968209375,1.0,320000,100000000,100320000,10000.0,14028800000,0.00781479999932344,0.004775600000357372,354.12646484375
exact,10000,32,1,162,0.00019297520339023322,0.96821875,1.0,320000,100000000,100320000,10000.0,14028800000,0.007756400000289432,0.005012600000554812,354.12646484375
exact,10000,32,1,163,0.00019144875113852322,0.9682375,1.0,320000,100000000,100320000,10000.0,14028800000,0.007585899998957757,0.00473240000064834,354.12646484375
exact,10000,32,1,164,0.00019001011969521642,0.9682625,1.0,320000,100000000,100320000,10000.0,14028800000,0.007540700000390643,0.004854499999055406,354.12646484375
exact,10000,32,1,165,0.00018868462939281017,0.968359375,1.0,320000,100000000,100320000,10000.0,14028800000,0.007570199999463512,0.004888500001470675,354.12646484375
exact,10000,32,1,166,0.00018752676260191947,0.968421875,1.0,320000,100000000,100320000,10000.0,14028800000,0.007945999999719788,0.0051497000004019355,354.12646484375
exact,10000,32,1,167,0.00018649949925020337,0.968384375,1.0,320000,100000000,100320000,10000.0,14028800000,0.007619700001669116,0.004914299999654759,354.12646484375
exact,10000,32,1,168,0.00018555390124674886,0.968415625,1.0,320000,100000000,100320000,10000.0,14028800000,0.007597899999382207,0.00473969999984547,354.12646484375
exact,10000,32,1,169,0.00018471165094524622,0.968371875,1.0,320000,100000000,100320000,10000.0,14028800000,0.0077247999997780425,0.004501199999140226,354.12646484375
exact,10000,32,1,170,0.00018399994587525725,0.96830625,1.0,320000,100000000,100320000,10000.0,14028800000,0.008269399999335292,0.004966200000126264,354.12646484375
exact,10000,32,1,171,0.00018333448679186404,0.968340625,1.0,320000,100000000,100320000,10000.0,14028800000,0.008114199999909033,0.005016600000089966,354.12646484375
exact,10000,32,1,172,0.0001827524247346446,0.96841875,1.0,320000,100000000,100320000,10000.0,14028800000,0.008571999998821411,0.005024800000683172,354.12646484375
exact,10000,32,1,173,0.00018221828213427216,0.968421875,1.0,320000,100000000,100320000,10000.0,14028800000,0.007849499999792897,0.00450269999964803,354.12646484375
exact,10000,32,1,174,0.00018175059813074768,0.968440625,1.0,320000,100000000,100320000,10000.0,14028800000,0.00787520000085351,0.004697700000178884,354.12646484375
exact,10000,32,1,175,0.00018132771947421134,0.96845,1.0,320000,100000000,100320000,10000.0,14028800000,0.007711199999903329,0.004849900000408525,354.12646484375
exact,10000,32,1,176,0.0001809470559237525,0.968440625,1.0,320000,100000000,100320000,10000.0,14028800000,0.008005200001207413,0.005108499999550986,354.12646484375
exact,10000,32,1,177,0.00018059594731312245,0.968490625,1.0,320000,100000000,100320000,10000.0,14028800000,0.007893100000728737,0.004595000000335858,354.12646484375
exact,10000,32,1,178,0.0001802852057153359,0.96853125,1.0,320000,100000000,100320000,10000.0,14028800000,0.007958299998790608,0.004830599998967955,354.12646484375
exact,10000,32,1,179,0.00017999614647123963,0.968540625,1.0,320000,100000000,100320000,10000.0,14028800000,0.008005899999261601,0.005018600000767037,354.12646484375
exact,10000,32,1,180,0.00017975263472180814,0.96855,1.0,320000,100000000,100320000,10000.0,14028800000,0.008694000000105007,0.004979800000000978,354.12646484375
exact,10000,32,1,181,0.0001795314165065065,0.968575,1.0,320000,100000000,100320000,10000.0,14028800000,0.007915799998954753,0.004781800000273506,354.12646484375
exact,10000,32,1,182,0.000179349968675524,0.968559375,1.0,320000,100000000,100320000,10000.0,14028800000,0.007856899999751477,0.0049063000005844515,354.12646484375
exact,10000,32,1,183,0.0001791912509361282,0.968521875,1.0,320000,100000000,100320000,10000.0,14028800000,0.007611900000483729,0.00485589999880176,354.12646484375
exact,10000,32,1,184,0.00017903864500112832,0.968525,1.0,320000,100000000,100320000,10000.0,14028800000,0.007876499999838416,0.004845499999646563,354.12646484375
exact,10000,32,1,185,0.00017890236631501466,0.968565625,1.0,320000,100000000,100320000,10000.0,14028800000,0.008385200000702753,0.00481000000036147,354.12646484375
exact,10000,32,1,186,0.0001787827641237527,0.968625,1.0,320000,100000000,100320000,10000.0,14028800000,0.009180099999866798,0.005677099999957136,354.12646484375
exact,10000,32,1,187,0.00017868043505586684,0.968615625,1.0,320000,100000000,100320000,10000.0,14028800000,0.008031700001083664,0.005065899998953682,354.12646484375
exact,10000,32,1,188,0.00017858739010989666,0.9685875,1.0,320000,100000000,100320000,10000.0,14028800000,0.007755800001177704,0.004999400000087917,354.12646484375
exact,10000,32,1,189,0.0001785006170393899,0.9685625,1.0,320000,100000000,100320000,10000.0,14028800000,0.007679799999095849,0.004503100000874838,354.12646484375
exact,10000,32,1,190,0.0001784283376764506,0.968584375,1.0,320000,100000000,100320000,10000.0,14028800000,0.008755299999393173,0.0052211000001989305,354.12646484375
exact,10000,32,1,191,0.00017838086932897568,0.968571875,1.0,320000,100000000,100320000,10000.0,14028800000,0.007550899999841931,0.004841799998757779,354.12646484375
exact,10000,32,1,192,0.0001783357438398525,0.968571875,1.0,320000,100000000,100320000,10000.0,14028800000,0.007915500000308384,0.005133700000442332,354.12646484375
exact,10000,32,1,193,0.00017828529234975576,0.968559375,1.0,320000,100000000,100320000,10000.0,14028800000,0.007639699999344884,0.004963499999576015,354.12646484375
exact,10000,32,1,194,0.00017823907546699047,0.96859375,1.0,320000,100000000,100320000,10000.0,14028800000,0.007956800000101794,0.0051509999993868405,354.12646484375
exact,10000,32,1,195,0.00017820847278926522,0.968590625,1.0,320000,100000000,100320000,10000.0,14028800000,0.007284899998921901,0.004556599998977617,354.12646484375
exact,10000,32,1,196,0.00017817193293012679,0.968590625,1.0,320000,100000000,100320000,10000.0,14028800000,0.007475100001101964,0.0047595999985787785,354.12646484375
exact,10000,32,1,197,0.0001781417813617736,0.968584375,1.0,320000,100000000,100320000,10000.0,14028800000,0.007223200000225916,0.004492199999731383,354.12646484375
exact,10000,32,1,198,0.00017812247097026557,0.968565625,1.0,320000,100000000,100320000,10000.0,14028800000,0.0075009000011050375,0.004760599998917314,354.12646484375
exact,10000,32,1,199,0.00017809748533181846,0.96856875,1.0,320000,100000000,100320000,10000.0,14028800000,0.007493700000850367,0.004784999999174033,354.12646484375
exact,10000,32,1,200,0.00017807337280828506,0.96861875,1.0,320000,100000000,100320000,10000.0,14028800000,0.0072999000003619585,0.004506000001128996,354.12646484375
exact,10000,32,1,201,0.0001780501625034958,0.968628125,1.0,320000,100000000,100320000,10000.0,14028800000,0.007522399999288609,0.004521299999396433,354.12646484375
exact,10000,32,1,202,0.0001780398451955989,0.968615625,1.0,320000,100000000,100320000,10000.0,14028800000,0.007790400000885711,0.00504930000170134,354.12646484375
exact,10000,32,1,203,0.00017803195805754513,0.96865,1.0,320000,100000000,100320000,10000.0,14028800000,0.007407499999317224,0.004656199998862576,354.12646484375
exact,10000,32,1,204,0.00017801851208787411,0.968671875,1.0,320000,100000000,100320000,10000.0,14028800000,0.00783909999881871,0.004517999999734457,354.12646484375
exact,10000,32,1,205,0.00017801910871639848,0.968675,1.0,320000,100000000,100320000,10000.0,14028800000,0.007153299999117735,0.004489099999773316,354.12646484375
exact,10000,32,1,206,0.00017800874775275588,0.96866875,1.0,320000,100000000,100320000,10000.0,14028800000,0.010627999999996973,0.006557200000315788,354.12646484375
exact,10000,32,1,207,0.0001779919839464128,0.968671875,1.0,320000,100000000,100320000,10000.0,14028800000,0.009529299999485374,0.005029800000556861,354.12646484375
exact,10000,32,1,208,0.0001779785379767418,0.96866875,1.0,320000,100000000,100320000,10000.0,14028800000,0.0074218000008841045,0.0045201000011729775,354.12646484375
exact,10000,32,1,209,0.0001779742888174951,0.96868125,1.0,320000,100000000,100320000,10000.0,14028800000,0.007355999998253537,0.004568199999994249,354.12646484375
exact,10000,32,1,210,0.0001779754093149677,0.968678125,1.0,320000,100000000,100320000,10000.0,14028800000,0.007238700000016252,0.004521399998338893,354.12646484375
exact,10000,32,1,211,0.00017796711472328752,0.968665625,1.0,320000,100000000,100320000,10000.0,14028800000,0.010291000000506756,0.006637399999817717,354.12646484375
exact,10000,32,1,212,0.0001779605372576043,0.968640625,1.0,320000,100000000,100320000,10000.0,14028800000,0.007561500000520027,0.004747300001326948,354.12646484375
exact,10000,32,1,213,0.00017796148313209414,0.9686125,1.0,320000,100000000,100320000,10000.0,14028800000,0.009480000000621658,0.006511399998998968,354.12646484375
exact,10000,32,1,214,0.00017796101747080684,0.96859375,1.0,320000,100000000,100320000,10000.0,14028800000,0.007180199998401804,0.004497199999605073,354.12646484375
exact,10000,32,1,215,0.00017796072643250227,0.968590625,1.0,320000,100000000,100320000,10000.0,14028800000,0.007293199998457567,0.004532200000539888,354.12646484375
exact,10000,32,1,216,0.00017796174506656826,0.9685875,1.0,320000,100000000,100320000,10000.0,14028800000,0.0071946999996725935,0.004498500000408967,354.12646484375
exact,10000,32,1,217,0.00017795753956306726,0.9686,1.0,320000,100000000,100320000,10000.0,14028800000,0.007374200000413111,0.004656799999793293,354.12646484375
exact,10000,32,1,218,0.00017795342137105763,0.96860625,1.0,320000,100000000,100320000,10000.0,14028800000,0.007181400000263238,0.004516900000453461,354.12646484375
exact,10000,32,1,219,0.0001779489393811673,0.968634375,1.0,320000,100000000,100320000,10000.0,14028800000,0.007379700000456069,0.0045487000006687595,354.12646484375
exact,10000,32,1,220,0.0001779472513590008,0.96863125,1.0,320000,100000000,100320000,10000.0,14028800000,0.007166900000811438,0.0044851000002381625,354.12646484375
exact,10000,32,1,221,0.00017794856103137136,0.9686125,1.0,320000,100000000,100320000,10000.0,14028800000,0.008722599999600789,0.005217399999310146,354.12646484375
exact,10000,32,1,222,0.00017794665473047644,0.968615625,1.0,320000,100000000,100320000,10000.0,14028800000,0.0071772000010241754,0.004506600000240724,354.12646484375
exact,10000,32,1,223,0.00017794394807424396,0.968628125,1.0,320000,100000000,100320000,10000.0,14028800000,0.007776799999192008,0.0049104000008810544,354.12646484375
exact,10000,32,1,224,0.00017794434097595513,0.968621875,1.0,320000,100000000,100320000,10000.0,14028800000,0.007519500000853441,0.004501299999901676,354.12646484375
exact,10000,32,1,225,0.0001779480226105079,0.968621875,1.0,320000,100000000,100320000,10000.0,14028800000,0.007153200000175275,0.004489200000534765,354.12646484375
exact,10000,32,1,226,0.00017794531595427543,0.968625,1.0,320000,100000000,100320000,10000.0,14028800000,0.007238700000016252,0.004597799999828567,354.12646484375
exact,10000,32,1,227,0.000177944588358514,0.968634375,1.0,320000,100000000,100320000,10000.0,14028800000,0.010756199999377714,0.0047256999987439485,354.12646484375
exact,10000,32,1,228,0.00017794599989429116,0.96865,1.0,320000,100000000,100320000,10000.0,14028800000,0.007267900000442751,0.0044993000010435935,354.12646484375
exact,10000,32,1,229,0.00017794306040741503,0.968659375,1.0,320000,100000000,100320000,10000.0,14028800000,0.007123100000171689,0.0044783000012103,354.12646484375
exact,10000,32,1,230,0.00017794460291042924,0.96865,1.0,320000,100000000,100320000,10000.0,14028800000,0.011174699999173754,0.00669700000071316,354.12646484375
exact,10000,32,1,231,0.00017794329323805869,0.968634375,1.0,320000,100000000,100320000,10000.0,14028800000,0.007505799998398288,0.004522700000961777,354.12646484375
exact,10000,32,1,232,0.00017794290033634752,0.9686375,1.0,320000,100000000,100320000,10000.0,14028800000,0.007182299999840325,0.0044940000007045455,354.12646484375
exact,10000,32,1,233,0.0001779444282874465,0.968621875,1.0,320000,100000000,100320000,10000.0,14028800000,0.007518200000049546,0.004738000001452747,354.12646484375
exact,10000,32,1,234,0.0001779463782440871,0.968615625,1.0,320000,100000000,100320000,10000.0,14028800000,0.0072779000001901295,0.004521700000623241,354.12646484375
exact,10000,32,1,235,0.0001779472513590008,0.968609375,1.0,320000,100000000,100320000,10000.0,14028800000,0.008251900000686874,0.005607700000837212,354.12646484375
exact,10000,32,1,236,0.00017794441373553127,0.968609375,1.0,320000,100000000,100320000,10000.0,14028800000,0.007723900000200956,0.004901100001006853,354.12646484375
exact,10000,32,1,237,0.00017794467567000538,0.968609375,1.0,320000,100000000,100320000,10000.0,14028800000,0.007186400000136928,0.004506499999479274,354.12646484375
exact,10000,32,1,238,0.0001779438171070069,0.968609375,1.0,320000,100000000,100320000,10000.0,14028800000,0.007803199998306809,0.004511900000579772,354.12646484375
exact,10000,32,1,239,0.0001779429439920932,0.968596875,1.0,320000,100000000,100320000,10000.0,14028800000,0.007160499999372405,0.0045018000000709435,354.12646484375
exact,10000,32,1,240,0.0001779434533091262,0.96859375,1.0,320000,100000000,100320000,10000.0,14028800000,0.00717600000098173,0.004498399999647518,354.12646484375
exact,10000,32,1,241,0.00017794044106267393,0.968603125,1.0,320000,100000000,100320000,10000.0,14028800000,0.00859870000022056,0.004498299998886068,354.12646484375
exact,10000,32,1,242,0.00017794342420529574,0.968603125,1.0,320000,100000000,100320000,10000.0,14028800000,0.00719319999916479,0.004487899999730871,354.12646484375
exact,10000,32,1,243,0.00017794544692151248,0.9685875,1.0,320000,100000000,100320000,10000.0,14028800000,0.009194300000672229,0.005294200000207638,354.12646484375
exact,10000,32,1,244,0.00017794403538573533,0.968596875,1.0,320000,100000000,100320000,10000.0,14028800000,0.007305000000997097,0.004512199999226141,354.12646484375
exact,10000,32,1,245,0.0001779391895979643,0.9686,1.0,320000,100000000,100320000,10000.0,14028800000,0.007206399999631685,0.00451719999909983,354.12646484375
exact,10000,32,1,246,0.00017794317682273686,0.9686,1.0,320000,100000000,100320000,10000.0,14028800000,0.0074736999995366205,0.004587500001434819,354.12646484375
exact,10000,32,1,247,0.00017794508312363178,0.968603125,1.0,320000,100000000,100320000,10000.0,14028800000,0.00713490000089223,0.004489299999477225,354.12646484375
exact,10000,32,1,248,0.00017793937877286226,0.968609375,1.0,320000,100000000,100320000,10000.0,14028800000,0.00713999999970838,0.004482599999391823,354.12646484375
exact,10000,32,1,249,0.00017794055747799575,0.96860625,1.0,320000,100000000,100320000,10000.0,14028800000,0.008117900000797817,0.005006900000807946,354.12646484375
exact,10000,32,1,250,0.00017794111045077443,0.9686125,1.0,320000,100000000,100320000,10000.0,14028800000,0.007256700000652927,0.004534600000624778,354.12646484375
exact,10000,32,1,251,0.0001779418671503663,0.96861875,1.0,320000,100000000,100320000,10000.0,14028800000,0.007810699999026838,0.004493200000069919,354.12646484375
exact,10000,32,1,252,0.0001779434096533805,0.9686125,1.0,320000,100000000,100320000,10000.0,14028800000,0.007262599998284713,0.004568599999402068,354.12646484375
exact,10000,32,1,253,0.00017794193990994245,0.9686125,1.0,320000,100000000,100320000,10000.0,14028800000,0.009355399999549263,0.004490100000111852,354.12646484375
exact,10000,32,1,254,0.00017794242012314498,0.968615625,1.0,320000,100000000,100320000,10000.0,14028800000,0.007836400000087451,0.004478899998503039,354.12646484375
exact,10000,32,1,255,0.0001779391895979643,0.968615625,1.0,320000,100000000,100320000,10000.0,14028800000,0.008097699999780161,0.0053960000004735775,354.12646484375
exact,10000,32,1,256,0.00017794343875721097,0.9686125,1.0,320000,100000000,100320000,10000.0,14028800000,0.008393500000238419,0.0056721000000834465,354.12646484375
exact,10000,32,1,257,0.0001779436133801937,0.968603125,1.0,320000,100000000,100320000,10000.0,14028800000,0.00715200000013283,0.004496400000789436,354.12646484375
exact,10000,32,1,258,0.00017794281302485615,0.968596875,1.0,320000,100000000,100320000,10000.0,14028800000,0.009341199998743832,0.005554800000027171,354.12646484375
exact,10000,32,1,259,0.0001779376034392044,0.96860625,1.0,320000,100000000,100320000,10000.0,14028800000,0.007108600000719889,0.00448310000138008,354.12646484375
exact,10000,32,1,260,0.0001779425365384668,0.968603125,1.0,320000,100000000,100320000,10000.0,14028800000,0.0075747999999293825,0.004517999999734457,354.12646484375
exact,10000,32,1,261,0.00017794029554352164,0.968603125,1.0,320000,100000000,100320000,10000.0,14028800000,0.007941500000015367,0.004859200000282726,354.12646484375
exact,10000,32,1,262,0.00017794209998100996,0.9686,1.0,320000,100000000,100320000,10000.0,14028800000,0.007214699999167351,0.004555499999696622,354.12646484375
exact,10000,32,1,263,0.00017794147424865514,0.968596875,1.0,320000,100000000,100320000,10000.0,14028800000,0.007134400000722962,0.004487700000026962,354.12646484375
exact,10000,32,1,264,0.00017794403538573533,0.968596875,1.0,320000,100000000,100320000,10000.0,14028800000,0.008202299999538809,0.00501569999869389,354.12646484375
exact,10000,32,1,265,0.00017793977167457342,0.96860625,1.0,320000,100000000,100320000,10000.0,14028800000,0.007203400000435067,0.004493799999181647,354.12646484375
exact,10000,32,1,266,0.00017794189625419676,0.96861875,1.0,320000,100000000,100320000,10000.0,14028800000,0.007667100000617211,0.004853899999943678,354.12646484375
exact,10000,32,1,267,0.0001779420126695186,0.9686125,1.0,320000,100000000,100320000,10000.0,14028800000,0.007154900000386988,0.00450260000070557,354.12646484375
exact,10000,32,1,268,0.00017794100858736783,0.968609375,1.0,320000,100000000,100320000,10000.0,14028800000,0.00717850000000908,0.0044809000009991,354.12646484375
exact,10000,32,1,269,0.00017793987353798002,0.96860625,1.0,320000,100000000,100320000,10000.0,14028800000,0.009701100001620944,0.006648399999903631,354.12646484375
exact,10000,32,1,270,0.00017793902952689677,0.968609375,1.0,320000,100000000,100320000,10000.0,14028800000,0.007186300001194468,0.004502100000536302,354.12646484375
exact,10000,32,1,271,0.00017794036830309778,0.9686,1.0,320000,100000000,100320000,10000.0,14028800000,0.0072147999999288,0.004502899999351939,354.12646484375
exact,10000,32,1,272,0.00017794000450521708,0.9686125,1.0,320000,100000000,100320000,10000.0,14028800000,0.0075058000002172776,0.004485999999815249,354.12646484375
exact,10000,32,1,273,0.00017793952429201454,0.968603125,1.0,320000,100000000,100320000,10000.0,14028800000,0.0072118999996746425,0.004541899999821908,354.12646484375
exact,10000,32,1,274,0.00017794007726479322,0.968603125,1.0,320000,100000000,100320000,10000.0,14028800000,0.007498899998608977,0.004847800000788993,354.12646484375
exact,10000,32,1,275,0.0001779417070792988,0.96860625,1.0,320000,100000000,100320000,10000.0,14028800000,0.007240099999762606,0.004557300000669784,354.12646484375
exact,10000,32,1,276,0.0001779406302375719,0.968609375,1.0,320000,100000000,100320000,10000.0,14028800000,0.007375999999567284,0.004506499999479274,354.12646484375
exact,10000,32,1,277,0.0001779389858711511,0.9686125,1.0,320000,100000000,100320000,10000.0,14028800000,0.008780500000284519,0.004999499999030377,354.12646484375
exact,10000,32,1,278,0.00017794148880057037,0.9686,1.0,320000,100000000,100320000,10000.0,14028800000,0.007217700000182958,0.004499499998928513,354.12646484375
exact,10000,32,1,279,0.0001779416052158922,0.968603125,1.0,320000,100000000,100320000,10000.0,14028800000,0.007653999999092775,0.004845800000111922,354.12646484375
exact,10000,32,1,280,0.00017793905863072723,0.968615625,1.0,320000,100000000,100320000,10000.0,14028800000,0.007150400000682566,0.004491100000450388,354.12646484375
exact,10000,32,1,281,0.00017793905863072723,0.96861875,1.0,320000,100000000,100320000,10000.0,14028800000,0.007211999998617102,0.004499100001339684,354.12646484375
exact,10000,32,1,282,0.0001779375015757978,0.968615625,1.0,320000,100000000,100320000,10000.0,14028800000,0.0071649000001343666,0.004487300000619143,354.12646484375
exact,10000,32,1,283,0.0001779406302375719,0.96860625,1.0,320000,100000000,100320000,10000.0,14028800000,0.011071799999626819,0.0050681000011536526,354.12646484375
exact,10000,32,1,284,0.00017794035375118256,0.968609375,1.0,320000,100000000,100320000,10000.0,14028800000,0.007521999999880791,0.0046196999992389465,354.12646484375
exact,10000,32,1,285,0.0001779393496690318,0.96861875,1.0,320000,100000000,100320000,10000.0,14028800000,0.007143400000131805,0.0044964999997318955,354.12646484375
exact,10000,32,1,286,0.00017793932056520134,0.9686125,1.0,320000,100000000,100320000,10000.0,14028800000,0.007545500000560423,0.004504599999563652,354.12646484375
exact,10000,32,1,287,0.0001779403246473521,0.96861875,1.0,320000,100000000,100320000,10000.0,14028800000,0.007428099999742699,0.004554200000711717,354.12646484375
exact,10000,32,1,288,0.0001779417652869597,0.96860625,1.0,320000,100000000,100320000,10000.0,14028800000,0.007153200000175275,0.004489700000704033,354.12646484375
exact,10000,32,1,289,0.00017794208542909473,0.9686,1.0,320000,100000000,100320000,10000.0,14028800000,0.007567099999505444,0.0048504000005777925,354.12646484375
exact,10000,32,1,290,0.0001779415615601465,0.9686,1.0,320000,100000000,100320000,10000.0,14028800000,0.009513900000456488,0.006612099999983911,354.12646484375
exact,10000,32,1,291,0.00017794017912819982,0.96860625,1.0,320000,100000000,100320000,10000.0,14028800000,0.007189600000856444,0.004511599998295424,354.12646484375
exact,10000,32,1,292,0.00017794051382225007,0.9686125,1.0,320000,100000000,100320000,10000.0,14028800000,0.0075135999995836755,0.004542199998468277,354.12646484375
exact,10000,32,1,293,0.00017794159066397697,0.9686,1.0,320000,100000000,100320000,10000.0,14028800000,0.007202299999335082,0.004506299999775365,354.12646484375
exact,10000,32,1,294,0.00017794057202991098,0.9686,1.0,320000,100000000,100320000,10000.0,14028800000,0.0077236999986780575,0.004935599999953411,354.12646484375
exact,10000,32,1,295,0.00017794105224311352,0.968603125,1.0,320000,100000000,100320000,10000.0,14028800000,0.007375200000751647,0.004522299999734969,354.12646484375
exact,10000,32,1,296,0.00017794246377889067,0.968603125,1.0,320000,100000000,100320000,10000.0,14028800000,0.007585400000607478,0.004494200000408455,354.12646484375
exact,10000,32,1,297,0.00017793892766349018,0.96860625,1.0,320000,100000000,100320000,10000.0,14028800000,0.007649700000911253,0.0045046000013826415,354.12646484375
exact,10000,32,1,298,0.00017794209998100996,0.96860625,1.0,320000,100000000,100320000,10000.0,14028800000,0.007444999999279389,0.00482209999972838,354.12646484375
exact,10000,32,1,299,0.00017794096493162215,0.9686125,1.0,320000,100000000,100320000,10000.0,14028800000,0.007187799999883282,0.004521199998634984,354.12646484375
exact,10000,32,1,300,0.0001779400190571323,0.9686,1.0,320000,100000000,100320000,10000.0,14028800000,0.007148099999540136,0.004489199998715776,354.12646484375
exact,10000,32,1,301,0.00017794246377889067,0.968609375,1.0,320000,100000000,100320000,10000.0,14028800000,0.007176600000093458,0.0045005000010860385,354.12646484375
exact,10000,32,1,302,0.00017794144514482468,0.96860625,1.0,320000,100000000,100320000,10000.0,14028800000,0.007516300000133924,0.004709199998615077,354.12646484375
exact,10000,32,1,303,0.00017793930601328611,0.968609375,1.0,320000,100000000,100320000,10000.0,14028800000,0.007275100000697421,0.004522799999904237,354.12646484375
exact,10000,32,1,304,0.00017793988808989525,0.968609375,1.0,320000,100000000,100320000,10000.0,14028800000,0.007168600001023151,0.004491699999562115,354.12646484375
exact,10000,32,1,305,0.0001779415033524856,0.968603125,1.0,320000,100000000,100320000,10000.0,14028800000,0.00815139999940584,0.005078700000012759,354.12646484375
exact,10000,32,1,306,0.00017794081941246986,0.96860625,1.0,320000,100000000,100320000,10000.0,14028800000,0.007179099999120808,0.004495799999858718,354.12646484375
exact,10000,32,1,307,0.00017794007726479322,0.968609375,1.0,320000,100000000,100320000,10000.0,14028800000,0.009969900000214693,0.007045099999231752,354.12646484375
exact,10000,32,1,308,0.00017794010636862367,0.968603125,1.0,320000,100000000,100320000,10000.0,14028800000,0.007842600000003586,0.004553900000246358,354.12646484375
exact,10000,32,1,309,0.00017794175073504448,0.968603125,1.0,320000,100000000,100320000,10000.0,14028800000,0.007140100000469829,0.00448810000125377,354.12646484375
exact,10000,32,1,310,0.00017794167797546834,0.96860625,1.0,320000,100000000,100320000,10000.0,14028800000,0.0073839999986375915,0.004657299999962561,354.12646484375
exact,10000,32,1,311,0.00017793949518818408,0.968609375,1.0,320000,100000000,100320000,10000.0,14028800000,0.007921000000351341,0.004988500000763452,354.12646484375
exact,10000,32,1,312,0.00017794167797546834,0.9686,1.0,320000,100000000,100320000,10000.0,14028800000,0.007783699998981319,0.00476399999934074,354.12646484375
exact,10000,32,1,313,0.00017794172163121402,0.968603125,1.0,320000,100000000,100320000,10000.0,14028800000,0.00720510000064678,0.004486499999984517,354.12646484375
exact,10000,32,1,314,0.00017794169252738357,0.96860625,1.0,320000,100000000,100320000,10000.0,14028800000,0.007618499999807682,0.0048968999999488005,354.12646484375
exact,10000,32,1,315,0.00017793994629755616,0.968603125,1.0,320000,100000000,100320000,10000.0,14028800000,0.007202699998742901,0.004535899999609683,354.12646484375
exact,10000,32,1,316,0.0001779410958988592,0.9686,1.0,320000,100000000,100320000,10000.0,14028800000,0.007148100001359126,0.00449530000150844,354.12646484375
exact,10000,32,1,317,0.00017794228915590793,0.968603125,1.0,320000,100000000,100320000,10000.0,14028800000,0.007362099999227212,0.0044846999990113545,354.12646484375
exact,10000,32,1,318,0.0001779421727405861,0.96860625,1.0,320000,100000000,100320000,10000.0,14028800000,0.0076640999996016035,0.005009299999073846,354.12646484375
exact,10000,32,1,319,0.0001779398589860648,0.968609375,1.0,320000,100000000,100320000,10000.0,14028800000,0.0071727999984432245,0.004496600000493345,354.12646484375
exact,10000,32,1,320,0.00017793885490391403,0.96860625,1.0,320000,100000000,100320000,10000.0,14028800000,0.008179500000551343,0.004529899999397458,354.12646484375
exact,10000,32,1,321,0.00017794112500268966,0.968603125,1.0,320000,100000000,100320000,10000.0,14028800000,0.007177299999966635,0.004501499999605585,354.12646484375
exact,10000,32,1,322,0.00017794234736356884,0.968603125,1.0,320000,100000000,100320000,10000.0,14028800000,0.007229800001368858,0.004527600000074017,354.12646484375
exact,10000,32,1,323,0.00017794007726479322,0.9686125,1.0,320000,100000000,100320000,10000.0,14028800000,0.007885900000474066,0.004497599999012891,354.12646484375
exact,10000,32,1,324,0.000177940892172046,0.96860625,1.0,320000,100000000,100320000,10000.0,14028800000,0.007207299999208772,0.0044851000002381625,354.12646484375
exact,10000,32,1,325,0.000177939553395845,0.968603125,1.0,320000,100000000,100320000,10000.0,14028800000,0.01100399999995716,0.004510400000071968,354.12646484375
exact,10000,32,1,326,0.00017794236191548407,0.9686,1.0,320000,100000000,100320000,10000.0,14028800000,0.007207000000562402,0.004496399998970446,354.12646484375
exact,10000,32,1,327,0.000177940062712878,0.968609375,1.0,320000,100000000,100320000,10000.0,14028800000,0.007219299999633222,0.004532199998720898,354.12646484375
exact,10000,32,1,328,0.0001779410376911983,0.96860625,1.0,320000,100000000,100320000,10000.0,14028800000,0.007138700000723475,0.004484700000830344,354.12646484375
exact,10000,32,1,329,0.00017794157611206174,0.9686,1.0,320000,100000000,100320000,10000.0,14028800000,0.007625199999893084,0.004977999999027816,354.12646484375
exact,10000,32,1,330,0.00017794060113374144,0.968603125,1.0,320000,100000000,100320000,10000.0,14028800000,0.007201500000519445,0.004542000000583357,354.12646484375
exact,10000,32,1,331,0.00017794121231418103,0.968609375,1.0,320000,100000000,100320000,10000.0,14028800000,0.010169400000449969,0.004482500000449363,354.12646484375
exact,10000,32,1,332,0.0001779409358277917,0.968603125,1.0,320000,100000000,100320000,10000.0,14028800000,0.007195000000137952,0.0045013999988441356,354.12646484375
exact,10000,32,1,333,0.00017794161976780742,0.9686,1.0,320000,100000000,100320000,10000.0,14028800000,0.008162300000549294,0.0048312000017176615,354.12646484375
exact,10000,32,1,334,0.00017794064478948712,0.968603125,1.0,320000,100000000,100320000,10000.0,14028800000,0.009363699999084929,0.006635800000367453,354.12646484375
exact,10000,32,1,335,0.0001779399608494714,0.96860625,1.0,320000,100000000,100320000,10000.0,14028800000,0.007158700000218232,0.004492199999731383,354.12646484375
exact,10000,32,1,336,0.0001779401209205389,0.968603125,1.0,320000,100000000,100320000,10000.0,14028800000,0.0075653999992937315,0.004754799998408998,354.12646484375
exact,10000,32,1,337,0.00017794161976780742,0.968603125,1.0,320000,100000000,100320000,10000.0,14028800000,0.0071404999998776475,0.004491399999096757,354.12646484375
exact,10000,32,1,338,0.00017794071754906327,0.96860625,1.0,320000,100000000,100320000,10000.0,14028800000,0.007201999998869724,0.004499299999224604,354.12646484375
exact,10000,32,1,339,0.00017794157611206174,0.968603125,1.0,320000,100000000,100320000,10000.0,14028800000,0.007561800000985386,0.00487270000121498,354.12646484375
exact,10000,32,1,340,0.00017793930601328611,0.968603125,1.0,320000,100000000,100320000,10000.0,14028800000,0.007205600000816048,0.00452190000032715,354.12646484375
exact,10000,32,1,341,0.0001779394078766927,0.96860625,1.0,320000,100000000,100320000,10000.0,14028800000,0.007157599999118247,0.004489199998715776,354.12646484375
exact,10000,32,1,342,0.00017794242012314498,0.96860625,1.0,320000,100000000,100320000,10000.0,14028800000,0.007721900001342874,0.004518899999311543,354.12646484375
exact,10000,32,1,343,0.00017794172163121402,0.96860625,1.0,320000,100000000,100320000,10000.0,14028800000,0.007141099998989375,0.004494200000408455,354.12646484375
exact,10000,32,1,344,0.000177940892172046,0.9686,1.0,320000,100000000,100320000,10000.0,14028800000,0.007437799999024719,0.004503599999225116,354.12646484375
exact,10000,32,1,345,0.00017793846200220287,0.96860625,1.0,320000,100000000,100320000,10000.0,14028800000,0.007230300001538126,0.004492300000492833,354.12646484375
exact,10000,32,1,346,0.00017794185259845108,0.968609375,1.0,320000,100000000,100320000,10000.0,14028800000,0.010403400001450791,0.005691800000931835,354.12646484375
exact,10000,32,1,347,0.00017794157611206174,0.968603125,1.0,320000,100000000,100320000,10000.0,14028800000,0.007459700000254088,0.004618699998900411,354.12646484375
exact,10000,32,1,348,0.00017794095037970692,0.968603125,1.0,320000,100000000,100320000,10000.0,14028800000,0.007506600000851904,0.004768000000694883,354.12646484375
exact,10000,32,1,349,0.00017794003360904753,0.968603125,1.0,320000,100000000,100320000,10000.0,14028800000,0.007258100000399281,0.0045499000007112045,354.12646484375
exact,10000,32,1,350,0.00017794080486055464,0.96860625,1.0,320000,100000000,100320000,10000.0,14028800000,0.007159099999626051,0.004504799999267561,354.12646484375
exact,10000,32,1,351,0.00017794157611206174,0.968603125,1.0,320000,100000000,100320000,10000.0,14028800000,0.007198700001026737,0.004508500000156346,354.12646484375
exact,10000,32,1,352,0.00017794025188777596,0.96860625,1.0,320000,100000000,100320000,10000.0,14028800000,0.007501199999751407,0.004820999998628395,354.12646484375
exact,10000,32,1,353,0.00017793998995330185,0.968603125,1.0,320000,100000000,100320000,10000.0,14028800000,0.007196299999122857,0.004508699999860255,354.12646484375
exact,10000,32,1,354,0.00017794240557122976,0.96860625,1.0,320000,100000000,100320000,10000.0,14028800000,0.007438900000124704,0.004545299998426344,354.12646484375
exact,10000,32,1,355,0.00017793997540138662,0.968603125,1.0,320000,100000000,100320000,10000.0,14028800000,0.007673300000533345,0.004889200001343852,354.12646484375
exact,10000,32,1,356,0.00017793937877286226,0.96860625,1.0,320000,100000000,100320000,10000.0,14028800000,0.007523899999796413,0.004712300000392133,354.12646484375
exact,10000,32,1,357,0.00017794102313928306,0.96860625,1.0,320000,100000000,100320000,10000.0,14028800000,0.00717360000089684,0.004485900000872789,354.12646484375
exact,10000,32,1,358,0.0001779423764673993,0.96860625,1.0,320000,100000000,100320000,10000.0,14028800000,0.007595999999466585,0.004905499999949825,354.12646484375
exact,10000,32,1,359,0.0001779416052158922,0.968603125,1.0,320000,100000000,100320000,10000.0,14028800000,0.007154099999752361,0.004486000001634238,354.12646484375
exact,10000,32,1,360,0.000177937705302611,0.96860625,1.0,320000,100000000,100320000,10000.0,14028800000,0.007209899998997571,0.004504500000621192,354.12646484375
exact,10000,32,1,361,0.00017794167797546834,0.9686,1.0,320000,100000000,100320000,10000.0,14028800000,0.007170799999585142,0.004491100000450388,354.12646484375
exact,10000,32,1,362,0.00017794199811760336,0.968609375,1.0,320000,100000000,100320000,10000.0,14028800000,0.007314799999221577,0.004570500001136679,354.12646484375
exact,10000,32,1,363,0.00017794153245631605,0.968603125,1.0,320000,100000000,100320000,10000.0,14028800000,0.007479699999748846,0.004659500000343542,354.12646484375
exact,10000,32,1,364,0.0001779392478056252,0.968603125,1.0,320000,100000000,100320000,10000.0,14028800000,0.009942999999111635,0.00536169999941194,354.12646484375
exact,10000,32,1,365,0.00017794004816096276,0.9686,1.0,320000,100000000,100320000,10000.0,14028800000,0.007158000000345055,0.004494200000408455,354.12646484375
exact,10000,32,1,366,0.00017794240557122976,0.96860625,1.0,320000,100000000,100320000,10000.0,14028800000,0.009071700000276905,0.005342600001313258,354.12646484375
exact,10000,32,1,367,0.00017794105224311352,0.96860625,1.0,320000,100000000,100320000,10000.0,14028800000,0.007170799999585142,0.004494200000408455,354.12646484375
exact,10000,32,1,368,0.00017793923325370997,0.968603125,1.0,320000,100000000,100320000,10000.0,14028800000,0.009692199999335571,0.006514900000183843,354.12646484375
exact,10000,32,1,369,0.00017794163431972265,0.968596875,1.0,320000,100000000,100320000,10000.0,14028800000,0.007150400000682566,0.004489700000704033,354.12646484375
exact,10000,32,1,370,0.00017794081941246986,0.968609375,1.0,320000,100000000,100320000,10000.0,14028800000,0.007655600000362028,0.004475800000363961,354.12646484375
exact,10000,32,1,371,0.00017794163431972265,0.96860625,1.0,320000,100000000,100320000,10000.0,14028800000,0.007207399999970221,0.004515700000411016,354.12646484375
exact,10000,32,1,372,0.00017793866572901607,0.968609375,1.0,320000,100000000,100320000,10000.0,14028800000,0.008503999999447842,0.004486999998334795,354.12646484375
exact,10000,32,1,373,0.0001779416052158922,0.968596875,1.0,320000,100000000,100320000,10000.0,14028800000,0.007143900000301073,0.0044928999996045604,354.12646484375
exact,10000,32,1,374,0.00017794240557122976,0.96860625,1.0,320000,100000000,100320000,10000.0,14028800000,0.009766799999852083,0.00448560000040743,354.12646484375
exact,10000,32,1,375,0.00017794017912819982,0.968609375,1.0,320000,100000000,100320000,10000.0,14028800000,0.0075201999989076285,0.004485399998884532,354.12646484375
exact,10000,32,1,376,0.0001779391895979643,0.96860625,1.0,320000,100000000,100320000,10000.0,14028800000,0.007261700000526616,0.004473399998460081,354.12646484375
exact,10000,32,1,377,0.0001779410958988592,0.9686,1.0,320000,100000000,100320000,10000.0,14028800000,0.007482299999537645,0.00460430000021006,354.12646484375
exact,10000,32,1,378,0.00017794234736356884,0.96860625,1.0,320000,100000000,100320000,10000.0,14028800000,0.007175800001277821,0.004498500000408967,354.12646484375
exact,10000,32,1,379,0.00017794163431972265,0.96860625,1.0,320000,100000000,100320000,10000.0,14028800000,0.0073320999999850756,0.0045003999985056,354.12646484375
exact,10000,32,1,380,0.00017793773440644145,0.96860625,1.0,320000,100000000,100320000,10000.0,14028800000,0.009272299999793177,0.004971599999407772,354.12646484375
exact,10000,32,1,381,0.00017794144514482468,0.9686,1.0,320000,100000000,100320000,10000.0,14028800000,0.007980899999893154,0.005187699998714379,354.12646484375
exact,10000,32,1,382,0.00017794172163121402,0.968603125,1.0,320000,100000000,100320000,10000.0,14028800000,0.007167300000219257,0.00448809999943478,354.12646484375
exact,10000,32,1,383,0.0001779417070792988,0.968609375,1.0,320000,100000000,100320000,10000.0,14028800000,0.007680200000322657,0.004880700000285287,354.12646484375
exact,10000,32,1,384,0.00017793932056520134,0.96860625,1.0,320000,100000000,100320000,10000.0,14028800000,0.008460300001388532,0.004481900001337635,354.12646484375
exact,10000,32,1,385,0.00017794004816096276,0.9686,1.0,320000,100000000,100320000,10000.0,14028800000,0.009996599999794853,0.005573700000240933,354.12646484375
exact,10000,32,1,386,0.00017794212908484042,0.968603125,1.0,320000,100000000,100320000,10000.0,14028800000,0.007146699999793782,0.00448809999943478,354.12646484375
exact,10000,32,1,387,0.00017794111045077443,0.968609375,1.0,320000,100000000,100320000,10000.0,14028800000,0.0071494000003440306,0.0044993999999860534,354.12646484375
exact,10000,32,1,388,0.00017793930601328611,0.96860625,1.0,320000,100000000,100320000,10000.0,14028800000,0.007249700000102166,0.004522400000496418,354.12646484375
exact,10000,32,1,389,0.00017794161976780742,0.968596875,1.0,320000,100000000,100320000,10000.0,14028800000,0.007470500000636093,0.0047635999999329215,354.12646484375
exact,10000,32,1,390,0.0001779407321009785,0.96860625,1.0,320000,100000000,100320000,10000.0,14028800000,0.00717129999975441,0.0045083999993948964,354.12646484375
exact,10000,32,1,391,0.00017794143059290946,0.96860625,1.0,320000,100000000,100320000,10000.0,14028800000,0.007199499999842374,0.004494900000281632,354.12646484375
exact,10000,32,1,392,0.0001779387384885922,0.96860625,1.0,320000,100000000,100320000,10000.0,14028800000,0.00784399999974994,0.005012799998439732,354.12646484375
exact,10000,32,1,393,0.00017794172163121402,0.968603125,1.0,320000,100000000,100320000,10000.0,14028800000,0.007781499998600339,0.004586500001096283,354.12646484375
exact,10000,32,1,394,0.00017794242012314498,0.96860625,1.0,320000,100000000,100320000,10000.0,14028800000,0.0076979000004939735,0.004784700000527664,354.12646484375
exact,10000,32,1,395,0.0001779383746907115,0.968609375,1.0,320000,100000000,100320000,10000.0,14028800000,0.007179999998697895,0.004501500001424574,354.12646484375
exact,10000,32,1,396,0.00017794077575672418,0.968603125,1.0,320000,100000000,100320000,10000.0,14028800000,0.007559699999546865,0.004867300000114483,354.12646484375
exact,10000,32,1,397,0.00017794112500268966,0.9686,1.0,320000,100000000,100320000,10000.0,14028800000,0.007189300000391086,0.004499500000747503,354.12646484375
exact,10000,32,1,398,0.00017794242012314498,0.96860625,1.0,320000,100000000,100320000,10000.0,14028800000,0.0077848000000813045,0.0044993000010435935,354.12646484375
exact,10000,32,1,399,0.00017794003360904753,0.968609375,1.0,320000,100000000,100320000,10000.0,14028800000,0.009753400001500268,0.005754200001319987,354.12646484375
exact,10000,32,1,400,0.00017793929146137089,0.968603125,1.0,320000,100000000,100320000,10000.0,14028800000,0.008173300000635209,0.0053670999986934476,354.12646484375
exact,10000,32,1,401,0.00017794144514482468,0.9686,1.0,320000,100000000,100320000,10000.0,14028800000,0.007582199999887962,0.0048337000007450115,354.12646484375
exact,10000,32,1,402,0.0001779418671503663,0.968609375,1.0,320000,100000000,100320000,10000.0,14028800000,0.009954299999662908,0.004489700000704033,354.12646484375
exact,10000,32,1,403,0.00017794003360904753,0.968609375,1.0,320000,100000000,100320000,10000.0,14028800000,0.008539700000255834,0.005068399999800022,354.12646484375
exact,10000,32,1,404,0.00017794086306821555,0.9686,1.0,320000,100000000,100320000,10000.0,14028800000,0.007520600000134436,0.004493300000831368,354.12646484375
exact,10000,32,1,405,0.00017794007726479322,0.9686,1.0,320000,100000000,100320000,10000.0,14028800000,0.007492999999158201,0.004497500000070431,354.12646484375
exact,10000,32,1,406,0.00017794060113374144,0.9686125,1.0,320000,100000000,100320000,10000.0,14028800000,0.008262800000011339,0.004805599999599508,354.12646484375
exact,10000,32,1,407,0.00017794111045077443,0.968609375,1.0,320000,100000000,100320000,10000.0,14028800000,0.007782900000165682,0.004864099999394966,354.12646484375
exact,10000,32,1,408,0.00017794087762013078,0.9686,1.0,320000,100000000,100320000,10000.0,14028800000,0.007569600000351784,0.004873199999565259,354.12646484375
exact,10000,32,1,409,0.00017794009181670845,0.968603125,1.0,320000,100000000,100320000,10000.0,14028800000,0.007492900000215741,0.004824199999347911,354.12646484375
exact,10000,32,1,410,0.00017794239101931453,0.968603125,1.0,320000,100000000,100320000,10000.0,14028800000,0.008249399999840534,0.0051015999997616746,354.12646484375
exact,10000,32,1,411,0.00017794007726479322,0.968609375,1.0,320000,100000000,100320000,10000.0,14028800000,0.007633200000782381,0.0045922999997856095,354.12646484375
exact,10000,32,1,412,0.00017794028099160641,0.96860625,1.0,320000,100000000,100320000,10000.0,14028800000,0.008635300000605639,0.00474450000001525,354.12646484375
exact,10000,32,1,413,0.00017794003360904753,0.968603125,1.0,320000,100000000,100320000,10000.0,14028800000,0.00768170000083046,0.004502100000536302,354.12646484375
exact,10000,32,1,414,0.00017794234736356884,0.968603125,1.0,320000,100000000,100320000,10000.0,14028800000,0.008126099999572034,0.0053952000016579404,354.12646484375
exact,10000,32,1,415,0.00017794175073504448,0.96860625,1.0,320000,100000000,100320000,10000.0,14028800000,0.007522500000050059,0.004849699998885626,354.12646484375
exact,10000,32,1,416,0.00017793757433537394,0.9686125,1.0,320000,100000000,100320000,10000.0,14028800000,0.007925899999463581,0.005029799998737872,354.12646484375
exact,10000,32,1,417,0.0001779409940354526,0.968603125,1.0,320000,100000000,100320000,10000.0,14028800000,0.007699800000409596,0.004998399999749381,354.12646484375
exact,10000,32,1,418,0.00017794230370782316,0.968603125,1.0,320000,100000000,100320000,10000.0,14028800000,0.007922200000393786,0.004496500001550885,354.12646484375
exact,10000,32,1,419,0.0001779401209205389,0.968609375,1.0,320000,100000000,100320000,10000.0,14028800000,0.007757999999739695,0.004501699999309494,354.12646484375
exact,10000,32,1,420,0.00017794086306821555,0.9686,1.0,320000,100000000,100320000,10000.0,14028800000,0.0075825000003533205,0.004862399999183253,354.12646484375
exact,10000,32,1,421,0.00017793993174564093,0.968603125,1.0,320000,100000000,100320000,10000.0,14028800000,0.008023600001251907,0.005137900001500384,354.12646484375
exact,10000,32,1,422,0.00017794019368011504,0.968609375,1.0,320000,100000000,100320000,10000.0,14028800000,0.0075605000001814915,0.004852000000028056,354.12646484375
exact,10000,32,1,423,0.00017794157611206174,0.96860625,1.0,320000,100000000,100320000,10000.0,14028800000,0.007707599999775994,0.004498400001466507,354.12646484375
exact,10000,32,1,424,0.000177940892172046,0.9686,1.0,320000,100000000,100320000,10000.0,14028800000,0.007658200000150828,0.004541400001471629,354.12646484375
exact,10000,32,1,425,0.000177940062712878,0.968603125,1.0,320000,100000000,100320000,10000.0,14028800000,0.008614899999884074,0.005410000001575099,354.12646484375
exact,10000,32,1,426,0.0001779407321009785,0.968603125,1.0,320000,100000000,100320000,10000.0,14028800000,0.008054899999478948,0.005070599998362013,354.12646484375
exact,10000,32,1,427,0.0001779416052158922,0.968603125,1.0,320000,100000000,100320000,10000.0,14028800000,0.008235599998442922,0.005230799999480951,354.12646484375
exact,10000,32,1,428,0.00017794047016650438,0.96860625,1.0,320000,100000000,100320000,10000.0,14028800000,0.007762200000797748,0.00498160000097414,354.12646484375
exact,10000,32,1,429,0.00017794015002436936,0.96860625,1.0,320000,100000000,100320000,10000.0,14028800000,0.00803480000104173,0.004777500000272994,354.12646484375
exact,10000,32,1,430,0.00017794234736356884,0.9686,1.0,320000,100000000,100320000,10000.0,14028800000,0.007630300000528223,0.00484859999960463,354.12646484375
exact,10000,32,1,431,0.00017794004816096276,0.96860625,1.0,320000,100000000,100320000,10000.0,14028800000,0.007809999999153661,0.005020599999625119,354.12646484375
exact,10000,32,1,432,0.00017793916049413383,0.96860625,1.0,320000,100000000,100320000,10000.0,14028800000,0.007594499998958781,0.004854900000282214,354.12646484375
exact,10000,32,1,433,0.0001779411977622658,0.96860625,1.0,320000,100000000,100320000,10000.0,14028800000,0.008025700000871439,0.005167100000107894,354.12646484375
exact,10000,32,1,434,0.00017794228915590793,0.968603125,1.0,320000,100000000,100320000,10000.0,14028800000,0.007609000000229571,0.004489200000534765,354.12646484375
exact,10000,32,1,435,0.00017793997540138662,0.96860625,1.0,320000,100000000,100320000,10000.0,14028800000,0.008462599998892983,0.005283299999064184,354.12646484375
exact,10000,32,1,436,0.0001779394078766927,0.96860625,1.0,320000,100000000,100320000,10000.0,14028800000,0.007820400000127847,0.004727999999886379,354.12646484375
exact,10000,32,1,437,0.0001779415033524856,0.9686,1.0,320000,100000000,100320000,10000.0,14028800000,0.008052899998801877,0.005164899999726913,354.12646484375
exact,10000,32,1,438,0.0001779417652869597,0.96860625,1.0,320000,100000000,100320000,10000.0,14028800000,0.007742499999949359,0.004993300000933232,354.12646484375
exact,10000,32,1,439,0.000177940062712878,0.968609375,1.0,320000,100000000,100320000,10000.0,14028800000,0.010007900000346126,0.005880000000615837,354.12646484375
exact,10000,32,1,440,0.00017794096493162215,0.9686,1.0,320000,100000000,100320000,10000.0,14028800000,0.0076004000002285466,0.004882999999608728,354.12646484375
exact,10000,32,1,441,0.00017794004816096276,0.9686,1.0,320000,100000000,100320000,10000.0,14028800000,0.00913360000049579,0.0060309000000415836,354.12646484375
exact,10000,32,1,442,0.00017794067389331758,0.9686125,1.0,320000,100000000,100320000,10000.0,14028800000,0.007688000001508044,0.004968499999449705,354.12646484375
exact,10000,32,1,443,0.0001779410376911983,0.96860625,1.0,320000,100000000,100320000,10000.0,14028800000,0.008290599998872494,0.0048569000009592855,354.12646484375
exact,10000,32,1,444,0.000177940892172046,0.9686,1.0,320000,100000000,100320000,10000.0,14028800000,0.007552999999461463,0.004556800000500516,354.12646484375
exact,10000,32,1,445,0.00017794015002436936,0.96860625,1.0,320000,100000000,100320000,10000.0,14028800000,0.00815859999966051,0.004946400000335416,354.12646484375
exact,10000,32,1,446,0.0001779423764673993,0.968603125,1.0,320000,100000000,100320000,10000.0,14028800000,0.008230700001149671,0.004955999998855987,354.12646484375
exact,10000,32,1,447,0.00017794000450521708,0.96860625,1.0,320000,100000000,100320000,10000.0,14028800000,0.007770000000164146,0.004792800000359421,354.12646484375
exact,10000,32,1,448,0.00017794028099160641,0.96860625,1.0,320000,100000000,100320000,10000.0,14028800000,0.008474000000205706,0.005322099999830243,354.12646484375
exact,10000,32,1,449,0.000177940062712878,0.968603125,1.0,320000,100000000,100320000,10000.0,14028800000,0.007896599998275633,0.004902500000753207,354.12646484375
exact,10000,32,1,450,0.0001779425365384668,0.96860625,1.0,320000,100000000,100320000,10000.0,14028800000,0.00820190000013099,0.004992700000002515,354.12646484375
exact,10000,32,1,451,0.0001779416052158922,0.96860625,1.0,320000,100000000,100320000,10000.0,14028800000,0.009282700000767363,0.006180099999255617,354.12646484375
exact,10000,32,1,452,0.00017793753067962825,0.968609375,1.0,320000,100000000,100320000,10000.0,14028800000,0.008092199999737204,0.004594399999405141,354.12646484375
exact,10000,32,1,453,0.0001779409358277917,0.968603125,1.0,320000,100000000,100320000,10000.0,14028800000,0.007976499999131192,0.004559599999993225,354.12646484375
exact,10000,32,1,454,0.0001779423764673993,0.96860625,1.0,320000,100000000,100320000,10000.0,14028800000,0.007200699999884819,0.004504500000621192,354.12646484375
exact,10000,32,1,455,0.00017793998995330185,0.96860625,1.0,320000,100000000,100320000,10000.0,14028800000,0.007398100000500563,0.004605099999025697,354.12646484375
exact,10000,32,1,456,0.00017794090672396123,0.9686,1.0,320000,100000000,100320000,10000.0,14028800000,0.008519200000591809,0.004741099999591825,354.12646484375
exact,10000,32,1,457,0.00017793946608435363,0.968609375,1.0,320000,100000000,100320000,10000.0,14028800000,0.008069999999861466,0.004487799998969422,354.12646484375
exact,10000,32,1,458,0.00017794234736356884,0.968603125,1.0,320000,100000000,100320000,10000.0,14028800000,0.007300100000065868,0.004589500000292901,354.12646484375
exact,10000,32,1,459,0.00017794007726479322,0.968609375,1.0,320000,100000000,100320000,10000.0,14028800000,0.007282499998837011,0.0045196999999461696,354.12646484375
exact,10000,32,1,460,0.00017794090672396123,0.9686,1.0,320000,100000000,100320000,10000.0,14028800000,0.007291199999599485,0.0045903000009275274,354.12646484375
exact,10000,32,1,461,0.00017794004816096276,0.9686,1.0,320000,100000000,100320000,10000.0,14028800000,0.008616200000687968,0.004485400000703521,354.12646484375
exact,10000,32,1,462,0.00017794077575672418,0.968609375,1.0,320000,100000000,100320000,10000.0,14028800000,0.007756499999231892,0.004756899999847519,354.12646484375
exact,10000,32,1,463,0.00017794169252738357,0.96860625,1.0,320000,100000000,100320000,10000.0,14028800000,0.007160499999372405,0.00449060000028112,354.12646484375
exact,10000,32,1,464,0.00017794045561458915,0.968603125,1.0,320000,100000000,100320000,10000.0,14028800000,0.00792399999954796,0.0051281000014569145,354.12646484375
exact,10000,32,1,465,0.0001779400190571323,0.968603125,1.0,320000,100000000,100320000,10000.0,14028800000,0.007209800000055111,0.004515900000114925,354.12646484375
exact,10000,32,1,466,0.00017794240557122976,0.968603125,1.0,320000,100000000,100320000,10000.0,14028800000,0.007612400000652997,0.0045059000003675465,354.12646484375
exact,10000,32,1,467,0.0001779416052158922,0.968603125,1.0,320000,100000000,100320000,10000.0,14028800000,0.007200699999884819,0.004512199999226141,354.12646484375
exact,10000,32,1,468,0.0001779388403519988,0.96860625,1.0,320000,100000000,100320000,10000.0,14028800000,0.007567600001493702,0.004844000000957749,354.12646484375
exact,10000,32,1,469,0.0001779399171937257,0.96860625,1.0,320000,100000000,100320000,10000.0,14028800000,0.007191799999418436,0.004513500000030035,354.12646484375
exact,10000,32,1,470,0.00017794240557122976,0.96860625,1.0,320000,100000000,100320000,10000.0,14028800000,0.007199000001492095,0.00449300000036601,354.12646484375
exact,10000,32,1,471,0.00017794169252738357,0.96860625,1.0,320000,100000000,100320000,10000.0,14028800000,0.007631399999809219,0.004863399999521789,354.12646484375
exact,10000,32,1,472,0.00017793754523154348,0.968609375,1.0,320000,100000000,100320000,10000.0,14028800000,0.007206700000097044,0.004507999999987078,354.12646484375
exact,10000,32,1,473,0.00017794154700823128,0.968603125,1.0,320000,100000000,100320000,10000.0,14028800000,0.007369599999947241,0.00452919999952428,354.12646484375
exact,10000,32,1,474,0.00017794188170228153,0.96860625,1.0,320000,100000000,100320000,10000.0,14028800000,0.008021999999982654,0.004892499999186839,354.12646484375
exact,10000,32,1,475,0.00017794169252738357,0.96860625,1.0,320000,100000000,100320000,10000.0,14028800000,0.007750300001134747,0.005022000001190463,354.12646484375
exact,10000,32,1,476,0.00017793929146137089,0.968603125,1.0,320000,100000000,100320000,10000.0,14028800000,0.007406999999147956,0.004569800001263502,354.12646484375
exact,10000,32,1,477,0.00017793993174564093,0.96860625,1.0,320000,100000000,100320000,10000.0,14028800000,0.008068299999649753,0.005164300000615185,354.12646484375
exact,10000,32,1,478,0.00017794183804653585,0.96860625,1.0,320000,100000000,100320000,10000.0,14028800000,0.007452200001353049,0.004551300000457559,354.12646484375
exact,10000,32,1,479,0.00017794009181670845,0.968609375,1.0,320000,100000000,100320000,10000.0,14028800000,0.007215799998448347,0.004536000000371132,354.12646484375
exact,10000,32,1,480,0.00017794090672396123,0.9686,1.0,320000,100000000,100320000,10000.0,14028800000,0.007192900000518421,0.0045507999984693015,354.12646484375
exact,10000,32,1,481,0.00017794010636862367,0.968603125,1.0,320000,100000000,100320000,10000.0,14028800000,0.008668600001328741,0.0044916000006196555,354.12646484375
exact,10000,32,1,482,0.00017794074665289372,0.96860625,1.0,320000,100000000,100320000,10000.0,14028800000,0.007168400001319242,0.004497199999605073,354.12646484375
exact,10000,32,1,483,0.0001779411977622658,0.968609375,1.0,320000,100000000,100320000,10000.0,14028800000,0.007516700001360732,0.004849099999773898,354.12646484375
exact,10000,32,1,484,0.00017794096493162215,0.9686,1.0,320000,100000000,100320000,10000.0,14028800000,0.00860620000094059,0.0047754000006534625,354.12646484375
exact,10000,32,1,485,0.00017794007726479322,0.96860625,1.0,320000,100000000,100320000,10000.0,14028800000,0.007182700001067133,0.004494699998758733,354.12646484375
exact,10000,32,1,486,0.00017794236191548407,0.968603125,1.0,320000,100000000,100320000,10000.0,14028800000,0.007378400001471164,0.004597299999659299,354.12646484375
exact,10000,32,1,487,0.00017794000450521708,0.96860625,1.0,320000,100000000,100320000,10000.0,14028800000,0.007256499999130028,0.004547499998807325,354.12646484375
exact,10000,32,1,488,0.00017794025188777596,0.968609375,1.0,320000,100000000,100320000,10000.0,14028800000,0.0076521999999386026,0.004953700001351535,354.12646484375
exact,10000,32,1,489,0.0001779400190571323,0.968603125,1.0,320000,100000000,100320000,10000.0,14028800000,0.008092099998975755,0.005397000000812113,354.12646484375
exact,10000,32,1,490,0.00017794218729250133,0.96860625,1.0,320000,100000000,100320000,10000.0,14028800000,0.008221600000979379,0.005275200001051417,354.12646484375
exact,10000,32,1,491,0.00017794010636862367,0.968609375,1.0,320000,100000000,100320000,10000.0,14028800000,0.007220499999675667,0.004516999999395921,354.12646484375
exact,10000,32,1,492,0.0001779391459422186,0.96860625,1.0,320000,100000000,100320000,10000.0,14028800000,0.009000299998660921,0.004810999998881016,354.12646484375
exact,10000,32,1,493,0.00017794105224311352,0.9686,1.0,320000,100000000,100320000,10000.0,14028800000,0.007244700000228477,0.004532699998890166,354.12646484375
exact,10000,32,1,494,0.00017794239101931453,0.96860625,1.0,320000,100000000,100320000,10000.0,14028800000,0.010042099998827325,0.004503900001509464,354.12646484375
exact,10000,32,1,495,0.0001779400190571323,0.96860625,1.0,320000,100000000,100320000,10000.0,14028800000,0.007394399999611778,0.004579799999191891,354.12646484375
exact,10000,32,1,496,0.0001779389858711511,0.96860625,1.0,320000,100000000,100320000,10000.0,14028800000,0.007555399999546353,0.004603600000336883,354.12646484375
exact,10000,32,1,497,0.00017794108134694397,0.9686,1.0,320000,100000000,100320000,10000.0,14028800000,0.007225600000310806,0.004538799999863841,354.12646484375
exact,10000,32,1,498,0.00017794239101931453,0.96860625,1.0,320000,100000000,100320000,10000.0,14028800000,0.007262600000103703,0.004510000000664149,354.12646484375
exact,10000,32,1,499,0.00017793998995330185,0.968609375,1.0,320000,100000000,100320000,10000.0,14028800000,0.009381100000609877,0.004515700000411016,354.12646484375
exact,10000,32,1,500,0.000177939044078812,0.96860625,1.0,320000,100000000,100320000,10000.0,14028800000,0.007179300000643707,0.004487799998969422,354.12646484375
ariad,10000,32,1,1,0.20883212983608246,0.011615625,0.013603125,320000,1440000,1760000,144.0,1413120000,0.07358129999920493,0.07017380000070261,354.00146484375
ariad,10000,32,1,2,0.1787792146205902,0.021546875,0.036071875,320000,1440000,1760000,144.0,1413120000,0.010808400000314577,0.007443700000294484,353.65771484375
ariad,10000,32,1,3,0.16235950589179993,0.03241875,0.072434375,320000,1440000,1760000,144.0,1413120000,0.007539500000348198,0.004809599999134662,354.12646484375
ariad,10000,32,1,4,0.15033254027366638,0.04316875,0.12159375,320000,1440000,1760000,144.0,1413120000,0.008416699998633703,0.0056484999986423645,353.65771484375
ariad,10000,32,1,5,0.14160948991775513,0.05321875,0.18199375,320000,1440000,1760000,144.0,1413120000,0.007827899999028887,0.004995700001018122,354.12646484375
ariad,10000,32,1,6,0.13534462451934814,0.06146875,0.2492375,320000,1440000,1760000,144.0,1413120000,0.007716699999946286,0.004903200000626384,354.12646484375
ariad,10000,32,1,7,0.13056562840938568,0.067396875,0.319515625,320000,1440000,1760000,144.0,1413120000,0.00847529999919061,0.005438300000605523,354.12646484375
ariad,10000,32,1,8,0.12707029283046722,0.07095625,0.38785,320000,1440000,1760000,144.0,1413120000,0.007890800001405296,0.004944000000250526,354.12646484375
ariad,10000,32,1,9,0.12431135028600693,0.073284375,0.450934375,320000,1440000,1760000,144.0,1413120000,0.008250999999290798,0.0048284999993484234,354.12646484375
ariad,10000,32,1,10,0.12202981859445572,0.073884375,0.506321875,320000,1440000,1760000,144.0,1413120000,0.008106499999485095,0.004994199998691329,354.12646484375
ariad,10000,32,1,11,0.12007497251033783,0.073265625,0.55320625,320000,1440000,1760000,144.0,1413120000,0.007847099999708007,0.0047950000007404014,354.12646484375
ariad,10000,32,1,12,0.11847417056560516,0.072078125,0.59125,320000,1440000,1760000,144.0,1413120000,0.008510900001056143,0.004804800000783871,354.12646484375
ariad,10000,32,1,13,0.11707839369773865,0.07085625,0.624875,320000,1440000,1760000,144.0,1413120000,0.008302899999762303,0.005196300000534393,354.12646484375
ariad,10000,32,1,14,0.11593993753194809,0.06975625,0.653125,320000,1440000,1760000,144.0,1413120000,0.00794320000022708,0.00480980000065756,354.12646484375
ariad,10000,32,1,15,0.11490669846534729,0.068828125,0.677009375,320000,1440000,1760000,144.0,1413120000,0.010845099999642116,0.0068697999995492864,354.12646484375
ariad,10000,32,1,16,0.11405982077121735,0.067978125,0.697125,320000,1440000,1760000,144.0,1413120000,0.007987899998624926,0.004809699999896111,354.12646484375
ariad,10000,32,1,17,0.11333747208118439,0.0674375,0.715353125,320000,1440000,1760000,144.0,1413120000,0.008531599998605088,0.005312600000252132,354.12646484375
ariad,10000,32,1,18,0.11268322169780731,0.067090625,0.7305625,320000,1440000,1760000,144.0,1413120000,0.008466999999654945,0.005268999999316293,354.12646484375
ariad,10000,32,1,19,0.11210973560810089,0.06726875,0.744571875,320000,1440000,1760000,144.0,1413120000,0.00808609999876353,0.00486809999893012,354.12646484375
ariad,10000,32,1,20,0.11159565299749374,0.067659375,0.75799375,320000,1440000,1760000,144.0,1413120000,0.008000300000276184,0.00478339999972377,354.12646484375
ariad,10000,32,1,21,0.1111270934343338,0.068403125,0.769678125,320000,1440000,1760000,144.0,1413120000,0.009179200000289711,0.005646300000080373,354.12646484375
ariad,10000,32,1,22,0.1107051819562912,0.0692375,0.779065625,320000,1440000,1760000,144.0,1413120000,0.008194199999707052,0.004927799998768023,354.12646484375
ariad,10000,32,1,23,0.11034282296895981,0.070684375,0.7870375,320000,1440000,1760000,144.0,1413120000,0.008019400000193855,0.00478090000069642,354.12646484375
ariad,10000,32,1,24,0.11005199700593948,0.072384375,0.7949625,320000,1440000,1760000,144.0,1413120000,0.00868119999904593,0.005325800000719028,354.12646484375
ariad,10000,32,1,25,0.10974448174238205,0.074271875,0.800696875,320000,1440000,1760000,144.0,1413120000,0.008057400000325288,0.004774699998961296,354.12646484375
ariad,10000,32,1,26,0.10945206880569458,0.076490625,0.80605625,320000,1440000,1760000,144.0,1413120000,0.00965630000064266,0.004810700000234647,354.12646484375
ariad,10000,32,1,27,0.10917472839355469,0.079103125,0.8100125,320000,1440000,1760000,144.0,1413120000,0.008449900000414345,0.004886099999566795,354.12646484375
ariad,10000,32,1,28,0.1088937446475029,0.082159375,0.812196875,320000,1440000,1760000,144.0,1413120000,0.008142799999404815,0.004899899999145418,354.12646484375
ariad,10000,32,1,29,0.10858812928199768,0.0858375,0.81300625,320000,1440000,1760000,144.0,1413120000,0.009011000000100466,0.005399700001362362,354.12646484375
ariad,10000,32,1,30,0.10829149186611176,0.089959375,0.812778125,320000,1440000,1760000,144.0,1413120000,0.010529900000619818,0.0067139000002498506,354.12646484375
ariad,10000,32,1,31,0.10796000808477402,0.09464375,0.8116625,320000,1440000,1760000,144.0,1413120000,0.008267799999885028,0.00506150000001071,354.12646484375
ariad,10000,32,1,32,0.10761041939258575,0.10051875,0.80968125,320000,1440000,1760000,144.0,1413120000,0.008113099998809048,0.004850799999985611,354.12646484375
ariad,10000,32,1,33,0.10723654180765152,0.106734375,0.8065875,320000,1440000,1760000,144.0,1413120000,0.008188899999368005,0.004940900000292459,354.12646484375
ariad,10000,32,1,34,0.10684875398874283,0.113846875,0.802140625,320000,1440000,1760000,144.0,1413120000,0.00851919999877282,0.004796699999133125,354.12646484375
ariad,10000,32,1,35,0.10642384737730026,0.122090625,0.797115625,320000,1440000,1760000,144.0,1413120000,0.009029999999256688,0.0048296000004484085,354.12646484375
ariad,10000,32,1,36,0.10594173520803452,0.131365625,0.791640625,320000,1440000,1760000,144.0,1413120000,0.007876200001192046,0.00484620000133873,354.12646484375
ariad,10000,32,1,37,0.10540291666984558,0.141546875,0.7851625,320000,1440000,1760000,144.0,1413120000,0.008443100001386483,0.005106799999339273,354.12646484375
ariad,10000,32,1,38,0.10481464862823486,0.153528125,0.77831875,320000,1440000,1760000,144.0,1413120000,0.0104644000002736,0.006548399998791865,354.12646484375
ariad,10000,32,1,39,0.10413475334644318,0.167521875,0.772103125,320000,1440000,1760000,144.0,1413120000,0.00787529999979597,0.00485339999977441,354.12646484375
ariad,10000,32,1,40,0.1033724918961525,0.1831625,0.7657,320000,1440000,1760000,144.0,1413120000,0.007808800000930205,0.004816700000446872,354.12646484375
ariad,10000,32,1,41,0.10246503353118896,0.201375,0.760015625,320000,1440000,1760000,144.0,1413120000,0.00823330000093847,0.005274200000712881,354.12646484375
ariad,10000,32,1,42,0.10146068781614304,0.22158125,0.75561875,320000,1440000,1760000,144.0,1413120000,0.007900900000095135,0.004939899999953923,354.12646484375
ariad,10000,32,1,43,0.1003386601805687,0.243828125,0.7527,320000,1440000,1760000,144.0,1413120000,0.007712900000115042,0.004815600001165876,354.12646484375
ariad,10000,32,1,44,0.0990394651889801,0.26789375,0.75144375,320000,1440000,1760000,144.0,1413120000,0.011243999999351217,0.007123599998521968,354.12646484375
ariad,10000,32,1,45,0.09753592312335968,0.2943875,0.752634375,320000,1440000,1760000,144.0,1413120000,0.008988999999928637,0.005871299999853363,354.12646484375
ariad,10000,32,1,46,0.0958358496427536,0.322028125,0.7549,320000,1440000,1760000,144.0,1413120000,0.007917000000816188,0.005046000000220374,354.12646484375
ariad,10000,32,1,47,0.0939282476902008,0.35038125,0.7605875,320000,1440000,1760000,144.0,1413120000,0.007634899999175104,0.004816799999389332,354.12646484375
ariad,10000,32,1,48,0.09181707352399826,0.378690625,0.7669375,320000,1440000,1760000,144.0,1413120000,0.008989100000690087,0.006199400000696187,354.12646484375
ariad,10000,32,1,49,0.08947978913784027,0.406459375,0.774546875,320000,1440000,1760000,144.0,1413120000,0.007746600000245962,0.004929700000502635,354.12646484375
ariad,10000,32,1,50,0.08692730218172073,0.43303125,0.7830875,320000,1440000,1760000,144.0,1413120000,0.007595400000354857,0.0048606999989715405,354.12646484375
ariad,10000,32,1,51,0.08413683623075485,0.458503125,0.792021875,320000,1440000,1760000,144.0,1413120000,0.008002300000953255,0.0052032000003237044,354.12646484375
ariad,10000,32,1,52,0.08109810948371887,0.481984375,0.80109375,320000,1440000,1760000,144.0,1413120000,0.007475000000340515,0.004740800000945455,354.12646484375
ariad,10000,32,1,53,0.07782988995313644,0.5033,0.809234375,320000,1440000,1760000,144.0,1413120000,0.008309400000143796,0.004855500001212931,354.12646484375
ariad,10000,32,1,54,0.07436879724264145,0.521709375,0.816934375,320000,1440000,1760000,144.0,1413120000,0.009955700001228251,0.005134900000484777,354.12646484375
ariad,10000,32,1,55,0.07069079577922821,0.538046875,0.8233875,320000,1440000,1760000,144.0,1413120000,0.007631300000866759,0.004917400001431815,354.12646484375
ariad,10000,32,1,56,0.06687355786561966,0.552265625,0.8291125,320000,1440000,1760000,144.0,1413120000,0.007578599999760627,0.004785299999639392,354.12646484375
ariad,10000,32,1,57,0.06299185752868652,0.564728125,0.8336875,320000,1440000,1760000,144.0,1413120000,0.007956899999044253,0.0052312999996502185,354.12646484375
ariad,10000,32,1,58,0.059108439832925797,0.575803125,0.837846875,320000,1440000,1760000,144.0,1413120000,0.008016199999474338,0.005190500000026077,354.12646484375
ariad,10000,32,1,59,0.05529957264661789,0.58556875,0.841890625,320000,1440000,1760000,144.0,1413120000,0.007949300001200754,0.004969999999957508,354.12646484375
ariad,10000,32,1,60,0.05157546326518059,0.594659375,0.845346875,320000,1440000,1760000,144.0,1413120000,0.007789799999954994,0.004802499999641441,354.12646484375
ariad,10000,32,1,61,0.04803336784243584,0.603375,0.848565625,320000,1440000,1760000,144.0,1413120000,0.008484199999656994,0.005527400000573834,354.12646484375
ariad,10000,32,1,62,0.04468787461519241,0.61149375,0.850740625,320000,1440000,1760000,144.0,1413120000,0.008221699999921839,0.00529399999868474,354.12646484375
ariad,10000,32,1,63,0.04150357097387314,0.61895,0.85176875,320000,1440000,1760000,144.0,1413120000,0.007820099999662489,0.004847299998800736,354.12646484375
ariad,10000,32,1,64,0.03851533681154251,0.6266625,0.852196875,320000,1440000,1760000,144.0,1413120000,0.007562600001620012,0.00480250000146043,354.12646484375
ariad,10000,32,1,65,0.03571132570505142,0.6342875,0.8531125,320000,1440000,1760000,144.0,1413120000,0.008732299998882809,0.005578399999649264,354.12646484375
ariad,10000,32,1,66,0.03312244266271591,0.641759375,0.853021875,320000,1440000,1760000,144.0,1413120000,0.007787700000335462,0.004982300000847317,354.12646484375
ariad,10000,32,1,67,0.030836239457130432,0.648953125,0.853059375,320000,1440000,1760000,144.0,1413120000,0.0073933000003307825,0.004723400001239497,354.12646484375
ariad,10000,32,1,68,0.028793346136808395,0.655709375,0.852115625,320000,1440000,1760000,144.0,1413120000,0.007985300000655116,0.005241700000624405,354.12646484375
ariad,10000,32,1,69,0.026947099715471268,0.662734375,0.851759375,320000,1440000,1760000,144.0,1413120000,0.008581100000810693,0.00482440000087081,354.12646484375
ariad,10000,32,1,70,0.02526678331196308,0.66964375,0.851140625,320000,1440000,1760000,144.0,1413120000,0.007558200000858051,0.0048635000002832385,354.12646484375
ariad,10000,32,1,71,0.023728586733341217,0.67661875,0.850825,320000,1440000,1760000,144.0,1413120000,0.007701499998802319,0.004995799999960582,354.12646484375
ariad,10000,32,1,72,0.022290654480457306,0.683546875,0.851621875,320000,1440000,1760000,144.0,1413120000,0.00755609999941953,0.004839599998376798,354.12646484375
ariad,10000,32,1,73,0.020944202318787575,0.690271875,0.851671875,320000,1440000,1760000,144.0,1413120000,0.009173800001008203,0.00551880000057281,354.12646484375
ariad,10000,32,1,74,0.019679754972457886,0.69683125,0.851846875,320000,1440000,1760000,144.0,1413120000,0.007495800000469899,0.004809699999896111,354.12646484375
ariad,10000,32,1,75,0.018483346328139305,0.70336875,0.852671875,320000,1440000,1760000,144.0,1413120000,0.007570099998702062,0.004884500000116532,354.12646484375
ariad,10000,32,1,76,0.017335563898086548,0.70996875,0.853553125,320000,1440000,1760000,144.0,1413120000,0.010209600000962382,0.006986099999267026,354.12646484375
ariad,10000,32,1,77,0.016225481405854225,0.716965625,0.85410625,320000,1440000,1760000,144.0,1413120000,0.00782210000033956,0.004767399999764166,354.12646484375
ariad,10000,32,1,78,0.015126694925129414,0.7239875,0.8549375,320000,1440000,1760000,144.0,1413120000,0.009461999999984982,0.004958900000929134,354.12646484375
ariad,10000,32,1,79,0.014082567766308784,0.73110625,0.855628125,320000,1440000,1760000,144.0,1413120000,0.009858800000074552,0.00715689999924507,354.12646484375
ariad,10000,32,1,80,0.013090167194604874,0.737746875,0.856321875,320000,1440000,1760000,144.0,1413120000,0.009681800000180374,0.006954499998755637,354.12646484375
ariad,10000,32,1,81,0.012157940305769444,0.74454375,0.85755,320000,1440000,1760000,144.0,1413120000,0.007973499999934575,0.004860900000494439,354.12646484375
ariad,10000,32,1,82,0.011287233792245388,0.751621875,0.85875,320000,1440000,1760000,144.0,1413120000,0.0076509999998961575,0.004926999999952386,354.12646484375
ariad,10000,32,1,83,0.010473067872226238,0.758290625,0.860003125,320000,1440000,1760000,144.0,1413120000,0.007499899998947512,0.004838299999391893,354.12646484375
ariad,10000,32,1,84,0.009712692350149155,0.765084375,0.861634375,320000,1440000,1760000,144.0,1413120000,0.008807299998807139,0.005772500000603031,354.12646484375
ariad,10000,32,1,85,0.009001901373267174,0.771884375,0.863053125,320000,1440000,1760000,144.0,1413120000,0.007735799999863957,0.005060200001025805,354.12646484375
ariad,10000,32,1,86,0.008339404128491879,0.778675,0.86445625,320000,1440000,1760000,144.0,1413120000,0.009047399998962646,0.005256800001006923,354.12646484375
ariad,10000,32,1,87,0.007720826659351587,0.785053125,0.866459375,320000,1440000,1760000,144.0,1413120000,0.008143699998981901,0.005457099998238846,354.12646484375
ariad,10000,32,1,88,0.007142114918678999,0.79130625,0.86804375,320000,1440000,1760000,144.0,1413120000,0.0088938999997481,0.005834699999468285,354.12646484375
ariad,10000,32,1,89,0.006602554116398096,0.797415625,0.869684375,320000,1440000,1760000,144.0,1413120000,0.007881300000008196,0.005157399999006884,354.12646484375
ariad,10000,32,1,90,0.006102495826780796,0.8038125,0.87140625,320000,1440000,1760000,144.0,1413120000,0.00757549999980256,0.00488019999829703,354.12646484375
ariad,10000,32,1,91,0.005642724689096212,0.809915625,0.87356875,320000,1440000,1760000,144.0,1413120000,0.007633299999724841,0.004804099999091704,354.12646484375
ariad,10000,32,1,92,0.005221283528953791,0.815525,0.8752875,320000,1440000,1760000,144.0,1413120000,0.007516900001064641,0.0047986000008677365,354.12646484375
ariad,10000,32,1,93,0.004835688509047031,0.82100625,0.876603125,320000,1440000,1760000,144.0,1413120000,0.007778099999995902,0.004995100000087405,354.12646484375
ariad,10000,32,1,94,0.004482218995690346,0.8265625,0.878584375,320000,1440000,1760000,144.0,1413120000,0.007719600000200444,0.004970599999069236,354.12646484375
ariad,10000,32,1,95,0.004159702453762293,0.831596875,0.8803,320000,1440000,1760000,144.0,1413120000,0.008829000000332599,0.005998599999657017,354.12646484375
ariad,10000,32,1,96,0.003868581261485815,0.836709375,0.88196875,320000,1440000,1760000,144.0,1413120000,0.007844899999327026,0.0051432000000204425,354.12646484375
ariad,10000,32,1,97,0.0036090612411499023,0.8415375,0.884459375,320000,1440000,1760000,144.0,1413120000,0.009437400000024354,0.0067696000005526,354.12646484375
ariad,10000,32,1,98,0.0033796401694417,0.845734375,0.886346875,320000,1440000,1760000,144.0,1413120000,0.007735799999863957,0.005044800000177929,354.12646484375
ariad,10000,32,1,99,0.003177388571202755,0.84951875,0.8884875,320000,1440000,1760000,144.0,1413120000,0.007392499999696156,0.004733499999929336,354.12646484375
ariad,10000,32,1,100,0.0029968954622745514,0.853084375,0.890590625,320000,1440000,1760000,144.0,1413120000,0.007468000001608743,0.004802499999641441,354.12646484375
ariad,10000,32,1,101,0.002831639489158988,0.85625625,0.892590625,320000,1440000,1760000,144.0,1413120000,0.007915100000900566,0.005177299999559182,354.12646484375
ariad,10000,32,1,102,0.0026767451781779528,0.85946875,0.894953125,320000,1440000,1760000,144.0,1413120000,0.0077492999989772215,0.005030899999837857,354.12646484375
ariad,10000,32,1,103,0.002529666991904378,0.8624,0.897615625,320000,1440000,1760000,144.0,1413120000,0.008515999999872292,0.005512499999895226,354.12646484375
ariad,10000,32,1,104,0.0023905783891677856,0.86500625,0.899834375,320000,1440000,1760000,144.0,1413120000,0.007849499999792897,0.005104600000777282,354.12646484375
ariad,10000,32,1,105,0.002259290311485529,0.867621875,0.90215625,320000,1440000,1760000,144.0,1413120000,0.007585899998957757,0.00482920000104059,354.12646484375
ariad,10000,32,1,106,0.0021336039062589407,0.86981875,0.904528125,320000,1440000,1760000,144.0,1413120000,0.007593399999677786,0.004796099998202408,354.12646484375
ariad,10000,32,1,107,0.0020096483640372753,0.872271875,0.9070625,320000,1440000,1760000,144.0,1413120000,0.0075711000008595875,0.004882000001089182,354.12646484375
ariad,10000,32,1,108,0.0018844542792066932,0.874478125,0.909371875,320000,1440000,1760000,144.0,1413120000,0.007474900001398055,0.004777199999807635,354.12646484375
ariad,10000,32,1,109,0.0017562281573191285,0.876434375,0.9114,320000,1440000,1760000,144.0,1413120000,0.010937399998510955,0.007460099999661907,354.12646484375
ariad,10000,32,1,110,0.0016253517242148519,0.878809375,0.913325,320000,1440000,1760000,144.0,1413120000,0.007823800000551273,0.00509779999993043,354.12646484375
ariad,10000,32,1,111,0.0014927962329238653,0.881328125,0.9151625,320000,1440000,1760000,144.0,1413120000,0.007783999999446678,0.005004100001315237,354.12646484375
ariad,10000,32,1,112,0.0013603181578218937,0.8837125,0.916875,320000,1440000,1760000,144.0,1413120000,0.008062999999310705,0.005347399999664049,354.12646484375
ariad,10000,32,1,113,0.0012294448679313064,0.886284375,0.91838125,320000,1440000,1760000,144.0,1413120000,0.007742100000541541,0.005091600000014296,354.12646484375
ariad,10000,32,1,114,0.001101741218008101,0.889065625,0.9195125,320000,1440000,1760000,144.0,1413120000,0.007521699999415432,0.004819700001462479,354.12646484375
ariad,10000,32,1,115,0.000979435513727367,0.892078125,0.92025625,320000,1440000,1760000,144.0,1413120000,0.00951109999914479,0.006788900000174181,354.12646484375
ariad,10000,32,1,116,0.0008655865676701069,0.894978125,0.92074375,320000,1440000,1760000,144.0,1413120000,0.00813190000008035,0.004912000000331318,354.12646484375
ariad,10000,32,1,117,0.0007634835201315582,0.898025,0.92095625,320000,1440000,1760000,144.0,1413120000,0.007886800000051153,0.005141699999512639,354.12646484375
ariad,10000,32,1,118,0.0006763450801372528,0.9012375,0.92103125,320000,1440000,1760000,144.0,1413120000,0.008421900000030291,0.005717599999115919,354.12646484375
ariad,10000,32,1,119,0.00060617970302701,0.90424375,0.921071875,320000,1440000,1760000,144.0,1413120000,0.007837700000891346,0.0050082999987353105,354.12646484375
ariad,10000,32,1,120,0.0005528415786102414,0.907184375,0.921103125,320000,1440000,1760000,144.0,1413120000,0.010857900000701193,0.007599300000947551,354.12646484375
ariad,10000,32,1,121,0.000514058512635529,0.909709375,0.9210625,320000,1440000,1760000,144.0,1413120000,0.007594599999720231,0.0049010000002454035,354.12646484375
ariad,10000,32,1,122,0.00048650274402461946,0.91191875,0.92134375,320000,1440000,1760000,144.0,1413120000,0.007401799999570358,0.004733300000225427,354.12646484375
ariad,10000,32,1,123,0.00046620063949376345,0.913715625,0.9219625,320000,1440000,1760000,144.0,1413120000,0.008252100000390783,0.005427299998700619,354.12646484375
ariad,10000,32,1,124,0.0004496788897085935,0.91503125,0.922721875,320000,1440000,1760000,144.0,1413120000,0.0074891999993269565,0.0047892999991745455,354.12646484375
ariad,10000,32,1,125,0.0004344600602053106,0.916134375,0.923371875,320000,1440000,1760000,144.0,1413120000,0.008496300000842893,0.0048231000000669155,354.12646484375
ariad,10000,32,1,126,0.00041909675928764045,0.916953125,0.92418125,320000,1440000,1760000,144.0,1413120000,0.00779799999872921,0.005075799999758601,354.12646484375
ariad,10000,32,1,127,0.0004031147400382906,0.917675,0.925390625,320000,1440000,1760000,144.0,1413120000,0.007550899999841931,0.004861800000071526,354.12646484375
ariad,10000,32,1,128,0.00038667701301164925,0.91835625,0.9265375,320000,1440000,1760000,144.0,1413120000,0.00795529999959399,0.005243200001132209,354.12646484375
ariad,10000,32,1,129,0.0003699085209518671,0.91903125,0.92771875,320000,1440000,1760000,144.0,1413120000,0.007721300000412157,0.0049022000002878485,354.12646484375
ariad,10000,32,1,130,0.00035316182766109705,0.91983125,0.928971875,320000,1440000,1760000,144.0,1413120000,0.007515999999668566,0.0048219000000244705,354.12646484375
ariad,10000,32,1,131,0.00033683422952890396,0.920496875,0.930103125,320000,1440000,1760000,144.0,1413120000,0.007969500000399421,0.00478079999993497,354.12646484375
ariad,10000,32,1,132,0.00032119316165335476,0.92140625,0.931340625,320000,1440000,1760000,144.0,1413120000,0.007862999998906162,0.004852799998843693,354.12646484375
ariad,10000,32,1,133,0.0003066176432184875,0.922228125,0.932453125,320000,1440000,1760000,144.0,1413120000,0.007495199999539182,0.004806600001757033,354.12646484375
ariad,10000,32,1,134,0.00029315243591554463,0.923059375,0.93355625,320000,1440000,1760000,144.0,1413120000,0.008443299999271403,0.004954399999405723,354.12646484375
ariad,10000,32,1,135,0.00028091567219235003,0.92394375,0.934634375,320000,1440000,1760000,144.0,1413120000,0.007491399999707937,0.004828899998756242,354.12646484375
ariad,10000,32,1,136,0.00026986809098161757,0.92469375,0.935290625,320000,1440000,1760000,144.0,1413120000,0.007524000000557862,0.00481719999879715,354.12646484375
ariad,10000,32,1,137,0.00026017471100203693,0.925378125,0.936078125,320000,1440000,1760000,144.0,1413120000,0.009962199999790755,0.006967400000576163,354.12646484375
ariad,10000,32,1,138,0.00025166277191601694,0.926015625,0.93690625,320000,1440000,1760000,144.0,1413120000,0.007378899999821442,0.004689100000177859,354.12646484375
ariad,10000,32,1,139,0.0002442196710035205,0.9266375,0.937578125,320000,1440000,1760000,144.0,1413120000,0.007475700000213692,0.0048451000002387445,354.12646484375
ariad,10000,32,1,140,0.00023767752281855792,0.927225,0.9382375,320000,1440000,1760000,144.0,1413120000,0.007732500000201981,0.0047766999996383674,354.12646484375
ariad,10000,32,1,141,0.0002318627230124548,0.927834375,0.938646875,320000,1440000,1760000,144.0,1413120000,0.007485699999961071,0.004820000000108848,354.12646484375
ariad,10000,32,1,142,0.0002266726951347664,0.928371875,0.9393125,320000,1440000,1760000,144.0,1413120000,0.00830359999963548,0.0054461999989143806,354.12646484375
ariad,10000,32,1,143,0.00022210170573089272,0.92875,0.939765625,320000,1440000,1760000,144.0,1413120000,0.007706600001256447,0.004953300000124727,354.12646484375
ariad,10000,32,1,144,0.00021797696535941213,0.92916875,0.940296875,320000,1440000,1760000,144.0,1413120000,0.007521699999415432,0.004824999999982538,354.12646484375
ariad,10000,32,1,145,0.00021437680697999895,0.929596875,0.9407875,320000,1440000,1760000,144.0,1413120000,0.007977999999638996,0.005213200000071083,354.12646484375
ariad,10000,32,1,146,0.00021122001635376364,0.929959375,0.941078125,320000,1440000,1760000,144.0,1413120000,0.007727100000920473,0.004801700000825804,354.12646484375
ariad,10000,32,1,147,0.00020843191305175424,0.930228125,0.9415125,320000,1440000,1760000,144.0,1413120000,0.007548300000053132,0.004848200000196812,354.12646484375
ariad,10000,32,1,148,0.00020602716540452093,0.93058125,0.941765625,320000,1440000,1760000,144.0,1413120000,0.0080643000001146,0.005342700000255718,354.12646484375
ariad,10000,32,1,149,0.0002039069077000022,0.930834375,0.942140625,320000,1440000,1760000,144.0,1413120000,0.008113400001093396,0.005043600000135484,354.12646484375
ariad,10000,32,1,150,0.00020201072038616985,0.931046875,0.942421875,320000,1440000,1760000,144.0,1413120000,0.008276200000182143,0.0052753999989363365,354.12646484375
ariad,10000,32,1,151,0.00020025593403261155,0.931290625,0.9427125,320000,1440000,1760000,144.0,1413120000,0.008184399999663583,0.0048533000008319505,354.12646484375
ariad,10000,32,1,152,0.00019861092732753605,0.931528125,0.94305625,320000,1440000,1760000,144.0,1413120000,0.008217800001148134,0.005321799999364885,354.12646484375
ariad,10000,32,1,153,0.0001970813173102215,0.93165625,0.9432375,320000,1440000,1760000,144.0,1413120000,0.00774239999918791,0.0050568000006023794,354.12646484375
ariad,10000,32,1,154,0.00019562819215934724,0.931828125,0.9434,320000,1440000,1760000,144.0,1413120000,0.009264899999834597,0.006541299999298644,354.12646484375
ariad,10000,32,1,155,0.0001942944509210065,0.9319875,0.94369375,320000,1440000,1760000,144.0,1413120000,0.007635300000401912,0.004852000000028056,354.12646484375
ariad,10000,32,1,156,0.0001930471189552918,0.9321625,0.94393125,320000,1440000,1760000,144.0,1413120000,0.007491499998650397,0.004793699999936507,354.12646484375
ariad,10000,32,1,157,0.00019190821330994368,0.93243125,0.9442,320000,1440000,1760000,144.0,1413120000,0.008567999999286258,0.005764999999883003,354.12646484375
ariad,10000,32,1,158,0.00019093033915851265,0.9325625,0.944378125,320000,1440000,1760000,144.0,1413120000,0.007612600000356906,0.004888900000878493,354.12646484375
ariad,10000,32,1,159,0.0001900442730402574,0.9327625,0.944615625,320000,1440000,1760000,144.0,1413120000,0.007491100001061568,0.004799399999683374,354.12646484375
ariad,10000,32,1,160,0.0001893003936856985,0.93295625,0.944746875,320000,1440000,1760000,144.0,1413120000,0.007541900000433088,0.004864200000156416,354.12646484375
ariad,10000,32,1,161,0.00018865420133806765,0.9331375,0.944984375,320000,1440000,1760000,144.0,1413120000,0.007801200001267716,0.005094299998745555,354.12646484375
ariad,10000,32,1,162,0.00018805258150678128,0.933303125,0.9452,320000,1440000,1760000,144.0,1413120000,0.007554099998742458,0.004904900000838097,354.12646484375
ariad,10000,32,1,163,0.00018753230688162148,0.9334125,0.945365625,320000,1440000,1760000,144.0,1413120000,0.007557499999165884,0.004878400000961847,354.12646484375
ariad,10000,32,1,164,0.00018706845003180206,0.933590625,0.945534375,320000,1440000,1760000,144.0,1413120000,0.007426200001646066,0.004731999999421532,354.12646484375
ariad,10000,32,1,165,0.0001866557722678408,0.933740625,0.94579375,320000,1440000,1760000,144.0,1413120000,0.007448299998941366,0.004729999998744461,354.12646484375
ariad,10000,32,1,166,0.00018628926773089916,0.933878125,0.9459625,320000,1440000,1760000,144.0,1413120000,0.009251299999959883,0.005777400001534261,354.12646484375
ariad,10000,32,1,167,0.0001859940675785765,0.9340375,0.946096875,320000,1440000,1760000,144.0,1413120000,0.007519500000853441,0.004829099998460151,354.12646484375
ariad,10000,32,1,168,0.00018573863781057298,0.934178125,0.94631875,320000,1440000,1760000,144.0,1413120000,0.007887199999458971,0.0047677000002295244,354.12646484375
ariad,10000,32,1,169,0.00018551327229943126,0.934309375,0.946521875,320000,1440000,1760000,144.0,1413120000,0.007456299999830662,0.004760200001328485,354.12646484375
ariad,10000,32,1,170,0.00018532408284954727,0.934425,0.946628125,320000,1440000,1760000,144.0,1413120000,0.007833399999071844,0.005147900001247763,354.12646484375
ariad,10000,32,1,171,0.00018513579561840743,0.934540625,0.9467625,320000,1440000,1760000,144.0,1413120000,0.008029299999179784,0.005303699999785749,354.12646484375
ariad,10000,32,1,172,0.00018497720884624869,0.934603125,0.946928125,320000,1440000,1760000,144.0,1413120000,0.007499900000766502,0.004849900000408525,354.12646484375
ariad,10000,32,1,173,0.00018483733583707362,0.934709375,0.947121875,320000,1440000,1760000,144.0,1413120000,0.0074593999997887295,0.004839900000661146,354.12646484375
ariad,10000,32,1,174,0.00018471998919267207,0.934771875,0.94728125,320000,1440000,1760000,144.0,1413120000,0.008242500000051223,0.0055317999995168066,354.12646484375
ariad,10000,32,1,175,0.00018459481361787766,0.934859375,0.947384375,320000,1440000,1760000,144.0,1413120000,0.007504100000005565,0.004763799999636831,354.12646484375
ariad,10000,32,1,176,0.00018446939066052437,0.934921875,0.947546875,320000,1440000,1760000,144.0,1413120000,0.008610300001237192,0.005173800000193296,354.12646484375
ariad,10000,32,1,177,0.00018435063248034567,0.935025,0.947734375,320000,1440000,1760000,144.0,1413120000,0.007655700001123478,0.004897100001471699,354.12646484375
ariad,10000,32,1,178,0.0001842326164478436,0.935115625,0.9478625,320000,1440000,1760000,144.0,1413120000,0.007854800000131945,0.0048944000009214506,354.12646484375
ariad,10000,32,1,179,0.00018412887584418058,0.9352,0.94798125,320000,1440000,1760000,144.0,1413120000,0.0075266999992891215,0.004878299998381408,354.12646484375
ariad,10000,32,1,180,0.0001840454788180068,0.935328125,0.9480375,320000,1440000,1760000,144.0,1413120000,0.009475799999563606,0.00484370000049239,354.12646484375
ariad,10000,32,1,181,0.00018396787345409393,0.93545,0.948203125,320000,1440000,1760000,144.0,1413120000,0.0075366999990365,0.004827599999771337,354.12646484375
ariad,10000,32,1,182,0.00018390775949228555,0.935540625,0.94838125,320000,1440000,1760000,144.0,1413120000,0.008409300000494113,0.005716300000131014,354.12646484375
ariad,10000,32,1,183,0.00018385224393568933,0.935590625,0.948528125,320000,1440000,1760000,144.0,1413120000,0.007686499999181251,0.004789099999470636,354.12646484375
ariad,10000,32,1,184,0.00018381894915364683,0.935671875,0.9486125,320000,1440000,1760000,144.0,1413120000,0.00743499999953201,0.004766900001413887,354.12646484375
ariad,10000,32,1,185,0.00018378108507022262,0.935715625,0.9486875,320000,1440000,1760000,144.0,1413120000,0.007699499999944237,0.0047391000007337425,354.12646484375
ariad,10000,32,1,186,0.00018375710351392627,0.93574375,0.948703125,320000,1440000,1760000,144.0,1413120000,0.009131500000876258,0.004791499999555526,354.12646484375
ariad,10000,32,1,187,0.00018372543854638934,0.93578125,0.948728125,320000,1440000,1760000,144.0,1413120000,0.007498900000427966,0.00484630000028119,354.12646484375
ariad,10000,32,1,188,0.0001837014133343473,0.935846875,0.94879375,320000,1440000,1760000,144.0,1413120000,0.007992099999682978,0.005272800000966527,354.12646484375
ariad,10000,32,1,189,0.0001836617011576891,0.935940625,0.9488875,320000,1440000,1760000,144.0,1413120000,0.007434099999954924,0.0047778000007383525,354.12646484375
ariad,10000,32,1,190,0.00018363780691288412,0.936034375,0.948978125,320000,1440000,1760000,144.0,1413120000,0.007774499999868567,0.005125000001498847,354.12646484375
ariad,10000,32,1,191,0.00018361338879913092,0.936125,0.949046875,320000,1440000,1760000,144.0,1413120000,0.00838339999972959,0.005370099999709055,354.12646484375
ariad,10000,32,1,192,0.0001835881412262097,0.936184375,0.949134375,320000,1440000,1760000,144.0,1413120000,0.00750270000025921,0.004804500000318512,354.12646484375
ariad,10000,32,1,193,0.00018356878717895597,0.93625,0.94923125,320000,1440000,1760000,144.0,1413120000,0.0075457999992067926,0.004836699999941629,354.12646484375
ariad,10000,32,1,194,0.0001835425937315449,0.936303125,0.949334375,320000,1440000,1760000,144.0,1413120000,0.009664499999416876,0.005141600000570179,354.12646484375
ariad,10000,32,1,195,0.000183519150596112,0.93635625,0.949475,320000,1440000,1760000,144.0,1413120000,0.007957300000271061,0.0052624999989348,354.12646484375
ariad,10000,32,1,196,0.00018350388563703746,0.936425,0.949571875,320000,1440000,1760000,144.0,1413120000,0.010298200000761426,0.006203300001288881,354.12646484375
ariad,10000,32,1,197,0.00018349145830143243,0.93645625,0.949665625,320000,1440000,1760000,144.0,1413120000,0.008018700000320678,0.0052668000007543014,354.12646484375
ariad,10000,32,1,198,0.00018347598961554468,0.9365375,0.9497625,320000,1440000,1760000,144.0,1413120000,0.007971799999722862,0.005243900001005386,354.12646484375
ariad,10000,32,1,199,0.00018343982810620219,0.936628125,0.94984375,320000,1440000,1760000,144.0,1413120000,0.00820420000127342,0.00538819999928819,354.12646484375
ariad,10000,32,1,200,0.000183424141141586,0.936690625,0.949890625,320000,1440000,1760000,144.0,1413120000,0.008259000000180095,0.005162900000868831,354.12646484375
ariad,10000,32,1,201,0.00018340405949857086,0.93675,0.949959375,320000,1440000,1760000,144.0,1413120000,0.008014499999262625,0.0049010000002454035,354.12646484375
ariad,10000,32,1,202,0.00018339234520681202,0.936834375,0.950053125,320000,1440000,1760000,144.0,1413120000,0.00839300000006915,0.005486499998369254,354.12646484375
ariad,10000,32,1,203,0.00018337575602345169,0.936903125,0.950140625,320000,1440000,1760000,144.0,1413120000,0.008029500000702683,0.005285500001264154,354.12646484375
ariad,10000,32,1,204,0.0001833692513173446,0.9369625,0.950221875,320000,1440000,1760000,144.0,1413120000,0.007968699999764794,0.005234899999777554,354.12646484375
ariad,10000,32,1,205,0.00018336843641009182,0.936996875,0.950296875,320000,1440000,1760000,144.0,1413120000,0.008164499999111285,0.005394600000727223,354.12646484375
ariad,10000,32,1,206,0.00018335420463699847,0.937028125,0.950334375,320000,1440000,1760000,144.0,1413120000,0.007886199999120436,0.005208700000366662,354.12646484375
ariad,10000,32,1,207,0.0001833519054343924,0.93708125,0.950428125,320000,1440000,1760000,144.0,1413120000,0.008376699999644188,0.005054000001109671,354.12646484375
ariad,10000,32,1,208,0.0001833455025916919,0.93715625,0.950490625,320000,1440000,1760000,144.0,1413120000,0.008276099999420694,0.004919199998766999,354.12646484375
ariad,10000,32,1,209,0.00018333637854084373,0.93721875,0.9505625,320000,1440000,1760000,144.0,1413120000,0.010260799999741721,0.005169699999896693,354.12646484375
ariad,10000,32,1,210,0.00018332448962610215,0.93729375,0.95065625,320000,1440000,1760000,144.0,1413120000,0.009659000001192908,0.0065741999987949384,354.12646484375
ariad,10000,32,1,211,0.0001833209826145321,0.9373625,0.950765625,320000,1440000,1760000,144.0,1413120000,0.007956199999171076,0.005081100000097649,354.12646484375
ariad,10000,32,1,212,0.0001833217975217849,0.937390625,0.9508,320000,1440000,1760000,144.0,1413120000,0.008481200000460376,0.005619400000796304,354.12646484375
ariad,10000,32,1,213,0.00018331730097997934,0.937428125,0.950825,320000,1440000,1760000,144.0,1413120000,0.008181500001228414,0.005358799999157782,354.12646484375
ariad,10000,32,1,214,0.00018330945749767125,0.937478125,0.950865625,320000,1440000,1760000,144.0,1413120000,0.010439100000439794,0.007253100000525592,354.12646484375
ariad,10000,32,1,215,0.00018330049351789057,0.9375,0.950909375,320000,1440000,1760000,144.0,1413120000,0.01043309999840858,0.00695610000002489,354.12646484375
ariad,10000,32,1,216,0.0001832991256378591,0.93754375,0.9509625,320000,1440000,1760000,144.0,1413120000,0.008054099998844322,0.0048427000001538545,354.12646484375
ariad,10000,32,1,217,0.00018329326121602207,0.93760625,0.951034375,320000,1440000,1760000,144.0,1413120000,0.009790399999474175,0.005336399999578134,354.12646484375
ariad,10000,32,1,218,0.00018326491408515722,0.937665625,0.951096875,320000,1440000,1760000,144.0,1413120000,0.007965800001329626,0.005279000000882661,354.12646484375
ariad,10000,32,1,219,0.0001832485431805253,0.93770625,0.951165625,320000,1440000,1760000,144.0,1413120000,0.00900550000005751,0.005579699998634169,354.12646484375
ariad,10000,32,1,220,0.00018323924450669438,0.93775625,0.95121875,320000,1440000,1760000,144.0,1413120000,0.008490100000926759,0.005026100001487066,354.12646484375
ariad,10000,32,1,221,0.00018323298718314618,0.9378,0.95129375,320000,1440000,1760000,144.0,1413120000,0.007976300001246273,0.005270999999993364,354.12646484375
ariad,10000,32,1,222,0.00018322584219276905,0.937821875,0.951340625,320000,1440000,1760000,144.0,1413120000,0.008731400001124712,0.005611599999610917,354.12646484375
ariad,10000,32,1,223,0.0001832203270168975,0.937865625,0.951396875,320000,1440000,1760000,144.0,1413120000,0.008471700000882265,0.005664599999363418,354.12646484375
ariad,10000,32,1,224,0.00018321980314794928,0.9379125,0.951471875,320000,1440000,1760000,144.0,1413120000,0.008168599999407888,0.005414999999629799,354.12646484375
ariad,10000,32,1,225,0.00018321773677598685,0.937953125,0.9515125,320000,1440000,1760000,144.0,1413120000,0.008000200001333724,0.005262799999400158,354.12646484375
ariad,10000,32,1,226,0.0001832065754570067,0.938,0.95155625,320000,1440000,1760000,144.0,1413120000,0.008573399998567766,0.005513100000825943,354.12646484375
ariad,10000,32,1,227,0.00018319900846108794,0.93805,0.95160625,320000,1440000,1760000,144.0,1413120000,0.008237300000473624,0.004991600000721519,354.12646484375
ariad,10000,32,1,228,0.00018317879585083574,0.93809375,0.95168125,320000,1440000,1760000,144.0,1413120000,0.008503799999743933,0.005057800000940915,354.12646484375
ariad,10000,32,1,229,0.0001831592235248536,0.938146875,0.95173125,320000,1440000,1760000,144.0,1413120000,0.007862500000555883,0.0051199999998061685,354.12646484375
ariad,10000,32,1,230,0.000183152558747679,0.938184375,0.951778125,320000,1440000,1760000,144.0,1413120000,0.008253599999079597,0.005222699999649194,354.12646484375
ariad,10000,32,1,231,0.00018314350745640695,0.938225,0.951825,320000,1440000,1760000,144.0,1413120000,0.008527899999535293,0.005748300000050222,354.12646484375
ariad,10000,32,1,232,0.00018314120825380087,0.93825,0.95185625,320000,1440000,1760000,144.0,1413120000,0.008147399999870686,0.004966799999237992,354.12646484375
ariad,10000,32,1,233,0.00018314247427042574,0.938271875,0.951871875,320000,1440000,1760000,144.0,1413120000,0.008142000000589178,0.005373300000428571,354.12646484375
ariad,10000,32,1,234,0.00018313672626391053,0.93828125,0.95190625,320000,1440000,1760000,144.0,1413120000,0.008229600000049686,0.005425000001196167,354.12646484375
ariad,10000,32,1,235,0.00018313838518224657,0.938321875,0.95196875,320000,1440000,1760000,144.0,1413120000,0.008812000000034459,0.005693999999493826,354.12646484375
ariad,10000,32,1,236,0.00018313099280931056,0.938371875,0.952015625,320000,1440000,1760000,144.0,1413120000,0.008647799999380368,0.004946699998981785,354.12646484375
ariad,10000,32,1,237,0.0001831313275033608,0.938409375,0.95205,320000,1440000,1760000,144.0,1413120000,0.008352599999852828,0.0054424999998445855,354.12646484375
ariad,10000,32,1,238,0.00018313535838387907,0.93843125,0.952090625,320000,1440000,1760000,144.0,1413120000,0.00797460000103456,0.0052586999991035555,354.12646484375
ariad,10000,32,1,239,0.0001831254194257781,0.9385,0.95216875,320000,1440000,1760000,144.0,1413120000,0.008274399999208981,0.005510099999810336,354.12646484375
ariad,10000,32,1,240,0.00018312000611331314,0.9385375,0.952234375,320000,1440000,1760000,144.0,1413120000,0.008057099999859929,0.005058400000052643,354.12646484375
ariad,10000,32,1,241,0.00018311917665414512,0.938578125,0.95228125,320000,1440000,1760000,144.0,1413120000,0.008125799999106675,0.005139299999427749,354.12646484375
ariad,10000,32,1,242,0.00018311514577362686,0.938628125,0.95235625,320000,1440000,1760000,144.0,1413120000,0.008125399999698857,0.00540019999971264,354.12646484375
ariad,10000,32,1,243,0.00018311460735276341,0.938659375,0.95240625,320000,1440000,1760000,144.0,1413120000,0.008157799999025883,0.005391299999246257,354.12646484375
ariad,10000,32,1,244,0.00018311002349946648,0.938715625,0.952478125,320000,1440000,1760000,144.0,1413120000,0.008629500000097323,0.005011600000216276,354.12646484375
ariad,10000,32,1,245,0.0001830996770877391,0.938771875,0.952525,320000,1440000,1760000,144.0,1413120000,0.012543799999548355,0.009227200000168523,354.12646484375
ariad,10000,32,1,246,0.0001830869005061686,0.938825,0.95255625,320000,1440000,1760000,144.0,1413120000,0.008021100000405568,0.005251900000075693,354.12646484375
ariad,10000,32,1,247,0.00018306860874872655,0.938871875,0.952615625,320000,1440000,1760000,144.0,1413120000,0.007968100000653067,0.005223800000749179,354.12646484375
ariad,10000,32,1,248,0.00018306208949070424,0.938928125,0.952675,320000,1440000,1760000,144.0,1413120000,0.008007399999769405,0.005240899999989779,354.12646484375
ariad,10000,32,1,249,0.00018306539277546108,0.938946875,0.952703125,320000,1440000,1760000,144.0,1413120000,0.00801580000006652,0.005067300000519026,354.12646484375
ariad,10000,32,1,250,0.00018306206038687378,0.939,0.95275,320000,1440000,1760000,144.0,1413120000,0.008612499999799184,0.0054983999998512445,354.12646484375
ariad,10000,32,1,251,0.0001830554538173601,0.93903125,0.952809375,320000,1440000,1760000,144.0,1413120000,0.010642600000210223,0.004989300001398078,354.12646484375
ariad,10000,32,1,252,0.00018304538389202207,0.939075,0.95285625,320000,1440000,1760000,144.0,1413120000,0.008411499999056105,0.0056851000008464325,354.12646484375
ariad,10000,32,1,253,0.0001830270775826648,0.93911875,0.95291875,320000,1440000,1760000,144.0,1413120000,0.008349000001544482,0.0053038999994896585,354.12646484375
ariad,10000,32,1,254,0.0001830285764299333,0.9391625,0.952984375,320000,1440000,1760000,144.0,1413120000,0.008086599998932797,0.004902500000753207,354.12646484375
ariad,10000,32,1,255,0.00018302793614566326,0.939203125,0.9530375,320000,1440000,1760000,144.0,1413120000,0.008483800000249175,0.005253200000879588,354.12646484375
ariad,10000,32,1,256,0.00018302854732610285,0.93925,0.953096875,320000,1440000,1760000,144.0,1413120000,0.007935399999041692,0.0052394000013009645,354.12646484375
ariad,10000,32,1,257,0.00018302274111192673,0.939296875,0.95316875,320000,1440000,1760000,144.0,1413120000,0.008203000001230976,0.005379199999879347,354.12646484375
ariad,10000,32,1,258,0.0001830123655963689,0.939334375,0.953203125,320000,1440000,1760000,144.0,1413120000,0.008363799999642652,0.0053222000005916925,354.12646484375
ariad,10000,32,1,259,0.00018301099771633744,0.93935625,0.953228125,320000,1440000,1760000,144.0,1413120000,0.008177400000931812,0.005091900000479654,354.12646484375
ariad,10000,32,1,260,0.00018300044757779688,0.939396875,0.953275,320000,1440000,1760000,144.0,1413120000,0.007864699999117875,0.0050853000011557015,354.12646484375
ariad,10000,32,1,261,0.00018299675139132887,0.9394125,0.953321875,320000,1440000,1760000,144.0,1413120000,0.008357900000191876,0.005579600001510698,354.12646484375
ariad,10000,32,1,262,0.0001829924003686756,0.939425,0.953346875,320000,1440000,1760000,144.0,1413120000,0.008448000000498723,0.005652100000588689,354.12646484375
ariad,10000,32,1,263,0.0001829932734835893,0.9394625,0.953390625,320000,1440000,1760000,144.0,1413120000,0.008369999999558786,0.0050367999992886325,354.12646484375
ariad,10000,32,1,264,0.00018298289796803147,0.939503125,0.953425,320000,1440000,1760000,144.0,1413120000,0.007760899999993853,0.004997400001229835,354.12646484375
ariad,10000,32,1,265,0.0001829793181968853,0.93955625,0.953478125,320000,1440000,1760000,144.0,1413120000,0.007697899998674984,0.004878899999312125,354.12646484375
ariad,10000,32,1,266,0.0001829771645134315,0.9395875,0.9535125,320000,1440000,1760000,144.0,1413120000,0.007504000001063105,0.004775100000188104,354.12646484375
ariad,10000,32,1,267,0.00018297278438694775,0.93961875,0.953571875,320000,1440000,1760000,144.0,1413120000,0.00788289999945846,0.005128499999045744,354.12646484375
ariad,10000,32,1,268,0.0001829674729378894,0.939659375,0.95361875,320000,1440000,1760000,144.0,1413120000,0.0077549000016006175,0.0049736000000848435,354.12646484375
ariad,10000,32,1,269,0.00018296627968084067,0.939675,0.9536375,320000,1440000,1760000,144.0,1413120000,0.008229499999288237,0.005409699999290751,354.12646484375
ariad,10000,32,1,270,0.00018296076450496912,0.9397125,0.953678125,320000,1440000,1760000,144.0,1413120000,0.007725600000412669,0.004930000000967993,354.12646484375
ariad,10000,32,1,271,0.0001829584507504478,0.93974375,0.95373125,320000,1440000,1760000,144.0,1413120000,0.00800859999981185,0.0050967999995918944,354.12646484375
ariad,10000,32,1,272,0.0001829551620176062,0.93976875,0.95378125,320000,1440000,1760000,144.0,1413120000,0.0077467999999498716,0.004821799999263021,354.12646484375
ariad,10000,32,1,273,0.00018295415793545544,0.939796875,0.953828125,320000,1440000,1760000,144.0,1413120000,0.008872899999914807,0.004818099998374237,354.12646484375
ariad,10000,32,1,274,0.00018294650362804532,0.939834375,0.95388125,320000,1440000,1760000,144.0,1413120000,0.0075527000008150935,0.004863399999521789,354.12646484375
ariad,10000,32,1,275,0.0001829492102842778,0.939859375,0.95391875,320000,1440000,1760000,144.0,1413120000,0.007986399999936111,0.005289400000037858,354.12646484375
ariad,10000,32,1,276,0.00018294645997229964,0.93989375,0.95396875,320000,1440000,1760000,144.0,1413120000,0.008834500000375556,0.0058584999987942865,354.12646484375
ariad,10000,32,1,277,0.0001829480897868052,0.939909375,0.954009375,320000,1440000,1760000,144.0,1413120000,0.009396600000400213,0.006124899999122135,354.12646484375
ariad,10000,32,1,278,0.00018294954497832805,0.93993125,0.954025,320000,1440000,1760000,144.0,1413120000,0.00762629999917408,0.004922599999190425,354.12646484375
ariad,10000,32,1,279,0.0001829407410696149,0.939975,0.95406875,320000,1440000,1760000,144.0,1413120000,0.007989600000655628,0.0051770999998552725,354.12646484375
ariad,10000,32,1,280,0.00018293540051672608,0.9400125,0.954109375,320000,1440000,1760000,144.0,1413120000,0.009269599999242928,0.006597200001124293,354.12646484375
ariad,10000,32,1,281,0.00018292754248250276,0.940040625,0.954146875,320000,1440000,1760000,144.0,1413120000,0.008336599999893224,0.004800200000318,354.12646484375
ariad,10000,32,1,282,0.00018292538879904896,0.9400625,0.954175,320000,1440000,1760000,144.0,1413120000,0.009134900001299684,0.004882400000497,354.12646484375
ariad,10000,32,1,283,0.0001829142711358145,0.94010625,0.9542375,320000,1440000,1760000,144.0,1413120000,0.009077100001377403,0.004829800000152318,354.12646484375
ariad,10000,32,1,284,0.0001829121756600216,0.94013125,0.954246875,320000,1440000,1760000,144.0,1413120000,0.007909500000096159,0.005202600001211977,354.12646484375
ariad,10000,32,1,285,0.00018290228035766631,0.940165625,0.954296875,320000,1440000,1760000,144.0,1413120000,0.0076575999992201105,0.00492599999961385,354.12646484375
ariad,10000,32,1,286,0.00018289705622009933,0.9402,0.9543375,320000,1440000,1760000,144.0,1413120000,0.007415099998979713,0.0047468000011576805,354.12646484375
ariad,10000,32,1,287,0.00018289450963493437,0.94021875,0.95439375,320000,1440000,1760000,144.0,1413120000,0.008502499998940038,0.005420199999207398,354.12646484375
ariad,10000,32,1,288,0.0001828832901082933,0.94025,0.95443125,320000,1440000,1760000,144.0,1413120000,0.007665600000109407,0.004912200000035227,354.12646484375
ariad,10000,32,1,289,0.00018288203864358366,0.940278125,0.954465625,320000,1440000,1760000,144.0,1413120000,0.007561600001281477,0.004904800000076648,354.12646484375
ariad,10000,32,1,290,0.00018287920102011412,0.9403125,0.95450625,320000,1440000,1760000,144.0,1413120000,0.007601199999044184,0.004874599999311613,354.12646484375
ariad,10000,32,1,291,0.00018288491992279887,0.94033125,0.95453125,320000,1440000,1760000,144.0,1413120000,0.009538300000713207,0.005440200000521145,354.12646484375
ariad,10000,32,1,292,0.0001828809909056872,0.940378125,0.954571875,320000,1440000,1760000,144.0,1413120000,0.007934900000691414,0.005251499998848885,354.12646484375
ariad,10000,32,1,293,0.00018287434068042785,0.94040625,0.954615625,320000,1440000,1760000,144.0,1413120000,0.007666400000744034,0.004851200001212419,354.12646484375
ariad,10000,32,1,294,0.0001828719541663304,0.940440625,0.95465625,320000,1440000,1760000,144.0,1413120000,0.009188800000629271,0.006514600001537474,354.12646484375
ariad,10000,32,1,295,0.00018287140119355172,0.9404625,0.954684375,320000,1440000,1760000,144.0,1413120000,0.008167300000422983,0.004771899999468587,354.12646484375
ariad,10000,32,1,296,0.00018286652630195022,0.94049375,0.95471875,320000,1440000,1760000,144.0,1413120000,0.008938900000430294,0.005917099999351194,354.12646484375
ariad,10000,32,1,297,0.00018286457634530962,0.940534375,0.954753125,320000,1440000,1760000,144.0,1413120000,0.007485599999199621,0.0048247000013361685,354.12646484375
ariad,10000,32,1,298,0.00018286137492395937,0.940565625,0.954796875,320000,1440000,1760000,144.0,1413120000,0.008133000001180335,0.005384300000514486,354.12646484375
ariad,10000,32,1,299,0.00018285505939275026,0.940596875,0.954834375,320000,1440000,1760000,144.0,1413120000,0.008558199999242788,0.004922600001009414,354.12646484375
ariad,10000,32,1,300,0.00018285562691744417,0.94064375,0.9549,320000,1440000,1760000,144.0,1413120000,0.007739300001048832,0.005034600000726641,354.12646484375
ariad,10000,32,1,301,0.00018285709666088223,0.94066875,0.954940625,320000,1440000,1760000,144.0,1413120000,0.007516100000430015,0.004866799999945215,354.12646484375
ariad,10000,32,1,302,0.00018285754777025431,0.940690625,0.954975,320000,1440000,1760000,144.0,1413120000,0.0074810999994952,0.004821000000447384,354.12646484375
ariad,10000,32,1,303,0.00018285619444213808,0.94070625,0.955021875,320000,1440000,1760000,144.0,1413120000,0.00786800000059884,0.00513409999985015,354.12646484375
ariad,10000,32,1,304,0.0001828456443035975,0.940778125,0.955103125,320000,1440000,1760000,144.0,1413120000,0.007487999999284511,0.004835700001422083,354.12646484375
ariad,10000,32,1,305,0.00018284845282323658,0.9408125,0.955153125,320000,1440000,1760000,144.0,1413120000,0.007518599999457365,0.0048219000000244705,354.12646484375
ariad,10000,32,1,306,0.00018284711404703557,0.940846875,0.955184375,320000,1440000,1760000,144.0,1413120000,0.007542900000771624,0.004810800000996096,354.12646484375
ariad,10000,32,1,307,0.00018284277757629752,0.9409,0.955240625,320000,1440000,1760000,144.0,1413120000,0.00922040000114066,0.005069099999673199,354.12646484375
ariad,10000,32,1,308,0.00018280284712091088,0.940934375,0.95529375,320000,1440000,1760000,144.0,1413120000,0.007474199999705888,0.004773099999511032,354.12646484375
ariad,10000,32,1,309,0.00018279266078025103,0.94098125,0.95535,320000,1440000,1760000,144.0,1413120000,0.008006400001249858,0.0053079999997862615,354.12646484375
ariad,10000,32,1,310,0.0001827885425882414,0.94101875,0.9554,320000,1440000,1760000,144.0,1413120000,0.007567100001324434,0.004876999999396503,354.12646484375
ariad,10000,32,1,311,0.00018278858624398708,0.94103125,0.955415625,320000,1440000,1760000,144.0,1413120000,0.008189700000002631,0.005288599999403232,354.12646484375
ariad,10000,32,1,312,0.00018278477364219725,0.941059375,0.95545,320000,1440000,1760000,144.0,1413120000,0.00796499999887601,0.00525999999990745,354.12646484375
ariad,10000,32,1,313,0.00018278266361448914,0.941090625,0.955484375,320000,1440000,1760000,144.0,1413120000,0.007442000000082771,0.004766500000187079,354.12646484375
ariad,10000,32,1,314,0.00018277396156918257,0.94114375,0.95555,320000,1440000,1760000,144.0,1413120000,0.007754800000839168,0.004822900000363006,354.12646484375
ariad,10000,32,1,315,0.00018276902846992016,0.941178125,0.955584375,320000,1440000,1760000,144.0,1413120000,0.007703700001002289,0.004858700000113458,354.12646484375
ariad,10000,32,1,316,0.00018276528862770647,0.941221875,0.955628125,320000,1440000,1760000,144.0,1413120000,0.007466799999747309,0.004747200000565499,354.12646484375
ariad,10000,32,1,317,0.0001827688392950222,0.941246875,0.955671875,320000,1440000,1760000,144.0,1413120000,0.007520699999076896,0.004796799999894574,354.12646484375
ariad,10000,32,1,318,0.00018276466289535165,0.941271875,0.955690625,320000,1440000,1760000,144.0,1413120000,0.007538800000475021,0.004854400000112946,354.12646484375
ariad,10000,32,1,319,0.0001827536034397781,0.941296875,0.955746875,320000,1440000,1760000,144.0,1413120000,0.007902800000010757,0.005207900001551025,354.12646484375
ariad,10000,32,1,320,0.00018275584443472326,0.941328125,0.955796875,320000,1440000,1760000,144.0,1413120000,0.01104260000101931,0.007588999998915824,354.12646484375
ariad,10000,32,1,321,0.00018275265756528825,0.94136875,0.95585625,320000,1440000,1760000,144.0,1413120000,0.007445899998856476,0.004806299999472685,354.12646484375
ariad,10000,32,1,322,0.00018274337344337255,0.941415625,0.955903125,320000,1440000,1760000,144.0,1413120000,0.007418700000926037,0.004739199999676202,354.12646484375
ariad,10000,32,1,323,0.00018273918249178678,0.9414625,0.95595,320000,1440000,1760000,144.0,1413120000,0.007475299998986884,0.00476140000137093,354.12646484375
ariad,10000,32,1,324,0.00018273048044648021,0.94151875,0.956021875,320000,1440000,1760000,144.0,1413120000,0.00875840000117023,0.005585700000665383,354.12646484375
ariad,10000,32,1,325,0.00018272294255439192,0.941521875,0.9560625,320000,1440000,1760000,144.0,1413120000,0.007575600000564009,0.004867400000875932,354.12646484375
ariad,10000,32,1,326,0.0001827160594984889,0.941553125,0.95609375,320000,1440000,1760000,144.0,1413120000,0.008080899999185931,0.005346100000679144,354.12646484375
ariad,10000,32,1,327,0.00018271435692440718,0.941578125,0.956115625,320000,1440000,1760000,144.0,1413120000,0.007626099999470171,0.004885800000920426,354.12646484375
ariad,10000,32,1,328,0.0001827028172556311,0.941615625,0.956153125,320000,1440000,1760000,144.0,1413120000,0.007441499999913503,0.004775600000357372,354.12646484375
ariad,10000,32,1,329,0.0001826997904572636,0.941625,0.956184375,320000,1440000,1760000,144.0,1413120000,0.007865100000344682,0.005201199999646633,354.12646484375
ariad,10000,32,1,330,0.00018269407155457884,0.941646875,0.956228125,320000,1440000,1760000,144.0,1413120000,0.007610500000737375,0.004892499999186839,354.12646484375
ariad,10000,32,1,331,0.00018268705753143877,0.941678125,0.9562625,320000,1440000,1760000,144.0,1413120000,0.007387600000583916,0.0047338000003946945,354.12646484375
ariad,10000,32,1,332,0.0001826921507017687,0.941690625,0.956278125,320000,1440000,1760000,144.0,1413120000,0.008041299999604234,0.005028900000979775,354.12646484375
ariad,10000,32,1,333,0.00018269437714479864,0.94170625,0.95630625,320000,1440000,1760000,144.0,1413120000,0.009860399999524816,0.004935299999488052,354.12646484375
ariad,10000,32,1,334,0.00018267970881424844,0.941746875,0.95635,320000,1440000,1760000,144.0,1413120000,0.007547899998826324,0.0048583999996481,354.12646484375
ariad,10000,32,1,335,0.0001826718362281099,0.9417875,0.95639375,320000,1440000,1760000,144.0,1413120000,0.008176199999070377,0.005478200000652578,354.12646484375
ariad,10000,32,1,336,0.0001826713705668226,0.941828125,0.9564625,320000,1440000,1760000,144.0,1413120000,0.007486300000891788,0.00481460000082734,354.12646484375
ariad,10000,32,1,337,0.00018265507242176682,0.9418875,0.956521875,320000,1440000,1760000,144.0,1413120000,0.007453499998518964,0.004816900000150781,354.12646484375
ariad,10000,32,1,338,0.0001826456718845293,0.941928125,0.95658125,320000,1440000,1760000,144.0,1413120000,0.007568600000013248,0.0049165999989781994,354.12646484375
ariad,10000,32,1,339,0.00018264228128828108,0.941965625,0.95663125,320000,1440000,1760000,144.0,1413120000,0.007442900001478847,0.004796400000486756,354.12646484375
ariad,10000,32,1,340,0.000182637115358375,0.941984375,0.956675,320000,1440000,1760000,144.0,1413120000,0.007742800000414718,0.0050849999988713535,354.12646484375
ariad,10000,32,1,341,0.0001826233637984842,0.942015625,0.9567125,320000,1440000,1760000,144.0,1413120000,0.007765000000290456,0.004805599999599508,354.12646484375
ariad,10000,32,1,342,0.000182621311978437,0.94204375,0.95674375,320000,1440000,1760000,144.0,1413120000,0.007484699999622535,0.0047677000002295244,354.12646484375
ariad,10000,32,1,343,0.00018261821242049336,0.942071875,0.956778125,320000,1440000,1760000,144.0,1413120000,0.007687600000281236,0.004794000000401866,354.12646484375
ariad,10000,32,1,344,0.00018260919023305178,0.942115625,0.9568125,320000,1440000,1760000,144.0,1413120000,0.007558999999673688,0.004865700000664219,354.12646484375
ariad,10000,32,1,345,0.0001826051011448726,0.942140625,0.956859375,320000,1440000,1760000,144.0,1413120000,0.0075034999990748474,0.004815599999346887,354.12646484375
ariad,10000,32,1,346,0.00018260123033542186,0.942190625,0.956921875,320000,1440000,1760000,144.0,1413120000,0.007998299999599112,0.004834400000618189,354.12646484375
ariad,10000,32,1,347,0.00018258912314195186,0.942240625,0.956984375,320000,1440000,1760000,144.0,1413120000,0.007437099999151542,0.004778099999384722,354.12646484375
ariad,10000,32,1,348,0.00018258439376950264,0.9422625,0.9570125,320000,1440000,1760000,144.0,1413120000,0.0076009000003978144,0.004767599999468075,354.12646484375
ariad,10000,32,1,349,0.00018257912597618997,0.94228125,0.95704375,320000,1440000,1760000,144.0,1413120000,0.012059200000294368,0.005347599999367958,354.12646484375
ariad,10000,32,1,350,0.00018256971088703722,0.942303125,0.957075,320000,1440000,1760000,144.0,1413120000,0.007497599999624072,0.004821000000447384,354.12646484375
ariad,10000,32,1,351,0.00018256994371768087,0.942321875,0.9570875,320000,1440000,1760000,144.0,1413120000,0.007399999998597195,0.004747299999507959,354.12646484375
ariad,10000,32,1,352,0.00018256489420309663,0.942340625,0.95713125,320000,1440000,1760000,144.0,1413120000,0.008539200000086566,0.005420999999842024,354.12646484375
ariad,10000,32,1,353,0.00018255594477523118,0.94236875,0.957175,320000,1440000,1760000,144.0,1413120000,0.00872220000019297,0.005673999999999069,354.12646484375
ariad,10000,32,1,354,0.00018254807218909264,0.9424,0.95720625,320000,1440000,1760000,144.0,1413120000,0.0074279999989812495,0.004781500001627137,354.12646484375
ariad,10000,32,1,355,0.00018255450413562357,0.942403125,0.957240625,320000,1440000,1760000,144.0,1413120000,0.007494199999200646,0.0048146999997698,354.12646484375
ariad,10000,32,1,356,0.00018255316535942256,0.942428125,0.95729375,320000,1440000,1760000,144.0,1413120000,0.007910799999081064,0.005133200000273064,354.12646484375
ariad,10000,32,1,357,0.0001825466169975698,0.94245625,0.957325,320000,1440000,1760000,144.0,1413120000,0.007539500000348198,0.004870900000241818,354.12646484375
ariad,10000,32,1,358,0.0001825418003136292,0.942509375,0.9573875,320000,1440000,1760000,144.0,1413120000,0.007482299999537645,0.004786100000274018,354.12646484375
ariad,10000,32,1,359,0.000182538409717381,0.9425375,0.95741875,320000,1440000,1760000,144.0,1413120000,0.007438099999490078,0.004757200000312878,354.12646484375
ariad,10000,32,1,360,0.00018253580492455512,0.942571875,0.9574625,320000,1440000,1760000,144.0,1413120000,0.008101199999146047,0.005419900000561029,354.12646484375
ariad,10000,32,1,361,0.00018253012967761606,0.94260625,0.957490625,320000,1440000,1760000,144.0,1413120000,0.007497599999624072,0.004830699999729404,354.12646484375
ariad,10000,32,1,362,0.0001825253857532516,0.94264375,0.957528125,320000,1440000,1760000,144.0,1413120000,0.007452700001522317,0.004771500000060769,354.12646484375
ariad,10000,32,1,363,0.00018252195150125772,0.94269375,0.957596875,320000,1440000,1760000,144.0,1413120000,0.007975099999384838,0.005150400000275113,354.12646484375
ariad,10000,32,1,364,0.00018251760047860444,0.942734375,0.957628125,320000,1440000,1760000,144.0,1413120000,0.007780300000376883,0.004984400000466849,354.12646484375
ariad,10000,32,1,365,0.000182516552740708,0.94275,0.95765625,320000,1440000,1760000,144.0,1413120000,0.00753919999988284,0.004842800000915304,354.12646484375
ariad,10000,32,1,366,0.00018250785069540143,0.942775,0.957696875,320000,1440000,1760000,144.0,1413120000,0.008701200000359677,0.005975800000669551,354.12646484375
ariad,10000,32,1,367,0.0001825122017180547,0.942803125,0.957740625,320000,1440000,1760000,144.0,1413120000,0.007495599998947,0.00480509999943024,354.12646484375
ariad,10000,32,1,368,0.0001825124491006136,0.942828125,0.95778125,320000,1440000,1760000,144.0,1413120000,0.008955999999670894,0.005348200000298675,354.12646484375
ariad,10000,32,1,369,0.00018251038272865117,0.94285625,0.957828125,320000,1440000,1760000,144.0,1413120000,0.0075266999992891215,0.0048373999998148065,354.12646484375
ariad,10000,32,1,370,0.0001825100916903466,0.94288125,0.9578625,320000,1440000,1760000,144.0,1413120000,0.00745920000008482,0.004768599999806611,354.12646484375
ariad,10000,32,1,371,0.0001825048093451187,0.94289375,0.957871875,320000,1440000,1760000,144.0,1413120000,0.00753420000000915,0.004849800001466065,354.12646484375
ariad,10000,32,1,372,0.0001825017825467512,0.94291875,0.95790625,320000,1440000,1760000,144.0,1413120000,0.009399200000189012,0.005103600000438746,354.12646484375
ariad,10000,32,1,373,0.00018249134882353246,0.942959375,0.957965625,320000,1440000,1760000,144.0,1413120000,0.008735700001125224,0.004811599999811733,354.12646484375
ariad,10000,32,1,374,0.00018248984997626394,0.942984375,0.958015625,320000,1440000,1760000,144.0,1413120000,0.00793109999904118,0.005128299999341834,354.12646484375
ariad,10000,32,1,375,0.00018248488777317107,0.943003125,0.958046875,320000,1440000,1760000,144.0,1413120000,0.007636899999852176,0.004971700000169221,354.12646484375
ariad,10000,32,1,376,0.0001824833161663264,0.943028125,0.95806875,320000,1440000,1760000,144.0,1413120000,0.007689800000662217,0.004999999999199645,354.12646484375
ariad,10000,32,1,377,0.0001824835198931396,0.9430375,0.95809375,320000,1440000,1760000,144.0,1413120000,0.00811749999957101,0.0052252000004955335,354.12646484375
ariad,10000,32,1,378,0.00018247574917040765,0.943084375,0.958159375,320000,1440000,1760000,144.0,1413120000,0.007387700001345365,0.004767400001583155,354.12646484375
ariad,10000,32,1,379,0.00018247221305500716,0.943121875,0.958203125,320000,1440000,1760000,144.0,1413120000,0.007405300000755233,0.004764499999510008,354.12646484375
ariad,10000,32,1,380,0.00018246768740937114,0.943140625,0.95824375,320000,1440000,1760000,144.0,1413120000,0.00841960000070685,0.005461799999466166,354.12646484375
ariad,10000,32,1,381,0.00018246204126626253,0.943190625,0.958303125,320000,1440000,1760000,144.0,1413120000,0.007426399999530986,0.00476639999942563,354.12646484375
ariad,10000,32,1,382,0.00018246307445224375,0.943225,0.9583375,320000,1440000,1760000,144.0,1413120000,0.008243999998740037,0.005352199999833829,354.12646484375
ariad,10000,32,1,383,0.00018246163381263614,0.943240625,0.958378125,320000,1440000,1760000,144.0,1413120000,0.009560399999827496,0.004991199999494711,354.12646484375
ariad,10000,32,1,384,0.00018246132822241634,0.943265625,0.958425,320000,1440000,1760000,144.0,1413120000,0.007710699999734061,0.005002499998226995,354.12646484375
ariad,10000,32,1,385,0.00018246121180709451,0.943296875,0.958459375,320000,1440000,1760000,144.0,1413120000,0.007518099999288097,0.004826099999263533,354.12646484375
ariad,10000,32,1,386,0.0001824586361180991,0.943321875,0.958490625,320000,1440000,1760000,144.0,1413120000,0.007593500000439235,0.004904999999780557,354.12646484375
ariad,10000,32,1,387,0.00018245665705762804,0.94334375,0.958525,320000,1440000,1760000,144.0,1413120000,0.007465400000000955,0.004818499999601045,354.12646484375
ariad,10000,32,1,388,0.00018244926468469203,0.943365625,0.95854375,320000,1440000,1760000,144.0,1413120000,0.008770899999944959,0.005804899999930058,354.12646484375
ariad,10000,32,1,389,0.00018244430248159915,0.9433875,0.95858125,320000,1440000,1760000,144.0,1413120000,0.007468400001016562,0.004782899999554502,354.12646484375
ariad,10000,32,1,390,0.00018243903468828648,0.94340625,0.958615625,320000,1440000,1760000,144.0,1413120000,0.0075499999984458555,0.004844099999900209,354.12646484375
ariad,10000,32,1,391,0.00018243691010866314,0.94343125,0.958653125,320000,1440000,1760000,144.0,1413120000,0.008133400000588153,0.0048606000000290805,354.12646484375
ariad,10000,32,1,392,0.0001824306236812845,0.94344375,0.9586875,320000,1440000,1760000,144.0,1413120000,0.007473199999367353,0.004813499999727355,354.12646484375
ariad,10000,32,1,393,0.00018242932856082916,0.94346875,0.958725,320000,1440000,1760000,144.0,1413120000,0.008038400001169066,0.005154000000402448,354.12646484375
ariad,10000,32,1,394,0.00018242876103613526,0.9435,0.9587625,320000,1440000,1760000,144.0,1413120000,0.008004399998753797,0.00534460000017134,354.12646484375
ariad,10000,32,1,395,0.0001824248902266845,0.94353125,0.9588,320000,1440000,1760000,144.0,1413120000,0.007863500000894419,0.005123100001583225,354.12646484375
ariad,10000,32,1,396,0.0001824165228754282,0.943553125,0.95881875,320000,1440000,1760000,144.0,1413120000,0.00785600000017439,0.0051151000006939285,354.12646484375
ariad,10000,32,1,397,0.00018241468933410943,0.94358125,0.958840625,320000,1440000,1760000,144.0,1413120000,0.008312500000101863,0.005576399998972192,354.12646484375
ariad,10000,32,1,398,0.00018241824000142515,0.943603125,0.9588875,320000,1440000,1760000,144.0,1413120000,0.007843499999580672,0.0050653999987844145,354.12646484375
ariad,10000,32,1,399,0.00018241573707200587,0.943634375,0.9589125,320000,1440000,1760000,144.0,1413120000,0.007523499998569605,0.004831100000956212,354.12646484375
ariad,10000,32,1,400,0.0001824095525080338,0.94365625,0.9589375,320000,1440000,1760000,144.0,1413120000,0.007541999999375548,0.004818499999601045,354.12646484375
ariad,10000,32,1,401,0.00018241294310428202,0.943678125,0.958965625,320000,1440000,1760000,144.0,1413120000,0.008150899999236572,0.005202599999392987,354.12646484375
ariad,10000,32,1,402,0.0001824132341425866,0.94370625,0.959,320000,1440000,1760000,144.0,1413120000,0.007478400000763941,0.004782899999554502,354.12646484375
ariad,10000,32,1,403,0.00018241271027363837,0.943728125,0.959040625,320000,1440000,1760000,144.0,1413120000,0.0074736000005941605,0.004794400001628674,354.12646484375
ariad,10000,32,1,404,0.00018241022189613432,0.943746875,0.95905,320000,1440000,1760000,144.0,1413120000,0.007422000000588014,0.004777100000865175,354.12646484375
ariad,10000,32,1,405,0.0001824071805458516,0.94375,0.959096875,320000,1440000,1760000,144.0,1413120000,0.01275540000096953,0.010061700000733254,354.12646484375
ariad,10000,32,1,406,0.00018240624922327697,0.9437625,0.95911875,320000,1440000,1760000,144.0,1413120000,0.007543100000475533,0.004879099999016034,354.12646484375
ariad,10000,32,1,407,0.00018240742792841047,0.9437875,0.959140625,320000,1440000,1760000,144.0,1413120000,0.007489899999200134,0.0048022999999375315,354.12646484375
ariad,10000,32,1,408,0.00018239463679492474,0.94381875,0.959178125,320000,1440000,1760000,144.0,1413120000,0.008024400000067544,0.005312699999194592,354.12646484375
ariad,10000,32,1,409,0.0001823892816901207,0.943828125,0.959196875,320000,1440000,1760000,144.0,1413120000,0.008723299999473966,0.004842500000449945,354.12646484375
ariad,10000,32,1,410,0.0001823821512516588,0.943840625,0.95924375,320000,1440000,1760000,144.0,1413120000,0.007484800000383984,0.0048124999993888196,354.12646484375
ariad,10000,32,1,411,0.00018238223856315017,0.94385625,0.959271875,320000,1440000,1760000,144.0,1413120000,0.010429799998746603,0.006962700001167832,354.12646484375
ariad,10000,32,1,412,0.00018237525364384055,0.943878125,0.959309375,320000,1440000,1760000,144.0,1413120000,0.007971500001076492,0.004922400001305505,354.12646484375
ariad,10000,32,1,413,0.00018237135373055935,0.943909375,0.959346875,320000,1440000,1760000,144.0,1413120000,0.007441800000378862,0.004782999998496962,354.12646484375
ariad,10000,32,1,414,0.00018237001495435834,0.943934375,0.959384375,320000,1440000,1760000,144.0,1413120000,0.007620500000484753,0.0049090000011347,354.12646484375
ariad,10000,32,1,415,0.0001823692728066817,0.943959375,0.959421875,320000,1440000,1760000,144.0,1413120000,0.0076978000015515136,0.004913299999316223,354.12646484375
ariad,10000,32,1,416,0.00018236851610708982,0.944,0.959446875,320000,1440000,1760000,144.0,1413120000,0.007703000001129112,0.00481480000053125,354.12646484375
ariad,10000,32,1,417,0.0001823572238208726,0.944025,0.95948125,320000,1440000,1760000,144.0,1413120000,0.007671999999729451,0.0049063000005844515,354.12646484375
ariad,10000,32,1,418,0.00018235467723570764,0.94404375,0.95951875,320000,1440000,1760000,144.0,1413120000,0.007504799999878742,0.004808399999092217,354.12646484375
ariad,10000,32,1,419,0.00018235610332340002,0.944065625,0.95954375,320000,1440000,1760000,144.0,1413120000,0.008095799999864539,0.005169199999727425,354.12646484375
ariad,10000,32,1,420,0.00018235520110465586,0.9441,0.95959375,320000,1440000,1760000,144.0,1413120000,0.00808110000070883,0.005338499999197666,354.12646484375
ariad,10000,32,1,421,0.00018234556773677468,0.944125,0.959640625,320000,1440000,1760000,144.0,1413120000,0.007497200000216253,0.004821700000320561,354.12646484375
ariad,10000,32,1,422,0.00018233661830890924,0.9441625,0.9596875,320000,1440000,1760000,144.0,1413120000,0.008852099999785423,0.005981500000416418,354.12646484375
ariad,10000,32,1,423,0.0001823292695917189,0.944209375,0.959721875,320000,1440000,1760000,144.0,1413120000,0.008278100000097766,0.004883800000243355,354.12646484375
ariad,10000,32,1,424,0.00018232667935080826,0.944240625,0.95975625,320000,1440000,1760000,144.0,1413120000,0.007512000000133412,0.004850399998758803,354.12646484375
ariad,10000,32,1,425,0.0001823221828090027,0.94425625,0.959775,320000,1440000,1760000,144.0,1413120000,0.008198400000765105,0.005009700000300654,354.12646484375
ariad,10000,32,1,426,0.0001823222410166636,0.9442625,0.959790625,320000,1440000,1760000,144.0,1413120000,0.007492900000215741,0.004797599998710211,354.12646484375
ariad,10000,32,1,427,0.00018231380090583116,0.944296875,0.95983125,320000,1440000,1760000,144.0,1413120000,0.01104510000004666,0.0048403000000689644,354.12646484375
ariad,10000,32,1,428,0.00018231281137559563,0.9443125,0.959875,320000,1440000,1760000,144.0,1413120000,0.00821390000055544,0.005145099999936065,354.12646484375
ariad,10000,32,1,429,0.00018230944988317788,0.94435,0.959921875,320000,1440000,1760000,144.0,1413120000,0.007528199999796925,0.0048671999993530335,354.12646484375
ariad,10000,32,1,430,0.00018230461864732206,0.9444,0.959978125,320000,1440000,1760000,144.0,1413120000,0.007907999999588355,0.005099300000438234,354.12646484375
ariad,10000,32,1,431,0.0001822969934437424,0.944428125,0.960009375,320000,1440000,1760000,144.0,1413120000,0.007818099998985417,0.005000200000722543,354.12646484375
ariad,10000,32,1,432,0.0001822972553782165,0.944459375,0.96005625,320000,1440000,1760000,144.0,1413120000,0.007878300000811578,0.005103000001327018,354.12646484375
ariad,10000,32,1,433,0.0001822950434871018,0.944475,0.960096875,320000,1440000,1760000,144.0,1413120000,0.008399599999393104,0.005577199999606819,354.12646484375
ariad,10000,32,1,434,0.00018228584667667747,0.94451875,0.960128125,320000,1440000,1760000,144.0,1413120000,0.007549700001618476,0.004850200000873883,354.12646484375
ariad,10000,32,1,435,0.00018228999397251755,0.944546875,0.96015,320000,1440000,1760000,144.0,1413120000,0.007421600001180195,0.004726600000140024,354.12646484375
ariad,10000,32,1,436,0.00018229206034447998,0.94456875,0.9602,320000,1440000,1760000,144.0,1413120000,0.008329400001457543,0.005213200000071083,354.12646484375
ariad,10000,32,1,437,0.0001822856138460338,0.9446,0.960221875,320000,1440000,1760000,144.0,1413120000,0.0076118999986647395,0.004926200001136749,354.12646484375
ariad,10000,32,1,438,0.000182273710379377,0.944628125,0.960246875,320000,1440000,1760000,144.0,1413120000,0.00777850000122271,0.004804800000783871,354.12646484375
ariad,10000,32,1,439,0.00018226791871711612,0.944675,0.960309375,320000,1440000,1760000,144.0,1413120000,0.009029900000314228,0.005946400000539143,354.12646484375
ariad,10000,32,1,440,0.00018226820975542068,0.944715625,0.96036875,320000,1440000,1760000,144.0,1413120000,0.0074748000006366055,0.004848300000958261,354.12646484375
ariad,10000,32,1,441,0.00018226663814857602,0.9447375,0.960409375,320000,1440000,1760000,144.0,1413120000,0.007482300001356634,0.004803299998457078,354.12646484375
ariad,10000,32,1,442,0.0001822633930714801,0.944765625,0.9604375,320000,1440000,1760000,144.0,1413120000,0.007572499998786952,0.004871199998888187,354.12646484375
ariad,10000,32,1,443,0.00018224808445665985,0.944809375,0.96050625,320000,1440000,1760000,144.0,1413120000,0.0075017999988631345,0.004821000000447384,354.12646484375
ariad,10000,32,1,444,0.00018223511870019138,0.9448375,0.960546875,320000,1440000,1760000,144.0,1413120000,0.008041400000365684,0.004757300001074327,354.12646484375
ariad,10000,32,1,445,0.00018223468214273453,0.9448625,0.960571875,320000,1440000,1760000,144.0,1413120000,0.007628100000147242,0.004936200000884128,354.12646484375
ariad,10000,32,1,446,0.00018223295046482235,0.94489375,0.960584375,320000,1440000,1760000,144.0,1413120000,0.009981000001062057,0.005229500000496046,354.12646484375
ariad,10000,32,1,447,0.0001822326157707721,0.94491875,0.9606125,320000,1440000,1760000,144.0,1413120000,0.00827960000060557,0.005557399999815971,354.12646484375
ariad,10000,32,1,448,0.00018223344522994012,0.94494375,0.960640625,320000,1440000,1760000,144.0,1413120000,0.007535000000643777,0.004887600000074599,354.12646484375
ariad,10000,32,1,449,0.0001822335907490924,0.944946875,0.96065,320000,1440000,1760000,144.0,1413120000,0.007760699998470955,0.0050270000010641525,354.12646484375
ariad,10000,32,1,450,0.00018223178631160408,0.94495625,0.960665625,320000,1440000,1760000,144.0,1413120000,0.007942800000819261,0.005260199999611359,354.12646484375
ariad,10000,32,1,451,0.00018223079678136855,0.9449625,0.960696875,320000,1440000,1760000,144.0,1413120000,0.007561500000520027,0.004838500000914792,354.12646484375
ariad,10000,32,1,452,0.00018222664948552847,0.9449875,0.96071875,320000,1440000,1760000,144.0,1413120000,0.007448000000294996,0.0048116000016307225,354.12646484375
ariad,10000,32,1,453,0.00018222340440843254,0.945003125,0.960759375,320000,1440000,1760000,144.0,1413120000,0.008624600000985083,0.005793199999970966,354.12646484375
ariad,10000,32,1,454,0.00018222657672595233,0.94501875,0.9607875,320000,1440000,1760000,144.0,1413120000,0.0076860999997734325,0.004743499999676715,354.12646484375
ariad,10000,32,1,455,0.00018222465587314218,0.945040625,0.960828125,320000,1440000,1760000,144.0,1413120000,0.007493700000850367,0.004780200000823243,354.12646484375
ariad,10000,32,1,456,0.00018222525250166655,0.94506875,0.96086875,320000,1440000,1760000,144.0,1413120000,0.007661400000870344,0.004958299999998417,354.12646484375
ariad,10000,32,1,457,0.0001822220510803163,0.94509375,0.960878125,320000,1440000,1760000,144.0,1413120000,0.0076640999996016035,0.0049939999989874195,354.12646484375
ariad,10000,32,1,458,0.00018221988284494728,0.94509375,0.960903125,320000,1440000,1760000,144.0,1413120000,0.007484100000510807,0.004822900000363006,354.12646484375
ariad,10000,32,1,459,0.0001822159392759204,0.94511875,0.96094375,320000,1440000,1760000,144.0,1413120000,0.007556600001407787,0.00485100000150851,354.12646484375
ariad,10000,32,1,460,0.00018221735081169754,0.94514375,0.96096875,320000,1440000,1760000,144.0,1413120000,0.00751010000021779,0.004804199999853154,354.12646484375
ariad,10000,32,1,461,0.00018221068603452295,0.945165625,0.961009375,320000,1440000,1760000,144.0,1413120000,0.008166600000549806,0.0052643000017269515,354.12646484375
ariad,10000,32,1,462,0.00018220822676084936,0.945184375,0.96101875,320000,1440000,1760000,144.0,1413120000,0.007586399999127025,0.004871700000876444,354.12646484375
ariad,10000,32,1,463,0.00018220576748717576,0.945190625,0.96104375,320000,1440000,1760000,144.0,1413120000,0.007706599999437458,0.005006299999877228,354.12646484375
ariad,10000,32,1,464,0.00018220423953607678,0.945203125,0.961065625,320000,1440000,1760000,144.0,1413120000,0.007993400000486872,0.005185699999856297,354.12646484375
ariad,10000,32,1,465,0.00018219907360617071,0.94525,0.9611125,320000,1440000,1760000,144.0,1413120000,0.00774950000050012,0.005022699999244651,354.12646484375
ariad,10000,32,1,466,0.00018219920457340777,0.945275,0.96114375,320000,1440000,1760000,144.0,1413120000,0.008877899999788497,0.006101599999965401,354.12646484375
ariad,10000,32,1,467,0.00018220300262328237,0.94528125,0.96116875,320000,1440000,1760000,144.0,1413120000,0.00800359999993816,0.005339600000297651,354.12646484375
ariad,10000,32,1,468,0.00018220112542621791,0.945290625,0.961175,320000,1440000,1760000,144.0,1413120000,0.007519699998738361,0.004834800000026007,354.12646484375
ariad,10000,32,1,469,0.00018220131460111588,0.945296875,0.961190625,320000,1440000,1760000,144.0,1413120000,0.007445400000506197,0.004790099999809172,354.12646484375
ariad,10000,32,1,470,0.00018219859339296818,0.945309375,0.961215625,320000,1440000,1760000,144.0,1413120000,0.008674799999425886,0.005104800000481191,354.12646484375
ariad,10000,32,1,471,0.00018219654157292098,0.945321875,0.961228125,320000,1440000,1760000,144.0,1413120000,0.007815200000550249,0.004858000000240281,354.12646484375
ariad,10000,32,1,472,0.0001821896730689332,0.945340625,0.961240625,320000,1440000,1760000,144.0,1413120000,0.007659299999431823,0.004890500000328757,354.12646484375
ariad,10000,32,1,473,0.00018218826153315604,0.945340625,0.961240625,320000,1440000,1760000,144.0,1413120000,0.007917699998870376,0.005173500001546927,354.12646484375
ariad,10000,32,1,474,0.00018218925106339157,0.94535625,0.961271875,320000,1440000,1760000,144.0,1413120000,0.007542399998783367,0.004890400001386297,354.12646484375
ariad,10000,32,1,475,0.000182187621248886,0.945371875,0.961315625,320000,1440000,1760000,144.0,1413120000,0.007499499999539694,0.004798199999640929,354.12646484375
ariad,10000,32,1,476,0.00018218447803519666,0.9453875,0.96133125,320000,1440000,1760000,144.0,1413120000,0.007558799999969779,0.004869099999268656,354.12646484375
ariad,10000,32,1,477,0.00018218344484921545,0.94540625,0.961346875,320000,1440000,1760000,144.0,1413120000,0.008465000000796863,0.005457100000057835,354.12646484375
ariad,10000,32,1,478,0.00018217976321466267,0.94543125,0.961365625,320000,1440000,1760000,144.0,1413120000,0.007760399999824585,0.004989999999452266,354.12646484375
ariad,10000,32,1,479,0.00018217970500700176,0.945425,0.961396875,320000,1440000,1760000,144.0,1413120000,0.007859600000301725,0.004862499999944703,354.12646484375
ariad,10000,32,1,480,0.0001821777259465307,0.945453125,0.9614125,320000,1440000,1760000,144.0,1413120000,0.00754150000102527,0.004862900001171511,354.12646484375
ariad,10000,32,1,481,0.0001821783953346312,0.9454875,0.961434375,320000,1440000,1760000,144.0,1413120000,0.008820799999739393,0.0048439000001962995,354.12646484375
ariad,10000,32,1,482,0.00018217730394098908,0.945503125,0.96144375,320000,1440000,1760000,144.0,1413120000,0.007658500000616186,0.004958999999871594,354.12646484375
ariad,10000,32,1,483,0.0001821770565584302,0.945515625,0.961459375,320000,1440000,1760000,144.0,1413120000,0.0074112999991484685,0.004753299999720184,354.12646484375
ariad,10000,32,1,484,0.00018217205069959164,0.945525,0.961490625,320000,1440000,1760000,144.0,1413120000,0.00795060000018566,0.0052404000016395,354.12646484375
ariad,10000,32,1,485,0.00018217078468296677,0.94555625,0.961521875,320000,1440000,1760000,144.0,1413120000,0.007456299999830662,0.004754999999931897,354.12646484375
ariad,10000,32,1,486,0.000182167932507582,0.94556875,0.961525,320000,1440000,1760000,144.0,1413120000,0.007958599999255966,0.005201699999815901,354.12646484375
ariad,10000,32,1,487,0.0001821663317969069,0.945590625,0.96155,320000,1440000,1760000,144.0,1413120000,0.0077896000002510846,0.005083199999717181,354.12646484375
ariad,10000,32,1,488,0.00018216036551166326,0.94563125,0.961621875,320000,1440000,1760000,144.0,1413120000,0.007458000000042375,0.0047737999993842095,354.12646484375
ariad,10000,32,1,489,0.00018215796444565058,0.94565625,0.961646875,320000,1440000,1760000,144.0,1413120000,0.00793820000035339,0.004852199999731965,354.12646484375
ariad,10000,32,1,490,0.0001821555197238922,0.945696875,0.96168125,320000,1440000,1760000,144.0,1413120000,0.007642500000656582,0.004950600001393468,354.12646484375
ariad,10000,32,1,491,0.0001821505429688841,0.9457125,0.961703125,320000,1440000,1760000,144.0,1413120000,0.007567900000140071,0.004851400000916328,354.12646484375
ariad,10000,32,1,492,0.0001821462792577222,0.94575,0.961746875,320000,1440000,1760000,144.0,1413120000,0.007596100000228034,0.004881300001216005,354.12646484375
ariad,10000,32,1,493,0.0001821442856453359,0.945771875,0.96176875,320000,1440000,1760000,144.0,1413120000,0.008132200000545708,0.005274799999824609,354.12646484375
ariad,10000,32,1,494,0.0001821374607970938,0.945796875,0.961803125,320000,1440000,1760000,144.0,1413120000,0.008120500000586617,0.005064699998911237,354.12646484375
ariad,10000,32,1,495,0.00018213300791103393,0.945815625,0.961821875,320000,1440000,1760000,144.0,1413120000,0.007835899999918183,0.004931900000883616,354.12646484375
ariad,10000,32,1,496,0.0001821342302719131,0.945828125,0.96185625,320000,1440000,1760000,144.0,1413120000,0.007558199999039061,0.004893799999990733,354.12646484375
ariad,10000,32,1,497,0.00018213507428299636,0.94585,0.9619,320000,1440000,1760000,144.0,1413120000,0.00740859999859822,0.00473000000056345,354.12646484375
ariad,10000,32,1,498,0.00018213059229310602,0.945878125,0.96191875,320000,1440000,1760000,144.0,1413120000,0.00919909999902302,0.006264300000111689,354.12646484375
ariad,10000,32,1,499,0.00018212992290500551,0.9458875,0.96195,320000,1440000,1760000,144.0,1413120000,0.0074564999995345715,0.004780600000231061,354.12646484375
ariad,10000,32,1,500,0.00018212774011772126,0.94593125,0.962,320000,1440000,1760000,144.0,1413120000,0.007439200000590063,0.004779699998834985,354.12646484375
