method,n,k,seed,epoch,mse,teacher_match,match_exhaustive,attn_scores,search_scores,total_scores,c_scored,est_flops,step_time_s,search_time_s,peak_mem_mb
dense,10000,32,2,1,0.1243305504322052,0.127746875,1.0,100000000,0,100000000,0.0,77783040000,0.24651000000085332,0.0,1659.2119140625
dense,10000,32,2,2,0.11639674007892609,0.1248875,1.0,100000000,0,100000000,0.0,77783040000,0.016088899999886053,0.0,1659.3369140625
dense,10000,32,2,3,0.1129552349448204,0.1206375,1.0,100000000,0,100000000,0.0,77783040000,0.015462499999557622,0.0,1659.3369140625
dense,10000,32,2,4,0.11142876744270325,0.116115625,1.0,100000000,0,100000000,0.0,77783040000,0.015441899999132147,0.0,1659.3369140625
dense,10000,32,2,5,0.11072763055562973,0.112384375,1.0,100000000,0,100000000,0.0,77783040000,0.015431299998454051,0.0,1659.3369140625
dense,10000,32,2,6,0.11036831140518188,0.110046875,1.0,100000000,0,100000000,0.0,77783040000,0.015436599998793099,0.0,1659.3369140625
dense,10000,32,2,7,0.11013983935117722,0.109171875,1.0,100000000,0,100000000,0.0,77783040000,0.01543149999997695,0.0,1659.3369140625
dense,10000,32,2,8,0.10995619744062424,0.110109375,1.0,100000000,0,100000000,0.0,77783040000,0.015471599999727914,0.0,1659.3369140625
dense,10000,32,2,9,0.10978590697050095,0.112203125,1.0,100000000,0,100000000,0.0,77783040000,0.015440400000443333,0.0,1659.3369140625
dense,10000,32,2,10,0.10961933434009552,0.11543125,1.0,100000000,0,100000000,0.0,77783040000,0.015490900001168484,0.0,1659.3369140625
dense,10000,32,2,11,0.10945460945367813,0.11953125,1.0,100000000,0,100000000,0.0,77783040000,0.015696700000262354,0.0,1659.3369140625
dense,10000,32,2,12,0.10929222404956818,0.124659375,1.0,100000000,0,100000000,0.0,77783040000,0.015423400000145193,0.0,1659.3369140625
dense,10000,32,2,13,0.10913319140672684,0.1303625,1.0,100000000,0,100000000,0.0,77783040000,0.015481899999940651,0.0,1659.3369140625
dense,10000,32,2,14,0.10897856205701828,0.137059375,1.0,100000000,0,100000000,0.0,77783040000,0.0154556000015873,0.0,1659.3369140625
dense,10000,32,2,15,0.10882892459630966,0.144115625,1.0,100000000,0,100000000,0.0,77783040000,0.015412900000228547,0.0,1659.3369140625
dense,10000,32,2,16,0.10868426412343979,0.1517625,1.0,100000000,0,100000000,0.0,77783040000,0.015715699999418575,0.0,1659.3369140625
dense,10000,32,2,17,0.10854402929544449,0.160021875,1.0,100000000,0,100000000,0.0,77783040000,0.01660500000070897,0.0,1659.3369140625
dense,10000,32,2,18,0.10840737074613571,0.16810625,1.0,100000000,0,100000000,0.0,77783040000,0.01549200000044948,0.0,1659.3369140625
dense,10000,32,2,19,0.10827350616455078,0.176509375,1.0,100000000,0,100000000,0.0,77783040000,0.015485900001294794,0.0,1659.3369140625
dense,10000,32,2,20,0.10814204066991806,0.185903125,1.0,100000000,0,100000000,0.0,77783040000,0.015836499998840736,0.0,1659.3369140625
dense,10000,32,2,21,0.10801295936107635,0.195103125,1.0,100000000,0,100000000,0.0,77783040000,0.015489100000195322,0.0,1659.3369140625
dense,10000,32,2,22,0.10788673907518387,0.204378125,1.0,100000000,0,100000000,0.0,77783040000,0.015464199999769335,0.0,1659.3369140625
dense,10000,32,2,23,0.10776391625404358,0.2138875,1.0,100000000,0,100000000,0.0,77783040000,0.015457399998922483,0.0,1659.3369140625
dense,10000,32,2,24,0.10764479637145996,0.22335,1.0,100000000,0,100000000,0.0,77783040000,0.015783700000611134,0.0,1659.3369140625
dense,10000,32,2,25,0.10752920806407928,0.232890625,1.0,100000000,0,100000000,0.0,77783040000,0.015509499999097898,0.0,1659.3369140625
dense,10000,32,2,26,0.10741639137268066,0.242096875,1.0,100000000,0,100000000,0.0,77783040000,0.015467100000023493,0.0,1659.3369140625
dense,10000,32,2,27,0.10730519890785217,0.250934375,1.0,100000000,0,100000000,0.0,77783040000,0.015426300000399351,0.0,1659.3369140625
dense,10000,32,2,28,0.10719440877437592,0.259496875,1.0,100000000,0,100000000,0.0,77783040000,0.015459500000361004,0.0,1659.3369140625
dense,10000,32,2,29,0.10708317905664444,0.2680125,1.0,100000000,0,100000000,0.0,77783040000,0.015810700000656652,0.0,1659.3369140625
dense,10000,32,2,30,0.10697127133607864,0.27595625,1.0,100000000,0,100000000,0.0,77783040000,0.015410500000143657,0.0,1659.3369140625
dense,10000,32,2,31,0.10685902833938599,0.284009375,1.0,100000000,0,100000000,0.0,77783040000,0.015404300000227522,0.0,1659.3369140625
dense,10000,32,2,32,0.10674691200256348,0.291775,1.0,100000000,0,100000000,0.0,77783040000,0.015518000000156462,0.0,1659.3369140625
dense,10000,32,2,33,0.10663509368896484,0.2989625,1.0,100000000,0,100000000,0.0,77783040000,0.015519099999437458,0.0,1659.3369140625
dense,10000,32,2,34,0.10652294754981995,0.306184375,1.0,100000000,0,100000000,0.0,77783040000,0.015444300001036027,0.0,1659.3369140625
dense,10000,32,2,35,0.1064089834690094,0.313175,1.0,100000000,0,100000000,0.0,77783040000,0.015499799999815878,0.0,1659.3369140625
dense,10000,32,2,36,0.10629106312990189,0.320078125,1.0,100000000,0,100000000,0.0,77783040000,0.01545570000052976,0.0,1659.3369140625
dense,10000,32,2,37,0.10616683959960938,0.3261125,1.0,100000000,0,100000000,0.0,77783040000,0.015413400000397814,0.0,1659.3369140625
dense,10000,32,2,38,0.10603407770395279,0.332459375,1.0,100000000,0,100000000,0.0,77783040000,0.015460999999049818,0.0,1659.3369140625
dense,10000,32,2,39,0.10589072108268738,0.338265625,1.0,100000000,0,100000000,0.0,77783040000,0.01550889999998617,0.0,1659.3369140625
dense,10000,32,2,40,0.10573472827672958,0.343709375,1.0,100000000,0,100000000,0.0,77783040000,0.01543870000023162,0.0,1659.3369140625
dense,10000,32,2,41,0.10556386411190033,0.34853125,1.0,100000000,0,100000000,0.0,77783040000,0.015496500000153901,0.0,1659.3369140625
dense,10000,32,2,42,0.10537564754486084,0.35341875,1.0,100000000,0,100000000,0.0,77783040000,0.01578250000056869,0.0,1659.3369140625
dense,10000,32,2,43,0.10516725480556488,0.357925,1.0,100000000,0,100000000,0.0,77783040000,0.015524500000537955,0.0,1659.3369140625
dense,10000,32,2,44,0.10493622720241547,0.362284375,1.0,100000000,0,100000000,0.0,77783040000,0.015446400000655558,0.0,1659.3369140625
dense,10000,32,2,45,0.10468026995658875,0.36669375,1.0,100000000,0,100000000,0.0,77783040000,0.015485400001125527,0.0,1659.3369140625
dense,10000,32,2,46,0.10439633578062057,0.37085,1.0,100000000,0,100000000,0.0,77783040000,0.01570949999950244,0.0,1659.3369140625
dense,10000,32,2,47,0.10407999902963638,0.375121875,1.0,100000000,0,100000000,0.0,77783040000,0.015455499999006861,0.0,1659.3369140625
dense,10000,32,2,48,0.1037263423204422,0.3793875,1.0,100000000,0,100000000,0.0,77783040000,0.015465899999981048,0.0,1659.3369140625
dense,10000,32,2,49,0.10332999378442764,0.38385625,1.0,100000000,0,100000000,0.0,77783040000,0.015498900000238791,0.0,1659.3369140625
dense,10000,32,2,50,0.10288554430007935,0.388865625,1.0,100000000,0,100000000,0.0,77783040000,0.015428500000780332,0.0,1659.3369140625
dense,10000,32,2,51,0.10238873213529587,0.394228125,1.0,100000000,0,100000000,0.0,77783040000,0.015505400000620284,0.0,1659.3369140625
dense,10000,32,2,52,0.10183537006378174,0.400275,1.0,100000000,0,100000000,0.0,77783040000,0.015447499999936554,0.0,1659.3369140625
dense,10000,32,2,53,0.10121972858905792,0.4066125,1.0,100000000,0,100000000,0.0,77783040000,0.015512500000113505,0.0,1659.3369140625
dense,10000,32,2,54,0.10053519904613495,0.413790625,1.0,100000000,0,100000000,0.0,77783040000,0.01545090000035998,0.0,1659.3369140625
dense,10000,32,2,55,0.09977442026138306,0.421353125,1.0,100000000,0,100000000,0.0,77783040000,0.015647799998987466,0.0,1659.3369140625
dense,10000,32,2,56,0.09892856329679489,0.42929375,1.0,100000000,0,100000000,0.0,77783040000,0.016797300000689575,0.0,1659.3369140625
dense,10000,32,2,57,0.09798775613307953,0.4379,1.0,100000000,0,100000000,0.0,77783040000,0.015548899998975685,0.0,1659.3369140625
dense,10000,32,2,58,0.09693969041109085,0.446915625,1.0,100000000,0,100000000,0.0,77783040000,0.015491100000872393,0.0,1659.3369140625
dense,10000,32,2,59,0.09576854854822159,0.4568125,1.0,100000000,0,100000000,0.0,77783040000,0.01546760000019276,0.0,1659.3369140625
dense,10000,32,2,60,0.0944567620754242,0.467446875,1.0,100000000,0,100000000,0.0,77783040000,0.015485500000067987,0.0,1659.3369140625
dense,10000,32,2,61,0.09298430383205414,0.4781,1.0,100000000,0,100000000,0.0,77783040000,0.015425000001414446,0.0,1659.3369140625
dense,10000,32,2,62,0.09132598340511322,0.48945,1.0,100000000,0,100000000,0.0,77783040000,0.015481599999475293,0.0,1659.3369140625
dense,10000,32,2,63,0.08945222944021225,0.501375,1.0,100000000,0,100000000,0.0,77783040000,0.015454400001544855,0.0,1659.3369140625
dense,10000,32,2,64,0.08732575178146362,0.514028125,1.0,100000000,0,100000000,0.0,77783040000,0.015831699998670956,0.0,1659.3369140625
dense,10000,32,2,65,0.08489639312028885,0.52705625,1.0,100000000,0,100000000,0.0,77783040000,0.015463399999134708,0.0,1659.3369140625
dense,10000,32,2,66,0.08210869878530502,0.5406875,1.0,100000000,0,100000000,0.0,77783040000,0.015488699998968514,0.0,1659.3369140625
dense,10000,32,2,67,0.07891185581684113,0.555340625,1.0,100000000,0,100000000,0.0,77783040000,0.015445099999851664,0.0,1659.3369140625
dense,10000,32,2,68,0.07525717467069626,0.5700375,1.0,100000000,0,100000000,0.0,77783040000,0.015485100000660168,0.0,1659.3369140625
dense,10000,32,2,69,0.07109533250331879,0.585825,1.0,100000000,0,100000000,0.0,77783040000,0.016414800000347896,0.0,1659.3369140625
dense,10000,32,2,70,0.06639328598976135,0.6013875,1.0,100000000,0,100000000,0.0,77783040000,0.015510600000197883,0.0,1659.3369140625
dense,10000,32,2,71,0.06117694079875946,0.617546875,1.0,100000000,0,100000000,0.0,77783040000,0.015578300000925083,0.0,1659.3369140625
dense,10000,32,2,72,0.05556231364607811,0.633771875,1.0,100000000,0,100000000,0.0,77783040000,0.015491399999518762,0.0,1659.3369140625
dense,10000,32,2,73,0.049735888838768005,0.64943125,1.0,100000000,0,100000000,0.0,77783040000,0.015526899998803856,0.0,1659.3369140625
dense,10000,32,2,74,0.043949417769908905,0.66474375,1.0,100000000,0,100000000,0.0,77783040000,0.015523899999607238,0.0,1659.3369140625
dense,10000,32,2,75,0.038495272397994995,0.679265625,1.0,100000000,0,100000000,0.0,77783040000,0.015440000001035514,0.0,1659.3369140625
dense,10000,32,2,76,0.033653244376182556,0.693240625,1.0,100000000,0,100000000,0.0,77783040000,0.015480799998840666,0.0,1659.3369140625
dense,10000,32,2,77,0.02957458421587944,0.7064625,1.0,100000000,0,100000000,0.0,77783040000,0.01563229999919713,0.0,1659.3369140625
dense,10000,32,2,78,0.02627851441502571,0.718546875,1.0,100000000,0,100000000,0.0,77783040000,0.015456699999049306,0.0,1659.3369140625
dense,10000,32,2,79,0.0237065851688385,0.72990625,1.0,100000000,0,100000000,0.0,77783040000,0.015510799999901792,0.0,1659.3369140625
dense,10000,32,2,80,0.021711181849241257,0.74030625,1.0,100000000,0,100000000,0.0,77783040000,0.015423099999679835,0.0,1659.3369140625
dense,10000,32,2,81,0.02009618654847145,0.74945625,1.0,100000000,0,100000000,0.0,77783040000,0.01572880000094301,0.0,1659.3369140625
dense,10000,32,2,82,0.018700329586863518,0.759234375,1.0,100000000,0,100000000,0.0,77783040000,0.015500399998927605,0.0,1659.3369140625
dense,10000,32,2,83,0.01742270402610302,0.768071875,1.0,100000000,0,100000000,0.0,77783040000,0.015695300000516,0.0,1659.3369140625
dense,10000,32,2,84,0.016194365918636322,0.77658125,1.0,100000000,0,100000000,0.0,77783040000,0.015496099998927093,0.0,1659.3369140625
dense,10000,32,2,85,0.014955529011785984,0.78439375,1.0,100000000,0,100000000,0.0,77783040000,0.015728200000012293,0.0,1659.3369140625
dense,10000,32,2,86,0.013681218959391117,0.793190625,1.0,100000000,0,100000000,0.0,77783040000,0.01609909999933734,0.0,1659.3369140625
dense,10000,32,2,87,0.012404484674334526,0.80255625,1.0,100000000,0,100000000,0.0,77783040000,0.015535200000158511,0.0,1659.3369140625
dense,10000,32,2,88,0.01118938997387886,0.8118375,1.0,100000000,0,100000000,0.0,77783040000,0.015517199999521836,0.0,1659.3369140625
dense,10000,32,2,89,0.010080610401928425,0.82096875,1.0,100000000,0,100000000,0.0,77783040000,0.015491199999814853,0.0,1659.3369140625
dense,10000,32,2,90,0.009084857068955898,0.8298625,1.0,100000000,0,100000000,0.0,77783040000,0.015993799999705516,0.0,1659.3369140625
dense,10000,32,2,91,0.008209998719394207,0.838065625,1.0,100000000,0,100000000,0.0,77783040000,0.015471999999135733,0.0,1659.3369140625
dense,10000,32,2,92,0.007473260164260864,0.845134375,1.0,100000000,0,100000000,0.0,77783040000,0.015441599998666788,0.0,1659.3369140625
dense,10000,32,2,93,0.0068666525185108185,0.851265625,1.0,100000000,0,100000000,0.0,77783040000,0.01660000000083528,0.0,1659.3369140625
dense,10000,32,2,94,0.00634782062843442,0.856590625,1.0,100000000,0,100000000,0.0,77783040000,0.015487999999095337,0.0,1659.3369140625
dense,10000,32,2,95,0.005868677515536547,0.8621375,1.0,100000000,0,100000000,0.0,77783040000,0.015468699999473756,0.0,1659.3369140625
dense,10000,32,2,96,0.005399452522397041,0.86784375,1.0,100000000,0,100000000,0.0,77783040000,0.01549199999863049,0.0,1659.3369140625
dense,10000,32,2,97,0.004930936265736818,0.874128125,1.0,100000000,0,100000000,0.0,77783040000,0.015511699999478878,0.0,1659.3369140625
dense,10000,32,2,98,0.004470056854188442,0.88113125,1.0,100000000,0,100000000,0.0,77783040000,0.015536599999904865,0.0,1659.3369140625
dense,10000,32,2,99,0.004026813432574272,0.8884375,1.0,100000000,0,100000000,0.0,77783040000,0.01594729999851552,0.0,1659.3369140625
dense,10000,32,2,100,0.0036111182998865843,0.895553125,1.0,100000000,0,100000000,0.0,77783040000,0.015526099999988219,0.0,1659.3369140625
dense,10000,32,2,101,0.003234381088986993,0.90298125,1.0,100000000,0,100000000,0.0,77783040000,0.015470599999389378,0.0,1659.3369140625
dense,10000,32,2,102,0.0029034395702183247,0.910228125,1.0,100000000,0,100000000,0.0,77783040000,0.015452499999810243,0.0,1659.3369140625
dense,10000,32,2,103,0.002625409746542573,0.916778125,1.0,100000000,0,100000000,0.0,77783040000,0.015876199999183882,0.0,1659.3369140625
dense,10000,32,2,104,0.002408225554972887,0.92275625,1.0,100000000,0,100000000,0.0,77783040000,0.01548440000078699,0.0,1659.3369140625
dense,10000,32,2,105,0.0022471523843705654,0.926565625,1.0,100000000,0,100000000,0.0,77783040000,0.015431899999384768,0.0,1659.3369140625
dense,10000,32,2,106,0.0021218780893832445,0.929040625,1.0,100000000,0,100000000,0.0,77783040000,0.015483999999560183,0.0,1659.3369140625
dense,10000,32,2,107,0.0020109976176172495,0.930203125,1.0,100000000,0,100000000,0.0,77783040000,0.015409900001031929,0.0,1659.3369140625
dense,10000,32,2,108,0.001904513337649405,0.930903125,1.0,100000000,0,100000000,0.0,77783040000,0.015487999999095337,0.0,1659.3369140625
dense,10000,32,2,109,0.0018030086066573858,0.9318375,1.0,100000000,0,100000000,0.0,77783040000,0.015484300000025542,0.0,1659.3369140625
dense,10000,32,2,110,0.0017083693528547883,0.932603125,1.0,100000000,0,100000000,0.0,77783040000,0.015415900001244154,0.0,1659.3369140625
dense,10000,32,2,111,0.0016187761211767793,0.9337,1.0,100000000,0,100000000,0.0,77783040000,0.01549429999977292,0.0,1659.3369140625
dense,10000,32,2,112,0.0015321896644309163,0.93540625,1.0,100000000,0,100000000,0.0,77783040000,0.015464099999007885,0.0,1659.3369140625
dense,10000,32,2,113,0.0014479175442829728,0.937875,1.0,100000000,0,100000000,0.0,77783040000,0.015505900000789552,0.0,1659.3369140625
dense,10000,32,2,114,0.0013656627852469683,0.9402125,1.0,100000000,0,100000000,0.0,77783040000,0.015495100000407547,0.0,1659.3369140625
dense,10000,32,2,115,0.0012869334314018488,0.942859375,1.0,100000000,0,100000000,0.0,77783040000,0.015465800001038588,0.0,1659.3369140625
dense,10000,32,2,116,0.0012151002883911133,0.945309375,1.0,100000000,0,100000000,0.0,77783040000,0.015536699998847325,0.0,1659.3369140625
dense,10000,32,2,117,0.0011530574411153793,0.947434375,1.0,100000000,0,100000000,0.0,77783040000,0.015844600000491482,0.0,1659.3369140625
dense,10000,32,2,118,0.0011014420306310058,0.949103125,1.0,100000000,0,100000000,0.0,77783040000,0.01551370000015595,0.0,1659.3369140625
dense,10000,32,2,119,0.0010583759285509586,0.950778125,1.0,100000000,0,100000000,0.0,77783040000,0.015466999999262043,0.0,1659.3369140625
dense,10000,32,2,120,0.00102147925645113,0.951828125,1.0,100000000,0,100000000,0.0,77783040000,0.015522200001214514,0.0,1659.3369140625
dense,10000,32,2,121,0.0009894712129607797,0.95255,1.0,100000000,0,100000000,0.0,77783040000,0.015870999999606283,0.0,1659.3369140625
dense,10000,32,2,122,0.0009619220509193838,0.953325,1.0,100000000,0,100000000,0.0,77783040000,0.015424900000652997,0.0,1659.3369140625
dense,10000,32,2,123,0.0009379357798025012,0.953975,1.0,100000000,0,100000000,0.0,77783040000,0.015520200000537443,0.0,1659.3369140625
dense,10000,32,2,124,0.0009157499298453331,0.95445,1.0,100000000,0,100000000,0.0,77783040000,0.01545319999968342,0.0,1659.3369140625
dense,10000,32,2,125,0.0008940135012380779,0.95513125,1.0,100000000,0,100000000,0.0,77783040000,0.015534699999989243,0.0,1659.3369140625
dense,10000,32,2,126,0.0008727906970307231,0.95590625,1.0,100000000,0,100000000,0.0,77783040000,0.015597199999319855,0.0,1659.3369140625
dense,10000,32,2,127,0.0008530680206604302,0.956696875,1.0,100000000,0,100000000,0.0,77783040000,0.015440899998793611,0.0,1659.3369140625
dense,10000,32,2,128,0.0008353404700756073,0.95728125,1.0,100000000,0,100000000,0.0,77783040000,0.015691200000219396,0.0,1659.3369140625
dense,10000,32,2,129,0.0008190071093849838,0.958109375,1.0,100000000,0,100000000,0.0,77783040000,0.01666059999843128,0.0,1659.3369140625
dense,10000,32,2,130,0.0008035062346607447,0.958515625,1.0,100000000,0,100000000,0.0,77783040000,0.015595700000631041,0.0,1659.3369140625
dense,10000,32,2,131,0.0007892654393799603,0.958896875,1.0,100000000,0,100000000,0.0,77783040000,0.015456799999810755,0.0,1659.3369140625
dense,10000,32,2,132,0.0007772005628794432,0.959146875,1.0,100000000,0,100000000,0.0,77783040000,0.01548939999884169,0.0,1659.3369140625
dense,10000,32,2,133,0.0007675155648030341,0.95944375,1.0,100000000,0,100000000,0.0,77783040000,0.015515500001129112,0.0,1659.3369140625
dense,10000,32,2,134,0.0007592790643684566,0.9597375,1.0,100000000,0,100000000,0.0,77783040000,0.01544360000116285,0.0,1659.3369140625
dense,10000,32,2,135,0.0007514841854572296,0.95990625,1.0,100000000,0,100000000,0.0,77783040000,0.015470499998627929,0.0,1659.3369140625
dense,10000,32,2,136,0.0007440996123477817,0.960109375,1.0,100000000,0,100000000,0.0,77783040000,0.015472299999601091,0.0,1659.3369140625
dense,10000,32,2,137,0.0007375011336989701,0.960453125,1.0,100000000,0,100000000,0.0,77783040000,0.01551399999880232,0.0,1659.3369140625
dense,10000,32,2,138,0.000731583742890507,0.960640625,1.0,100000000,0,100000000,0.0,77783040000,0.016982900000584777,0.0,1659.3369140625
dense,10000,32,2,139,0.0007259782869368792,0.96094375,1.0,100000000,0,100000000,0.0,77783040000,0.015533700001469697,0.0,1659.3369140625
dense,10000,32,2,140,0.0007205638685263693,0.96114375,1.0,100000000,0,100000000,0.0,77783040000,0.015803500000401982,0.0,1659.3369140625
dense,10000,32,2,141,0.0007154111517593265,0.96135,1.0,100000000,0,100000000,0.0,77783040000,0.015504200000577839,0.0,1659.3369140625
dense,10000,32,2,142,0.0007106494740583003,0.961746875,1.0,100000000,0,100000000,0.0,77783040000,0.015438299999004812,0.0,1659.3369140625
dense,10000,32,2,143,0.000706495949998498,0.962084375,1.0,100000000,0,100000000,0.0,77783040000,0.01613320000069507,0.0,1659.3369140625
dense,10000,32,2,144,0.0007030544802546501,0.96215625,1.0,100000000,0,100000000,0.0,77783040000,0.015446999999767286,0.0,1659.3369140625
dense,10000,32,2,145,0.0007001191843301058,0.962159375,1.0,100000000,0,100000000,0.0,77783040000,0.015413499999340274,0.0,1659.3369140625
dense,10000,32,2,146,0.0006974073476158082,0.96221875,1.0,100000000,0,100000000,0.0,77783040000,0.015458600000783917,0.0,1659.3369140625
dense,10000,32,2,147,0.000694841262884438,0.962209375,1.0,100000000,0,100000000,0.0,77783040000,0.015468100000362028,0.0,1659.3369140625
dense,10000,32,2,148,0.0006924749468453228,0.962284375,1.0,100000000,0,100000000,0.0,77783040000,0.015494000001126551,0.0,1659.3369140625
dense,10000,32,2,149,0.0006903281318955123,0.96219375,1.0,100000000,0,100000000,0.0,77783040000,0.015472299999601091,0.0,1659.3369140625
dense,10000,32,2,150,0.0006883921450935304,0.962196875,1.0,100000000,0,100000000,0.0,77783040000,0.015511899999182788,0.0,1659.3369140625
dense,10000,32,2,151,0.000686672399751842,0.962203125,1.0,100000000,0,100000000,0.0,77783040000,0.015409300000101211,0.0,1659.3369140625
dense,10000,32,2,152,0.0006851446232758462,0.962290625,1.0,100000000,0,100000000,0.0,77783040000,0.01559330000054615,0.0,1659.3369140625
dense,10000,32,2,153,0.0006837493274360895,0.9623,1.0,100000000,0,100000000,0.0,77783040000,0.015708900000390713,0.0,1659.3369140625
dense,10000,32,2,154,0.0006824542069807649,0.9624,1.0,100000000,0,100000000,0.0,77783040000,0.0154921999983344,0.0,1659.3369140625
dense,10000,32,2,155,0.0006812805077061057,0.962446875,1.0,100000000,0,100000000,0.0,77783040000,0.015462500001376611,0.0,1659.3369140625
dense,10000,32,2,156,0.0006802505231462419,0.96248125,1.0,100000000,0,100000000,0.0,77783040000,0.01583540000137873,0.0,1659.3369140625
dense,10000,32,2,157,0.0006793306092731655,0.962575,1.0,100000000,0,100000000,0.0,77783040000,0.015495599998757825,0.0,1659.3369140625
dense,10000,32,2,158,0.0006784782744944096,0.96270625,1.0,100000000,0,100000000,0.0,77783040000,0.015487500000745058,0.0,1659.3369140625
dense,10000,32,2,159,0.0006776892696507275,0.962703125,1.0,100000000,0,100000000,0.0,77783040000,0.01689520000036282,0.0,1659.3369140625
dense,10000,32,2,160,0.0006769652245566249,0.96268125,1.0,100000000,0,100000000,0.0,77783040000,0.015505899998970563,0.0,1659.3369140625
dense,10000,32,2,161,0.0006762943812645972,0.96271875,1.0,100000000,0,100000000,0.0,77783040000,0.015450400000190712,0.0,1659.3369140625
dense,10000,32,2,162,0.0006756717921234667,0.962728125,1.0,100000000,0,100000000,0.0,77783040000,0.015416300000651972,0.0,1659.3369140625
dense,10000,32,2,163,0.0006751050823368132,0.962784375,1.0,100000000,0,100000000,0.0,77783040000,0.01602180000008957,0.0,1659.3369140625
dense,10000,32,2,164,0.0006746032158844173,0.96279375,1.0,100000000,0,100000000,0.0,77783040000,0.015541900000243913,0.0,1659.3369140625
dense,10000,32,2,165,0.000674156763125211,0.962765625,1.0,100000000,0,100000000,0.0,77783040000,0.015502899999773945,0.0,1659.3369140625
dense,10000,32,2,166,0.0006737399962730706,0.96273125,1.0,100000000,0,100000000,0.0,77783040000,0.017714899999191402,0.0,1659.3369140625
dense,10000,32,2,167,0.0006733510526828468,0.96278125,1.0,100000000,0,100000000,0.0,77783040000,0.01553299999977753,0.0,1659.3369140625
dense,10000,32,2,168,0.0006730080349370837,0.9627625,1.0,100000000,0,100000000,0.0,77783040000,0.015466500000911765,0.0,1659.3369140625
dense,10000,32,2,169,0.0006727083818987012,0.96280625,1.0,100000000,0,100000000,0.0,77783040000,0.015892100000201026,0.0,1659.3369140625
dense,10000,32,2,170,0.0006724362028762698,0.962903125,1.0,100000000,0,100000000,0.0,77783040000,0.015480800000659656,0.0,1659.3369140625
dense,10000,32,2,171,0.0006721859681420028,0.962871875,1.0,100000000,0,100000000,0.0,77783040000,0.015442199999597506,0.0,1659.3369140625
dense,10000,32,2,172,0.0006719553493894637,0.962940625,1.0,100000000,0,100000000,0.0,77783040000,0.015830100001039682,0.0,1659.3369140625
dense,10000,32,2,173,0.0006717361975461245,0.96285,1.0,100000000,0,100000000,0.0,77783040000,0.015478100000109407,0.0,1659.3369140625
dense,10000,32,2,174,0.0006715278723277152,0.962859375,1.0,100000000,0,100000000,0.0,77783040000,0.01610129999971832,0.0,1659.3369140625
dense,10000,32,2,175,0.0006713378825224936,0.96280625,1.0,100000000,0,100000000,0.0,77783040000,0.015887300000031246,0.0,1659.3369140625
dense,10000,32,2,176,0.0006711728638038039,0.962790625,1.0,100000000,0,100000000,0.0,77783040000,0.01548240000010992,0.0,1659.3369140625
dense,10000,32,2,177,0.0006710334564559162,0.962746875,1.0,100000000,0,100000000,0.0,77783040000,0.01567309999882127,0.0,1659.3369140625
dense,10000,32,2,178,0.0006709125591441989,0.962765625,1.0,100000000,0,100000000,0.0,77783040000,0.015650800000003073,0.0,1659.3369140625
dense,10000,32,2,179,0.0006708009750582278,0.962771875,1.0,100000000,0,100000000,0.0,77783040000,0.015445199998794124,0.0,1659.3369140625
dense,10000,32,2,180,0.0006706912536174059,0.962740625,1.0,100000000,0,100000000,0.0,77783040000,0.015485100000660168,0.0,1659.3369140625
dense,10000,32,2,181,0.0006705806590616703,0.96274375,1.0,100000000,0,100000000,0.0,77783040000,0.015833699999348028,0.0,1659.3369140625
dense,10000,32,2,182,0.000670474604703486,0.96273125,1.0,100000000,0,100000000,0.0,77783040000,0.01548689999981434,0.0,1659.3369140625
dense,10000,32,2,183,0.0006703842082060874,0.96275625,1.0,100000000,0,100000000,0.0,77783040000,0.015514099999563769,0.0,1659.3369140625
dense,10000,32,2,184,0.0006703154067508876,0.962803125,1.0,100000000,0,100000000,0.0,77783040000,0.0158860999999888,0.0,1659.3369140625
dense,10000,32,2,185,0.0006702584796585143,0.962784375,1.0,100000000,0,100000000,0.0,77783040000,0.015434200000527198,0.0,1659.3369140625
dense,10000,32,2,186,0.0006701964302919805,0.962796875,1.0,100000000,0,100000000,0.0,77783040000,0.015489000001252862,0.0,1659.3369140625
dense,10000,32,2,187,0.0006701251841150224,0.962803125,1.0,100000000,0,100000000,0.0,77783040000,0.015880399998422945,0.0,1659.3369140625
dense,10000,32,2,188,0.0006700587109662592,0.962846875,1.0,100000000,0,100000000,0.0,77783040000,0.01544130000002042,0.0,1659.3369140625
dense,10000,32,2,189,0.0006700105732306838,0.9629,1.0,100000000,0,100000000,0.0,77783040000,0.01545069999883708,0.0,1659.3369140625
dense,10000,32,2,190,0.0006699785008095205,0.96291875,1.0,100000000,0,100000000,0.0,77783040000,0.015735400000266964,0.0,1659.3369140625
dense,10000,32,2,191,0.0006699470104649663,0.962903125,1.0,100000000,0,100000000,0.0,77783040000,0.01688110000031884,0.0,1659.3369140625
dense,10000,32,2,192,0.0006699051009491086,0.962890625,1.0,100000000,0,100000000,0.0,77783040000,0.015491000000110944,0.0,1659.3369140625
dense,10000,32,2,193,0.0006698615034110844,0.96289375,1.0,100000000,0,100000000,0.0,77783040000,0.015510900000663241,0.0,1659.3369140625
dense,10000,32,2,194,0.0006698305951431394,0.9629125,1.0,100000000,0,100000000,0.0,77783040000,0.015437500000189175,0.0,1659.3369140625
dense,10000,32,2,195,0.0006698102806694806,0.962884375,1.0,100000000,0,100000000,0.0,77783040000,0.015418699998917873,0.0,1659.3369140625
dense,10000,32,2,196,0.000669789151288569,0.962878125,1.0,100000000,0,100000000,0.0,77783040000,0.015485399999306537,0.0,1659.3369140625
dense,10000,32,2,197,0.0006697618518956006,0.96285,1.0,100000000,0,100000000,0.0,77783040000,0.015441899999132147,0.0,1659.3369140625
dense,10000,32,2,198,0.0006697315839119256,0.96285625,1.0,100000000,0,100000000,0.0,77783040000,0.015471200000320096,0.0,1659.3369140625
dense,10000,32,2,199,0.0006697028293274343,0.962840625,1.0,100000000,0,100000000,0.0,77783040000,0.015675300001021242,0.0,1659.3369140625
dense,10000,32,2,200,0.0006696766940876842,0.9628625,1.0,100000000,0,100000000,0.0,77783040000,0.015889800000877585,0.0,1659.3369140625
dense,10000,32,2,201,0.000669654575176537,0.962859375,1.0,100000000,0,100000000,0.0,77783040000,0.01541719999841007,0.0,1659.3369140625
dense,10000,32,2,202,0.0006696389755234122,0.962846875,1.0,100000000,0,100000000,0.0,77783040000,0.015802800000528805,0.0,1659.3369140625
dense,10000,32,2,203,0.0006696257623843849,0.962853125,1.0,100000000,0,100000000,0.0,77783040000,0.015478300001632306,0.0,1659.3369140625
dense,10000,32,2,204,0.0006696071359328926,0.96284375,1.0,100000000,0,100000000,0.0,77783040000,0.015912099999695783,0.0,1659.3369140625
dense,10000,32,2,205,0.000669590721372515,0.962875,1.0,100000000,0,100000000,0.0,77783040000,0.015445099999851664,0.0,1659.3369140625
dense,10000,32,2,206,0.000669582630507648,0.96289375,1.0,100000000,0,100000000,0.0,77783040000,0.01551139999901352,0.0,1659.3369140625
dense,10000,32,2,207,0.0006695720367133617,0.96288125,1.0,100000000,0,100000000,0.0,77783040000,0.015493200000491925,0.0,1659.3369140625
dense,10000,32,2,208,0.0006695556221529841,0.96288125,1.0,100000000,0,100000000,0.0,77783040000,0.015487799999391427,0.0,1659.3369140625
dense,10000,32,2,209,0.0006695468910038471,0.962875,1.0,100000000,0,100000000,0.0,77783040000,0.015936699999656412,0.0,1659.3369140625
dense,10000,32,2,210,0.0006695434567518532,0.96284375,1.0,100000000,0,100000000,0.0,77783040000,0.015458599998964928,0.0,1659.3369140625
dense,10000,32,2,211,0.0006695324555039406,0.96284375,1.0,100000000,0,100000000,0.0,77783040000,0.01543610000044282,0.0,1659.3369140625
dense,10000,32,2,212,0.0006695215124636889,0.96284375,1.0,100000000,0,100000000,0.0,77783040000,0.015525599999818951,0.0,1659.3369140625
dense,10000,32,2,213,0.000669518078211695,0.962834375,1.0,100000000,0,100000000,0.0,77783040000,0.015459999998711282,0.0,1659.3369140625
dense,10000,32,2,214,0.0006695142365060747,0.962821875,1.0,100000000,0,100000000,0.0,77783040000,0.016005800000129966,0.0,1659.3369140625
dense,10000,32,2,215,0.000669507309794426,0.962828125,1.0,100000000,0,100000000,0.0,77783040000,0.015550800000710296,0.0,1659.3369140625
dense,10000,32,2,216,0.0006695048068650067,0.96283125,1.0,100000000,0,100000000,0.0,77783040000,0.015498599999773433,0.0,1659.3369140625
dense,10000,32,2,217,0.0006695047486573458,0.962834375,1.0,100000000,0,100000000,0.0,77783040000,0.015527999999903841,0.0,1659.3369140625
dense,10000,32,2,218,0.0006695022457279265,0.962840625,1.0,100000000,0,100000000,0.0,77783040000,0.01552110000011453,0.0,1659.3369140625
dense,10000,32,2,219,0.0006694971234537661,0.962834375,1.0,100000000,0,100000000,0.0,77783040000,0.015456400000402937,0.0,1659.3369140625
dense,10000,32,2,220,0.0006694883923046291,0.962821875,1.0,100000000,0,100000000,0.0,77783040000,0.015474699999685981,0.0,1659.3369140625
dense,10000,32,2,221,0.0006694789044559002,0.962834375,1.0,100000000,0,100000000,0.0,77783040000,0.015427599999384256,0.0,1659.3369140625
dense,10000,32,2,222,0.0006694765761494637,0.9628375,1.0,100000000,0,100000000,0.0,77783040000,0.015722899999673245,0.0,1659.3369140625
dense,10000,32,2,223,0.0006694793119095266,0.96283125,1.0,100000000,0,100000000,0.0,77783040000,0.015460199998415192,0.0,1659.3369140625
dense,10000,32,2,224,0.0006694780313409865,0.962853125,1.0,100000000,0,100000000,0.0,77783040000,0.01562740000008489,0.0,1659.3369140625
dense,10000,32,2,225,0.0006694712792523205,0.96285,1.0,100000000,0,100000000,0.0,77783040000,0.01553299999977753,0.0,1659.3369140625
dense,10000,32,2,226,0.0006694683688692749,0.962846875,1.0,100000000,0,100000000,0.0,77783040000,0.015717899999799556,0.0,1659.3369140625
dense,10000,32,2,227,0.000669470930006355,0.962846875,1.0,100000000,0,100000000,0.0,77783040000,0.015499799999815878,0.0,1659.3369140625
dense,10000,32,2,228,0.0006694749463349581,0.962859375,1.0,100000000,0,100000000,0.0,77783040000,0.015490600000703125,0.0,1659.3369140625
dense,10000,32,2,229,0.0006694757612422109,0.962859375,1.0,100000000,0,100000000,0.0,77783040000,0.015448699999978999,0.0,1659.3369140625
dense,10000,32,2,230,0.0006694728508591652,0.962846875,1.0,100000000,0,100000000,0.0,77783040000,0.015476700000363053,0.0,1659.3369140625
dense,10000,32,2,231,0.0006694678450003266,0.962853125,1.0,100000000,0,100000000,0.0,77783040000,0.015680000000429573,0.0,1659.3369140625
dense,10000,32,2,232,0.0006694653420709074,0.962846875,1.0,100000000,0,100000000,0.0,77783040000,0.015526900000622845,0.0,1659.3369140625
dense,10000,32,2,233,0.0006694660987704992,0.962846875,1.0,100000000,0,100000000,0.0,77783040000,0.015449399999852176,0.0,1659.3369140625
dense,10000,32,2,234,0.0006694657495245337,0.962840625,1.0,100000000,0,100000000,0.0,77783040000,0.015667300000131945,0.0,1659.3369140625
dense,10000,32,2,235,0.0006694612093269825,0.96285,1.0,100000000,0,100000000,0.0,77783040000,0.015786500000103842,0.0,1659.3369140625
dense,10000,32,2,236,0.0006694553885608912,0.962840625,1.0,100000000,0,100000000,0.0,77783040000,0.015511899999182788,0.0,1659.3369140625
dense,10000,32,2,237,0.000669452827423811,0.96284375,1.0,100000000,0,100000000,0.0,77783040000,0.015440199998920434,0.0,1659.3369140625
dense,10000,32,2,238,0.0006694543408229947,0.962840625,1.0,100000000,0,100000000,0.0,77783040000,0.0154313999992155,0.0,1659.3369140625
dense,10000,32,2,239,0.0006694567273370922,0.96285,1.0,100000000,0,100000000,0.0,77783040000,0.016799699998955475,0.0,1659.3369140625
dense,10000,32,2,240,0.0006694550393149257,0.96285625,1.0,100000000,0,100000000,0.0,77783040000,0.015475899999728426,0.0,1659.3369140625
dense,10000,32,2,241,0.0006694508483633399,0.96284375,1.0,100000000,0,100000000,0.0,77783040000,0.016467900000861846,0.0,1659.3369140625
dense,10000,32,2,242,0.0006694484036415815,0.96285,1.0,100000000,0,100000000,0.0,77783040000,0.015430399998876965,0.0,1659.3369140625
dense,10000,32,2,243,0.0006694498588331044,0.96285,1.0,100000000,0,100000000,0.0,77783040000,0.015496200001507532,0.0,1659.3369140625
dense,10000,32,2,244,0.0006694517214782536,0.9628625,1.0,100000000,0,100000000,0.0,77783040000,0.015622900000380469,0.0,1659.3369140625
dense,10000,32,2,245,0.0006694506737403572,0.9628625,1.0,100000000,0,100000000,0.0,77783040000,0.015678699999625678,0.0,1659.3369140625
dense,10000,32,2,246,0.0006694489275105298,0.9628625,1.0,100000000,0,100000000,0.0,77783040000,0.015451799999937066,0.0,1659.3369140625
dense,10000,32,2,247,0.0006694488110952079,0.96285625,1.0,100000000,0,100000000,0.0,77783040000,0.015489299999899231,0.0,1659.3369140625
dense,10000,32,2,248,0.0006694504409097135,0.962853125,1.0,100000000,0,100000000,0.0,77783040000,0.015516900000875467,0.0,1659.3369140625
dense,10000,32,2,249,0.0006694524781778455,0.962853125,1.0,100000000,0,100000000,0.0,77783040000,0.01549669999985781,0.0,1659.3369140625
dense,10000,32,2,250,0.00066945276921615,0.962853125,1.0,100000000,0,100000000,0.0,77783040000,0.015518000000156462,0.0,1659.3369140625
dense,10000,32,2,251,0.0006694520125165582,0.96285,1.0,100000000,0,100000000,0.0,77783040000,0.015459199999895645,0.0,1659.3369140625
dense,10000,32,2,252,0.0006694499752484262,0.962846875,1.0,100000000,0,100000000,0.0,77783040000,0.015986899999916204,0.0,1659.3369140625
dense,10000,32,2,253,0.000669447414111346,0.96285,1.0,100000000,0,100000000,0.0,77783040000,0.015442300000358955,0.0,1659.3369140625
dense,10000,32,2,254,0.000669445435050875,0.96285,1.0,100000000,0,100000000,0.0,77783040000,0.015464500000234693,0.0,1659.3369140625
dense,10000,32,2,255,0.0006694452022202313,0.962846875,1.0,100000000,0,100000000,0.0,77783040000,0.01549180000074557,0.0,1659.3369140625
dense,10000,32,2,256,0.000669446715619415,0.962853125,1.0,100000000,0,100000000,0.0,77783040000,0.015510400000493973,0.0,1659.3369140625
dense,10000,32,2,257,0.0006694489275105298,0.962853125,1.0,100000000,0,100000000,0.0,77783040000,0.015810799999599112,0.0,1659.3369140625
dense,10000,32,2,258,0.0006694518378935754,0.96285625,1.0,100000000,0,100000000,0.0,77783040000,0.015458399999261019,0.0,1659.3369140625
dense,10000,32,2,259,0.0006694556795991957,0.96285625,1.0,100000000,0,100000000,0.0,77783040000,0.015435299999808194,0.0,1659.3369140625
dense,10000,32,2,260,0.0006694612093269825,0.96285625,1.0,100000000,0,100000000,0.0,77783040000,0.01593959999991057,0.0,1659.3369140625
dense,10000,32,2,261,0.0006694672629237175,0.96285,1.0,100000000,0,100000000,0.0,77783040000,0.015484100000321632,0.0,1659.3369140625
dense,10000,32,2,262,0.0006694691255688667,0.962853125,1.0,100000000,0,100000000,0.0,77783040000,0.015472099999897182,0.0,1659.3369140625
dense,10000,32,2,263,0.0006694665062241256,0.96285,1.0,100000000,0,100000000,0.0,77783040000,0.015430000001288136,0.0,1659.3369140625
dense,10000,32,2,264,0.0006694675539620221,0.962859375,1.0,100000000,0,100000000,0.0,77783040000,0.01552110000011453,0.0,1659.3369140625
dense,10000,32,2,265,0.0006694772746413946,0.962853125,1.0,100000000,0,100000000,0.0,77783040000,0.01544819999980973,0.0,1659.3369140625
dense,10000,32,2,266,0.000669487752020359,0.962859375,1.0,100000000,0,100000000,0.0,77783040000,0.015495000001465087,0.0,1659.3369140625
dense,10000,32,2,267,0.0006694862968288362,0.962853125,1.0,100000000,0,100000000,0.0,77783040000,0.015411800000947551,0.0,1659.3369140625
dense,10000,32,2,268,0.0006694761686958373,0.962865625,1.0,100000000,0,100000000,0.0,77783040000,0.015426800000568619,0.0,1659.3369140625
dense,10000,32,2,269,0.0006694680778309703,0.962853125,1.0,100000000,0,100000000,0.0,77783040000,0.015464800000700052,0.0,1659.3369140625
dense,10000,32,2,270,0.0006694655166938901,0.96285,1.0,100000000,0,100000000,0.0,77783040000,0.015408900000693393,0.0,1659.3369140625
dense,10000,32,2,271,0.0006694645853713155,0.96285625,1.0,100000000,0,100000000,0.0,77783040000,0.015503399999943213,0.0,1659.3369140625
dense,10000,32,2,272,0.0006694661569781601,0.96285,1.0,100000000,0,100000000,0.0,77783040000,0.015536700000666315,0.0,1659.3369140625
dense,10000,32,2,273,0.0006694702315144241,0.9628625,1.0,100000000,0,100000000,0.0,77783040000,0.015431600000738399,0.0,1659.3369140625
dense,10000,32,2,274,0.0006694708717986941,0.962853125,1.0,100000000,0,100000000,0.0,77783040000,0.015512400001171045,0.0,1659.3369140625
dense,10000,32,2,275,0.0006694613257423043,0.96285625,1.0,100000000,0,100000000,0.0,77783040000,0.015718599999672733,0.0,1659.3369140625
dense,10000,32,2,276,0.000669451430439949,0.962853125,1.0,100000000,0,100000000,0.0,77783040000,0.01555019999977958,0.0,1659.3369140625
dense,10000,32,2,277,0.000669451430439949,0.96285625,1.0,100000000,0,100000000,0.0,77783040000,0.015452400000867783,0.0,1659.3369140625
dense,10000,32,2,278,0.000669456843752414,0.962859375,1.0,100000000,0,100000000,0.0,77783040000,0.01547980000032112,0.0,1659.3369140625
dense,10000,32,2,279,0.0006694577168673277,0.96285625,1.0,100000000,0,100000000,0.0,77783040000,0.01565649999974994,0.0,1659.3369140625
dense,10000,32,2,280,0.0006694529438391328,0.9628625,1.0,100000000,0,100000000,0.0,77783040000,0.015458599998964928,0.0,1659.3369140625
dense,10000,32,2,281,0.0006694489275105298,0.9628625,1.0,100000000,0,100000000,0.0,77783040000,0.015463300000192248,0.0,1659.3369140625
dense,10000,32,2,282,0.0006694502662867308,0.96285625,1.0,100000000,0,100000000,0.0,77783040000,0.015499900000577327,0.0,1659.3369140625
dense,10000,32,2,283,0.0006694538169540465,0.962859375,1.0,100000000,0,100000000,0.0,77783040000,0.015463199999430799,0.0,1659.3369140625
dense,10000,32,2,284,0.0006694545736536384,0.962853125,1.0,100000000,0,100000000,0.0,77783040000,0.016025200000512996,0.0,1659.3369140625
dense,10000,32,2,285,0.0006694544572383165,0.962853125,1.0,100000000,0,100000000,0.0,77783040000,0.015466799999558134,0.0,1659.3369140625
dense,10000,32,2,286,0.0006694585899822414,0.96285,1.0,100000000,0,100000000,0.0,77783040000,0.01547720000053232,0.0,1659.3369140625
dense,10000,32,2,287,0.000669464934617281,0.96285,1.0,100000000,0,100000000,0.0,77783040000,0.015497799999138806,0.0,1659.3369140625
dense,10000,32,2,288,0.0006694665062241256,0.962859375,1.0,100000000,0,100000000,0.0,77783040000,0.015795499999512685,0.0,1659.3369140625
dense,10000,32,2,289,0.0006694590556435287,0.962853125,1.0,100000000,0,100000000,0.0,77783040000,0.015496399999392452,0.0,1659.3369140625
dense,10000,32,2,290,0.0006694517796859145,0.96285625,1.0,100000000,0,100000000,0.0,77783040000,0.01549919999888516,0.0,1659.3369140625
dense,10000,32,2,291,0.0006694551557302475,0.96285625,1.0,100000000,0,100000000,0.0,77783040000,0.015527600000496022,0.0,1659.3369140625
dense,10000,32,2,292,0.0006694658077321947,0.96285,1.0,100000000,0,100000000,0.0,77783040000,0.015437699999893084,0.0,1659.3369140625
dense,10000,32,2,293,0.0006694745388813317,0.96285625,1.0,100000000,0,100000000,0.0,77783040000,0.01561539999966044,0.0,1659.3369140625
dense,10000,32,2,294,0.0006694791372865438,0.96285,1.0,100000000,0,100000000,0.0,77783040000,0.015404499999931431,0.0,1659.3369140625
dense,10000,32,2,295,0.0006694893236272037,0.96285625,1.0,100000000,0,100000000,0.0,77783040000,0.015445200000613113,0.0,1659.3369140625
dense,10000,32,2,296,0.0006695096963085234,0.962846875,1.0,100000000,0,100000000,0.0,77783040000,0.015507100000831997,0.0,1659.3369140625
dense,10000,32,2,297,0.0006695334450341761,0.962859375,1.0,100000000,0,100000000,0.0,77783040000,0.015469399999346933,0.0,1659.3369140625
dense,10000,32,2,298,0.0006695497431792319,0.96284375,1.0,100000000,0,100000000,0.0,77783040000,0.015510199998971075,0.0,1659.3369140625
dense,10000,32,2,299,0.0006695535266771913,0.962859375,1.0,100000000,0,100000000,0.0,77783040000,0.015523100000791601,0.0,1659.3369140625
dense,10000,32,2,300,0.0006695448537357152,0.96284375,1.0,100000000,0,100000000,0.0,77783040000,0.015532800000073621,0.0,1659.3369140625
dense,10000,32,2,301,0.000669523433316499,0.962859375,1.0,100000000,0,100000000,0.0,77783040000,0.015524200000072597,0.0,1659.3369140625
dense,10000,32,2,302,0.0006694984622299671,0.962853125,1.0,100000000,0,100000000,0.0,77783040000,0.015734700000393786,0.0,1659.3369140625
dense,10000,32,2,303,0.0006694889743812382,0.962853125,1.0,100000000,0,100000000,0.0,77783040000,0.015483700000913814,0.0,1659.3369140625
dense,10000,32,2,304,0.0006694968324154615,0.962853125,1.0,100000000,0,100000000,0.0,77783040000,0.015418099999806145,0.0,1659.3369140625
dense,10000,32,2,305,0.0006695060292258859,0.962846875,1.0,100000000,0,100000000,0.0,77783040000,0.015521299999818439,0.0,1659.3369140625
dense,10000,32,2,306,0.0006695049232803285,0.9628625,1.0,100000000,0,100000000,0.0,77783040000,0.015726099998573773,0.0,1659.3369140625
dense,10000,32,2,307,0.0006695003248751163,0.96285625,1.0,100000000,0,100000000,0.0,77783040000,0.015457499999683932,0.0,1659.3369140625
dense,10000,32,2,308,0.0006695049814879894,0.962853125,1.0,100000000,0,100000000,0.0,77783040000,0.015482700000575278,0.0,1659.3369140625
dense,10000,32,2,309,0.0006695163319818676,0.96285625,1.0,100000000,0,100000000,0.0,77783040000,0.015494199999011471,0.0,1659.3369140625
dense,10000,32,2,310,0.0006695219781249762,0.962853125,1.0,100000000,0,100000000,0.0,77783040000,0.015428200000314973,0.0,1659.3369140625
dense,10000,32,2,311,0.0006695176125504076,0.9628625,1.0,100000000,0,100000000,0.0,77783040000,0.015511800000240328,0.0,1659.3369140625
dense,10000,32,2,312,0.0006695084157399833,0.962853125,1.0,100000000,0,100000000,0.0,77783040000,0.01550870000028226,0.0,1659.3369140625
dense,10000,32,2,313,0.0006694961339235306,0.962859375,1.0,100000000,0,100000000,0.0,77783040000,0.016292299998895032,0.0,1659.3369140625
dense,10000,32,2,314,0.0006694819312542677,0.96285,1.0,100000000,0,100000000,0.0,77783040000,0.015454700000191224,0.0,1659.3369140625
dense,10000,32,2,315,0.0006694723851978779,0.96285625,1.0,100000000,0,100000000,0.0,77783040000,0.01564689999941038,0.0,1659.3369140625
dense,10000,32,2,316,0.0006694725598208606,0.96285625,1.0,100000000,0,100000000,0.0,77783040000,0.015421100000821752,0.0,1659.3369140625
dense,10000,32,2,317,0.0006694768671877682,0.96285625,1.0,100000000,0,100000000,0.0,77783040000,0.015510600000197883,0.0,1659.3369140625
dense,10000,32,2,318,0.0006694760522805154,0.96285625,1.0,100000000,0,100000000,0.0,77783040000,0.015510200000790064,0.0,1659.3369140625
dense,10000,32,2,319,0.000669472326990217,0.962853125,1.0,100000000,0,100000000,0.0,77783040000,0.015453800000614137,0.0,1659.3369140625
dense,10000,32,2,320,0.0006694755866192281,0.962865625,1.0,100000000,0,100000000,0.0,77783040000,0.01548479999837582,0.0,1659.3369140625
dense,10000,32,2,321,0.0006694824551232159,0.962853125,1.0,100000000,0,100000000,0.0,77783040000,0.01542650000010326,0.0,1659.3369140625
dense,10000,32,2,322,0.0006694807088933885,0.962859375,1.0,100000000,0,100000000,0.0,77783040000,0.015471000000616186,0.0,1659.3369140625
dense,10000,32,2,323,0.0006694699986837804,0.962853125,1.0,100000000,0,100000000,0.0,77783040000,0.015662299998439266,0.0,1659.3369140625
dense,10000,32,2,324,0.0006694633048027754,0.96285625,1.0,100000000,0,100000000,0.0,77783040000,0.015538900001047296,0.0,1659.3369140625
dense,10000,32,2,325,0.0006694658077321947,0.962859375,1.0,100000000,0,100000000,0.0,77783040000,0.015466900000319583,0.0,1659.3369140625
dense,10000,32,2,326,0.0006694687181152403,0.96285,1.0,100000000,0,100000000,0.0,77783040000,0.015459199999895645,0.0,1659.3369140625
dense,10000,32,2,327,0.0006694666808471084,0.96285625,1.0,100000000,0,100000000,0.0,77783040000,0.015467000001081033,0.0,1659.3369140625
dense,10000,32,2,328,0.0006694612675346434,0.962853125,1.0,100000000,0,100000000,0.0,77783040000,0.015526900000622845,0.0,1659.3369140625
dense,10000,32,2,329,0.0006694587646052241,0.96285625,1.0,100000000,0,100000000,0.0,77783040000,0.01581889999943087,0.0,1659.3369140625
dense,10000,32,2,330,0.0006694608018733561,0.96285625,1.0,100000000,0,100000000,0.0,77783040000,0.015528600000834558,0.0,1659.3369140625
dense,10000,32,2,331,0.000669464934617281,0.962853125,1.0,100000000,0,100000000,0.0,77783040000,0.015450200000486802,0.0,1659.3369140625
dense,10000,32,2,332,0.0006694693583995104,0.962859375,1.0,100000000,0,100000000,0.0,77783040000,0.015476600001420593,0.0,1659.3369140625
dense,10000,32,2,333,0.0006694759940728545,0.96285625,1.0,100000000,0,100000000,0.0,77783040000,0.015524999998888234,0.0,1659.3369140625
dense,10000,32,2,334,0.0006694868789054453,0.962853125,1.0,100000000,0,100000000,0.0,77783040000,0.015503500000704662,0.0,1659.3369140625
dense,10000,32,2,335,0.0006694976473227143,0.962859375,1.0,100000000,0,100000000,0.0,77783040000,0.01545059999989462,0.0,1659.3369140625
dense,10000,32,2,336,0.0006695014890283346,0.96285625,1.0,100000000,0,100000000,0.0,77783040000,0.015540000000328291,0.0,1659.3369140625
dense,10000,32,2,337,0.0006694983458146453,0.962853125,1.0,100000000,0,100000000,0.0,77783040000,0.015797899999597576,0.0,1659.3369140625
dense,10000,32,2,338,0.0006694928742945194,0.96285,1.0,100000000,0,100000000,0.0,77783040000,0.015499499999350519,0.0,1659.3369140625
dense,10000,32,2,339,0.0006694869371131063,0.9628625,1.0,100000000,0,100000000,0.0,77783040000,0.015461200000572717,0.0,1659.3369140625
dense,10000,32,2,340,0.0006694792537018657,0.962853125,1.0,100000000,0,100000000,0.0,77783040000,0.015460799999345909,0.0,1659.3369140625
dense,10000,32,2,341,0.0006694711628369987,0.962859375,1.0,100000000,0,100000000,0.0,77783040000,0.015485399999306537,0.0,1659.3369140625
dense,10000,32,2,342,0.0006694660405628383,0.96285,1.0,100000000,0,100000000,0.0,77783040000,0.015447499999936554,0.0,1659.3369140625
dense,10000,32,2,343,0.0006694667390547693,0.962859375,1.0,100000000,0,100000000,0.0,77783040000,0.015511800000240328,0.0,1659.3369140625
dense,10000,32,2,344,0.000669471628498286,0.96285625,1.0,100000000,0,100000000,0.0,77783040000,0.015517300000283285,0.0,1659.3369140625
dense,10000,32,2,345,0.0006694749463349581,0.96285625,1.0,100000000,0,100000000,0.0,77783040000,0.01551110000036715,0.0,1659.3369140625
dense,10000,32,2,346,0.0006694738985970616,0.962859375,1.0,100000000,0,100000000,0.0,77783040000,0.015786600000865292,0.0,1659.3369140625
dense,10000,32,2,347,0.0006694700568914413,0.96285625,1.0,100000000,0,100000000,0.0,77783040000,0.015493700000661192,0.0,1659.3369140625
dense,10000,32,2,348,0.0006694698240607977,0.962853125,1.0,100000000,0,100000000,0.0,77783040000,0.015517300000283285,0.0,1659.3369140625
dense,10000,32,2,349,0.0006694751791656017,0.96285625,1.0,100000000,0,100000000,0.0,77783040000,0.015509499999097898,0.0,1659.3369140625
dense,10000,32,2,350,0.0006694825715385377,0.96285,1.0,100000000,0,100000000,0.0,77783040000,0.01566399999865098,0.0,1659.3369140625
dense,10000,32,2,351,0.000669484434183687,0.962859375,1.0,100000000,0,100000000,0.0,77783040000,0.015945200000714976,0.0,1659.3369140625
dense,10000,32,2,352,0.0006694803014397621,0.962846875,1.0,100000000,0,100000000,0.0,77783040000,0.015464699999938603,0.0,1659.3369140625
dense,10000,32,2,353,0.0006694738985970616,0.962859375,1.0,100000000,0,100000000,0.0,77783040000,0.015473499999643536,0.0,1659.3369140625
dense,10000,32,2,354,0.000669469649437815,0.96285625,1.0,100000000,0,100000000,0.0,77783040000,0.016424999999799184,0.0,1659.3369140625
dense,10000,32,2,355,0.000669467612169683,0.962853125,1.0,100000000,0,100000000,0.0,77783040000,0.015506199999435921,0.0,1659.3369140625
dense,10000,32,2,356,0.0006694665644317865,0.96285625,1.0,100000000,0,100000000,0.0,77783040000,0.015507400001297356,0.0,1659.3369140625
dense,10000,32,2,357,0.0006694666226394475,0.962853125,1.0,100000000,0,100000000,0.0,77783040000,0.01581880000048841,0.0,1659.3369140625
dense,10000,32,2,358,0.0006694693583995104,0.9628625,1.0,100000000,0,100000000,0.0,77783040000,0.01620830000138085,0.0,1659.3369140625
dense,10000,32,2,359,0.0006694759940728545,0.962846875,1.0,100000000,0,100000000,0.0,77783040000,0.015489800000068499,0.0,1659.3369140625
dense,10000,32,2,360,0.0006694833864457905,0.9628625,1.0,100000000,0,100000000,0.0,77783040000,0.015735799999674782,0.0,1659.3369140625
dense,10000,32,2,361,0.0006694881594739854,0.962846875,1.0,100000000,0,100000000,0.0,77783040000,0.01549200000044948,0.0,1659.3369140625
dense,10000,32,2,362,0.0006694895564578474,0.962859375,1.0,100000000,0,100000000,0.0,77783040000,0.015461700000741985,0.0,1659.3369140625
dense,10000,32,2,363,0.0006694920011796057,0.96285,1.0,100000000,0,100000000,0.0,77783040000,0.015464800000700052,0.0,1659.3369140625
dense,10000,32,2,364,0.0006695007905364037,0.9628625,1.0,100000000,0,100000000,0.0,77783040000,0.015470800000912277,0.0,1659.3369140625
dense,10000,32,2,365,0.0006695194751955569,0.96285,1.0,100000000,0,100000000,0.0,77783040000,0.01553319999948144,0.0,1659.3369140625
dense,10000,32,2,366,0.0006695472984574735,0.96286875,1.0,100000000,0,100000000,0.0,77783040000,0.01582320000125037,0.0,1659.3369140625
dense,10000,32,2,367,0.0006695776828564703,0.962846875,1.0,100000000,0,100000000,0.0,77783040000,0.01572390000001178,0.0,1659.3369140625
dense,10000,32,2,368,0.0006695993361063302,0.962865625,1.0,100000000,0,100000000,0.0,77783040000,0.015485100000660168,0.0,1659.3369140625
dense,10000,32,2,369,0.0006695991614833474,0.962846875,1.0,100000000,0,100000000,0.0,77783040000,0.015691500000684755,0.0,1659.3369140625
dense,10000,32,2,370,0.0006695781485177577,0.9628625,1.0,100000000,0,100000000,0.0,77783040000,0.015509099999690079,0.0,1659.3369140625
dense,10000,32,2,371,0.0006695574847981334,0.9628375,1.0,100000000,0,100000000,0.0,77783040000,0.015437400001246715,0.0,1659.3369140625
dense,10000,32,2,372,0.0006695533520542085,0.9628625,1.0,100000000,0,100000000,0.0,77783040000,0.017019299999446957,0.0,1659.3369140625
dense,10000,32,2,373,0.0006695631891489029,0.96285,1.0,100000000,0,100000000,0.0,77783040000,0.015468699999473756,0.0,1659.3369140625
dense,10000,32,2,374,0.0006695733754895627,0.962859375,1.0,100000000,0,100000000,0.0,77783040000,0.015461200000572717,0.0,1659.3369140625
dense,10000,32,2,375,0.0006695764604955912,0.96285625,1.0,100000000,0,100000000,0.0,77783040000,0.015428099999553524,0.0,1659.3369140625
dense,10000,32,2,376,0.0006695712800137699,0.9628625,1.0,100000000,0,100000000,0.0,77783040000,0.015437899999596993,0.0,1659.3369140625
dense,10000,32,2,377,0.000669557717628777,0.962865625,1.0,100000000,0,100000000,0.0,77783040000,0.015447100000528735,0.0,1659.3369140625
dense,10000,32,2,378,0.000669537577778101,0.962859375,1.0,100000000,0,100000000,0.0,77783040000,0.015527800000199932,0.0,1659.3369140625
dense,10000,32,2,379,0.0006695196498185396,0.96285625,1.0,100000000,0,100000000,0.0,77783040000,0.015583599999445141,0.0,1659.3369140625
dense,10000,32,2,380,0.0006695122574456036,0.96285625,1.0,100000000,0,100000000,0.0,77783040000,0.01546529999905033,0.0,1659.3369140625
dense,10000,32,2,381,0.0006695142365060747,0.9628625,1.0,100000000,0,100000000,0.0,77783040000,0.015478899998925044,0.0,1659.3369140625
dense,10000,32,2,382,0.0006695160991512239,0.962846875,1.0,100000000,0,100000000,0.0,77783040000,0.015459899999768822,0.0,1659.3369140625
dense,10000,32,2,383,0.000669511326123029,0.9628625,1.0,100000000,0,100000000,0.0,77783040000,0.015456799999810755,0.0,1659.3369140625
dense,10000,32,2,384,0.0006695021875202656,0.962853125,1.0,100000000,0,100000000,0.0,77783040000,0.015444100001332117,0.0,1659.3369140625
dense,10000,32,2,385,0.0006694943876937032,0.96285625,1.0,100000000,0,100000000,0.0,77783040000,0.01583769999888318,0.0,1659.3369140625
dense,10000,32,2,386,0.0006694899639114738,0.96285625,1.0,100000000,0,100000000,0.0,77783040000,0.016715199999453034,0.0,1659.3369140625
dense,10000,32,2,387,0.0006694871699437499,0.962853125,1.0,100000000,0,100000000,0.0,77783040000,0.015502199999900768,0.0,1659.3369140625
dense,10000,32,2,388,0.0006694835028611124,0.962853125,1.0,100000000,0,100000000,0.0,77783040000,0.015438300000823801,0.0,1659.3369140625
dense,10000,32,2,389,0.0006694789044559002,0.96285,1.0,100000000,0,100000000,0.0,77783040000,0.01547980000032112,0.0,1659.3369140625
dense,10000,32,2,390,0.0006694747717119753,0.962853125,1.0,100000000,0,100000000,0.0,77783040000,0.015513099999225233,0.0,1659.3369140625
dense,10000,32,2,391,0.000669471628498286,0.96284375,1.0,100000000,0,100000000,0.0,77783040000,0.015442300000358955,0.0,1659.3369140625
dense,10000,32,2,392,0.0006694700568914413,0.962859375,1.0,100000000,0,100000000,0.0,77783040000,0.015437699999893084,0.0,1659.3369140625
dense,10000,32,2,393,0.0006694697076454759,0.96285625,1.0,100000000,0,100000000,0.0,77783040000,0.015441800000189687,0.0,1659.3369140625
dense,10000,32,2,394,0.0006694688345305622,0.96285625,1.0,100000000,0,100000000,0.0,77783040000,0.015539800000624382,0.0,1659.3369140625
dense,10000,32,2,395,0.0006694670883007348,0.962859375,1.0,100000000,0,100000000,0.0,77783040000,0.01547519999985525,0.0,1659.3369140625
dense,10000,32,2,396,0.0006694651092402637,0.962853125,1.0,100000000,0,100000000,0.0,77783040000,0.015443999998751679,0.0,1659.3369140625
dense,10000,32,2,397,0.0006694656913168728,0.962859375,1.0,100000000,0,100000000,0.0,77783040000,0.015464000000065425,0.0,1659.3369140625
dense,10000,32,2,398,0.000669469649437815,0.96285625,1.0,100000000,0,100000000,0.0,77783040000,0.01571469999908004,0.0,1659.3369140625
dense,10000,32,2,399,0.0006694750627502799,0.962859375,1.0,100000000,0,100000000,0.0,77783040000,0.015548899998975685,0.0,1659.3369140625
dense,10000,32,2,400,0.0006694800686091185,0.962853125,1.0,100000000,0,100000000,0.0,77783040000,0.01546520000010787,0.0,1659.3369140625
dense,10000,32,2,401,0.0006694847834296525,0.96285625,1.0,100000000,0,100000000,0.0,77783040000,0.015507699999943725,0.0,1659.3369140625
dense,10000,32,2,402,0.0006694913026876748,0.96285625,1.0,100000000,0,100000000,0.0,77783040000,0.015533800000412157,0.0,1659.3369140625
dense,10000,32,2,403,0.0006695014890283346,0.96285625,1.0,100000000,0,100000000,0.0,77783040000,0.015486000000237254,0.0,1659.3369140625
dense,10000,32,2,404,0.0006695146439597011,0.96285625,1.0,100000000,0,100000000,0.0,77783040000,0.01556460000028892,0.0,1659.3369140625
dense,10000,32,2,405,0.0006695280317217112,0.96285625,1.0,100000000,0,100000000,0.0,77783040000,0.015554699999484,0.0,1659.3369140625
dense,10000,32,2,406,0.0006695386255159974,0.96285,1.0,100000000,0,100000000,0.0,77783040000,0.015499300001465599,0.0,1659.3369140625
dense,10000,32,2,407,0.0006695435149595141,0.962859375,1.0,100000000,0,100000000,0.0,77783040000,0.015614799998729723,0.0,1659.3369140625
dense,10000,32,2,408,0.0006695411284454167,0.96285,1.0,100000000,0,100000000,0.0,77783040000,0.015475500000320608,0.0,1659.3369140625
dense,10000,32,2,409,0.0006695318152196705,0.962859375,1.0,100000000,0,100000000,0.0,77783040000,0.015964400001394097,0.0,1659.3369140625
dense,10000,32,2,410,0.0006695216870866716,0.962853125,1.0,100000000,0,100000000,0.0,77783040000,0.015536499999143416,0.0,1659.3369140625
dense,10000,32,2,411,0.0006695194751955569,0.9628625,1.0,100000000,0,100000000,0.0,77783040000,0.01543600000150036,0.0,1659.3369140625
dense,10000,32,2,412,0.0006695289630442858,0.96285625,1.0,100000000,0,100000000,0.0,77783040000,0.015613800000210176,0.0,1659.3369140625
dense,10000,32,2,413,0.0006695459014736116,0.962865625,1.0,100000000,0,100000000,0.0,77783040000,0.01546769999913522,0.0,1659.3369140625
dense,10000,32,2,414,0.0006695582414977252,0.962846875,1.0,100000000,0,100000000,0.0,77783040000,0.015520599999945262,0.0,1659.3369140625
dense,10000,32,2,415,0.0006695566116832197,0.962865625,1.0,100000000,0,100000000,0.0,77783040000,0.01542180000069493,0.0,1659.3369140625
dense,10000,32,2,416,0.0006695447955280542,0.96285,1.0,100000000,0,100000000,0.0,77783040000,0.015621599999576574,0.0,1659.3369140625
dense,10000,32,2,417,0.0006695358315482736,0.96286875,1.0,100000000,0,100000000,0.0,77783040000,0.015533200001300429,0.0,1659.3369140625
dense,10000,32,2,418,0.0006695340271107852,0.96285,1.0,100000000,0,100000000,0.0,77783040000,0.015516900000875467,0.0,1659.3369140625
dense,10000,32,2,419,0.0006695337942801416,0.962865625,1.0,100000000,0,100000000,0.0,77783040000,0.015459700000064913,0.0,1659.3369140625
dense,10000,32,2,420,0.000669530185405165,0.96284375,1.0,100000000,0,100000000,0.0,77783040000,0.015503799999351031,0.0,1659.3369140625
dense,10000,32,2,421,0.0006695261690765619,0.962865625,1.0,100000000,0,100000000,0.0,77783040000,0.015626200000042445,0.0,1659.3369140625
dense,10000,32,2,422,0.000669532164465636,0.96285,1.0,100000000,0,100000000,0.0,77783040000,0.015456299999641487,0.0,1659.3369140625
dense,10000,32,2,423,0.000669555738568306,0.9628625,1.0,100000000,0,100000000,0.0,77783040000,0.01661179999973683,0.0,1659.3369140625
dense,10000,32,2,424,0.000669590721372515,0.96285,1.0,100000000,0,100000000,0.0,77783040000,0.015534899999693152,0.0,1659.3369140625
dense,10000,32,2,425,0.0006696211639791727,0.9628625,1.0,100000000,0,100000000,0.0,77783040000,0.016027100000428618,0.0,1659.3369140625
dense,10000,32,2,426,0.0006696347263641655,0.962853125,1.0,100000000,0,100000000,0.0,77783040000,0.015875600000072154,0.0,1659.3369140625
dense,10000,32,2,427,0.0006696314667351544,0.9628625,1.0,100000000,0,100000000,0.0,77783040000,0.01545070000065607,0.0,1659.3369140625
dense,10000,32,2,428,0.0006696207565255463,0.962846875,1.0,100000000,0,100000000,0.0,77783040000,0.015515799999775481,0.0,1659.3369140625
dense,10000,32,2,429,0.0006696110940538347,0.9628625,1.0,100000000,0,100000000,0.0,77783040000,0.015505800000028103,0.0,1659.3369140625
dense,10000,32,2,430,0.0006696025375276804,0.9628625,1.0,100000000,0,100000000,0.0,77783040000,0.015430800000103773,0.0,1659.3369140625
dense,10000,32,2,431,0.0006695946794934571,0.9628625,1.0,100000000,0,100000000,0.0,77783040000,0.015526900000622845,0.0,1659.3369140625
dense,10000,32,2,432,0.0006695909542031586,0.96285625,1.0,100000000,0,100000000,0.0,77783040000,0.015420399999129586,0.0,1659.3369140625
dense,10000,32,2,433,0.0006695971824228764,0.96285625,1.0,100000000,0,100000000,0.0,77783040000,0.01585759999943548,0.0,1659.3369140625
dense,10000,32,2,434,0.0006696151685900986,0.962865625,1.0,100000000,0,100000000,0.0,77783040000,0.015487699998629978,0.0,1659.3369140625
dense,10000,32,2,435,0.0006696390919387341,0.962846875,1.0,100000000,0,100000000,0.0,77783040000,0.015529700000115554,0.0,1659.3369140625
dense,10000,32,2,436,0.0006696589989587665,0.962853125,1.0,100000000,0,100000000,0.0,77783040000,0.015468999999939115,0.0,1659.3369140625
dense,10000,32,2,437,0.0006696669152006507,0.96284375,1.0,100000000,0,100000000,0.0,77783040000,0.015536800001427764,0.0,1659.3369140625
dense,10000,32,2,438,0.0006696623167954385,0.96285625,1.0,100000000,0,100000000,0.0,77783040000,0.015499999999519787,0.0,1659.3369140625
dense,10000,32,2,439,0.0006696506752632558,0.96285625,1.0,100000000,0,100000000,0.0,77783040000,0.015455999999176129,0.0,1659.3369140625
dense,10000,32,2,440,0.0006696417694911361,0.96285,1.0,100000000,0,100000000,0.0,77783040000,0.015405800000735326,0.0,1659.3369140625
dense,10000,32,2,441,0.0006696406053379178,0.962846875,1.0,100000000,0,100000000,0.0,77783040000,0.015447999998286832,0.0,1659.3369140625
dense,10000,32,2,442,0.0006696419441141188,0.962853125,1.0,100000000,0,100000000,0.0,77783040000,0.015529000000242377,0.0,1659.3369140625
dense,10000,32,2,443,0.0006696365890093148,0.96285625,1.0,100000000,0,100000000,0.0,77783040000,0.015521999999691616,0.0,1659.3369140625
dense,10000,32,2,444,0.000669620290864259,0.96285,1.0,100000000,0,100000000,0.0,77783040000,0.015522600000622333,0.0,1659.3369140625
dense,10000,32,2,445,0.0006695996853522956,0.962853125,1.0,100000000,0,100000000,0.0,77783040000,0.015530299999227282,0.0,1659.3369140625
dense,10000,32,2,446,0.0006695849006064236,0.962853125,1.0,100000000,0,100000000,0.0,77783040000,0.015590199998769094,0.0,1659.3369140625
dense,10000,32,2,447,0.0006695802439935505,0.96285,1.0,100000000,0,100000000,0.0,77783040000,0.015482799999517738,0.0,1659.3369140625
dense,10000,32,2,448,0.0006695814663544297,0.96285625,1.0,100000000,0,100000000,0.0,77783040000,0.015526199998930679,0.0,1659.3369140625
dense,10000,32,2,449,0.0006695821648463607,0.962840625,1.0,100000000,0,100000000,0.0,77783040000,0.015431899999384768,0.0,1659.3369140625
dense,10000,32,2,450,0.0006695765187032521,0.962859375,1.0,100000000,0,100000000,0.0,77783040000,0.015454200000021956,0.0,1659.3369140625
dense,10000,32,2,451,0.000669565110001713,0.962853125,1.0,100000000,0,100000000,0.0,77783040000,0.015839499999856343,0.0,1659.3369140625
dense,10000,32,2,452,0.0006695506745018065,0.9628625,1.0,100000000,0,100000000,0.0,77783040000,0.015867800000705756,0.0,1659.3369140625
dense,10000,32,2,453,0.0006695379852317274,0.96285625,1.0,100000000,0,100000000,0.0,77783040000,0.015455300001121941,0.0,1659.3369140625
dense,10000,32,2,454,0.0006695311167277396,0.962853125,1.0,100000000,0,100000000,0.0,77783040000,0.015419999999721767,0.0,1659.3369140625
dense,10000,32,2,455,0.0006695302436128259,0.962865625,1.0,100000000,0,100000000,0.0,77783040000,0.015457699999387842,0.0,1659.3369140625
dense,10000,32,2,456,0.0006695323972962797,0.962853125,1.0,100000000,0,100000000,0.0,77783040000,0.015475400001378148,0.0,1659.3369140625
dense,10000,32,2,457,0.0006695347838103771,0.962859375,1.0,100000000,0,100000000,0.0,77783040000,0.015472900000531808,0.0,1659.3369140625
dense,10000,32,2,458,0.0006695373449474573,0.96285,1.0,100000000,0,100000000,0.0,77783040000,0.015660500001104083,0.0,1659.3369140625
dense,10000,32,2,459,0.0006695425836369395,0.962846875,1.0,100000000,0,100000000,0.0,77783040000,0.016420300000390853,0.0,1659.3369140625
dense,10000,32,2,460,0.0006695538177154958,0.962859375,1.0,100000000,0,100000000,0.0,77783040000,0.01547759999994014,0.0,1659.3369140625
dense,10000,32,2,461,0.0006695699412375689,0.96285,1.0,100000000,0,100000000,0.0,77783040000,0.015541999999186373,0.0,1659.3369140625
dense,10000,32,2,462,0.0006695885094814003,0.962859375,1.0,100000000,0,100000000,0.0,77783040000,0.015436599998793099,0.0,1659.3369140625
dense,10000,32,2,463,0.0006696007330901921,0.962853125,1.0,100000000,0,100000000,0.0,77783040000,0.015783999999257503,0.0,1659.3369140625
dense,10000,32,2,464,0.0006695957272313535,0.962859375,1.0,100000000,0,100000000,0.0,77783040000,0.01588650000121561,0.0,1659.3369140625
dense,10000,32,2,465,0.0006695677875541151,0.962859375,1.0,100000000,0,100000000,0.0,77783040000,0.015510000001086155,0.0,1659.3369140625
dense,10000,32,2,466,0.0006695318734273314,0.962859375,1.0,100000000,0,100000000,0.0,77783040000,0.01544619999913266,0.0,1659.3369140625
dense,10000,32,2,467,0.0006695152842439711,0.96285625,1.0,100000000,0,100000000,0.0,77783040000,0.015413799999805633,0.0,1659.3369140625
dense,10000,32,2,468,0.0006695279735140502,0.962853125,1.0,100000000,0,100000000,0.0,77783040000,0.015436600000612088,0.0,1659.3369140625
dense,10000,32,2,469,0.0006695552729070187,0.962859375,1.0,100000000,0,100000000,0.0,77783040000,0.015465599999515689,0.0,1659.3369140625
dense,10000,32,2,470,0.0006695752963423729,0.962853125,1.0,100000000,0,100000000,0.0,77783040000,0.01550900000074762,0.0,1659.3369140625
dense,10000,32,2,471,0.0006695773336105049,0.96285,1.0,100000000,0,100000000,0.0,77783040000,0.015516700001171557,0.0,1659.3369140625
dense,10000,32,2,472,0.0006695713964290917,0.962859375,1.0,100000000,0,100000000,0.0,77783040000,0.015519000000494998,0.0,1659.3369140625
dense,10000,32,2,473,0.0006695723277516663,0.96284375,1.0,100000000,0,100000000,0.0,77783040000,0.015463100000488339,0.0,1659.3369140625
dense,10000,32,2,474,0.0006695806514471769,0.962865625,1.0,100000000,0,100000000,0.0,77783040000,0.015441700001247227,0.0,1659.3369140625
dense,10000,32,2,475,0.0006695819902233779,0.962846875,1.0,100000000,0,100000000,0.0,77783040000,0.015474600000743521,0.0,1659.3369140625
dense,10000,32,2,476,0.0006695647025480866,0.962859375,1.0,100000000,0,100000000,0.0,77783040000,0.015495899999223184,0.0,1659.3369140625
dense,10000,32,2,477,0.0006695358897559345,0.96285,1.0,100000000,0,100000000,0.0,77783040000,0.01563989999885962,0.0,1659.3369140625
dense,10000,32,2,478,0.0006695152260363102,0.962859375,1.0,100000000,0,100000000,0.0,77783040000,0.015480199999728939,0.0,1659.3369140625
dense,10000,32,2,479,0.0006695156916975975,0.9628625,1.0,100000000,0,100000000,0.0,77783040000,0.015408499999466585,0.0,1659.3369140625
dense,10000,32,2,480,0.0006695328047499061,0.96284375,1.0,100000000,0,100000000,0.0,77783040000,0.015461999999388354,0.0,1659.3369140625
dense,10000,32,2,481,0.0006695526535622776,0.962865625,1.0,100000000,0,100000000,0.0,77783040000,0.015427500000441796,0.0,1659.3369140625
dense,10000,32,2,482,0.0006695660413242877,0.96284375,1.0,100000000,0,100000000,0.0,77783040000,0.015498299999308074,0.0,1659.3369140625
dense,10000,32,2,483,0.0006695757620036602,0.962859375,1.0,100000000,0,100000000,0.0,77783040000,0.01546039999993809,0.0,1659.3369140625
dense,10000,32,2,484,0.0006695894408039749,0.962846875,1.0,100000000,0,100000000,0.0,77783040000,0.015475500000320608,0.0,1659.3369140625
dense,10000,32,2,485,0.0006696120253764093,0.962859375,1.0,100000000,0,100000000,0.0,77783040000,0.015431799998623319,0.0,1659.3369140625
dense,10000,32,2,486,0.0006696413620375097,0.9628625,1.0,100000000,0,100000000,0.0,77783040000,0.015865299999859417,0.0,1659.3369140625
dense,10000,32,2,487,0.0006696729687973857,0.962853125,1.0,100000000,0,100000000,0.0,77783040000,0.015513000000282773,0.0,1659.3369140625
dense,10000,32,2,488,0.0006697052740491927,0.962853125,1.0,100000000,0,100000000,0.0,77783040000,0.015498900000238791,0.0,1659.3369140625
dense,10000,32,2,489,0.0006697365315631032,0.9628625,1.0,100000000,0,100000000,0.0,77783040000,0.015519799999310635,0.0,1659.3369140625
dense,10000,32,2,490,0.0006697639473713934,0.96285625,1.0,100000000,0,100000000,0.0,77783040000,0.015438399999766261,0.0,1659.3369140625
dense,10000,32,2,491,0.0006697823409922421,0.962859375,1.0,100000000,0,100000000,0.0,77783040000,0.015993299999536248,0.0,1659.3369140625
dense,10000,32,2,492,0.0006697867065668106,0.9628625,1.0,100000000,0,100000000,0.0,77783040000,0.015703299999586307,0.0,1659.3369140625
dense,10000,32,2,493,0.0006697786739096045,0.9628625,1.0,100000000,0,100000000,0.0,77783040000,0.015422700000272016,0.0,1659.3369140625
dense,10000,32,2,494,0.0006697663920931518,0.962859375,1.0,100000000,0,100000000,0.0,77783040000,0.015502399999604677,0.0,1659.3369140625
dense,10000,32,2,495,0.000669756205752492,0.962859375,1.0,100000000,0,100000000,0.0,77783040000,0.015838799999983166,0.0,1659.3369140625
dense,10000,32,2,496,0.0006697469507344067,0.962865625,1.0,100000000,0,100000000,0.0,77783040000,0.016108399999211542,0.0,1659.3369140625
dense,10000,32,2,497,0.0006697342032566667,0.96285,1.0,100000000,0,100000000,0.0,77783040000,0.015514900000198395,0.0,1659.3369140625
dense,10000,32,2,498,0.00066971784690395,0.962875,1.0,100000000,0,100000000,0.0,77783040000,0.015514000000621309,0.0,1659.3369140625
dense,10000,32,2,499,0.0006697005010209978,0.96285,1.0,100000000,0,100000000,0.0,77783040000,0.015840899999602698,0.0,1659.3369140625
dense,10000,32,2,500,0.0006696850759908557,0.962859375,1.0,100000000,0,100000000,0.0,77783040000,0.015594599999531056,0.0,1659.3369140625
exact,10000,32,2,1,0.22730572521686554,0.11400625,1.0,320000,100000000,100320000,10000.0,14028800000,0.04712599999947997,0.004543399998510722,354.00146484375
exact,10000,32,2,2,0.18728670477867126,0.097046875,1.0,320000,100000000,100320000,10000.0,14028800000,0.007462600000508246,0.004511900000579772,354.12646484375
exact,10000,32,2,3,0.16453208029270172,0.081728125,1.0,320000,100000000,100320000,10000.0,14028800000,0.0075282000016159145,0.0045376999987638555,354.12646484375
exact,10000,32,2,4,0.15186212956905365,0.0695375,1.0,320000,100000000,100320000,10000.0,14028800000,0.007453300000634044,0.004522899998846697,354.12646484375
exact,10000,32,2,5,0.1446198970079422,0.060575,1.0,320000,100000000,100320000,10000.0,14028800000,0.007451299999956973,0.004522499999438878,354.12646484375
exact,10000,32,2,6,0.13973605632781982,0.05400625,1.0,320000,100000000,100320000,10000.0,14028800000,0.0077538000005006324,0.004493700000239187,354.12646484375
exact,10000,32,2,7,0.1359594464302063,0.04903125,1.0,320000,100000000,100320000,10000.0,14028800000,0.00753910000094038,0.004519000000072992,354.12646484375
exact,10000,32,2,8,0.13264119625091553,0.045503125,1.0,320000,100000000,100320000,10000.0,14028800000,0.008188499999960186,0.004782500000146683,354.12646484375
exact,10000,32,2,9,0.12959176301956177,0.04301875,1.0,320000,100000000,100320000,10000.0,14028800000,0.007566399999632267,0.0045243999993545,354.12646484375
exact,10000,32,2,10,0.12699247896671295,0.0412375,1.0,320000,100000000,100320000,10000.0,14028800000,0.007574999999633292,0.004504399999859743,354.12646484375
exact,10000,32,2,11,0.12465935945510864,0.039965625,1.0,320000,100000000,100320000,10000.0,14028800000,0.007629300000189687,0.004519199999776902,354.12646484375
exact,10000,32,2,12,0.12267177551984787,0.039125,1.0,320000,100000000,100320000,10000.0,14028800000,0.009302200000092853,0.005769499999587424,354.12646484375
exact,10000,32,2,13,0.12085965275764465,0.038546875,1.0,320000,100000000,100320000,10000.0,14028800000,0.007600099999763188,0.004506200000832905,354.12646484375
exact,10000,32,2,14,0.11928930133581161,0.038571875,1.0,320000,100000000,100320000,10000.0,14028800000,0.007867600001191022,0.004605699999956414,354.12646484375
exact,10000,32,2,15,0.11799782514572144,0.038646875,1.0,320000,100000000,100320000,10000.0,14028800000,0.011247599999478552,0.004645299999538111,354.12646484375
exact,10000,32,2,16,0.11686083674430847,0.039,1.0,320000,100000000,100320000,10000.0,14028800000,0.008153200000379002,0.004768099999637343,354.12646484375
exact,10000,32,2,17,0.11586757749319077,0.039375,1.0,320000,100000000,100320000,10000.0,14028800000,0.007666800000151852,0.004502599998886581,354.12646484375
exact,10000,32,2,18,0.11496192216873169,0.03985,1.0,320000,100000000,100320000,10000.0,14028800000,0.007766900000206078,0.004499700000451412,354.12646484375
exact,10000,32,2,19,0.11420045047998428,0.040659375,1.0,320000,100000000,100320000,10000.0,14028800000,0.007805899998857058,0.004499299999224604,354.12646484375
exact,10000,32,2,20,0.11352790147066116,0.0415625,1.0,320000,100000000,100320000,10000.0,14028800000,0.007854600000428036,0.004502399999182671,354.12646484375
exact,10000,32,2,21,0.1129116639494896,0.042534375,1.0,320000,100000000,100320000,10000.0,14028800000,0.008001600001080078,0.00451959999918472,354.12646484375
exact,10000,32,2,22,0.11234284192323685,0.043565625,1.0,320000,100000000,100320000,10000.0,14028800000,0.007951300000058836,0.00450029999956314,354.12646484375
exact,10000,32,2,23,0.11186088621616364,0.044675,1.0,320000,100000000,100320000,10000.0,14028800000,0.008026499999687076,0.004507900001044618,354.12646484375
exact,10000,32,2,24,0.1114092618227005,0.0458,1.0,320000,100000000,100320000,10000.0,14028800000,0.008137000000715489,0.0045487000006687595,354.12646484375
exact,10000,32,2,25,0.11100058257579803,0.0470375,1.0,320000,100000000,100320000,10000.0,14028800000,0.008163700000295648,0.004504500000621192,354.12646484375
exact,10000,32,2,26,0.11064081639051437,0.048378125,1.0,320000,100000000,100320000,10000.0,14028800000,0.008223400000133552,0.00451710000015737,354.12646484375
exact,10000,32,2,27,0.11031519621610641,0.049740625,1.0,320000,100000000,100320000,10000.0,14028800000,0.008343200001036166,0.004636499999833177,354.12646484375
exact,10000,32,2,28,0.1099877879023552,0.05125,1.0,320000,100000000,100320000,10000.0,14028800000,0.008290099998703226,0.004499500000747503,354.12646484375
exact,10000,32,2,29,0.1096925139427185,0.05295,1.0,320000,100000000,100320000,10000.0,14028800000,0.00827930000014021,0.004514399999607122,354.12646484375
exact,10000,32,2,30,0.10940831154584885,0.05489375,1.0,320000,100000000,100320000,10000.0,14028800000,0.008282799999506096,0.004532999999355525,354.12646484375
exact,10000,32,2,31,0.10913805663585663,0.057234375,1.0,320000,100000000,100320000,10000.0,14028800000,0.008273400000689435,0.004506600000240724,354.12646484375
exact,10000,32,2,32,0.10888442397117615,0.059634375,1.0,320000,100000000,100320000,10000.0,14028800000,0.0110980000008567,0.005870400000276277,354.12646484375
exact,10000,32,2,33,0.10863876342773438,0.06235625,1.0,320000,100000000,100320000,10000.0,14028800000,0.008403499999985797,0.004543600000033621,354.12646484375
exact,10000,32,2,34,0.10838392376899719,0.065253125,1.0,320000,100000000,100320000,10000.0,14028800000,0.01150229999984731,0.004514099999141763,354.12646484375
exact,10000,32,2,35,0.10814619064331055,0.068475,1.0,320000,100000000,100320000,10000.0,14028800000,0.008303200000227662,0.004500499999267049,354.12646484375
exact,10000,32,2,36,0.10790300369262695,0.072359375,1.0,320000,100000000,100320000,10000.0,14028800000,0.008357599999726517,0.004515599999649567,354.12646484375
exact,10000,32,2,37,0.10765717178583145,0.076609375,1.0,320000,100000000,100320000,10000.0,14028800000,0.008297999998831074,0.0045291000005818205,354.12646484375
exact,10000,32,2,38,0.10741745680570602,0.081053125,1.0,320000,100000000,100320000,10000.0,14028800000,0.008352900000318186,0.004551699999865377,354.12646484375
exact,10000,32,2,39,0.1071646586060524,0.0860875,1.0,320000,100000000,100320000,10000.0,14028800000,0.009393399999680696,0.005602200000794255,354.12646484375
exact,10000,32,2,40,0.10691525787115097,0.092084375,1.0,320000,100000000,100320000,10000.0,14028800000,0.00825520000034885,0.004508999998506624,354.12646484375
exact,10000,32,2,41,0.10663803666830063,0.098684375,1.0,320000,100000000,100320000,10000.0,14028800000,0.008241300000008778,0.004528600000412553,354.12646484375
exact,10000,32,2,42,0.10634064674377441,0.1061875,1.0,320000,100000000,100320000,10000.0,14028800000,0.008273800000097253,0.00454869999884977,354.12646484375
exact,10000,32,2,43,0.10601013153791428,0.114559375,1.0,320000,100000000,100320000,10000.0,14028800000,0.010148299999855226,0.006201500000315718,354.12646484375
exact,10000,32,2,44,0.10564374923706055,0.124178125,1.0,320000,100000000,100320000,10000.0,14028800000,0.008173899999746936,0.004538499999398482,354.12646484375
exact,10000,32,2,45,0.10523703694343567,0.135103125,1.0,320000,100000000,100320000,10000.0,14028800000,0.008120299999063718,0.004518899999311543,354.12646484375
exact,10000,32,2,46,0.10476518422365189,0.147890625,1.0,320000,100000000,100320000,10000.0,14028800000,0.008033500000237837,0.004491699999562115,354.12646484375
exact,10000,32,2,47,0.10422204434871674,0.162490625,1.0,320000,100000000,100320000,10000.0,14028800000,0.010265200000503683,0.006544100000610342,354.12646484375
exact,10000,32,2,48,0.10359425842761993,0.17951875,1.0,320000,100000000,100320000,10000.0,14028800000,0.00792619999992894,0.004492500000196742,354.12646484375
exact,10000,32,2,49,0.10285986214876175,0.199415625,1.0,320000,100000000,100320000,10000.0,14028800000,0.00791180000123859,0.004532299999482348,354.12646484375
exact,10000,32,2,50,0.10196372866630554,0.22159375,1.0,320000,100000000,100320000,10000.0,14028800000,0.007842600000003586,0.004504100001213374,354.12646484375
exact,10000,32,2,51,0.10087994486093521,0.247,1.0,320000,100000000,100320000,10000.0,14028800000,0.008143299999574083,0.004579000000376254,354.12646484375
exact,10000,32,2,52,0.09960800409317017,0.27548125,1.0,320000,100000000,100320000,10000.0,14028800000,0.007607900000948575,0.004506799999944633,354.12646484375
exact,10000,32,2,53,0.09810761362314224,0.306390625,1.0,320000,100000000,100320000,10000.0,14028800000,0.007976000000780914,0.004533100000116974,354.12646484375
exact,10000,32,2,54,0.09631294012069702,0.33939375,1.0,320000,100000000,100320000,10000.0,14028800000,0.0074862999990727985,0.004526000000623753,354.12646484375
exact,10000,32,2,55,0.09419787675142288,0.373953125,1.0,320000,100000000,100320000,10000.0,14028800000,0.007742699999653269,0.004610599999068654,354.12646484375
exact,10000,32,2,56,0.09180481731891632,0.408278125,1.0,320000,100000000,100320000,10000.0,14028800000,0.007300999999642954,0.004505799999606097,354.12646484375
exact,10000,32,2,57,0.08905971795320511,0.44170625,1.0,320000,100000000,100320000,10000.0,14028800000,0.0073827999985951465,0.00454859999990731,354.12646484375
exact,10000,32,2,58,0.08602045476436615,0.471996875,1.0,320000,100000000,100320000,10000.0,14028800000,0.007285900001079426,0.004508599999098806,354.12646484375
exact,10000,32,2,59,0.08271105587482452,0.499209375,1.0,320000,100000000,100320000,10000.0,14028800000,0.007274699999470613,0.004499299999224604,354.12646484375
exact,10000,32,2,60,0.07916214317083359,0.52311875,1.0,320000,100000000,100320000,10000.0,14028800000,0.007285500001671608,0.004499299999224604,354.12646484375
exact,10000,32,2,61,0.07539103180170059,0.544121875,1.0,320000,100000000,100320000,10000.0,14028800000,0.007274600000528153,0.004503399999521207,354.12646484375
exact,10000,32,2,62,0.0714593380689621,0.56211875,1.0,320000,100000000,100320000,10000.0,14028800000,0.0076848999997309875,0.0045148999997763894,354.12646484375
exact,10000,32,2,63,0.06742244958877563,0.577965625,1.0,320000,100000000,100320000,10000.0,14028800000,0.007249000000228989,0.004500099999859231,354.12646484375
exact,10000,32,2,64,0.06336585432291031,0.591925,1.0,320000,100000000,100320000,10000.0,14028800000,0.007207200000266312,0.004499599999689963,354.12646484375
exact,10000,32,2,65,0.05936574563384056,0.60489375,1.0,320000,100000000,100320000,10000.0,14028800000,0.007776399999784189,0.0044834999989689095,354.12646484375
exact,10000,32,2,66,0.055493686348199844,0.61660625,1.0,320000,100000000,100320000,10000.0,14028800000,0.007213299999420997,0.004489000000830856,354.12646484375
exact,10000,32,2,67,0.0517982542514801,0.6270625,1.0,320000,100000000,100320000,10000.0,14028800000,0.007267000000865664,0.004519899999650079,354.12646484375
exact,10000,32,2,68,0.04828554019331932,0.637321875,1.0,320000,100000000,100320000,10000.0,14028800000,0.007221500000014203,0.004494999999224092,354.12646484375
exact,10000,32,2,69,0.044958457350730896,0.64679375,1.0,320000,100000000,100320000,10000.0,14028800000,0.0072880999996414175,0.004535400001259404,354.12646484375
exact,10000,32,2,70,0.04181944206357002,0.65629375,1.0,320000,100000000,100320000,10000.0,14028800000,0.0071874000004754635,0.004501000001255306,354.12646484375
exact,10000,32,2,71,0.038885924965143204,0.665209375,1.0,320000,100000000,100320000,10000.0,14028800000,0.007584599999972852,0.004575900000418187,354.12646484375
exact,10000,32,2,72,0.03617860749363899,0.673765625,1.0,320000,100000000,100320000,10000.0,14028800000,0.008516199999576202,0.005778200000349898,354.12646484375
exact,10000,32,2,73,0.0337040089070797,0.6826375,1.0,320000,100000000,100320000,10000.0,14028800000,0.0071743999997124774,0.004497199999605073,354.12646484375
exact,10000,32,2,74,0.031450413167476654,0.691146875,1.0,320000,100000000,100320000,10000.0,14028800000,0.007186400000136928,0.004517900000791997,354.12646484375
exact,10000,32,2,75,0.029393712058663368,0.69958125,1.0,320000,100000000,100320000,10000.0,14028800000,0.0073118000000249594,0.00451960000100371,354.12646484375
exact,10000,32,2,76,0.02750464342534542,0.708253125,1.0,320000,100000000,100320000,10000.0,14028800000,0.007301300000108313,0.004511899998760782,354.12646484375
exact,10000,32,2,77,0.02574300393462181,0.716428125,1.0,320000,100000000,100320000,10000.0,14028800000,0.00816570000097272,0.0054424999998445855,354.12646484375
exact,10000,32,2,78,0.024081291630864143,0.72493125,1.0,320000,100000000,100320000,10000.0,14028800000,0.007212000000436092,0.004511699999056873,354.12646484375
exact,10000,32,2,79,0.022516755387187004,0.7337625,1.0,320000,100000000,100320000,10000.0,14028800000,0.007224099999803002,0.004509399999733432,354.12646484375
exact,10000,32,2,80,0.021048180758953094,0.742153125,1.0,320000,100000000,100320000,10000.0,14028800000,0.0072004000012384495,0.004512199999226141,354.12646484375
exact,10000,32,2,81,0.019654138013720512,0.7511625,1.0,320000,100000000,100320000,10000.0,14028800000,0.0073904999990190845,0.004684300000008079,354.12646484375
exact,10000,32,2,82,0.018312769010663033,0.759771875,1.0,320000,100000000,100320000,10000.0,14028800000,0.0071458000002166955,0.004505700000663637,354.12646484375
exact,10000,32,2,83,0.017022671177983284,0.768515625,1.0,320000,100000000,100320000,10000.0,14028800000,0.007485799998903531,0.004607500000929576,354.12646484375
exact,10000,32,2,84,0.0157951507717371,0.776884375,1.0,320000,100000000,100320000,10000.0,14028800000,0.007217000000309781,0.00450749999981781,354.12646484375
exact,10000,32,2,85,0.014640414156019688,0.785390625,1.0,320000,100000000,100320000,10000.0,14028800000,0.007287999998879968,0.004521799999565701,354.12646484375
exact,10000,32,2,86,0.0135593106970191,0.79449375,1.0,320000,100000000,100320000,10000.0,14028800000,0.009140199999819743,0.0062462000005325535,354.12646484375
exact,10000,32,2,87,0.012546922080218792,0.8027125,1.0,320000,100000000,100320000,10000.0,14028800000,0.007209100000181934,0.004522700000961777,354.12646484375
exact,10000,32,2,88,0.011598281562328339,0.8112,1.0,320000,100000000,100320000,10000.0,14028800000,0.007197699998869211,0.004519800000707619,354.12646484375
exact,10000,32,2,89,0.010711463168263435,0.81966875,1.0,320000,100000000,100320000,10000.0,14028800000,0.007194199999503326,0.004513599998972495,354.12646484375
exact,10000,32,2,90,0.009887242689728737,0.827978125,1.0,320000,100000000,100320000,10000.0,14028800000,0.007662600000912789,0.0049385999991500285,354.12646484375
exact,10000,32,2,91,0.009126340970396996,0.835753125,1.0,320000,100000000,100320000,10000.0,14028800000,0.007201399999757996,0.004517799998211558,354.12646484375
exact,10000,32,2,92,0.00842748861759901,0.843228125,1.0,320000,100000000,100320000,10000.0,14028800000,0.007182900000771042,0.0044952999996894505,354.12646484375
exact,10000,32,2,93,0.007788568735122681,0.850728125,1.0,320000,100000000,100320000,10000.0,14028800000,0.007184899999629124,0.00452690000020084,354.12646484375
exact,10000,32,2,94,0.007206745911389589,0.85770625,1.0,320000,100000000,100320000,10000.0,14028800000,0.007204899999123882,0.004504499998802203,354.12646484375
exact,10000,32,2,95,0.0066775488667190075,0.86425,1.0,320000,100000000,100320000,10000.0,14028800000,0.007627999999385793,0.004639000000679516,354.12646484375
exact,10000,32,2,96,0.006196913775056601,0.870078125,1.0,320000,100000000,100320000,10000.0,14028800000,0.007423400000334368,0.004738100000395207,354.12646484375
exact,10000,32,2,97,0.005763564724475145,0.875559375,1.0,320000,100000000,100320000,10000.0,14028800000,0.007209500001408742,0.004521699998804252,354.12646484375
exact,10000,32,2,98,0.005376539658755064,0.88035,1.0,320000,100000000,100320000,10000.0,14028800000,0.007178300000305171,0.004500999999436317,354.12646484375
exact,10000,32,2,99,0.005032331682741642,0.883909375,1.0,320000,100000000,100320000,10000.0,14028800000,0.007634899999175104,0.0047219999996741535,354.12646484375
exact,10000,32,2,100,0.0047244480811059475,0.88675625,1.0,320000,100000000,100320000,10000.0,14028800000,0.007121699998606346,0.0044977999987168005,354.12646484375
exact,10000,32,2,101,0.004445716738700867,0.8891,1.0,320000,100000000,100320000,10000.0,14028800000,0.00761160000001837,0.004669999998441199,354.12646484375
exact,10000,32,2,102,0.00418930035084486,0.891325,1.0,320000,100000000,100320000,10000.0,14028800000,0.007507000000259723,0.004841899999519228,354.12646484375
exact,10000,32,2,103,0.003950711339712143,0.893259375,1.0,320000,100000000,100320000,10000.0,14028800000,0.007183800000348128,0.004545300000245334,354.12646484375
exact,10000,32,2,104,0.0037260381504893303,0.895109375,1.0,320000,100000000,100320000,10000.0,14028800000,0.00851669999974547,0.005715299999792478,354.12646484375
exact,10000,32,2,105,0.003510219044983387,0.8969125,1.0,320000,100000000,100320000,10000.0,14028800000,0.007160700000895304,0.004501499999605585,354.12646484375
exact,10000,32,2,106,0.0032986330334097147,0.898978125,1.0,320000,100000000,100320000,10000.0,14028800000,0.007186400000136928,0.004510699998718337,354.12646484375
exact,10000,32,2,107,0.003089399542659521,0.9011875,1.0,320000,100000000,100320000,10000.0,14028800000,0.007642799999302952,0.004502100000536302,354.12646484375
exact,10000,32,2,108,0.0028844126500189304,0.903659375,1.0,320000,100000000,100320000,10000.0,14028800000,0.009318299998994917,0.005713500000638305,354.12646484375
exact,10000,32,2,109,0.0026849762070924044,0.90643125,1.0,320000,100000000,100320000,10000.0,14028800000,0.007171600000219769,0.004507199999352451,354.12646484375
exact,10000,32,2,110,0.002490072278305888,0.90956875,1.0,320000,100000000,100320000,10000.0,14028800000,0.010865500000363681,0.00457040000037523,354.12646484375
exact,10000,32,2,111,0.0022989134304225445,0.9127875,1.0,320000,100000000,100320000,10000.0,14028800000,0.009382100000948412,0.0064872000002651475,354.12646484375
exact,10000,32,2,112,0.0021119501907378435,0.91638125,1.0,320000,100000000,100320000,10000.0,14028800000,0.0072036999990814365,0.004502499999944121,354.12646484375
exact,10000,32,2,113,0.001930483034811914,0.92,1.0,320000,100000000,100320000,10000.0,14028800000,0.007130699999834178,0.00448800000049232,354.12646484375
exact,10000,32,2,114,0.0017549960175529122,0.923721875,1.0,320000,100000000,100320000,10000.0,14028800000,0.008621200000561657,0.005491500000061933,354.12646484375
exact,10000,32,2,115,0.0015859822742640972,0.928140625,1.0,320000,100000000,100320000,10000.0,14028800000,0.007176499999332009,0.004520300000876887,354.12646484375
exact,10000,32,2,116,0.0014251117827370763,0.932728125,1.0,320000,100000000,100320000,10000.0,14028800000,0.007126499998776126,0.004482899999857182,354.12646484375
exact,10000,32,2,117,0.0012754678027704358,0.937496875,1.0,320000,100000000,100320000,10000.0,14028800000,0.008141999998770189,0.005351699999664561,354.12646484375
exact,10000,32,2,118,0.001141074695624411,0.942209375,1.0,320000,100000000,100320000,10000.0,14028800000,0.0072220000001834705,0.004539000001386739,354.12646484375
exact,10000,32,2,119,0.0010261243442073464,0.946971875,1.0,320000,100000000,100320000,10000.0,14028800000,0.007174499998654937,0.0045030000001133885,354.12646484375
exact,10000,32,2,120,0.000932760420255363,0.95101875,1.0,320000,100000000,100320000,10000.0,14028800000,0.007211400001324364,0.0045356999999057734,354.12646484375
exact,10000,32,2,121,0.0008601055014878511,0.953965625,1.0,320000,100000000,100320000,10000.0,14028800000,0.00717609999992419,0.004515199998422759,354.12646484375
exact,10000,32,2,122,0.0008045989670790732,0.95555,1.0,320000,100000000,100320000,10000.0,14028800000,0.007183899999290588,0.004527999999481835,354.12646484375
exact,10000,32,2,123,0.0007613417110405862,0.956265625,1.0,320000,100000000,100320000,10000.0,14028800000,0.007204699999419972,0.0045156999985920265,354.12646484375
exact,10000,32,2,124,0.0007253809017129242,0.956140625,1.0,320000,100000000,100320000,10000.0,14028800000,0.007542200000898447,0.0046416999994107755,354.12646484375
exact,10000,32,2,125,0.0006923410692252219,0.9562,1.0,320000,100000000,100320000,10000.0,14028800000,0.007172600000558305,0.004498500000408967,354.12646484375
exact,10000,32,2,126,0.0006595333688892424,0.95589375,1.0,320000,100000000,100320000,10000.0,14028800000,0.007184899999629124,0.004510599999775877,354.12646484375
exact,10000,32,2,127,0.0006256580236367881,0.955921875,1.0,320000,100000000,100320000,10000.0,14028800000,0.00808829999914451,0.004514399999607122,354.12646484375
exact,10000,32,2,128,0.0005907943123020232,0.95614375,1.0,320000,100000000,100320000,10000.0,14028800000,0.00720750000073167,0.004492000000027474,354.12646484375
exact,10000,32,2,129,0.0005556903197430074,0.95681875,1.0,320000,100000000,100320000,10000.0,14028800000,0.0073606999994808575,0.004564500000924454,354.12646484375
exact,10000,32,2,130,0.0005212818505242467,0.957671875,1.0,320000,100000000,100320000,10000.0,14028800000,0.007202000000688713,0.0045132999985071365,354.12646484375
exact,10000,32,2,131,0.000488288002088666,0.9586375,1.0,320000,100000000,100320000,10000.0,14028800000,0.007164300001022639,0.004510400000071968,354.12646484375
exact,10000,32,2,132,0.0004572652105707675,0.95959375,1.0,320000,100000000,100320000,10000.0,14028800000,0.007184199999755947,0.004502900001170929,354.12646484375
exact,10000,32,2,133,0.0004288264026399702,0.960565625,1.0,320000,100000000,100320000,10000.0,14028800000,0.008247300000221003,0.004491099998631398,354.12646484375
exact,10000,32,2,134,0.00040341453859582543,0.96165625,1.0,320000,100000000,100320000,10000.0,14028800000,0.010028400000010151,0.005971600001430488,354.12646484375
exact,10000,32,2,135,0.00038112877518869936,0.962546875,1.0,320000,100000000,100320000,10000.0,14028800000,0.007197300001280382,0.004506799999944633,354.12646484375
exact,10000,32,2,136,0.0003616696922108531,0.963275,1.0,320000,100000000,100320000,10000.0,14028800000,0.010828299999047886,0.004511700000875862,354.12646484375
exact,10000,32,2,137,0.0003444064932409674,0.963903125,1.0,320000,100000000,100320000,10000.0,14028800000,0.007144299999708892,0.004500400000324589,354.12646484375
exact,10000,32,2,138,0.0003289391752332449,0.964403125,1.0,320000,100000000,100320000,10000.0,14028800000,0.007148799999413313,0.004505599999902188,354.12646484375
exact,10000,32,2,139,0.0003148885734844953,0.964884375,1.0,320000,100000000,100320000,10000.0,14028800000,0.007233500000438653,0.00455340000007709,354.12646484375
exact,10000,32,2,140,0.00030225072987377644,0.965121875,1.0,320000,100000000,100320000,10000.0,14028800000,0.00826740000047721,0.0054604999986622715,354.12646484375
exact,10000,32,2,141,0.0002907905145548284,0.965384375,1.0,320000,100000000,100320000,10000.0,14028800000,0.0071518999993713805,0.0045042999990982935,354.12646484375
exact,10000,32,2,142,0.0002805071708280593,0.965771875,1.0,320000,100000000,100320000,10000.0,14028800000,0.00714469999911671,0.004498399999647518,354.12646484375
exact,10000,32,2,143,0.0002712408604566008,0.9658375,1.0,320000,100000000,100320000,10000.0,14028800000,0.007185499998740852,0.0045066999991831835,354.12646484375
exact,10000,32,2,144,0.0002629102091304958,0.96596875,1.0,320000,100000000,100320000,10000.0,14028800000,0.00721749999866006,0.0045112000007065944,354.12646484375
exact,10000,32,2,145,0.0002553168742451817,0.966253125,1.0,320000,100000000,100320000,10000.0,14028800000,0.0071641000013187295,0.004490100000111852,354.12646484375
exact,10000,32,2,146,0.0002483015996403992,0.96650625,1.0,320000,100000000,100320000,10000.0,14028800000,0.007936100000733859,0.004554299999654177,354.12646484375
exact,10000,32,2,147,0.00024183464120142162,0.966846875,1.0,320000,100000000,100320000,10000.0,14028800000,0.012020999998640036,0.005106399999931455,354.12646484375
exact,10000,32,2,148,0.00023588835028931499,0.966978125,1.0,320000,100000000,100320000,10000.0,14028800000,0.007342699998844182,0.004625800000212621,354.12646484375
exact,10000,32,2,149,0.0002302851207787171,0.967259375,1.0,320000,100000000,100320000,10000.0,14028800000,0.007144299999708892,0.004504500000621192,354.12646484375
exact,10000,32,2,150,0.00022508313122671098,0.967465625,1.0,320000,100000000,100320000,10000.0,14028800000,0.007235699999000644,0.004552200000034645,354.12646484375
exact,10000,32,2,151,0.00022028649982530624,0.967609375,1.0,320000,100000000,100320000,10000.0,14028800000,0.007826500001101522,0.004530500000328175,354.12646484375
exact,10000,32,2,152,0.00021591705444734544,0.9677625,1.0,320000,100000000,100320000,10000.0,14028800000,0.00857470000119065,0.0056924999989860225,354.12646484375
exact,10000,32,2,153,0.00021197310707066208,0.96795,1.0,320000,100000000,100320000,10000.0,14028800000,0.0071625999989919364,0.004501400000663125,354.12646484375
exact,10000,32,2,154,0.00020841712830588222,0.968003125,1.0,320000,100000000,100320000,10000.0,14028800000,0.007193300001745229,0.004503800000748015,354.12646484375
exact,10000,32,2,155,0.0002052594645647332,0.968090625,1.0,320000,100000000,100320000,10000.0,14028800000,0.00944319999871368,0.006516699999338016,354.12646484375
exact,10000,32,2,156,0.00020247463544365019,0.968121875,1.0,320000,100000000,100320000,10000.0,14028800000,0.007170800001404132,0.004503199999817298,354.12646484375
exact,10000,32,2,157,0.0001999841333599761,0.96813125,1.0,320000,100000000,100320000,10000.0,14028800000,0.007181400000263238,0.0045083999993948964,354.12646484375
exact,10000,32,2,158,0.00019772663654293865,0.968109375,1.0,320000,100000000,100320000,10000.0,14028800000,0.0071392999998352025,0.004503399999521207,354.12646484375
exact,10000,32,2,159,0.00019569569849409163,0.968184375,1.0,320000,100000000,100320000,10000.0,14028800000,0.007215300000098068,0.0045220000010886,354.12646484375
exact,10000,32,2,160,0.00019388666260056198,0.968215625,1.0,320000,100000000,100320000,10000.0,14028800000,0.00715680000030261,0.004506999999648542,354.12646484375
exact,10000,32,2,161,0.00019228769815526903,0.96819375,1.0,320000,100000000,100320000,10000.0,14028800000,0.00971410000056494,0.006847999999081367,354.12646484375
exact,10000,32,2,162,0.00019086860993411392,0.968234375,1.0,320000,100000000,100320000,10000.0,14028800000,0.007195000000137952,0.00449789999947825,354.12646484375
exact,10000,32,2,163,0.00018959827139042318,0.968271875,1.0,320000,100000000,100320000,10000.0,14028800000,0.00753679999979795,0.0046285999997053295,354.12646484375
exact,10000,32,2,164,0.00018846271268557757,0.968171875,1.0,320000,100000000,100320000,10000.0,14028800000,0.007136000000173226,0.004500900000493857,354.12646484375
exact,10000,32,2,165,0.0001873946312116459,0.968234375,1.0,320000,100000000,100320000,10000.0,14028800000,0.00829419999899983,0.005491099998835125,354.12646484375
exact,10000,32,2,166,0.00018639098561834544,0.96835625,1.0,320000,100000000,100320000,10000.0,14028800000,0.007203900000604335,0.004498800000874326,354.12646484375
exact,10000,32,2,167,0.00018547482613939792,0.9683375,1.0,320000,100000000,100320000,10000.0,14028800000,0.0071494000003440306,0.00449300000036601,354.12646484375
exact,10000,32,2,168,0.000184620323125273,0.96840625,1.0,320000,100000000,100320000,10000.0,14028800000,0.007551999999122927,0.004492100000788923,354.12646484375
exact,10000,32,2,169,0.00018386055307928473,0.9684375,1.0,320000,100000000,100320000,10000.0,14028800000,0.007190100001025712,0.0045018000000709435,354.12646484375
exact,10000,32,2,170,0.00018319126684218645,0.968478125,1.0,320000,100000000,100320000,10000.0,14028800000,0.008893199999874923,0.006138700000519748,354.12646484375
exact,10000,32,2,171,0.0001825936633395031,0.9685625,1.0,320000,100000000,100320000,10000.0,14028800000,0.00845849999859638,0.004523100000369595,354.12646484375
exact,10000,32,2,172,0.00018206266395282,0.9686,1.0,320000,100000000,100320000,10000.0,14028800000,0.007186399998317938,0.004498199999943608,354.12646484375
exact,10000,32,2,173,0.00018162988999392837,0.968571875,1.0,320000,100000000,100320000,10000.0,14028800000,0.007154099999752361,0.004510000000664149,354.12646484375
exact,10000,32,2,174,0.00018123204063158482,0.968528125,1.0,320000,100000000,100320000,10000.0,14028800000,0.0071649000001343666,0.004483000000618631,354.12646484375
exact,10000,32,2,175,0.000180851187906228,0.968515625,1.0,320000,100000000,100320000,10000.0,14028800000,0.007190000000264263,0.004517800000030547,354.12646484375
exact,10000,32,2,176,0.0001805410283850506,0.96849375,1.0,320000,100000000,100320000,10000.0,14028800000,0.007155600000260165,0.00450980000096024,354.12646484375
exact,10000,32,2,177,0.000180248825927265,0.968565625,1.0,320000,100000000,100320000,10000.0,14028800000,0.0075148999985685805,0.004600900001605623,354.12646484375
exact,10000,32,2,178,0.00017999409465119243,0.968490625,1.0,320000,100000000,100320000,10000.0,14028800000,0.007140899999285466,0.004509699998379801,354.12646484375
exact,10000,32,2,179,0.00017976274830289185,0.96848125,1.0,320000,100000000,100320000,10000.0,14028800000,0.007170400000177324,0.004504700000325101,354.12646484375
exact,10000,32,2,180,0.00017954713257495314,0.968475,1.0,320000,100000000,100320000,10000.0,14028800000,0.008923399998820969,0.006098100000599516,354.12646484375
exact,10000,32,2,181,0.0001793420233298093,0.968475,1.0,320000,100000000,100320000,10000.0,14028800000,0.00728500000150234,0.004506899998887093,354.12646484375
exact,10000,32,2,182,0.00017918087542057037,0.9684875,1.0,320000,100000000,100320000,10000.0,14028800000,0.007159499999033869,0.004505400000198279,354.12646484375
exact,10000,32,2,183,0.0001790251408237964,0.9685125,1.0,320000,100000000,100320000,10000.0,14028800000,0.007163600001149462,0.0045018000000709435,354.12646484375
exact,10000,32,2,184,0.0001788927911547944,0.96849375,1.0,320000,100000000,100320000,10000.0,14028800000,0.007221199999548844,0.0045131999995646765,354.12646484375
exact,10000,32,2,185,0.0001787697256077081,0.96850625,1.0,320000,100000000,100320000,10000.0,14028800000,0.007141899999624002,0.004497199999605073,354.12646484375
exact,10000,32,2,186,0.00017868509166873991,0.968475,1.0,320000,100000000,100320000,10000.0,14028800000,0.007243100000778213,0.0045547999998234445,354.12646484375
exact,10000,32,2,187,0.0001785904314601794,0.96850625,1.0,320000,100000000,100320000,10000.0,14028800000,0.007229099999676691,0.004528399998889654,354.12646484375
exact,10000,32,2,188,0.00017849859432317317,0.968540625,1.0,320000,100000000,100320000,10000.0,14028800000,0.007486200000130339,0.0046327000000019325,354.12646484375
exact,10000,32,2,189,0.00017843180103227496,0.968571875,1.0,320000,100000000,100320000,10000.0,14028800000,0.007142700000258628,0.004498500000408967,354.12646484375
exact,10000,32,2,190,0.00017837161431089044,0.968609375,1.0,320000,100000000,100320000,10000.0,14028800000,0.010694799999328097,0.004506900000706082,354.12646484375
exact,10000,32,2,191,0.00017831708828452975,0.9686125,1.0,320000,100000000,100320000,10000.0,14028800000,0.007373500000539934,0.004652299998269882,354.12646484375
exact,10000,32,2,192,0.0001782630424713716,0.968615625,1.0,320000,100000000,100320000,10000.0,14028800000,0.007361099998888676,0.004542799999398994,354.12646484375
exact,10000,32,2,193,0.00017822752124629915,0.968640625,1.0,320000,100000000,100320000,10000.0,14028800000,0.007388899999568821,0.004603200000929064,354.12646484375
exact,10000,32,2,194,0.00017819085041992366,0.96865,1.0,320000,100000000,100320000,10000.0,14028800000,0.007207200000266312,0.004497600000831881,354.12646484375
exact,10000,32,2,195,0.00017816171748563647,0.968653125,1.0,320000,100000000,100320000,10000.0,14028800000,0.007161199999245582,0.004511399998591514,354.12646484375
exact,10000,32,2,196,0.00017813181329984218,0.968675,1.0,320000,100000000,100320000,10000.0,14028800000,0.007166800000049989,0.0044993000010435935,354.12646484375
exact,10000,32,2,197,0.0001781073078745976,0.968696875,1.0,320000,100000000,100320000,10000.0,14028800000,0.007151499999963562,0.004490299999815761,354.12646484375
exact,10000,32,2,198,0.00017808834672905505,0.96871875,1.0,320000,100000000,100320000,10000.0,14028800000,0.007154000000809901,0.004510400000071968,354.12646484375
exact,10000,32,2,199,0.00017806683899834752,0.968725,1.0,320000,100000000,100320000,10000.0,14028800000,0.007160700000895304,0.004496000001381617,354.12646484375
exact,10000,32,2,200,0.0001780514430720359,0.968678125,1.0,320000,100000000,100320000,10000.0,14028800000,0.007412199998725555,0.004613200000676443,354.12646484375
exact,10000,32,2,201,0.00017803376249503344,0.9686625,1.0,320000,100000000,100320000,10000.0,14028800000,0.007163399999626563,0.0045124000007490395,354.12646484375
exact,10000,32,2,202,0.00017802207730710506,0.968675,1.0,320000,100000000,100320000,10000.0,14028800000,0.007897899999079527,0.004492699999900651,354.12646484375
exact,10000,32,2,203,0.0001780138845788315,0.96865,1.0,320000,100000000,100320000,10000.0,14028800000,0.007161800000176299,0.004510900000241236,354.12646484375
exact,10000,32,2,204,0.00017800662317313254,0.968628125,1.0,320000,100000000,100320000,10000.0,14028800000,0.0071474000014859485,0.004497600000831881,354.12646484375
exact,10000,32,2,205,0.00017799563647713512,0.968625,1.0,320000,100000000,100320000,10000.0,14028800000,0.00793089999933727,0.0048790000000735745,354.12646484375
exact,10000,32,2,206,0.00017798725457396358,0.96861875,1.0,320000,100000000,100320000,10000.0,14028800000,0.007124899999325862,0.00449300000036601,354.12646484375
exact,10000,32,2,207,0.00017798549379222095,0.96859375,1.0,320000,100000000,100320000,10000.0,14028800000,0.007173299998612492,0.00450269999964803,354.12646484375
exact,10000,32,2,208,0.00017798342742025852,0.968603125,1.0,320000,100000000,100320000,10000.0,14028800000,0.007472299999790266,0.004488999999011867,354.12646484375
exact,10000,32,2,209,0.00017798099725041538,0.968625,1.0,320000,100000000,100320000,10000.0,14028800000,0.008163899999999558,0.00453169999855163,354.12646484375
exact,10000,32,2,210,0.00017797073815017939,0.968609375,1.0,320000,100000000,100320000,10000.0,14028800000,0.007157699999879696,0.004490100000111852,354.12646484375
exact,10000,32,2,211,0.00017796365136746317,0.968628125,1.0,320000,100000000,100320000,10000.0,14028800000,0.007189100000687176,0.004509000000325614,354.12646484375
exact,10000,32,2,212,0.00017796327301766723,0.968615625,1.0,320000,100000000,100320000,10000.0,14028800000,0.007208000000900938,0.004533499999524793,354.12646484375
exact,10000,32,2,213,0.00017796743486542255,0.96863125,1.0,320000,100000000,100320000,10000.0,14028800000,0.00717619999886665,0.004509600001256331,354.12646484375
exact,10000,32,2,214,0.00017795979510992765,0.96863125,1.0,320000,100000000,100320000,10000.0,14028800000,0.0071629000012762845,0.004501999999774853,354.12646484375
exact,10000,32,2,215,0.00017794952145777643,0.968646875,1.0,320000,100000000,100320000,10000.0,14028800000,0.007170899998527602,0.004494199998589465,354.12646484375
exact,10000,32,2,216,0.00017794421000871807,0.96864375,1.0,320000,100000000,100320000,10000.0,14028800000,0.008056299999225303,0.004507600000579259,354.12646484375
exact,10000,32,2,217,0.00017795059829950333,0.96864375,1.0,320000,100000000,100320000,10000.0,14028800000,0.0071637000000919215,0.004498299998886068,354.12646484375
exact,10000,32,2,218,0.00017794992891140282,0.9686375,1.0,320000,100000000,100320000,10000.0,14028800000,0.007166999999753898,0.004492299998673843,354.12646484375
exact,10000,32,2,219,0.0001779499725671485,0.96865,1.0,320000,100000000,100320000,10000.0,14028800000,0.007968699999764794,0.004515999999057385,354.12646484375
exact,10000,32,2,220,0.00017794744053389877,0.968646875,1.0,320000,100000000,100320000,10000.0,14028800000,0.007184400001278846,0.00450749999981781,354.12646484375
exact,10000,32,2,221,0.00017794097948353738,0.968659375,1.0,320000,100000000,100320000,10000.0,14028800000,0.008230499999626772,0.005445900000268011,354.12646484375
exact,10000,32,2,222,0.00017793844745028764,0.968640625,1.0,320000,100000000,100320000,10000.0,14028800000,0.008299400000396417,0.004497600000831881,354.12646484375
exact,10000,32,2,223,0.0001779451413312927,0.96861875,1.0,320000,100000000,100320000,10000.0,14028800000,0.0071833999991213204,0.004500499999267049,354.12646484375
exact,10000,32,2,224,0.00017794928862713277,0.96863125,1.0,320000,100000000,100320000,10000.0,14028800000,0.00718830000005255,0.004516900000453461,354.12646484375
exact,10000,32,2,225,0.00017795136955101043,0.968628125,1.0,320000,100000000,100320000,10000.0,14028800000,0.007137000000511762,0.00450500000079046,354.12646484375
exact,10000,32,2,226,0.00017794866289477795,0.968628125,1.0,320000,100000000,100320000,10000.0,14028800000,0.007120799999029259,0.004481899999518646,354.12646484375
exact,10000,32,2,227,0.00017795013263821602,0.96864375,1.0,320000,100000000,100320000,10000.0,14028800000,0.007194199999503326,0.004492300000492833,354.12646484375
exact,10000,32,2,228,0.0001779529411578551,0.968646875,1.0,320000,100000000,100320000,10000.0,14028800000,0.007157799998822156,0.004510599999775877,354.12646484375
exact,10000,32,2,229,0.00017794880841393024,0.968640625,1.0,320000,100000000,100320000,10000.0,14028800000,0.0072612000003573485,0.004528100000243285,354.12646484375
exact,10000,32,2,230,0.00017794604355003685,0.968640625,1.0,320000,100000000,100320000,10000.0,14028800000,0.0071380000008502975,0.004481699999814737,354.12646484375
exact,10000,32,2,231,0.00017794610175769776,0.96864375,1.0,320000,100000000,100320000,10000.0,14028800000,0.007175000000643195,0.0045054999991407385,354.12646484375
exact,10000,32,2,232,0.0001779417652869597,0.968640625,1.0,320000,100000000,100320000,10000.0,14028800000,0.007152199999836739,0.0045042000001558335,354.12646484375
exact,10000,32,2,233,0.00017793716688174754,0.968621875,1.0,320000,100000000,100320000,10000.0,14028800000,0.007245199998578755,0.0045596999989356846,354.12646484375
exact,10000,32,2,234,0.00017794108134694397,0.96860625,1.0,320000,100000000,100320000,10000.0,14028800000,0.00724149999950896,0.004513300000326126,354.12646484375
exact,10000,32,2,235,0.00017793859296943992,0.9686125,1.0,320000,100000000,100320000,10000.0,14028800000,0.00728490000074089,0.0045731000009254785,354.12646484375
exact,10000,32,2,236,0.00017794003360904753,0.968615625,1.0,320000,100000000,100320000,10000.0,14028800000,0.007163000000218744,0.004501299999901676,354.12646484375
exact,10000,32,2,237,0.0001779382728273049,0.96860625,1.0,320000,100000000,100320000,10000.0,14028800000,0.00713730000097712,0.004501600000367034,354.12646484375
exact,10000,32,2,238,0.00017793958249967545,0.96860625,1.0,320000,100000000,100320000,10000.0,14028800000,0.0071291000003839144,0.00449780000053579,354.12646484375
exact,10000,32,2,239,0.000177936686668545,0.968615625,1.0,320000,100000000,100320000,10000.0,14028800000,0.007187999999587191,0.004507699999521719,354.12646484375
exact,10000,32,2,240,0.0001779356534825638,0.9686125,1.0,320000,100000000,100320000,10000.0,14028800000,0.007215300000098068,0.004538799999863841,354.12646484375
exact,10000,32,2,241,0.00017794147424865514,0.968603125,1.0,320000,100000000,100320000,10000.0,14028800000,0.00717609999992419,0.004521499999100342,354.12646484375
exact,10000,32,2,242,0.0001779439189704135,0.96860625,1.0,320000,100000000,100320000,10000.0,14028800000,0.007230400000480586,0.00452190000032715,354.12646484375
exact,10000,32,2,243,0.00017793802544474602,0.968603125,1.0,320000,100000000,100320000,10000.0,14028800000,0.007186000000729109,0.004503100000874838,354.12646484375
exact,10000,32,2,244,0.0001779397134669125,0.968590625,1.0,320000,100000000,100320000,10000.0,14028800000,0.007186599999840837,0.004498799999055336,354.12646484375
exact,10000,32,2,245,0.00017794749874155968,0.968590625,1.0,320000,100000000,100320000,10000.0,14028800000,0.007163500000388012,0.004506900000706082,354.12646484375
exact,10000,32,2,246,0.0001779449958121404,0.968590625,1.0,320000,100000000,100320000,10000.0,14028800000,0.007174600001235376,0.004498099999182159,354.12646484375
exact,10000,32,2,247,0.0001779466401785612,0.9685875,1.0,320000,100000000,100320000,10000.0,14028800000,0.0071951000008994015,0.004502399999182671,354.12646484375
exact,10000,32,2,248,0.00017794188170228153,0.968609375,1.0,320000,100000000,100320000,10000.0,14028800000,0.0075552999987849034,0.004644000000553206,354.12646484375
exact,10000,32,2,249,0.0001779417070792988,0.96861875,1.0,320000,100000000,100320000,10000.0,14028800000,0.007175400000051013,0.0045030000001133885,354.12646484375
exact,10000,32,2,250,0.00017794236191548407,0.968625,1.0,320000,100000000,100320000,10000.0,14028800000,0.007175000000643195,0.004493200000069919,354.12646484375
exact,10000,32,2,251,0.00017794388986658305,0.96863125,1.0,320000,100000000,100320000,10000.0,14028800000,0.007156399999075802,0.004500400000324589,354.12646484375
exact,10000,32,2,252,0.0001779410376911983,0.968621875,1.0,320000,100000000,100320000,10000.0,14028800000,0.007291300000360934,0.004508500000156346,354.12646484375
exact,10000,32,2,253,0.00017794127052184194,0.96861875,1.0,320000,100000000,100320000,10000.0,14028800000,0.009178599999358994,0.005966999999145628,354.12646484375
exact,10000,32,2,254,0.00017794269660953432,0.968609375,1.0,320000,100000000,100320000,10000.0,14028800000,0.007280499999978929,0.004544100000202889,354.12646484375
exact,10000,32,2,255,0.00017793987353798002,0.96861875,1.0,320000,100000000,100320000,10000.0,14028800000,0.007152700000006007,0.004501499999605585,354.12646484375
exact,10000,32,2,256,0.00017794112500268966,0.968603125,1.0,320000,100000000,100320000,10000.0,14028800000,0.007157000000006519,0.00450250000176311,354.12646484375
exact,10000,32,2,257,0.00017794153245631605,0.968603125,1.0,320000,100000000,100320000,10000.0,14028800000,0.01133050000134972,0.004499099999520695,354.12646484375
exact,10000,32,2,258,0.00017793828737922013,0.968615625,1.0,320000,100000000,100320000,10000.0,14028800000,0.007152899999709916,0.004502800000409479,354.12646484375
exact,10000,32,2,259,0.00017794131417758763,0.9686,1.0,320000,100000000,100320000,10000.0,14028800000,0.007177600000431994,0.004508500000156346,354.12646484375
exact,10000,32,2,260,0.00017794167797546834,0.96859375,1.0,320000,100000000,100320000,10000.0,14028800000,0.007254300000568037,0.0045352999986789655,354.12646484375
exact,10000,32,2,261,0.0001779381709638983,0.9686,1.0,320000,100000000,100320000,10000.0,14028800000,0.0077562000005855225,0.005034600000726641,354.12646484375
exact,10000,32,2,262,0.00017794175073504448,0.96859375,1.0,320000,100000000,100320000,10000.0,14028800000,0.0075051000003441,0.0045059000003675465,354.12646484375
exact,10000,32,2,263,0.00017794161976780742,0.96859375,1.0,320000,100000000,100320000,10000.0,14028800000,0.00713749999886204,0.00450020000062068,354.12646484375
exact,10000,32,2,264,0.00017794182349462062,0.968609375,1.0,320000,100000000,100320000,10000.0,14028800000,0.0071857999992062105,0.004500099999859231,354.12646484375
exact,10000,32,2,265,0.00017794096493162215,0.968609375,1.0,320000,100000000,100320000,10000.0,14028800000,0.007525100001657847,0.0046314999999594875,354.12646484375
exact,10000,32,2,266,0.00017794317682273686,0.96860625,1.0,320000,100000000,100320000,10000.0,14028800000,0.007143200000427896,0.004512699999395409,354.12646484375
exact,10000,32,2,267,0.00017794111045077443,0.968603125,1.0,320000,100000000,100320000,10000.0,14028800000,0.007244200000059209,0.004517400000622729,354.12646484375
exact,10000,32,2,268,0.00017794115410652012,0.968603125,1.0,320000,100000000,100320000,10000.0,14028800000,0.007204199999250704,0.004506900000706082,354.12646484375
exact,10000,32,2,269,0.00017793859296943992,0.9686125,1.0,320000,100000000,100320000,10000.0,14028800000,0.007188499999756459,0.00449069999922358,354.12646484375
exact,10000,32,2,270,0.00017794031009543687,0.96860625,1.0,320000,100000000,100320000,10000.0,14028800000,0.0071613000000070315,0.0045083000004524365,354.12646484375
exact,10000,32,2,271,0.00017793977167457342,0.968603125,1.0,320000,100000000,100320000,10000.0,14028800000,0.00719550000030722,0.004500099999859231,354.12646484375
exact,10000,32,2,272,0.00017794220184441656,0.968609375,1.0,320000,100000000,100320000,10000.0,14028800000,0.007141000000046915,0.004494700000577723,354.12646484375
exact,10000,32,2,273,0.00017794212908484042,0.968609375,1.0,320000,100000000,100320000,10000.0,14028800000,0.007168699999965611,0.004496100000324077,354.12646484375
exact,10000,32,2,274,0.0001779383746907115,0.9686125,1.0,320000,100000000,100320000,10000.0,14028800000,0.0071523000005981885,0.00450020000062068,354.12646484375
exact,10000,32,2,275,0.0001779385784175247,0.9686125,1.0,320000,100000000,100320000,10000.0,14028800000,0.007266200000231038,0.004542000000583357,354.12646484375
exact,10000,32,2,276,0.0001779425801942125,0.968609375,1.0,320000,100000000,100320000,10000.0,14028800000,0.00893750000068394,0.0045552000010502525,354.12646484375
exact,10000,32,2,277,0.00017794214363675565,0.968603125,1.0,320000,100000000,100320000,10000.0,14028800000,0.00717869999971299,0.004498400001466507,354.12646484375
exact,10000,32,2,278,0.0001779404847184196,0.96860625,1.0,320000,100000000,100320000,10000.0,14028800000,0.007149799999751849,0.004512899999099318,354.12646484375
exact,10000,32,2,279,0.00017793977167457342,0.968609375,1.0,320000,100000000,100320000,10000.0,14028800000,0.010666099999070866,0.007033199999568751,354.12646484375
exact,10000,32,2,280,0.00017793998995330185,0.9686125,1.0,320000,100000000,100320000,10000.0,14028800000,0.007254199999806588,0.004567699999824981,354.12646484375
exact,10000,32,2,281,0.00017794127052184194,0.9686125,1.0,320000,100000000,100320000,10000.0,14028800000,0.007195399999545771,0.004512600000452949,354.12646484375
exact,10000,32,2,282,0.0001779398589860648,0.968603125,1.0,320000,100000000,100320000,10000.0,14028800000,0.00720750000073167,0.004514299998845672,354.12646484375
exact,10000,32,2,283,0.00017794175073504448,0.96860625,1.0,320000,100000000,100320000,10000.0,14028800000,0.007209199999124394,0.004524699999819859,354.12646484375
exact,10000,32,2,284,0.0001779401209205389,0.968609375,1.0,320000,100000000,100320000,10000.0,14028800000,0.0071738999995432096,0.004502300000240211,354.12646484375
exact,10000,32,2,285,0.00017793962615542114,0.968609375,1.0,320000,100000000,100320000,10000.0,14028800000,0.007163199999922654,0.004512900000918307,354.12646484375
exact,10000,32,2,286,0.00017794015002436936,0.96860625,1.0,320000,100000000,100320000,10000.0,14028800000,0.007217000000309781,0.004510599999775877,354.12646484375
exact,10000,32,2,287,0.0001779408339643851,0.96860625,1.0,320000,100000000,100320000,10000.0,14028800000,0.00717869999971299,0.0044993999999860534,354.12646484375
exact,10000,32,2,288,0.00017794143059290946,0.968596875,1.0,320000,100000000,100320000,10000.0,14028800000,0.008881100000508013,0.00528169999961392,354.12646484375
exact,10000,32,2,289,0.00017793905863072723,0.96860625,1.0,320000,100000000,100320000,10000.0,14028800000,0.007170599999881233,0.0044993999999860534,354.12646484375
exact,10000,32,2,290,0.0001779384328983724,0.968603125,1.0,320000,100000000,100320000,10000.0,14028800000,0.007164399999965099,0.0045124000007490395,354.12646484375
exact,10000,32,2,291,0.00017794231825973839,0.9686,1.0,320000,100000000,100320000,10000.0,14028800000,0.007176699999035918,0.00452210000003106,354.12646484375
exact,10000,32,2,292,0.0001779414596967399,0.968596875,1.0,320000,100000000,100320000,10000.0,14028800000,0.007186700000602286,0.004501999999774853,354.12646484375
exact,10000,32,2,293,0.0001779409358277917,0.9686,1.0,320000,100000000,100320000,10000.0,14028800000,0.0071625000000494765,0.004513699999733944,354.12646484375
exact,10000,32,2,294,0.00017794077575672418,0.96860625,1.0,320000,100000000,100320000,10000.0,14028800000,0.007140800000343006,0.0044989999987592455,354.12646484375
exact,10000,32,2,295,0.0001779416052158922,0.96860625,1.0,320000,100000000,100320000,10000.0,14028800000,0.0071649000001343666,0.0045148000008339295,354.12646484375
exact,10000,32,2,296,0.00017794291488826275,0.968596875,1.0,320000,100000000,100320000,10000.0,14028800000,0.007126100001187297,0.00450500000079046,354.12646484375
exact,10000,32,2,297,0.00017794151790440083,0.9686,1.0,320000,100000000,100320000,10000.0,14028800000,0.007237100000565988,0.004598200001055375,354.12646484375
exact,10000,32,2,298,0.0001779401645762846,0.96860625,1.0,320000,100000000,100320000,10000.0,14028800000,0.010259800001222175,0.007015500001216424,354.12646484375
exact,10000,32,2,299,0.00017793723964132369,0.968615625,1.0,320000,100000000,100320000,10000.0,14028800000,0.007143500000893255,0.004489799999646493,354.12646484375
exact,10000,32,2,300,0.00017794143059290946,0.968609375,1.0,320000,100000000,100320000,10000.0,14028800000,0.007238999998662621,0.004554500001177075,354.12646484375
exact,10000,32,2,301,0.00017794161976780742,0.968603125,1.0,320000,100000000,100320000,10000.0,14028800000,0.00719799999933457,0.004501500001424574,354.12646484375
exact,10000,32,2,302,0.0001779416052158922,0.968596875,1.0,320000,100000000,100320000,10000.0,14028800000,0.007847999999285094,0.004798300000402378,354.12646484375
exact,10000,32,2,303,0.0001779396552592516,0.96860625,1.0,320000,100000000,100320000,10000.0,14028800000,0.0071445000012317905,0.004518600000665174,354.12646484375
exact,10000,32,2,304,0.00017793977167457342,0.9686125,1.0,320000,100000000,100320000,10000.0,14028800000,0.007148700000470853,0.004500099999859231,354.12646484375
exact,10000,32,2,305,0.00017794141604099423,0.96860625,1.0,320000,100000000,100320000,10000.0,14028800000,0.007207900000139489,0.004504699998506112,354.12646484375
exact,10000,32,2,306,0.00017794208542909473,0.968603125,1.0,320000,100000000,100320000,10000.0,14028800000,0.007622200000696466,0.004537800001344294,354.12646484375
exact,10000,32,2,307,0.00017793978622648865,0.96860625,1.0,320000,100000000,100320000,10000.0,14028800000,0.007202099999631173,0.004503600001044106,354.12646484375
exact,10000,32,2,308,0.000177939553395845,0.968615625,1.0,320000,100000000,100320000,10000.0,14028800000,0.009676499999841326,0.005188899998756824,354.12646484375
exact,10000,32,2,309,0.00017793846200220287,0.96861875,1.0,320000,100000000,100320000,10000.0,14028800000,0.00722210000094492,0.0045107999994797865,354.12646484375
exact,10000,32,2,310,0.00017794138693716377,0.9686,1.0,320000,100000000,100320000,10000.0,14028800000,0.007179899999755435,0.004489499999181135,354.12646484375
exact,10000,32,2,311,0.0001779422746039927,0.9686,1.0,320000,100000000,100320000,10000.0,14028800000,0.007252800000060233,0.004516700000749552,354.12646484375
exact,10000,32,2,312,0.00017793993174564093,0.968603125,1.0,320000,100000000,100320000,10000.0,14028800000,0.007152399999540648,0.004501600000367034,354.12646484375
exact,10000,32,2,313,0.00017793998995330185,0.96860625,1.0,320000,100000000,100320000,10000.0,14028800000,0.007532000001447159,0.00451700000121491,354.12646484375
exact,10000,32,2,314,0.00017794003360904753,0.968609375,1.0,320000,100000000,100320000,10000.0,14028800000,0.009184600001390208,0.005290700000841753,354.12646484375
exact,10000,32,2,315,0.00017794224550016224,0.9686,1.0,320000,100000000,100320000,10000.0,14028800000,0.007656199999473756,0.004551300000457559,354.12646484375
exact,10000,32,2,316,0.00017794164887163788,0.968603125,1.0,320000,100000000,100320000,10000.0,14028800000,0.007189099998868187,0.004496300000027986,354.12646484375
exact,10000,32,2,317,0.0001779398153303191,0.968603125,1.0,320000,100000000,100320000,10000.0,14028800000,0.008308099999339902,0.0045136000007914845,354.12646484375
exact,10000,32,2,318,0.00017794161976780742,0.96860625,1.0,320000,100000000,100320000,10000.0,14028800000,0.007197100001576473,0.004520099999353988,354.12646484375
exact,10000,32,2,319,0.0001779401645762846,0.96860625,1.0,320000,100000000,100320000,10000.0,14028800000,0.007211000000097556,0.004523700001300313,354.12646484375
exact,10000,32,2,320,0.00017794148880057037,0.9686,1.0,320000,100000000,100320000,10000.0,14028800000,0.007189300000391086,0.0045250000002852175,354.12646484375
exact,10000,32,2,321,0.00017793987353798002,0.9686125,1.0,320000,100000000,100320000,10000.0,14028800000,0.009583299999576411,0.004503300000578747,354.12646484375
exact,10000,32,2,322,0.00017794064478948712,0.96860625,1.0,320000,100000000,100320000,10000.0,14028800000,0.007965000000695,0.004503399999521207,354.12646484375
exact,10000,32,2,323,0.00017794198356568813,0.968603125,1.0,320000,100000000,100320000,10000.0,14028800000,0.008636700000351993,0.004493999998885556,354.12646484375
exact,10000,32,2,324,0.00017793783626984805,0.9686125,1.0,320000,100000000,100320000,10000.0,14028800000,0.008038899999519344,0.004515900000114925,354.12646484375
exact,10000,32,2,325,0.00017794087762013078,0.968609375,1.0,320000,100000000,100320000,10000.0,14028800000,0.007176499999332009,0.004505299999436829,354.12646484375
exact,10000,32,2,326,0.00017794230370782316,0.968603125,1.0,320000,100000000,100320000,10000.0,14028800000,0.01057079999918642,0.006688499999654596,354.12646484375
exact,10000,32,2,327,0.00017793933511711657,0.968609375,1.0,320000,100000000,100320000,10000.0,14028800000,0.007163400001445552,0.00450980000096024,354.12646484375
exact,10000,32,2,328,0.00017794231825973839,0.9686,1.0,320000,100000000,100320000,10000.0,14028800000,0.007665900000574766,0.004520599999523256,354.12646484375
exact,10000,32,2,329,0.00017794029554352164,0.96860625,1.0,320000,100000000,100320000,10000.0,14028800000,0.007190000000264263,0.00455109999893466,354.12646484375
exact,10000,32,2,330,0.00017794100858736783,0.9686,1.0,320000,100000000,100320000,10000.0,14028800000,0.007773900000756839,0.004517999999734457,354.12646484375
exact,10000,32,2,331,0.00017794009181670845,0.9686125,1.0,320000,100000000,100320000,10000.0,14028800000,0.007223500000691274,0.004504000000451924,354.12646484375
exact,10000,32,2,332,0.00017794239101931453,0.968603125,1.0,320000,100000000,100320000,10000.0,14028800000,0.011539999999513384,0.00695350000023609,354.12646484375
exact,10000,32,2,333,0.0001779415615601465,0.968596875,1.0,320000,100000000,100320000,10000.0,14028800000,0.007227899999634246,0.004512600000452949,354.12646484375
exact,10000,32,2,334,0.00017793885490391403,0.96860625,1.0,320000,100000000,100320000,10000.0,14028800000,0.008169099999577156,0.005518399999346002,354.12646484375
exact,10000,32,2,335,0.0001779399608494714,0.96860625,1.0,320000,100000000,100320000,10000.0,14028800000,0.007234099999550381,0.004513400001087575,354.12646484375
exact,10000,32,2,336,0.00017794239101931453,0.96860625,1.0,320000,100000000,100320000,10000.0,14028800000,0.007229900000311318,0.004542399999991176,354.12646484375
exact,10000,32,2,337,0.00017794163431972265,0.9686,1.0,320000,100000000,100320000,10000.0,14028800000,0.007461100000000442,0.004537400000117486,354.12646484375
exact,10000,32,2,338,0.0001779414596967399,0.968603125,1.0,320000,100000000,100320000,10000.0,14028800000,0.007155199999033357,0.004509300000790972,354.12646484375
exact,10000,32,2,339,0.00017793792358133942,0.968615625,1.0,320000,100000000,100320000,10000.0,14028800000,0.007412099999783095,0.004727999999886379,354.12646484375
exact,10000,32,2,340,0.00017794161976780742,0.9686,1.0,320000,100000000,100320000,10000.0,14028800000,0.0071858000010252,0.004527999999481835,354.12646484375
exact,10000,32,2,341,0.0001779416052158922,0.9686,1.0,320000,100000000,100320000,10000.0,14028800000,0.007413500001348439,0.004707500000222353,354.12646484375
exact,10000,32,2,342,0.00017793978622648865,0.9686125,1.0,320000,100000000,100320000,10000.0,14028800000,0.007778499999403721,0.004612000000633998,354.12646484375
exact,10000,32,2,343,0.00017794164887163788,0.96860625,1.0,320000,100000000,100320000,10000.0,14028800000,0.007699599998886697,0.004510000000664149,354.12646484375
exact,10000,32,2,344,0.00017793956794776022,0.968609375,1.0,320000,100000000,100320000,10000.0,14028800000,0.00716160000047239,0.004530199999862816,354.12646484375
exact,10000,32,2,345,0.0001779416052158922,0.968596875,1.0,320000,100000000,100320000,10000.0,14028800000,0.007187799999883282,0.004494199998589465,354.12646484375
exact,10000,32,2,346,0.00017794009181670845,0.96860625,1.0,320000,100000000,100320000,10000.0,14028800000,0.00716160000047239,0.004490200000873301,354.12646484375
exact,10000,32,2,347,0.0001779417070792988,0.968609375,1.0,320000,100000000,100320000,10000.0,14028800000,0.009023200000228826,0.004499600001508952,354.12646484375
exact,10000,32,2,348,0.00017794153245631605,0.968603125,1.0,320000,100000000,100320000,10000.0,14028800000,0.007206099999166327,0.004530400001385715,354.12646484375
exact,10000,32,2,349,0.00017793943698052317,0.968603125,1.0,320000,100000000,100320000,10000.0,14028800000,0.007192400000349153,0.0044952999996894505,354.12646484375
exact,10000,32,2,350,0.0001779401209205389,0.968603125,1.0,320000,100000000,100320000,10000.0,14028800000,0.007220100000267848,0.004537299999356037,354.12646484375
exact,10000,32,2,351,0.00017794157611206174,0.96860625,1.0,320000,100000000,100320000,10000.0,14028800000,0.007206300000689225,0.004513899999437854,354.12646484375
exact,10000,32,2,352,0.00017794163431972265,0.96860625,1.0,320000,100000000,100320000,10000.0,14028800000,0.01145639999958803,0.0047309999990829965,354.12646484375
exact,10000,32,2,353,0.00017794148880057037,0.9686,1.0,320000,100000000,100320000,10000.0,14028800000,0.007137900000088848,0.004493399999773828,354.12646484375
exact,10000,32,2,354,0.00017793795268516988,0.968609375,1.0,320000,100000000,100320000,10000.0,14028800000,0.0076224999993428355,0.0046053000005485956,354.12646484375
exact,10000,32,2,355,0.00017794179439079016,0.96860625,1.0,320000,100000000,100320000,10000.0,14028800000,0.007502099999328493,0.004815099999177619,354.12646484375
exact,10000,32,2,356,0.0001779415615601465,0.96860625,1.0,320000,100000000,100320000,10000.0,14028800000,0.007152799998948467,0.0044993999999860534,354.12646484375
exact,10000,32,2,357,0.00017794003360904753,0.968603125,1.0,320000,100000000,100320000,10000.0,14028800000,0.007186799999544746,0.004499200000282144,354.12646484375
exact,10000,32,2,358,0.00017794159066397697,0.96860625,1.0,320000,100000000,100320000,10000.0,14028800000,0.007168199999796343,0.0045042000001558335,354.12646484375
exact,10000,32,2,359,0.00017793962615542114,0.9686125,1.0,320000,100000000,100320000,10000.0,14028800000,0.007227200001580059,0.004540700001598452,354.12646484375
exact,10000,32,2,360,0.00017794163431972265,0.9686,1.0,320000,100000000,100320000,10000.0,14028800000,0.007157799998822156,0.004493999998885556,354.12646484375
exact,10000,32,2,361,0.00017794003360904753,0.968603125,1.0,320000,100000000,100320000,10000.0,14028800000,0.007202200000392622,0.004542399999991176,354.12646484375
exact,10000,32,2,362,0.00017794169252738357,0.968603125,1.0,320000,100000000,100320000,10000.0,14028800000,0.007193800000095507,0.004499099999520695,354.12646484375
exact,10000,32,2,363,0.00017794169252738357,0.96860625,1.0,320000,100000000,100320000,10000.0,14028800000,0.007182199999078875,0.004500099999859231,354.12646484375
exact,10000,32,2,364,0.00017793953884392977,0.968609375,1.0,320000,100000000,100320000,10000.0,14028800000,0.007146300000385963,0.004498899999816786,354.12646484375
exact,10000,32,2,365,0.0001779400190571323,0.9686,1.0,320000,100000000,100320000,10000.0,14028800000,0.007194100000560866,0.00452180000138469,354.12646484375
exact,10000,32,2,366,0.00017794163431972265,0.968603125,1.0,320000,100000000,100320000,10000.0,14028800000,0.008048300000154995,0.005351399999199202,354.12646484375
exact,10000,32,2,367,0.00017794169252738357,0.96860625,1.0,320000,100000000,100320000,10000.0,14028800000,0.007150100000217208,0.004503299998759758,354.12646484375
exact,10000,32,2,368,0.00017794004816096276,0.968609375,1.0,320000,100000000,100320000,10000.0,14028800000,0.0072261999994225334,0.0045220000010886,354.12646484375
exact,10000,32,2,369,0.00017793969891499728,0.96860625,1.0,320000,100000000,100320000,10000.0,14028800000,0.007184899999629124,0.004496399998970446,354.12646484375
exact,10000,32,2,370,0.0001779416052158922,0.968596875,1.0,320000,100000000,100320000,10000.0,14028800000,0.00721249999878637,0.004551800000626827,354.12646484375
exact,10000,32,2,371,0.00017794163431972265,0.96860625,1.0,320000,100000000,100320000,10000.0,14028800000,0.009601399999155547,0.006756200000381796,354.12646484375
exact,10000,32,2,372,0.00017793998995330185,0.968609375,1.0,320000,100000000,100320000,10000.0,14028800000,0.007172999999966123,0.004507700001340709,354.12646484375
exact,10000,32,2,373,0.00017794172163121402,0.9686,1.0,320000,100000000,100320000,10000.0,14028800000,0.007146399999328423,0.004504099999394384,354.12646484375
exact,10000,32,2,374,0.00017793962615542114,0.96860625,1.0,320000,100000000,100320000,10000.0,14028800000,0.0071971999986999435,0.004495700000916258,354.12646484375
exact,10000,32,2,375,0.00017794157611206174,0.968603125,1.0,320000,100000000,100320000,10000.0,14028800000,0.00970450000022538,0.005884399999558809,354.12646484375
exact,10000,32,2,376,0.00017794000450521708,0.968609375,1.0,320000,100000000,100320000,10000.0,14028800000,0.007178800000474439,0.004486400001042057,354.12646484375
exact,10000,32,2,377,0.00017794163431972265,0.9686,1.0,320000,100000000,100320000,10000.0,14028800000,0.00715430000127526,0.004504999998971471,354.12646484375
exact,10000,32,2,378,0.00017794167797546834,0.9686,1.0,320000,100000000,100320000,10000.0,14028800000,0.007188800000221818,0.004575400000248919,354.12646484375
exact,10000,32,2,379,0.0001779380108928308,0.968615625,1.0,320000,100000000,100320000,10000.0,14028800000,0.00717860000077053,0.004497600000831881,354.12646484375
exact,10000,32,2,380,0.00017794157611206174,0.968603125,1.0,320000,100000000,100320000,10000.0,14028800000,0.007147999998778687,0.004509300000790972,354.12646484375
exact,10000,32,2,381,0.00017794164887163788,0.9686,1.0,320000,100000000,100320000,10000.0,14028800000,0.007169200000134879,0.004497300000366522,354.12646484375
exact,10000,32,2,382,0.00017793998995330185,0.9686,1.0,320000,100000000,100320000,10000.0,14028800000,0.009285000000090804,0.004772700000103214,354.12646484375
exact,10000,32,2,383,0.00017794163431972265,0.96860625,1.0,320000,100000000,100320000,10000.0,14028800000,0.007604600001286599,0.004723599999124417,354.12646484375
exact,10000,32,2,384,0.0001779396552592516,0.9686125,1.0,320000,100000000,100320000,10000.0,14028800000,0.007167300000219257,0.0045003999985056,354.12646484375
exact,10000,32,2,385,0.0001779416052158922,0.9686,1.0,320000,100000000,100320000,10000.0,14028800000,0.007175700000516372,0.004498299998886068,354.12646484375
exact,10000,32,2,386,0.00017794000450521708,0.968603125,1.0,320000,100000000,100320000,10000.0,14028800000,0.00726080000094953,0.004578699999910896,354.12646484375
exact,10000,32,2,387,0.0001779416052158922,0.968603125,1.0,320000,100000000,100320000,10000.0,14028800000,0.007186900000306196,0.004501999999774853,354.12646484375
exact,10000,32,2,388,0.00017794164887163788,0.96860625,1.0,320000,100000000,100320000,10000.0,14028800000,0.007169500000600237,0.004502300000240211,354.12646484375
exact,10000,32,2,389,0.00017793958249967545,0.968603125,1.0,320000,100000000,100320000,10000.0,14028800000,0.007186199998614029,0.00450509999973292,354.12646484375
exact,10000,32,2,390,0.00017794000450521708,0.968603125,1.0,320000,100000000,100320000,10000.0,14028800000,0.007176400000389549,0.0045005000010860385,354.12646484375
exact,10000,32,2,391,0.00017794172163121402,0.968609375,1.0,320000,100000000,100320000,10000.0,14028800000,0.007155899998906534,0.004509700000198791,354.12646484375
exact,10000,32,2,392,0.0001779415615601465,0.968603125,1.0,320000,100000000,100320000,10000.0,14028800000,0.007190399999672081,0.004509000000325614,354.12646484375
exact,10000,32,2,393,0.0001779394515324384,0.968603125,1.0,320000,100000000,100320000,10000.0,14028800000,0.007647200000064913,0.004753900000650901,354.12646484375
exact,10000,32,2,394,0.0001779402227839455,0.968603125,1.0,320000,100000000,100320000,10000.0,14028800000,0.007222899999760557,0.004522900000665686,354.12646484375
exact,10000,32,2,395,0.00017794167797546834,0.968609375,1.0,320000,100000000,100320000,10000.0,14028800000,0.0072077999993780395,0.004524900001342758,354.12646484375
exact,10000,32,2,396,0.0001779416052158922,0.96860625,1.0,320000,100000000,100320000,10000.0,14028800000,0.007185399999798392,0.004533299999820883,354.12646484375
exact,10000,32,2,397,0.00017793998995330185,0.9686,1.0,320000,100000000,100320000,10000.0,14028800000,0.009026699999594712,0.005350500001441105,354.12646484375
exact,10000,32,2,398,0.00017794182349462062,0.9686,1.0,320000,100000000,100320000,10000.0,14028800000,0.007139699999243021,0.004495099999985541,354.12646484375
exact,10000,32,2,399,0.0001779401209205389,0.968609375,1.0,320000,100000000,100320000,10000.0,14028800000,0.00716160000047239,0.004500499999267049,354.12646484375
exact,10000,32,2,400,0.00017794157611206174,0.96860625,1.0,320000,100000000,100320000,10000.0,14028800000,0.008094400000118185,0.004545799998595612,354.12646484375
exact,10000,32,2,401,0.00017794003360904753,0.968603125,1.0,320000,100000000,100320000,10000.0,14028800000,0.009585100000549573,0.004516799999692012,354.12646484375
exact,10000,32,2,402,0.00017794163431972265,0.968596875,1.0,320000,100000000,100320000,10000.0,14028800000,0.0071833000001788605,0.004499499998928513,354.12646484375
exact,10000,32,2,403,0.0001779411977622658,0.968609375,1.0,320000,100000000,100320000,10000.0,14028800000,0.007195700000011129,0.004495799999858718,354.12646484375
exact,10000,32,2,404,0.000177940062712878,0.96860625,1.0,320000,100000000,100320000,10000.0,14028800000,0.00718599999891012,0.00449549999939336,354.12646484375
exact,10000,32,2,405,0.00017794007726479322,0.968603125,1.0,320000,100000000,100320000,10000.0,14028800000,0.007150400000682566,0.00451220000104513,354.12646484375
exact,10000,32,2,406,0.0001779416052158922,0.9686,1.0,320000,100000000,100320000,10000.0,14028800000,0.010078999999677762,0.006418099999791593,354.12646484375
exact,10000,32,2,407,0.00017794131417758763,0.968609375,1.0,320000,100000000,100320000,10000.0,14028800000,0.008950200000981567,0.005434300001070369,354.12646484375
exact,10000,32,2,408,0.0001779411395546049,0.96860625,1.0,320000,100000000,100320000,10000.0,14028800000,0.010191700001087156,0.00662689999990107,354.12646484375
exact,10000,32,2,409,0.00017793838924262673,0.968603125,1.0,320000,100000000,100320000,10000.0,14028800000,0.007157999998526066,0.00449780000053579,354.12646484375
exact,10000,32,2,410,0.00017794164887163788,0.9686,1.0,320000,100000000,100320000,10000.0,14028800000,0.007496799998989445,0.004627300000720425,354.12646484375
exact,10000,32,2,411,0.0001779412414180115,0.9686125,1.0,320000,100000000,100320000,10000.0,14028800000,0.0101373000015883,0.004493599999477738,354.12646484375
exact,10000,32,2,412,0.00017793998995330185,0.96860625,1.0,320000,100000000,100320000,10000.0,14028800000,0.007784900000842754,0.004936799999995856,354.12646484375
exact,10000,32,2,413,0.0001779411395546049,0.9686,1.0,320000,100000000,100320000,10000.0,14028800000,0.007200800000646268,0.004510100001425599,354.12646484375
exact,10000,32,2,414,0.00017794004816096276,0.968603125,1.0,320000,100000000,100320000,10000.0,14028800000,0.007148400000005495,0.004498200001762598,354.12646484375
exact,10000,32,2,415,0.00017794153245631605,0.96860625,1.0,320000,100000000,100320000,10000.0,14028800000,0.007144999999582069,0.00449309999930847,354.12646484375
exact,10000,32,2,416,0.0001779399171937257,0.968609375,1.0,320000,100000000,100320000,10000.0,14028800000,0.009723200000735233,0.004682400000092457,354.12646484375
exact,10000,32,2,417,0.00017794164887163788,0.968596875,1.0,320000,100000000,100320000,10000.0,14028800000,0.007139599998481572,0.004506999999648542,354.12646484375
exact,10000,32,2,418,0.0001779397134669125,0.96860625,1.0,320000,100000000,100320000,10000.0,14028800000,0.0072440000003552996,0.004525799999100855,354.12646484375
exact,10000,32,2,419,0.00017794164887163788,0.96860625,1.0,320000,100000000,100320000,10000.0,14028800000,0.007181400000263238,0.004500099999859231,354.12646484375
exact,10000,32,2,420,0.00017793998995330185,0.968609375,1.0,320000,100000000,100320000,10000.0,14028800000,0.011186800000359653,0.006237500001589069,354.12646484375
exact,10000,32,2,421,0.00017794164887163788,0.9686,1.0,320000,100000000,100320000,10000.0,14028800000,0.007199300000138464,0.004516499999226653,354.12646484375
exact,10000,32,2,422,0.0001779410958988592,0.9686,1.0,320000,100000000,100320000,10000.0,14028800000,0.007171100000050501,0.004520099999353988,354.12646484375
exact,10000,32,2,423,0.000177938534761779,0.9686125,1.0,320000,100000000,100320000,10000.0,14028800000,0.007184000000052038,0.004489400000238675,354.12646484375
exact,10000,32,2,424,0.0001779415615601465,0.968603125,1.0,320000,100000000,100320000,10000.0,14028800000,0.007170100001530955,0.004526599999735481,354.12646484375
exact,10000,32,2,425,0.00017794163431972265,0.9686,1.0,320000,100000000,100320000,10000.0,14028800000,0.012568600001031882,0.004528600000412553,354.12646484375
exact,10000,32,2,426,0.00017793997540138662,0.9686,1.0,320000,100000000,100320000,10000.0,14028800000,0.007409400001051836,0.004618999999365769,354.12646484375
exact,10000,32,2,427,0.00017794100858736783,0.968609375,1.0,320000,100000000,100320000,10000.0,14028800000,0.007153299999117735,0.004521000000750064,354.12646484375
exact,10000,32,2,428,0.00017794010636862367,0.968609375,1.0,320000,100000000,100320000,10000.0,14028800000,0.007179899999755435,0.004508100000748527,354.12646484375
exact,10000,32,2,429,0.00017794167797546834,0.9686,1.0,320000,100000000,100320000,10000.0,14028800000,0.008022699999855831,0.004507300000113901,354.12646484375
exact,10000,32,2,430,0.00017794003360904753,0.968603125,1.0,320000,100000000,100320000,10000.0,14028800000,0.0075491000006877584,0.004565900000670808,354.12646484375
exact,10000,32,2,431,0.00017794163431972265,0.96860625,1.0,320000,100000000,100320000,10000.0,14028800000,0.007212600001366809,0.004513399999268586,354.12646484375
exact,10000,32,2,432,0.00017793964070733637,0.9686125,1.0,320000,100000000,100320000,10000.0,14028800000,0.008444400000371388,0.00450269999964803,354.12646484375
exact,10000,32,2,433,0.00017794157611206174,0.968596875,1.0,320000,100000000,100320000,10000.0,14028800000,0.007229999999253778,0.004498700000112876,354.12646484375
exact,10000,32,2,434,0.00017794003360904753,0.968603125,1.0,320000,100000000,100320000,10000.0,14028800000,0.007146700001612771,0.0045078999992256286,354.12646484375
exact,10000,32,2,435,0.00017794172163121402,0.968609375,1.0,320000,100000000,100320000,10000.0,14028800000,0.007121600001482875,0.004488699998546508,354.12646484375
exact,10000,32,2,436,0.0001779416052158922,0.968603125,1.0,320000,100000000,100320000,10000.0,14028800000,0.007191400000010617,0.004508500000156346,354.12646484375
exact,10000,32,2,437,0.00017793789447750896,0.96860625,1.0,320000,100000000,100320000,10000.0,14028800000,0.008877599999323138,0.004608000001098844,354.12646484375
exact,10000,32,2,438,0.00017794169252738357,0.9686,1.0,320000,100000000,100320000,10000.0,14028800000,0.007146899999497691,0.0044969000009587035,354.12646484375
exact,10000,32,2,439,0.00017794157611206174,0.96860625,1.0,320000,100000000,100320000,10000.0,14028800000,0.007310400000278605,0.004498300000705058,354.12646484375
exact,10000,32,2,440,0.00017793978622648865,0.96860625,1.0,320000,100000000,100320000,10000.0,14028800000,0.007178800000474439,0.004511199998887605,354.12646484375
exact,10000,32,2,441,0.0001779396552592516,0.96860625,1.0,320000,100000000,100320000,10000.0,14028800000,0.007168600001023151,0.004505300001255819,354.12646484375
exact,10000,32,2,442,0.00017794169252738357,0.9686,1.0,320000,100000000,100320000,10000.0,14028800000,0.007141099998989375,0.004499700000451412,354.12646484375
exact,10000,32,2,443,0.0001779415615601465,0.96860625,1.0,320000,100000000,100320000,10000.0,14028800000,0.00790219999908004,0.004716999999800464,354.12646484375
exact,10000,32,2,444,0.00017793994629755616,0.968609375,1.0,320000,100000000,100320000,10000.0,14028800000,0.0072827999993023695,0.004599199999574921,354.12646484375
exact,10000,32,2,445,0.00017793998995330185,0.96860625,1.0,320000,100000000,100320000,10000.0,14028800000,0.008413100000325358,0.005002399999284535,354.12646484375
exact,10000,32,2,446,0.0001779412414180115,0.968603125,1.0,320000,100000000,100320000,10000.0,14028800000,0.007179899999755435,0.004506600000240724,354.12646484375
exact,10000,32,2,447,0.00017793993174564093,0.96860625,1.0,320000,100000000,100320000,10000.0,14028800000,0.007128700000976096,0.0045005000010860385,354.12646484375
exact,10000,32,2,448,0.000177941401489079,0.96860625,1.0,320000,100000000,100320000,10000.0,14028800000,0.007675400000152877,0.004533600000286242,354.12646484375
exact,10000,32,2,449,0.00017794004816096276,0.9686,1.0,320000,100000000,100320000,10000.0,14028800000,0.007644299999810755,0.004725700000562938,354.12646484375
exact,10000,32,2,450,0.000177939553395845,0.96860625,1.0,320000,100000000,100320000,10000.0,14028800000,0.007155100000090897,0.004489099999773316,354.12646484375
exact,10000,32,2,451,0.00017794164887163788,0.96860625,1.0,320000,100000000,100320000,10000.0,14028800000,0.007491899999877205,0.004639700000552693,354.12646484375
exact,10000,32,2,452,0.00017794163431972265,0.96860625,1.0,320000,100000000,100320000,10000.0,14028800000,0.00720270000056189,0.004520000000411528,354.12646484375
exact,10000,32,2,453,0.00017793840379454195,0.968603125,1.0,320000,100000000,100320000,10000.0,14028800000,0.0071738999995432096,0.0045001999988016905,354.12646484375
exact,10000,32,2,454,0.00017794233281165361,0.968603125,1.0,320000,100000000,100320000,10000.0,14028800000,0.007189600000856444,0.004517400000622729,354.12646484375
exact,10000,32,2,455,0.00017794106679502875,0.968609375,1.0,320000,100000000,100320000,10000.0,14028800000,0.007764699999825098,0.004528200001004734,354.12646484375
exact,10000,32,2,456,0.0001779400190571323,0.96860625,1.0,320000,100000000,100320000,10000.0,14028800000,0.007149099999878672,0.0044993000010435935,354.12646484375
exact,10000,32,2,457,0.0001779396552592516,0.968603125,1.0,320000,100000000,100320000,10000.0,14028800000,0.00923779999902763,0.0053246999996190425,354.12646484375
exact,10000,32,2,458,0.00017794233281165361,0.9686,1.0,320000,100000000,100320000,10000.0,14028800000,0.007124200001271674,0.004489200000534765,354.12646484375
exact,10000,32,2,459,0.000177939553395845,0.9686125,1.0,320000,100000000,100320000,10000.0,14028800000,0.007187899998825742,0.004518299998380826,354.12646484375
exact,10000,32,2,460,0.0001779416052158922,0.968603125,1.0,320000,100000000,100320000,10000.0,14028800000,0.009878400000161491,0.004498399999647518,354.12646484375
exact,10000,32,2,461,0.00017794116865843534,0.9686,1.0,320000,100000000,100320000,10000.0,14028800000,0.008534899998267065,0.004503699999986566,354.12646484375
exact,10000,32,2,462,0.0001779383310349658,0.9686125,1.0,320000,100000000,100320000,10000.0,14028800000,0.007170400000177324,0.004498199999943608,354.12646484375
exact,10000,32,2,463,0.00017794226005207747,0.968609375,1.0,320000,100000000,100320000,10000.0,14028800000,0.007336000000577769,0.004555499999696622,354.12646484375
exact,10000,32,2,464,0.00017794111045077443,0.96860625,1.0,320000,100000000,100320000,10000.0,14028800000,0.007203600000138977,0.00450749999981781,354.12646484375
exact,10000,32,2,465,0.00017793994629755616,0.9686,1.0,320000,100000000,100320000,10000.0,14028800000,0.007225000001199078,0.004507699999521719,354.12646484375
exact,10000,32,2,466,0.00017794000450521708,0.968609375,1.0,320000,100000000,100320000,10000.0,14028800000,0.007140199999412289,0.004499200000282144,354.12646484375
exact,10000,32,2,467,0.00017794228915590793,0.96860625,1.0,320000,100000000,100320000,10000.0,14028800000,0.007167300000219257,0.0045173999988037394,354.12646484375
exact,10000,32,2,468,0.00017793998995330185,0.96860625,1.0,320000,100000000,100320000,10000.0,14028800000,0.007483999999749358,0.004545100000541424,354.12646484375
exact,10000,32,2,469,0.00017794116865843534,0.968603125,1.0,320000,100000000,100320000,10000.0,14028800000,0.007727400001385831,0.0047688000013295095,354.12646484375
exact,10000,32,2,470,0.00017794172163121402,0.968603125,1.0,320000,100000000,100320000,10000.0,14028800000,0.007212900000013178,0.0045042999990982935,354.12646484375
exact,10000,32,2,471,0.00017793882580008358,0.96860625,1.0,320000,100000000,100320000,10000.0,14028800000,0.009577999999237363,0.006653300000834861,354.12646484375
exact,10000,32,2,472,0.0001779412414180115,0.968609375,1.0,320000,100000000,100320000,10000.0,14028800000,0.007203400000435067,0.004512699999395409,354.12646484375
exact,10000,32,2,473,0.0001779410958988592,0.9686,1.0,320000,100000000,100320000,10000.0,14028800000,0.0073981999994430225,0.004598600000463193,354.12646484375
exact,10000,32,2,474,0.00017794010636862367,0.96860625,1.0,320000,100000000,100320000,10000.0,14028800000,0.007189500000094995,0.0045030000001133885,354.12646484375
exact,10000,32,2,475,0.00017794169252738357,0.96860625,1.0,320000,100000000,100320000,10000.0,14028800000,0.007179899999755435,0.0045005000010860385,354.12646484375
exact,10000,32,2,476,0.00017794057202991098,0.96860625,1.0,320000,100000000,100320000,10000.0,14028800000,0.007179700000051525,0.004498000000239699,354.12646484375
exact,10000,32,2,477,0.00017793984443414956,0.968603125,1.0,320000,100000000,100320000,10000.0,14028800000,0.007163500000388012,0.004498199999943608,354.12646484375
exact,10000,32,2,478,0.00017794116865843534,0.96860625,1.0,320000,100000000,100320000,10000.0,14028800000,0.007180399999924703,0.004503399999521207,354.12646484375
exact,10000,32,2,479,0.0001779415033524856,0.968603125,1.0,320000,100000000,100320000,10000.0,14028800000,0.0072851000004448,0.004521599999861792,354.12646484375
exact,10000,32,2,480,0.00017793844745028764,0.9686125,1.0,320000,100000000,100320000,10000.0,14028800000,0.007155600000260165,0.0045132999985071365,354.12646484375
exact,10000,32,2,481,0.00017794226005207747,0.9686,1.0,320000,100000000,100320000,10000.0,14028800000,0.008385100001760293,0.004527699999016477,354.12646484375
exact,10000,32,2,482,0.0001779409358277917,0.968603125,1.0,320000,100000000,100320000,10000.0,14028800000,0.007273500001247157,0.00455590000092343,354.12646484375
exact,10000,32,2,483,0.0001779399171937257,0.968609375,1.0,320000,100000000,100320000,10000.0,14028800000,0.007157500000175787,0.004483000000618631,354.12646484375
exact,10000,32,2,484,0.00017793978622648865,0.96860625,1.0,320000,100000000,100320000,10000.0,14028800000,0.0071600999999645865,0.004513799998676404,354.12646484375
exact,10000,32,2,485,0.0001779422746039927,0.9686,1.0,320000,100000000,100320000,10000.0,14028800000,0.007533800000601332,0.004661400000259164,354.12646484375
exact,10000,32,2,486,0.00017793958249967545,0.96860625,1.0,320000,100000000,100320000,10000.0,14028800000,0.007169799999246607,0.0044969000009587035,354.12646484375
exact,10000,32,2,487,0.00017794159066397697,0.968603125,1.0,320000,100000000,100320000,10000.0,14028800000,0.007214200000817073,0.004518300000199815,354.12646484375
exact,10000,32,2,488,0.00017793974257074296,0.968609375,1.0,320000,100000000,100320000,10000.0,14028800000,0.007187999999587191,0.004525999998804764,354.12646484375
exact,10000,32,2,489,0.0001779401209205389,0.968603125,1.0,320000,100000000,100320000,10000.0,14028800000,0.00720519999958924,0.004503900001509464,354.12646484375
exact,10000,32,2,490,0.00017794192535802722,0.968603125,1.0,320000,100000000,100320000,10000.0,14028800000,0.007296599998880993,0.0046148000001267064,354.12646484375
exact,10000,32,2,491,0.00017794179439079016,0.968603125,1.0,320000,100000000,100320000,10000.0,14028800000,0.007418299999699229,0.004620300000169664,354.12646484375
exact,10000,32,2,492,0.00017793870938476175,0.968609375,1.0,320000,100000000,100320000,10000.0,14028800000,0.008045399999900837,0.004532999999355525,354.12646484375
exact,10000,32,2,493,0.00017794234736356884,0.9686,1.0,320000,100000000,100320000,10000.0,14028800000,0.007763199999317294,0.004597499999363208,354.12646484375
exact,10000,32,2,494,0.00017794306040741503,0.96860625,1.0,320000,100000000,100320000,10000.0,14028800000,0.007204200001069694,0.004525300000750576,354.12646484375
exact,10000,32,2,495,0.00017794281302485615,0.9686125,1.0,320000,100000000,100320000,10000.0,14028800000,0.00885990000097081,0.005480699999679928,354.12646484375
exact,10000,32,2,496,0.00017794773157220334,0.968603125,1.0,320000,100000000,100320000,10000.0,14028800000,0.00774220000130299,0.004723499998362968,354.12646484375
exact,10000,32,2,497,0.00017794941959436983,0.9686125,1.0,320000,100000000,100320000,10000.0,14028800000,0.007779300000038347,0.004543099999864353,354.12646484375
exact,10000,32,2,498,0.00017795414896681905,0.9686125,1.0,320000,100000000,100320000,10000.0,14028800000,0.007199700001365272,0.004513899999437854,354.12646484375
exact,10000,32,2,499,0.00017796270549297333,0.968615625,1.0,320000,100000000,100320000,10000.0,14028800000,0.007505600000513368,0.0047374999994644895,354.12646484375
exact,10000,32,2,500,0.0001779640733730048,0.9686,1.0,320000,100000000,100320000,10000.0,14028800000,0.007256200000483659,0.004525399999693036,354.12646484375
ariad,10000,32,2,1,0.20806556940078735,0.01146875,0.013225,320000,1440000,1760000,144.0,1413120000,0.07845600000109698,0.07455410000147822,354.00146484375
ariad,10000,32,2,2,0.17790858447551727,0.02171875,0.035096875,320000,1440000,1760000,144.0,1413120000,0.008638900000732974,0.005493399999977555,353.65771484375
ariad,10000,32,2,3,0.16182318329811096,0.032584375,0.071525,320000,1440000,1760000,144.0,1413120000,0.00843669999994745,0.00550170000133221,354.12646484375
ariad,10000,32,2,4,0.1498641073703766,0.043359375,0.121734375,320000,1440000,1760000,144.0,1413120000,0.00856729999941308,0.005281300000206102,353.65771484375
ariad,10000,32,2,5,0.14128996431827545,0.0537,0.18181875,320000,1440000,1760000,144.0,1413120000,0.008042699999350589,0.005249499999990803,354.12646484375
ariad,10000,32,2,6,0.13511452078819275,0.0627125,0.24855,320000,1440000,1760000,144.0,1413120000,0.008072599999650265,0.005131300000357442,354.12646484375
ariad,10000,32,2,7,0.13055597245693207,0.06950625,0.317896875,320000,1440000,1760000,144.0,1413120000,0.008058599998548743,0.00517760000002454,354.12646484375
ariad,10000,32,2,8,0.12716838717460632,0.074321875,0.386096875,320000,1440000,1760000,144.0,1413120000,0.008503299999574665,0.005365799999708543,354.12646484375
ariad,10000,32,2,9,0.12445041537284851,0.077265625,0.44676875,320000,1440000,1760000,144.0,1413120000,0.008558400000765687,0.005531100001462619,354.12646484375
ariad,10000,32,2,10,0.12215714901685715,0.078290625,0.501225,320000,1440000,1760000,144.0,1413120000,0.008734000000913511,0.0052104999995208345,354.12646484375
ariad,10000,32,2,11,0.12019415944814682,0.07800625,0.5476,320000,1440000,1760000,144.0,1413120000,0.008196400000088033,0.005173300000024028,354.12646484375
ariad,10000,32,2,12,0.11851278692483902,0.076796875,0.585784375,320000,1440000,1760000,144.0,1413120000,0.008758199999647331,0.00550189999921713,354.12646484375
ariad,10000,32,2,13,0.11710105836391449,0.07530625,0.6188625,320000,1440000,1760000,144.0,1413120000,0.009058300000106101,0.0055644000003667315,354.12646484375
ariad,10000,32,2,14,0.11591318249702454,0.07389375,0.64744375,320000,1440000,1760000,144.0,1413120000,0.008573099999921396,0.005425100000138627,354.12646484375
ariad,10000,32,2,15,0.11486950516700745,0.072784375,0.671428125,320000,1440000,1760000,144.0,1413120000,0.010706799999752548,0.006510100000014063,354.12646484375
ariad,10000,32,2,16,0.11401315778493881,0.071796875,0.692425,320000,1440000,1760000,144.0,1413120000,0.009799199999179109,0.0062099000006128335,354.12646484375
ariad,10000,32,2,17,0.11327145993709564,0.07095625,0.710909375,320000,1440000,1760000,144.0,1413120000,0.008954099999755272,0.005731400000513531,354.12646484375
ariad,10000,32,2,18,0.11265002191066742,0.070215625,0.72760625,320000,1440000,1760000,144.0,1413120000,0.009346099999675062,0.005483699998876546,354.12646484375
ariad,10000,32,2,19,0.11207661777734756,0.069925,0.742175,320000,1440000,1760000,144.0,1413120000,0.008788499999354826,0.005532099999982165,354.12646484375
ariad,10000,32,2,20,0.1115695983171463,0.070121875,0.755421875,320000,1440000,1760000,144.0,1413120000,0.008435799998551374,0.005241999999270774,354.12646484375
ariad,10000,32,2,21,0.1111476793885231,0.0704625,0.768096875,320000,1440000,1760000,144.0,1413120000,0.00871989999905054,0.004946600000039325,354.12646484375
ariad,10000,32,2,22,0.11079619824886322,0.071165625,0.77888125,320000,1440000,1760000,144.0,1413120000,0.008826899998894078,0.0050135000001318986,354.12646484375
ariad,10000,32,2,23,0.1104583740234375,0.07201875,0.788746875,320000,1440000,1760000,144.0,1413120000,0.008964799999375828,0.0053919999991194345,354.12646484375
ariad,10000,32,2,24,0.11012227833271027,0.073215625,0.796753125,320000,1440000,1760000,144.0,1413120000,0.013884700001653982,0.008858499999405467,354.12646484375
ariad,10000,32,2,25,0.10982486605644226,0.0749875,0.803409375,320000,1440000,1760000,144.0,1413120000,0.009072400000150083,0.005409200000940473,354.12646484375
ariad,10000,32,2,26,0.10955549031496048,0.07691875,0.8088125,320000,1440000,1760000,144.0,1413120000,0.012905999999929918,0.005253699999229866,354.12646484375
ariad,10000,32,2,27,0.10928163677453995,0.07923125,0.813021875,320000,1440000,1760000,144.0,1413120000,0.01008910000018659,0.006744600001184153,354.12646484375
ariad,10000,32,2,28,0.10899347811937332,0.082053125,0.815821875,320000,1440000,1760000,144.0,1413120000,0.00928600000042934,0.005548099999941769,354.12646484375
ariad,10000,32,2,29,0.10869105160236359,0.08543125,0.81750625,320000,1440000,1760000,144.0,1413120000,0.01276519999919401,0.008805300001768046,354.12646484375
ariad,10000,32,2,30,0.10839096456766129,0.08934375,0.817965625,320000,1440000,1760000,144.0,1413120000,0.008760400000028312,0.0052492999984679045,354.12646484375
ariad,10000,32,2,31,0.10808756947517395,0.0936125,0.81720625,320000,1440000,1760000,144.0,1413120000,0.009253600001102313,0.005345700001271325,354.12646484375
ariad,10000,32,2,32,0.10776745527982712,0.0984375,0.81514375,320000,1440000,1760000,144.0,1413120000,0.008262100000138162,0.005024599999160273,354.12646484375
ariad,10000,32,2,33,0.10741505026817322,0.1042875,0.812009375,320000,1440000,1760000,144.0,1413120000,0.008659699999043369,0.005476499998621875,354.12646484375
ariad,10000,32,2,34,0.10706991702318192,0.110975,0.80793125,320000,1440000,1760000,144.0,1413120000,0.009597500000381842,0.005778400000053807,354.12646484375
ariad,10000,32,2,35,0.10665448009967804,0.118515625,0.803175,320000,1440000,1760000,144.0,1413120000,0.008804899998722249,0.004992199999833247,354.12646484375
ariad,10000,32,2,36,0.10624225437641144,0.12690625,0.796475,320000,1440000,1760000,144.0,1413120000,0.008643400000437396,0.005211800000324729,354.12646484375
ariad,10000,32,2,37,0.10574788600206375,0.1371125,0.790215625,320000,1440000,1760000,144.0,1413120000,0.008448599999610451,0.005312999999659951,354.12646484375
ariad,10000,32,2,38,0.10519254207611084,0.14873125,0.782490625,320000,1440000,1760000,144.0,1413120000,0.00848989999940386,0.00539290000051551,354.12646484375
ariad,10000,32,2,39,0.10456234961748123,0.162028125,0.775171875,320000,1440000,1760000,144.0,1413120000,0.008644300000014482,0.005387499999415013,354.12646484375
ariad,10000,32,2,40,0.10384084284305573,0.17705625,0.7677625,320000,1440000,1760000,144.0,1413120000,0.008501799999066861,0.005421300000307383,354.12646484375
ariad,10000,32,2,41,0.10299903154373169,0.19451875,0.760209375,320000,1440000,1760000,144.0,1413120000,0.00915280000117491,0.005650199998854077,354.12646484375
ariad,10000,32,2,42,0.10200115293264389,0.2144375,0.75469375,320000,1440000,1760000,144.0,1413120000,0.008811199999399832,0.005630200001178309,354.12646484375
ariad,10000,32,2,43,0.10085950791835785,0.23694375,0.749565625,320000,1440000,1760000,144.0,1413120000,0.00840770000104385,0.005395199999838951,354.12646484375
ariad,10000,32,2,44,0.09954960644245148,0.26168125,0.74565625,320000,1440000,1760000,144.0,1413120000,0.008186299999579205,0.00521659999867552,354.12646484375
ariad,10000,32,2,45,0.09803678095340729,0.288784375,0.74425625,320000,1440000,1760000,144.0,1413120000,0.008404399999562884,0.0051901000006182585,354.12646484375
ariad,10000,32,2,46,0.0963173657655716,0.317434375,0.745265625,320000,1440000,1760000,144.0,1413120000,0.008273000001281616,0.005351399999199202,354.12646484375
ariad,10000,32,2,47,0.0944223701953888,0.346490625,0.7494,320000,1440000,1760000,144.0,1413120000,0.008931800000937073,0.005820099999255035,354.12646484375
ariad,10000,32,2,48,0.09229432046413422,0.376378125,0.756575,320000,1440000,1760000,144.0,1413120000,0.008495099998981459,0.0049206000003323425,354.12646484375
ariad,10000,32,2,49,0.08997949212789536,0.40530625,0.764634375,320000,1440000,1760000,144.0,1413120000,0.008075899999312242,0.004809599999134662,354.12646484375
ariad,10000,32,2,50,0.08741642534732819,0.432871875,0.773771875,320000,1440000,1760000,144.0,1413120000,0.008372799999051495,0.00521389999994426,354.12646484375
ariad,10000,32,2,51,0.08466574549674988,0.458675,0.78325,320000,1440000,1760000,144.0,1413120000,0.010071500000776723,0.005512399999133777,354.12646484375
ariad,10000,32,2,52,0.08170315623283386,0.4819375,0.793275,320000,1440000,1760000,144.0,1413120000,0.008288199998787604,0.005058599999756552,354.12646484375
ariad,10000,32,2,53,0.07848645746707916,0.502646875,0.802740625,320000,1440000,1760000,144.0,1413120000,0.012024199999359553,0.00795999999900232,354.12646484375
ariad,10000,32,2,54,0.07507064193487167,0.5215,0.81135625,320000,1440000,1760000,144.0,1413120000,0.008300699999381322,0.004927400001179194,354.12646484375
ariad,10000,32,2,55,0.07144882529973984,0.5381125,0.81869375,320000,1440000,1760000,144.0,1413120000,0.008208400000512484,0.005355600000257255,354.12646484375
ariad,10000,32,2,56,0.06767942756414413,0.553121875,0.824965625,320000,1440000,1760000,144.0,1413120000,0.009037300000272808,0.005590299999312265,354.12646484375
ariad,10000,32,2,57,0.06382718682289124,0.565775,0.8302,320000,1440000,1760000,144.0,1413120000,0.008380799999940791,0.005479100000229664,354.12646484375
ariad,10000,32,2,58,0.059941478073596954,0.5769375,0.834578125,320000,1440000,1760000,144.0,1413120000,0.008107199999358272,0.0053169000002526445,354.12646484375
ariad,10000,32,2,59,0.05616499483585358,0.58714375,0.83859375,320000,1440000,1760000,144.0,1413120000,0.007742299998426461,0.004914499999358668,354.12646484375
ariad,10000,32,2,60,0.05250588804483414,0.5963125,0.84225,320000,1440000,1760000,144.0,1413120000,0.009018500000820495,0.005746700000599958,354.12646484375
ariad,10000,32,2,61,0.04900350049138069,0.604521875,0.84549375,320000,1440000,1760000,144.0,1413120000,0.008513800001310301,0.005652699999700417,354.12646484375
ariad,10000,32,2,62,0.04566662758588791,0.6122375,0.848725,320000,1440000,1760000,144.0,1413120000,0.008026899999094894,0.005274700000882149,354.12646484375
ariad,10000,32,2,63,0.042469706386327744,0.61996875,0.851403125,320000,1440000,1760000,144.0,1413120000,0.008067900000241934,0.00531559999944875,354.12646484375
ariad,10000,32,2,64,0.039452213793992996,0.627115625,0.8528,320000,1440000,1760000,144.0,1413120000,0.00817300000016985,0.005021499999202206,354.12646484375
ariad,10000,32,2,65,0.03661468252539635,0.634753125,0.853459375,320000,1440000,1760000,144.0,1413120000,0.008234499999161926,0.004821500000616652,354.12646484375
ariad,10000,32,2,66,0.03401561081409454,0.64189375,0.854103125,320000,1440000,1760000,144.0,1413120000,0.00808810000125959,0.005315300000802381,354.12646484375
ariad,10000,32,2,67,0.03166060894727707,0.648921875,0.85385,320000,1440000,1760000,144.0,1413120000,0.007930699999633362,0.005220199998802855,354.12646484375
ariad,10000,32,2,68,0.029538854956626892,0.655778125,0.853484375,320000,1440000,1760000,144.0,1413120000,0.011489100001199404,0.005443100000775303,354.12646484375
ariad,10000,32,2,69,0.027665715664625168,0.66255625,0.853021875,320000,1440000,1760000,144.0,1413120000,0.00799419999930251,0.005178999999770895,354.12646484375
ariad,10000,32,2,70,0.025969987735152245,0.66959375,0.85281875,320000,1440000,1760000,144.0,1413120000,0.008067299999311217,0.0053222000005916925,354.12646484375
ariad,10000,32,2,71,0.02442113123834133,0.676196875,0.85230625,320000,1440000,1760000,144.0,1413120000,0.008253600000898587,0.005321500000718515,354.12646484375
ariad,10000,32,2,72,0.022995267063379288,0.682821875,0.852346875,320000,1440000,1760000,144.0,1413120000,0.011155399999552174,0.007930400000986992,354.12646484375
ariad,10000,32,2,73,0.021648645401000977,0.68945,0.852221875,320000,1440000,1760000,144.0,1413120000,0.008726599999135942,0.005216099998506252,354.12646484375
ariad,10000,32,2,74,0.020365670323371887,0.69621875,0.85228125,320000,1440000,1760000,144.0,1413120000,0.00803020000057586,0.005284599999868078,354.12646484375
ariad,10000,32,2,75,0.019125284627079964,0.702828125,0.852565625,320000,1440000,1760000,144.0,1413120000,0.008033900001464644,0.005300799999531591,354.12646484375
ariad,10000,32,2,76,0.01792096719145775,0.709725,0.853571875,320000,1440000,1760000,144.0,1413120000,0.0126587999984622,0.00558660000024247,354.12646484375
ariad,10000,32,2,77,0.016741372644901276,0.71646875,0.854078125,320000,1440000,1760000,144.0,1413120000,0.009651400001530419,0.006436100000428269,354.12646484375
ariad,10000,32,2,78,0.01560249738395214,0.72345,0.85466875,320000,1440000,1760000,144.0,1413120000,0.009175900000627735,0.005480800000441377,354.12646484375
ariad,10000,32,2,79,0.014518652111291885,0.730275,0.855775,320000,1440000,1760000,144.0,1413120000,0.008168399999703979,0.005386499999076477,354.12646484375
ariad,10000,32,2,80,0.013505813665688038,0.737146875,0.857125,320000,1440000,1760000,144.0,1413120000,0.008084200000666897,0.00529629999982717,354.12646484375
ariad,10000,32,2,81,0.012557298876345158,0.744253125,0.858378125,320000,1440000,1760000,144.0,1413120000,0.008186000000932836,0.005195100000491948,354.12646484375
ariad,10000,32,2,82,0.011683553457260132,0.750946875,0.859640625,320000,1440000,1760000,144.0,1413120000,0.008096899999145535,0.005008800000723568,354.12646484375
ariad,10000,32,2,83,0.010873067192733288,0.757540625,0.86050625,320000,1440000,1760000,144.0,1413120000,0.00927380000030098,0.00629060000028403,354.12646484375
ariad,10000,32,2,84,0.010118412785232067,0.76441875,0.86164375,320000,1440000,1760000,144.0,1413120000,0.008263400000942056,0.005519000000276719,354.12646484375
ariad,10000,32,2,85,0.009412648156285286,0.770525,0.86321875,320000,1440000,1760000,144.0,1413120000,0.008937200000218581,0.005929200000537094,354.12646484375
ariad,10000,32,2,86,0.00875332672148943,0.77665,0.864665625,320000,1440000,1760000,144.0,1413120000,0.011832500000309665,0.007474299998648348,354.12646484375
ariad,10000,32,2,87,0.008141940459609032,0.782703125,0.865375,320000,1440000,1760000,144.0,1413120000,0.008068299999649753,0.004976100000931183,354.12646484375
ariad,10000,32,2,88,0.007577493321150541,0.788821875,0.867103125,320000,1440000,1760000,144.0,1413120000,0.008762500001466833,0.005795900000521215,354.12646484375
ariad,10000,32,2,89,0.007056341506540775,0.79470625,0.868728125,320000,1440000,1760000,144.0,1413120000,0.008227800000895513,0.005416399999376154,354.12646484375
ariad,10000,32,2,90,0.006571335252374411,0.800596875,0.870559375,320000,1440000,1760000,144.0,1413120000,0.008196400000088033,0.005241400000159047,354.12646484375
ariad,10000,32,2,91,0.006118920631706715,0.80638125,0.872753125,320000,1440000,1760000,144.0,1413120000,0.008652800001073047,0.005499799999597599,354.12646484375
ariad,10000,32,2,92,0.00569657189771533,0.8119625,0.874753125,320000,1440000,1760000,144.0,1413120000,0.00829899999916961,0.0048736999997345265,354.12646484375
ariad,10000,32,2,93,0.005301859695464373,0.81725625,0.876721875,320000,1440000,1760000,144.0,1413120000,0.008299799999804236,0.005442400000902126,354.12646484375
ariad,10000,32,2,94,0.004932663403451443,0.822490625,0.878534375,320000,1440000,1760000,144.0,1413120000,0.008256799999799114,0.005458299998281291,354.12646484375
ariad,10000,32,2,95,0.00458695599809289,0.827534375,0.880946875,320000,1440000,1760000,144.0,1413120000,0.008376700001463178,0.005238699999608798,354.12646484375
ariad,10000,32,2,96,0.0042635612189769745,0.83238125,0.883196875,320000,1440000,1760000,144.0,1413120000,0.008399199999985285,0.004979800000000978,354.12646484375
ariad,10000,32,2,97,0.003959078807383776,0.837040625,0.8850625,320000,1440000,1760000,144.0,1413120000,0.007985099999132217,0.005220399998506764,354.12646484375
ariad,10000,32,2,98,0.0036703823134303093,0.841415625,0.8874625,320000,1440000,1760000,144.0,1413120000,0.00825299999996787,0.005282499998429557,354.12646484375
ariad,10000,32,2,99,0.003394404426217079,0.84570625,0.89021875,320000,1440000,1760000,144.0,1413120000,0.012383999999656226,0.008450399998764624,354.12646484375
ariad,10000,32,2,100,0.0031289709731936455,0.84985,0.8925875,320000,1440000,1760000,144.0,1413120000,0.008740299999772105,0.005798200001663645,354.12646484375
ariad,10000,32,2,101,0.0028721534181386232,0.853915625,0.894740625,320000,1440000,1760000,144.0,1413120000,0.008536800000001676,0.005129799999849638,354.12646484375
ariad,10000,32,2,102,0.002622946398332715,0.858053125,0.897009375,320000,1440000,1760000,144.0,1413120000,0.008149399998728768,0.005229099999269238,354.12646484375
ariad,10000,32,2,103,0.0023822165094316006,0.8622375,0.8988875,320000,1440000,1760000,144.0,1413120000,0.008090100000117673,0.0053776999993715435,354.12646484375
ariad,10000,32,2,104,0.0021525768097490072,0.866459375,0.900684375,320000,1440000,1760000,144.0,1413120000,0.008754699998462456,0.005439700000351877,354.12646484375
ariad,10000,32,2,105,0.0019374943803995848,0.870534375,0.90208125,320000,1440000,1760000,144.0,1413120000,0.008312100000694045,0.0051383000009082025,354.12646484375
ariad,10000,32,2,106,0.001739874598570168,0.874790625,0.90340625,320000,1440000,1760000,144.0,1413120000,0.00802529999964463,0.0051146999994671205,354.12646484375
ariad,10000,32,2,107,0.0015614693984389305,0.87885,0.904434375,320000,1440000,1760000,144.0,1413120000,0.00832319999972242,0.005407700000432669,354.12646484375
ariad,10000,32,2,108,0.001402946189045906,0.882828125,0.905659375,320000,1440000,1760000,144.0,1413120000,0.012074799999027164,0.008923800000047777,354.12646484375
ariad,10000,32,2,109,0.0012644209200516343,0.886834375,0.906759375,320000,1440000,1760000,144.0,1413120000,0.008598499998697662,0.005629999999655411,354.12646484375
ariad,10000,32,2,110,0.0011455465573817492,0.89085,0.90773125,320000,1440000,1760000,144.0,1413120000,0.008510600000590784,0.0056578000003355555,354.12646484375
ariad,10000,32,2,111,0.0010455637238919735,0.894175,0.9086875,320000,1440000,1760000,144.0,1413120000,0.00830599999972037,0.005080700000689831,354.12646484375
ariad,10000,32,2,112,0.0009624969097785652,0.897496875,0.909621875,320000,1440000,1760000,144.0,1413120000,0.008585800000219024,0.005368300000554882,354.12646484375
ariad,10000,32,2,113,0.0008939748513512313,0.900221875,0.910759375,320000,1440000,1760000,144.0,1413120000,0.009514299999864306,0.006397600000127568,354.12646484375
ariad,10000,32,2,114,0.0008373449090868235,0.902690625,0.912096875,320000,1440000,1760000,144.0,1413120000,0.008489300000292133,0.005605399999694782,354.12646484375
ariad,10000,32,2,115,0.0007897947216406465,0.9049875,0.913428125,320000,1440000,1760000,144.0,1413120000,0.009496800001215888,0.006153300000732997,354.12646484375
ariad,10000,32,2,116,0.0007481356151401997,0.906775,0.91494375,320000,1440000,1760000,144.0,1413120000,0.008629299998574425,0.005541900000025635,354.12646484375
ariad,10000,32,2,117,0.0007093509775586426,0.90841875,0.916553125,320000,1440000,1760000,144.0,1413120000,0.008079899998847395,0.005290999999488122,354.12646484375
ariad,10000,32,2,118,0.0006713744369335473,0.909665625,0.918059375,320000,1440000,1760000,144.0,1413120000,0.009304799999881652,0.005792899999505607,354.12646484375
ariad,10000,32,2,119,0.0006334181525744498,0.911084375,0.91976875,320000,1440000,1760000,144.0,1413120000,0.008281399999759742,0.005127999998876476,354.12646484375
ariad,10000,32,2,120,0.0005957827670499682,0.912340625,0.921628125,320000,1440000,1760000,144.0,1413120000,0.008118300000205636,0.005305499998939922,354.12646484375
ariad,10000,32,2,121,0.0005590402288362384,0.913578125,0.923121875,320000,1440000,1760000,144.0,1413120000,0.00902479999967909,0.005496100000527804,354.12646484375
ariad,10000,32,2,122,0.0005241751205176115,0.9148125,0.92451875,320000,1440000,1760000,144.0,1413120000,0.008293099999718834,0.005085099999632803,354.12646484375
ariad,10000,32,2,123,0.0004916359903290868,0.9158125,0.926103125,320000,1440000,1760000,144.0,1413120000,0.007476599999790778,0.004797699999471661,354.12646484375
ariad,10000,32,2,124,0.00046161687350831926,0.9170125,0.927609375,320000,1440000,1760000,144.0,1413120000,0.00748340000063763,0.004805300000953139,354.12646484375
ariad,10000,32,2,125,0.00043409690260887146,0.9180875,0.928775,320000,1440000,1760000,144.0,1413120000,0.009154800000032992,0.005877300000065588,354.12646484375
ariad,10000,32,2,126,0.00040896196151152253,0.91926875,0.93003125,320000,1440000,1760000,144.0,1413120000,0.007702900000367663,0.0049152999999932945,354.12646484375
ariad,10000,32,2,127,0.00038607820170000196,0.920271875,0.9312625,320000,1440000,1760000,144.0,1413120000,0.008411599999817554,0.005076400000689318,354.12646484375
ariad,10000,32,2,128,0.0003654125612229109,0.921215625,0.93235,320000,1440000,1760000,144.0,1413120000,0.007619900001373026,0.004890899999736575,354.12646484375
ariad,10000,32,2,129,0.0003467481874395162,0.92223125,0.93354375,320000,1440000,1760000,144.0,1413120000,0.007995100000698585,0.005262100001345971,354.12646484375
ariad,10000,32,2,130,0.0003299786476418376,0.923171875,0.9343375,320000,1440000,1760000,144.0,1413120000,0.008131399999911082,0.00536409999949683,354.12646484375
ariad,10000,32,2,131,0.00031490824767388403,0.9239625,0.934871875,320000,1440000,1760000,144.0,1413120000,0.007636499998625368,0.0048814999991009245,354.12646484375
ariad,10000,32,2,132,0.00030154292471706867,0.924825,0.935803125,320000,1440000,1760000,144.0,1413120000,0.007438799999363255,0.004771600000822218,354.12646484375
ariad,10000,32,2,133,0.0002896742371376604,0.92568125,0.936596875,320000,1440000,1760000,144.0,1413120000,0.008806399999230052,0.005192999999053427,354.12646484375
ariad,10000,32,2,134,0.0002791387087199837,0.9264,0.937365625,320000,1440000,1760000,144.0,1413120000,0.009141499998804647,0.004960899999787216,354.12646484375
ariad,10000,32,2,135,0.00026975671062245965,0.92699375,0.937865625,320000,1440000,1760000,144.0,1413120000,0.0077872000001661945,0.005064400000264868,354.12646484375
ariad,10000,32,2,136,0.00026139451074413955,0.927478125,0.93830625,320000,1440000,1760000,144.0,1413120000,0.008639699999548611,0.005785199999081669,354.12646484375
ariad,10000,32,2,137,0.00025389998336322606,0.927775,0.93884375,320000,1440000,1760000,144.0,1413120000,0.008832499999698484,0.005692299999282113,354.12646484375
ariad,10000,32,2,138,0.00024711783044040203,0.9282625,0.93943125,320000,1440000,1760000,144.0,1413120000,0.00862530000085826,0.005174500000066473,354.12646484375
ariad,10000,32,2,139,0.00024106969067361206,0.92870625,0.939821875,320000,1440000,1760000,144.0,1413120000,0.008269599999039201,0.00540019999971264,354.12646484375
ariad,10000,32,2,140,0.0002356058539589867,0.92915,0.940459375,320000,1440000,1760000,144.0,1413120000,0.008321200000864337,0.005542699998841272,354.12646484375
ariad,10000,32,2,141,0.0002306680107722059,0.929446875,0.94080625,320000,1440000,1760000,144.0,1413120000,0.009598300001016469,0.006495100000392995,354.12646484375
ariad,10000,32,2,142,0.0002261515037389472,0.929740625,0.941084375,320000,1440000,1760000,144.0,1413120000,0.00827449999997043,0.005448199999591452,354.12646484375
ariad,10000,32,2,143,0.00022187261492945254,0.9300625,0.941459375,320000,1440000,1760000,144.0,1413120000,0.00836899999922025,0.0049951999990298646,354.12646484375
ariad,10000,32,2,144,0.00021796245709992945,0.930346875,0.94169375,320000,1440000,1760000,144.0,1413120000,0.010051100000055158,0.005934499999057152,354.12646484375
ariad,10000,32,2,145,0.00021434115478768945,0.930625,0.9419125,320000,1440000,1760000,144.0,1413120000,0.00831809999908728,0.00491630000033183,354.12646484375
ariad,10000,32,2,146,0.00021096953423693776,0.930875,0.942253125,320000,1440000,1760000,144.0,1413120000,0.008067700000538025,0.005215400000452064,354.12646484375
ariad,10000,32,2,147,0.00020792323630303144,0.931084375,0.94254375,320000,1440000,1760000,144.0,1413120000,0.008239099999627797,0.005484400000568712,354.12646484375
ariad,10000,32,2,148,0.00020515359938144684,0.931396875,0.942859375,320000,1440000,1760000,144.0,1413120000,0.008350000000064028,0.005335100000593229,354.12646484375
ariad,10000,32,2,149,0.00020268232037778944,0.931675,0.9431125,320000,1440000,1760000,144.0,1413120000,0.008147599999574595,0.004935299999488052,354.12646484375
ariad,10000,32,2,150,0.00020048233272973448,0.9319875,0.94348125,320000,1440000,1760000,144.0,1413120000,0.007973100000526756,0.00521409999964817,354.12646484375
ariad,10000,32,2,151,0.0001985511917155236,0.932228125,0.94376875,320000,1440000,1760000,144.0,1413120000,0.008647599999676459,0.005659700000251178,354.12646484375
ariad,10000,32,2,152,0.0001968716678675264,0.932509375,0.94396875,320000,1440000,1760000,144.0,1413120000,0.008034499998757383,0.005266799998935312,354.12646484375
ariad,10000,32,2,153,0.00019537903426680714,0.932721875,0.9441625,320000,1440000,1760000,144.0,1413120000,0.01574819999950705,0.011934699999983422,354.12646484375
ariad,10000,32,2,154,0.0001940644724527374,0.932915625,0.944409375,320000,1440000,1760000,144.0,1413120000,0.00793599999997241,0.004882000001089182,354.12646484375
ariad,10000,32,2,155,0.00019292408251203597,0.933040625,0.944553125,320000,1440000,1760000,144.0,1413120000,0.008012299998881645,0.005192399999941699,354.12646484375
ariad,10000,32,2,156,0.00019190897000953555,0.93315625,0.94479375,320000,1440000,1760000,144.0,1413120000,0.012661500000831438,0.005599200001597637,354.12646484375
ariad,10000,32,2,157,0.00019097741460427642,0.93335625,0.944925,320000,1440000,1760000,144.0,1413120000,0.008053200001086225,0.005341199999747914,354.12646484375
ariad,10000,32,2,158,0.00019019645696971565,0.9334875,0.9450875,320000,1440000,1760000,144.0,1413120000,0.011575299999094568,0.005346399999325513,354.12646484375
ariad,10000,32,2,159,0.00018949806690216064,0.933596875,0.945325,320000,1440000,1760000,144.0,1413120000,0.010293600000295555,0.0069198999990476295,354.12646484375
ariad,10000,32,2,160,0.00018887028272729367,0.93365625,0.94539375,320000,1440000,1760000,144.0,1413120000,0.008812199999738368,0.005355199999030447,354.12646484375
ariad,10000,32,2,161,0.00018830470799002796,0.933759375,0.945653125,320000,1440000,1760000,144.0,1413120000,0.008567000000766711,0.005607000000964035,354.12646484375
ariad,10000,32,2,162,0.0001877915346994996,0.93394375,0.945709375,320000,1440000,1760000,144.0,1413120000,0.007945800000015879,0.005203600001550512,354.12646484375
ariad,10000,32,2,163,0.00018730462761595845,0.933934375,0.945971875,320000,1440000,1760000,144.0,1413120000,0.011152200000651646,0.007869000000937376,354.12646484375
ariad,10000,32,2,164,0.00018684887618292123,0.934034375,0.946115625,320000,1440000,1760000,144.0,1413120000,0.011910100000022794,0.005377299999963725,354.12646484375
ariad,10000,32,2,165,0.0001864015794126317,0.93414375,0.946315625,320000,1440000,1760000,144.0,1413120000,0.008170199998858152,0.005033000001276378,354.12646484375
ariad,10000,32,2,166,0.00018602902127895504,0.934353125,0.9465125,320000,1440000,1760000,144.0,1413120000,0.011047699999835459,0.005452499999591964,354.12646484375
ariad,10000,32,2,167,0.00018569569510873407,0.93448125,0.9466375,320000,1440000,1760000,144.0,1413120000,0.008372199999939767,0.0053258999996614875,354.12646484375
ariad,10000,32,2,168,0.0001853875583037734,0.93456875,0.94673125,320000,1440000,1760000,144.0,1413120000,0.011385899999368121,0.007661300000108895,354.12646484375
ariad,10000,32,2,169,0.0001851526030804962,0.93468125,0.9469375,320000,1440000,1760000,144.0,1413120000,0.007462800000212155,0.0047885000003589084,354.12646484375
ariad,10000,32,2,170,0.00018495383847039193,0.934815625,0.947021875,320000,1440000,1760000,144.0,1413120000,0.008300699999381322,0.005356199999368982,354.12646484375
ariad,10000,32,2,171,0.00018478877609595656,0.934884375,0.947165625,320000,1440000,1760000,144.0,1413120000,0.007878099999288679,0.005058400000052643,354.12646484375
ariad,10000,32,2,172,0.00018461717991158366,0.934984375,0.94735625,320000,1440000,1760000,144.0,1413120000,0.008292300000903197,0.0050742999992507976,354.12646484375
ariad,10000,32,2,173,0.00018446640751790255,0.935128125,0.947553125,320000,1440000,1760000,144.0,1413120000,0.007845899999665562,0.005145999999513151,354.12646484375
ariad,10000,32,2,174,0.0001843255158746615,0.9352625,0.947734375,320000,1440000,1760000,144.0,1413120000,0.007552000000941916,0.004800499998964369,354.12646484375
ariad,10000,32,2,175,0.0001842225028667599,0.9353375,0.94786875,320000,1440000,1760000,144.0,1413120000,0.007525099999838858,0.004826100001082523,354.12646484375
ariad,10000,32,2,176,0.0001841091871028766,0.935390625,0.94801875,320000,1440000,1760000,144.0,1413120000,0.007519599999795901,0.004795700000613579,354.12646484375
ariad,10000,32,2,177,0.00018401519628241658,0.935434375,0.948084375,320000,1440000,1760000,144.0,1413120000,0.00813420000122278,0.005170100001123501,354.12646484375
ariad,10000,32,2,178,0.00018395345250610262,0.93548125,0.94820625,320000,1440000,1760000,144.0,1413120000,0.007670900000448455,0.004924499999106047,354.12646484375
ariad,10000,32,2,179,0.00018390212790109217,0.935571875,0.94833125,320000,1440000,1760000,144.0,1413120000,0.00822370000059891,0.004900700001599034,354.12646484375
ariad,10000,32,2,180,0.00018383313727099448,0.9356375,0.948434375,320000,1440000,1760000,144.0,1413120000,0.008527500000127475,0.0054531000005226815,354.12646484375
ariad,10000,32,2,181,0.00018377183005213737,0.935690625,0.9484375,320000,1440000,1760000,144.0,1413120000,0.008396600000196486,0.0054579999996349216,354.12646484375
ariad,10000,32,2,182,0.00018371056648902595,0.935815625,0.948534375,320000,1440000,1760000,144.0,1413120000,0.008017599999220693,0.005272699998386088,354.12646484375
ariad,10000,32,2,183,0.0001836599549278617,0.935953125,0.948665625,320000,1440000,1760000,144.0,1413120000,0.007616299999426701,0.004873800000495976,354.12646484375
ariad,10000,32,2,184,0.0001836096926126629,0.93604375,0.948759375,320000,1440000,1760000,144.0,1413120000,0.008718299999600276,0.0049111999996966915,354.12646484375
ariad,10000,32,2,185,0.00018357340013608336,0.9360875,0.948825,320000,1440000,1760000,144.0,1413120000,0.008166800000253716,0.005418200000349316,354.12646484375
ariad,10000,32,2,186,0.0001835487491916865,0.9360875,0.94890625,320000,1440000,1760000,144.0,1413120000,0.007863099999667611,0.00517039999976987,354.12646484375
ariad,10000,32,2,187,0.0001835222210502252,0.936128125,0.948996875,320000,1440000,1760000,144.0,1413120000,0.00759230000039679,0.004900400001133676,354.12646484375
ariad,10000,32,2,188,0.000183490730705671,0.9362,0.9491125,320000,1440000,1760000,144.0,1413120000,0.007833300000129384,0.005103499999677297,354.12646484375
ariad,10000,32,2,189,0.00018346673459745944,0.9362875,0.94918125,320000,1440000,1760000,144.0,1413120000,0.008122799999910058,0.0050164000003860565,354.12646484375
ariad,10000,32,2,190,0.00018343805277254432,0.936353125,0.94928125,320000,1440000,1760000,144.0,1413120000,0.008118399999148096,0.004888899999059504,354.12646484375
ariad,10000,32,2,191,0.0001834272698033601,0.936421875,0.949365625,320000,1440000,1760000,144.0,1413120000,0.007583900000099675,0.004900199999610777,354.12646484375
ariad,10000,32,2,192,0.00018340606766287237,0.93646875,0.949425,320000,1440000,1760000,144.0,1413120000,0.007438699998601805,0.004750399999466026,354.12646484375
ariad,10000,32,2,193,0.0001833876158343628,0.936525,0.94949375,320000,1440000,1760000,144.0,1413120000,0.009856399999989662,0.006836900000052992,354.12646484375
ariad,10000,32,2,194,0.00018337173969484866,0.93655625,0.949565625,320000,1440000,1760000,144.0,1413120000,0.0076848999997309875,0.0048760999998194166,354.12646484375
ariad,10000,32,2,195,0.00018336393986828625,0.93660625,0.94960625,320000,1440000,1760000,144.0,1413120000,0.0076449000007414725,0.004761099999086582,354.12646484375
ariad,10000,32,2,196,0.0001833508868003264,0.936678125,0.949684375,320000,1440000,1760000,144.0,1413120000,0.007852599999750964,0.005113299999720766,354.12646484375
ariad,10000,32,2,197,0.0001833482674555853,0.936721875,0.9497625,320000,1440000,1760000,144.0,1413120000,0.007479300000341027,0.004779799999596435,354.12646484375
ariad,10000,32,2,198,0.00018333490879740566,0.936796875,0.94980625,320000,1440000,1760000,144.0,1413120000,0.007969299998876522,0.005283999998937361,354.12646484375
ariad,10000,32,2,199,0.00018331772298552096,0.93684375,0.949896875,320000,1440000,1760000,144.0,1413120000,0.0075385000000096625,0.004820300000574207,354.12646484375
ariad,10000,32,2,200,0.00018331132014282048,0.9368875,0.94999375,320000,1440000,1760000,144.0,1413120000,0.007467600000381935,0.004814099998839083,354.12646484375
ariad,10000,32,2,201,0.000183288095286116,0.936946875,0.95005625,320000,1440000,1760000,144.0,1413120000,0.007442100000844221,0.004787199999555014,354.12646484375
ariad,10000,32,2,202,0.0001832720881793648,0.936984375,0.950096875,320000,1440000,1760000,144.0,1413120000,0.007913199999165954,0.005088800000521587,354.12646484375
ariad,10000,32,2,203,0.00018326500139664859,0.937009375,0.9501125,320000,1440000,1760000,144.0,1413120000,0.0075063000003865454,0.004807000001164852,354.12646484375
ariad,10000,32,2,204,0.00018325590644963086,0.937084375,0.950215625,320000,1440000,1760000,144.0,1413120000,0.0075711000008595875,0.004852600000958773,354.12646484375
ariad,10000,32,2,205,0.00018324534175917506,0.93714375,0.950271875,320000,1440000,1760000,144.0,1413120000,0.007887700001447229,0.004931399998895358,354.12646484375
ariad,10000,32,2,206,0.00018324542907066643,0.937178125,0.950321875,320000,1440000,1760000,144.0,1413120000,0.0076860999997734325,0.004894300000160001,354.12646484375
ariad,10000,32,2,207,0.00018323783297091722,0.9372375,0.950390625,320000,1440000,1760000,144.0,1413120000,0.007720200001131161,0.00480029999926046,354.12646484375
ariad,10000,32,2,208,0.0001832337147789076,0.9372875,0.950465625,320000,1440000,1760000,144.0,1413120000,0.009356300000945339,0.0063135000000329455,354.12646484375
ariad,10000,32,2,209,0.00018322818505112082,0.937303125,0.95050625,320000,1440000,1760000,144.0,1413120000,0.007501299998693867,0.004806199998711236,354.12646484375
ariad,10000,32,2,210,0.00018322368850931525,0.937325,0.950565625,320000,1440000,1760000,144.0,1413120000,0.00810050000109186,0.005272200000035809,354.12646484375
ariad,10000,32,2,211,0.00018320977687835693,0.937365625,0.950628125,320000,1440000,1760000,144.0,1413120000,0.007507899999836809,0.004830399999264046,354.12646484375
ariad,10000,32,2,212,0.0001832025300245732,0.937428125,0.950703125,320000,1440000,1760000,144.0,1413120000,0.0073790000005828915,0.004696599999078899,354.12646484375
ariad,10000,32,2,213,0.00018319707305636257,0.9375,0.950771875,320000,1440000,1760000,144.0,1413120000,0.00953500000105123,0.006576600000698818,354.12646484375
ariad,10000,32,2,214,0.0001831932459026575,0.937553125,0.950840625,320000,1440000,1760000,144.0,1413120000,0.007544500000221888,0.004863000000113971,354.12646484375
ariad,10000,32,2,215,0.00018318856018595397,0.9376,0.950915625,320000,1440000,1760000,144.0,1413120000,0.00748589999966498,0.00483410000015283,354.12646484375
ariad,10000,32,2,216,0.00018317965441383421,0.9376625,0.9509875,320000,1440000,1760000,144.0,1413120000,0.009732100001201616,0.007075700001223595,354.12646484375
ariad,10000,32,2,217,0.00018317194189876318,0.937721875,0.951046875,320000,1440000,1760000,144.0,1413120000,0.007409399999232846,0.004723399999420508,354.12646484375
ariad,10000,32,2,218,0.00018316578643862158,0.937753125,0.9510875,320000,1440000,1760000,144.0,1413120000,0.010772600000564125,0.0052404000016395,354.12646484375
ariad,10000,32,2,219,0.0001831592817325145,0.937775,0.951121875,320000,1440000,1760000,144.0,1413120000,0.008737399999517947,0.004876599999988684,354.12646484375
ariad,10000,32,2,220,0.00018314480257686228,0.9378125,0.95115,320000,1440000,1760000,144.0,1413120000,0.007490899999538669,0.004840799998419243,354.12646484375
ariad,10000,32,2,221,0.00018313847249373794,0.937846875,0.95121875,320000,1440000,1760000,144.0,1413120000,0.008087799998975242,0.004764700001032907,354.12646484375
ariad,10000,32,2,222,0.00018313090549781919,0.937884375,0.951271875,320000,1440000,1760000,144.0,1413120000,0.009250400000382797,0.006098100000599516,354.12646484375
ariad,10000,32,2,223,0.0001831172121455893,0.937940625,0.951353125,320000,1440000,1760000,144.0,1413120000,0.007481700000425917,0.004822699998840108,354.12646484375
ariad,10000,32,2,224,0.00018311360327061266,0.938,0.9514375,320000,1440000,1760000,144.0,1413120000,0.011166399999638088,0.007435299999997369,354.12646484375
ariad,10000,32,2,225,0.0001831047557061538,0.938046875,0.9515,320000,1440000,1760000,144.0,1413120000,0.008236100000431179,0.0050795999995898455,354.12646484375
ariad,10000,32,2,226,0.00018309277947992086,0.9380875,0.95155,320000,1440000,1760000,144.0,1413120000,0.010221099999398575,0.00493579999965732,354.12646484375
ariad,10000,32,2,227,0.0001830924884416163,0.9381125,0.9516,320000,1440000,1760000,144.0,1413120000,0.009033300000737654,0.005936699999438133,354.12646484375
ariad,10000,32,2,228,0.00018308278231415898,0.9381625,0.95166875,320000,1440000,1760000,144.0,1413120000,0.008140200001435005,0.005373500000132481,354.12646484375
ariad,10000,32,2,229,0.00018307680147700012,0.938203125,0.951725,320000,1440000,1760000,144.0,1413120000,0.009937200000422308,0.0051289000002725516,354.12646484375
ariad,10000,32,2,230,0.00018306903075426817,0.938259375,0.9517625,320000,1440000,1760000,144.0,1413120000,0.008047699999224278,0.005107799999677809,354.12646484375
ariad,10000,32,2,231,0.00018306600395590067,0.93830625,0.951821875,320000,1440000,1760000,144.0,1413120000,0.00821429999996326,0.005199999999604188,354.12646484375
ariad,10000,32,2,232,0.0001830611436162144,0.93833125,0.95185625,320000,1440000,1760000,144.0,1413120000,0.008594500000981498,0.005281400000967551,354.12646484375
ariad,10000,32,2,233,0.000183060736162588,0.93835,0.951896875,320000,1440000,1760000,144.0,1413120000,0.008553600000595907,0.005478300001414027,354.12646484375
ariad,10000,32,2,234,0.0001830585242714733,0.938384375,0.9519375,320000,1440000,1760000,144.0,1413120000,0.008547800000087591,0.005569299999478972,354.12646484375
ariad,10000,32,2,235,0.0001830525288823992,0.938453125,0.9520375,320000,1440000,1760000,144.0,1413120000,0.008938900000430294,0.005744900001445785,354.12646484375
ariad,10000,32,2,236,0.00018305022967979312,0.9384875,0.952071875,320000,1440000,1760000,144.0,1413120000,0.008281200000055833,0.005240800001047319,354.12646484375
ariad,10000,32,2,237,0.0001830453402362764,0.938534375,0.95210625,320000,1440000,1760000,144.0,1413120000,0.00840520000019751,0.0053712999997515,354.12646484375
ariad,10000,32,2,238,0.00018304063996765763,0.9385875,0.95216875,320000,1440000,1760000,144.0,1413120000,0.008138500001223292,0.005192900000110967,354.12646484375
ariad,10000,32,2,239,0.00018303115211892873,0.9386375,0.952228125,320000,1440000,1760000,144.0,1413120000,0.008302799999000854,0.005425100000138627,354.12646484375
ariad,10000,32,2,240,0.00018302084936294705,0.938675,0.95228125,320000,1440000,1760000,144.0,1413120000,0.008748599999307771,0.005197500000576838,354.12646484375
ariad,10000,32,2,241,0.00018302326498087496,0.938715625,0.952340625,320000,1440000,1760000,144.0,1413120000,0.009124899999733316,0.0062230000003182795,354.12646484375
ariad,10000,32,2,242,0.00018301396630704403,0.938796875,0.95241875,320000,1440000,1760000,144.0,1413120000,0.008434600000327919,0.005512399999133777,354.12646484375
ariad,10000,32,2,243,0.00018298854411114007,0.938840625,0.9524875,320000,1440000,1760000,144.0,1413120000,0.008464200000162236,0.005439200000182609,354.12646484375
ariad,10000,32,2,244,0.00018298649229109287,0.93886875,0.952509375,320000,1440000,1760000,144.0,1413120000,0.008402600000408711,0.005421099998784484,354.12646484375
ariad,10000,32,2,245,0.00018297503993380815,0.938915625,0.952546875,320000,1440000,1760000,144.0,1413120000,0.008085600000413251,0.0051354999995965045,354.12646484375
ariad,10000,32,2,246,0.0001829734246712178,0.9389375,0.95259375,320000,1440000,1760000,144.0,1413120000,0.008516099998814752,0.0055840999993961304,354.12646484375
ariad,10000,32,2,247,0.00018296991765964776,0.938978125,0.95264375,320000,1440000,1760000,144.0,1413120000,0.0090608999998949,0.005111299999043695,354.12646484375
ariad,10000,32,2,248,0.00018296827329322696,0.93901875,0.952715625,320000,1440000,1760000,144.0,1413120000,0.00806889999876148,0.0051550000007409835,354.12646484375
ariad,10000,32,2,249,0.00018295939662493765,0.9390625,0.952778125,320000,1440000,1760000,144.0,1413120000,0.00824330000068585,0.005286999999952968,354.12646484375
ariad,10000,32,2,250,0.00018295555491931736,0.93909375,0.952821875,320000,1440000,1760000,144.0,1413120000,0.009019400000397582,0.004977399999916088,354.12646484375
ariad,10000,32,2,251,0.00018295302288606763,0.939125,0.9528625,320000,1440000,1760000,144.0,1413120000,0.008273699999335804,0.0052973999991081655,354.12646484375
ariad,10000,32,2,252,0.0001829378743423149,0.939190625,0.9529375,320000,1440000,1760000,144.0,1413120000,0.008009900000615744,0.0051693999994313344,354.12646484375
ariad,10000,32,2,253,0.00018292271124664694,0.9392375,0.953003125,320000,1440000,1760000,144.0,1413120000,0.00871980000010808,0.005850000001373701,354.12646484375
ariad,10000,32,2,254,0.0001829143729992211,0.939278125,0.953065625,320000,1440000,1760000,144.0,1413120000,0.008127200000672019,0.005445499999041203,354.12646484375
ariad,10000,32,2,255,0.00018291074957232922,0.939303125,0.95310625,320000,1440000,1760000,144.0,1413120000,0.0090174000015395,0.005377899999075453,354.12646484375
ariad,10000,32,2,256,0.00018290731532033533,0.939346875,0.953165625,320000,1440000,1760000,144.0,1413120000,0.009018699998705415,0.005255399999441579,354.12646484375
ariad,10000,32,2,257,0.00018290021398570389,0.939390625,0.9532125,320000,1440000,1760000,144.0,1413120000,0.008183800000551855,0.0055114000006142305,354.12646484375
ariad,10000,32,2,258,0.0001828917593229562,0.93943125,0.9532625,320000,1440000,1760000,144.0,1413120000,0.008398800000577467,0.005431099998531863,354.12646484375
ariad,10000,32,2,259,0.00018287045531906188,0.9394875,0.95330625,320000,1440000,1760000,144.0,1413120000,0.008056099999521393,0.005098699999507517,354.12646484375
ariad,10000,32,2,260,0.00018286592967342585,0.939528125,0.95335625,320000,1440000,1760000,144.0,1413120000,0.007716499998423387,0.005010200000469922,354.12646484375
ariad,10000,32,2,261,0.00018286144768353552,0.93955625,0.953403125,320000,1440000,1760000,144.0,1413120000,0.0103529999996681,0.005019100000936305,354.12646484375
ariad,10000,32,2,262,0.00018285136320628226,0.939584375,0.953434375,320000,1440000,1760000,144.0,1413120000,0.011033500000849017,0.00823590000072727,354.12646484375
ariad,10000,32,2,263,0.00018285152327734977,0.939615625,0.953484375,320000,1440000,1760000,144.0,1413120000,0.008025699999052449,0.005012600000554812,354.12646484375
ariad,10000,32,2,264,0.00018284555699210614,0.939659375,0.95354375,320000,1440000,1760000,144.0,1413120000,0.007785099998727674,0.004825800000617164,354.12646484375
ariad,10000,32,2,265,0.00018283937242813408,0.9397,0.953571875,320000,1440000,1760000,144.0,1413120000,0.007780800000546151,0.004914600000120117,354.12646484375
ariad,10000,32,2,266,0.00018283567624166608,0.939728125,0.953615625,320000,1440000,1760000,144.0,1413120000,0.007750000000669388,0.004849099999773898,354.12646484375
ariad,10000,32,2,267,0.00018282160453964025,0.93978125,0.95368125,320000,1440000,1760000,144.0,1413120000,0.00803730000006908,0.005022000001190463,354.12646484375
ariad,10000,32,2,268,0.0001828020322136581,0.93985625,0.953784375,320000,1440000,1760000,144.0,1413120000,0.010377900000094087,0.005224800001087715,354.12646484375
ariad,10000,32,2,269,0.00018279034702572972,0.9399,0.95385,320000,1440000,1760000,144.0,1413120000,0.007949400000143214,0.004958999999871594,354.12646484375
ariad,10000,32,2,270,0.00018278899369761348,0.93994375,0.953903125,320000,1440000,1760000,144.0,1413120000,0.007961499999510124,0.005056500000137021,354.12646484375
ariad,10000,32,2,271,0.00018278595234733075,0.93996875,0.953928125,320000,1440000,1760000,144.0,1413120000,0.009851699998762342,0.0067983999997522915,354.12646484375
ariad,10000,32,2,272,0.00018278583593200892,0.939978125,0.953953125,320000,1440000,1760000,144.0,1413120000,0.007888100000855047,0.005161200000657118,354.12646484375
ariad,10000,32,2,273,0.00018277835624758154,0.94000625,0.954,320000,1440000,1760000,144.0,1413120000,0.009420200000022305,0.005050799998571165,354.12646484375
ariad,10000,32,2,274,0.00018277348135598004,0.94005625,0.954046875,320000,1440000,1760000,144.0,1413120000,0.007576799998787465,0.004871499999353546,354.12646484375
ariad,10000,32,2,275,0.00018277132767252624,0.940109375,0.9540875,320000,1440000,1760000,144.0,1413120000,0.007800199999110191,0.0051057000000582775,354.12646484375
ariad,10000,32,2,276,0.00018276821356266737,0.940121875,0.954125,320000,1440000,1760000,144.0,1413120000,0.007930699999633362,0.005062200001702877,354.12646484375
ariad,10000,32,2,277,0.00018276357150170952,0.940146875,0.954175,320000,1440000,1760000,144.0,1413120000,0.011891199999809032,0.009205199999996694,354.12646484375
ariad,10000,32,2,278,0.00018276296032126993,0.940178125,0.954221875,320000,1440000,1760000,144.0,1413120000,0.008954200000516721,0.005817699999170145,354.12646484375
ariad,10000,32,2,279,0.00018276144692208618,0.94021875,0.95425625,320000,1440000,1760000,144.0,1413120000,0.007800900000802358,0.004877199999100412,354.12646484375
ariad,10000,32,2,280,0.00018275718321092427,0.940271875,0.954296875,320000,1440000,1760000,144.0,1413120000,0.011326399999234127,0.004984799999874667,354.12646484375
ariad,10000,32,2,281,0.00018275476759299636,0.940315625,0.9543625,320000,1440000,1760000,144.0,1413120000,0.008237999998527812,0.00516070000048785,354.12646484375
ariad,10000,32,2,282,0.00018275523325428367,0.940346875,0.954403125,320000,1440000,1760000,144.0,1413120000,0.008064499999818509,0.005180800000744057,354.12646484375
ariad,10000,32,2,283,0.0001827459636842832,0.940384375,0.95445625,320000,1440000,1760000,144.0,1413120000,0.007840099999157246,0.0049034999992727535,354.12646484375
ariad,10000,32,2,284,0.0001827445812523365,0.940421875,0.954515625,320000,1440000,1760000,144.0,1413120000,0.010503200001039659,0.006966999999349355,354.12646484375
ariad,10000,32,2,285,0.00018273941532243043,0.94046875,0.95456875,320000,1440000,1760000,144.0,1413120000,0.008953100001235725,0.005846400001246366,354.12646484375
ariad,10000,32,2,286,0.00018273577734362334,0.94051875,0.95463125,320000,1440000,1760000,144.0,1413120000,0.007907600000180537,0.0049968999992415775,354.12646484375
ariad,10000,32,2,287,0.00018274044850841165,0.94056875,0.9546875,320000,1440000,1760000,144.0,1413120000,0.011394900000595953,0.005316299999321927,354.12646484375
ariad,10000,32,2,288,0.00018272992747370154,0.94059375,0.95473125,320000,1440000,1760000,144.0,1413120000,0.011487100000522332,0.005523899999388959,354.12646484375
ariad,10000,32,2,289,0.00018271905719302595,0.940634375,0.954803125,320000,1440000,1760000,144.0,1413120000,0.008987400000478374,0.0059701999998651445,354.12646484375
ariad,10000,32,2,290,0.00018270150758326054,0.94069375,0.954875,320000,1440000,1760000,144.0,1413120000,0.008659900000566267,0.005634799999825191,354.12646484375
ariad,10000,32,2,291,0.00018269766587764025,0.940728125,0.954915625,320000,1440000,1760000,144.0,1413120000,0.007511400001021684,0.004831199999898672,354.12646484375
ariad,10000,32,2,292,0.00018268270650878549,0.940771875,0.954965625,320000,1440000,1760000,144.0,1413120000,0.007459000000380911,0.004758900000524591,354.12646484375
ariad,10000,32,2,293,0.00018267781706526875,0.940803125,0.9549875,320000,1440000,1760000,144.0,1413120000,0.00868570000056934,0.004880700000285287,354.12646484375
ariad,10000,32,2,294,0.00018267518316861242,0.940825,0.95500625,320000,1440000,1760000,144.0,1413120000,0.007758200001262594,0.005020700000386569,354.12646484375
ariad,10000,32,2,295,0.0001826651132432744,0.940878125,0.955059375,320000,1440000,1760000,144.0,1413120000,0.007520699999076896,0.00485590000062075,354.12646484375
ariad,10000,32,2,296,0.00018266100960318,0.9409125,0.95511875,320000,1440000,1760000,144.0,1413120000,0.007693100000324193,0.005005099999834783,354.12646484375
ariad,10000,32,2,297,0.00018266381812281907,0.94094375,0.955171875,320000,1440000,1760000,144.0,1413120000,0.008658499999000924,0.005760400001236121,354.12646484375
ariad,10000,32,2,298,0.00018265837570652366,0.9409875,0.955246875,320000,1440000,1760000,144.0,1413120000,0.008578400000260444,0.0049980999992840225,354.12646484375
ariad,10000,32,2,299,0.00018265556718688458,0.941003125,0.95528125,320000,1440000,1760000,144.0,1413120000,0.00768910000078904,0.004912600001262035,354.12646484375
ariad,10000,32,2,300,0.0001826542429625988,0.941028125,0.9553375,320000,1440000,1760000,144.0,1413120000,0.007662900001378148,0.004924699998809956,354.12646484375
ariad,10000,32,2,301,0.00018265614926349372,0.941065625,0.9553875,320000,1440000,1760000,144.0,1413120000,0.007775599999149563,0.0049752000013540965,354.12646484375
ariad,10000,32,2,302,0.00018264749087393284,0.9411,0.95540625,320000,1440000,1760000,144.0,1413120000,0.00958610000088811,0.00666579999960959,354.12646484375
ariad,10000,32,2,303,0.00018264117534272373,0.941121875,0.95544375,320000,1440000,1760000,144.0,1413120000,0.007994599998710328,0.005141199999343371,354.12646484375
ariad,10000,32,2,304,0.00018263192032463849,0.94116875,0.955509375,320000,1440000,1760000,144.0,1413120000,0.007716099999015569,0.004914300001473748,354.12646484375
ariad,10000,32,2,305,0.00018262486264575273,0.941228125,0.955578125,320000,1440000,1760000,144.0,1413120000,0.009067599999980303,0.005802200001198798,354.12646484375
ariad,10000,32,2,306,0.0001826184889068827,0.941271875,0.955609375,320000,1440000,1760000,144.0,1413120000,0.008137900000292575,0.005234700000073644,354.12646484375
ariad,10000,32,2,307,0.00018261496734339744,0.941321875,0.955659375,320000,1440000,1760000,144.0,1413120000,0.009829600001467043,0.006267299999308307,354.12646484375
ariad,10000,32,2,308,0.00018260409706272185,0.941346875,0.955703125,320000,1440000,1760000,144.0,1413120000,0.007711100000960869,0.004822299999432289,354.12646484375
ariad,10000,32,2,309,0.00018258573254570365,0.941409375,0.955778125,320000,1440000,1760000,144.0,1413120000,0.007798399999956018,0.005029600000852952,354.12646484375
ariad,10000,32,2,310,0.00018256745534017682,0.94145,0.955825,320000,1440000,1760000,144.0,1413120000,0.008685200000400073,0.005755099999078084,354.12646484375
ariad,10000,32,2,311,0.00018256637849844992,0.94149375,0.955871875,320000,1440000,1760000,144.0,1413120000,0.007880999999542837,0.005195100000491948,354.12646484375
ariad,10000,32,2,312,0.00018256287148687989,0.941525,0.95590625,320000,1440000,1760000,144.0,1413120000,0.009332399999038898,0.006243599998924765,354.12646484375
ariad,10000,32,2,313,0.00018255526083521545,0.941571875,0.955971875,320000,1440000,1760000,144.0,1413120000,0.008002299999134266,0.0048475999992660945,354.12646484375
ariad,10000,32,2,314,0.00018254356109537184,0.94160625,0.95601875,320000,1440000,1760000,144.0,1413120000,0.007687100000111968,0.0049825999994936865,354.12646484375
ariad,10000,32,2,315,0.00018253207963425666,0.9416375,0.956065625,320000,1440000,1760000,144.0,1413120000,0.007895599999756087,0.005174599999008933,354.12646484375
ariad,10000,32,2,316,0.00018252895097248256,0.94168125,0.956121875,320000,1440000,1760000,144.0,1413120000,0.008040700000492507,0.005342499998732819,354.12646484375
ariad,10000,32,2,317,0.000182523435796611,0.9417125,0.956165625,320000,1440000,1760000,144.0,1413120000,0.008046299999477924,0.005358200000046054,354.12646484375
ariad,10000,32,2,318,0.0001825185026973486,0.941740625,0.956209375,320000,1440000,1760000,144.0,1413120000,0.007947300000523683,0.005157199999302975,354.12646484375
ariad,10000,32,2,319,0.00018250646826345474,0.94178125,0.9562625,320000,1440000,1760000,144.0,1413120000,0.008138199998938944,0.0049181000013049925,354.12646484375
ariad,10000,32,2,320,0.00018250205903314054,0.941809375,0.956315625,320000,1440000,1760000,144.0,1413120000,0.008086400001047878,0.004900199999610777,354.12646484375
ariad,10000,32,2,321,0.00018249508866574615,0.94185625,0.956359375,320000,1440000,1760000,144.0,1413120000,0.00819229999979143,0.005388999999922817,354.12646484375
ariad,10000,32,2,322,0.00018249748973175883,0.941890625,0.9564125,320000,1440000,1760000,144.0,1413120000,0.007972600000357488,0.005238400000962429,354.12646484375
ariad,10000,32,2,323,0.00018249184358865023,0.941921875,0.956434375,320000,1440000,1760000,144.0,1413120000,0.0077354999993985984,0.005043600000135484,354.12646484375
ariad,10000,32,2,324,0.0001824914215831086,0.941946875,0.95646875,320000,1440000,1760000,144.0,1413120000,0.007740400000329828,0.005008099999031401,354.12646484375
ariad,10000,32,2,325,0.00018249035929329693,0.9419625,0.95649375,320000,1440000,1760000,144.0,1413120000,0.007917799999631825,0.005169699999896693,354.12646484375
ariad,10000,32,2,326,0.00018248327251058072,0.942003125,0.956540625,320000,1440000,1760000,144.0,1413120000,0.007866100000683218,0.005108700001073885,354.12646484375
ariad,10000,32,2,327,0.00018247369735036045,0.94205625,0.9566125,320000,1440000,1760000,144.0,1413120000,0.007913100000223494,0.004759299999932409,354.12646484375
ariad,10000,32,2,328,0.0001824640785343945,0.942103125,0.95666875,320000,1440000,1760000,144.0,1413120000,0.008283899998787092,0.005481899999722373,354.12646484375
ariad,10000,32,2,329,0.00018246276886202395,0.942125,0.9567,320000,1440000,1760000,144.0,1413120000,0.007732399999440531,0.005046700000093551,354.12646484375
ariad,10000,32,2,330,0.00018245915998704731,0.94215625,0.95675625,320000,1440000,1760000,144.0,1413120000,0.007810900000549736,0.00495250000130909,354.12646484375
ariad,10000,32,2,331,0.0001824416103772819,0.942203125,0.9568125,320000,1440000,1760000,144.0,1413120000,0.008968200001618243,0.005058400000052643,354.12646484375
ariad,10000,32,2,332,0.00018243544036522508,0.942240625,0.95685625,320000,1440000,1760000,144.0,1413120000,0.00962249999975029,0.004804300000614603,354.12646484375
ariad,10000,32,2,333,0.00018243877275381237,0.942253125,0.956884375,320000,1440000,1760000,144.0,1413120000,0.008195100001103128,0.005149900000105845,354.12646484375
ariad,10000,32,2,334,0.0001824362261686474,0.9422875,0.956928125,320000,1440000,1760000,144.0,1413120000,0.00787289999971108,0.005202699998335447,354.12646484375
ariad,10000,32,2,335,0.00018243571685161442,0.942290625,0.9569625,320000,1440000,1760000,144.0,1413120000,0.008355599999049446,0.005418100001406856,354.12646484375
ariad,10000,32,2,336,0.0001824375067371875,0.942296875,0.95698125,320000,1440000,1760000,144.0,1413120000,0.008375999999771011,0.004983700000593672,354.12646484375
ariad,10000,32,2,337,0.00018243512022309005,0.942334375,0.957021875,320000,1440000,1760000,144.0,1413120000,0.00784629999907338,0.005152699999598553,354.12646484375
ariad,10000,32,2,338,0.00018242608348373324,0.942375,0.957065625,320000,1440000,1760000,144.0,1413120000,0.007752599998639198,0.00496000000021013,354.12646484375
ariad,10000,32,2,339,0.00018242573423776776,0.9424,0.95709375,320000,1440000,1760000,144.0,1413120000,0.007782700000461773,0.004736800001410302,354.12646484375
ariad,10000,32,2,340,0.00018241212819702923,0.942421875,0.957140625,320000,1440000,1760000,144.0,1413120000,0.007949200000439305,0.005219500000748667,354.12646484375
ariad,10000,32,2,341,0.00018240346980746835,0.942459375,0.95719375,320000,1440000,1760000,144.0,1413120000,0.007980800000950694,0.005224399999860907,354.12646484375
ariad,10000,32,2,342,0.0001823993370635435,0.942490625,0.957209375,320000,1440000,1760000,144.0,1413120000,0.008012599999347003,0.005275199999232427,354.12646484375
ariad,10000,32,2,343,0.00018240055942442268,0.942521875,0.95724375,320000,1440000,1760000,144.0,1413120000,0.0077693000002909685,0.005045899999458925,354.12646484375
ariad,10000,32,2,344,0.00018240012286696583,0.94254375,0.957275,320000,1440000,1760000,144.0,1413120000,0.008570199999667238,0.005381599999964237,354.12646484375
ariad,10000,32,2,345,0.0001823966740630567,0.942565625,0.95730625,320000,1440000,1760000,144.0,1413120000,0.007549900001322385,0.0048773999988043215,354.12646484375
ariad,10000,32,2,346,0.00018239316705148667,0.942596875,0.957340625,320000,1440000,1760000,144.0,1413120000,0.008054999998421408,0.0053014999994047685,354.12646484375
ariad,10000,32,2,347,0.00018239027122035623,0.942596875,0.9573625,320000,1440000,1760000,144.0,1413120000,0.007505600000513368,0.00483410000015283,354.12646484375
ariad,10000,32,2,348,0.00018238689517602324,0.9426125,0.957384375,320000,1440000,1760000,144.0,1413120000,0.0075784999989991775,0.004895000000033178,354.12646484375
ariad,10000,32,2,349,0.0001823838974814862,0.942625,0.957390625,320000,1440000,1760000,144.0,1413120000,0.008675099999891245,0.004872299999988172,354.12646484375
ariad,10000,32,2,350,0.00018237982294522226,0.9426625,0.957425,320000,1440000,1760000,144.0,1413120000,0.007575199999337201,0.0048728999990999,354.12646484375
ariad,10000,32,2,351,0.00018238014308735728,0.942684375,0.957465625,320000,1440000,1760000,144.0,1413120000,0.007578200000352808,0.004866700001002755,354.12646484375
ariad,10000,32,2,352,0.00018237454059999436,0.942715625,0.957503125,320000,1440000,1760000,144.0,1413120000,0.008361300000615302,0.005435399998532375,354.12646484375
ariad,10000,32,2,353,0.00018236899632029235,0.942771875,0.957553125,320000,1440000,1760000,144.0,1413120000,0.007675000000745058,0.004932800000460702,354.12646484375
ariad,10000,32,2,354,0.0001823682978283614,0.9428125,0.957590625,320000,1440000,1760000,144.0,1413120000,0.0081172999998671,0.005370999999286141,354.12646484375
ariad,10000,32,2,355,0.0001823648199206218,0.94284375,0.957625,320000,1440000,1760000,144.0,1413120000,0.007979199999681441,0.005045399999289657,354.12646484375
ariad,10000,32,2,356,0.00018236372852697968,0.942871875,0.957653125,320000,1440000,1760000,144.0,1413120000,0.00781260000076145,0.00489220000054047,354.12646484375
ariad,10000,32,2,357,0.00018233932496514171,0.9429125,0.95769375,320000,1440000,1760000,144.0,1413120000,0.008359600000403589,0.00488009999935457,354.12646484375
ariad,10000,32,2,358,0.00018233494483865798,0.94293125,0.95774375,320000,1440000,1760000,144.0,1413120000,0.008091399999102578,0.004933100000926061,354.12646484375
ariad,10000,32,2,359,0.00018232820730190724,0.942953125,0.957771875,320000,1440000,1760000,144.0,1413120000,0.007912500001111766,0.005211099998632562,354.12646484375
ariad,10000,32,2,360,0.0001823219790821895,0.942971875,0.957821875,320000,1440000,1760000,144.0,1413120000,0.008074600000327337,0.005320100000972161,354.12646484375
ariad,10000,32,2,361,0.00018231947615277022,0.9429875,0.957840625,320000,1440000,1760000,144.0,1413120000,0.009074699999473523,0.005519500000445987,354.12646484375
ariad,10000,32,2,362,0.00018231815192848444,0.94301875,0.957871875,320000,1440000,1760000,144.0,1413120000,0.008021300000109477,0.005261700000119163,354.12646484375
ariad,10000,32,2,363,0.000182314746780321,0.943046875,0.957915625,320000,1440000,1760000,144.0,1413120000,0.007900300000983407,0.005224099999395548,354.12646484375
ariad,10000,32,2,364,0.00018232513684779406,0.943071875,0.957946875,320000,1440000,1760000,144.0,1413120000,0.00943820000065898,0.005252900000414229,354.12646484375
ariad,10000,32,2,365,0.00018231471767649055,0.94308125,0.957978125,320000,1440000,1760000,144.0,1413120000,0.007771099999445141,0.005050900001151604,354.12646484375
ariad,10000,32,2,366,0.00018230914429295808,0.94310625,0.958025,320000,1440000,1760000,144.0,1413120000,0.008259700000053272,0.005132800000865245,354.12646484375
ariad,10000,32,2,367,0.0001822981721488759,0.94315,0.95808125,320000,1440000,1760000,144.0,1413120000,0.007908900000984431,0.00482209999972838,354.12646484375
ariad,10000,32,2,368,0.0001822902704589069,0.94318125,0.95811875,320000,1440000,1760000,144.0,1413120000,0.009393899999849964,0.004914499999358668,354.12646484375
ariad,10000,32,2,369,0.00018228479893878102,0.943209375,0.95815,320000,1440000,1760000,144.0,1413120000,0.008468900001389557,0.005606500000794767,354.12646484375
ariad,10000,32,2,370,0.00018228405679110438,0.9432375,0.95818125,320000,1440000,1760000,144.0,1413120000,0.00807379999969271,0.0048320999994757585,354.12646484375
ariad,10000,32,2,371,0.00018228412955068052,0.94325,0.958215625,320000,1440000,1760000,144.0,1413120000,0.007978400000865804,0.004825699999855715,354.12646484375
ariad,10000,32,2,372,0.000182278934516944,0.94328125,0.95824375,320000,1440000,1760000,144.0,1413120000,0.00824090000060096,0.004905800000415184,354.12646484375
ariad,10000,32,2,373,0.00018227803229819983,0.943315625,0.9582875,320000,1440000,1760000,144.0,1413120000,0.00786080000034417,0.005107299999508541,354.12646484375
ariad,10000,32,2,374,0.00018227574764750898,0.943353125,0.958321875,320000,1440000,1760000,144.0,1413120000,0.007948799999212497,0.0051938999986305134,354.12646484375
ariad,10000,32,2,375,0.00018227107648272067,0.94338125,0.958346875,320000,1440000,1760000,144.0,1413120000,0.0078002000009291805,0.005025000000387081,354.12646484375
ariad,10000,32,2,376,0.0001822730409912765,0.943409375,0.958378125,320000,1440000,1760000,144.0,1413120000,0.007693199999266653,0.0050188999994134065,354.12646484375
ariad,10000,32,2,377,0.0001822746271500364,0.94343125,0.958403125,320000,1440000,1760000,144.0,1413120000,0.008285399999294896,0.005440299999463605,354.12646484375
ariad,10000,32,2,378,0.00018224726954940706,0.94346875,0.9584375,320000,1440000,1760000,144.0,1413120000,0.00829630000043835,0.005338599999959115,354.12646484375
ariad,10000,32,2,379,0.00018224644009023905,0.943478125,0.958459375,320000,1440000,1760000,144.0,1413120000,0.007730299999821,0.004867300000114483,354.12646484375
ariad,10000,32,2,380,0.00018224003724753857,0.943509375,0.95848125,320000,1440000,1760000,144.0,1413120000,0.007665799999813316,0.0048052000001916895,354.12646484375
ariad,10000,32,2,381,0.00018224053201265633,0.94353125,0.95850625,320000,1440000,1760000,144.0,1413120000,0.00771329999952286,0.004803300000276067,354.12646484375
ariad,10000,32,2,382,0.0001822413905756548,0.9435625,0.958546875,320000,1440000,1760000,144.0,1413120000,0.008841899998515146,0.004897999999229796,354.12646484375
ariad,10000,32,2,383,0.00018223848019260913,0.9435875,0.95859375,320000,1440000,1760000,144.0,1413120000,0.007439700000759331,0.004741300001114723,354.12646484375
ariad,10000,32,2,384,0.0001822375925257802,0.943621875,0.958634375,320000,1440000,1760000,144.0,1413120000,0.007747599998765509,0.004855099999986123,354.12646484375
ariad,10000,32,2,385,0.00018223676306661218,0.943640625,0.95866875,320000,1440000,1760000,144.0,1413120000,0.007530099999712547,0.004860499999267631,354.12646484375
ariad,10000,32,2,386,0.00018222577637061477,0.9436625,0.9587125,320000,1440000,1760000,144.0,1413120000,0.008549100000891485,0.005827799999678973,354.12646484375
ariad,10000,32,2,387,0.0001822283520596102,0.94368125,0.958728125,320000,1440000,1760000,144.0,1413120000,0.0075474999994185055,0.00481240000044636,354.12646484375
ariad,10000,32,2,388,0.0001822180493036285,0.94369375,0.95875,320000,1440000,1760000,144.0,1413120000,0.00922560000071826,0.004842800000915304,354.12646484375
ariad,10000,32,2,389,0.0001822153863031417,0.943709375,0.958778125,320000,1440000,1760000,144.0,1413120000,0.00751739999941492,0.00477599999976519,354.12646484375
ariad,10000,32,2,390,0.000182214513188228,0.9437375,0.95880625,320000,1440000,1760000,144.0,1413120000,0.007608800000525662,0.004897799999525887,354.12646484375
ariad,10000,32,2,391,0.00018220915808342397,0.943759375,0.95885625,320000,1440000,1760000,144.0,1413120000,0.007460999999238993,0.004741999999168911,354.12646484375
ariad,10000,32,2,392,0.000182198200491257,0.943796875,0.95890625,320000,1440000,1760000,144.0,1413120000,0.007834799998818198,0.004743100000268896,354.12646484375
ariad,10000,32,2,393,0.00018219227786175907,0.943834375,0.95895625,320000,1440000,1760000,144.0,1413120000,0.00781260000076145,0.004857399999309564,354.12646484375
ariad,10000,32,2,394,0.0001821957848733291,0.943871875,0.959,320000,1440000,1760000,144.0,1413120000,0.00798430000031658,0.0052692000008391915,354.12646484375
ariad,10000,32,2,395,0.0001821945479605347,0.94389375,0.959021875,320000,1440000,1760000,144.0,1413120000,0.00785850000102073,0.00510279999980412,354.12646484375
ariad,10000,32,2,396,0.0001821923506213352,0.94391875,0.959040625,320000,1440000,1760000,144.0,1413120000,0.00802069999917876,0.005301600000166218,354.12646484375
ariad,10000,32,2,397,0.0001821886980906129,0.9439625,0.9590875,320000,1440000,1760000,144.0,1413120000,0.007782900000165682,0.005110899999635876,354.12646484375
ariad,10000,32,2,398,0.00018218246987089515,0.943978125,0.9591375,320000,1440000,1760000,144.0,1413120000,0.008015199999135802,0.005171200000404497,354.12646484375
ariad,10000,32,2,399,0.00018218159675598145,0.94400625,0.959165625,320000,1440000,1760000,144.0,1413120000,0.008263400000942056,0.005036800001107622,354.12646484375
ariad,10000,32,2,400,0.00018218602053821087,0.944034375,0.9592125,320000,1440000,1760000,144.0,1413120000,0.008248800000728806,0.005040000000008149,354.12646484375
ariad,10000,32,2,401,0.00018218276090919971,0.944059375,0.959246875,320000,1440000,1760000,144.0,1413120000,0.008713100000022678,0.005690800000593299,354.12646484375
ariad,10000,32,2,402,0.0001821808109525591,0.9441,0.959303125,320000,1440000,1760000,144.0,1413120000,0.008017699999982142,0.00514639999892097,354.12646484375
ariad,10000,32,2,403,0.00018217797332908958,0.944134375,0.959353125,320000,1440000,1760000,144.0,1413120000,0.008109599999443162,0.00524550000045565,354.12646484375
ariad,10000,32,2,404,0.00018217474280390888,0.944153125,0.959371875,320000,1440000,1760000,144.0,1413120000,0.008221699999921839,0.005102499999338761,354.12646484375
ariad,10000,32,2,405,0.0001821727055357769,0.944159375,0.9593875,320000,1440000,1760000,144.0,1413120000,0.007975800001077005,0.004910600000584964,354.12646484375
ariad,10000,32,2,406,0.0001821690530050546,0.94419375,0.9594375,320000,1440000,1760000,144.0,1413120000,0.00791419999950449,0.0049344999988534255,354.12646484375
ariad,10000,32,2,407,0.00018216573516838253,0.9442125,0.959475,320000,1440000,1760000,144.0,1413120000,0.00789739999891026,0.004893100000117556,354.12646484375
ariad,10000,32,2,408,0.00018216411990579218,0.944234375,0.9595,320000,1440000,1760000,144.0,1413120000,0.010764700000436278,0.0051354999995965045,354.12646484375
ariad,10000,32,2,409,0.00018215918680652976,0.944271875,0.959540625,320000,1440000,1760000,144.0,1413120000,0.008127299999614479,0.005172600000150851,354.12646484375
ariad,10000,32,2,410,0.00018215332238469273,0.944309375,0.95958125,320000,1440000,1760000,144.0,1413120000,0.008099700000457233,0.005001400000764988,354.12646484375
ariad,10000,32,2,411,0.0001821528421714902,0.944315625,0.95960625,320000,1440000,1760000,144.0,1413120000,0.007819099999323953,0.004830300000321586,354.12646484375
ariad,10000,32,2,412,0.00018215272575616837,0.944325,0.959625,320000,1440000,1760000,144.0,1413120000,0.008190899998226087,0.005245199999990291,354.12646484375
ariad,10000,32,2,413,0.0001821551995817572,0.944353125,0.959653125,320000,1440000,1760000,144.0,1413120000,0.008557499999369611,0.005640499999572057,354.12646484375
ariad,10000,32,2,414,0.00018215486488770694,0.944371875,0.95968125,320000,1440000,1760000,144.0,1413120000,0.007851899999877787,0.005143000000316533,354.12646484375
ariad,10000,32,2,415,0.00018214949523098767,0.944403125,0.959728125,320000,1440000,1760000,144.0,1413120000,0.008095999999568448,0.005219399999987218,354.12646484375
ariad,10000,32,2,416,0.00018214969895780087,0.944415625,0.95975,320000,1440000,1760000,144.0,1413120000,0.007777199998599826,0.005040099998950609,354.12646484375
ariad,10000,32,2,417,0.0001821444893721491,0.94445,0.95979375,320000,1440000,1760000,144.0,1413120000,0.008038600000872975,0.00529140000071493,354.12646484375
ariad,10000,32,2,418,0.0001821541227400303,0.944475,0.959846875,320000,1440000,1760000,144.0,1413120000,0.010328900001695729,0.0050640999997995095,354.12646484375
ariad,10000,32,2,419,0.0001821461191866547,0.944509375,0.95988125,320000,1440000,1760000,144.0,1413120000,0.007941900001242175,0.005000799999834271,354.12646484375
ariad,10000,32,2,420,0.00018213906150776893,0.944534375,0.9599125,320000,1440000,1760000,144.0,1413120000,0.0084753000010096,0.005254300000160583,354.12646484375
ariad,10000,32,2,421,0.0001821398182073608,0.944559375,0.95995,320000,1440000,1760000,144.0,1413120000,0.007912800001577125,0.005163899999388377,354.12646484375
ariad,10000,32,2,422,0.00018213382281828672,0.94459375,0.9599875,320000,1440000,1760000,144.0,1413120000,0.007734599999821512,0.0050123000000894535,354.12646484375
ariad,10000,32,2,423,0.0001821366313379258,0.944634375,0.960040625,320000,1440000,1760000,144.0,1413120000,0.007985600001120474,0.00522129999990284,354.12646484375
ariad,10000,32,2,424,0.00018213517614640296,0.944665625,0.9600625,320000,1440000,1760000,144.0,1413120000,0.007910000000265427,0.005190800000491436,354.12646484375
ariad,10000,32,2,425,0.00018213260045740753,0.9446875,0.9600875,320000,1440000,1760000,144.0,1413120000,0.00848509999923408,0.005449399999633897,354.12646484375
ariad,10000,32,2,426,0.00018212625582236797,0.944696875,0.96011875,320000,1440000,1760000,144.0,1413120000,0.007943599999634898,0.004942200001096353,354.12646484375
ariad,10000,32,2,427,0.00018212619761470705,0.944721875,0.9601375,320000,1440000,1760000,144.0,1413120000,0.007864600000175415,0.004932800000460702,354.12646484375
ariad,10000,32,2,428,0.00018211620044894516,0.94474375,0.960153125,320000,1440000,1760000,144.0,1413120000,0.008127200000672019,0.005033699999330565,354.12646484375
ariad,10000,32,2,429,0.00018211427959613502,0.944775,0.960190625,320000,1440000,1760000,144.0,1413120000,0.007885600000008708,0.0051473000003170455,354.12646484375
ariad,10000,32,2,430,0.00018211285350844264,0.944796875,0.96021875,320000,1440000,1760000,144.0,1413120000,0.00781009999991511,0.005090799999379669,354.12646484375
ariad,10000,32,2,431,0.0001821038604248315,0.944828125,0.960265625,320000,1440000,1760000,144.0,1413120000,0.008479699999952572,0.005558700000619865,354.12646484375
ariad,10000,32,2,432,0.00018209898553323,0.94485625,0.960325,320000,1440000,1760000,144.0,1413120000,0.010782299999846146,0.007827400000678608,354.12646484375
ariad,10000,32,2,433,0.0001820922625483945,0.944871875,0.96034375,320000,1440000,1760000,144.0,1413120000,0.008143099999870174,0.005320799999026349,354.12646484375
ariad,10000,32,2,434,0.0001820927282096818,0.9449,0.96036875,320000,1440000,1760000,144.0,1413120000,0.008280699999886565,0.005525900000066031,354.12646484375
ariad,10000,32,2,435,0.00018209361587651074,0.9449125,0.96039375,320000,1440000,1760000,144.0,1413120000,0.010032899999714573,0.007074999999531428,354.12646484375
ariad,10000,32,2,436,0.00018209271365776658,0.944925,0.9604125,320000,1440000,1760000,144.0,1413120000,0.007910300000730786,0.004956799999490613,354.12646484375
ariad,10000,32,2,437,0.00018208999244961888,0.944946875,0.960446875,320000,1440000,1760000,144.0,1413120000,0.008113700001558755,0.005182200000490411,354.12646484375
ariad,10000,32,2,438,0.00018209054542239755,0.944959375,0.960471875,320000,1440000,1760000,144.0,1413120000,0.007956800000101794,0.005154299999048817,354.12646484375
ariad,10000,32,2,439,0.000182095289346762,0.94498125,0.960503125,320000,1440000,1760000,144.0,1413120000,0.007866700001613935,0.0051444000000628876,354.12646484375
ariad,10000,32,2,440,0.00018209278641734272,0.945015625,0.960546875,320000,1440000,1760000,144.0,1413120000,0.007952300000397372,0.0049550999992789,354.12646484375
ariad,10000,32,2,441,0.00018208991969004273,0.94504375,0.9605875,320000,1440000,1760000,144.0,1413120000,0.007943900000100257,0.004955700000209617,354.12646484375
ariad,10000,32,2,442,0.0001820869219955057,0.945065625,0.960615625,320000,1440000,1760000,144.0,1413120000,0.00837870000032126,0.005430700000943034,354.12646484375
ariad,10000,32,2,443,0.0001820790203055367,0.9450875,0.960621875,320000,1440000,1760000,144.0,1413120000,0.007734599999821512,0.004874800000834512,354.12646484375
ariad,10000,32,2,444,0.00018207004177384079,0.94511875,0.960653125,320000,1440000,1760000,144.0,1413120000,0.007738599999356666,0.004971399999703863,354.12646484375
ariad,10000,32,2,445,0.00018206941604148597,0.945153125,0.9606875,320000,1440000,1760000,144.0,1413120000,0.008022100000744103,0.005243800000243937,354.12646484375
ariad,10000,32,2,446,0.00018206275126431137,0.945175,0.960721875,320000,1440000,1760000,144.0,1413120000,0.007762600000205566,0.005053400000178954,354.12646484375
ariad,10000,32,2,447,0.0001820548204705119,0.945209375,0.960765625,320000,1440000,1760000,144.0,1413120000,0.007551900000180467,0.004861399998844718,354.12646484375
ariad,10000,32,2,448,0.00018205447122454643,0.945228125,0.960796875,320000,1440000,1760000,144.0,1413120000,0.007654700000784942,0.004983100001481944,354.12646484375
ariad,10000,32,2,449,0.000182051575393416,0.945259375,0.960834375,320000,1440000,1760000,144.0,1413120000,0.00904409999930067,0.005894199999602279,354.12646484375
ariad,10000,32,2,450,0.00018205078958999366,0.945296875,0.9608875,320000,1440000,1760000,144.0,1413120000,0.007683899999392452,0.005009200000131386,354.12646484375
ariad,10000,32,2,451,0.00018203539366368204,0.945321875,0.960928125,320000,1440000,1760000,144.0,1413120000,0.007499100000131875,0.004802200000995072,354.12646484375
ariad,10000,32,2,452,0.000182040297659114,0.9453375,0.960965625,320000,1440000,1760000,144.0,1413120000,0.010434300000270014,0.00702850000016042,354.12646484375
ariad,10000,32,2,453,0.00018203616491518915,0.945359375,0.961003125,320000,1440000,1760000,144.0,1413120000,0.0074810999994952,0.0048255999990942655,354.12646484375
ariad,10000,32,2,454,0.0001820289035094902,0.9453875,0.96103125,320000,1440000,1760000,144.0,1413120000,0.00799649999862595,0.004775200000949553,354.12646484375
ariad,10000,32,2,455,0.00018202619685325772,0.94540625,0.9610625,320000,1440000,1760000,144.0,1413120000,0.00757299999895622,0.004827500000828877,354.12646484375
ariad,10000,32,2,456,0.00018202800129074603,0.945428125,0.9610875,320000,1440000,1760000,144.0,1413120000,0.007597200001328019,0.004865000000791042,354.12646484375
ariad,10000,32,2,457,0.0001820203469833359,0.945459375,0.96113125,320000,1440000,1760000,144.0,1413120000,0.007511800000429503,0.004867200001172023,354.12646484375
ariad,10000,32,2,458,0.0001820196775952354,0.945484375,0.96115625,320000,1440000,1760000,144.0,1413120000,0.007522399999288609,0.004851499999858788,354.12646484375
ariad,10000,32,2,459,0.00018201929924543947,0.9455,0.96118125,320000,1440000,1760000,144.0,1413120000,0.009375100000397651,0.006623999999646912,354.12646484375
ariad,10000,32,2,460,0.0001820215256884694,0.945521875,0.96124375,320000,1440000,1760000,144.0,1413120000,0.007920699999885983,0.0051938999986305134,354.12646484375
ariad,10000,32,2,461,0.00018201170314569026,0.94555,0.96128125,320000,1440000,1760000,144.0,1413120000,0.008676900000864407,0.004840400000830414,354.12646484375
ariad,10000,32,2,462,0.00018201168859377503,0.945578125,0.96130625,320000,1440000,1760000,144.0,1413120000,0.007811199999196106,0.0048985000012180535,354.12646484375
ariad,10000,32,2,463,0.00018201553029939532,0.94560625,0.961346875,320000,1440000,1760000,144.0,1413120000,0.007888000000093598,0.005176800001208903,354.12646484375
ariad,10000,32,2,464,0.0001820095640141517,0.945621875,0.96136875,320000,1440000,1760000,144.0,1413120000,0.008208500001273933,0.005204600000070059,354.12646484375
ariad,10000,32,2,465,0.00018200764316134155,0.94566875,0.961421875,320000,1440000,1760000,144.0,1413120000,0.007849599998735357,0.00511470000128611,354.12646484375
ariad,10000,32,2,466,0.00018199857731815428,0.9457125,0.961471875,320000,1440000,1760000,144.0,1413120000,0.008508099999744445,0.005650399998557987,354.12646484375
ariad,10000,32,2,467,0.00018199732585344464,0.945734375,0.9615,320000,1440000,1760000,144.0,1413120000,0.008573699999033124,0.005328400000507827,354.12646484375
ariad,10000,32,2,468,0.0001820014149416238,0.94575625,0.9615375,320000,1440000,1760000,144.0,1413120000,0.007811900000888272,0.0047819000010349555,354.12646484375
ariad,10000,32,2,469,0.00018199261103291065,0.945771875,0.961571875,320000,1440000,1760000,144.0,1413120000,0.007693500001551001,0.004786199999216478,354.12646484375
ariad,10000,32,2,470,0.00018198711040895432,0.94580625,0.9615875,320000,1440000,1760000,144.0,1413120000,0.007985899999766843,0.004772199999933946,354.12646484375
ariad,10000,32,2,471,0.0001819878671085462,0.945834375,0.961625,320000,1440000,1760000,144.0,1413120000,0.007778499999403721,0.005043500001193024,354.12646484375
ariad,10000,32,2,472,0.00018199215992353857,0.9458625,0.961659375,320000,1440000,1760000,144.0,1413120000,0.008138600000165752,0.004925100000036764,354.12646484375
ariad,10000,32,2,473,0.00018199023907072842,0.94586875,0.96168125,320000,1440000,1760000,144.0,1413120000,0.01118049999968207,0.007370600000285776,354.12646484375
ariad,10000,32,2,474,0.0001819827448343858,0.945896875,0.96170625,320000,1440000,1760000,144.0,1413120000,0.007950000001073931,0.005092800000056741,354.12646484375
ariad,10000,32,2,475,0.0001819798635551706,0.945946875,0.9617375,320000,1440000,1760000,144.0,1413120000,0.009933799999998882,0.006629099998463062,354.12646484375
ariad,10000,32,2,476,0.0001819777680793777,0.945965625,0.961771875,320000,1440000,1760000,144.0,1413120000,0.007924499999717227,0.005184100000406033,354.12646484375
ariad,10000,32,2,477,0.0001819790486479178,0.945984375,0.9618,320000,1440000,1760000,144.0,1413120000,0.008661199999551172,0.0050510999990365235,354.12646484375
ariad,10000,32,2,478,0.00018197800091002136,0.94599375,0.961815625,320000,1440000,1760000,144.0,1413120000,0.007893899999544374,0.00502770000093733,354.12646484375
ariad,10000,32,2,479,0.00018197701137978584,0.946009375,0.96183125,320000,1440000,1760000,144.0,1413120000,0.007851799999116338,0.0047647999999753665,354.12646484375
ariad,10000,32,2,480,0.00018197997997049242,0.946034375,0.96186875,320000,1440000,1760000,144.0,1413120000,0.007703799999944749,0.00499870000021474,354.12646484375
ariad,10000,32,2,481,0.00018197791359853,0.9460375,0.9618875,320000,1440000,1760000,144.0,1413120000,0.010579200001302524,0.005124700001033489,354.12646484375
ariad,10000,32,2,482,0.00018197846657130867,0.946046875,0.9619125,320000,1440000,1760000,144.0,1413120000,0.007606500001202221,0.004840100000365055,354.12646484375
ariad,10000,32,2,483,0.00018196484597865492,0.94606875,0.961940625,320000,1440000,1760000,144.0,1413120000,0.007747799998469418,0.005079800001112744,354.12646484375
ariad,10000,32,2,484,0.00018196500604972243,0.946103125,0.96198125,320000,1440000,1760000,144.0,1413120000,0.008799200000794372,0.005275499999697786,354.12646484375
ariad,10000,32,2,485,0.00018194931908510625,0.946140625,0.962015625,320000,1440000,1760000,144.0,1413120000,0.008207999999285676,0.0053466999997908715,354.12646484375
ariad,10000,32,2,486,0.0001819507742766291,0.946165625,0.962053125,320000,1440000,1760000,144.0,1413120000,0.008047799999985727,0.005312100000082864,354.12646484375
ariad,10000,32,2,487,0.00018195441225543618,0.946178125,0.96209375,320000,1440000,1760000,144.0,1413120000,0.00818529999924067,0.005396100001235027,354.12646484375
ariad,10000,32,2,488,0.00018195352458860725,0.94619375,0.96211875,320000,1440000,1760000,144.0,1413120000,0.008312099998875055,0.00550190000103612,354.12646484375
ariad,10000,32,2,489,0.00018193804135080427,0.946215625,0.962140625,320000,1440000,1760000,144.0,1413120000,0.008304000000862288,0.005589399999735178,354.12646484375
ariad,10000,32,2,490,0.00018193096912000328,0.9462375,0.962178125,320000,1440000,1760000,144.0,1413120000,0.010320800000044983,0.006807199999457225,354.12646484375
ariad,10000,32,2,491,0.0001819328754208982,0.946265625,0.962228125,320000,1440000,1760000,144.0,1413120000,0.008384300001125666,0.005628600001728046,354.12646484375
ariad,10000,32,2,492,0.00018193182768300176,0.94628125,0.96225625,320000,1440000,1760000,144.0,1413120000,0.009833899999648565,0.006708299999445444,354.12646484375
ariad,10000,32,2,493,0.0001819317985791713,0.946303125,0.9622875,320000,1440000,1760000,144.0,1413120000,0.00804470000002766,0.005297600000631064,354.12646484375
ariad,10000,32,2,494,0.00018192948482465,0.946340625,0.96231875,320000,1440000,1760000,144.0,1413120000,0.008351100001164014,0.0053752000003441935,354.12646484375
ariad,10000,32,2,495,0.00018191096023656428,0.946375,0.962371875,320000,1440000,1760000,144.0,1413120000,0.007803499998772168,0.004861500001425156,354.12646484375
ariad,10000,32,2,496,0.00018190739501733333,0.946396875,0.962390625,320000,1440000,1760000,144.0,1413120000,0.008638799999971525,0.005051399999501882,354.12646484375
ariad,10000,32,2,497,0.00018190625996794552,0.946425,0.962428125,320000,1440000,1760000,144.0,1413120000,0.007804099999702885,0.005070299999715644,354.12646484375
ariad,10000,32,2,498,0.0001819062454160303,0.94646875,0.962478125,320000,1440000,1760000,144.0,1413120000,0.0077688999990641605,0.005054499999459949,354.12646484375
ariad,10000,32,2,499,0.00018189975526183844,0.9465125,0.96251875,320000,1440000,1760000,144.0,1413120000,0.007676299999729963,0.00498880000122881,354.12646484375
ariad,10000,32,2,500,0.000181904251803644,0.946534375,0.962546875,320000,1440000,1760000,144.0,1413120000,0.010626199999023811,0.005221699999310658,354.12646484375
