method,n,k,seed,epoch,mse,teacher_match,match_exhaustive,attn_scores,search_scores,total_scores,c_scored,est_flops,step_time_s,search_time_s,peak_mem_mb
dense,5008,32,0,1,0.1275395154953003,0.16719498801916932,1.0,25080064,0,25080064,0.0,19753795584,0.255480499999976,0.0,434.0126953125
dense,5008,32,0,2,0.11837329715490341,0.16129817292332269,1.0,25080064,0,25080064,0.0,19753795584,0.004266500000085216,0.0,435.0087890625
dense,5008,32,0,3,0.11427315324544907,0.1541907947284345,1.0,25080064,0,25080064,0.0,19753795584,0.004099499999938416,0.0,435.0087890625
dense,5008,32,0,4,0.11232294142246246,0.14838757987220447,1.0,25080064,0,25080064,0.0,19753795584,0.004117699999369506,0.0,435.0087890625
dense,5008,32,0,5,0.11133121699094772,0.14391348841853036,1.0,25080064,0,25080064,0.0,19753795584,0.004279200000382843,0.0,435.0087890625
dense,5008,32,0,6,0.1107659637928009,0.1418917232428115,1.0,25080064,0,25080064,0.0,19753795584,0.004285699999854842,0.0,435.0087890625
dense,5008,32,0,7,0.1103808730840683,0.14229108426517573,1.0,25080064,0,25080064,0.0,19753795584,0.004336800000601215,0.0,435.0087890625
dense,5008,32,0,8,0.11006332188844681,0.1448806908945687,1.0,25080064,0,25080064,0.0,19753795584,0.00421600000026956,0.0,435.0087890625
dense,5008,32,0,9,0.10976527631282806,0.1486995806709265,1.0,25080064,0,25080064,0.0,19753795584,0.004105400000298687,0.0,435.0087890625
dense,5008,32,0,10,0.10946910083293915,0.1541595946485623,1.0,25080064,0,25080064,0.0,19753795584,0.004317599999922095,0.0,435.0087890625
dense,5008,32,0,11,0.10917019844055176,0.16151657348242812,1.0,25080064,0,25080064,0.0,19753795584,0.00431029999981547,0.0,435.0087890625
dense,5008,32,0,12,0.10886824131011963,0.17040859624600638,1.0,25080064,0,25080064,0.0,19753795584,0.004297199999200529,0.0,435.0087890625
dense,5008,32,0,13,0.10856348276138306,0.1800993410543131,1.0,25080064,0,25080064,0.0,19753795584,0.004250099999808299,0.0,435.0087890625
dense,5008,32,0,14,0.1082557961344719,0.191194089456869,1.0,25080064,0,25080064,0.0,19753795584,0.004344500000115659,0.0,435.0087890625
dense,5008,32,0,15,0.10794459283351898,0.20288787939297126,1.0,25080064,0,25080064,0.0,19753795584,0.004135700000006182,0.0,435.0087890625
dense,5008,32,0,16,0.10762919485569,0.21511207068690097,1.0,25080064,0,25080064,0.0,19753795584,0.00428009999995993,0.0,435.0087890625
dense,5008,32,0,17,0.10730914026498795,0.22737370207667731,1.0,25080064,0,25080064,0.0,19753795584,0.0041142000000036205,0.0,435.0087890625
dense,5008,32,0,18,0.1069844663143158,0.24063997603833867,1.0,25080064,0,25080064,0.0,19753795584,0.004279400000086753,0.0,435.0087890625
dense,5008,32,0,19,0.1066557914018631,0.2536504093450479,1.0,25080064,0,25080064,0.0,19753795584,0.004093799999282055,0.0,435.0087890625
dense,5008,32,0,20,0.10632382333278656,0.2667107627795527,1.0,25080064,0,25080064,0.0,19753795584,0.004093799999282055,0.0,435.0087890625
dense,5008,32,0,21,0.10598862171173096,0.28018919728434505,1.0,25080064,0,25080064,0.0,19753795584,0.004080300000168791,0.0,435.0087890625
dense,5008,32,0,22,0.10564888268709183,0.29308107028753994,1.0,25080064,0,25080064,0.0,19753795584,0.004307700000026671,0.0,435.0087890625
dense,5008,32,0,23,0.10530199855566025,0.3051305411341853,1.0,25080064,0,25080064,0.0,19753795584,0.004292700000405603,0.0,435.0087890625
dense,5008,32,0,24,0.10494531691074371,0.3168056110223642,1.0,25080064,0,25080064,0.0,19753795584,0.004283999999643129,0.0,435.0087890625
dense,5008,32,0,25,0.10457757115364075,0.3284432408146965,1.0,25080064,0,25080064,0.0,19753795584,0.004300399999920046,0.0,435.0087890625
dense,5008,32,0,26,0.10419916361570358,0.3390200678913738,1.0,25080064,0,25080064,0.0,19753795584,0.004165899999861722,0.0,435.0087890625
dense,5008,32,0,27,0.10381022095680237,0.349029053514377,1.0,25080064,0,25080064,0.0,19753795584,0.004101700000319397,0.0,435.0087890625
dense,5008,32,0,28,0.10340754687786102,0.3586449181309904,1.0,25080064,0,25080064,0.0,19753795584,0.004337800000030256,0.0,435.0087890625
dense,5008,32,0,29,0.10298500210046768,0.36761806110223644,1.0,25080064,0,25080064,0.0,19753795584,0.004265700000360084,0.0,435.0087890625
dense,5008,32,0,30,0.1025373563170433,0.3756052815495208,1.0,25080064,0,25080064,0.0,19753795584,0.004259700000147859,0.0,435.0087890625
dense,5008,32,0,31,0.10206256806850433,0.3829934604632588,1.0,25080064,0,25080064,0.0,19753795584,0.004361100000096485,0.0,435.0087890625
dense,5008,32,0,32,0.10155996680259705,0.39030051916932906,1.0,25080064,0,25080064,0.0,19753795584,0.004316999999900872,0.0,435.0087890625
dense,5008,32,0,33,0.10102690756320953,0.39640949480830673,1.0,25080064,0,25080064,0.0,19753795584,0.004257200000211014,0.0,435.0087890625
dense,5008,32,0,34,0.10045737028121948,0.40235623003194887,1.0,25080064,0,25080064,0.0,19753795584,0.004103000000213797,0.0,435.0087890625
dense,5008,32,0,35,0.09984510391950607,0.40816568490415334,1.0,25080064,0,25080064,0.0,19753795584,0.004097499999261345,0.0,435.0087890625
dense,5008,32,0,36,0.09918703883886337,0.4136693789936102,1.0,25080064,0,25080064,0.0,19753795584,0.004062799999701383,0.0,435.0087890625
dense,5008,32,0,37,0.09848183393478394,0.4192916333865815,1.0,25080064,0,25080064,0.0,19753795584,0.004086699999788834,0.0,435.0087890625
dense,5008,32,0,38,0.09772739559412003,0.4251260483226837,1.0,25080064,0,25080064,0.0,19753795584,0.0041129999999611755,0.0,435.0087890625
dense,5008,32,0,39,0.09692233800888062,0.43116014376996803,1.0,25080064,0,25080064,0.0,19753795584,0.004583099999763363,0.0,435.0087890625
dense,5008,32,0,40,0.09606622159481049,0.43727535942492013,1.0,25080064,0,25080064,0.0,19753795584,0.004265700000360084,0.0,435.0087890625
dense,5008,32,0,41,0.09515895694494247,0.44412689696485624,1.0,25080064,0,25080064,0.0,19753795584,0.004100000000107684,0.0,435.0087890625
dense,5008,32,0,42,0.09420067071914673,0.45076627396166136,1.0,25080064,0,25080064,0.0,19753795584,0.004678799999965122,0.0,435.0087890625
dense,5008,32,0,43,0.09318999201059341,0.45703125,1.0,25080064,0,25080064,0.0,19753795584,0.004383699999380042,0.0,435.0087890625
dense,5008,32,0,44,0.09212279319763184,0.46386406749201275,1.0,25080064,0,25080064,0.0,19753795584,0.00412400000004709,0.0,435.0087890625
dense,5008,32,0,45,0.09099648147821426,0.47055960463258784,1.0,25080064,0,25080064,0.0,19753795584,0.0041215999999622,0.0,435.0087890625
dense,5008,32,0,46,0.08981155604124069,0.47808506389776356,1.0,25080064,0,25080064,0.0,19753795584,0.0040808000003380585,0.0,435.0087890625
dense,5008,32,0,47,0.08856672793626785,0.4850302016773163,1.0,25080064,0,25080064,0.0,19753795584,0.004291299999749754,0.0,435.0087890625
dense,5008,32,0,48,0.08726109564304352,0.49223742012779553,1.0,25080064,0,25080064,0.0,19753795584,0.004184299999906216,0.0,435.0087890625
dense,5008,32,0,49,0.0858943909406662,0.49998751996805113,1.0,25080064,0,25080064,0.0,19753795584,0.004294999999729043,0.0,435.0087890625
dense,5008,32,0,50,0.08446085453033447,0.507544179313099,1.0,25080064,0,25080064,0.0,19753795584,0.004319399999985762,0.0,435.0087890625
dense,5008,32,0,51,0.08295030146837234,0.5160306010383386,1.0,25080064,0,25080064,0.0,19753795584,0.004307199999857403,0.0,435.0087890625
dense,5008,32,0,52,0.08135271817445755,0.5240427815495208,1.0,25080064,0,25080064,0.0,19753795584,0.004292699999496108,0.0,435.0087890625
dense,5008,32,0,53,0.0796603336930275,0.5325354432907349,1.0,25080064,0,25080064,0.0,19753795584,0.004309599999942293,0.0,435.0087890625
dense,5008,32,0,54,0.07786597311496735,0.5406225039936102,1.0,25080064,0,25080064,0.0,19753795584,0.004094000000804954,0.0,435.0087890625
dense,5008,32,0,55,0.07595916837453842,0.5493210862619808,1.0,25080064,0,25080064,0.0,19753795584,0.004060899999785761,0.0,435.0087890625
dense,5008,32,0,56,0.07392524927854538,0.5586311900958466,1.0,25080064,0,25080064,0.0,19753795584,0.004098200000044017,0.0,435.0087890625
dense,5008,32,0,57,0.07174929976463318,0.5674046525559105,1.0,25080064,0,25080064,0.0,19753795584,0.0046692000005350565,0.0,435.0087890625
dense,5008,32,0,58,0.06941583007574081,0.5769830770766773,1.0,25080064,0,25080064,0.0,19753795584,0.0043488999999681255,0.0,435.0087890625
dense,5008,32,0,59,0.06690733879804611,0.5868485423322684,1.0,25080064,0,25080064,0.0,19753795584,0.004373099999611441,0.0,435.0087890625
dense,5008,32,0,60,0.06420726329088211,0.5966391273961661,1.0,25080064,0,25080064,0.0,19753795584,0.004314300000260118,0.0,435.0087890625
dense,5008,32,0,61,0.06129751726984978,0.6057745107827476,1.0,25080064,0,25080064,0.0,19753795584,0.004324000000451633,0.0,435.0087890625
dense,5008,32,0,62,0.05816043168306351,0.6156087759584664,1.0,25080064,0,25080064,0.0,19753795584,0.004191900000478199,0.0,435.0087890625
dense,5008,32,0,63,0.054794810712337494,0.6254742412140575,1.0,25080064,0,25080064,0.0,19753795584,0.004089199999725679,0.0,435.0087890625
dense,5008,32,0,64,0.051223304122686386,0.6353521865015974,1.0,25080064,0,25080064,0.0,19753795584,0.004095600000255217,0.0,435.0087890625
dense,5008,32,0,65,0.04748017340898514,0.645323732028754,1.0,25080064,0,25080064,0.0,19753795584,0.004099400000086462,0.0,435.0087890625
dense,5008,32,0,66,0.043603263795375824,0.6550331968849841,1.0,25080064,0,25080064,0.0,19753795584,0.004357900000286463,0.0,435.0087890625
dense,5008,32,0,67,0.039650820195674896,0.6648799420926518,1.0,25080064,0,25080064,0.0,19753795584,0.004294999999729043,0.0,435.0087890625
dense,5008,32,0,68,0.035705044865608215,0.6744770866613419,1.0,25080064,0,25080064,0.0,19753795584,0.004324099999394093,0.0,435.0087890625
dense,5008,32,0,69,0.031846825033426285,0.6843737519968051,1.0,25080064,0,25080064,0.0,19753795584,0.004316999999900872,0.0,435.0087890625
dense,5008,32,0,70,0.02816232107579708,0.6932844948083067,1.0,25080064,0,25080064,0.0,19753795584,0.00435860000015964,0.0,435.0087890625
dense,5008,32,0,71,0.024760885164141655,0.7029190794728435,1.0,25080064,0,25080064,0.0,19753795584,0.004131099999540311,0.0,435.0087890625
dense,5008,32,0,72,0.02174905687570572,0.7119546226038339,1.0,25080064,0,25080064,0.0,19753795584,0.004146400000536232,0.0,435.0087890625
dense,5008,32,0,73,0.01917514204978943,0.7211399261182109,1.0,25080064,0,25080064,0.0,19753795584,0.004154700000071898,0.0,435.0087890625
dense,5008,32,0,74,0.017048368230462074,0.7301193091054313,1.0,25080064,0,25080064,0.0,19753795584,0.004321299999901385,0.0,435.0087890625
dense,5008,32,0,75,0.015347780659794807,0.7384122903354633,1.0,25080064,0,25080064,0.0,19753795584,0.004283999999643129,0.0,435.0087890625
dense,5008,32,0,76,0.014009183272719383,0.747154552715655,1.0,25080064,0,25080064,0.0,19753795584,0.004331500000262167,0.0,435.0087890625
dense,5008,32,0,77,0.012955141253769398,0.7549795327476039,1.0,25080064,0,25080064,0.0,19753795584,0.004308099999434489,0.0,435.0087890625
dense,5008,32,0,78,0.01208555605262518,0.7623926717252396,1.0,25080064,0,25080064,0.0,19753795584,0.004341600000770995,0.0,435.0087890625
dense,5008,32,0,79,0.011285010725259781,0.7704110922523961,1.0,25080064,0,25080064,0.0,19753795584,0.004316000000471831,0.0,435.0087890625
dense,5008,32,0,80,0.010484014637768269,0.7779490315495208,1.0,25080064,0,25080064,0.0,19753795584,0.0041299000004073605,0.0,435.0087890625
dense,5008,32,0,81,0.009681180119514465,0.7854183306709265,1.0,25080064,0,25080064,0.0,19753795584,0.004117999999834865,0.0,435.0087890625
dense,5008,32,0,82,0.008896281942725182,0.7929937100638977,1.0,25080064,0,25080064,0.0,19753795584,0.004107999999177991,0.0,435.0087890625
dense,5008,32,0,83,0.008140248246490955,0.8009247703674122,1.0,25080064,0,25080064,0.0,19753795584,0.0043123999994350015,0.0,435.0087890625
dense,5008,32,0,84,0.007420852780342102,0.8085500698881789,1.0,25080064,0,25080064,0.0,19753795584,0.0044369999995979015,0.0,435.0087890625
dense,5008,32,0,85,0.006749074440449476,0.8158321685303515,1.0,25080064,0,25080064,0.0,19753795584,0.00434049999967101,0.0,435.0087890625
dense,5008,32,0,86,0.006133334711194038,0.823270267571885,1.0,25080064,0,25080064,0.0,19753795584,0.004318399999647227,0.0,435.0087890625
dense,5008,32,0,87,0.005572641268372536,0.8300968450479234,1.0,25080064,0,25080064,0.0,19753795584,0.004332299999987299,0.0,435.0087890625
dense,5008,32,0,88,0.005062950775027275,0.8370357428115016,1.0,25080064,0,25080064,0.0,19753795584,0.004132400000344205,0.0,435.0087890625
dense,5008,32,0,89,0.004606423433870077,0.8433755990415336,1.0,25080064,0,25080064,0.0,19753795584,0.004158699999607052,0.0,435.0087890625
dense,5008,32,0,90,0.004209224134683609,0.8492911341853036,1.0,25080064,0,25080064,0.0,19753795584,0.0041376999997737585,0.0,435.0087890625
dense,5008,32,0,91,0.0038723598700016737,0.8544703474440895,1.0,25080064,0,25080064,0.0,19753795584,0.004151399999500427,0.0,435.0087890625
dense,5008,32,0,92,0.0035888447891920805,0.8594498801916933,1.0,25080064,0,25080064,0.0,19753795584,0.004347900000539084,0.0,435.0087890625
dense,5008,32,0,93,0.003345380537211895,0.8632438099041534,1.0,25080064,0,25080064,0.0,19753795584,0.004526699999587436,0.0,435.0087890625
dense,5008,32,0,94,0.0031284773722290993,0.86713133985623,1.0,25080064,0,25080064,0.0,19753795584,0.004310000000259606,0.0,435.0087890625
dense,5008,32,0,95,0.002930819056928158,0.8705883087060703,1.0,25080064,0,25080064,0.0,19753795584,0.004525399999693036,0.0,435.0087890625
dense,5008,32,0,96,0.002749853767454624,0.8735647963258786,1.0,25080064,0,25080064,0.0,19753795584,0.004297599999517843,0.0,435.0087890625
dense,5008,32,0,97,0.002582315821200609,0.8768782448083067,1.0,25080064,0,25080064,0.0,19753795584,0.004087299999810057,0.0,435.0087890625
dense,5008,32,0,98,0.002424517646431923,0.880066892971246,1.0,25080064,0,25080064,0.0,19753795584,0.004098299999895971,0.0,435.0087890625
dense,5008,32,0,99,0.0022756585385650396,0.8832056210063898,1.0,25080064,0,25080064,0.0,19753795584,0.004100600000128907,0.0,435.0087890625
dense,5008,32,0,100,0.002138178562745452,0.8860635483226837,1.0,25080064,0,25080064,0.0,19753795584,0.004143899999689893,0.0,435.0087890625
dense,5008,32,0,101,0.002013290533795953,0.8890275559105432,1.0,25080064,0,25080064,0.0,19753795584,0.0041156999996019294,0.0,435.0087890625
dense,5008,32,0,102,0.0018992915283888578,0.8916608426517572,1.0,25080064,0,25080064,0.0,19753795584,0.004122499999539286,0.0,435.0087890625
dense,5008,32,0,103,0.001794107025489211,0.8941880491214057,1.0,25080064,0,25080064,0.0,19753795584,0.004102000000784756,0.0,435.0087890625
dense,5008,32,0,104,0.0016975478501990438,0.8968650159744409,1.0,25080064,0,25080064,0.0,19753795584,0.004125700000258803,0.0,435.0087890625
dense,5008,32,0,105,0.001611493993550539,0.8996293430511182,1.0,25080064,0,25080064,0.0,19753795584,0.004098200000044017,0.0,435.0087890625
dense,5008,32,0,106,0.0015368206659331918,0.901495107827476,1.0,25080064,0,25080064,0.0,19753795584,0.004106699999283592,0.0,435.0087890625
dense,5008,32,0,107,0.001471961848437786,0.9034419928115016,1.0,25080064,0,25080064,0.0,19753795584,0.004097200000614976,0.0,435.0087890625
dense,5008,32,0,108,0.0014156332472339272,0.9053763977635783,1.0,25080064,0,25080064,0.0,19753795584,0.004107300000214309,0.0,435.0087890625
dense,5008,32,0,109,0.0013671001652255654,0.9068240814696485,1.0,25080064,0,25080064,0.0,19753795584,0.004080699999576609,0.0,435.0087890625
dense,5008,32,0,110,0.0013247515307739377,0.9080346445686901,1.0,25080064,0,25080064,0.0,19753795584,0.004072700000506302,0.0,435.0087890625
dense,5008,32,0,111,0.0012868994381278753,0.9091890475239617,1.0,25080064,0,25080064,0.0,19753795584,0.004083100000570994,0.0,435.0087890625
dense,5008,32,0,112,0.001252662972547114,0.9100938498402555,1.0,25080064,0,25080064,0.0,19753795584,0.004081699999915145,0.0,435.0087890625
dense,5008,32,0,113,0.0012215768219903111,0.9110797723642172,1.0,25080064,0,25080064,0.0,19753795584,0.004084600000169303,0.0,435.0087890625
dense,5008,32,0,114,0.0011929399333894253,0.9113855331469649,1.0,25080064,0,25080064,0.0,19753795584,0.004100000000107684,0.0,435.0087890625
dense,5008,32,0,115,0.0011661340249702334,0.9120157747603834,1.0,25080064,0,25080064,0.0,19753795584,0.004091099999641301,0.0,435.0087890625
dense,5008,32,0,116,0.001140429638326168,0.9126085762779552,1.0,25080064,0,25080064,0.0,19753795584,0.004115099999580707,0.0,435.0087890625
dense,5008,32,0,117,0.001114721060730517,0.9133636182108626,1.0,25080064,0,25080064,0.0,19753795584,0.004113100000722625,0.0,435.0087890625
dense,5008,32,0,118,0.0010885520605370402,0.9139314596645367,1.0,25080064,0,25080064,0.0,19753795584,0.004120800000237068,0.0,435.0087890625
dense,5008,32,0,119,0.001062127877958119,0.9149049021565495,1.0,25080064,0,25080064,0.0,19753795584,0.004091300000254705,0.0,435.0087890625
dense,5008,32,0,120,0.0010353743564337492,0.91607178514377,1.0,25080064,0,25080064,0.0,19753795584,0.004106399999727728,0.0,435.0087890625
dense,5008,32,0,121,0.0010078747291117907,0.917132587859425,1.0,25080064,0,25080064,0.0,19753795584,0.004113100000722625,0.0,435.0087890625
dense,5008,32,0,122,0.0009794210782274604,0.9181372304313099,1.0,25080064,0,25080064,0.0,19753795584,0.004084899999725167,0.0,435.0087890625
dense,5008,32,0,123,0.0009496238781139255,0.9191106729233227,1.0,25080064,0,25080064,0.0,19753795584,0.004135799999858136,0.0,435.0087890625
dense,5008,32,0,124,0.0009177622268907726,0.9205957967252396,1.0,25080064,0,25080064,0.0,19753795584,0.0041013999998540385,0.0,435.0087890625
dense,5008,32,0,125,0.0008832712192088366,0.922087160543131,1.0,25080064,0,25080064,0.0,19753795584,0.004100099999959639,0.0,435.0087890625
dense,5008,32,0,126,0.0008459172677248716,0.9235223642172524,1.0,25080064,0,25080064,0.0,19753795584,0.004085700000359793,0.0,435.0087890625
dense,5008,32,0,127,0.000805876508820802,0.9255191693290735,1.0,25080064,0,25080064,0.0,19753795584,0.004064200000357232,0.0,435.0087890625
dense,5008,32,0,128,0.0007635981310158968,0.9276657348242812,1.0,25080064,0,25080064,0.0,19753795584,0.004109700000299199,0.0,435.0087890625
dense,5008,32,0,129,0.0007196834776550531,0.9299308606230032,1.0,25080064,0,25080064,0.0,19753795584,0.0041192999997292645,0.0,435.0087890625
dense,5008,32,0,130,0.0006750312750227749,0.9326764676517572,1.0,25080064,0,25080064,0.0,19753795584,0.0041103000003204215,0.0,435.0087890625
dense,5008,32,0,131,0.0006309801246970892,0.9357215954472844,1.0,25080064,0,25080064,0.0,19753795584,0.004094099999747414,0.0,435.0087890625
dense,5008,32,0,132,0.0005891541950404644,0.9386544029552716,1.0,25080064,0,25080064,0.0,19753795584,0.004121400000258291,0.0,435.0087890625
dense,5008,32,0,133,0.0005512689240276814,0.941674570686901,1.0,25080064,0,25080064,0.0,19753795584,0.0041129999999611755,0.0,435.0087890625
dense,5008,32,0,134,0.0005189962685108185,0.9443328174920128,1.0,25080064,0,25080064,0.0,19753795584,0.004100499999367457,0.0,435.0087890625
dense,5008,32,0,135,0.0004936035838909447,0.9470097843450479,1.0,25080064,0,25080064,0.0,19753795584,0.004121200000554381,0.0,435.0087890625
dense,5008,32,0,136,0.00047554151387885213,0.9492624301118211,1.0,25080064,0,25080064,0.0,19753795584,0.004290700000638026,0.0,435.0087890625
dense,5008,32,0,137,0.00046438854769803584,0.9508536341853036,1.0,25080064,0,25080064,0.0,19753795584,0.004090500000529573,0.0,435.0087890625
dense,5008,32,0,138,0.0004590690659824759,0.9518021166134185,1.0,25080064,0,25080064,0.0,19753795584,0.004091300000254705,0.0,435.0087890625
dense,5008,32,0,139,0.0004579091619234532,0.9519830770766773,1.0,25080064,0,25080064,0.0,19753795584,0.004082499999640277,0.0,435.0087890625
dense,5008,32,0,140,0.0004589951422531158,0.9519393969648562,1.0,25080064,0,25080064,0.0,19753795584,0.004107800000383577,0.0,435.0087890625
dense,5008,32,0,141,0.0004606959118973464,0.9515088358626198,1.0,25080064,0,25080064,0.0,19753795584,0.004087299999810057,0.0,435.0087890625
dense,5008,32,0,142,0.0004619588435161859,0.9512155551118211,1.0,25080064,0,25080064,0.0,19753795584,0.004072500000802393,0.0,435.0087890625
dense,5008,32,0,143,0.00046227971324697137,0.9512529952076677,1.0,25080064,0,25080064,0.0,19753795584,0.004077700000379991,0.0,435.0087890625
dense,5008,32,0,144,0.0004614708595909178,0.9510657947284346,1.0,25080064,0,25080064,0.0,19753795584,0.004099899999346235,0.0,435.0087890625
dense,5008,32,0,145,0.0004595068749040365,0.95122803514377,1.0,25080064,0,25080064,0.0,19753795584,0.004084299999703944,0.0,435.0087890625
dense,5008,32,0,146,0.00045652411063201725,0.951327875399361,1.0,25080064,0,25080064,0.0,19753795584,0.00408659999993688,0.0,435.0087890625
dense,5008,32,0,147,0.0004528023418970406,0.9515213158945687,1.0,25080064,0,25080064,0.0,19753795584,0.0040871000001061475,0.0,435.0087890625
dense,5008,32,0,148,0.0004486717516556382,0.9518021166134185,1.0,25080064,0,25080064,0.0,19753795584,0.004073699999935343,0.0,435.0087890625
dense,5008,32,0,149,0.0004444040241651237,0.952544678514377,1.0,25080064,0,25080064,0.0,19753795584,0.004090699999323988,0.0,435.0087890625
dense,5008,32,0,150,0.00044020215864293277,0.952968999600639,1.0,25080064,0,25080064,0.0,19753795584,0.004140499999266467,0.0,435.0087890625
dense,5008,32,0,151,0.0004362271574791521,0.9532934804313099,1.0,25080064,0,25080064,0.0,19753795584,0.006003499999678752,0.0,435.0087890625
dense,5008,32,0,152,0.0004326029447838664,0.9534370007987221,1.0,25080064,0,25080064,0.0,19753795584,0.004262599999492522,0.0,435.0087890625
dense,5008,32,0,153,0.00042942489380948246,0.9537739616613419,1.0,25080064,0,25080064,0.0,19753795584,0.004113199999665085,0.0,435.0087890625
dense,5008,32,0,154,0.00042674809810705483,0.9539237220447284,1.0,25080064,0,25080064,0.0,19753795584,0.004082700000253681,0.0,435.0087890625
dense,5008,32,0,155,0.0004245891177561134,0.9543979632587859,1.0,25080064,0,25080064,0.0,19753795584,0.004092499999387655,0.0,435.0087890625
dense,5008,32,0,156,0.000422928569605574,0.9546163638178914,1.0,25080064,0,25080064,0.0,19753795584,0.004106599999431637,0.0,435.0087890625
dense,5008,32,0,157,0.0004216920060571283,0.9546350838658147,1.0,25080064,0,25080064,0.0,19753795584,0.004123099999560509,0.0,435.0087890625
dense,5008,32,0,158,0.0004207773017697036,0.9545414836261981,1.0,25080064,0,25080064,0.0,19753795584,0.00409010000021226,0.0,435.0087890625
dense,5008,32,0,159,0.0004200962430331856,0.9546600439297125,1.0,25080064,0,25080064,0.0,19753795584,0.004111200000807003,0.0,435.0087890625
dense,5008,32,0,160,0.00041958430665545166,0.9545602036741214,1.0,25080064,0,25080064,0.0,19753795584,0.004078700000718527,0.0,435.0087890625
dense,5008,32,0,161,0.00041917950147762895,0.9546413238817891,1.0,25080064,0,25080064,0.0,19753795584,0.0041260999996666214,0.0,435.0087890625
dense,5008,32,0,162,0.00041882184450514615,0.9547474041533547,1.0,25080064,0,25080064,0.0,19753795584,0.004101800000171352,0.0,435.0087890625
dense,5008,32,0,163,0.0004184740246273577,0.9547162040734825,1.0,25080064,0,25080064,0.0,19753795584,0.004107700000531622,0.0,435.0087890625
dense,5008,32,0,164,0.00041812239214777946,0.9546912440095847,1.0,25080064,0,25080064,0.0,19753795584,0.004107799999474082,0.0,435.0087890625
dense,5008,32,0,165,0.00041775524732656777,0.9547723642172524,1.0,25080064,0,25080064,0.0,19753795584,0.004112199999326549,0.0,435.0087890625
dense,5008,32,0,166,0.00041736141429282725,0.954809804313099,1.0,25080064,0,25080064,0.0,19753795584,0.004112399999939953,0.0,435.0087890625
dense,5008,32,0,167,0.00041693553794175386,0.9548597244408946,1.0,25080064,0,25080064,0.0,19753795584,0.004092900000614463,0.0,435.0087890625
dense,5008,32,0,168,0.0004164867859799415,0.9549595646964856,1.0,25080064,0,25080064,0.0,19753795584,0.004095499999493768,0.0,435.0087890625
dense,5008,32,0,169,0.000416032038629055,0.9550282048722045,1.0,25080064,0,25080064,0.0,19753795584,0.004186299999673793,0.0,435.0087890625
dense,5008,32,0,170,0.0004155872738920152,0.9551592452076677,1.0,25080064,0,25080064,0.0,19753795584,0.004199399999379239,0.0,435.0087890625
dense,5008,32,0,171,0.0004151640459895134,0.9552778055111821,1.0,25080064,0,25080064,0.0,19753795584,0.004062699999849428,0.0,435.0087890625
dense,5008,32,0,172,0.0004147741128690541,0.9551779652555911,1.0,25080064,0,25080064,0.0,19753795584,0.004060500000377942,0.0,435.0087890625
dense,5008,32,0,173,0.00041442993097007275,0.9552216453674122,1.0,25080064,0,25080064,0.0,19753795584,0.004093100000318373,0.0,435.0087890625
dense,5008,32,0,174,0.0004141393001191318,0.9552216453674122,1.0,25080064,0,25080064,0.0,19753795584,0.00411789999998291,0.0,435.0087890625
dense,5008,32,0,175,0.00041390187107026577,0.9553214856230032,1.0,25080064,0,25080064,0.0,19753795584,0.004121099999792932,0.0,435.0087890625
dense,5008,32,0,176,0.00041370984399691224,0.955346445686901,1.0,25080064,0,25080064,0.0,19753795584,0.004111100000045553,0.0,435.0087890625
dense,5008,32,0,177,0.0004135544877499342,0.955290285543131,1.0,25080064,0,25080064,0.0,19753795584,0.004093799999282055,0.0,435.0087890625
dense,5008,32,0,178,0.0004134289047215134,0.9552778055111821,1.0,25080064,0,25080064,0.0,19753795584,0.004093300000022282,0.0,435.0087890625
dense,5008,32,0,179,0.0004133259644731879,0.9553589257188498,1.0,25080064,0,25080064,0.0,19753795584,0.004096499999832304,0.0,435.0087890625
dense,5008,32,0,180,0.0004132395260967314,0.9553838857827476,1.0,25080064,0,25080064,0.0,19753795584,0.004113699999834353,0.0,435.0087890625
dense,5008,32,0,181,0.00041316525312140584,0.9553651657348243,1.0,25080064,0,25080064,0.0,19753795584,0.004086900000402238,0.0,435.0087890625
dense,5008,32,0,182,0.000413098547141999,0.9554088458466453,1.0,25080064,0,25080064,0.0,19753795584,0.004083999999238586,0.0,435.0087890625
dense,5008,32,0,183,0.0004130361776333302,0.9553963658146964,1.0,25080064,0,25080064,0.0,19753795584,0.004085000000486616,0.0,435.0087890625
dense,5008,32,0,184,0.0004129770677536726,0.9554150858626198,1.0,25080064,0,25080064,0.0,19753795584,0.004111199999897508,0.0,435.0087890625
dense,5008,32,0,185,0.00041292011155746877,0.9554400459265175,1.0,25080064,0,25080064,0.0,19753795584,0.004337499999564898,0.0,435.0087890625
dense,5008,32,0,186,0.0004128636501263827,0.9553901257987221,1.0,25080064,0,25080064,0.0,19753795584,0.004130799999984447,0.0,435.0087890625
dense,5008,32,0,187,0.0004128080909140408,0.9554650059904153,1.0,25080064,0,25080064,0.0,19753795584,0.004095700000107172,0.0,435.0087890625
dense,5008,32,0,188,0.0004127532884012908,0.9554587659744409,1.0,25080064,0,25080064,0.0,19753795584,0.004103199999917706,0.0,435.0087890625
dense,5008,32,0,189,0.00041270023211836815,0.955446285942492,1.0,25080064,0,25080064,0.0,19753795584,0.004122499999539286,0.0,435.0087890625
dense,5008,32,0,190,0.0004126508138142526,0.9554213258785943,1.0,25080064,0,25080064,0.0,19753795584,0.004114699999263394,0.0,435.0087890625
dense,5008,32,0,191,0.00041260599391534925,0.9554587659744409,1.0,25080064,0,25080064,0.0,19753795584,0.004121299999496841,0.0,435.0087890625
dense,5008,32,0,192,0.0004125655977986753,0.9554650059904153,1.0,25080064,0,25080064,0.0,19753795584,0.004130199999963224,0.0,435.0087890625
dense,5008,32,0,193,0.00041252977098338306,0.9555336461661342,1.0,25080064,0,25080064,0.0,19753795584,0.00413360000038665,0.0,435.0087890625
dense,5008,32,0,194,0.0004124979313928634,0.9555211661341853,1.0,25080064,0,25080064,0.0,19753795584,0.004093300000022282,0.0,435.0087890625
dense,5008,32,0,195,0.00041247051558457315,0.9555149261182109,1.0,25080064,0,25080064,0.0,19753795584,0.004182399999990594,0.0,435.0087890625
dense,5008,32,0,196,0.0004124469414819032,0.9555398861821086,1.0,25080064,0,25080064,0.0,19753795584,0.004077100000358769,0.0,435.0087890625
dense,5008,32,0,197,0.0004124264232814312,0.9555835662939297,1.0,25080064,0,25080064,0.0,19753795584,0.004098200000044017,0.0,435.0087890625
dense,5008,32,0,198,0.00041240875725634396,0.9555211661341853,1.0,25080064,0,25080064,0.0,19753795584,0.0041203000000678,0.0,435.0087890625
dense,5008,32,0,199,0.0004123934777453542,0.9554837260383386,1.0,25080064,0,25080064,0.0,19753795584,0.004082800000105635,0.0,435.0087890625
dense,5008,32,0,200,0.0004123808757867664,0.9554587659744409,1.0,25080064,0,25080064,0.0,19753795584,0.004078899999512942,0.0,435.0087890625
dense,5008,32,0,201,0.0004123700491618365,0.9554213258785943,1.0,25080064,0,25080064,0.0,19753795584,0.004116699999940465,0.0,435.0087890625
dense,5008,32,0,202,0.00041236053220927715,0.9554338059105432,1.0,25080064,0,25080064,0.0,19753795584,0.004340800000136369,0.0,435.0087890625
dense,5008,32,0,203,0.00041235220851376653,0.9554587659744409,1.0,25080064,0,25080064,0.0,19753795584,0.004116600000088511,0.0,435.0087890625
dense,5008,32,0,204,0.0004123442922718823,0.9554525259584664,1.0,25080064,0,25080064,0.0,19753795584,0.004087799999979325,0.0,435.0087890625
dense,5008,32,0,205,0.0004123370163142681,0.9554213258785943,1.0,25080064,0,25080064,0.0,19753795584,0.004122600000300736,0.0,435.0087890625
dense,5008,32,0,206,0.00041232979856431484,0.9554150858626198,1.0,25080064,0,25080064,0.0,19753795584,0.004073600000083388,0.0,435.0087890625
dense,5008,32,0,207,0.00041232293006032705,0.9554275658945687,1.0,25080064,0,25080064,0.0,19753795584,0.004121800000575604,0.0,435.0087890625
dense,5008,32,0,208,0.00041231626528315246,0.9554213258785943,1.0,25080064,0,25080064,0.0,19753795584,0.004111600000214821,0.0,435.0087890625
dense,5008,32,0,209,0.00041230980423279107,0.9554275658945687,1.0,25080064,0,25080064,0.0,19753795584,0.004083700000592216,0.0,435.0087890625
dense,5008,32,0,210,0.0004123036051169038,0.9553838857827476,1.0,25080064,0,25080064,0.0,19753795584,0.00409970000055182,0.0,435.0087890625
dense,5008,32,0,211,0.0004122981335967779,0.9553838857827476,1.0,25080064,0,25080064,0.0,19753795584,0.004103000000213797,0.0,435.0087890625
dense,5008,32,0,212,0.000412293040426448,0.9553963658146964,1.0,25080064,0,25080064,0.0,19753795584,0.004073400000379479,0.0,435.0087890625
dense,5008,32,0,213,0.00041228876216337085,0.9554026058306709,1.0,25080064,0,25080064,0.0,19753795584,0.00426919999972597,0.0,435.0087890625
dense,5008,32,0,214,0.0004122848331462592,0.9553838857827476,1.0,25080064,0,25080064,0.0,19753795584,0.004114499999559484,0.0,435.0087890625
dense,5008,32,0,215,0.0004122818063478917,0.9553838857827476,1.0,25080064,0,25080064,0.0,19753795584,0.004091000000698841,0.0,435.0087890625
dense,5008,32,0,216,0.00041227921610698104,0.9554088458466453,1.0,25080064,0,25080064,0.0,19753795584,0.004113599999982398,0.0,435.0087890625
dense,5008,32,0,217,0.0004122777027077973,0.9553901257987221,1.0,25080064,0,25080064,0.0,19753795584,0.0041258000001107575,0.0,435.0087890625
dense,5008,32,0,218,0.00041227665496990085,0.9553838857827476,1.0,25080064,0,25080064,0.0,19753795584,0.00413360000038665,0.0,435.0087890625
dense,5008,32,0,219,0.00041227726615034044,0.9553589257188498,1.0,25080064,0,25080064,0.0,19753795584,0.0043695000003936,0.0,435.0087890625
dense,5008,32,0,220,0.000412280933232978,0.9553339656549521,1.0,25080064,0,25080064,0.0,19753795584,0.004551500000161468,0.0,435.0087890625
dense,5008,32,0,221,0.00041228902409784496,0.9553402056709265,1.0,25080064,0,25080064,0.0,19753795584,0.004111600000214821,0.0,435.0087890625
dense,5008,32,0,222,0.00041229784255847335,0.9553526857028753,1.0,25080064,0,25080064,0.0,19753795584,0.004380200000014156,0.0,435.0087890625
dense,5008,32,0,223,0.0004122948448639363,0.9553776457667732,1.0,25080064,0,25080064,0.0,19753795584,0.004082200000084413,0.0,435.0087890625
dense,5008,32,0,224,0.00041227645124308765,0.9553963658146964,1.0,25080064,0,25080064,0.0,19753795584,0.004439100000126928,0.0,435.0087890625
dense,5008,32,0,225,0.0004122649843338877,0.9553776457667732,1.0,25080064,0,25080064,0.0,19753795584,0.004107400000066264,0.0,435.0087890625
dense,5008,32,0,226,0.000412272842368111,0.9553838857827476,1.0,25080064,0,25080064,0.0,19753795584,0.004141700000218407,0.0,435.0087890625
dense,5008,32,0,227,0.0004122807877138257,0.9553838857827476,1.0,25080064,0,25080064,0.0,19753795584,0.004202900000564114,0.0,435.0087890625
dense,5008,32,0,228,0.00041227162000723183,0.9554026058306709,1.0,25080064,0,25080064,0.0,19753795584,0.004093900000043504,0.0,435.0087890625
dense,5008,32,0,229,0.0004122618120163679,0.955446285942492,1.0,25080064,0,25080064,0.0,19753795584,0.004273599999578437,0.0,435.0087890625
dense,5008,32,0,230,0.0004122664104215801,0.9554275658945687,1.0,25080064,0,25080064,0.0,19753795584,0.004102900000361842,0.0,435.0087890625
dense,5008,32,0,231,0.0004122717073187232,0.9554213258785943,1.0,25080064,0,25080064,0.0,19753795584,0.004092600000149105,0.0,435.0087890625
dense,5008,32,0,232,0.0004122650425415486,0.9554400459265175,1.0,25080064,0,25080064,0.0,19753795584,0.004279099999621394,0.0,435.0087890625
dense,5008,32,0,233,0.0004122593381907791,0.9554400459265175,1.0,25080064,0,25080064,0.0,19753795584,0.004104300000108196,0.0,435.0087890625
dense,5008,32,0,234,0.00041226352914236486,0.955446285942492,1.0,25080064,0,25080064,0.0,19753795584,0.004330999999183405,0.0,435.0087890625
dense,5008,32,0,235,0.00041226574103347957,0.9554400459265175,1.0,25080064,0,25080064,0.0,19753795584,0.004115800000363379,0.0,435.0087890625
dense,5008,32,0,236,0.0004122602695133537,0.955446285942492,1.0,25080064,0,25080064,0.0,19753795584,0.00409860000036133,0.0,435.0087890625
dense,5008,32,0,237,0.0004122579121030867,0.9554400459265175,1.0,25080064,0,25080064,0.0,19753795584,0.004116000000067288,0.0,435.0087890625
dense,5008,32,0,238,0.0004122615500818938,0.955446285942492,1.0,25080064,0,25080064,0.0,19753795584,0.004109900000003108,0.0,435.0087890625
dense,5008,32,0,239,0.0004122616082895547,0.9554275658945687,1.0,25080064,0,25080064,0.0,19753795584,0.004117999999834865,0.0,435.0087890625
dense,5008,32,0,240,0.0004122579121030867,0.955446285942492,1.0,25080064,0,25080064,0.0,19753795584,0.004326500000388478,0.0,435.0087890625
dense,5008,32,0,241,0.0004122575046494603,0.9554275658945687,1.0,25080064,0,25080064,0.0,19753795584,0.004105400000298687,0.0,435.0087890625
dense,5008,32,0,242,0.0004122600075788796,0.9554213258785943,1.0,25080064,0,25080064,0.0,19753795584,0.004095700000107172,0.0,435.0087890625
dense,5008,32,0,243,0.0004122589889448136,0.9554400459265175,1.0,25080064,0,25080064,0.0,19753795584,0.004080200000316836,0.0,435.0087890625
dense,5008,32,0,244,0.00041225666063837707,0.9554400459265175,1.0,25080064,0,25080064,0.0,19753795584,0.0040847000000212574,0.0,435.0087890625
dense,5008,32,0,245,0.000412257038988173,0.9554275658945687,1.0,25080064,0,25080064,0.0,19753795584,0.0040704000002733665,0.0,435.0087890625
dense,5008,32,0,246,0.0004122586688026786,0.9554400459265175,1.0,25080064,0,25080064,0.0,19753795584,0.004352299999482057,0.0,435.0087890625
dense,5008,32,0,247,0.00041225756285712123,0.9554150858626198,1.0,25080064,0,25080064,0.0,19753795584,0.004095799999959127,0.0,435.0087890625
dense,5008,32,0,248,0.00041225599125027657,0.9554150858626198,1.0,25080064,0,25080064,0.0,19753795584,0.004097000000001572,0.0,435.0087890625
dense,5008,32,0,249,0.00041225686436519027,0.9554275658945687,1.0,25080064,0,25080064,0.0,19753795584,0.004114299999855575,0.0,435.0087890625
dense,5008,32,0,250,0.0004122579994145781,0.9554213258785943,1.0,25080064,0,25080064,0.0,19753795584,0.004095199999937904,0.0,435.0087890625
dense,5008,32,0,251,0.00041225727181881666,0.9554275658945687,1.0,25080064,0,25080064,0.0,19753795584,0.004109999999855063,0.0,435.0087890625
dense,5008,32,0,252,0.0004122572427149862,0.9554275658945687,1.0,25080064,0,25080064,0.0,19753795584,0.004106500000489177,0.0,435.0087890625
dense,5008,32,0,253,0.0004122593381907791,0.9554275658945687,1.0,25080064,0,25080064,0.0,19753795584,0.004096499999832304,0.0,435.0087890625
dense,5008,32,0,254,0.0004122625687159598,0.9554150858626198,1.0,25080064,0,25080064,0.0,19753795584,0.004080200000316836,0.0,435.0087890625
dense,5008,32,0,255,0.0004122662649024278,0.9554088458466453,1.0,25080064,0,25080064,0.0,19753795584,0.004098100000192062,0.0,435.0087890625
dense,5008,32,0,256,0.0004122709506191313,0.9554026058306709,1.0,25080064,0,25080064,0.0,19753795584,0.004127600000174425,0.0,435.0087890625
dense,5008,32,0,257,0.0004122742684558034,0.9554213258785943,1.0,25080064,0,25080064,0.0,19753795584,0.004328900000473368,0.0,435.0087890625
dense,5008,32,0,258,0.00041227004840038717,0.9554150858626198,1.0,25080064,0,25080064,0.0,19753795584,0.004096699999536213,0.0,435.0087890625
dense,5008,32,0,259,0.0004122604732401669,0.9554150858626198,1.0,25080064,0,25080064,0.0,19753795584,0.004077800000231946,0.0,435.0087890625
dense,5008,32,0,260,0.000412255380069837,0.9554088458466453,1.0,25080064,0,25080064,0.0,19753795584,0.004095999999663036,0.0,435.0087890625
dense,5008,32,0,261,0.0004122590471524745,0.9554213258785943,1.0,25080064,0,25080064,0.0,19753795584,0.00414100000034523,0.0,435.0087890625
dense,5008,32,0,262,0.0004122645186726004,0.9554338059105432,1.0,25080064,0,25080064,0.0,19753795584,0.004333300000325835,0.0,435.0087890625
dense,5008,32,0,263,0.0004122637037653476,0.9554275658945687,1.0,25080064,0,25080064,0.0,19753795584,0.004106399999727728,0.0,435.0087890625
dense,5008,32,0,264,0.0004122579994145781,0.9554338059105432,1.0,25080064,0,25080064,0.0,19753795584,0.004324999999880674,0.0,435.0087890625
dense,5008,32,0,265,0.00041225532186217606,0.9554400459265175,1.0,25080064,0,25080064,0.0,19753795584,0.004104600000573555,0.0,435.0087890625
dense,5008,32,0,266,0.0004122584650758654,0.9554400459265175,1.0,25080064,0,25080064,0.0,19753795584,0.004135900000619586,0.0,435.0087890625
dense,5008,32,0,267,0.0004122609389014542,0.9554338059105432,1.0,25080064,0,25080064,0.0,19753795584,0.004119599999285128,0.0,435.0087890625
dense,5008,32,0,268,0.0004122591344639659,0.9554400459265175,1.0,25080064,0,25080064,0.0,19753795584,0.004146199999922828,0.0,435.0087890625
dense,5008,32,0,269,0.0004122558457311243,0.9554275658945687,1.0,25080064,0,25080064,0.0,19753795584,0.0040883000001485925,0.0,435.0087890625
dense,5008,32,0,270,0.000412255700211972,0.9554213258785943,1.0,25080064,0,25080064,0.0,19753795584,0.004246600000442413,0.0,435.0087890625
dense,5008,32,0,271,0.00041225808672606945,0.9554150858626198,1.0,25080064,0,25080064,0.0,19753795584,0.004094499999155232,0.0,435.0087890625
dense,5008,32,0,272,0.0004122585232835263,0.9554150858626198,1.0,25080064,0,25080064,0.0,19753795584,0.004087499999513966,0.0,435.0087890625
dense,5008,32,0,273,0.0004122564278077334,0.9554275658945687,1.0,25080064,0,25080064,0.0,19753795584,0.004324499999711406,0.0,435.0087890625
dense,5008,32,0,274,0.0004122550308238715,0.9554213258785943,1.0,25080064,0,25080064,0.0,19753795584,0.004136399999879359,0.0,435.0087890625
dense,5008,32,0,275,0.00041225628228858113,0.9554213258785943,1.0,25080064,0,25080064,0.0,19753795584,0.004111800000828225,0.0,435.0087890625
dense,5008,32,0,276,0.0004122573300264776,0.9554275658945687,1.0,25080064,0,25080064,0.0,19753795584,0.004116299999623152,0.0,435.0087890625
dense,5008,32,0,277,0.00041225666063837707,0.9554213258785943,1.0,25080064,0,25080064,0.0,19753795584,0.0041183000003002235,0.0,435.0087890625
dense,5008,32,0,278,0.00041225532186217606,0.9554150858626198,1.0,25080064,0,25080064,0.0,19753795584,0.0041272999997090665,0.0,435.0087890625
dense,5008,32,0,279,0.0004122552345506847,0.9554213258785943,1.0,25080064,0,25080064,0.0,19753795584,0.004424300000209769,0.0,435.0087890625
dense,5008,32,0,280,0.00041225607856176794,0.9554213258785943,1.0,25080064,0,25080064,0.0,19753795584,0.004117699999369506,0.0,435.0087890625
dense,5008,32,0,281,0.0004122565151192248,0.9554275658945687,1.0,25080064,0,25080064,0.0,19753795584,0.004320299999562849,0.0,435.0087890625
dense,5008,32,0,282,0.0004122559039387852,0.9554275658945687,1.0,25080064,0,25080064,0.0,19753795584,0.004088799999408366,0.0,435.0087890625
dense,5008,32,0,283,0.0004122550308238715,0.9554275658945687,1.0,25080064,0,25080064,0.0,19753795584,0.004083300000274903,0.0,435.0087890625
dense,5008,32,0,284,0.00041225532186217606,0.9554338059105432,1.0,25080064,0,25080064,0.0,19753795584,0.004124200000660494,0.0,435.0087890625
dense,5008,32,0,285,0.00041225599125027657,0.9554338059105432,1.0,25080064,0,25080064,0.0,19753795584,0.00410349999947357,0.0,435.0087890625
dense,5008,32,0,286,0.0004122559039387852,0.9554338059105432,1.0,25080064,0,25080064,0.0,19753795584,0.00411309999981313,0.0,435.0087890625
dense,5008,32,0,287,0.00041225532186217606,0.9554275658945687,1.0,25080064,0,25080064,0.0,19753795584,0.004112900000109221,0.0,435.0087890625
dense,5008,32,0,288,0.0004122550308238715,0.9554150858626198,1.0,25080064,0,25080064,0.0,19753795584,0.004104800000277464,0.0,435.0087890625
dense,5008,32,0,289,0.0004122550890315324,0.9554150858626198,1.0,25080064,0,25080064,0.0,19753795584,0.0041091000002779765,0.0,435.0087890625
dense,5008,32,0,290,0.00041225561290048063,0.9554213258785943,1.0,25080064,0,25080064,0.0,19753795584,0.004089899999598856,0.0,435.0087890625
dense,5008,32,0,291,0.00041225540917366743,0.9554213258785943,1.0,25080064,0,25080064,0.0,19753795584,0.004094199999599368,0.0,435.0087890625
dense,5008,32,0,292,0.0004122552345506847,0.9554213258785943,1.0,25080064,0,25080064,0.0,19753795584,0.00409970000055182,0.0,435.0087890625
dense,5008,32,0,293,0.00041225500172004104,0.9554213258785943,1.0,25080064,0,25080064,0.0,19753795584,0.0040675000000192085,0.0,435.0087890625
dense,5008,32,0,294,0.0004122551472391933,0.9554213258785943,1.0,25080064,0,25080064,0.0,19753795584,0.004105699999854551,0.0,435.0087890625
dense,5008,32,0,295,0.0004122552345506847,0.9554213258785943,1.0,25080064,0,25080064,0.0,19753795584,0.004241700000420678,0.0,435.0087890625
dense,5008,32,0,296,0.00041225532186217606,0.9554213258785943,1.0,25080064,0,25080064,0.0,19753795584,0.004114899999876798,0.0,435.0087890625
dense,5008,32,0,297,0.0004122552345506847,0.9554150858626198,1.0,25080064,0,25080064,0.0,19753795584,0.004088200000296638,0.0,435.0087890625
dense,5008,32,0,298,0.0004122551472391933,0.9554275658945687,1.0,25080064,0,25080064,0.0,19753795584,0.004085399999894435,0.0,435.0087890625
dense,5008,32,0,299,0.0004122550308238715,0.9554213258785943,1.0,25080064,0,25080064,0.0,19753795584,0.004135899999710091,0.0,435.0087890625
dense,5008,32,0,300,0.0004122550308238715,0.9554150858626198,1.0,25080064,0,25080064,0.0,19753795584,0.004143900000599388,0.0,435.0087890625
dense,5008,32,0,301,0.0004122552345506847,0.9554088458466453,1.0,25080064,0,25080064,0.0,19753795584,0.004091499999958614,0.0,435.0087890625
dense,5008,32,0,302,0.0004122550308238715,0.9554150858626198,1.0,25080064,0,25080064,0.0,19753795584,0.004083800000444171,0.0,435.0087890625
dense,5008,32,0,303,0.0004122550308238715,0.9554150858626198,1.0,25080064,0,25080064,0.0,19753795584,0.004126900000301248,0.0,435.0087890625
dense,5008,32,0,304,0.0004122550890315324,0.9554213258785943,1.0,25080064,0,25080064,0.0,19753795584,0.004096100000424485,0.0,435.0087890625
dense,5008,32,0,305,0.0004122551472391933,0.9554213258785943,1.0,25080064,0,25080064,0.0,19753795584,0.004125000000385626,0.0,435.0087890625
dense,5008,32,0,306,0.0004122550890315324,0.9554275658945687,1.0,25080064,0,25080064,0.0,19753795584,0.0041037999999389285,0.0,435.0087890625
dense,5008,32,0,307,0.0004122549435123801,0.9554275658945687,1.0,25080064,0,25080064,0.0,19753795584,0.004107499999918218,0.0,435.0087890625
dense,5008,32,0,308,0.0004122550890315324,0.9554275658945687,1.0,25080064,0,25080064,0.0,19753795584,0.004118500000004133,0.0,435.0087890625
dense,5008,32,0,309,0.0004122550308238715,0.9554275658945687,1.0,25080064,0,25080064,0.0,19753795584,0.004081400000359281,0.0,435.0087890625
dense,5008,32,0,310,0.0004122549435123801,0.9554275658945687,1.0,25080064,0,25080064,0.0,19753795584,0.005250700000033248,0.0,435.0087890625
dense,5008,32,0,311,0.00041225500172004104,0.9554275658945687,1.0,25080064,0,25080064,0.0,19753795584,0.0040909999997893465,0.0,435.0087890625
dense,5008,32,0,312,0.0004122550308238715,0.9554275658945687,1.0,25080064,0,25080064,0.0,19753795584,0.004122400000596826,0.0,435.0087890625
dense,5008,32,0,313,0.0004122551472391933,0.9554275658945687,1.0,25080064,0,25080064,0.0,19753795584,0.004104900000129419,0.0,435.0087890625
dense,5008,32,0,314,0.0004122548853047192,0.9554275658945687,1.0,25080064,0,25080064,0.0,19753795584,0.004075300000295101,0.0,435.0087890625
dense,5008,32,0,315,0.00041225500172004104,0.9554275658945687,1.0,25080064,0,25080064,0.0,19753795584,0.004100099999959639,0.0,435.0087890625
dense,5008,32,0,316,0.0004122552345506847,0.9554213258785943,1.0,25080064,0,25080064,0.0,19753795584,0.004095599999345723,0.0,435.0087890625
dense,5008,32,0,317,0.0004122550890315324,0.9554213258785943,1.0,25080064,0,25080064,0.0,19753795584,0.004144999999880383,0.0,435.0087890625
dense,5008,32,0,318,0.0004122552345506847,0.9554213258785943,1.0,25080064,0,25080064,0.0,19753795584,0.004123700000491226,0.0,435.0087890625
dense,5008,32,0,319,0.0004122550308238715,0.9554213258785943,1.0,25080064,0,25080064,0.0,19753795584,0.004093999999895459,0.0,435.0087890625
dense,5008,32,0,320,0.0004122550890315324,0.9554213258785943,1.0,25080064,0,25080064,0.0,19753795584,0.004085100000338571,0.0,435.0087890625
dense,5008,32,0,321,0.0004122552345506847,0.9554213258785943,1.0,25080064,0,25080064,0.0,19753795584,0.004114299999855575,0.0,435.0087890625
dense,5008,32,0,322,0.00041225552558898926,0.9554213258785943,1.0,25080064,0,25080064,0.0,19753795584,0.004135700000006182,0.0,435.0087890625
dense,5008,32,0,323,0.0004122559039387852,0.9554213258785943,1.0,25080064,0,25080064,0.0,19753795584,0.004154700000071898,0.0,435.0087890625
dense,5008,32,0,324,0.0004122565733268857,0.9554150858626198,1.0,25080064,0,25080064,0.0,19753795584,0.004104200000256242,0.0,435.0087890625
dense,5008,32,0,325,0.00041225762106478214,0.9554213258785943,1.0,25080064,0,25080064,0.0,19753795584,0.004107600000679668,0.0,435.0087890625
dense,5008,32,0,326,0.0004122598620597273,0.9554150858626198,1.0,25080064,0,25080064,0.0,19753795584,0.004311099999540602,0.0,435.0087890625
dense,5008,32,0,327,0.0004122637037653476,0.9554213258785943,1.0,25080064,0,25080064,0.0,19753795584,0.004195800000161398,0.0,435.0087890625
dense,5008,32,0,328,0.0004122694081161171,0.9554150858626198,1.0,25080064,0,25080064,0.0,19753795584,0.004087899999831279,0.0,435.0087890625
dense,5008,32,0,329,0.00041227598558180034,0.9554275658945687,1.0,25080064,0,25080064,0.0,19753795584,0.004107599999770173,0.0,435.0087890625
dense,5008,32,0,330,0.0004122788377571851,0.9554275658945687,1.0,25080064,0,25080064,0.0,19753795584,0.004087199999958102,0.0,435.0087890625
dense,5008,32,0,331,0.0004122742684558034,0.9554338059105432,1.0,25080064,0,25080064,0.0,19753795584,0.004093300000022282,0.0,435.0087890625
dense,5008,32,0,332,0.0004122657992411405,0.9554213258785943,1.0,25080064,0,25080064,0.0,19753795584,0.0040873000007195515,0.0,435.0087890625
dense,5008,32,0,333,0.0004122633836232126,0.9554275658945687,1.0,25080064,0,25080064,0.0,19753795584,0.004099499999938416,0.0,435.0087890625
dense,5008,32,0,334,0.0004122712416574359,0.9554275658945687,1.0,25080064,0,25080064,0.0,19753795584,0.004094500000064727,0.0,435.0087890625
dense,5008,32,0,335,0.0004122836980968714,0.9554338059105432,1.0,25080064,0,25080064,0.0,19753795584,0.004115099999580707,0.0,435.0087890625
dense,5008,32,0,336,0.00041229132330045104,0.9554275658945687,1.0,25080064,0,25080064,0.0,19753795584,0.00410820000070089,0.0,435.0087890625
dense,5008,32,0,337,0.00041228998452425003,0.9554400459265175,1.0,25080064,0,25080064,0.0,19753795584,0.004113599999982398,0.0,435.0087890625
dense,5008,32,0,338,0.00041228265035897493,0.9554275658945687,1.0,25080064,0,25080064,0.0,19753795584,0.004096699999536213,0.0,435.0087890625
dense,5008,32,0,339,0.0004122742684558034,0.9554338059105432,1.0,25080064,0,25080064,0.0,19753795584,0.004116200000680692,0.0,435.0087890625
dense,5008,32,0,340,0.0004122683603782207,0.9554275658945687,1.0,25080064,0,25080064,0.0,19753795584,0.004137199999604491,0.0,435.0087890625
dense,5008,32,0,341,0.0004122670507058501,0.9554213258785943,1.0,25080064,0,25080064,0.0,19753795584,0.004312299999583047,0.0,435.0087890625
dense,5008,32,0,342,0.0004122702230233699,0.9554213258785943,1.0,25080064,0,25080064,0.0,19753795584,0.0041192999997292645,0.0,435.0087890625
dense,5008,32,0,343,0.00041227685869671404,0.9554213258785943,1.0,25080064,0,25080064,0.0,19753795584,0.004109400000743335,0.0,435.0087890625
dense,5008,32,0,344,0.00041228183545172215,0.9554213258785943,1.0,25080064,0,25080064,0.0,19753795584,0.00407679999989341,0.0,435.0087890625
dense,5008,32,0,345,0.000412280933232978,0.9554088458466453,1.0,25080064,0,25080064,0.0,19753795584,0.004115800000363379,0.0,435.0087890625
dense,5008,32,0,346,0.0004122759564779699,0.9554213258785943,1.0,25080064,0,25080064,0.0,19753795584,0.004077999999935855,0.0,435.0087890625
dense,5008,32,0,347,0.00041227281326428056,0.9554026058306709,1.0,25080064,0,25080064,0.0,19753795584,0.004090700000233483,0.0,435.0087890625
dense,5008,32,0,348,0.0004122739774174988,0.9554338059105432,1.0,25080064,0,25080064,0.0,19753795584,0.0041466000002401415,0.0,435.0087890625
dense,5008,32,0,349,0.0004122770915273577,0.9554026058306709,1.0,25080064,0,25080064,0.0,19753795584,0.004712299999482639,0.0,435.0087890625
dense,5008,32,0,350,0.0004122780810575932,0.9554275658945687,1.0,25080064,0,25080064,0.0,19753795584,0.004389800000353716,0.0,435.0087890625
dense,5008,32,0,351,0.0004122755490243435,0.9554150858626198,1.0,25080064,0,25080064,0.0,19753795584,0.004174400000010792,0.0,435.0087890625
dense,5008,32,0,352,0.0004122721729800105,0.9554213258785943,1.0,25080064,0,25080064,0.0,19753795584,0.0044202999997651204,0.0,435.0087890625
dense,5008,32,0,353,0.0004122721729800105,0.9554150858626198,1.0,25080064,0,25080064,0.0,19753795584,0.0041139999993902165,0.0,435.0087890625
dense,5008,32,0,354,0.0004122763639315963,0.9554213258785943,1.0,25080064,0,25080064,0.0,19753795584,0.004096399999980349,0.0,435.0087890625
dense,5008,32,0,355,0.00041228256304748356,0.9554150858626198,1.0,25080064,0,25080064,0.0,19753795584,0.004120200000215846,0.0,435.0087890625
dense,5008,32,0,356,0.0004122869286220521,0.9554213258785943,1.0,25080064,0,25080064,0.0,19753795584,0.0041219000004275586,0.0,435.0087890625
dense,5008,32,0,357,0.00041228794725611806,0.9554150858626198,1.0,25080064,0,25080064,0.0,19753795584,0.004105500000150641,0.0,435.0087890625
dense,5008,32,0,358,0.000412284949561581,0.9554213258785943,1.0,25080064,0,25080064,0.0,19753795584,0.00410829999964335,0.0,435.0087890625
dense,5008,32,0,359,0.00041227941983379424,0.9554213258785943,1.0,25080064,0,25080064,0.0,19753795584,0.004111899999770685,0.0,435.0087890625
dense,5008,32,0,360,0.0004122739774174988,0.9554150858626198,1.0,25080064,0,25080064,0.0,19753795584,0.0043164000007891445,0.0,435.0087890625
dense,5008,32,0,361,0.00041227141628041863,0.9554400459265175,1.0,25080064,0,25080064,0.0,19753795584,0.0041071000005104,0.0,435.0087890625
dense,5008,32,0,362,0.00041227228939533234,0.9554150858626198,1.0,25080064,0,25080064,0.0,19753795584,0.004078900000422436,0.0,435.0087890625
dense,5008,32,0,363,0.00041227598558180034,0.9554400459265175,1.0,25080064,0,25080064,0.0,19753795584,0.004090200000064215,0.0,435.0087890625
dense,5008,32,0,364,0.0004122801765333861,0.9554213258785943,1.0,25080064,0,25080064,0.0,19753795584,0.004100600000128907,0.0,435.0087890625
dense,5008,32,0,365,0.00041228337795473635,0.9554400459265175,1.0,25080064,0,25080064,0.0,19753795584,0.004080900000190013,0.0,435.0087890625
dense,5008,32,0,366,0.0004122848331462592,0.9554150858626198,1.0,25080064,0,25080064,0.0,19753795584,0.00408400000014808,0.0,435.0087890625
dense,5008,32,0,367,0.00041228480404242873,0.9554338059105432,1.0,25080064,0,25080064,0.0,19753795584,0.004078300000401214,0.0,435.0087890625
dense,5008,32,0,368,0.0004122853570152074,0.9554088458466453,1.0,25080064,0,25080064,0.0,19753795584,0.0041025999998964835,0.0,435.0087890625
dense,5008,32,0,369,0.0004122869286220521,0.9554213258785943,1.0,25080064,0,25080064,0.0,19753795584,0.0041142000000036205,0.0,435.0087890625
dense,5008,32,0,370,0.00041228989721275866,0.9554150858626198,1.0,25080064,0,25080064,0.0,19753795584,0.004099599999790371,0.0,435.0087890625
dense,5008,32,0,371,0.00041229327325709164,0.9554213258785943,1.0,25080064,0,25080064,0.0,19753795584,0.004120099999454396,0.0,435.0087890625
dense,5008,32,0,372,0.0004122961836401373,0.9554150858626198,1.0,25080064,0,25080064,0.0,19753795584,0.004105499999241147,0.0,435.0087890625
dense,5008,32,0,373,0.0004122985992580652,0.9554213258785943,1.0,25080064,0,25080064,0.0,19753795584,0.00409620000027644,0.0,435.0087890625
dense,5008,32,0,374,0.00041230168426409364,0.9554275658945687,1.0,25080064,0,25080064,0.0,19753795584,0.0040868999994927435,0.0,435.0087890625
dense,5008,32,0,375,0.00041230599163100123,0.9554150858626198,1.0,25080064,0,25080064,0.0,19753795584,0.004140600000027916,0.0,435.0087890625
dense,5008,32,0,376,0.00041231035720556974,0.9554338059105432,1.0,25080064,0,25080064,0.0,19753795584,0.0041219000004275586,0.0,435.0087890625
dense,5008,32,0,377,0.0004123120743315667,0.9554150858626198,1.0,25080064,0,25080064,0.0,19753795584,0.004101500000615488,0.0,435.0087890625
dense,5008,32,0,378,0.0004123093094676733,0.9554338059105432,1.0,25080064,0,25080064,0.0,19753795584,0.004112200000236044,0.0,435.0087890625
dense,5008,32,0,379,0.00041230255737900734,0.9554088458466453,1.0,25080064,0,25080064,0.0,19753795584,0.004081500000211236,0.0,435.0087890625
dense,5008,32,0,380,0.0004122954560443759,0.9554338059105432,1.0,25080064,0,25080064,0.0,19753795584,0.004119600000194623,0.0,435.0087890625
dense,5008,32,0,381,0.00041229199268855155,0.9554213258785943,1.0,25080064,0,25080064,0.0,19753795584,0.004107700000531622,0.0,435.0087890625
dense,5008,32,0,382,0.00041229426278732717,0.9554150858626198,1.0,25080064,0,25080064,0.0,19753795584,0.004098999999769148,0.0,435.0087890625
dense,5008,32,0,383,0.0004123003745917231,0.955446285942492,1.0,25080064,0,25080064,0.0,19753795584,0.0040841999998519896,0.0,435.0087890625
dense,5008,32,0,384,0.0004123059334233403,0.9554088458466453,1.0,25080064,0,25080064,0.0,19753795584,0.00410939999983384,0.0,435.0087890625
dense,5008,32,0,385,0.00041230712668038905,0.955446285942492,1.0,25080064,0,25080064,0.0,19753795584,0.004092600000149105,0.0,435.0087890625
dense,5008,32,0,386,0.00041230450733564794,0.9554088458466453,1.0,25080064,0,25080064,0.0,19753795584,0.004144100000303297,0.0,435.0087890625
dense,5008,32,0,387,0.0004123013641219586,0.955446285942492,1.0,25080064,0,25080064,0.0,19753795584,0.004098399999747926,0.0,435.0087890625
dense,5008,32,0,388,0.00041230092756450176,0.9554088458466453,1.0,25080064,0,25080064,0.0,19753795584,0.0041001999998115934,0.0,435.0087890625
dense,5008,32,0,389,0.00041230645729228854,0.955446285942492,1.0,25080064,0,25080064,0.0,19753795584,0.0040844000004653935,0.0,435.0087890625
dense,5008,32,0,390,0.0004123174003325403,0.9554213258785943,1.0,25080064,0,25080064,0.0,19753795584,0.004114899999876798,0.0,435.0087890625
dense,5008,32,0,391,0.0004123323014937341,0.9554400459265175,1.0,25080064,0,25080064,0.0,19753795584,0.0041427000005569425,0.0,435.0087890625
dense,5008,32,0,392,0.0004123487451579422,0.9554275658945687,1.0,25080064,0,25080064,0.0,19753795584,0.004100400000424997,0.0,435.0087890625
dense,5008,32,0,393,0.00041236577089875937,0.9554525259584664,1.0,25080064,0,25080064,0.0,19753795584,0.004103900000700378,0.0,435.0087890625
dense,5008,32,0,394,0.00041238233097828925,0.9554275658945687,1.0,25080064,0,25080064,0.0,19753795584,0.004081699999915145,0.0,435.0087890625
dense,5008,32,0,395,0.00041239947313442826,0.9554587659744409,1.0,25080064,0,25080064,0.0,19753795584,0.004097899999578658,0.0,435.0087890625
dense,5008,32,0,396,0.0004124178667552769,0.9554275658945687,1.0,25080064,0,25080064,0.0,19753795584,0.00414459999956307,0.0,435.0087890625
dense,5008,32,0,397,0.0004124442348256707,0.9554650059904153,1.0,25080064,0,25080064,0.0,19753795584,0.004108599999199214,0.0,435.0087890625
dense,5008,32,0,398,0.0004124818369746208,0.9554338059105432,1.0,25080064,0,25080064,0.0,19753795584,0.004101599999557948,0.0,435.0087890625
dense,5008,32,0,399,0.0004125342529732734,0.9554400459265175,1.0,25080064,0,25080064,0.0,19753795584,0.004100099999959639,0.0,435.0087890625
dense,5008,32,0,400,0.00041259362478740513,0.9554275658945687,1.0,25080064,0,25080064,0.0,19753795584,0.004085499999746389,0.0,435.0087890625
dense,5008,32,0,401,0.00041266140760853887,0.9554213258785943,1.0,25080064,0,25080064,0.0,19753795584,0.0040817999997670995,0.0,435.0087890625
dense,5008,32,0,402,0.0004127289284951985,0.9554338059105432,1.0,25080064,0,25080064,0.0,19753795584,0.004095799999959127,0.0,435.0087890625
dense,5008,32,0,403,0.0004128160362597555,0.9554275658945687,1.0,25080064,0,25080064,0.0,19753795584,0.004078699999809032,0.0,435.0087890625
dense,5008,32,0,404,0.00041290497756563127,0.9554525259584664,1.0,25080064,0,25080064,0.0,19753795584,0.004160200000114855,0.0,435.0087890625
dense,5008,32,0,405,0.0004130135348532349,0.9554088458466453,1.0,25080064,0,25080064,0.0,19753795584,0.004122800000004645,0.0,435.0087890625
dense,5008,32,0,406,0.0004130848974455148,0.9554525259584664,1.0,25080064,0,25080064,0.0,19753795584,0.004078699999809032,0.0,435.0087890625
dense,5008,32,0,407,0.00041314936242997646,0.9554275658945687,1.0,25080064,0,25080064,0.0,19753795584,0.0041091000002779765,0.0,435.0087890625
dense,5008,32,0,408,0.0004131500609219074,0.9554712460063898,1.0,25080064,0,25080064,0.0,19753795584,0.0040945999999166816,0.0,435.0087890625
dense,5008,32,0,409,0.000413156725699082,0.9554213258785943,1.0,25080064,0,25080064,0.0,19753795584,0.004091199999493256,0.0,435.0087890625
dense,5008,32,0,410,0.00041310617234557867,0.9554338059105432,1.0,25080064,0,25080064,0.0,19753795584,0.004105699999854551,0.0,435.0087890625
dense,5008,32,0,411,0.0004130624292884022,0.9554213258785943,1.0,25080064,0,25080064,0.0,19753795584,0.004110299999410927,0.0,435.0087890625
dense,5008,32,0,412,0.0004129624867346138,0.9554275658945687,1.0,25080064,0,25080064,0.0,19753795584,0.0041132000005745795,0.0,435.0087890625
dense,5008,32,0,413,0.00041286833584308624,0.9553901257987221,1.0,25080064,0,25080064,0.0,19753795584,0.004128600000512961,0.0,435.0087890625
dense,5008,32,0,414,0.00041275055264122784,0.9554150858626198,1.0,25080064,0,25080064,0.0,19753795584,0.004110400000172376,0.0,435.0087890625
dense,5008,32,0,415,0.0004126572166569531,0.9554213258785943,1.0,25080064,0,25080064,0.0,19753795584,0.004074499999660475,0.0,435.0087890625
dense,5008,32,0,416,0.00041257101111114025,0.9554213258785943,1.0,25080064,0,25080064,0.0,19753795584,0.004122499999539286,0.0,435.0087890625
dense,5008,32,0,417,0.0004125090781599283,0.9554338059105432,1.0,25080064,0,25080064,0.0,19753795584,0.0040975000001708395,0.0,435.0087890625
dense,5008,32,0,418,0.0004124536062590778,0.9554150858626198,1.0,25080064,0,25080064,0.0,19753795584,0.0040933999998742365,0.0,435.0087890625
dense,5008,32,0,419,0.00041240875725634396,0.9554400459265175,1.0,25080064,0,25080064,0.0,19753795584,0.004101700000319397,0.0,435.0087890625
dense,5008,32,0,420,0.0004123688268009573,0.9554338059105432,1.0,25080064,0,25080064,0.0,19753795584,0.004097799999726703,0.0,435.0087890625
dense,5008,32,0,421,0.0004123399849049747,0.9554587659744409,1.0,25080064,0,25080064,0.0,19753795584,0.004110900000341644,0.0,435.0087890625
dense,5008,32,0,422,0.00041232045623473823,0.9554338059105432,1.0,25080064,0,25080064,0.0,19753795584,0.004084300000613439,0.0,435.0087890625
dense,5008,32,0,423,0.0004123100661672652,0.955446285942492,1.0,25080064,0,25080064,0.0,19753795584,0.00415309999971214,0.0,435.0087890625
dense,5008,32,0,424,0.0004123059334233403,0.9554338059105432,1.0,25080064,0,25080064,0.0,19753795584,0.004127900000639784,0.0,435.0087890625
dense,5008,32,0,425,0.0004123060207348317,0.9554400459265175,1.0,25080064,0,25080064,0.0,19753795584,0.0041067000001930865,0.0,435.0087890625
dense,5008,32,0,426,0.00041230831993743777,0.9554338059105432,1.0,25080064,0,25080064,0.0,19753795584,0.004135700000006182,0.0,435.0087890625
dense,5008,32,0,427,0.0004123128892388195,0.9554275658945687,1.0,25080064,0,25080064,0.0,19753795584,0.004133200000069337,0.0,435.0087890625
dense,5008,32,0,428,0.0004123193211853504,0.9554213258785943,1.0,25080064,0,25080064,0.0,19753795584,0.004107599999770173,0.0,435.0087890625
dense,5008,32,0,429,0.00041233148658648133,0.955446285942492,1.0,25080064,0,25080064,0.0,19753795584,0.0040948000005300855,0.0,435.0087890625
dense,5008,32,0,430,0.0004123519756831229,0.9554275658945687,1.0,25080064,0,25080064,0.0,19753795584,0.00408160000006319,0.0,435.0087890625
dense,5008,32,0,431,0.0004123892867937684,0.9554525259584664,1.0,25080064,0,25080064,0.0,19753795584,0.004085200000190525,0.0,435.0087890625
dense,5008,32,0,432,0.00041244851308874786,0.9554213258785943,1.0,25080064,0,25080064,0.0,19753795584,0.004094199999599368,0.0,435.0087890625
dense,5008,32,0,433,0.0004125499108340591,0.9554338059105432,1.0,25080064,0,25080064,0.0,19753795584,0.0040713999997024075,0.0,435.0087890625
dense,5008,32,0,434,0.00041270541260018945,0.9554400459265175,1.0,25080064,0,25080064,0.0,19753795584,0.004103000000213797,0.0,435.0087890625
dense,5008,32,0,435,0.00041297843563370407,0.9554338059105432,1.0,25080064,0,25080064,0.0,19753795584,0.004094400000212772,0.0,435.0087890625
dense,5008,32,0,436,0.00041338877053931355,0.9554338059105432,1.0,25080064,0,25080064,0.0,19753795584,0.004098800000065239,0.0,435.0087890625
dense,5008,32,0,437,0.0004141355457250029,0.9554026058306709,1.0,25080064,0,25080064,0.0,19753795584,0.004130699999222998,0.0,435.0087890625
dense,5008,32,0,438,0.0004151731845922768,0.9554899660543131,1.0,25080064,0,25080064,0.0,19753795584,0.004077600000528037,0.0,435.0087890625
dense,5008,32,0,439,0.00041707998025231063,0.9554150858626198,1.0,25080064,0,25080064,0.0,19753795584,0.004281999999875552,0.0,435.0087890625
dense,5008,32,0,440,0.0004191711777821183,0.9554400459265175,1.0,25080064,0,25080064,0.0,19753795584,0.004095600000255217,0.0,435.0087890625
dense,5008,32,0,441,0.00042282414506189525,0.9553589257188498,1.0,25080064,0,25080064,0.0,19753795584,0.004122599999391241,0.0,435.0087890625
dense,5008,32,0,442,0.0004245830641593784,0.9554213258785943,1.0,25080064,0,25080064,0.0,19753795584,0.00412270000015269,0.0,435.0087890625
dense,5008,32,0,443,0.0004271525831427425,0.9552965255591054,1.0,25080064,0,25080064,0.0,19753795584,0.004103199999917706,0.0,435.0087890625
dense,5008,32,0,444,0.0004241530259605497,0.9554400459265175,1.0,25080064,0,25080064,0.0,19753795584,0.004131700000471028,0.0,435.0087890625
dense,5008,32,0,445,0.00042086842586286366,0.9553589257188498,1.0,25080064,0,25080064,0.0,19753795584,0.004117699999369506,0.0,435.0087890625
dense,5008,32,0,446,0.0004159566306043416,0.9555149261182109,1.0,25080064,0,25080064,0.0,19753795584,0.0040793999996822095,0.0,435.0087890625
dense,5008,32,0,447,0.0004131581517867744,0.9554587659744409,1.0,25080064,0,25080064,0.0,19753795584,0.004093100000318373,0.0,435.0087890625
dense,5008,32,0,448,0.0004127522115595639,0.9554899660543131,1.0,25080064,0,25080064,0.0,19753795584,0.004076400000485592,0.0,435.0087890625
dense,5008,32,0,449,0.0004142707912251353,0.9554650059904153,1.0,25080064,0,25080064,0.0,19753795584,0.004118400000152178,0.0,435.0087890625
dense,5008,32,0,450,0.0004170006141066551,0.9554088458466453,1.0,25080064,0,25080064,0.0,19753795584,0.00410959999953775,0.0,435.0087890625
dense,5008,32,0,451,0.0004191785119473934,0.9554587659744409,1.0,25080064,0,25080064,0.0,19753795584,0.004101499999705993,0.0,435.0087890625
dense,5008,32,0,452,0.00042157317511737347,0.9553714057507987,1.0,25080064,0,25080064,0.0,19753795584,0.004130500000428583,0.0,435.0087890625
dense,5008,32,0,453,0.00042057313839904964,0.9554587659744409,1.0,25080064,0,25080064,0.0,19753795584,0.004100099999959639,0.0,435.0087890625
dense,5008,32,0,454,0.0004192058404441923,0.9553402056709265,1.0,25080064,0,25080064,0.0,19753795584,0.0041049999999813735,0.0,435.0087890625
dense,5008,32,0,455,0.0004159778472967446,0.9554774860223643,1.0,25080064,0,25080064,0.0,19753795584,0.004130199999963224,0.0,435.0087890625
dense,5008,32,0,456,0.00041364794014953077,0.9554587659744409,1.0,25080064,0,25080064,0.0,19753795584,0.004072799999448762,0.0,435.0087890625
dense,5008,32,0,457,0.0004125522100366652,0.9554962060702875,1.0,25080064,0,25080064,0.0,19753795584,0.004094799999620591,0.0,435.0087890625
dense,5008,32,0,458,0.00041283995960839093,0.9555274061501597,1.0,25080064,0,25080064,0.0,19753795584,0.004262700000253972,0.0,435.0087890625
dense,5008,32,0,459,0.00041409386903978884,0.955446285942492,1.0,25080064,0,25080064,0.0,19753795584,0.004084299999703944,0.0,435.0087890625
dense,5008,32,0,460,0.00041552368202246726,0.9555461261980831,1.0,25080064,0,25080064,0.0,19753795584,0.00410230000034062,0.0,435.0087890625
dense,5008,32,0,461,0.0004170801548752934,0.9554088458466453,1.0,25080064,0,25080064,0.0,19753795584,0.005451500000162923,0.0,435.0087890625
dense,5008,32,0,462,0.0004172971530351788,0.9554774860223643,1.0,25080064,0,25080064,0.0,19753795584,0.004106899999896996,0.0,435.0087890625
dense,5008,32,0,463,0.000417272443883121,0.9553714057507987,1.0,25080064,0,25080064,0.0,19753795584,0.004117000000405824,0.0,435.0087890625
dense,5008,32,0,464,0.0004158344236202538,0.9554774860223643,1.0,25080064,0,25080064,0.0,19753795584,0.004090700000233483,0.0,435.0087890625
dense,5008,32,0,465,0.0004144900303799659,0.9553589257188498,1.0,25080064,0,25080064,0.0,19753795584,0.00409620000027644,0.0,435.0087890625
dense,5008,32,0,466,0.0004131828318350017,0.9554899660543131,1.0,25080064,0,25080064,0.0,19753795584,0.0040841999998519896,0.0,435.0087890625
dense,5008,32,0,467,0.00041248154593631625,0.9554400459265175,1.0,25080064,0,25080064,0.0,19753795584,0.004073500000231434,0.0,435.0087890625
dense,5008,32,0,468,0.00041239475831389427,0.9554650059904153,1.0,25080064,0,25080064,0.0,19753795584,0.0040945999999166816,0.0,435.0087890625
dense,5008,32,0,469,0.0004127903375774622,0.9554026058306709,1.0,25080064,0,25080064,0.0,19753795584,0.004072700000506302,0.0,435.0087890625
dense,5008,32,0,470,0.00041348044760525227,0.9554088458466453,1.0,25080064,0,25080064,0.0,19753795584,0.004095600000255217,0.0,435.0087890625
dense,5008,32,0,471,0.00041414049337618053,0.955446285942492,1.0,25080064,0,25080064,0.0,19753795584,0.004051999999319378,0.0,435.0087890625
dense,5008,32,0,472,0.000414832029491663,0.955346445686901,1.0,25080064,0,25080064,0.0,19753795584,0.00431159999970987,0.0,435.0087890625
dense,5008,32,0,473,0.0004150118911638856,0.9554774860223643,1.0,25080064,0,25080064,0.0,19753795584,0.004088900000169815,0.0,435.0087890625
dense,5008,32,0,474,0.00041514576878398657,0.9553277256389776,1.0,25080064,0,25080064,0.0,19753795584,0.004134499999963737,0.0,435.0087890625
dense,5008,32,0,475,0.00041467725532129407,0.9554837260383386,1.0,25080064,0,25080064,0.0,19753795584,0.004111399999601417,0.0,435.0087890625
dense,5008,32,0,476,0.0004142248071730137,0.9554026058306709,1.0,25080064,0,25080064,0.0,19753795584,0.004099499999938416,0.0,435.0087890625
dense,5008,32,0,477,0.0004135399649385363,0.9554837260383386,1.0,25080064,0,25080064,0.0,19753795584,0.004093999999895459,0.0,435.0087890625
dense,5008,32,0,478,0.00041301047895103693,0.9553838857827476,1.0,25080064,0,25080064,0.0,19753795584,0.004118500000004133,0.0,435.0087890625
dense,5008,32,0,479,0.00041258911369368434,0.9554712460063898,1.0,25080064,0,25080064,0.0,19753795584,0.004111199999897508,0.0,435.0087890625
dense,5008,32,0,480,0.00041235776734538376,0.9554338059105432,1.0,25080064,0,25080064,0.0,19753795584,0.0041117999999187305,0.0,435.0087890625
dense,5008,32,0,481,0.00041228361078538,0.9554587659744409,1.0,25080064,0,25080064,0.0,19753795584,0.004163900000094145,0.0,435.0087890625
dense,5008,32,0,482,0.00041233169031329453,0.955446285942492,1.0,25080064,0,25080064,0.0,19753795584,0.0040999999991981895,0.0,435.0087890625
dense,5008,32,0,483,0.0004124646948184818,0.9554400459265175,1.0,25080064,0,25080064,0.0,19753795584,0.004082200000084413,0.0,435.0087890625
dense,5008,32,0,484,0.00041264647734351456,0.9554088458466453,1.0,25080064,0,25080064,0.0,19753795584,0.00410210000063671,0.0,435.0087890625
dense,5008,32,0,485,0.00041287756175734103,0.9553963658146964,1.0,25080064,0,25080064,0.0,19753795584,0.004085799999302253,0.0,435.0087890625
dense,5008,32,0,486,0.00041310483356937766,0.9554213258785943,1.0,25080064,0,25080064,0.0,19753795584,0.004084300000613439,0.0,435.0087890625
dense,5008,32,0,487,0.0004134003247600049,0.9553901257987221,1.0,25080064,0,25080064,0.0,19753795584,0.004096100000424485,0.0,435.0087890625
dense,5008,32,0,488,0.000413642410421744,0.9554275658945687,1.0,25080064,0,25080064,0.0,19753795584,0.004134400000111782,0.0,435.0087890625
dense,5008,32,0,489,0.0004140084784012288,0.9553901257987221,1.0,25080064,0,25080064,0.0,19753795584,0.0041362000001754495,0.0,435.0087890625
dense,5008,32,0,490,0.0004142538527958095,0.9554525259584664,1.0,25080064,0,25080064,0.0,19753795584,0.004128399999899557,0.0,435.0087890625
dense,5008,32,0,491,0.0004146966093685478,0.9553838857827476,1.0,25080064,0,25080064,0.0,19753795584,0.004109799999241659,0.0,435.0087890625
dense,5008,32,0,492,0.0004149186715949327,0.9554774860223643,1.0,25080064,0,25080064,0.0,19753795584,0.0042617999997673905,0.0,435.0087890625
dense,5008,32,0,493,0.0004154168418608606,0.9553714057507987,1.0,25080064,0,25080064,0.0,19753795584,0.004127300000618561,0.0,435.0087890625
dense,5008,32,0,494,0.0004155614005867392,0.9554899660543131,1.0,25080064,0,25080064,0.0,19753795584,0.004118299999390729,0.0,435.0087890625
dense,5008,32,0,495,0.0004160504031460732,0.9554088458466453,1.0,25080064,0,25080064,0.0,19753795584,0.004101700000319397,0.0,435.0087890625
dense,5008,32,0,496,0.0004160458338446915,0.955502446086262,1.0,25080064,0,25080064,0.0,19753795584,0.004109200000129931,0.0,435.0087890625
dense,5008,32,0,497,0.0004164258425589651,0.9553963658146964,1.0,25080064,0,25080064,0.0,19753795584,0.004080900000190013,0.0,435.0087890625
dense,5008,32,0,498,0.0004162246477790177,0.9555461261980831,1.0,25080064,0,25080064,0.0,19753795584,0.0041221999999834225,0.0,435.0087890625
dense,5008,32,0,499,0.00041641428833827376,0.9554026058306709,1.0,25080064,0,25080064,0.0,19753795584,0.0040987000002132845,0.0,435.0087890625
dense,5008,32,0,500,0.0004160479293204844,0.9555336461661342,1.0,25080064,0,25080064,0.0,19753795584,0.004119100000025355,0.0,435.0087890625
exact,5008,32,0,1,0.22973300516605377,0.14737669728434505,1.0,160256,25080064,25240320,5008.0,3825631232,0.05050740000024234,0.0013025999996898463,185.72021484375
exact,5008,32,0,2,0.18925122916698456,0.1230780750798722,1.0,160256,25080064,25240320,5008.0,3825631232,0.002867500000320433,0.0012796999999409309,186.18896484375
exact,5008,32,0,3,0.16612710058689117,0.1033783446485623,1.0,160256,25080064,25240320,5008.0,3825631232,0.002895399999943038,0.0012828999997509527,186.71630859375
exact,5008,32,0,4,0.15289202332496643,0.08845222643769968,1.0,160256,25080064,25240320,5008.0,3825631232,0.002943799999229668,0.0012718999996650382,185.31787109375
exact,5008,32,0,5,0.14483433961868286,0.07801267971246006,1.0,160256,25080064,25240320,5008.0,3825631232,0.00297599999976228,0.001271199999791861,186.71630859375
exact,5008,32,0,6,0.13944317400455475,0.0705121805111821,1.0,160256,25080064,25240320,5008.0,3825631232,0.0029029999996055267,0.0012744999994538375,185.31787109375
exact,5008,32,0,7,0.13545499742031097,0.06532672723642173,1.0,160256,25080064,25240320,5008.0,3825631232,0.005529099999876053,0.0012913999999000225,186.71630859375
exact,5008,32,0,8,0.1321549266576767,0.0621193590255591,1.0,160256,25080064,25240320,5008.0,3825631232,0.003323699999782548,0.0013589000000138185,186.18896484375
exact,5008,32,0,9,0.12915289402008057,0.05999151357827476,1.0,160256,25080064,25240320,5008.0,3825631232,0.0035360000001674052,0.001669700000093144,186.71630859375
exact,5008,32,0,10,0.12650905549526215,0.058674870207667734,1.0,160256,25080064,25240320,5008.0,3825631232,0.003318799999760813,0.0014268000004449277,185.31787109375
exact,5008,32,0,11,0.12417658418416977,0.057932308306709264,1.0,160256,25080064,25240320,5008.0,3825631232,0.0032429000002593966,0.0013051999994786456,186.71630859375
exact,5008,32,0,12,0.12217994779348373,0.05807582867412141,1.0,160256,25080064,25240320,5008.0,3825631232,0.0030796000000918866,0.0012936000002810033,185.31787109375
exact,5008,32,0,13,0.12041251361370087,0.058543829872204474,1.0,160256,25080064,25240320,5008.0,3825631232,0.0030375999995158054,0.0012976999996681116,186.71630859375
exact,5008,32,0,14,0.11888293921947479,0.05949855231629393,1.0,160256,25080064,25240320,5008.0,3825631232,0.0031263999999282532,0.0013402000004134607,186.18896484375
exact,5008,32,0,15,0.11753786355257034,0.06044703474440895,1.0,160256,25080064,25240320,5008.0,3825631232,0.0030426000002989895,0.001280899999983376,186.71630859375
exact,5008,32,0,16,0.11631540954113007,0.061688797923322686,1.0,160256,25080064,25240320,5008.0,3825631232,0.0030987000000095577,0.0012790999999197084,185.31787109375
exact,5008,32,0,17,0.11519220471382141,0.06334864217252396,1.0,160256,25080064,25240320,5008.0,3825631232,0.0030984999993961537,0.0012758000002577319,186.71630859375
exact,5008,32,0,18,0.11418627202510834,0.06520816693290735,1.0,160256,25080064,25240320,5008.0,3825631232,0.00305090000074415,0.0012891999995190417,185.31787109375
exact,5008,32,0,19,0.11327393352985382,0.06744209265175719,1.0,160256,25080064,25240320,5008.0,3825631232,0.0030544000001100358,0.0012864000000263331,186.71630859375
exact,5008,32,0,20,0.1124396026134491,0.06961361821086262,1.0,160256,25080064,25240320,5008.0,3825631232,0.0031309999994846294,0.001286900000195601,186.18896484375
exact,5008,32,0,21,0.11169986426830292,0.07248402555910544,1.0,160256,25080064,25240320,5008.0,3825631232,0.00311260000034963,0.0013005999999222695,186.71630859375
exact,5008,32,0,22,0.1109858974814415,0.07541683306709265,1.0,160256,25080064,25240320,5008.0,3825631232,0.0030704999999215943,0.0012912000001961133,185.31787109375
exact,5008,32,0,23,0.11030977964401245,0.07904228234824281,1.0,160256,25080064,25240320,5008.0,3825631232,0.003042299999833631,0.0012912000001961133,186.71630859375
exact,5008,32,0,24,0.10970541089773178,0.08295477236421725,1.0,160256,25080064,25240320,5008.0,3825631232,0.0030762999995204154,0.0012928000005558715,185.31787109375
exact,5008,32,0,25,0.10907906293869019,0.08777830471246006,1.0,160256,25080064,25240320,5008.0,3825631232,0.0031681999998909305,0.0013135999997757608,186.71630859375
exact,5008,32,0,26,0.10847464203834534,0.09311351837060702,1.0,160256,25080064,25240320,5008.0,3825631232,0.003140499999972235,0.0012778999998772633,186.18896484375
exact,5008,32,0,27,0.1078493520617485,0.09866089257188498,1.0,160256,25080064,25240320,5008.0,3825631232,0.0030690000003232853,0.0012875000002168235,186.71630859375
exact,5008,32,0,28,0.10723606497049332,0.10501946884984026,1.0,160256,25080064,25240320,5008.0,3825631232,0.0031478999999308144,0.001296399999773712,185.31787109375
exact,5008,32,0,29,0.1065952405333519,0.1120145267571885,1.0,160256,25080064,25240320,5008.0,3825631232,0.0033241999999518157,0.0013066000001344946,186.71630859375
exact,5008,32,0,30,0.10597269982099533,0.11987070686900958,1.0,160256,25080064,25240320,5008.0,3825631232,0.0031647999994675047,0.0013105999996696482,185.31787109375
exact,5008,32,0,31,0.10534264147281647,0.1287065694888179,1.0,160256,25080064,25240320,5008.0,3825631232,0.0031503000000157044,0.0013128999999025837,186.71630859375
exact,5008,32,0,32,0.10467811673879623,0.13819139376996806,1.0,160256,25080064,25240320,5008.0,3825631232,0.0031887000004644506,0.0013076000004730304,186.18896484375
exact,5008,32,0,33,0.1040009930729866,0.14847494009584664,1.0,160256,25080064,25240320,5008.0,3825631232,0.0031742000001031556,0.0012952000006407616,186.71630859375
exact,5008,32,0,34,0.10326046496629715,0.16041209065495207,1.0,160256,25080064,25240320,5008.0,3825631232,0.0030856000003041117,0.001305000000684231,185.31787109375
exact,5008,32,0,35,0.10247883945703506,0.1735535642971246,1.0,160256,25080064,25240320,5008.0,3825631232,0.003155999999762571,0.0012880999993285513,186.71630859375
exact,5008,32,0,36,0.10161454975605011,0.18818016174121405,1.0,160256,25080064,25240320,5008.0,3825631232,0.0030709000002389075,0.0012793000005331123,185.31787109375
exact,5008,32,0,37,0.10065680742263794,0.2046787639776358,1.0,160256,25080064,25240320,5008.0,3825631232,0.0030442999996012077,0.0012676000005740207,186.71630859375
exact,5008,32,0,38,0.09963667392730713,0.2224877695686901,1.0,160256,25080064,25240320,5008.0,3825631232,0.0030692999998791493,0.0013432000005195732,186.18896484375
exact,5008,32,0,39,0.09849649667739868,0.24146365814696485,1.0,160256,25080064,25240320,5008.0,3825631232,0.004217599999719823,0.0012962999999217573,186.71630859375
exact,5008,32,0,40,0.09720258414745331,0.2628918730031949,1.0,160256,25080064,25240320,5008.0,3825631232,0.003015100000084203,0.0013036999998803367,185.31787109375
exact,5008,32,0,41,0.0957753136754036,0.2863917731629393,1.0,160256,25080064,25240320,5008.0,3825631232,0.0030442000006587477,0.0012945999997100444,186.71630859375
exact,5008,32,0,42,0.09419161826372147,0.31090879592651754,1.0,160256,25080064,25240320,5008.0,3825631232,0.0030566000004910165,0.0012951999997312669,185.31787109375
exact,5008,32,0,43,0.0924123227596283,0.336517821485623,1.0,160256,25080064,25240320,5008.0,3825631232,0.0029806000002281507,0.001320299999861163,186.71630859375
exact,5008,32,0,44,0.09046558290719986,0.36326876996805113,1.0,160256,25080064,25240320,5008.0,3825631232,0.00291670000024169,0.0012796999999409309,186.18896484375
exact,5008,32,0,45,0.088343545794487,0.38895267571884984,1.0,160256,25080064,25240320,5008.0,3825631232,0.0029390999998213374,0.001301199999943492,186.71630859375
exact,5008,32,0,46,0.08599815517663956,0.4150983426517572,1.0,160256,25080064,25240320,5008.0,3825631232,0.002923199999713688,0.0012907000000268454,185.31787109375
exact,5008,32,0,47,0.08348019421100616,0.4409444888178914,1.0,160256,25080064,25240320,5008.0,3825631232,0.0032584000000497326,0.0013300999999046326,186.71630859375
exact,5008,32,0,48,0.08072151243686676,0.4660418330670926,1.0,160256,25080064,25240320,5008.0,3825631232,0.00311390000024403,0.001358099999379192,185.31787109375
exact,5008,32,0,49,0.07776898890733719,0.48908621206070285,1.0,160256,25080064,25240320,5008.0,3825631232,0.00405010000031325,0.0013126000003467198,186.71630859375
exact,5008,32,0,50,0.07463894784450531,0.5103147464057508,1.0,160256,25080064,25240320,5008.0,3825631232,0.002959000000373635,0.0013054999999440042,186.18896484375
exact,5008,32,0,51,0.07142171263694763,0.5300831170127795,1.0,160256,25080064,25240320,5008.0,3825631232,0.002941300000202318,0.0013150000004316098,186.71630859375
exact,5008,32,0,52,0.0680968388915062,0.5479670027955271,1.0,160256,25080064,25240320,5008.0,3825631232,0.0028913999994983897,0.00129319999996369,185.31787109375
exact,5008,32,0,53,0.06472855806350708,0.5645529652555911,1.0,160256,25080064,25240320,5008.0,3825631232,0.002872600000046077,0.0012913000000480679,186.71630859375
exact,5008,32,0,54,0.061356011778116226,0.5793480431309904,1.0,160256,25080064,25240320,5008.0,3825631232,0.0028970000003027963,0.0012632999996640137,185.31787109375
exact,5008,32,0,55,0.05802461504936218,0.5925519169329073,1.0,160256,25080064,25240320,5008.0,3825631232,0.002927100000306382,0.0013072000001557171,186.71630859375
exact,5008,32,0,56,0.05475350096821785,0.6043829872204473,1.0,160256,25080064,25240320,5008.0,3825631232,0.003126699999484117,0.0014479999999821302,186.18896484375
exact,5008,32,0,57,0.05157864838838577,0.6152156549520766,1.0,160256,25080064,25240320,5008.0,3825631232,0.0028372000006129383,0.0012968000000910251,186.71630859375
exact,5008,32,0,58,0.048515234142541885,0.6244945587060703,1.0,160256,25080064,25240320,5008.0,3825631232,0.0028978999998798827,0.0012805999995180173,185.31787109375
exact,5008,32,0,59,0.04557821527123451,0.6329809804313099,1.0,160256,25080064,25240320,5008.0,3825631232,0.0032584999999016873,0.0016908999996303464,186.71630859375
exact,5008,32,0,60,0.04278166964650154,0.6410618011182109,1.0,160256,25080064,25240320,5008.0,3825631232,0.0028778999994756305,0.001284200000554847,185.31787109375
exact,5008,32,0,61,0.04012712091207504,0.6486559005591054,1.0,160256,25080064,25240320,5008.0,3825631232,0.0028462000000217813,0.001295899999604444,186.71630859375
exact,5008,32,0,62,0.03760708123445511,0.6556821585463258,1.0,160256,25080064,25240320,5008.0,3825631232,0.0029218999998192885,0.0013466000000335043,186.18896484375
exact,5008,32,0,63,0.03521712124347687,0.6619845746805112,1.0,160256,25080064,25240320,5008.0,3825631232,0.003090199999860488,0.0013942000005044974,186.71630859375
exact,5008,32,0,64,0.03295685350894928,0.6680810702875399,1.0,160256,25080064,25240320,5008.0,3825631232,0.0029615000003104797,0.001307799999267445,185.31787109375
exact,5008,32,0,65,0.030833637341856956,0.6743210862619808,1.0,160256,25080064,25240320,5008.0,3825631232,0.0028522000002340064,0.0012843999993492616,186.71630859375
exact,5008,32,0,66,0.028851334005594254,0.6807295826677316,1.0,160256,25080064,25240320,5008.0,3825631232,0.0028713000001516775,0.0012847999996665749,185.31787109375
exact,5008,32,0,67,0.02700483798980713,0.6860835163738019,1.0,160256,25080064,25240320,5008.0,3825631232,0.0028369000001475797,0.001305500000853499,186.71630859375
exact,5008,32,0,68,0.025284135714173317,0.6919366513578274,1.0,160256,25080064,25240320,5008.0,3825631232,0.0028763999998773215,0.001271699999961129,186.18896484375
exact,5008,32,0,69,0.02368386834859848,0.697845946485623,1.0,160256,25080064,25240320,5008.0,3825631232,0.0028800000000046566,0.0012891999995190417,186.71630859375
exact,5008,32,0,70,0.022207098081707954,0.7034370007987221,1.0,160256,25080064,25240320,5008.0,3825631232,0.002850899999430112,0.0012933999996675993,185.31787109375
exact,5008,32,0,71,0.02085077576339245,0.7088782947284346,1.0,160256,25080064,25240320,5008.0,3825631232,0.00287800000023708,0.0012790000000677537,186.71630859375
exact,5008,32,0,72,0.01959933526813984,0.7144443889776357,1.0,160256,25080064,25240320,5008.0,3825631232,0.0028762000001734123,0.0012799000005543348,185.31787109375
exact,5008,32,0,73,0.018435606732964516,0.7199668031150159,1.0,160256,25080064,25240320,5008.0,3825631232,0.002848699999958626,0.0012788000003638444,186.71630859375
exact,5008,32,0,74,0.01734556443989277,0.7258012180511182,1.0,160256,25080064,25240320,5008.0,3825631232,0.00278600000001461,0.00128839999979391,186.18896484375
exact,5008,32,0,75,0.01632174290716648,0.7308306709265175,1.0,160256,25080064,25240320,5008.0,3825631232,0.002844599999662023,0.001267599999664526,186.71630859375
exact,5008,32,0,76,0.015358577482402325,0.7360972444089456,1.0,160256,25080064,25240320,5008.0,3825631232,0.0027724000001398963,0.0012847999996665749,185.31787109375
exact,5008,32,0,77,0.014448580332100391,0.7414449380990416,1.0,160256,25080064,25240320,5008.0,3825631232,0.002881699999306875,0.0012901999998575775,186.71630859375
exact,5008,32,0,78,0.013582848012447357,0.7475414337060703,1.0,160256,25080064,25240320,5008.0,3825631232,0.002812199999425502,0.00128599999970902,185.31787109375
exact,5008,32,0,79,0.012753978371620178,0.7532073682108626,1.0,160256,25080064,25240320,5008.0,3825631232,0.0027936999995290535,0.0012902999997095321,186.71630859375
exact,5008,32,0,80,0.011957541108131409,0.7587297823482428,1.0,160256,25080064,25240320,5008.0,3825631232,0.002751699999862467,0.0012709000002359971,186.18896484375
exact,5008,32,0,81,0.011197839863598347,0.7640587559904153,1.0,160256,25080064,25240320,5008.0,3825631232,0.003050299999813433,0.001314500000262342,186.71630859375
exact,5008,32,0,82,0.01048313733190298,0.7702925319488818,1.0,160256,25080064,25240320,5008.0,3825631232,0.0028130000000601285,0.0012882000000900007,185.31787109375
exact,5008,32,0,83,0.009817816317081451,0.7761019868210862,1.0,160256,25080064,25240320,5008.0,3825631232,0.0028719000001729,0.0013091000000713393,186.71630859375
exact,5008,32,0,84,0.009200522676110268,0.7818615215654952,1.0,160256,25080064,25240320,5008.0,3825631232,0.0027965999997832114,0.001278900000215799,185.31787109375
exact,5008,32,0,85,0.008627122268080711,0.7875087360223643,1.0,160256,25080064,25240320,5008.0,3825631232,0.002857200000107696,0.0012786999996023951,186.71630859375
exact,5008,32,0,86,0.00809387769550085,0.7927253893769968,1.0,160256,25080064,25240320,5008.0,3825631232,0.0028387000002112472,0.001304800000070827,186.18896484375
exact,5008,32,0,87,0.0075940778478980064,0.7983850838658147,1.0,160256,25080064,25240320,5008.0,3825631232,0.0029003999998167274,0.0013177999999243184,186.71630859375
exact,5008,32,0,88,0.007119571790099144,0.8034457368210862,1.0,160256,25080064,25240320,5008.0,3825631232,0.0028394000000844244,0.0012802000001101987,185.31787109375
exact,5008,32,0,89,0.006665813736617565,0.8086436701277955,1.0,160256,25080064,25240320,5008.0,3825631232,0.00282110000080138,0.0012811000005967799,186.71630859375
exact,5008,32,0,90,0.0062356628477573395,0.8137729632587859,1.0,160256,25080064,25240320,5008.0,3825631232,0.002838599999449798,0.0012799999994967948,185.31787109375
exact,5008,32,0,91,0.005833776667714119,0.8189771365814696,1.0,160256,25080064,25240320,5008.0,3825631232,0.002832999999554886,0.0012912000001961133,186.71630859375
exact,5008,32,0,92,0.005461505148559809,0.8241126697284346,1.0,160256,25080064,25240320,5008.0,3825631232,0.0028536999998323154,0.0012841000007028924,186.18896484375
exact,5008,32,0,93,0.005119104404002428,0.8288987619808307,1.0,160256,25080064,25240320,5008.0,3825631232,0.0027764000005845446,0.0012710999999399064,186.71630859375
exact,5008,32,0,94,0.00480292085558176,0.8339781349840255,1.0,160256,25080064,25240320,5008.0,3825631232,0.002822599999490194,0.0012669000007008435,185.31787109375
exact,5008,32,0,95,0.004507697653025389,0.8388203873801917,1.0,160256,25080064,25240320,5008.0,3825631232,0.0028262999994694837,0.001285700000153156,186.71630859375
exact,5008,32,0,96,0.004228923004120588,0.8437624800319489,1.0,160256,25080064,25240320,5008.0,3825631232,0.0028446999995139777,0.0012709000002359971,185.31787109375
exact,5008,32,0,97,0.003965484909713268,0.8486920926517572,1.0,160256,25080064,25240320,5008.0,3825631232,0.002840199999809556,0.0012935000004290487,186.71630859375
exact,5008,32,0,98,0.0037186031695455313,0.8531287440095847,1.0,160256,25080064,25240320,5008.0,3825631232,0.002754799999820534,0.0012710999999399064,186.18896484375
exact,5008,32,0,99,0.003487716428935528,0.8574593150958466,1.0,160256,25080064,25240320,5008.0,3825631232,0.0027372999993531266,0.001256200000170793,186.71630859375
exact,5008,32,0,100,0.0032705513294786215,0.8615215654952076,1.0,160256,25080064,25240320,5008.0,3825631232,0.0028062000001227716,0.0012753999999404186,185.31787109375
exact,5008,32,0,101,0.0030651167035102844,0.8659582168530351,1.0,160256,25080064,25240320,5008.0,3825631232,0.0027786000000560307,0.0012892999993709964,186.71630859375
exact,5008,32,0,102,0.0028706940356642008,0.8701140674920128,1.0,160256,25080064,25240320,5008.0,3825631232,0.002862999999706517,0.0013456000006044633,185.31787109375
exact,5008,32,0,103,0.002688661916181445,0.8736209564696485,1.0,160256,25080064,25240320,5008.0,3825631232,0.0027929999996558763,0.001285700000153156,186.71630859375
exact,5008,32,0,104,0.0025195402558892965,0.8774024061501597,1.0,160256,25080064,25240320,5008.0,3825631232,0.002855699999599892,0.0012940999995407765,186.18896484375
exact,5008,32,0,105,0.0023626552429050207,0.8809467352236422,1.0,160256,25080064,25240320,5008.0,3825631232,0.002816900000652822,0.0013279000004331465,186.71630859375
exact,5008,32,0,106,0.002216970082372427,0.8841478634185304,1.0,160256,25080064,25240320,5008.0,3825631232,0.00284170000031736,0.001268799999706971,185.31787109375
exact,5008,32,0,107,0.0020825816318392754,0.8880541134185304,1.0,160256,25080064,25240320,5008.0,3825631232,0.002845099999831291,0.001294400000006135,186.71630859375
exact,5008,32,0,108,0.0019595071207731962,0.8913238817891374,1.0,160256,25080064,25240320,5008.0,3825631232,0.0028744000001097447,0.0013076000004730304,185.31787109375
exact,5008,32,0,109,0.0018469197675585747,0.8947309305111821,1.0,160256,25080064,25240320,5008.0,3825631232,0.0028093999999327934,0.001316900000347232,186.71630859375
exact,5008,32,0,110,0.0017437591450288892,0.8976325379392971,1.0,160256,25080064,25240320,5008.0,3825631232,0.002820800000336021,0.00129319999996369,186.18896484375
exact,5008,32,0,111,0.0016491778660565615,0.9006651857028753,1.0,160256,25080064,25240320,5008.0,3825631232,0.0027948999995714985,0.001268799999706971,186.71630859375
exact,5008,32,0,112,0.0015625893138349056,0.903248552316294,1.0,160256,25080064,25240320,5008.0,3825631232,0.0030157999999573804,0.0012868000003436464,185.31787109375
exact,5008,32,0,113,0.001483054831624031,0.9056259984025559,1.0,160256,25080064,25240320,5008.0,3825631232,0.0028171000003567315,0.001287400000364869,186.71630859375
exact,5008,32,0,114,0.0014092766214162111,0.9079160842651757,1.0,160256,25080064,25240320,5008.0,3825631232,0.004664400000365276,0.0013565000008384231,185.31787109375
exact,5008,32,0,115,0.0013402014737948775,0.9101500099840255,1.0,160256,25080064,25240320,5008.0,3825631232,0.002835899999809044,0.0012798999996448401,186.71630859375
exact,5008,32,0,116,0.0012747803702950478,0.9121717751597445,1.0,160256,25080064,25240320,5008.0,3825631232,0.0028151999995316146,0.001293900000746362,186.18896484375
exact,5008,32,0,117,0.0012118264567106962,0.9141873003194888,1.0,160256,25080064,25240320,5008.0,3825631232,0.002765199999885226,0.0012900000001536682,186.71630859375
exact,5008,32,0,118,0.0011506081791594625,0.9161778654153354,1.0,160256,25080064,25240320,5008.0,3825631232,0.002849399999831803,0.0012800000004062895,185.31787109375
exact,5008,32,0,119,0.0010904247174039483,0.9177503494408946,1.0,160256,25080064,25240320,5008.0,3825631232,0.0028388999999151565,0.0012796999999409309,186.71630859375
exact,5008,32,0,120,0.0010310978395864367,0.9198095547124601,1.0,160256,25080064,25240320,5008.0,3825631232,0.0028279999996811966,0.001275300000088464,185.31787109375
exact,5008,32,0,121,0.0009724280680529773,0.9216690794728435,1.0,160256,25080064,25240320,5008.0,3825631232,0.002770799999780138,0.0012739000003421097,186.71630859375
exact,5008,32,0,122,0.0009138801251538098,0.923828125,1.0,160256,25080064,25240320,5008.0,3825631232,0.0028001999999105465,0.001282100000025821,186.18896484375
exact,5008,32,0,123,0.000855481659527868,0.9263303714057508,1.0,160256,25080064,25240320,5008.0,3825631232,0.002757199999905424,0.00128599999970902,186.71630859375
exact,5008,32,0,124,0.000797814573161304,0.9287327775559105,1.0,160256,25080064,25240320,5008.0,3825631232,0.002838999999767111,0.0012861999994129292,185.31787109375
exact,5008,32,0,125,0.000741784053388983,0.9315158246805112,1.0,160256,25080064,25240320,5008.0,3825631232,0.002747099999396596,0.0012635000002774177,186.71630859375
exact,5008,32,0,126,0.0006882832385599613,0.9340991912939297,1.0,160256,25080064,25240320,5008.0,3825631232,0.002782900000056543,0.0012688000006164657,185.31787109375
exact,5008,32,0,127,0.0006379185942932963,0.9366887979233227,1.0,160256,25080064,25240320,5008.0,3825631232,0.002769599999737693,0.0012718000007225783,186.71630859375
exact,5008,32,0,128,0.0005912792985327542,0.9395467252396166,1.0,160256,25080064,25240320,5008.0,3825631232,0.004232100000081118,0.0012747000000672415,186.18896484375
exact,5008,32,0,129,0.0005492278723977506,0.9421675319488818,1.0,160256,25080064,25240320,5008.0,3825631232,0.0028296999998929095,0.0012974000001122477,186.71630859375
exact,5008,32,0,130,0.0005119792185723782,0.9445824181309904,1.0,160256,25080064,25240320,5008.0,3825631232,0.0028076999997210805,0.0012887000002592686,185.31787109375
exact,5008,32,0,131,0.0004796708526555449,0.9465854632587859,1.0,160256,25080064,25240320,5008.0,3825631232,0.004245999999511696,0.001292500000090513,186.71630859375
exact,5008,32,0,132,0.0004522025410551578,0.9488318690095847,1.0,160256,25080064,25240320,5008.0,3825631232,0.0027995000000373693,0.0012912000001961133,185.31787109375
exact,5008,32,0,133,0.0004290529468562454,0.9503544329073482,1.0,160256,25080064,25240320,5008.0,3825631232,0.0028163000006315997,0.001305000000684231,186.71630859375
exact,5008,32,0,134,0.00040985201485455036,0.9516835563099042,1.0,160256,25080064,25240320,5008.0,3825631232,0.0028311000005487585,0.0012944999998580897,186.18896484375
exact,5008,32,0,135,0.0003939734888263047,0.9526320387380192,1.0,160256,25080064,25240320,5008.0,3825631232,0.0028057999998054584,0.001285499999539752,186.71630859375
exact,5008,32,0,136,0.00038082548417150974,0.9531624400958466,1.0,160256,25080064,25240320,5008.0,3825631232,0.00331830000050104,0.0014496999992843485,185.31787109375
exact,5008,32,0,137,0.00036981466109864414,0.9533621206070287,1.0,160256,25080064,25240320,5008.0,3825631232,0.0028161999998701504,0.001278900000215799,186.71630859375
exact,5008,32,0,138,0.00036035440280102193,0.9536179612619808,1.0,160256,25080064,25240320,5008.0,3825631232,0.0028303999997660867,0.00130890000036743,185.31787109375
exact,5008,32,0,139,0.0003520427271723747,0.9536491613418531,1.0,160256,25080064,25240320,5008.0,3825631232,0.0028099000001020613,0.0013031999997110688,186.71630859375
exact,5008,32,0,140,0.00034440914168953896,0.9536117212460063,1.0,160256,25080064,25240320,5008.0,3825631232,0.0028323999995336635,0.0012912000001961133,186.18896484375
exact,5008,32,0,141,0.00033719814382493496,0.9538800419329073,1.0,160256,25080064,25240320,5008.0,3825631232,0.002864899999622139,0.0013109000001350068,186.71630859375
exact,5008,32,0,142,0.0003303569392301142,0.9539362020766773,1.0,160256,25080064,25240320,5008.0,3825631232,0.0028684000008070143,0.0013092999997752486,185.31787109375
exact,5008,32,0,143,0.00032376180752180517,0.954029802316294,1.0,160256,25080064,25240320,5008.0,3825631232,0.0027982000001429697,0.001273899999432615,186.71630859375
exact,5008,32,0,144,0.00031736158416606486,0.9542045227635783,1.0,160256,25080064,25240320,5008.0,3825631232,0.0028246000001672655,0.001289800000449759,185.31787109375
exact,5008,32,0,145,0.0003112119738943875,0.9541608426517572,1.0,160256,25080064,25240320,5008.0,3825631232,0.002775399999336514,0.0012901000000056229,186.71630859375
exact,5008,32,0,146,0.00030523742316290736,0.9543230830670927,1.0,160256,25080064,25240320,5008.0,3825631232,0.0028083999995942577,0.00126780000027793,186.18896484375
exact,5008,32,0,147,0.00029951389296911657,0.9545726837060703,1.0,160256,25080064,25240320,5008.0,3825631232,0.0027580000005400507,0.0012901000000056229,186.71630859375
exact,5008,32,0,148,0.0002939447876997292,0.954809804313099,1.0,160256,25080064,25240320,5008.0,3825631232,0.002802699999847391,0.001283999999941443,185.31787109375
exact,5008,32,0,149,0.000288675248157233,0.9549158845846646,1.0,160256,25080064,25240320,5008.0,3825631232,0.002830100000210223,0.001273599999876751,186.71630859375
exact,5008,32,0,150,0.0002836924104485661,0.9552653254792333,1.0,160256,25080064,25240320,5008.0,3825631232,0.0028628000000026077,0.00130410000019765,185.31787109375
exact,5008,32,0,151,0.0002790005237329751,0.9557333266773163,1.0,160256,25080064,25240320,5008.0,3825631232,0.0028006000002278597,0.0012888000001112232,186.71630859375
exact,5008,32,0,152,0.00027464970480650663,0.9558331669329073,1.0,160256,25080064,25240320,5008.0,3825631232,0.0028413000000000466,0.0013105999996696482,186.18896484375
exact,5008,32,0,153,0.00027059068088419735,0.9560765275559105,1.0,160256,25080064,25240320,5008.0,3825631232,0.0027549999995244434,0.0012642000001505949,186.71630859375
exact,5008,32,0,154,0.00026692249230109155,0.9564072484025559,1.0,160256,25080064,25240320,5008.0,3825631232,0.0028512999997474253,0.0012786999996023951,185.31787109375
exact,5008,32,0,155,0.00026351999258622527,0.9566755690894568,1.0,160256,25080064,25240320,5008.0,3825631232,0.002862900000764057,0.0012865999997302424,186.71630859375
exact,5008,32,0,156,0.0002604628389235586,0.9569438897763578,1.0,160256,25080064,25240320,5008.0,3825631232,0.0028060999993613223,0.001298799999858602,185.31787109375
exact,5008,32,0,157,0.00025767949409782887,0.9570686900958466,1.0,160256,25080064,25240320,5008.0,3825631232,0.002845099999831291,0.0012735000000247965,186.71630859375
exact,5008,32,0,158,0.000255169696174562,0.9573619708466453,1.0,160256,25080064,25240320,5008.0,3825631232,0.0028321999998297542,0.001307999999880849,186.18896484375
exact,5008,32,0,159,0.00025292945792898536,0.957511731230032,1.0,160256,25080064,25240320,5008.0,3825631232,0.0027687000001606066,0.0012882999999419553,186.71630859375
exact,5008,32,0,160,0.00025090077542699873,0.9577176517571885,1.0,160256,25080064,25240320,5008.0,3825631232,0.0027839999993375386,0.0012816999997085077,185.31787109375
exact,5008,32,0,161,0.0002490878105163574,0.9579173322683706,1.0,160256,25080064,25240320,5008.0,3825631232,0.0028399000002536923,0.0012747000000672415,186.71630859375
exact,5008,32,0,162,0.00024746035342104733,0.9579610123801917,1.0,160256,25080064,25240320,5008.0,3825631232,0.0027798999999504304,0.0012907000000268454,185.31787109375
exact,5008,32,0,163,0.00024596689036116004,0.957979732428115,1.0,160256,25080064,25240320,5008.0,3825631232,0.0027951000001849025,0.0012766999998348183,186.71630859375
exact,5008,32,0,164,0.00024465122260153294,0.9579984524760383,1.0,160256,25080064,25240320,5008.0,3825631232,0.002871400000003632,0.0013168000004952773,186.18896484375
exact,5008,32,0,165,0.00024342858523596078,0.958092052715655,1.0,160256,25080064,25240320,5008.0,3825631232,0.0027515000001585577,0.0012852999998358428,186.71630859375
exact,5008,32,0,166,0.00024230718554463238,0.9580982927316294,1.0,160256,25080064,25240320,5008.0,3825631232,0.0028413000000000466,0.0012913000000480679,185.31787109375
exact,5008,32,0,167,0.00024128954100888222,0.958079572683706,1.0,160256,25080064,25240320,5008.0,3825631232,0.0028357999999570893,0.0012809999998353305,186.71630859375
exact,5008,32,0,168,0.00024036025570239872,0.9580296525559105,1.0,160256,25080064,25240320,5008.0,3825631232,0.0027428000003055786,0.001272900000003574,185.31787109375
exact,5008,32,0,169,0.00023948398302309215,0.9581170127795527,1.0,160256,25080064,25240320,5008.0,3825631232,0.0040223000005426,0.0012904000004709815,186.71630859375
exact,5008,32,0,170,0.00023869673896115273,0.9582293330670927,1.0,160256,25080064,25240320,5008.0,3825631232,0.0028100999998059706,0.0012720000004264875,186.18896484375
exact,5008,32,0,171,0.00023795742890797555,0.9582230930511182,1.0,160256,25080064,25240320,5008.0,3825631232,0.0028290000000197324,0.0012968999999429798,186.71630859375
exact,5008,32,0,172,0.00023727853840682656,0.9581731729233227,1.0,160256,25080064,25240320,5008.0,3825631232,0.0028531999996630475,0.0012799999994967948,185.31787109375
exact,5008,32,0,173,0.00023666508786845952,0.9581544528753994,1.0,160256,25080064,25240320,5008.0,3825631232,0.004227799999171111,0.001284500000110711,186.71630859375
exact,5008,32,0,174,0.0002360919170314446,0.958148212859425,1.0,160256,25080064,25240320,5008.0,3825631232,0.0028256000005058013,0.001314000000093074,185.31787109375
exact,5008,32,0,175,0.00023555569350719452,0.958135732827476,1.0,160256,25080064,25240320,5008.0,3825631232,0.00277020000066841,0.0013134999999238062,186.71630859375
exact,5008,32,0,176,0.00023506529396399856,0.9581107727635783,1.0,160256,25080064,25240320,5008.0,3825631232,0.002835300000697316,0.001323200000115321,186.18896484375
exact,5008,32,0,177,0.00023460673401132226,0.958079572683706,1.0,160256,25080064,25240320,5008.0,3825631232,0.0028535999999803607,0.0013047000002188724,186.71630859375
exact,5008,32,0,178,0.00023420515935868025,0.9581045327476039,1.0,160256,25080064,25240320,5008.0,3825631232,0.002877699999771721,0.0013066000001344946,185.31787109375
exact,5008,32,0,179,0.00023382026120088995,0.9580608526357828,1.0,160256,25080064,25240320,5008.0,3825631232,0.002794699999867589,0.001261500000509841,186.71630859375
exact,5008,32,0,180,0.0002334599703317508,0.9580670926517572,1.0,160256,25080064,25240320,5008.0,3825631232,0.0027919000003748806,0.001303399999414978,185.31787109375
exact,5008,32,0,181,0.00023313485144171864,0.9581294928115016,1.0,160256,25080064,25240320,5008.0,3825631232,0.002841400000761496,0.0012953999994351761,186.71630859375
exact,5008,32,0,182,0.00023283592599909753,0.9581856529552716,1.0,160256,25080064,25240320,5008.0,3825631232,0.0027312000001984416,0.0012709000002359971,186.18896484375
exact,5008,32,0,183,0.0002325750538147986,0.9581232527955271,1.0,160256,25080064,25240320,5008.0,3825631232,0.002802900000460795,0.0012967999991815304,186.71630859375
exact,5008,32,0,184,0.00023233257525134832,0.9582355730830671,1.0,160256,25080064,25240320,5008.0,3825631232,0.002862199999981385,0.0013099999996484257,185.31787109375
exact,5008,32,0,185,0.0002321035717613995,0.9582355730830671,1.0,160256,25080064,25240320,5008.0,3825631232,0.002803999999741791,0.0012722999999823514,186.71630859375
exact,5008,32,0,186,0.0002318888873560354,0.9582480531150159,1.0,160256,25080064,25240320,5008.0,3825631232,0.0028621000001294306,0.0012817000006180024,185.31787109375
exact,5008,32,0,187,0.00023169921769294888,0.9583042132587859,1.0,160256,25080064,25240320,5008.0,3825631232,0.0028112999998484156,0.0013013000007049413,186.71630859375
exact,5008,32,0,188,0.00023154180962592363,0.9583291733226837,1.0,160256,25080064,25240320,5008.0,3825631232,0.002813100000821578,0.0012638999996852363,186.18896484375
exact,5008,32,0,189,0.00023139103723224252,0.9583790934504792,1.0,160256,25080064,25240320,5008.0,3825631232,0.0028291999997236417,0.00132220000068628,186.71630859375
exact,5008,32,0,190,0.0002312315918970853,0.9583978134984026,1.0,160256,25080064,25240320,5008.0,3825631232,0.002842900000359805,0.0013165000000299187,185.31787109375
exact,5008,32,0,191,0.0002311049320269376,0.9583978134984026,1.0,160256,25080064,25240320,5008.0,3825631232,0.004274799999620882,0.0012630999999601045,186.71630859375
exact,5008,32,0,192,0.00023098994279280305,0.9583603734025559,1.0,160256,25080064,25240320,5008.0,3825631232,0.002844800000275427,0.0013030000000071595,185.31787109375
exact,5008,32,0,193,0.0002308909606654197,0.958347893370607,1.0,160256,25080064,25240320,5008.0,3825631232,0.0028499999998530257,0.0012879999994765967,186.71630859375
exact,5008,32,0,194,0.00023080510436557233,0.9583603734025559,1.0,160256,25080064,25240320,5008.0,3825631232,0.004146100000070874,0.0012861000004704692,186.18896484375
exact,5008,32,0,195,0.00023072148906067014,0.9584102935303515,1.0,160256,25080064,25240320,5008.0,3825631232,0.002729400000134774,0.0012686999998550164,186.71630859375
exact,5008,32,0,196,0.00023065181449055672,0.9583666134185304,1.0,160256,25080064,25240320,5008.0,3825631232,0.002836600000591716,0.0013076000004730304,185.31787109375
exact,5008,32,0,197,0.00023059356317389756,0.9583291733226837,1.0,160256,25080064,25240320,5008.0,3825631232,0.00278729999990901,0.0012862999992648838,186.71630859375
exact,5008,32,0,198,0.00023052912729326636,0.9582667731629393,1.0,160256,25080064,25240320,5008.0,3825631232,0.002833700000337558,0.0012719999995169928,185.31787109375
exact,5008,32,0,199,0.00023047541617415845,0.9582542931309904,1.0,160256,25080064,25240320,5008.0,3825631232,0.0028699000004053232,0.0012909000006402493,186.71630859375
exact,5008,32,0,200,0.0002304295339854434,0.9582792531948882,1.0,160256,25080064,25240320,5008.0,3825631232,0.0028235999998287298,0.0013005000000703149,186.18896484375
exact,5008,32,0,201,0.00023038206563796848,0.958291733226837,1.0,160256,25080064,25240320,5008.0,3825631232,0.0028543999997054925,0.0013186999995014048,186.71630859375
exact,5008,32,0,202,0.000230334117077291,0.9583354133386581,1.0,160256,25080064,25240320,5008.0,3825631232,0.002760399999715446,0.0012722999999823514,185.31787109375
exact,5008,32,0,203,0.00023029719886835665,0.9583104532747604,1.0,160256,25080064,25240320,5008.0,3825631232,0.002852300000085961,0.0013003000003664056,186.71630859375
exact,5008,32,0,204,0.00023026503913570195,0.9583042132587859,1.0,160256,25080064,25240320,5008.0,3825631232,0.002807599999869126,0.0012810000007448252,185.31787109375
exact,5008,32,0,205,0.00023023445100989193,0.9583166932907349,1.0,160256,25080064,25240320,5008.0,3825631232,0.0027958000000580796,0.001287899999624642,186.71630859375
exact,5008,32,0,206,0.00023020007938612252,0.9583104532747604,1.0,160256,25080064,25240320,5008.0,3825631232,0.002765199999885226,0.0012867000004916918,186.18896484375
exact,5008,32,0,207,0.00023017892090138048,0.9582854932108626,1.0,160256,25080064,25240320,5008.0,3825631232,0.002754799999820534,0.0013013999996474013,186.71630859375
exact,5008,32,0,208,0.00023015771876089275,0.9583104532747604,1.0,160256,25080064,25240320,5008.0,3825631232,0.002807099999699858,0.0012965999994776212,185.31787109375
exact,5008,32,0,209,0.00023013653117232025,0.958347893370607,1.0,160256,25080064,25240320,5008.0,3825631232,0.004198900000119465,0.0012677000004259753,186.71630859375
exact,5008,32,0,210,0.00023012151359580457,0.9583291733226837,1.0,160256,25080064,25240320,5008.0,3825631232,0.002825299999130948,0.0013004000002183602,185.31787109375
exact,5008,32,0,211,0.00023010576842352748,0.9583104532747604,1.0,160256,25080064,25240320,5008.0,3825631232,0.002838800000063202,0.0012882000000900007,186.71630859375
exact,5008,32,0,212,0.00023008667631074786,0.9583541333865815,1.0,160256,25080064,25240320,5008.0,3825631232,0.00283320000016829,0.0012686999998550164,186.18896484375
exact,5008,32,0,213,0.00023007078561931849,0.9583666134185304,1.0,160256,25080064,25240320,5008.0,3825631232,0.0027943000004597707,0.0013073999998596264,186.71630859375
exact,5008,32,0,214,0.00023004178365226835,0.9583915734824281,1.0,160256,25080064,25240320,5008.0,3825631232,0.002842699999746401,0.0012747000000672415,185.31787109375
exact,5008,32,0,215,0.0002300362684763968,0.9583790934504792,1.0,160256,25080064,25240320,5008.0,3825631232,0.0028150000007372,0.0012920999997731997,186.71630859375
exact,5008,32,0,216,0.000230029909289442,0.958347893370607,1.0,160256,25080064,25240320,5008.0,3825631232,0.0029051999999865075,0.001334899999164918,185.31787109375
exact,5008,32,0,217,0.0002300217020092532,0.9583666134185304,1.0,160256,25080064,25240320,5008.0,3825631232,0.002807599999869126,0.0012724999996862607,186.71630859375
exact,5008,32,0,218,0.0002300088235642761,0.9583728534345048,1.0,160256,25080064,25240320,5008.0,3825631232,0.0030527999997502775,0.0013013999996474013,186.18896484375
exact,5008,32,0,219,0.0002300005580764264,0.958347893370607,1.0,160256,25080064,25240320,5008.0,3825631232,0.0027999000003546826,0.0012912000001961133,186.71630859375
exact,5008,32,0,220,0.00022999265638645738,0.9583603734025559,1.0,160256,25080064,25240320,5008.0,3825631232,0.0029593999997814535,0.0013152999999874737,185.31787109375
exact,5008,32,0,221,0.00022998925123829395,0.9583541333865815,1.0,160256,25080064,25240320,5008.0,3825631232,0.0028239000002940884,0.0012836999994760845,186.71630859375
exact,5008,32,0,222,0.00022997923952061683,0.9583790934504792,1.0,160256,25080064,25240320,5008.0,3825631232,0.0027699000002030516,0.0012808000001314213,185.31787109375
exact,5008,32,0,223,0.00022997416090220213,0.9583853334664537,1.0,160256,25080064,25240320,5008.0,3825631232,0.0027541999997993116,0.0012798999996448401,186.71630859375
exact,5008,32,0,224,0.000229967525228858,0.9583666134185304,1.0,160256,25080064,25240320,5008.0,3825631232,0.0028204999998706626,0.0012579999993249658,186.18896484375
exact,5008,32,0,225,0.0002299673797097057,0.9583666134185304,1.0,160256,25080064,25240320,5008.0,3825631232,0.0035095000002911547,0.001263900000594731,186.71630859375
exact,5008,32,0,226,0.000229964658501558,0.9583666134185304,1.0,160256,25080064,25240320,5008.0,3825631232,0.00321189999976923,0.0012744000005113776,185.31787109375
exact,5008,32,0,227,0.00022996233019512147,0.9583603734025559,1.0,160256,25080064,25240320,5008.0,3825631232,0.0035783000002993504,0.0012735000000247965,186.71630859375
exact,5008,32,0,228,0.00022996566258370876,0.9583541333865815,1.0,160256,25080064,25240320,5008.0,3825631232,0.002850699999726203,0.0012980999999854248,185.31787109375
exact,5008,32,0,229,0.00022996190818957984,0.958347893370607,1.0,160256,25080064,25240320,5008.0,3825631232,0.00277159999950527,0.0012921999996251543,186.71630859375
exact,5008,32,0,230,0.0002299588086316362,0.9583416533546326,1.0,160256,25080064,25240320,5008.0,3825631232,0.0028367999993861304,0.0012913000000480679,186.18896484375
exact,5008,32,0,231,0.0002299562911503017,0.9583603734025559,1.0,160256,25080064,25240320,5008.0,3825631232,0.002816599999277969,0.0012748999997711508,186.71630859375
exact,5008,32,0,232,0.00022995990002527833,0.9583291733226837,1.0,160256,25080064,25240320,5008.0,3825631232,0.002813399999467947,0.0012809999998353305,185.31787109375
exact,5008,32,0,233,0.00022995973995421082,0.9583354133386581,1.0,160256,25080064,25240320,5008.0,3825631232,0.002820800000336021,0.001289300000280491,186.71630859375
exact,5008,32,0,234,0.00022995956533122808,0.9583166932907349,1.0,160256,25080064,25240320,5008.0,3825631232,0.0028255999995963066,0.0012679999999818392,185.31787109375
exact,5008,32,0,235,0.00022996243205852807,0.9582979732428115,1.0,160256,25080064,25240320,5008.0,3825631232,0.0027508000002853805,0.0012879000005341368,186.71630859375
exact,5008,32,0,236,0.00022996198094915599,0.9583104532747604,1.0,160256,25080064,25240320,5008.0,3825631232,0.0028075000000171713,0.001280600000427512,186.18896484375
exact,5008,32,0,237,0.00022995918698143214,0.9583104532747604,1.0,160256,25080064,25240320,5008.0,3825631232,0.002846499999577645,0.0012941999993927311,186.71630859375
exact,5008,32,0,238,0.00022996074403636158,0.9583042132587859,1.0,160256,25080064,25240320,5008.0,3825631232,0.0028487999998105806,0.0012838000002375338,185.31787109375
exact,5008,32,0,239,0.0002299601474078372,0.9583042132587859,1.0,160256,25080064,25240320,5008.0,3825631232,0.00279939999927592,0.0012901000000056229,186.71630859375
exact,5008,32,0,240,0.00022996304323896766,0.9583166932907349,1.0,160256,25080064,25240320,5008.0,3825631232,0.002765999999610358,0.001289300000280491,185.31787109375
exact,5008,32,0,241,0.00022996609914116561,0.9583229333067093,1.0,160256,25080064,25240320,5008.0,3825631232,0.002795700000206125,0.0012941000004502712,186.71630859375
exact,5008,32,0,242,0.00022996292682364583,0.9583291733226837,1.0,160256,25080064,25240320,5008.0,3825631232,0.0028566000000864733,0.0012901000000056229,186.18896484375
exact,5008,32,0,243,0.00022995902691036463,0.9583291733226837,1.0,160256,25080064,25240320,5008.0,3825631232,0.002767400000266207,0.0012644000007639988,186.71630859375
exact,5008,32,0,244,0.0002299605985172093,0.9583291733226837,1.0,160256,25080064,25240320,5008.0,3825631232,0.0043280999998387415,0.0013035000001764274,185.31787109375
exact,5008,32,0,245,0.0002299601910635829,0.9583354133386581,1.0,160256,25080064,25240320,5008.0,3825631232,0.002837600000020757,0.0013111999996908708,186.71630859375
exact,5008,32,0,246,0.0002299608604516834,0.958347893370607,1.0,160256,25080064,25240320,5008.0,3825631232,0.0028132000006735325,0.0012715000002572197,185.31787109375
exact,5008,32,0,247,0.00022995838662609458,0.9583354133386581,1.0,160256,25080064,25240320,5008.0,3825631232,0.0028606999994735816,0.0012885999994978192,186.71630859375
exact,5008,32,0,248,0.00022995797917246819,0.9583229333067093,1.0,160256,25080064,25240320,5008.0,3825631232,0.0028216999999131076,0.0012939999996888218,186.18896484375
exact,5008,32,0,249,0.00022995995823293924,0.9583416533546326,1.0,160256,25080064,25240320,5008.0,3825631232,0.002929299999777868,0.001372500000798027,186.71630859375
exact,5008,32,0,250,0.00022995861945673823,0.9583416533546326,1.0,160256,25080064,25240320,5008.0,3825631232,0.002746899999692687,0.00126179999915621,185.31787109375
exact,5008,32,0,251,0.0002299536718055606,0.9583416533546326,1.0,160256,25080064,25240320,5008.0,3825631232,0.0027977999998256564,0.0013017999999647145,186.71630859375
exact,5008,32,0,252,0.00022995514154899865,0.9583291733226837,1.0,160256,25080064,25240320,5008.0,3825631232,0.0028565000002345187,0.001305399999182555,185.31787109375
exact,5008,32,0,253,0.0002299496700288728,0.9583603734025559,1.0,160256,25080064,25240320,5008.0,3825631232,0.002779200000077253,0.001285700000153156,186.71630859375
exact,5008,32,0,254,0.00022995176550466567,0.9583603734025559,1.0,160256,25080064,25240320,5008.0,3825631232,0.004263699999683013,0.0012896999996883096,186.18896484375
exact,5008,32,0,255,0.00022995300241746008,0.9583541333865815,1.0,160256,25080064,25240320,5008.0,3825631232,0.002842199999577133,0.0012812000004487345,186.71630859375
exact,5008,32,0,256,0.00022994786559138447,0.9583541333865815,1.0,160256,25080064,25240320,5008.0,3825631232,0.0028482999996413128,0.0012728000001516193,185.31787109375
exact,5008,32,0,257,0.00022995057224761695,0.958347893370607,1.0,160256,25080064,25240320,5008.0,3825631232,0.002760300000772986,0.0012902999997095321,186.71630859375
exact,5008,32,0,258,0.00022995412291493267,0.9583291733226837,1.0,160256,25080064,25240320,5008.0,3825631232,0.0028135000002293964,0.0012950999998793122,185.31787109375
exact,5008,32,0,259,0.00022995086328592151,0.9583354133386581,1.0,160256,25080064,25240320,5008.0,3825631232,0.0029477999996743165,0.001359200000479177,186.71630859375
exact,5008,32,0,260,0.00022995076142251492,0.9583291733226837,1.0,160256,25080064,25240320,5008.0,3825631232,0.004174100000454928,0.0012920000008307397,186.18896484375
exact,5008,32,0,261,0.00022995221661403775,0.9583166932907349,1.0,160256,25080064,25240320,5008.0,3825631232,0.0028076999997210805,0.0012665999993259902,186.71630859375
exact,5008,32,0,262,0.00022995068866293877,0.9583042132587859,1.0,160256,25080064,25240320,5008.0,3825631232,0.0032160999999177875,0.0012849000004280242,185.31787109375
exact,5008,32,0,263,0.00022994929167907685,0.9583104532747604,1.0,160256,25080064,25240320,5008.0,3825631232,0.003991499999756343,0.002445399999487563,186.71630859375
exact,5008,32,0,264,0.00022995061590336263,0.9583104532747604,1.0,160256,25080064,25240320,5008.0,3825631232,0.003025799999704759,0.0013806000006297836,185.31787109375
exact,5008,32,0,265,0.00022995153267402202,0.9583042132587859,1.0,160256,25080064,25240320,5008.0,3825631232,0.002796100000523438,0.0012976999996681116,186.71630859375
exact,5008,32,0,266,0.00022994892788119614,0.9583042132587859,1.0,160256,25080064,25240320,5008.0,3825631232,0.002766200000223762,0.0012705000008281786,186.18896484375
exact,5008,32,0,267,0.00022994904429651797,0.9583166932907349,1.0,160256,25080064,25240320,5008.0,3825631232,0.002850400000170339,0.0013162000004740548,186.71630859375
exact,5008,32,0,268,0.00022995016479399055,0.9583229333067093,1.0,160256,25080064,25240320,5008.0,3825631232,0.0028425999998944462,0.0012870999998995103,185.31787109375
exact,5008,32,0,269,0.00022994786559138447,0.9583166932907349,1.0,160256,25080064,25240320,5008.0,3825631232,0.0028330999994068407,0.0013031999997110688,186.71630859375
exact,5008,32,0,270,0.00022994876781012863,0.9583291733226837,1.0,160256,25080064,25240320,5008.0,3825631232,0.0028563999994730693,0.0012984999993932433,185.31787109375
exact,5008,32,0,271,0.00022994923347141594,0.9583416533546326,1.0,160256,25080064,25240320,5008.0,3825631232,0.002812400000038906,0.0012760999998135958,186.71630859375
exact,5008,32,0,272,0.00022994577011559159,0.9583291733226837,1.0,160256,25080064,25240320,5008.0,3825631232,0.0027967000005446607,0.001305099999626691,186.18896484375
exact,5008,32,0,273,0.00022994790924713016,0.9583291733226837,1.0,160256,25080064,25240320,5008.0,3825631232,0.0028538999995362246,0.0012752999991789693,186.71630859375
exact,5008,32,0,274,0.0002299496263731271,0.9583291733226837,1.0,160256,25080064,25240320,5008.0,3825631232,0.0027237000003879075,0.0012603000004673959,185.31787109375
exact,5008,32,0,275,0.00022994881146587431,0.9583354133386581,1.0,160256,25080064,25240320,5008.0,3825631232,0.0027824999997392297,0.0012697000001935521,186.71630859375
exact,5008,32,0,276,0.00022994574101176113,0.9583291733226837,1.0,160256,25080064,25240320,5008.0,3825631232,0.002850699999726203,0.001271199999791861,185.31787109375
exact,5008,32,0,277,0.00022995105246081948,0.9583291733226837,1.0,160256,25080064,25240320,5008.0,3825631232,0.0027943000004597707,0.0012758999992001918,186.71630859375
exact,5008,32,0,278,0.0002299492189195007,0.9583291733226837,1.0,160256,25080064,25240320,5008.0,3825631232,0.002904899999521149,0.0013466000000335043,186.18896484375
exact,5008,32,0,279,0.00022994872415438294,0.9583229333067093,1.0,160256,25080064,25240320,5008.0,3825631232,0.004520399999819347,0.0012773999997079954,186.71630859375
exact,5008,32,0,280,0.00022994885512162,0.9583229333067093,1.0,160256,25080064,25240320,5008.0,3825631232,0.002810700000736688,0.0012752000002365094,185.31787109375
exact,5008,32,0,281,0.0002299514744663611,0.9583291733226837,1.0,160256,25080064,25240320,5008.0,3825631232,0.0028111000001445063,0.0012696999992840574,186.71630859375
exact,5008,32,0,282,0.00022994971368461847,0.9583229333067093,1.0,160256,25080064,25240320,5008.0,3825631232,0.0028587999995579594,0.0013015999993513105,185.31787109375
exact,5008,32,0,283,0.00022994626488070935,0.9583166932907349,1.0,160256,25080064,25240320,5008.0,3825631232,0.0027890999999726773,0.0012945000007675844,186.71630859375
exact,5008,32,0,284,0.0002299503394169733,0.9583229333067093,1.0,160256,25080064,25240320,5008.0,3825631232,0.0027796000003945665,0.0013044999996054685,186.18896484375
exact,5008,32,0,285,0.00022995364270173013,0.9583354133386581,1.0,160256,25080064,25240320,5008.0,3825631232,0.002784399999654852,0.001267599999664526,186.71630859375
exact,5008,32,0,286,0.00022994820028543472,0.9583166932907349,1.0,160256,25080064,25240320,5008.0,3825631232,0.0028336000004856032,0.0013047000002188724,185.31787109375
exact,5008,32,0,287,0.00022994885512162,0.9583042132587859,1.0,160256,25080064,25240320,5008.0,3825631232,0.004183999999440857,0.0012966000003871159,186.71630859375
exact,5008,32,0,288,0.00022994847677182406,0.9583166932907349,1.0,160256,25080064,25240320,5008.0,3825631232,0.0027985000006083283,0.0012647000003198627,185.31787109375
exact,5008,32,0,289,0.00022995262406766415,0.9583166932907349,1.0,160256,25080064,25240320,5008.0,3825631232,0.0027844000005643466,0.0012858999998570653,186.71630859375
exact,5008,32,0,290,0.00022995052859187126,0.9583042132587859,1.0,160256,25080064,25240320,5008.0,3825631232,0.002726200000324752,0.0012616000003617955,186.18896484375
exact,5008,32,0,291,0.0002299489133292809,0.9583104532747604,1.0,160256,25080064,25240320,5008.0,3825631232,0.0028083999995942577,0.001304800000070827,186.71630859375
exact,5008,32,0,292,0.0002299483894603327,0.9583229333067093,1.0,160256,25080064,25240320,5008.0,3825631232,0.002817999999933818,0.0013182000002416316,185.31787109375
exact,5008,32,0,293,0.00022995185281615704,0.9583104532747604,1.0,160256,25080064,25240320,5008.0,3825631232,0.002813899999637215,0.001280100000258244,186.71630859375
exact,5008,32,0,294,0.0002299510088050738,0.9583229333067093,1.0,160256,25080064,25240320,5008.0,3825631232,0.002790600000480481,0.0012786999996023951,185.31787109375
exact,5008,32,0,295,0.0002299489569850266,0.9583166932907349,1.0,160256,25080064,25240320,5008.0,3825631232,0.00279450000016368,0.0012686999998550164,186.71630859375
exact,5008,32,0,296,0.00022994840401224792,0.9583229333067093,1.0,160256,25080064,25240320,5008.0,3825631232,0.0028068999999959487,0.001260799999727169,186.18896484375
exact,5008,32,0,297,0.00022994876781012863,0.9583166932907349,1.0,160256,25080064,25240320,5008.0,3825631232,0.0029190000004746253,0.0013010000002395827,186.71630859375
exact,5008,32,0,298,0.00022994876781012863,0.9583104532747604,1.0,160256,25080064,25240320,5008.0,3825631232,0.002947900000435766,0.0013146999999662512,185.31787109375
exact,5008,32,0,299,0.00022994959726929665,0.9583166932907349,1.0,160256,25080064,25240320,5008.0,3825631232,0.0027948000006290385,0.0012747000000672415,186.71630859375
exact,5008,32,0,300,0.0002299483894603327,0.9583291733226837,1.0,160256,25080064,25240320,5008.0,3825631232,0.002803700000185927,0.0012688999995589256,185.31787109375
exact,5008,32,0,301,0.00022994929167907685,0.9583229333067093,1.0,160256,25080064,25240320,5008.0,3825631232,0.002829099999871687,0.001311600000008184,186.71630859375
exact,5008,32,0,302,0.00022994878236204386,0.9583042132587859,1.0,160256,25080064,25240320,5008.0,3825631232,0.0028185999999550404,0.001304800000070827,186.18896484375
exact,5008,32,0,303,0.00022994884056970477,0.9583104532747604,1.0,160256,25080064,25240320,5008.0,3825631232,0.002753599999778089,0.0012861999994129292,186.71630859375
exact,5008,32,0,304,0.00022994846221990883,0.9583291733226837,1.0,160256,25080064,25240320,5008.0,3825631232,0.0028291000007811817,0.001268799999706971,185.31787109375
exact,5008,32,0,305,0.00022994945175014436,0.9583229333067093,1.0,160256,25080064,25240320,5008.0,3825631232,0.002821600000061153,0.0013134999999238062,186.71630859375
exact,5008,32,0,306,0.0002299485931871459,0.9583104532747604,1.0,160256,25080064,25240320,5008.0,3825631232,0.002834699999766599,0.0012933000007251394,185.31787109375
exact,5008,32,0,307,0.0002299496263731271,0.9583166932907349,1.0,160256,25080064,25240320,5008.0,3825631232,0.0028086000002076617,0.001286900000195601,186.71630859375
exact,5008,32,0,308,0.00022994975734036416,0.9583229333067093,1.0,160256,25080064,25240320,5008.0,3825631232,0.0028575000005730544,0.0013107999993735575,186.18896484375
exact,5008,32,0,309,0.0002299526968272403,0.9583229333067093,1.0,160256,25080064,25240320,5008.0,3825631232,0.002800299999762501,0.0013052999993306003,186.71630859375
exact,5008,32,0,310,0.00022994857863523066,0.9583104532747604,1.0,160256,25080064,25240320,5008.0,3825631232,0.0028093999999327934,0.0012917000003653811,185.31787109375
exact,5008,32,0,311,0.00022994902974460274,0.9583229333067093,1.0,160256,25080064,25240320,5008.0,3825631232,0.002814199999193079,0.0012668999997913488,186.71630859375
exact,5008,32,0,312,0.00022995004837866873,0.9583229333067093,1.0,160256,25080064,25240320,5008.0,3825631232,0.002843600000232982,0.0012974000001122477,185.31787109375
exact,5008,32,0,313,0.00022995271137915552,0.9583229333067093,1.0,160256,25080064,25240320,5008.0,3825631232,0.004166900000200258,0.0013109000001350068,186.71630859375
exact,5008,32,0,314,0.00022994786559138447,0.9583229333067093,1.0,160256,25080064,25240320,5008.0,3825631232,0.0027950999992754078,0.0012821999998777756,186.18896484375
exact,5008,32,0,315,0.00022994846221990883,0.9583166932907349,1.0,160256,25080064,25240320,5008.0,3825631232,0.002798600000460283,0.0012826999991375487,186.71630859375
exact,5008,32,0,316,0.0002299495681654662,0.9583166932907349,1.0,160256,25080064,25240320,5008.0,3825631232,0.004090899999937392,0.001291999999921245,185.31787109375
exact,5008,32,0,317,0.00022995271137915552,0.9583229333067093,1.0,160256,25080064,25240320,5008.0,3825631232,0.002818400000251131,0.0012872000006609596,186.71630859375
exact,5008,32,0,318,0.00022994780738372356,0.9583229333067093,1.0,160256,25080064,25240320,5008.0,3825631232,0.0028548000000228058,0.001299499999731779,185.31787109375
exact,5008,32,0,319,0.00022994885512162,0.9583104532747604,1.0,160256,25080064,25240320,5008.0,3825631232,0.0028021999996781233,0.0012750000005326,186.71630859375
exact,5008,32,0,320,0.00022994850587565452,0.9583166932907349,1.0,160256,25080064,25240320,5008.0,3825631232,0.0028024000002915272,0.001280199999200704,186.18896484375
exact,5008,32,0,321,0.00022995271137915552,0.9583229333067093,1.0,160256,25080064,25240320,5008.0,3825631232,0.004113500000130443,0.0012747000000672415,186.71630859375
exact,5008,32,0,322,0.0002299486513948068,0.9583166932907349,1.0,160256,25080064,25240320,5008.0,3825631232,0.002814100000250619,0.0012999000000490923,185.31787109375
exact,5008,32,0,323,0.00022994881146587431,0.9583104532747604,1.0,160256,25080064,25240320,5008.0,3825631232,0.002836599999682221,0.001297099999646889,186.71630859375
exact,5008,32,0,324,0.00022994852042756975,0.9583166932907349,1.0,160256,25080064,25240320,5008.0,3825631232,0.004045800000312738,0.0013006999997742241,185.31787109375
exact,5008,32,0,325,0.00022995262406766415,0.9583229333067093,1.0,160256,25080064,25240320,5008.0,3825631232,0.0027713999998013605,0.0012740000001940643,186.71630859375
exact,5008,32,0,326,0.00022994933533482254,0.9583229333067093,1.0,160256,25080064,25240320,5008.0,3825631232,0.00278600000001461,0.0012666999991779448,186.18896484375
exact,5008,32,0,327,0.0002299495681654662,0.9583166932907349,1.0,160256,25080064,25240320,5008.0,3825631232,0.002787499999612919,0.0012812999993911944,186.71630859375
exact,5008,32,0,328,0.0002299495681654662,0.9583166932907349,1.0,160256,25080064,25240320,5008.0,3825631232,0.002812900000208174,0.0012730999997074832,185.31787109375
exact,5008,32,0,329,0.0002299515763297677,0.9583229333067093,1.0,160256,25080064,25240320,5008.0,3825631232,0.004162600000199745,0.0012677000004259753,186.71630859375
exact,5008,32,0,330,0.0002299489569850266,0.9583229333067093,1.0,160256,25080064,25240320,5008.0,3825631232,0.002802200000587618,0.0012628000004042406,185.31787109375
exact,5008,32,0,331,0.00022995001927483827,0.9583229333067093,1.0,160256,25080064,25240320,5008.0,3825631232,0.004591500000060478,0.0012715000002572197,186.71630859375
exact,5008,32,0,332,0.0002299489569850266,0.9583104532747604,1.0,160256,25080064,25240320,5008.0,3825631232,0.002821099999891885,0.001278900000215799,186.18896484375
exact,5008,32,0,333,0.00022995263861957937,0.9583229333067093,1.0,160256,25080064,25240320,5008.0,3825631232,0.005493799999385374,0.002038699999502569,186.71630859375
exact,5008,32,0,334,0.00022994776372797787,0.9583229333067093,1.0,160256,25080064,25240320,5008.0,3825631232,0.0029286999997566454,0.0013424999997369014,185.31787109375
exact,5008,32,0,335,0.0002299495245097205,0.9583166932907349,1.0,160256,25080064,25240320,5008.0,3825631232,0.0028204999998706626,0.00131379999947967,186.71630859375
exact,5008,32,0,336,0.00022994885512162,0.9583104532747604,1.0,160256,25080064,25240320,5008.0,3825631232,0.0027880999996341416,0.0012697000001935521,185.31787109375
exact,5008,32,0,337,0.00022995210019871593,0.9583166932907349,1.0,160256,25080064,25240320,5008.0,3825631232,0.0028105999999752385,0.0012996000004932284,186.71630859375
exact,5008,32,0,338,0.00022994780738372356,0.9583229333067093,1.0,160256,25080064,25240320,5008.0,3825631232,0.002762300000540563,0.0012591999993674108,186.18896484375
exact,5008,32,0,339,0.0002299496263731271,0.9583166932907349,1.0,160256,25080064,25240320,5008.0,3825631232,0.0028396000006978284,0.0013313999997990322,186.71630859375
exact,5008,32,0,340,0.00022994959726929665,0.9583166932907349,1.0,160256,25080064,25240320,5008.0,3825631232,0.002802900000460795,0.0012894000001324457,185.31787109375
exact,5008,32,0,341,0.00022995153267402202,0.9583166932907349,1.0,160256,25080064,25240320,5008.0,3825631232,0.0036600999992515426,0.001294400000006135,186.71630859375
exact,5008,32,0,342,0.0002299482875969261,0.9583229333067093,1.0,160256,25080064,25240320,5008.0,3825631232,0.0028594000004886766,0.0013004000002183602,185.31787109375
exact,5008,32,0,343,0.00022994884056970477,0.9583104532747604,1.0,160256,25080064,25240320,5008.0,3825631232,0.002785300000141433,0.0012974000001122477,186.71630859375
exact,5008,32,0,344,0.00022994949540589005,0.9583166932907349,1.0,160256,25080064,25240320,5008.0,3825631232,0.002781700000014098,0.0012745000003633322,186.18896484375
exact,5008,32,0,345,0.00022995221661403775,0.9583229333067093,1.0,160256,25080064,25240320,5008.0,3825631232,0.0028075000000171713,0.0012849999993704841,186.71630859375
exact,5008,32,0,346,0.00022994937899056822,0.9583229333067093,1.0,160256,25080064,25240320,5008.0,3825631232,0.002827400000569469,0.0012780000006387127,185.31787109375
exact,5008,32,0,347,0.00022994881146587431,0.9583104532747604,1.0,160256,25080064,25240320,5008.0,3825631232,0.0027977999998256564,0.0012729999998555286,186.71630859375
exact,5008,32,0,348,0.0002299495681654662,0.9583166932907349,1.0,160256,25080064,25240320,5008.0,3825631232,0.0027677999996740255,0.001284200000554847,185.31787109375
exact,5008,32,0,349,0.00022995195467956364,0.9583166932907349,1.0,160256,25080064,25240320,5008.0,3825631232,0.0028103999993618345,0.0012902999997095321,186.71630859375
exact,5008,32,0,350,0.0002299482875969261,0.9583229333067093,1.0,160256,25080064,25240320,5008.0,3825631232,0.002850599999874248,0.0012892000004285364,186.18896484375
exact,5008,32,0,351,0.0002299496263731271,0.9583166932907349,1.0,160256,25080064,25240320,5008.0,3825631232,0.003323400000226684,0.0012758999992001918,186.71630859375
exact,5008,32,0,352,0.00022994955361355096,0.9583166932907349,1.0,160256,25080064,25240320,5008.0,3825631232,0.003891999999723339,0.0023400000000037835,185.31787109375
exact,5008,32,0,353,0.00022995153267402202,0.9583166932907349,1.0,160256,25080064,25240320,5008.0,3825631232,0.002847499999916181,0.0013108000002830522,186.71630859375
exact,5008,32,0,354,0.00022994821483734995,0.9583229333067093,1.0,160256,25080064,25240320,5008.0,3825631232,0.004527000000052794,0.0021298000001479522,185.31787109375
exact,5008,32,0,355,0.0002299495245097205,0.9583166932907349,1.0,160256,25080064,25240320,5008.0,3825631232,0.002793599999677099,0.0012747000000672415,186.71630859375
exact,5008,32,0,356,0.0002299495681654662,0.9583166932907349,1.0,160256,25080064,25240320,5008.0,3825631232,0.002828599999702419,0.001297099999646889,186.18896484375
exact,5008,32,0,357,0.00022995217295829207,0.9583229333067093,1.0,160256,25080064,25240320,5008.0,3825631232,0.002837600000020757,0.0013078000001769396,186.71630859375
exact,5008,32,0,358,0.00022994857863523066,0.9583104532747604,1.0,160256,25080064,25240320,5008.0,3825631232,0.0028192999998282176,0.0012935000004290487,185.31787109375
exact,5008,32,0,359,0.00022994847677182406,0.9583166932907349,1.0,160256,25080064,25240320,5008.0,3825631232,0.0028185000001030858,0.00128599999970902,186.71630859375
exact,5008,32,0,360,0.0002299496263731271,0.9583229333067093,1.0,160256,25080064,25240320,5008.0,3825631232,0.0028474000000642263,0.0013146000001142966,185.31787109375
exact,5008,32,0,361,0.00022995231847744435,0.9583229333067093,1.0,160256,25080064,25240320,5008.0,3825631232,0.004128900000068825,0.0012986000001546927,186.71630859375
exact,5008,32,0,362,0.0002299485931871459,0.9583104532747604,1.0,160256,25080064,25240320,5008.0,3825631232,0.002821099999891885,0.0013119999994160025,186.18896484375
exact,5008,32,0,363,0.0002299477200722322,0.9583104532747604,1.0,160256,25080064,25240320,5008.0,3825631232,0.00418450000051962,0.0013019999996686238,186.71630859375
exact,5008,32,0,364,0.0002299496263731271,0.9583229333067093,1.0,160256,25080064,25240320,5008.0,3825631232,0.0037615000001096632,0.0013139000002411194,185.31787109375
exact,5008,32,0,365,0.0002299522457178682,0.9583229333067093,1.0,160256,25080064,25240320,5008.0,3825631232,0.002854700000170851,0.0013005000000703149,186.71630859375
exact,5008,32,0,366,0.00022994857863523066,0.9583104532747604,1.0,160256,25080064,25240320,5008.0,3825631232,0.0028345000000626897,0.0012913000000480679,185.31787109375
exact,5008,32,0,367,0.00022994780738372356,0.9583104532747604,1.0,160256,25080064,25240320,5008.0,3825631232,0.003995600000052946,0.001300900000387628,186.71630859375
exact,5008,32,0,368,0.00022994964092504233,0.9583229333067093,1.0,160256,25080064,25240320,5008.0,3825631232,0.0028423000003385823,0.0012753999999404186,186.18896484375
exact,5008,32,0,369,0.0002299521875102073,0.9583229333067093,1.0,160256,25080064,25240320,5008.0,3825631232,0.0034459999997125124,0.0016015000001061708,186.71630859375
exact,5008,32,0,370,0.00022994937899056822,0.9583166932907349,1.0,160256,25080064,25240320,5008.0,3825631232,0.002825700000357756,0.0013055999997959589,185.31787109375
exact,5008,32,0,371,0.00022994857863523066,0.9583166932907349,1.0,160256,25080064,25240320,5008.0,3825631232,0.002885999999307387,0.0013494000004357076,186.71630859375
exact,5008,32,0,372,0.00022994969913270324,0.9583229333067093,1.0,160256,25080064,25240320,5008.0,3825631232,0.002834400000210735,0.001290599999265396,185.31787109375
exact,5008,32,0,373,0.0002299522457178682,0.9583166932907349,1.0,160256,25080064,25240320,5008.0,3825631232,0.002771299999949406,0.0013015000004088506,186.71630859375
exact,5008,32,0,374,0.00022994929167907685,0.9583166932907349,1.0,160256,25080064,25240320,5008.0,3825631232,0.002815800000462332,0.0012796999999409309,186.18896484375
exact,5008,32,0,375,0.0002299495681654662,0.9583166932907349,1.0,160256,25080064,25240320,5008.0,3825631232,0.003052900000511727,0.0013432000005195732,186.71630859375
exact,5008,32,0,376,0.0002299489569850266,0.9583166932907349,1.0,160256,25080064,25240320,5008.0,3825631232,0.0028170999994472368,0.0012894999999844003,185.31787109375
exact,5008,32,0,377,0.00022995221661403775,0.9583229333067093,1.0,160256,25080064,25240320,5008.0,3825631232,0.004165199999988545,0.00129319999996369,186.71630859375
exact,5008,32,0,378,0.0002299481420777738,0.9583166932907349,1.0,160256,25080064,25240320,5008.0,3825631232,0.002834899999470508,0.0012784999998984858,185.31787109375
exact,5008,32,0,379,0.0002299489569850266,0.9583104532747604,1.0,160256,25080064,25240320,5008.0,3825631232,0.002828800000315823,0.0012904999994134414,186.71630859375
exact,5008,32,0,380,0.0002299496700288728,0.9583229333067093,1.0,160256,25080064,25240320,5008.0,3825631232,0.0028035000004820176,0.001293900000746362,186.18896484375
exact,5008,32,0,381,0.00022995266772340983,0.9583229333067093,1.0,160256,25080064,25240320,5008.0,3825631232,0.0028355000004012254,0.001312800000050629,186.71630859375
exact,5008,32,0,382,0.00022994773462414742,0.9583166932907349,1.0,160256,25080064,25240320,5008.0,3825631232,0.0028315999998085317,0.0012909999995827093,185.31787109375
exact,5008,32,0,383,0.00022994884056970477,0.9583104532747604,1.0,160256,25080064,25240320,5008.0,3825631232,0.0028659999998126295,0.0013051999994786456,186.71630859375
exact,5008,32,0,384,0.00022994964092504233,0.9583229333067093,1.0,160256,25080064,25240320,5008.0,3825631232,0.0027660999994623126,0.0012855000004492467,185.31787109375
exact,5008,32,0,385,0.00022995266772340983,0.9583229333067093,1.0,160256,25080064,25240320,5008.0,3825631232,0.0027828000002045883,0.0012891999995190417,186.71630859375
exact,5008,32,0,386,0.00022994933533482254,0.9583166932907349,1.0,160256,25080064,25240320,5008.0,3825631232,0.0029279000000315136,0.0012815000000045984,186.18896484375
exact,5008,32,0,387,0.00022994888422545046,0.9583104532747604,1.0,160256,25080064,25240320,5008.0,3825631232,0.0031361999999717227,0.001272900000003574,186.71630859375
exact,5008,32,0,388,0.0002299496700288728,0.9583229333067093,1.0,160256,25080064,25240320,5008.0,3825631232,0.002845799999704468,0.0012812000004487345,185.31787109375
exact,5008,32,0,389,0.00022995207109488547,0.9583166932907349,1.0,160256,25080064,25240320,5008.0,3825631232,0.002838999999767111,0.0012943000001541805,186.71630859375
exact,5008,32,0,390,0.00022994809842202812,0.9583166932907349,1.0,160256,25080064,25240320,5008.0,3825631232,0.0028601000003618537,0.0012889999998151325,185.31787109375
exact,5008,32,0,391,0.0002299496700288728,0.9583166932907349,1.0,160256,25080064,25240320,5008.0,3825631232,0.0028800000000046566,0.0013016000002608052,186.71630859375
exact,5008,32,0,392,0.0002299496700288728,0.9583229333067093,1.0,160256,25080064,25240320,5008.0,3825631232,0.0028609000000869855,0.001297599999816157,186.18896484375
exact,5008,32,0,393,0.0002299509069416672,0.9583166932907349,1.0,160256,25080064,25240320,5008.0,3825631232,0.0027694000000337837,0.001300900000387628,186.71630859375
exact,5008,32,0,394,0.00022994929167907685,0.9583166932907349,1.0,160256,25080064,25240320,5008.0,3825631232,0.002836399999978312,0.0012802000001101987,185.31787109375
exact,5008,32,0,395,0.00022994964092504233,0.9583166932907349,1.0,160256,25080064,25240320,5008.0,3825631232,0.002816999999595282,0.0013010000002395827,186.71630859375
exact,5008,32,0,396,0.00022994969913270324,0.9583229333067093,1.0,160256,25080064,25240320,5008.0,3825631232,0.00283809999928053,0.0012795000002370216,185.31787109375
exact,5008,32,0,397,0.0002299516199855134,0.9583104532747604,1.0,160256,25080064,25240320,5008.0,3825631232,0.002771000000393542,0.0012860999995609745,186.71630859375
exact,5008,32,0,398,0.0002299482439411804,0.9583166932907349,1.0,160256,25080064,25240320,5008.0,3825631232,0.0027590999998210464,0.001283999999941443,186.18896484375
exact,5008,32,0,399,0.00022994975734036416,0.9583229333067093,1.0,160256,25080064,25240320,5008.0,3825631232,0.0027836000008392148,0.0012769000004482223,186.71630859375
exact,5008,32,0,400,0.00022994969913270324,0.9583229333067093,1.0,160256,25080064,25240320,5008.0,3825631232,0.004130700000132492,0.001287199999751465,185.31787109375
exact,5008,32,0,401,0.0002299516199855134,0.9583104532747604,1.0,160256,25080064,25240320,5008.0,3825631232,0.00279699999919103,0.0012981999998373794,186.71630859375
exact,5008,32,0,402,0.0002299474726896733,0.9583104532747604,1.0,160256,25080064,25240320,5008.0,3825631232,0.0028720999998768093,0.0013085999999020714,185.31787109375
exact,5008,32,0,403,0.00022994978644419461,0.9583229333067093,1.0,160256,25080064,25240320,5008.0,3825631232,0.00412640000013198,0.001274100000046019,186.71630859375
exact,5008,32,0,404,0.00022994969913270324,0.9583229333067093,1.0,160256,25080064,25240320,5008.0,3825631232,0.002868300000045565,0.0012977000005776063,186.18896484375
exact,5008,32,0,405,0.00022995195467956364,0.9583104532747604,1.0,160256,25080064,25240320,5008.0,3825631232,0.0028773000003639027,0.00128599999970902,186.71630859375
exact,5008,32,0,406,0.00022994745813775808,0.9583104532747604,1.0,160256,25080064,25240320,5008.0,3825631232,0.002790699999422941,0.0012894999999844003,185.31787109375
exact,5008,32,0,407,0.00022994974278844893,0.9583229333067093,1.0,160256,25080064,25240320,5008.0,3825631232,0.0029528000004575006,0.0013908999999330263,186.71630859375
exact,5008,32,0,408,0.00022994969913270324,0.9583229333067093,1.0,160256,25080064,25240320,5008.0,3825631232,0.002858100000594277,0.001294400000006135,185.31787109375
exact,5008,32,0,409,0.00022995266772340983,0.9583166932907349,1.0,160256,25080064,25240320,5008.0,3825631232,0.002770099999906961,0.0012667999999393942,186.71630859375
exact,5008,32,0,410,0.00022994821483734995,0.9583166932907349,1.0,160256,25080064,25240320,5008.0,3825631232,0.002811499999552325,0.0012711000008494011,186.18896484375
exact,5008,32,0,411,0.00022994975734036416,0.9583229333067093,1.0,160256,25080064,25240320,5008.0,3825631232,0.004083199999513454,0.0015178000003288616,186.71630859375
exact,5008,32,0,412,0.00022995004837866873,0.9583229333067093,1.0,160256,25080064,25240320,5008.0,3825631232,0.002821899999617017,0.0012708000003840425,185.31787109375
exact,5008,32,0,413,0.00022995226026978344,0.9583166932907349,1.0,160256,25080064,25240320,5008.0,3825631232,0.0028023999993820325,0.0012686000000030617,186.71630859375
exact,5008,32,0,414,0.00022994933533482254,0.9583229333067093,1.0,160256,25080064,25240320,5008.0,3825631232,0.0027975999992122524,0.0013032999995630234,185.31787109375
exact,5008,32,0,415,0.0002299496263731271,0.9583166932907349,1.0,160256,25080064,25240320,5008.0,3825631232,0.004111199999897508,0.0012939999996888218,186.71630859375
exact,5008,32,0,416,0.00022994888422545046,0.9583104532747604,1.0,160256,25080064,25240320,5008.0,3825631232,0.002841600000465405,0.0012932999998156447,186.18896484375
exact,5008,32,0,417,0.00022995132894720882,0.9583229333067093,1.0,160256,25080064,25240320,5008.0,3825631232,0.002802799999699346,0.0012917000003653811,186.71630859375
exact,5008,32,0,418,0.00022994940809439868,0.9583229333067093,1.0,160256,25080064,25240320,5008.0,3825631232,0.002831200000400713,0.0012778999998772633,185.31787109375
exact,5008,32,0,419,0.00022994821483734995,0.9583042132587859,1.0,160256,25080064,25240320,5008.0,3825631232,0.0027652999997371808,0.0012902999997095321,186.71630859375
exact,5008,32,0,420,0.0002299495681654662,0.9583166932907349,1.0,160256,25080064,25240320,5008.0,3825631232,0.0028437000000849366,0.0013081000006422983,185.31787109375
exact,5008,32,0,421,0.00022995172184892,0.9583229333067093,1.0,160256,25080064,25240320,5008.0,3825631232,0.002776600000288454,0.0012768999995387276,186.71630859375
exact,5008,32,0,422,0.00022994937899056822,0.9583229333067093,1.0,160256,25080064,25240320,5008.0,3825631232,0.002839700000549783,0.001289399999222951,186.18896484375
exact,5008,32,0,423,0.0002299489133292809,0.9583104532747604,1.0,160256,25080064,25240320,5008.0,3825631232,0.002868599999601429,0.0013012999997954466,186.71630859375
exact,5008,32,0,424,0.0002299496263731271,0.9583166932907349,1.0,160256,25080064,25240320,5008.0,3825631232,0.00282470000001922,0.0012851000001319335,185.31787109375
exact,5008,32,0,425,0.00022995173640083522,0.9583229333067093,1.0,160256,25080064,25240320,5008.0,3825631232,0.0028250000004845788,0.0013058000004093628,186.71630859375
exact,5008,32,0,426,0.00022994929167907685,0.9583166932907349,1.0,160256,25080064,25240320,5008.0,3825631232,0.002849399999831803,0.0012901999998575775,185.31787109375
exact,5008,32,0,427,0.0002299496700288728,0.9583166932907349,1.0,160256,25080064,25240320,5008.0,3825631232,0.002832500000295113,0.0012575000000651926,186.71630859375
exact,5008,32,0,428,0.0002299496263731271,0.9583229333067093,1.0,160256,25080064,25240320,5008.0,3825631232,0.0028323999995336635,0.0012956000000485801,186.18896484375
exact,5008,32,0,429,0.00022995095059741288,0.9583104532747604,1.0,160256,25080064,25240320,5008.0,3825631232,0.002729699999690638,0.0012614000006578863,186.71630859375
exact,5008,32,0,430,0.00022994940809439868,0.9583229333067093,1.0,160256,25080064,25240320,5008.0,3825631232,0.0028217999997650622,0.0012995000006412738,185.31787109375
exact,5008,32,0,431,0.0002299496263731271,0.9583166932907349,1.0,160256,25080064,25240320,5008.0,3825631232,0.002768699999251112,0.0012823999995816848,186.71630859375
exact,5008,32,0,432,0.000229950193897821,0.9583291733226837,1.0,160256,25080064,25240320,5008.0,3825631232,0.003131800000119256,0.0012967000002390705,185.31787109375
exact,5008,32,0,433,0.0002299510088050738,0.9583104532747604,1.0,160256,25080064,25240320,5008.0,3825631232,0.0027970000001005246,0.0012728000001516193,186.71630859375
exact,5008,32,0,434,0.00022994940809439868,0.9583229333067093,1.0,160256,25080064,25240320,5008.0,3825631232,0.0028396999996402883,0.0012996000004932284,186.18896484375
exact,5008,32,0,435,0.0002299496700288728,0.9583166932907349,1.0,160256,25080064,25240320,5008.0,3825631232,0.004148199999690405,0.001287400000364869,186.71630859375
exact,5008,32,0,436,0.0002299496263731271,0.9583166932907349,1.0,160256,25080064,25240320,5008.0,3825631232,0.0028510000001915614,0.0013088000005154754,185.31787109375
exact,5008,32,0,437,0.0002299511688761413,0.9583166932907349,1.0,160256,25080064,25240320,5008.0,3825631232,0.002814299999954528,0.0012992000001759152,186.71630859375
exact,5008,32,0,438,0.00022994933533482254,0.9583166932907349,1.0,160256,25080064,25240320,5008.0,3825631232,0.0027985000006083283,0.0012710000000879518,185.31787109375
exact,5008,32,0,439,0.00022994969913270324,0.9583166932907349,1.0,160256,25080064,25240320,5008.0,3825631232,0.004524599999967904,0.0025943000000552274,186.71630859375
exact,5008,32,0,440,0.00022994971368461847,0.9583229333067093,1.0,160256,25080064,25240320,5008.0,3825631232,0.003024399999958405,0.0013088999994579353,186.18896484375
exact,5008,32,0,441,0.00022995176550466567,0.9583229333067093,1.0,160256,25080064,25240320,5008.0,3825631232,0.0032733999996708008,0.0015544999996564002,186.71630859375
exact,5008,32,0,442,0.00022994862229097635,0.9583104532747604,1.0,160256,25080064,25240320,5008.0,3825631232,0.00286099999993894,0.0012894000001324457,185.31787109375
exact,5008,32,0,443,0.0002299489569850266,0.9583104532747604,1.0,160256,25080064,25240320,5008.0,3825631232,0.0028112999998484156,0.0012913999999000225,186.71630859375
exact,5008,32,0,444,0.000229950193897821,0.9583291733226837,1.0,160256,25080064,25240320,5008.0,3825631232,0.002814800000123796,0.0012913000000480679,185.31787109375
exact,5008,32,0,445,0.00022995176550466567,0.9583229333067093,1.0,160256,25080064,25240320,5008.0,3825631232,0.002881100000195147,0.001307999999880849,186.71630859375
exact,5008,32,0,446,0.00022994817118160427,0.9583042132587859,1.0,160256,25080064,25240320,5008.0,3825631232,0.0027852000002894783,0.001284500000110711,186.18896484375
exact,5008,32,0,447,0.00022994892788119614,0.9583104532747604,1.0,160256,25080064,25240320,5008.0,3825631232,0.004282999999304593,0.0012701999994533253,186.71630859375
exact,5008,32,0,448,0.00022995016479399055,0.9583291733226837,1.0,160256,25080064,25240320,5008.0,3825631232,0.0028434999994715326,0.0012669999996433035,185.31787109375
exact,5008,32,0,449,0.00022995176550466567,0.9583229333067093,1.0,160256,25080064,25240320,5008.0,3825631232,0.002857200000107696,0.0012894999999844003,186.71630859375
exact,5008,32,0,450,0.00022994812752585858,0.9583042132587859,1.0,160256,25080064,25240320,5008.0,3825631232,0.0043009999999412685,0.0012936000002810033,185.31787109375
exact,5008,32,0,451,0.0002299489569850266,0.9583104532747604,1.0,160256,25080064,25240320,5008.0,3825631232,0.002760399999715446,0.001280899999983376,186.71630859375
exact,5008,32,0,452,0.00022995022300165147,0.9583291733226837,1.0,160256,25080064,25240320,5008.0,3825631232,0.006328699999357923,0.0012851000001319335,186.18896484375
exact,5008,32,0,453,0.00022995169274508953,0.9583229333067093,1.0,160256,25080064,25240320,5008.0,3825631232,0.0028572999999596504,0.0012844000002587563,186.71630859375
exact,5008,32,0,454,0.00022994866594672203,0.9583104532747604,1.0,160256,25080064,25240320,5008.0,3825631232,0.002867300000616524,0.0013103000001137843,185.31787109375
exact,5008,32,0,455,0.0002299489569850266,0.9583104532747604,1.0,160256,25080064,25240320,5008.0,3825631232,0.0028587000006154994,0.0013091000000713393,186.71630859375
exact,5008,32,0,456,0.00022995022300165147,0.9583291733226837,1.0,160256,25080064,25240320,5008.0,3825631232,0.002858800000467454,0.0012927999996463768,185.31787109375
exact,5008,32,0,457,0.0002299516199855134,0.9583166932907349,1.0,160256,25080064,25240320,5008.0,3825631232,0.0027679999993779347,0.0012709000002359971,186.71630859375
exact,5008,32,0,458,0.00022994821483734995,0.9583104532747604,1.0,160256,25080064,25240320,5008.0,3825631232,0.002790600000480481,0.0012783000001945766,186.18896484375
exact,5008,32,0,459,0.0002299489569850266,0.9583104532747604,1.0,160256,25080064,25240320,5008.0,3825631232,0.0028652000000874978,0.0012979000002815155,186.71630859375
exact,5008,32,0,460,0.000229950193897821,0.9583291733226837,1.0,160256,25080064,25240320,5008.0,3825631232,0.0027435000001787557,0.0012809999998353305,185.31787109375
exact,5008,32,0,461,0.00022995172184892,0.9583166932907349,1.0,160256,25080064,25240320,5008.0,3825631232,0.0028459000004659174,0.0012996999994356884,186.71630859375
exact,5008,32,0,462,0.00022994933533482254,0.9583229333067093,1.0,160256,25080064,25240320,5008.0,3825631232,0.0028168000008008676,0.0012860999995609745,185.31787109375
exact,5008,32,0,463,0.0002299489569850266,0.9583104532747604,1.0,160256,25080064,25240320,5008.0,3825631232,0.0028277000001253327,0.0012924000002385583,186.71630859375
exact,5008,32,0,464,0.00022995015024207532,0.9583229333067093,1.0,160256,25080064,25240320,5008.0,3825631232,0.0028589999992618687,0.0012912000001961133,186.18896484375
exact,5008,32,0,465,0.00022995172184892,0.9583229333067093,1.0,160256,25080064,25240320,5008.0,3825631232,0.0028354000005492708,0.001278200000342622,186.71630859375
exact,5008,32,0,466,0.0002299482439411804,0.9583104532747604,1.0,160256,25080064,25240320,5008.0,3825631232,0.0027871000002051005,0.00127020000036282,185.31787109375
exact,5008,32,0,467,0.0002299489569850266,0.9583104532747604,1.0,160256,25080064,25240320,5008.0,3825631232,0.0028725000001941225,0.001287899999624642,186.71630859375
exact,5008,32,0,468,0.00022995012113824487,0.9583229333067093,1.0,160256,25080064,25240320,5008.0,3825631232,0.0027597999996942235,0.0012805000005755574,185.31787109375
exact,5008,32,0,469,0.00022995173640083522,0.9583229333067093,1.0,160256,25080064,25240320,5008.0,3825631232,0.002764200000456185,0.0012718999996650382,186.71630859375
exact,5008,32,0,470,0.00022994820028543472,0.9583104532747604,1.0,160256,25080064,25240320,5008.0,3825631232,0.002794200000607816,0.0012809999998353305,186.18896484375
exact,5008,32,0,471,0.00022994900064077228,0.9583104532747604,1.0,160256,25080064,25240320,5008.0,3825631232,0.004087899999831279,0.001307499999711581,186.71630859375
exact,5008,32,0,472,0.0002299534244230017,0.9583229333067093,1.0,160256,25080064,25240320,5008.0,3825631232,0.002723399999922549,0.0012769999993906822,185.31787109375
exact,5008,32,0,473,0.0002299485495314002,0.9583229333067093,1.0,160256,25080064,25240320,5008.0,3825631232,0.0033559000003151596,0.0016803999997136998,186.71630859375
exact,5008,32,0,474,0.0002299482439411804,0.9583104532747604,1.0,160256,25080064,25240320,5008.0,3825631232,0.002856000000065251,0.0012912999991385732,185.31787109375
exact,5008,32,0,475,0.00022994900064077228,0.9583104532747604,1.0,160256,25080064,25240320,5008.0,3825631232,0.0028302000000621774,0.0012844000002587563,186.71630859375
exact,5008,32,0,476,0.00022995338076725602,0.9583229333067093,1.0,160256,25080064,25240320,5008.0,3825631232,0.002818699999806995,0.001282599999285594,186.18896484375
exact,5008,32,0,477,0.00022994852042756975,0.9583229333067093,1.0,160256,25080064,25240320,5008.0,3825631232,0.002787000000353146,0.0012787000005118898,186.71630859375
exact,5008,32,0,478,0.00022994817118160427,0.9583104532747604,1.0,160256,25080064,25240320,5008.0,3825631232,0.0028609000000869855,0.0013048999999227817,185.31787109375
exact,5008,32,0,479,0.0002299489569850266,0.9583104532747604,1.0,160256,25080064,25240320,5008.0,3825631232,0.0028069999998479034,0.0012868000003436464,186.71630859375
exact,5008,32,0,480,0.00022995338076725602,0.9583229333067093,1.0,160256,25080064,25240320,5008.0,3825631232,0.0027856000006067916,0.0012585999993461883,185.31787109375
exact,5008,32,0,481,0.0002299485495314002,0.9583229333067093,1.0,160256,25080064,25240320,5008.0,3825631232,0.002800500000375905,0.001320299999861163,186.71630859375
exact,5008,32,0,482,0.00022994817118160427,0.9583104532747604,1.0,160256,25080064,25240320,5008.0,3825631232,0.002814800000123796,0.0012800000004062895,186.18896484375
exact,5008,32,0,483,0.0002299489569850266,0.9583104532747604,1.0,160256,25080064,25240320,5008.0,3825631232,0.002742900000157533,0.001286699999582197,186.71630859375
exact,5008,32,0,484,0.0002299534244230017,0.9583229333067093,1.0,160256,25080064,25240320,5008.0,3825631232,0.0028435999993234873,0.0012872999996034196,185.31787109375
exact,5008,32,0,485,0.00022994847677182406,0.9583229333067093,1.0,160256,25080064,25240320,5008.0,3825631232,0.0028244000004633563,0.001273800000490155,186.71630859375
exact,5008,32,0,486,0.00022994820028543472,0.9583104532747604,1.0,160256,25080064,25240320,5008.0,3825631232,0.002843399999619578,0.0012913999999000225,185.31787109375
exact,5008,32,0,487,0.00022994892788119614,0.9583104532747604,1.0,160256,25080064,25240320,5008.0,3825631232,0.0041771999995035,0.0012679000001298846,186.71630859375
exact,5008,32,0,488,0.0002299534244230017,0.9583229333067093,1.0,160256,25080064,25240320,5008.0,3825631232,0.0033426999998482643,0.0013013999996474013,186.18896484375
exact,5008,32,0,489,0.0002299485495314002,0.9583229333067093,1.0,160256,25080064,25240320,5008.0,3825631232,0.004302800000004936,0.0012964999996256665,186.71630859375
exact,5008,32,0,490,0.00022994820028543472,0.9583104532747604,1.0,160256,25080064,25240320,5008.0,3825631232,0.0032062000000223634,0.0012682999995377031,185.31787109375
exact,5008,32,0,491,0.00022994900064077228,0.9583104532747604,1.0,160256,25080064,25240320,5008.0,3825631232,0.002919099999417085,0.0013521999999284162,186.71630859375
exact,5008,32,0,492,0.0002299534244230017,0.9583229333067093,1.0,160256,25080064,25240320,5008.0,3825631232,0.0028056999999535037,0.0012700000006589107,185.31787109375
exact,5008,32,0,493,0.00022994857863523066,0.9583229333067093,1.0,160256,25080064,25240320,5008.0,3825631232,0.0028434000005290727,0.0012828999997509527,186.71630859375
exact,5008,32,0,494,0.0002299482439411804,0.9583104532747604,1.0,160256,25080064,25240320,5008.0,3825631232,0.0027995000000373693,0.0012768000005962676,186.18896484375
exact,5008,32,0,495,0.0002299489569850266,0.9583104532747604,1.0,160256,25080064,25240320,5008.0,3825631232,0.002803999999741791,0.0012876000000687782,186.71630859375
exact,5008,32,0,496,0.00022995300241746008,0.9583291733226837,1.0,160256,25080064,25240320,5008.0,3825631232,0.00474209999993036,0.001996300000428164,185.31787109375
exact,5008,32,0,497,0.0002299485495314002,0.9583229333067093,1.0,160256,25080064,25240320,5008.0,3825631232,0.0028059000005669077,0.0012831000003643567,186.71630859375
exact,5008,32,0,498,0.00022994821483734995,0.9583104532747604,1.0,160256,25080064,25240320,5008.0,3825631232,0.00275820000024396,0.0012795000002370216,185.31787109375
exact,5008,32,0,499,0.00022994900064077228,0.9583104532747604,1.0,160256,25080064,25240320,5008.0,3825631232,0.00275210000017978,0.0012673999999606167,186.71630859375
exact,5008,32,0,500,0.00022995304607320577,0.9583291733226837,1.0,160256,25080064,25240320,5008.0,3825631232,0.002780499999971653,0.0012698999998974614,186.18896484375
ariad,5008,32,0,1,0.20972010493278503,0.021166134185303515,0.026183107028753993,160256,721152,881408,144.0,707690496,0.08611399999972491,0.08457409999937227,325.24609375
ariad,5008,32,0,2,0.1809200942516327,0.03873801916932907,0.0674296126198083,160256,721152,881408,144.0,707690496,0.0044655000001512235,0.0029506999999284744,329.23046875
ariad,5008,32,0,3,0.16427525877952576,0.0571897464057508,0.13223841853035143,160256,721152,881408,144.0,707690496,0.004513500000030035,0.0029630999997607432,328.359375
ariad,5008,32,0,4,0.15197178721427917,0.07347618809904154,0.2154115914536741,160256,721152,881408,144.0,707690496,0.004453999999896041,0.002923299999565643,328.359375
ariad,5008,32,0,5,0.14309446513652802,0.08644918130990416,0.3060790235623003,160256,721152,881408,144.0,707690496,0.0045988000001671026,0.0030368999996426282,329.23046875
ariad,5008,32,0,6,0.13626214861869812,0.09479832268370607,0.39563573282747605,160256,721152,881408,144.0,707690496,0.004543899999589485,0.002952499999992142,328.359375
ariad,5008,32,0,7,0.13142912089824677,0.09851737220447285,0.477298821884984,160256,721152,881408,144.0,707690496,0.0047142000003077555,0.002957300000161922,328.359375
ariad,5008,32,0,8,0.12768696248531342,0.09880441293929712,0.5444913138977636,160256,721152,881408,144.0,707690496,0.0045678999995288905,0.002918600000157312,329.23046875
ariad,5008,32,0,9,0.12472687661647797,0.09767497004792332,0.6000524161341853,160256,721152,881408,144.0,707690496,0.004561499999908847,0.0028589000003194087,328.359375
ariad,5008,32,0,10,0.12235837429761887,0.09506040335463259,0.643838608226837,160256,721152,881408,144.0,707690496,0.0046261999996204395,0.002890799999477167,328.359375
ariad,5008,32,0,11,0.12040892988443375,0.09252071685303515,0.6789262180511182,160256,721152,881408,144.0,707690496,0.004627799999980198,0.002927000000454427,329.23046875
ariad,5008,32,0,12,0.1186886578798294,0.09047399161341853,0.7050282048722045,160256,721152,881408,144.0,707690496,0.004678400000557303,0.0029392000005827867,328.359375
ariad,5008,32,0,13,0.1171773299574852,0.08856454672523961,0.7261506589456869,160256,721152,881408,144.0,707690496,0.00473729999976058,0.002949500000795524,328.359375
ariad,5008,32,0,14,0.115836001932621,0.08716054313099042,0.7443964656549521,160256,721152,881408,144.0,707690496,0.004907799999273266,0.0031086000008144765,329.23046875
ariad,5008,32,0,15,0.11475838720798492,0.08596246006389777,0.7600713857827476,160256,721152,881408,144.0,707690496,0.0047076999999262625,0.00290820000009262,328.359375
ariad,5008,32,0,16,0.11378399282693863,0.08575029952076678,0.7736434205271565,160256,721152,881408,144.0,707690496,0.004732000000331027,0.0029107000000294647,328.359375
ariad,5008,32,0,17,0.1129828467965126,0.08618710063897764,0.7841391273961661,160256,721152,881408,144.0,707690496,0.005426799999440846,0.0034193000001323526,329.23046875
ariad,5008,32,0,18,0.1122039183974266,0.0870357428115016,0.794229233226837,160256,721152,881408,144.0,707690496,0.004757499999868742,0.0029601000005641254,328.359375
ariad,5008,32,0,19,0.11149687319993973,0.08858950678913738,0.8035018969648562,160256,721152,881408,144.0,707690496,0.004695500000707398,0.002861500000108208,328.359375
ariad,5008,32,0,20,0.11080718040466309,0.09074231230031948,0.8106467152555911,160256,721152,881408,144.0,707690496,0.005888800000320771,0.002939899999546469,329.23046875
ariad,5008,32,0,21,0.11013844609260559,0.09331943889776358,0.8172236920926518,160256,721152,881408,144.0,707690496,0.004813100000319537,0.002929700000095181,328.359375
ariad,5008,32,0,22,0.10947010666131973,0.09662040734824281,0.8219723442492013,160256,721152,881408,144.0,707690496,0.004819399999178131,0.0029327000002012937,328.359375
ariad,5008,32,0,23,0.10885252803564072,0.10058905750798722,0.8252982727635783,160256,721152,881408,144.0,707690496,0.0048066000008475385,0.00293359999977838,329.23046875
ariad,5008,32,0,24,0.10821962356567383,0.10507562899361023,0.8269393969648562,160256,721152,881408,144.0,707690496,0.004844200000661658,0.0029821000007359544,328.359375
ariad,5008,32,0,25,0.10760843753814697,0.11042956269968052,0.8278005191693291,160256,721152,881408,144.0,707690496,0.004845599999498518,0.0029206999997768435,328.359375
ariad,5008,32,0,26,0.10697459429502487,0.11690045926517571,0.827288837859425,160256,721152,881408,144.0,707690496,0.004887300000518735,0.0029787000003125286,329.23046875
ariad,5008,32,0,27,0.10627508908510208,0.12443839856230032,0.8261469149361023,160256,721152,881408,144.0,707690496,0.006545399999595247,0.0029119999999238644,328.359375
ariad,5008,32,0,28,0.10554970800876617,0.13313074081469647,0.8240315495207667,160256,721152,881408,144.0,707690496,0.004957300000569376,0.003031600000213075,328.359375
ariad,5008,32,0,29,0.10479556024074554,0.14343924720447285,0.8215293031150159,160256,721152,881408,144.0,707690496,0.005047200000262819,0.002871400000003632,329.23046875
ariad,5008,32,0,30,0.10398567467927933,0.15420951477635783,0.8180286541533547,160256,721152,881408,144.0,707690496,0.004827400000067428,0.0029346999999688705,328.359375
ariad,5008,32,0,31,0.1030779480934143,0.16685802715654952,0.8141161641373802,160256,721152,881408,144.0,707690496,0.004830299999412091,0.002961899999718298,328.359375
ariad,5008,32,0,32,0.10209965705871582,0.18104782348242812,0.809486072284345,160256,721152,881408,144.0,707690496,0.004783700000189128,0.0029321000001800712,329.23046875
ariad,5008,32,0,33,0.1010301485657692,0.19770242611821087,0.8068465455271565,160256,721152,881408,144.0,707690496,0.004766999999446853,0.0029008999999859952,328.359375
ariad,5008,32,0,34,0.09989264607429504,0.2161104732428115,0.805479982028754,160256,721152,881408,144.0,707690496,0.0047442000004593865,0.0029526999996960512,328.359375
ariad,5008,32,0,35,0.09861301630735397,0.2360223642172524,0.8043255790734825,160256,721152,881408,144.0,707690496,0.006165299999338458,0.004408700000567478,329.23046875
ariad,5008,32,0,36,0.09716404229402542,0.2585301018370607,0.8032273362619808,160256,721152,881408,144.0,707690496,0.004725399999188085,0.0029386000005615642,328.359375
ariad,5008,32,0,37,0.09556064009666443,0.2820861621405751,0.8052740615015974,160256,721152,881408,144.0,707690496,0.004677599999922677,0.0029808999997840147,328.359375
ariad,5008,32,0,38,0.09382067620754242,0.3061663837859425,0.806908945686901,160256,721152,881408,144.0,707690496,0.004614899999978661,0.002944799999568204,329.23046875
ariad,5008,32,0,39,0.09192802011966705,0.33179412939297126,0.8105406349840255,160256,721152,881408,144.0,707690496,0.004518300000199815,0.0028466000003390945,328.359375
ariad,5008,32,0,40,0.08988473564386368,0.3582018769968051,0.8173172923322684,160256,721152,881408,144.0,707690496,0.004674900000281923,0.0029475999999704072,328.359375
ariad,5008,32,0,41,0.08773650228977203,0.3839669029552716,0.8234013079073482,160256,721152,881408,144.0,707690496,0.004592000000229746,0.0029480000002877205,329.23046875
ariad,5008,32,0,42,0.08540362119674683,0.4092140075878594,0.8298285243610224,160256,721152,881408,144.0,707690496,0.004449099999874306,0.002864999999474094,328.359375
ariad,5008,32,0,43,0.0829523429274559,0.43349390974440893,0.8377471046325878,160256,721152,881408,144.0,707690496,0.004389700000501762,0.0028258000002097106,328.359375
ariad,5008,32,0,44,0.08034690469503403,0.45618260782747605,0.8443490415335463,160256,721152,881408,144.0,707690496,0.004479899999751069,0.002895399999943038,329.23046875
ariad,5008,32,0,45,0.07760152965784073,0.4777605830670926,0.8507200978434505,160256,721152,881408,144.0,707690496,0.004466200000024401,0.0029045000001133303,328.359375
ariad,5008,32,0,46,0.07478991895914078,0.49770367412140576,0.8573844349041534,160256,721152,881408,144.0,707690496,0.004480599999624246,0.002858400000150141,328.359375
ariad,5008,32,0,47,0.07187997549772263,0.5150821186102237,0.8620270067891374,160256,721152,881408,144.0,707690496,0.004770500000631728,0.0031234000007316354,329.23046875
ariad,5008,32,0,48,0.06885485351085663,0.5316805611022364,0.8672249400958466,160256,721152,881408,144.0,707690496,0.0045301000000108615,0.002946299999166513,328.359375
ariad,5008,32,0,49,0.06574922800064087,0.5462821984824281,0.8720172723642172,160256,721152,881408,144.0,707690496,0.004485599999497936,0.0028595000003406312,328.359375
ariad,5008,32,0,50,0.06265178322792053,0.5594049520766773,0.8763416034345048,160256,721152,881408,144.0,707690496,0.004487999999582826,0.002906799999436771,329.23046875
ariad,5008,32,0,51,0.05956164747476578,0.5716416234025559,0.8799046525559105,160256,721152,881408,144.0,707690496,0.004489799999646493,0.0029489999997167615,328.359375
ariad,5008,32,0,52,0.05652683600783348,0.5821186102236422,0.8828312200479234,160256,721152,881408,144.0,707690496,0.004452099999980419,0.0027911999995922088,328.359375
ariad,5008,32,0,53,0.05354081839323044,0.5917781549520766,0.8848779452875399,160256,721152,881408,144.0,707690496,0.0044705999998768675,0.0028722999995807186,329.23046875
ariad,5008,32,0,54,0.0506422258913517,0.6003332168530351,0.8858451477635783,160256,721152,881408,144.0,707690496,0.0058042000000568805,0.002925800000411982,328.359375
ariad,5008,32,0,55,0.04779953882098198,0.6087509984025559,0.8869433905750799,160256,721152,881408,144.0,707690496,0.004626000000826025,0.0029913999997006613,328.359375
ariad,5008,32,0,56,0.045022062957286835,0.6161516573482428,0.8873302715654952,160256,721152,881408,144.0,707690496,0.00452560000030644,0.002945999999610649,329.23046875
ariad,5008,32,0,57,0.04231089726090431,0.6233214357028753,0.8879917132587859,160256,721152,881408,144.0,707690496,0.005911700000069686,0.002983700000186218,328.359375
ariad,5008,32,0,58,0.03969832509756088,0.6298796924920128,0.8880229133386581,160256,721152,881408,144.0,707690496,0.004521599999861792,0.0029359000000113156,328.359375
ariad,5008,32,0,59,0.03718790039420128,0.6362569888178914,0.8891461162140575,160256,721152,881408,144.0,707690496,0.004449699999895529,0.002889600000344217,329.23046875
ariad,5008,32,0,60,0.03479351848363876,0.6423160443290735,0.8890899560702875,160256,721152,881408,144.0,707690496,0.0043865999996342,0.0028127000005042646,328.359375
ariad,5008,32,0,61,0.032540008425712585,0.6480069388977636,0.8895267571884984,160256,721152,881408,144.0,707690496,0.0063783000005059876,0.0029733999999734806,328.359375
ariad,5008,32,0,62,0.030430655926465988,0.653404552715655,0.8901944388977636,160256,721152,881408,144.0,707690496,0.0044069999994462705,0.0029080999993311707,329.23046875
ariad,5008,32,0,63,0.028469420969486237,0.658895766773163,0.8919291633386581,160256,721152,881408,144.0,707690496,0.004453800000192132,0.0028582000004462316,328.359375
ariad,5008,32,0,64,0.026655567809939384,0.6633511381789138,0.8928339656549521,160256,721152,881408,144.0,707690496,0.0044459000000642845,0.0028476999996200902,328.359375
ariad,5008,32,0,65,0.024985434487462044,0.6683993111022364,0.8933893270766773,160256,721152,881408,144.0,707690496,0.004452599999240192,0.00292870000066614,329.23046875
ariad,5008,32,0,66,0.023446721956133842,0.6727049221246006,0.8938510882587859,160256,721152,881408,144.0,707690496,0.0045342000003074645,0.0029869999998481944,328.359375
ariad,5008,32,0,67,0.02203209511935711,0.6769606130191693,0.894743410543131,160256,721152,881408,144.0,707690496,0.004414799999722163,0.002911800000219955,328.359375
ariad,5008,32,0,68,0.020727613940835,0.6818278254792333,0.8950741313897763,160256,721152,881408,144.0,707690496,0.004461900000023888,0.0029190000004746253,329.23046875
ariad,5008,32,0,69,0.01951889880001545,0.6862332767571885,0.8957979732428115,160256,721152,881408,144.0,707690496,0.004484099999899627,0.0029322999998839805,328.359375
ariad,5008,32,0,70,0.01838981918990612,0.6909132887380192,0.8973642172523961,160256,721152,881408,144.0,707690496,0.004423200000019278,0.002899500000239641,328.359375
ariad,5008,32,0,71,0.01733175478875637,0.6952376198083067,0.8984000599041534,160256,721152,881408,144.0,707690496,0.004430899999533722,0.002857600000425009,329.23046875
ariad,5008,32,0,72,0.016336986795067787,0.6998240315495208,0.8990615015974441,160256,721152,881408,144.0,707690496,0.004460399999516085,0.002954900000077032,328.359375
ariad,5008,32,0,73,0.015401162207126617,0.7043730031948882,0.9001597444089456,160256,721152,881408,144.0,707690496,0.004355999999461346,0.002830100000210223,328.359375
ariad,5008,32,0,74,0.014519109390676022,0.709252695686901,0.9005965455271565,160256,721152,881408,144.0,707690496,0.004414400000314345,0.0028585000000020955,329.23046875
ariad,5008,32,0,75,0.013688857667148113,0.713839107428115,0.9013328674121406,160256,721152,881408,144.0,707690496,0.004378100000394625,0.0028882999995403225,328.359375
ariad,5008,32,0,76,0.012909052893519402,0.7184255191693291,0.901707268370607,160256,721152,881408,144.0,707690496,0.004419099999722675,0.002873899999940477,328.359375
ariad,5008,32,0,77,0.012175437994301319,0.7231242511980831,0.9028741513578274,160256,721152,881408,144.0,707690496,0.004511399999501009,0.002965300000141724,329.23046875
ariad,5008,32,0,78,0.011481277644634247,0.7276045826677316,0.9032173522364217,160256,721152,881408,144.0,707690496,0.004408700000567478,0.0028669000002992107,328.359375
ariad,5008,32,0,79,0.01082144770771265,0.7316917931309904,0.9036416733226837,160256,721152,881408,144.0,707690496,0.004372999999759486,0.002862999999706517,328.359375
ariad,5008,32,0,80,0.010192220099270344,0.7362470047923323,0.904509035543131,160256,721152,881408,144.0,707690496,0.004939899999953923,0.0029320000003281166,329.23046875
ariad,5008,32,0,81,0.009594324044883251,0.7405900559105432,0.9058568789936102,160256,721152,881408,144.0,707690496,0.005560300000070129,0.00352270000075805,328.359375
ariad,5008,32,0,82,0.009030155837535858,0.7451702276357828,0.9070362420127795,160256,721152,881408,144.0,707690496,0.004441400000359863,0.0028972000000067055,328.359375
ariad,5008,32,0,83,0.008501731790602207,0.7500124800319489,0.9086960862619808,160256,721152,881408,144.0,707690496,0.004487700000026962,0.0029248000000734464,329.23046875
ariad,5008,32,0,84,0.008007983677089214,0.754486571485623,0.9098442492012779,160256,721152,881408,144.0,707690496,0.004453200000170909,0.0028597000000445405,328.359375
ariad,5008,32,0,85,0.0075442432425916195,0.7591915435303515,0.9114916134185304,160256,721152,881408,144.0,707690496,0.004465999999410997,0.002916600000389735,328.359375
ariad,5008,32,0,86,0.007108011748641729,0.7640462759584664,0.9120719349041534,160256,721152,881408,144.0,707690496,0.004516799999692012,0.0029407000001810957,329.23046875
ariad,5008,32,0,87,0.0066985078155994415,0.7686326876996805,0.9132076178115016,160256,721152,881408,144.0,707690496,0.004437000000507396,0.0029214999995019753,328.359375
ariad,5008,32,0,88,0.006313560530543327,0.7736683805910544,0.9139751397763578,160256,721152,881408,144.0,707690496,0.005639599999994971,0.0028949999996257247,328.359375
ariad,5008,32,0,89,0.005950635299086571,0.7781674321086262,0.9147364217252396,160256,721152,881408,144.0,707690496,0.004467599999770755,0.0029564999995272956,329.23046875
ariad,5008,32,0,90,0.00560746481642127,0.7831157647763578,0.9164274660543131,160256,721152,881408,144.0,707690496,0.004560500000479806,0.002915699999903154,328.359375
ariad,5008,32,0,91,0.005282573401927948,0.7878768969648562,0.9175007488019169,160256,721152,881408,144.0,707690496,0.004502300000240211,0.002967299999909301,328.359375
ariad,5008,32,0,92,0.004975675139576197,0.7924945087859425,0.9184929113418531,160256,721152,881408,144.0,707690496,0.0047781000002942164,0.0029303000001164037,329.23046875
ariad,5008,32,0,93,0.0046857609413564205,0.7971495607028753,0.9198781948881789,160256,721152,881408,144.0,707690496,0.00462489999972604,0.0030484999997497653,328.359375
ariad,5008,32,0,94,0.004410521127283573,0.8018170926517572,0.9212572384185304,160256,721152,881408,144.0,707690496,0.00462249999964115,0.0030648000001747278,328.359375
ariad,5008,32,0,95,0.0041474574245512486,0.8065345447284346,0.9222930810702875,160256,721152,881408,144.0,707690496,0.0049111999996966915,0.0031933000000208267,329.23046875
ariad,5008,32,0,96,0.003896907437592745,0.8107091154153354,0.9229545227635783,160256,721152,881408,144.0,707690496,0.006196499999532534,0.004619000000275264,328.359375
ariad,5008,32,0,97,0.003659717505797744,0.8148524860223643,0.9238468450479234,160256,721152,881408,144.0,707690496,0.004578600000058941,0.002984600000672799,328.359375
ariad,5008,32,0,98,0.0034360112622380257,0.8192267372204473,0.9243647663738019,160256,721152,881408,144.0,707690496,0.005431599999610626,0.002910100000008242,329.23046875
ariad,5008,32,0,99,0.003225302789360285,0.8237445087859425,0.9254692492012779,160256,721152,881408,144.0,707690496,0.0044152000000394764,0.002914799999416573,328.359375
ariad,5008,32,0,100,0.0030262607615441084,0.8280064396964856,0.9267546924920128,160256,721152,881408,144.0,707690496,0.004517000000305416,0.00298079999993206,328.359375
ariad,5008,32,0,101,0.0028385070618242025,0.8322746106230032,0.9270916533546326,160256,721152,881408,144.0,707690496,0.004436799999893992,0.0029345000002649613,329.23046875
ariad,5008,32,0,102,0.002660368336364627,0.836630141773163,0.9277593350638977,160256,721152,881408,144.0,707690496,0.00448939999932918,0.002970199999253964,328.359375
ariad,5008,32,0,103,0.0024909134954214096,0.8406175119808307,0.928583017172524,160256,721152,881408,144.0,707690496,0.004410200000165787,0.002862999999706517,328.359375
ariad,5008,32,0,104,0.0023300221655517817,0.8442242412140575,0.9291570986421726,160256,721152,881408,144.0,707690496,0.004380000000310247,0.002881600000364415,329.23046875
ariad,5008,32,0,105,0.002178276190534234,0.848492412140575,0.9302054213258786,160256,721152,881408,144.0,707690496,0.004350600000179838,0.0028850999997303006,328.359375
ariad,5008,32,0,106,0.002034983364865184,0.8523924221246006,0.9314971046325878,160256,721152,881408,144.0,707690496,0.004475300000194693,0.002976499999931548,328.359375
ariad,5008,32,0,107,0.0018994587007910013,0.8561364317092651,0.9319214257188498,160256,721152,881408,144.0,707690496,0.004471299999750045,0.002941599999758182,329.23046875
ariad,5008,32,0,108,0.0017704464262351394,0.8598679612619808,0.9329635083865815,160256,721152,881408,144.0,707690496,0.0053948000004311325,0.0028185000001030858,328.359375
ariad,5008,32,0,109,0.0016468515386804938,0.8635308506389776,0.9340430311501597,160256,721152,881408,144.0,707690496,0.004418399999849498,0.002867600000172388,328.359375
ariad,5008,32,0,110,0.0015280154766514897,0.8672499001597445,0.9348105531150159,160256,721152,881408,144.0,707690496,0.004462099999727798,0.0029357000003074063,329.23046875
ariad,5008,32,0,111,0.0014141503488644958,0.8706943889776357,0.9355343949680511,160256,721152,881408,144.0,707690496,0.0046065999995335005,0.0030515999997078325,328.359375
ariad,5008,32,0,112,0.0013055027229711413,0.8743947184504792,0.9363206369808307,160256,721152,881408,144.0,707690496,0.004395799999656447,0.002872199999728764,328.359375
ariad,5008,32,0,113,0.0012025911128148437,0.878213608226837,0.9372628793929713,160256,721152,881408,144.0,707690496,0.004615300000295974,0.002852000000530097,329.23046875
ariad,5008,32,0,114,0.0011057351948693395,0.8817828973642172,0.9378182408146964,160256,721152,881408,144.0,707690496,0.0043851999998878455,0.002898800000366464,328.359375
ariad,5008,32,0,115,0.0010149446316063404,0.8855705870607029,0.9384672024760383,160256,721152,881408,144.0,707690496,0.004453700000340177,0.002878199999940989,328.359375
ariad,5008,32,0,116,0.0009308484732173383,0.8892459564696485,0.9390724840255591,160256,721152,881408,144.0,707690496,0.004549000000224623,0.0029835999994247686,329.23046875
ariad,5008,32,0,117,0.0008534572552889585,0.8927403654153354,0.9397651257987221,160256,721152,881408,144.0,707690496,0.004326499999478983,0.0028554000000440283,328.359375
ariad,5008,32,0,118,0.0007830645772628486,0.8962909345047924,0.9400521665335463,160256,721152,881408,144.0,707690496,0.004439299999830837,0.002908499999648484,328.359375
ariad,5008,32,0,119,0.0007196076330728829,0.8997791034345048,0.9407198482428115,160256,721152,881408,144.0,707690496,0.004331499999352673,0.0028761999992639176,329.23046875
ariad,5008,32,0,120,0.0006628758274018764,0.9032610323482428,0.9412564896166135,160256,721152,881408,144.0,707690496,0.004425600000104168,0.0029173000002629124,328.359375
ariad,5008,32,0,121,0.000612753676250577,0.9068552815495208,0.9419990515175719,160256,721152,881408,144.0,707690496,0.00454029999946215,0.0029954000001453096,328.359375
ariad,5008,32,0,122,0.0005690014222636819,0.9096882488019169,0.942254892172524,160256,721152,881408,144.0,707690496,0.0049281000001428765,0.0029149000001780223,329.23046875
ariad,5008,32,0,123,0.0005314011941663921,0.9125773761980831,0.9428664137380192,160256,721152,881408,144.0,707690496,0.0045006000000284985,0.003010299999914423,328.359375
ariad,5008,32,0,124,0.0004995201015844941,0.9147801018370607,0.9434529752396166,160256,721152,881408,144.0,707690496,0.004400200000418408,0.002862900000764057,328.359375
ariad,5008,32,0,125,0.0004726033075712621,0.9171513079073482,0.9438148961661342,160256,721152,881408,144.0,707690496,0.004356800000095973,0.0028805000001739245,329.23046875
ariad,5008,32,0,126,0.00044983814586885273,0.919441393769968,0.9441768170926518,160256,721152,881408,144.0,707690496,0.004392599999846425,0.002895399999943038,328.359375
ariad,5008,32,0,127,0.0004306159389670938,0.9211761182108626,0.944944339057508,160256,721152,881408,144.0,707690496,0.005323999999745865,0.0028302000000621774,328.359375
ariad,5008,32,0,128,0.00041425341623835266,0.9230668430511182,0.945736821086262,160256,721152,881408,144.0,707690496,0.00440100000014354,0.002870199999961187,329.23046875
ariad,5008,32,0,129,0.0004001822089776397,0.9246330870607029,0.9463046625399361,160256,721152,881408,144.0,707690496,0.00445780000063678,0.0029371000000537606,328.359375
ariad,5008,32,0,130,0.00038783909985795617,0.9260183706070287,0.9473529852236422,160256,721152,881408,144.0,707690496,0.005560900000091351,0.003559300000233634,328.359375
ariad,5008,32,0,131,0.00037673275801353157,0.9272663738019169,0.9481953873801917,160256,721152,881408,144.0,707690496,0.0045018000000709435,0.0029321000001800712,329.23046875
ariad,5008,32,0,132,0.0003665739786811173,0.9283458965654952,0.94916258985623,160256,721152,881408,144.0,707690496,0.004334999999628053,0.002815300000293064,328.359375
ariad,5008,32,0,133,0.00035717946593649685,0.9293130990415336,0.9499862719648562,160256,721152,881408,144.0,707690496,0.00440340000022843,0.002839200000380515,328.359375
ariad,5008,32,0,134,0.0003483391192276031,0.9300182208466453,0.9510345946485623,160256,721152,881408,144.0,707690496,0.004419799999595853,0.0029094999999870197,329.23046875
ariad,5008,32,0,135,0.0003400641435291618,0.9305423821884984,0.952020517172524,160256,721152,881408,144.0,707690496,0.004343499999777123,0.002821399999447749,328.359375
ariad,5008,32,0,136,0.0003321127442177385,0.9313099041533547,0.9530438797923323,160256,721152,881408,144.0,707690496,0.004440300000169373,0.0029088000001138425,328.359375
ariad,5008,32,0,137,0.0003245637926738709,0.9321273462460063,0.954017322284345,160256,721152,881408,144.0,707690496,0.004333099999712431,0.002787000000353146,329.23046875
ariad,5008,32,0,138,0.0003173694422002882,0.9327638278753994,0.9547349241214057,160256,721152,881408,144.0,707690496,0.004422300000442192,0.0028781000000890344,328.359375
ariad,5008,32,0,139,0.0003105446812696755,0.9333566293929713,0.955714606629393,160256,721152,881408,144.0,707690496,0.004344999999375432,0.0028391999994710204,328.359375
ariad,5008,32,0,140,0.00030407600570470095,0.9339681509584664,0.9565195686900958,160256,721152,881408,144.0,707690496,0.005713999999898078,0.0028582999993886915,329.23046875
ariad,5008,32,0,141,0.00029796946910209954,0.9346295926517572,0.9572496505591054,160256,721152,881408,144.0,707690496,0.005105500000354368,0.002828699999554374,328.359375
ariad,5008,32,0,142,0.0002922946005128324,0.9351412739616614,0.958035892571885,160256,721152,881408,144.0,707690496,0.00541960000009567,0.0029480000002877205,328.359375
ariad,5008,32,0,143,0.00028697261586785316,0.93560303514377,0.9586848542332268,160256,721152,881408,144.0,707690496,0.004417000000103144,0.002885699999751523,329.23046875
ariad,5008,32,0,144,0.00028189897420816123,0.9359087959265175,0.9593338158945687,160256,721152,881408,144.0,707690496,0.004444899999725749,0.0028770999997504987,328.359375
ariad,5008,32,0,145,0.00027718540513888,0.9364267172523961,0.9599952575878594,160256,721152,881408,144.0,707690496,0.006977600000027451,0.002975499999593012,328.359375
ariad,5008,32,0,146,0.0002727616811171174,0.9367574380990416,0.9604382987220448,160256,721152,881408,144.0,707690496,0.004532700000709156,0.0029930000000604196,329.23046875
ariad,5008,32,0,147,0.0002687368541955948,0.9372441593450479,0.9610685403354633,160256,721152,881408,144.0,707690496,0.004395799999656447,0.00289969999994355,328.359375
ariad,5008,32,0,148,0.0002650671813171357,0.9374251198083067,0.9614803813897763,160256,721152,881408,144.0,707690496,0.00445789999957924,0.0029364000001805834,328.359375
ariad,5008,32,0,149,0.00026171733043156564,0.9377870407348243,0.9617424620607029,160256,721152,881408,144.0,707690496,0.004339799999797833,0.0028851000006397953,329.23046875
ariad,5008,32,0,150,0.00025872423429973423,0.9380179213258786,0.9621106230031949,160256,721152,881408,144.0,707690496,0.004448499999853084,0.0029199000000517117,328.359375
ariad,5008,32,0,151,0.00025602971436455846,0.9384547224440895,0.9627034245207667,160256,721152,881408,144.0,707690496,0.004396899999846937,0.0028511999998954707,328.359375
ariad,5008,32,0,152,0.00025362338055856526,0.9387480031948882,0.9630715854632588,160256,721152,881408,144.0,707690496,0.004458100000192644,0.0029310999998415355,329.23046875
ariad,5008,32,0,153,0.00025148550048470497,0.9390475239616614,0.963314946086262,160256,721152,881408,144.0,707690496,0.004297700000279292,0.002829600000040955,328.359375
ariad,5008,32,0,154,0.00024954535183496773,0.9394468849840255,0.963726787140575,160256,721152,881408,144.0,707690496,0.004560999999739579,0.0030348999998750514,328.359375
ariad,5008,32,0,155,0.00024781262618489563,0.9396403254792333,0.9640387879392971,160256,721152,881408,144.0,707690496,0.00446269999974902,0.002925699999650533,329.23046875
ariad,5008,32,0,156,0.00024625734658911824,0.9398150459265175,0.9643445487220448,160256,721152,881408,144.0,707690496,0.004489799999646493,0.0029971000003570225,328.359375
ariad,5008,32,0,157,0.0002448612358421087,0.9400771265974441,0.9646627895367412,160256,721152,881408,144.0,707690496,0.005179800000405521,0.003379300000233343,328.359375
ariad,5008,32,0,158,0.0002436494833091274,0.9402206469648562,0.9650808706070287,160256,721152,881408,144.0,707690496,0.004389400000036403,0.002914799999416573,329.23046875
ariad,5008,32,0,159,0.00024250464048236609,0.9403204872204473,0.9652992711661342,160256,721152,881408,144.0,707690496,0.004394200000206183,0.002909100000579201,328.359375
ariad,5008,32,0,160,0.00024149585806299,0.9404452875399361,0.9657235922523961,160256,721152,881408,144.0,707690496,0.0044119000003775,0.0028690999997706967,328.359375
ariad,5008,32,0,161,0.00024057402333710343,0.9406699281150159,0.965904552715655,160256,721152,881408,144.0,707690496,0.004417200000716548,0.002879900000152702,329.23046875
ariad,5008,32,0,162,0.0002397689677309245,0.9407510483226837,0.9661791134185304,160256,721152,881408,144.0,707690496,0.0047297000000980916,0.003201999999873806,328.359375
ariad,5008,32,0,163,0.00023902182874735445,0.940825928514377,0.9663663138977636,160256,721152,881408,144.0,707690496,0.004649900000003981,0.003121800000371877,328.359375
ariad,5008,32,0,164,0.00023833831073716283,0.941038089057508,0.9666346345846646,160256,721152,881408,144.0,707690496,0.004410700000335055,0.0028854000001956592,329.23046875
ariad,5008,32,0,165,0.0002377218334004283,0.941194089456869,0.9669840754792333,160256,721152,881408,144.0,707690496,0.004572100000586943,0.0029260000001158915,328.359375
ariad,5008,32,0,166,0.0002371657610638067,0.9413937699680511,0.9671400758785943,160256,721152,881408,144.0,707690496,0.0044372000002113055,0.0028926999993927893,328.359375
ariad,5008,32,0,167,0.000236627776757814,0.9416246505591054,0.9672835962460063,160256,721152,881408,144.0,707690496,0.005883699999685632,0.0029594000006909482,329.23046875
ariad,5008,32,0,168,0.00023612662334926426,0.941774410942492,0.9675768769968051,160256,721152,881408,144.0,707690496,0.005612699999801407,0.002935100000286184,328.359375
ariad,5008,32,0,169,0.00023566871823277324,0.9418617711661342,0.9677391174121406,160256,721152,881408,144.0,707690496,0.004533400000582333,0.0029703000000154134,328.359375
ariad,5008,32,0,170,0.00023524407879449427,0.9419928115015974,0.9678763977635783,160256,721152,881408,144.0,707690496,0.005050200000368932,0.0029190000004746253,329.23046875
ariad,5008,32,0,171,0.0002348683337913826,0.942042731629393,0.9680635982428115,160256,721152,881408,144.0,707690496,0.004453000000467,0.002957100000458013,328.359375
ariad,5008,32,0,172,0.00023451076413039118,0.942198732028754,0.9682757587859425,160256,721152,881408,144.0,707690496,0.004481400000258873,0.002884200000153214,328.359375
ariad,5008,32,0,173,0.00023420392244588584,0.9422736122204473,0.9683443989616614,160256,721152,881408,144.0,707690496,0.004417799999828276,0.002894499999456457,329.23046875
ariad,5008,32,0,174,0.00023392573348246515,0.9423734524760383,0.9687125599041534,160256,721152,881408,144.0,707690496,0.004345100000136881,0.0028497000002971618,328.359375
ariad,5008,32,0,175,0.00023365620290860534,0.942454572683706,0.9687874400958466,160256,721152,881408,144.0,707690496,0.00434659999973519,0.0027750999997806503,328.359375
ariad,5008,32,0,176,0.00023341859923675656,0.942566892971246,0.969018320686901,160256,721152,881408,144.0,707690496,0.004365400000096997,0.0028413000000000466,329.23046875
ariad,5008,32,0,177,0.00023320606851484627,0.9426792132587859,0.9691493610223643,160256,721152,881408,144.0,707690496,0.0044735000001310254,0.0029693999995288323,328.359375
ariad,5008,32,0,178,0.0002330093557247892,0.9426979333067093,0.9692991214057508,160256,721152,881408,144.0,707690496,0.004412899999806541,0.0028863999996247003,328.359375
ariad,5008,32,0,179,0.00023283888003788888,0.942779053514377,0.9694114416932907,160256,721152,881408,144.0,707690496,0.006036800000401854,0.003028299999641604,329.23046875
ariad,5008,32,0,180,0.00023266280186362565,0.9428976138178914,0.9695487220447284,160256,721152,881408,144.0,707690496,0.0049607999999352614,0.0028821000005336828,328.359375
ariad,5008,32,0,181,0.00023253120889421552,0.9429412939297125,0.9696048821884984,160256,721152,881408,144.0,707690496,0.00454020000051969,0.0029612999996970757,328.359375
ariad,5008,32,0,182,0.0002323881781194359,0.9430473742012779,0.9696860023961661,160256,721152,881408,144.0,707690496,0.004477800000131538,0.002972599999338854,329.23046875
ariad,5008,32,0,183,0.0002322885557077825,0.9431160143769968,0.969854482827476,160256,721152,881408,144.0,707690496,0.00564940000003844,0.0028984000000491505,328.359375
ariad,5008,32,0,184,0.0002321825159015134,0.9431784145367412,0.9699730431309904,160256,721152,881408,144.0,707690496,0.004471400000511494,0.002962200000183657,328.359375
ariad,5008,32,0,185,0.0002320906351087615,0.9432345746805112,0.9699980031948882,160256,721152,881408,144.0,707690496,0.0044434999999793945,0.0029310999998415355,329.23046875
ariad,5008,32,0,186,0.00023200572468340397,0.9432470547124601,0.9702164037539937,160256,721152,881408,144.0,707690496,0.0044732000005751615,0.002935800000159361,328.359375
ariad,5008,32,0,187,0.00023192938533611596,0.9433156948881789,0.9703536841054313,160256,721152,881408,144.0,707690496,0.004389499999888358,0.0028763999998773215,328.359375
ariad,5008,32,0,188,0.0002318757033208385,0.9433281749201278,0.9704036042332268,160256,721152,881408,144.0,707690496,0.004451599999811151,0.0029293999996298226,329.23046875
ariad,5008,32,0,189,0.0002318318875040859,0.9433219349041534,0.9704722444089456,160256,721152,881408,144.0,707690496,0.004432699999597389,0.0028991999997742823,328.359375
ariad,5008,32,0,190,0.0002317861362826079,0.9432907348242812,0.9705596046325878,160256,721152,881408,144.0,707690496,0.004480300000068382,0.0029327000002012937,328.359375
ariad,5008,32,0,191,0.00023174409579951316,0.9433344149361023,0.9706095247603834,160256,721152,881408,144.0,707690496,0.0044667000001936685,0.0029443000003084308,329.23046875
ariad,5008,32,0,192,0.00023169371706899256,0.9433656150159745,0.9706906449680511,160256,721152,881408,144.0,707690496,0.004356599999482569,0.002886499999476655,328.359375
ariad,5008,32,0,193,0.0002316736354259774,0.9433843350638977,0.9707717651757188,160256,721152,881408,144.0,707690496,0.004357599999821105,0.002809300000080839,328.359375
ariad,5008,32,0,194,0.0002316470636287704,0.9434030551118211,0.9708840854632588,160256,721152,881408,144.0,707690496,0.004367599999568483,0.0029078000006848015,329.23046875
ariad,5008,32,0,195,0.00023161250283010304,0.9434529752396166,0.9709402456070287,160256,721152,881408,144.0,707690496,0.004533600000286242,0.0029211000000941567,328.359375
ariad,5008,32,0,196,0.00023158895783126354,0.9435465754792333,0.9710837659744409,160256,721152,881408,144.0,707690496,0.004488499999752094,0.00292390000049636,328.359375
ariad,5008,32,0,197,0.00023155521193984896,0.9436027356230032,0.9712148063099042,160256,721152,881408,144.0,707690496,0.004867300000114483,0.0032275000003210152,329.23046875
ariad,5008,32,0,198,0.000231532147154212,0.9436152156549521,0.9713583266773163,160256,721152,881408,144.0,707690496,0.004715800000667514,0.003183599999829312,328.359375
ariad,5008,32,0,199,0.00023151800269261003,0.9436651357827476,0.9714207268370607,160256,721152,881408,144.0,707690496,0.004521200000453973,0.003034700000171142,328.359375
ariad,5008,32,0,200,0.0002314903395017609,0.9437150559105432,0.9715205670926518,160256,721152,881408,144.0,707690496,0.004452099999980419,0.0028836999999839463,329.23046875
ariad,5008,32,0,201,0.00023147712636273354,0.9437524960063898,0.9715892072683706,160256,721152,881408,144.0,707690496,0.00486910000017815,0.0030060999997658655,328.359375
ariad,5008,32,0,202,0.00023146640160121024,0.9437899361022364,0.9716952875399361,160256,721152,881408,144.0,707690496,0.004499700000451412,0.0029844999999113497,328.359375
ariad,5008,32,0,203,0.00023145844170358032,0.9438148961661342,0.9717888877795527,160256,721152,881408,144.0,707690496,0.004419799999595853,0.00289969999994355,329.23046875
ariad,5008,32,0,204,0.00023142315330915153,0.9438336162140575,0.971807607827476,160256,721152,881408,144.0,707690496,0.004525899999862304,0.0029717999996137223,328.359375
ariad,5008,32,0,205,0.000231414262088947,0.9438523362619808,0.9718949680511182,160256,721152,881408,144.0,707690496,0.004544599999462662,0.00300989999959711,328.359375
ariad,5008,32,0,206,0.0002314030862180516,0.9439209764376997,0.9720135283546326,160256,721152,881408,144.0,707690496,0.004504099999394384,0.0029818000002705958,329.23046875
ariad,5008,32,0,207,0.00023138467804528773,0.9439708965654952,0.9720884085463258,160256,721152,881408,144.0,707690496,0.00435269999979937,0.0028746999996656086,328.359375
ariad,5008,32,0,208,0.00023137227981351316,0.9440332967252396,0.9721570487220448,160256,721152,881408,144.0,707690496,0.004455599999346305,0.002894400000513997,328.359375
ariad,5008,32,0,209,0.00023136446543503553,0.9440894568690096,0.9722693690095847,160256,721152,881408,144.0,707690496,0.0043617000001177075,0.0029109999995853286,329.23046875
ariad,5008,32,0,210,0.0002313580916961655,0.9441705770766773,0.9723442492012779,160256,721152,881408,144.0,707690496,0.004403699999784294,0.0028698000005533686,328.359375
ariad,5008,32,0,211,0.00023134308867156506,0.9442204972044729,0.9724316094249201,160256,721152,881408,144.0,707690496,0.004635000000234868,0.003030800000487943,328.359375
ariad,5008,32,0,212,0.0002313316217623651,0.9442454572683706,0.9724503294728435,160256,721152,881408,144.0,707690496,0.004429100000379549,0.0029162999999243766,329.23046875
ariad,5008,32,0,213,0.00023131814668886364,0.9442766573482428,0.9725189696485623,160256,721152,881408,144.0,707690496,0.004534800000328687,0.002987300000313553,328.359375
ariad,5008,32,0,214,0.00023131462512537837,0.9442828973642172,0.9726063298722045,160256,721152,881408,144.0,707690496,0.004474800000025425,0.00292630000058125,328.359375
ariad,5008,32,0,215,0.00023129953478928655,0.9443016174121406,0.9726312899361023,160256,721152,881408,144.0,707690496,0.004456299999219482,0.002950099999907252,329.23046875
ariad,5008,32,0,216,0.0002313032018719241,0.9443140974440895,0.9726874500798722,160256,721152,881408,144.0,707690496,0.005665799999405863,0.002907799999775307,328.359375
ariad,5008,32,0,217,0.00023129010514821857,0.9443140974440895,0.9727685702875399,160256,721152,881408,144.0,707690496,0.004476099999919825,0.0029238999995868653,328.359375
ariad,5008,32,0,218,0.000231284779147245,0.944364017571885,0.9728434504792333,160256,721152,881408,144.0,707690496,0.005664700000124867,0.002907299999606039,329.23046875
ariad,5008,32,0,219,0.00023127792519517243,0.9444014576677316,0.9728247304313099,160256,721152,881408,144.0,707690496,0.004401600000164763,0.0029226000006019603,328.359375
ariad,5008,32,0,220,0.00023128159227780998,0.9444388977635783,0.9728871305910544,160256,721152,881408,144.0,707690496,0.004466600000341714,0.002936799999588402,328.359375
ariad,5008,32,0,221,0.00023127598979044706,0.9445075379392971,0.9729557707667732,160256,721152,881408,144.0,707690496,0.004373899999336572,0.0028425999998944462,329.23046875
ariad,5008,32,0,222,0.00023127876920625567,0.9445699380990416,0.9730618510383386,160256,721152,881408,144.0,707690496,0.00436710000030871,0.0028623999996852945,328.359375
ariad,5008,32,0,223,0.000231277706916444,0.9446448182907349,0.9731554512779552,160256,721152,881408,144.0,707690496,0.004550200000267068,0.0029696000001422362,328.359375
ariad,5008,32,0,224,0.0002312621072633192,0.9447009784345048,0.9731866513578274,160256,721152,881408,144.0,707690496,0.004393300000629097,0.002900700000282086,329.23046875
ariad,5008,32,0,225,0.00023126558517105877,0.9447134584664537,0.9732490515175719,160256,721152,881408,144.0,707690496,0.004436500000338128,0.0029482999998435844,328.359375
ariad,5008,32,0,226,0.00023126648738980293,0.9447508985623003,0.9733052116613419,160256,721152,881408,144.0,707690496,0.004448100000445265,0.0029092999993736157,328.359375
ariad,5008,32,0,227,0.00023126506130211055,0.9448008186900958,0.9733863318690096,160256,721152,881408,144.0,707690496,0.004642799999601266,0.0030371000002560322,329.23046875
ariad,5008,32,0,228,0.0002312579017598182,0.944832018769968,0.9734362519968051,160256,721152,881408,144.0,707690496,0.004422400000294147,0.0029109000006428687,328.359375
ariad,5008,32,0,229,0.00023124864674173295,0.9448569788338658,0.9735111321884984,160256,721152,881408,144.0,707690496,0.006915500000104657,0.002853099999811093,328.359375
ariad,5008,32,0,230,0.00023124419385567307,0.9449131389776357,0.973548572284345,160256,721152,881408,144.0,707690496,0.004449699999895529,0.002884300000005169,329.23046875
ariad,5008,32,0,231,0.00023124778817873448,0.9449505790734825,0.973604732428115,160256,721152,881408,144.0,707690496,0.004549199999928533,0.003020299999661802,328.359375
ariad,5008,32,0,232,0.00023124749714042991,0.9449755391373802,0.9736421725239617,160256,721152,881408,144.0,707690496,0.0043450000002849265,0.002848400000402762,328.359375
ariad,5008,32,0,233,0.00023124068684410304,0.9450129792332268,0.9736858526357828,160256,721152,881408,144.0,707690496,0.0044410999998945044,0.0028566000000864733,329.23046875
ariad,5008,32,0,234,0.00023123749997466803,0.9450379392971247,0.9737295327476039,160256,721152,881408,144.0,707690496,0.011675300000206335,0.0030870999999024207,328.359375
ariad,5008,32,0,235,0.00023124288418330252,0.9450816194089456,0.9737981729233227,160256,721152,881408,144.0,707690496,0.0049944000002142275,0.00317189999987022,328.359375
ariad,5008,32,0,236,0.00023124211293179542,0.9450878594249201,0.9737919329073482,160256,721152,881408,144.0,707690496,0.004695200000242039,0.0030508999998346553,329.23046875
ariad,5008,32,0,237,0.00023124681320041418,0.9451065794728435,0.9738980131789138,160256,721152,881408,144.0,707690496,0.004716800000096555,0.003049799999644165,328.359375
ariad,5008,32,0,238,0.0002312451251782477,0.9451315395367412,0.9739541733226837,160256,721152,881408,144.0,707690496,0.004396299999825715,0.0028502999994088896,328.359375
ariad,5008,32,0,239,0.00023124845756683499,0.9451377795527156,0.9739791333865815,160256,721152,881408,144.0,707690496,0.004406400000334543,0.0029433999998218496,329.23046875
ariad,5008,32,0,240,0.00023124173458199948,0.9451876996805112,0.9740602535942492,160256,721152,881408,144.0,707690496,0.0043813000002046465,0.002845799999704468,328.359375
ariad,5008,32,0,241,0.000231243233429268,0.9452126597444089,0.9741226537539937,160256,721152,881408,144.0,707690496,0.004418600000462902,0.0029073999994579935,328.359375
ariad,5008,32,0,242,0.00023123814025893807,0.9452188997603834,0.9741663338658147,160256,721152,881408,144.0,707690496,0.004465999999410997,0.0028834999993705424,329.23046875
ariad,5008,32,0,243,0.00023123440041672438,0.9452438598242812,0.9742100139776357,160256,721152,881408,144.0,707690496,0.0044851000002381625,0.0029461000003720983,328.359375
ariad,5008,32,0,244,0.00023123578284867108,0.9452937799520766,0.9742599341054313,160256,721152,881408,144.0,707690496,0.004440500000782777,0.0029536000001826324,328.359375
ariad,5008,32,0,245,0.00023123930441215634,0.9453062599840255,0.9742848941693291,160256,721152,881408,144.0,707690496,0.004477700000279583,0.002990999999383348,329.23046875
ariad,5008,32,0,246,0.00023123840219341218,0.9453125,0.9743348142971247,160256,721152,881408,144.0,707690496,0.004378300000098534,0.0028831999998146784,328.359375
ariad,5008,32,0,247,0.00023123616119846702,0.9453561801118211,0.9743784944089456,160256,721152,881408,144.0,707690496,0.004787199999555014,0.003169300000081421,328.359375
ariad,5008,32,0,248,0.00023123080609366298,0.9453998602236422,0.9744471345846646,160256,721152,881408,144.0,707690496,0.005616500000542146,0.002881899999920279,329.23046875
ariad,5008,32,0,249,0.00023122597485780716,0.9454373003194888,0.9745282547923323,160256,721152,881408,144.0,707690496,0.004393299999719602,0.0028930999997101026,328.359375
ariad,5008,32,0,250,0.00023122155107557774,0.9454622603833865,0.9745719349041534,160256,721152,881408,144.0,707690496,0.004414500000166299,0.0029127000007065362,328.359375
ariad,5008,32,0,251,0.00023121762205846608,0.945524660543131,0.9746530551118211,160256,721152,881408,144.0,707690496,0.004442399999788904,0.002919099999417085,329.23046875
ariad,5008,32,0,252,0.00023120807600207627,0.945580820686901,0.9747216952875399,160256,721152,881408,144.0,707690496,0.005278300000099989,0.002932600000349339,328.359375
ariad,5008,32,0,253,0.00023120387049857527,0.9456120207667732,0.9747840954472844,160256,721152,881408,144.0,707690496,0.004479999999603024,0.0029409999997369596,328.359375
ariad,5008,32,0,254,0.00023120499099604785,0.945680660942492,0.9748402555910544,160256,721152,881408,144.0,707690496,0.004378200000246579,0.0028889999994134996,329.23046875
ariad,5008,32,0,255,0.00023120218247640878,0.945680660942492,0.9748652156549521,160256,721152,881408,144.0,707690496,0.00460910000037984,0.003063099999963015,328.359375
ariad,5008,32,0,256,0.00023119579418562353,0.9457181010383386,0.974877695686901,160256,721152,881408,144.0,707690496,0.004439199999978882,0.0028894000006403076,328.359375
ariad,5008,32,0,257,0.00023118029639590532,0.9457243410543131,0.9749525758785943,160256,721152,881408,144.0,707690496,0.004500099999859231,0.0029850999999325722,329.23046875
ariad,5008,32,0,258,0.00023117830278351903,0.9457555411341853,0.9750087360223643,160256,721152,881408,144.0,707690496,0.004283599999325816,0.0028044999999110587,328.359375
ariad,5008,32,0,259,0.00023117984528653324,0.9457617811501597,0.9750212160543131,160256,721152,881408,144.0,707690496,0.004460699999981443,0.0029173999992053723,328.359375
ariad,5008,32,0,260,0.0002311787975486368,0.9457742611821086,0.9750586561501597,160256,721152,881408,144.0,707690496,0.00443360000008397,0.0028742000004058355,329.23046875
ariad,5008,32,0,261,0.0002311721764272079,0.9458054612619808,0.9751085762779552,160256,721152,881408,144.0,707690496,0.004473899999538844,0.0029386000005615642,328.359375
ariad,5008,32,0,262,0.00023117047385312617,0.9458553813897763,0.9751834564696485,160256,721152,881408,144.0,707690496,0.004808699999557575,0.0032570000003033783,328.359375
ariad,5008,32,0,263,0.00023115779913496226,0.9459053015175719,0.9752832967252396,160256,721152,881408,144.0,707690496,0.004466500000489759,0.002977699999973993,329.23046875
ariad,5008,32,0,264,0.00023115388466976583,0.9459177815495208,0.9753456968849841,160256,721152,881408,144.0,707690496,0.004356800000095973,0.00289729999985866,328.359375
ariad,5008,32,0,265,0.00023115251678973436,0.9459365015974441,0.9753456968849841,160256,721152,881408,144.0,707690496,0.004531999999926484,0.0030053999998926884,328.359375
ariad,5008,32,0,266,0.0002311471471330151,0.945948981629393,0.9753768969648562,160256,721152,881408,144.0,707690496,0.0045056999997541425,0.002956100000119477,329.23046875
ariad,5008,32,0,267,0.00023114573559723794,0.9459926617412141,0.9754330571086262,160256,721152,881408,144.0,707690496,0.004423100000167324,0.0029250000006868504,328.359375
ariad,5008,32,0,268,0.00023114385840017349,0.9460238618210862,0.9754517771565495,160256,721152,881408,144.0,707690496,0.004401799999868672,0.0028646000000662752,328.359375
ariad,5008,32,0,269,0.0002311485877726227,0.9460301018370607,0.9754829772364217,160256,721152,881408,144.0,707690496,0.004389899999296176,0.002938900000117428,329.23046875
ariad,5008,32,0,270,0.00023114835494197905,0.9460613019169329,0.9755266573482428,160256,721152,881408,144.0,707690496,0.004305100000237871,0.0028248999997231294,328.359375
ariad,5008,32,0,271,0.0002311443822691217,0.9461174620607029,0.9756015375399361,160256,721152,881408,144.0,707690496,0.004344099999798345,0.0028798000003007473,328.359375
ariad,5008,32,0,272,0.00023114577925298363,0.9461673821884984,0.975657697683706,160256,721152,881408,144.0,707690496,0.004380800000035379,0.0029228999992483296,329.23046875
ariad,5008,32,0,273,0.00023114778741728514,0.9462110623003195,0.9757200978434505,160256,721152,881408,144.0,707690496,0.004476200000681274,0.0029285999999046908,328.359375
ariad,5008,32,0,274,0.00023114349460229278,0.9462734624600639,0.9757824980031949,160256,721152,881408,144.0,707690496,0.004899700000351004,0.002840199999809556,328.359375
ariad,5008,32,0,275,0.00023113701900001615,0.9463296226038339,0.9758199380990416,160256,721152,881408,144.0,707690496,0.004449600000043574,0.002915500000199245,329.23046875
ariad,5008,32,0,276,0.0002311404241481796,0.9463483426517572,0.9758573781948882,160256,721152,881408,144.0,707690496,0.004437699999471079,0.002898499999901105,328.359375
ariad,5008,32,0,277,0.000231135098147206,0.946373302715655,0.9759010583067093,160256,721152,881408,144.0,707690496,0.004392099999677157,0.0029303000001164037,328.359375
ariad,5008,32,0,278,0.0002311332937097177,0.9463982627795527,0.9759509784345048,160256,721152,881408,144.0,707690496,0.004372799999146082,0.0028495999995357124,329.23046875
ariad,5008,32,0,279,0.00023113076167646796,0.9464606629392971,0.9760133785942492,160256,721152,881408,144.0,707690496,0.004513900000347348,0.002959700000246812,328.359375
ariad,5008,32,0,280,0.00023112773487810045,0.9464856230031949,0.976082018769968,160256,721152,881408,144.0,707690496,0.004560899999887624,0.003007399999660265,328.359375
ariad,5008,32,0,281,0.00023112095368560404,0.9465230630990416,0.9761132188498403,160256,721152,881408,144.0,707690496,0.004484399999455491,0.0029076000000713975,329.23046875
ariad,5008,32,0,282,0.00023112086637411267,0.9465417831469649,0.9761194588658147,160256,721152,881408,144.0,707690496,0.004542800000308489,0.002981099999487924,328.359375
ariad,5008,32,0,283,0.00023111158225219697,0.9465792232428115,0.9761693789936102,160256,721152,881408,144.0,707690496,0.004606399999829591,0.003003599999829021,328.359375
ariad,5008,32,0,284,0.00023110724578145891,0.9466229033546326,0.9762442591853036,160256,721152,881408,144.0,707690496,0.0044926000000486965,0.0029057000001557753,329.23046875
ariad,5008,32,0,285,0.00023110886104404926,0.9466353833865815,0.9763253793929713,160256,721152,881408,144.0,707690496,0.00445679999938875,0.0029715000000578584,328.359375
ariad,5008,32,0,286,0.00023110976326279342,0.9466665834664537,0.9763752995207667,160256,721152,881408,144.0,707690496,0.004455999999663618,0.002932200000032026,328.359375
ariad,5008,32,0,287,0.00023110743495635688,0.9466728234824281,0.9764127396166135,160256,721152,881408,144.0,707690496,0.004402200000185985,0.0029039999999440624,329.23046875
ariad,5008,32,0,288,0.0002310991840204224,0.9467102635782748,0.9764626597444089,160256,721152,881408,144.0,707690496,0.0044033000003764755,0.0029229000001578243,328.359375
ariad,5008,32,0,289,0.00023109900939743966,0.9467414636581469,0.9765188198881789,160256,721152,881408,144.0,707690496,0.004389499999888358,0.0028715999997075414,328.359375
ariad,5008,32,0,290,0.00023109301400836557,0.9467414636581469,0.9765749800319489,160256,721152,881408,144.0,707690496,0.004469800000151736,0.0029226999995444203,329.23046875
ariad,5008,32,0,291,0.00023109310131985694,0.9467539436900958,0.9765749800319489,160256,721152,881408,144.0,707690496,0.00451599999996688,0.0030235000003813184,328.359375
ariad,5008,32,0,292,0.00023109807807486504,0.9467726637380192,0.9766249001597445,160256,721152,881408,144.0,707690496,0.004416099999616563,0.0028690999997706967,328.359375
ariad,5008,32,0,293,0.00023109493486117572,0.9468288238817891,0.9766623402555911,160256,721152,881408,144.0,707690496,0.004394800000227406,0.0029078999996272614,329.23046875
ariad,5008,32,0,294,0.0002310934942215681,0.9468662639776357,0.976718500399361,160256,721152,881408,144.0,707690496,0.004365700000562356,0.0028449000001273816,328.359375
ariad,5008,32,0,295,0.0002310934942215681,0.9468725039936102,0.9767372204472844,160256,721152,881408,144.0,707690496,0.005916400000387512,0.0029492999992726254,328.359375
ariad,5008,32,0,296,0.00023108239111024886,0.9469161841054313,0.9768183406549521,160256,721152,881408,144.0,707690496,0.0054618999993181205,0.00309689999994589,329.23046875
ariad,5008,32,0,297,0.0002310814888915047,0.9469661042332268,0.9768932208466453,160256,721152,881408,144.0,707690496,0.004364899999927729,0.0028510000001915614,328.359375
ariad,5008,32,0,298,0.00023108134337235242,0.9469848242811502,0.976930660942492,160256,721152,881408,144.0,707690496,0.004451100000551378,0.0028419999998732237,328.359375
ariad,5008,32,0,299,0.00023107721062842757,0.9469785842651757,0.9769681010383386,160256,721152,881408,144.0,707690496,0.005810100000417151,0.0029279000000315136,329.23046875
ariad,5008,32,0,300,0.0002310776326339692,0.9469910642971247,0.9769556210063898,160256,721152,881408,144.0,707690496,0.005027399999562476,0.0029240000003483146,328.359375
ariad,5008,32,0,301,0.0002310752752237022,0.946997304313099,0.9769681010383386,160256,721152,881408,144.0,707690496,0.004480900000089605,0.0028978999998798827,328.359375
ariad,5008,32,0,302,0.00023107201559469104,0.9470160243610224,0.976986821086262,160256,721152,881408,144.0,707690496,0.004437699999471079,0.002958300000500458,329.23046875
ariad,5008,32,0,303,0.00023106930893845856,0.9470347444089456,0.9770305011980831,160256,721152,881408,144.0,707690496,0.004549600000245846,0.0030199000002539833,328.359375
ariad,5008,32,0,304,0.0002310630225110799,0.947053464456869,0.9770804213258786,160256,721152,881408,144.0,707690496,0.004511600000114413,0.0029640000002473244,328.359375
ariad,5008,32,0,305,0.0002310528070665896,0.9470784245207667,0.9771303414536742,160256,721152,881408,144.0,707690496,0.004448100000445265,0.0029540000004999456,329.23046875
ariad,5008,32,0,306,0.00023105497530195862,0.9470846645367412,0.9771553015175719,160256,721152,881408,144.0,707690496,0.0044512000004033325,0.002969199999824923,328.359375
ariad,5008,32,0,307,0.00023105571744963527,0.9471033845846646,0.9771677815495208,160256,721152,881408,144.0,707690496,0.004456199999367527,0.002950099999907252,328.359375
ariad,5008,32,0,308,0.0002310525014763698,0.9471283446485623,0.977198981629393,160256,721152,881408,144.0,707690496,0.004418600000462902,0.0029412000003503636,329.23046875
ariad,5008,32,0,309,0.00023105186119209975,0.9471408246805112,0.9772364217252396,160256,721152,881408,144.0,707690496,0.004495000000133587,0.002951800000118965,328.359375
ariad,5008,32,0,310,0.00023105010041035712,0.9471470646964856,0.9772676218051118,160256,721152,881408,144.0,707690496,0.005855500000507163,0.002980300000672287,328.359375
ariad,5008,32,0,311,0.00023104764113668352,0.9471845047923323,0.9773113019169329,160256,721152,881408,144.0,707690496,0.004560899999887624,0.0030169000001478707,329.23046875
ariad,5008,32,0,312,0.00023103231796994805,0.94720946485623,0.977354982028754,160256,721152,881408,144.0,707690496,0.004339600000093924,0.002855499999895983,328.359375
ariad,5008,32,0,313,0.00023102774866856635,0.9472281849041534,0.9773924221246006,160256,721152,881408,144.0,707690496,0.004503899999690475,0.002963399999316607,328.359375
ariad,5008,32,0,314,0.00023102288832888007,0.9472469049520766,0.9774173821884984,160256,721152,881408,144.0,707690496,0.0044224999992366065,0.0029301000004124944,329.23046875
ariad,5008,32,0,315,0.00023101964325178415,0.9472905850638977,0.9774860223642172,160256,721152,881408,144.0,707690496,0.004522999999608146,0.002984400000059395,328.359375
ariad,5008,32,0,316,0.00023100717226043344,0.9473342651757188,0.9775484225239617,160256,721152,881408,144.0,707690496,0.004450800000086019,0.0029126999997970415,328.359375
ariad,5008,32,0,317,0.00023101072292774916,0.9473717052715654,0.977623302715655,160256,721152,881408,144.0,707690496,0.005829699999594595,0.0028788999998141662,329.23046875
ariad,5008,32,0,318,0.00023100712860468775,0.9473841853035144,0.977623302715655,160256,721152,881408,144.0,707690496,0.004467199999453442,0.0029196999994383077,328.359375
ariad,5008,32,0,319,0.0002310009440407157,0.9473966653354633,0.9776857028753994,160256,721152,881408,144.0,707690496,0.00436109999918699,0.0028555999997479375,328.359375
ariad,5008,32,0,320,0.00023100106045603752,0.9474341054313099,0.9777356230031949,160256,721152,881408,144.0,707690496,0.0043271000004097004,0.002845500000148604,329.23046875
ariad,5008,32,0,321,0.00023099215468391776,0.9474653055111821,0.9777668230830671,160256,721152,881408,144.0,707690496,0.00441549999959534,0.0029133999996702187,328.359375
ariad,5008,32,0,322,0.00023099695681594312,0.9474840255591054,0.9778042631789138,160256,721152,881408,144.0,707690496,0.0043992000000798726,0.0028720999998768093,328.359375
ariad,5008,32,0,323,0.00023100367980077863,0.9474902655750799,0.977822983226837,160256,721152,881408,144.0,707690496,0.004312500000196451,0.002822100000230421,329.23046875
ariad,5008,32,0,324,0.00023100379621610045,0.9475027456070287,0.9778292232428115,160256,721152,881408,144.0,707690496,0.004399599999487691,0.002888199999688368,328.359375
ariad,5008,32,0,325,0.00023100619728211313,0.9475214656549521,0.9778541833067093,160256,721152,881408,144.0,707690496,0.005090000000564032,0.0029496000006474787,328.359375
ariad,5008,32,0,326,0.00023100270482245833,0.947533945686901,0.9778666633386581,160256,721152,881408,144.0,707690496,0.004294899999877089,0.002803200000016659,329.23046875
ariad,5008,32,0,327,0.00023100322869140655,0.9475526657348243,0.9779041034345048,160256,721152,881408,144.0,707690496,0.005205400000704685,0.0029069000001982204,328.359375
ariad,5008,32,0,328,0.0002310027921339497,0.9475776257987221,0.9779415435303515,160256,721152,881408,144.0,707690496,0.004482399999687914,0.0029475999999704072,328.359375
ariad,5008,32,0,329,0.00023099189274944365,0.9475901058306709,0.9779789836261981,160256,721152,881408,144.0,707690496,0.005798500000310014,0.002852599999641825,329.23046875
ariad,5008,32,0,330,0.00023099107784219086,0.9476025858626198,0.9780101837060703,160256,721152,881408,144.0,707690496,0.004404999999678694,0.002901200000451354,328.359375
ariad,5008,32,0,331,0.00023099046666175127,0.947633785942492,0.9780663438498403,160256,721152,881408,144.0,707690496,0.004520200000115437,0.002969699999994191,328.359375
ariad,5008,32,0,332,0.00023098732344806194,0.9476774660543131,0.9781287440095847,160256,721152,881408,144.0,707690496,0.004438399999344256,0.0028854000001956592,329.23046875
ariad,5008,32,0,333,0.0002309829433215782,0.9477024261182109,0.9781786641373802,160256,721152,881408,144.0,707690496,0.0057045000003199675,0.002860300000065763,328.359375
ariad,5008,32,0,334,0.00023098342353478074,0.9477024261182109,0.9782036242012779,160256,721152,881408,144.0,707690496,0.004393299999719602,0.0028486000001066714,328.359375
ariad,5008,32,0,335,0.0002309795090695843,0.9477211461661342,0.9782161042332268,160256,721152,881408,144.0,707690496,0.0044747000001734705,0.0029231000007712282,329.23046875
ariad,5008,32,0,336,0.0002309673000127077,0.947746106230032,0.978247304313099,160256,721152,881408,144.0,707690496,0.004464000000552915,0.0029463000000760076,328.359375
ariad,5008,32,0,337,0.00023096706718206406,0.9477960263578274,0.9782972244408946,160256,721152,881408,144.0,707690496,0.004397299999254756,0.002844099999492755,328.359375
ariad,5008,32,0,338,0.00023096680524758995,0.9478022663738019,0.9783159444888179,160256,721152,881408,144.0,707690496,0.004443000000719621,0.0028921000002810615,329.23046875
ariad,5008,32,0,339,0.0002309696574229747,0.9478334664536742,0.9783658646166135,160256,721152,881408,144.0,707690496,0.005952299999989918,0.002980299999762792,328.359375
ariad,5008,32,0,340,0.00023096668883226812,0.9478958666134185,0.9784282647763578,160256,721152,881408,144.0,707690496,0.004468899999665155,0.002888199999688368,328.359375
ariad,5008,32,0,341,0.00023096661607269198,0.9479395467252396,0.9784719448881789,160256,721152,881408,144.0,707690496,0.004417699999976321,0.0028548999998747604,329.23046875
ariad,5008,32,0,342,0.00023096879885997623,0.9479395467252396,0.9785093849840255,160256,721152,881408,144.0,707690496,0.004444299999704526,0.002917699999670731,328.359375
ariad,5008,32,0,343,0.0002309677511220798,0.9479645067891374,0.9785281050319489,160256,721152,881408,144.0,707690496,0.004470199999559554,0.00290820000009262,328.359375
ariad,5008,32,0,344,0.0002309638075530529,0.9479894668530351,0.9785655451277955,160256,721152,881408,144.0,707690496,0.004405299999234558,0.0028720999998768093,329.23046875
ariad,5008,32,0,345,0.00023096325458027422,0.9480144269169329,0.9786154652555911,160256,721152,881408,144.0,707690496,0.004389299999274954,0.0029068000003462657,328.359375
ariad,5008,32,0,346,0.00023096696531865746,0.9480643470447284,0.9786841054313099,160256,721152,881408,144.0,707690496,0.0057277999994767015,0.002837500000168802,328.359375
ariad,5008,32,0,347,0.00023096342920325696,0.9480768270766773,0.978727785543131,160256,721152,881408,144.0,707690496,0.004638899999918067,0.002926800000750518,329.23046875
ariad,5008,32,0,348,0.00023096318182069808,0.948114267172524,0.9787964257188498,160256,721152,881408,144.0,707690496,0.004545400000097288,0.0030491999996229424,328.359375
ariad,5008,32,0,349,0.00023096194490790367,0.9481454672523961,0.9788338658146964,160256,721152,881408,144.0,707690496,0.006345300000248244,0.004803599999831931,328.359375
ariad,5008,32,0,350,0.00023094890639185905,0.948157947284345,0.9788775459265175,160256,721152,881408,144.0,707690496,0.004808600000615115,0.0029632000005221926,329.23046875
ariad,5008,32,0,351,0.00023094018979463726,0.9481829073482428,0.9789212260383386,160256,721152,881408,144.0,707690496,0.0044674999999188,0.002929200000835408,328.359375
ariad,5008,32,0,352,0.00023093709023669362,0.9481829073482428,0.9789649061501597,160256,721152,881408,144.0,707690496,0.004408700000567478,0.002845399999387155,328.359375
ariad,5008,32,0,353,0.00023093988420441747,0.9482016273961661,0.9790148262779552,160256,721152,881408,144.0,707690496,0.004429100000379549,0.002916899999945599,329.23046875
ariad,5008,32,0,354,0.00023094071366358548,0.9482265874600639,0.9790397863418531,160256,721152,881408,144.0,707690496,0.004313899999942805,0.002861099999790895,328.359375
ariad,5008,32,0,355,0.00023093853087630123,0.9482640275559105,0.9790897064696485,160256,721152,881408,144.0,707690496,0.004339800000707328,0.0028071999995518127,328.359375
ariad,5008,32,0,356,0.00023093802155926824,0.9482640275559105,0.9791271465654952,160256,721152,881408,144.0,707690496,0.0043786000005638925,0.0028942999997525476,329.23046875
ariad,5008,32,0,357,0.00023093604249879718,0.9482827476038339,0.9791396265974441,160256,721152,881408,144.0,707690496,0.004453399999874819,0.002912099999775819,328.359375
ariad,5008,32,0,358,0.000230938007007353,0.948313947683706,0.9791895467252396,160256,721152,881408,144.0,707690496,0.004408800000419433,0.0028843999998571235,328.359375
ariad,5008,32,0,359,0.00023093880736269057,0.9483389077476039,0.9792207468051118,160256,721152,881408,144.0,707690496,0.004493999999795051,0.002976200000375684,329.23046875
ariad,5008,32,0,360,0.00023093952040653676,0.9483451477635783,0.9792394668530351,160256,721152,881408,144.0,707690496,0.004357299999355746,0.0028630999995584716,328.359375
ariad,5008,32,0,361,0.00023093442723620683,0.948370107827476,0.9792769069488818,160256,721152,881408,144.0,707690496,0.0043789000001197564,0.0028456999998525134,328.359375
ariad,5008,32,0,362,0.0002309401024831459,0.9483888278753994,0.9793143470447284,160256,721152,881408,144.0,707690496,0.004353199999968638,0.002892700000302284,329.23046875
ariad,5008,32,0,363,0.00023093716299626976,0.9484075479233227,0.979351787140575,160256,721152,881408,144.0,707690496,0.004421399999955611,0.002925100000538805,328.359375
ariad,5008,32,0,364,0.0002309413393959403,0.9484137879392971,0.9793954672523961,160256,721152,881408,144.0,707690496,0.004507200000261946,0.002994800000124087,328.359375
ariad,5008,32,0,365,0.00023094273637980223,0.9484075479233227,0.9794017072683706,160256,721152,881408,144.0,707690496,0.005897699999877659,0.003317599999718368,329.23046875
ariad,5008,32,0,366,0.00023093474737834185,0.948426267971246,0.9793954672523961,160256,721152,881408,144.0,707690496,0.005149099999471218,0.003037200000107987,328.359375
ariad,5008,32,0,367,0.00023093550407793373,0.9484512280351438,0.9794329073482428,160256,721152,881408,144.0,707690496,0.0045351999997365056,0.00291670000024169,328.359375
ariad,5008,32,0,368,0.00023094199423212558,0.9484512280351438,0.9794329073482428,160256,721152,881408,144.0,707690496,0.004512800000156858,0.0029856999999537948,329.23046875
ariad,5008,32,0,369,0.00023094388598110527,0.9484512280351438,0.979464107428115,160256,721152,881408,144.0,707690496,0.005796200000077079,0.002899799999795505,328.359375
ariad,5008,32,0,370,0.00023094224161468446,0.9484637080670927,0.9794828274760383,160256,721152,881408,144.0,707690496,0.004573500000333297,0.002963899999485875,328.359375
ariad,5008,32,0,371,0.00023093553318176419,0.9484949081469649,0.9795140275559105,160256,721152,881408,144.0,707690496,0.004385799999909068,0.002888099999836413,329.23046875
ariad,5008,32,0,372,0.0002309387200511992,0.948526108226837,0.9795701876996805,160256,721152,881408,144.0,707690496,0.004443900000296708,0.0029353999998420477,328.359375
ariad,5008,32,0,373,0.0002309405681444332,0.9485573083067093,0.979620107827476,160256,721152,881408,144.0,707690496,0.004402499999741849,0.002857199999198201,328.359375
ariad,5008,32,0,374,0.00023093381605576724,0.9485697883386581,0.9796825079872205,160256,721152,881408,144.0,707690496,0.004384400000162714,0.002852300000085961,329.23046875
ariad,5008,32,0,375,0.0002309222472831607,0.9485947484025559,0.9797511481629393,160256,721152,881408,144.0,707690496,0.004400599999826227,0.002872199999728764,328.359375
ariad,5008,32,0,376,0.00023091791081242263,0.9486134684504792,0.9797823482428115,160256,721152,881408,144.0,707690496,0.0043994999996357365,0.0028422999994290876,328.359375
ariad,5008,32,0,377,0.0002309168194187805,0.9486197084664537,0.9798010682907349,160256,721152,881408,144.0,707690496,0.004431100000147126,0.0028670000001511653,329.23046875
ariad,5008,32,0,378,0.00023092105402611196,0.948638428514377,0.9798135483226837,160256,721152,881408,144.0,707690496,0.004375800000161689,0.002876300000025367,328.359375
ariad,5008,32,0,379,0.0002309169649379328,0.9486571485623003,0.9798447484025559,160256,721152,881408,144.0,707690496,0.004546600000139733,0.0029692999996768776,328.359375
ariad,5008,32,0,380,0.00023091610637493432,0.9486821086261981,0.9798634684504792,160256,721152,881408,144.0,707690496,0.004832499999793072,0.003051400000003923,329.23046875
ariad,5008,32,0,381,0.0002309075789526105,0.9487070686900958,0.979888428514377,160256,721152,881408,144.0,707690496,0.0058005999999295454,0.003781899999921734,328.359375
ariad,5008,32,0,382,0.00023090907779987901,0.9487320287539937,0.9799321086261981,160256,721152,881408,144.0,707690496,0.004488899999159912,0.002939199999673292,328.359375
ariad,5008,32,0,383,0.00023090372269507498,0.9487632288338658,0.9799633087060703,160256,721152,881408,144.0,707690496,0.004485499999645981,0.0029535000003306777,329.23046875
ariad,5008,32,0,384,0.00023090167087502778,0.9487757088658147,0.9799820287539937,160256,721152,881408,144.0,707690496,0.005497600000126113,0.003935099999580416,328.359375
ariad,5008,32,0,385,0.0002308967086719349,0.948794428913738,0.9800132288338658,160256,721152,881408,144.0,707690496,0.004387400000268826,0.0028562999996211147,328.359375
ariad,5008,32,0,386,0.0002308986586285755,0.948794428913738,0.9800194688498403,160256,721152,881408,144.0,707690496,0.004461300000002666,0.002929700000095181,329.23046875
ariad,5008,32,0,387,0.00023090155445970595,0.9488193889776357,0.980044428913738,160256,721152,881408,144.0,707690496,0.004384699999718578,0.0028394000000844244,328.359375
ariad,5008,32,0,388,0.00023090043396223336,0.9488318690095847,0.9800756289936102,160256,721152,881408,144.0,707690496,0.0057771000001594075,0.002832699999999022,328.359375
ariad,5008,32,0,389,0.00023089755268301815,0.948850589057508,0.980100589057508,160256,721152,881408,144.0,707690496,0.004402499999741849,0.0028821000005336828,329.23046875
ariad,5008,32,0,390,0.0002308952243765816,0.948850589057508,0.9801130690894568,160256,721152,881408,144.0,707690496,0.005817899999783549,0.002908899999965797,328.359375
ariad,5008,32,0,391,0.00023089192109182477,0.9488630690894568,0.9801255491214057,160256,721152,881408,144.0,707690496,0.0044253000005483045,0.0028554000000440283,328.359375
ariad,5008,32,0,392,0.00023089128080755472,0.9488755491214057,0.9801505091853036,160256,721152,881408,144.0,707690496,0.00572809999994206,0.0028865999993286096,329.23046875
ariad,5008,32,0,393,0.0002308910625288263,0.9488880291533547,0.9801629892172524,160256,721152,881408,144.0,707690496,0.004439999999704014,0.0029468999991877354,328.359375
ariad,5008,32,0,394,0.00023089222668204457,0.9488755491214057,0.9802129093450479,160256,721152,881408,144.0,707690496,0.004450500000530155,0.0028853000003437046,328.359375
ariad,5008,32,0,395,0.00023089225578587502,0.9488817891373802,0.9802316293929713,160256,721152,881408,144.0,707690496,0.004474299999856157,0.002963300000374147,329.23046875
ariad,5008,32,0,396,0.0002308850089320913,0.9489129892172524,0.9802441094249201,160256,721152,881408,144.0,707690496,0.00476399999934074,0.0029076000000713975,328.359375
ariad,5008,32,0,397,0.00023088458692654967,0.9489379492811502,0.9802753095047924,160256,721152,881408,144.0,707690496,0.004535600000053819,0.002943299999969895,328.359375
ariad,5008,32,0,398,0.00023088417947292328,0.9489441892971247,0.9803065095846646,160256,721152,881408,144.0,707690496,0.0056334000000788365,0.0028558000003613415,329.23046875
ariad,5008,32,0,399,0.00023088282614480704,0.9489629093450479,0.9803252296325878,160256,721152,881408,144.0,707690496,0.004937400000017078,0.002954399999907764,328.359375
ariad,5008,32,0,400,0.00023088324815034866,0.9489753893769968,0.9803314696485623,160256,721152,881408,144.0,707690496,0.004716100000223378,0.0031320999996751198,328.359375
ariad,5008,32,0,401,0.00023088148736860603,0.9489941094249201,0.9803626697284346,160256,721152,881408,144.0,707690496,0.004370999999991909,0.0028817000002163695,329.23046875
ariad,5008,32,0,402,0.0002308861876372248,0.9490003494408946,0.9803689097444089,160256,721152,881408,144.0,707690496,0.0043839999998454005,0.0028563999994730693,328.359375
ariad,5008,32,0,403,0.00023088653688319027,0.9489816293929713,0.9804001098242812,160256,721152,881408,144.0,707690496,0.004432700000506884,0.002918099999988044,328.359375
ariad,5008,32,0,404,0.00023088710440788418,0.9489941094249201,0.9804250698881789,160256,721152,881408,144.0,707690496,0.004418100000293634,0.00291919999926904,329.23046875
ariad,5008,32,0,405,0.00023088489251676947,0.9490377895367412,0.9804874700479234,160256,721152,881408,144.0,707690496,0.004418699999405362,0.0029066999995848164,328.359375
ariad,5008,32,0,406,0.00023088435409590602,0.9490377895367412,0.9805186701277955,160256,721152,881408,144.0,707690496,0.004404600000270875,0.0028865000003861496,328.359375
ariad,5008,32,0,407,0.0002308855182491243,0.9490689896166135,0.9805561102236422,160256,721152,881408,144.0,707690496,0.004402799999297713,0.002900400000726222,329.23046875
ariad,5008,32,0,408,0.00023088477610144764,0.9491001896964856,0.9805873103035144,160256,721152,881408,144.0,707690496,0.004734299999654468,0.002886499999476655,328.359375
ariad,5008,32,0,409,0.0002308850089320913,0.9491189097444089,0.9806060303514377,160256,721152,881408,144.0,707690496,0.004414899999574118,0.002899500000239641,328.359375
ariad,5008,32,0,410,0.00023088729358278215,0.9491501098242812,0.9806746705271565,160256,721152,881408,144.0,707690496,0.0044700999997076,0.0029163999997763312,329.23046875
ariad,5008,32,0,411,0.00023088189482223243,0.9491688298722045,0.9807183506389776,160256,721152,881408,144.0,707690496,0.004465899999559042,0.0029744000003120163,328.359375
ariad,5008,32,0,412,0.0002308830589754507,0.9491813099041534,0.980737070686901,160256,721152,881408,144.0,707690496,0.00590840000040771,0.0028860000002168817,328.359375
ariad,5008,32,0,413,0.00023088115267455578,0.9492062699680511,0.9807682707667732,160256,721152,881408,144.0,707690496,0.004385100000035891,0.002869799999643874,329.23046875
ariad,5008,32,0,414,0.0002308790135430172,0.9492374700479234,0.9807994708466453,160256,721152,881408,144.0,707690496,0.004445999999916239,0.0029613999995490303,328.359375
ariad,5008,32,0,415,0.00023088025045581162,0.9492437100638977,0.9808119508785943,160256,721152,881408,144.0,707690496,0.004436300000634219,0.0028876999995191,328.359375
ariad,5008,32,0,416,0.00023087937734089792,0.9492624301118211,0.9808493909744409,160256,721152,881408,144.0,707690496,0.0045434000003297115,0.0030176999998730025,329.23046875
ariad,5008,32,0,417,0.00023087982845027,0.9492686701277955,0.9808556309904153,160256,721152,881408,144.0,707690496,0.004304599999159109,0.002825799999300216,328.359375
ariad,5008,32,0,418,0.00023088158923201263,0.9492686701277955,0.9808743510383386,160256,721152,881408,144.0,707690496,0.0044434999999793945,0.0029094999999870197,328.359375
ariad,5008,32,0,419,0.00023088129819370806,0.9492936301916933,0.9808805910543131,160256,721152,881408,144.0,707690496,0.005824600000778446,0.002948100000139675,329.23046875
ariad,5008,32,0,420,0.00023088140005711466,0.9492873901757188,0.9809055511182109,160256,721152,881408,144.0,707690496,0.004425799999808078,0.0028720999998768093,328.359375
ariad,5008,32,0,421,0.00023087965382728726,0.9492936301916933,0.9809242711661342,160256,721152,881408,144.0,707690496,0.00437089999923046,0.002814800000123796,328.359375
ariad,5008,32,0,422,0.0002308817347511649,0.9493061102236422,0.9809429912140575,160256,721152,881408,144.0,707690496,0.004382699999951001,0.002890599999773258,329.23046875
ariad,5008,32,0,423,0.00023088087618816644,0.9493373103035144,0.9809741912939297,160256,721152,881408,144.0,707690496,0.0043370000003051246,0.002843899999788846,328.359375
ariad,5008,32,0,424,0.00023086440342012793,0.9493560303514377,0.9809991513578274,160256,721152,881408,144.0,707690496,0.005853299999216688,0.0029683999991902965,328.359375
ariad,5008,32,0,425,0.00023086414148565382,0.9493685103833865,0.9810116313897763,160256,721152,881408,144.0,707690496,0.005735699999604549,0.0029608000004373025,329.23046875
ariad,5008,32,0,426,0.00023086478176992387,0.9494059504792333,0.981049071485623,160256,721152,881408,144.0,707690496,0.0044473999996625935,0.0029361999995671795,328.359375
ariad,5008,32,0,427,0.00023086283181328326,0.9494371505591054,0.9810989916134185,160256,721152,881408,144.0,707690496,0.0046433000006800285,0.0030532000000675907,328.359375
ariad,5008,32,0,428,0.00023086088185664266,0.9494621106230032,0.9811239516773163,160256,721152,881408,144.0,707690496,0.004417699999976321,0.0028899999997520354,329.23046875
ariad,5008,32,0,429,0.00023086258443072438,0.9494621106230032,0.9811364317092651,160256,721152,881408,144.0,707690496,0.005478000000039174,0.0028522000002340064,328.359375
ariad,5008,32,0,430,0.00023086194414645433,0.9494745906549521,0.9811551517571885,160256,721152,881408,144.0,707690496,0.004696899999544257,0.0030941999993956415,328.359375
ariad,5008,32,0,431,0.00023086220608092844,0.9494808306709265,0.9811426717252396,160256,721152,881408,144.0,707690496,0.00438179999946442,0.002915900000516558,329.23046875
ariad,5008,32,0,432,0.000230856123380363,0.9494933107028753,0.9811801118210862,160256,721152,881408,144.0,707690496,0.004455799999959709,0.0029364000001805834,328.359375
ariad,5008,32,0,433,0.00023085670545697212,0.9495057907348243,0.9812237919329073,160256,721152,881408,144.0,707690496,0.005991699999867706,0.0029064000000289525,328.359375
ariad,5008,32,0,434,0.00023085816064849496,0.9495057907348243,0.9812362719648562,160256,721152,881408,144.0,707690496,0.005627600000480015,0.002824799999871175,329.23046875
ariad,5008,32,0,435,0.00023085717111825943,0.9495369908146964,0.9812487519968051,160256,721152,881408,144.0,707690496,0.004565500000353495,0.003000400000018999,328.359375
ariad,5008,32,0,436,0.00023086011060513556,0.9495494708466453,0.9812799520766773,160256,721152,881408,144.0,707690496,0.0043839999998454005,0.0028543999997054925,328.359375
ariad,5008,32,0,437,0.0002308633120264858,0.949586910942492,0.981317392172524,160256,721152,881408,144.0,707690496,0.004464499999812688,0.0029365999998844927,329.23046875
ariad,5008,32,0,438,0.00023085811699274927,0.9496118710063898,0.9813485922523961,160256,721152,881408,144.0,707690496,0.004429700000400771,0.0029267999998410232,328.359375
ariad,5008,32,0,439,0.00023085692373570055,0.9496118710063898,0.9813673123003195,160256,721152,881408,144.0,707690496,0.005863400000635011,0.0028701000001092325,328.359375
ariad,5008,32,0,440,0.0002308550028828904,0.9496305910543131,0.9813922723642172,160256,721152,881408,144.0,707690496,0.004380999999739288,0.002864900000531634,329.23046875
ariad,5008,32,0,441,0.0002308563853148371,0.9496493111022364,0.981417232428115,160256,721152,881408,144.0,707690496,0.0043721000001823995,0.0028592000007847673,328.359375
ariad,5008,32,0,442,0.0002308572584297508,0.9496617911341853,0.9814359524760383,160256,721152,881408,144.0,707690496,0.005905999999413325,0.0029992999998285086,328.359375
ariad,5008,32,0,443,0.00023085673456080258,0.9496617911341853,0.9814234724440895,160256,721152,881408,144.0,707690496,0.004543300000477757,0.0030366000000867643,329.23046875
ariad,5008,32,0,444,0.00023085702559910715,0.9496680311501597,0.9814297124600639,160256,721152,881408,144.0,707690496,0.004438800000571064,0.00293969999984256,328.359375
ariad,5008,32,0,445,0.00023085702559910715,0.9496742711661342,0.9814421924920128,160256,721152,881408,144.0,707690496,0.004437900000084483,0.0028836999999839463,328.359375
ariad,5008,32,0,446,0.00023085676366463304,0.949699231230032,0.9814546725239617,160256,721152,881408,144.0,707690496,0.004428199999892968,0.00292150000041147,329.23046875
ariad,5008,32,0,447,0.0002308549010194838,0.9497117112619808,0.9814671525559105,160256,721152,881408,144.0,707690496,0.004695900000115216,0.0030680999998367042,328.359375
ariad,5008,32,0,448,0.0002308542316313833,0.9497366713258786,0.9815108326677316,160256,721152,881408,144.0,707690496,0.004579100000228209,0.0029261999998198007,328.359375
ariad,5008,32,0,449,0.00023085183056537062,0.9497429113418531,0.9815233126996805,160256,721152,881408,144.0,707690496,0.0044517000005726,0.00290820000009262,329.23046875
ariad,5008,32,0,450,0.0002308529510628432,0.9497491513578274,0.9815607527955271,160256,721152,881408,144.0,707690496,0.004372800000055577,0.0028902000003654393,328.359375
ariad,5008,32,0,451,0.0002308486873516813,0.9497741114217252,0.9816169129392971,160256,721152,881408,144.0,707690496,0.004845700000259967,0.002973000000565662,328.359375
ariad,5008,32,0,452,0.00023084292479325086,0.9497865914536742,0.9816543530351438,160256,721152,881408,144.0,707690496,0.004460899999685353,0.00291910000032658,329.23046875
ariad,5008,32,0,453,0.00023084640270099044,0.9497803514376997,0.9816668330670927,160256,721152,881408,144.0,707690496,0.006675799999356968,0.002954699999463628,328.359375
ariad,5008,32,0,454,0.0002308468974661082,0.9497865914536742,0.9816730730830671,160256,721152,881408,144.0,707690496,0.00439970000024914,0.002854700000170851,328.359375
ariad,5008,32,0,455,0.00023084849817678332,0.9497741114217252,0.9816793130990416,160256,721152,881408,144.0,707690496,0.0044580000003406894,0.0028812999998990563,329.23046875
ariad,5008,32,0,456,0.00023084554413799196,0.9497928314696485,0.9816855531150159,160256,721152,881408,144.0,707690496,0.005817999999635504,0.002934600000116916,328.359375
ariad,5008,32,0,457,0.00023084867279976606,0.9498053115015974,0.9817167531948882,160256,721152,881408,144.0,707690496,0.004560899999887624,0.0030244999998103594,328.359375
ariad,5008,32,0,458,0.00023084516578819603,0.9498240315495208,0.9817417132587859,160256,721152,881408,144.0,707690496,0.009345499999653839,0.004660399999920628,329.23046875
ariad,5008,32,0,459,0.00023084411805029958,0.9498427515974441,0.9817417132587859,160256,721152,881408,144.0,707690496,0.0045458999993570615,0.0030115999998088228,328.359375
ariad,5008,32,0,460,0.00023084382701199502,0.9498302715654952,0.9817541932907349,160256,721152,881408,144.0,707690496,0.004423399999723188,0.0028833999995185877,328.359375
ariad,5008,32,0,461,0.0002308447874384001,0.9498240315495208,0.9817666733226837,160256,721152,881408,144.0,707690496,0.004458200000044599,0.0028773000003639027,329.23046875
ariad,5008,32,0,462,0.0002308439725311473,0.9498240315495208,0.9817666733226837,160256,721152,881408,144.0,707690496,0.004401299999699404,0.0028756000001521898,328.359375
ariad,5008,32,0,463,0.00023084475833456963,0.9498302715654952,0.9817978734025559,160256,721152,881408,144.0,707690496,0.0046068000001469045,0.003009600000041246,328.359375
ariad,5008,32,0,464,0.000230846693739295,0.9498302715654952,0.9818041134185304,160256,721152,881408,144.0,707690496,0.004569800000354007,0.002978900000016438,329.23046875
ariad,5008,32,0,465,0.00023084598069544882,0.9498302715654952,0.9818353134984026,160256,721152,881408,144.0,707690496,0.005142899999555084,0.0029642999998031883,328.359375
ariad,5008,32,0,466,0.0002308473631273955,0.9498427515974441,0.9818477935303515,160256,721152,881408,144.0,707690496,0.004370800000288,0.0028678000007857918,328.359375
ariad,5008,32,0,467,0.00023084678105078638,0.9498427515974441,0.9818477935303515,160256,721152,881408,144.0,707690496,0.004403700000693789,0.002910199999860197,329.23046875
ariad,5008,32,0,468,0.000230850069783628,0.9498365115814696,0.9818602735623003,160256,721152,881408,144.0,707690496,0.004408300000250165,0.0028996000000915956,328.359375
ariad,5008,32,0,469,0.00023084890563040972,0.9498427515974441,0.9818665135782748,160256,721152,881408,144.0,707690496,0.005183500000384811,0.0029032000002189307,328.359375
ariad,5008,32,0,470,0.00023084876011125743,0.9498427515974441,0.9818977136581469,160256,721152,881408,144.0,707690496,0.004496399999879941,0.0029390999998213374,329.23046875
ariad,5008,32,0,471,0.00023084816348273307,0.949855231629393,0.9819164337060703,160256,721152,881408,144.0,707690496,0.004429599999639322,0.002896099999816215,328.359375
ariad,5008,32,0,472,0.00023084883287083358,0.9498614716453674,0.9819226737220448,160256,721152,881408,144.0,707690496,0.004475800000363961,0.0029371999999057152,328.359375
ariad,5008,32,0,473,0.00023084692656993866,0.9498739516773163,0.981941393769968,160256,721152,881408,144.0,707690496,0.004648899999665446,0.003126900000097521,329.23046875
ariad,5008,32,0,474,0.00023084759595803916,0.9498677116613419,0.9819289137380192,160256,721152,881408,144.0,707690496,0.00448820000019623,0.0029332000003705616,328.359375
ariad,5008,32,0,475,0.0002308473631273955,0.9498926717252396,0.981941393769968,160256,721152,881408,144.0,707690496,0.004472999999961758,0.0029238000006444054,328.359375
ariad,5008,32,0,476,0.00023084747954271734,0.9498926717252396,0.9819788338658147,160256,721152,881408,144.0,707690496,0.0044674999999188,0.00300139999944804,329.23046875
ariad,5008,32,0,477,0.00023084867279976606,0.9498989117412141,0.981997553913738,160256,721152,881408,144.0,707690496,0.004377399999611953,0.0028452000005927403,328.359375
ariad,5008,32,0,478,0.00023084906570147723,0.9499176317891374,0.9820037939297125,160256,721152,881408,144.0,707690496,0.004456900000150199,0.0029648999998244108,328.359375
ariad,5008,32,0,479,0.00023085085558705032,0.9499176317891374,0.9820162739616614,160256,721152,881408,144.0,707690496,0.0047347999998237356,0.003176100000018778,329.23046875
ariad,5008,32,0,480,0.00023084940039552748,0.9499238718051118,0.9820225139776357,160256,721152,881408,144.0,707690496,0.005318200000147044,0.003811100000348233,328.359375
ariad,5008,32,0,481,0.0002308447437826544,0.9499363518370607,0.9820412340255591,160256,721152,881408,144.0,707690496,0.004563399999824469,0.003026999999747204,328.359375
ariad,5008,32,0,482,0.00023084516578819603,0.9499363518370607,0.9820661940894568,160256,721152,881408,144.0,707690496,0.004418699999405362,0.0029308000002856716,329.23046875
ariad,5008,32,0,483,0.00023084471467882395,0.9499425918530351,0.9820724341054313,160256,721152,881408,144.0,707690496,0.006101199999648088,0.0029291999999259133,328.359375
ariad,5008,32,0,484,0.00023084200802259147,0.9499425918530351,0.9820849141373802,160256,721152,881408,144.0,707690496,0.004507900000135123,0.002933100000518607,328.359375
ariad,5008,32,0,485,0.00023084250278770924,0.9499613119009584,0.9821036341853036,160256,721152,881408,144.0,707690496,0.004359599999588681,0.0028521999993245117,329.23046875
ariad,5008,32,0,486,0.0002308420225745067,0.9499675519169329,0.9821161142172524,160256,721152,881408,144.0,707690496,0.00439490000007936,0.0029003999998167274,328.359375
ariad,5008,32,0,487,0.0002308432594873011,0.9499800319488818,0.9821223542332268,160256,721152,881408,144.0,707690496,0.0043164999997316045,0.0028652000000874978,328.359375
ariad,5008,32,0,488,0.00023084122221916914,0.9500049920127795,0.982153554313099,160256,721152,881408,144.0,707690496,0.004402900000059162,0.002893200000471552,329.23046875
ariad,5008,32,0,489,0.00023084216809365898,0.9500049920127795,0.9821722743610224,160256,721152,881408,144.0,707690496,0.0044146999998702086,0.002906499999880907,328.359375
ariad,5008,32,0,490,0.00023084302665665746,0.9500299520766773,0.9821972344249201,160256,721152,881408,144.0,707690496,0.00440100000014354,0.0028781000000890344,328.359375
ariad,5008,32,0,491,0.00023084580607246608,0.9500486721246006,0.9822346745207667,160256,721152,881408,144.0,707690496,0.00438419999954931,0.00287800000023708,329.23046875
ariad,5008,32,0,492,0.0002308447437826544,0.950067392172524,0.9822783546325878,160256,721152,881408,144.0,707690496,0.004363899999589194,0.002871400000003632,328.359375
ariad,5008,32,0,493,0.000230838792049326,0.9500985922523961,0.9823220347444089,160256,721152,881408,144.0,707690496,0.004478099999687402,0.0029090999996697064,328.359375
ariad,5008,32,0,494,0.0002308358089067042,0.9501048322683706,0.9823407547923323,160256,721152,881408,144.0,707690496,0.004373899999336572,0.0029150999998819316,329.23046875
ariad,5008,32,0,495,0.00023083592532202601,0.950123552316294,0.98236571485623,160256,721152,881408,144.0,707690496,0.004482899999857182,0.0029313999993973994,328.359375
ariad,5008,32,0,496,0.00023083435371518135,0.9501360323482428,0.9823969149361023,160256,721152,881408,144.0,707690496,0.0068293000003905036,0.00333520000003773,328.359375
ariad,5008,32,0,497,0.00023083225823938847,0.9501422723642172,0.9824156349840255,160256,721152,881408,144.0,707690496,0.005500599999322731,0.0029305999996722676,329.23046875
ariad,5008,32,0,498,0.0002308335533598438,0.9501422723642172,0.9824468350638977,160256,721152,881408,144.0,707690496,0.004343399999925168,0.002854499999557447,328.359375
ariad,5008,32,0,499,0.00023083317501004785,0.9501485123801917,0.9824593150958466,160256,721152,881408,144.0,707690496,0.004457299999558018,0.002925400000094669,328.359375
ariad,5008,32,0,500,0.00023083362611941993,0.9501547523961661,0.9824717951277955,160256,721152,881408,144.0,707690496,0.004445700000360375,0.0029332000003705616,329.23046875
