method,n,k,seed,epoch,mse,teacher_match,match_exhaustive,attn_scores,search_scores,total_scores,c_scored,est_flops,step_time_s,search_time_s,peak_mem_mb
dense,2000,32,2,1,0.12705591320991516,0.229484375,1.0,4000000,0,4000000,0.0,3268608000,0.25583019999976386,0.0,88.0341796875
dense,2000,32,2,2,0.11425437033176422,0.211125,1.0,4000000,0,4000000,0.0,3268608000,0.0012496000017563347,0.0,88.1591796875
dense,2000,32,2,3,0.10855572670698166,0.194515625,1.0,4000000,0,4000000,0.0,3268608000,0.0007235000011860393,0.0,88.1591796875
dense,2000,32,2,4,0.10566297173500061,0.182703125,1.0,4000000,0,4000000,0.0,3268608000,0.001593999999386142,0.0,88.1591796875
dense,2000,32,2,5,0.10399997979402542,0.1743125,1.0,4000000,0,4000000,0.0,3268608000,0.001834900000176276,0.0,88.1591796875
dense,2000,32,2,6,0.10289765149354935,0.17084375,1.0,4000000,0,4000000,0.0,3268608000,0.001618399999642861,0.0,88.1591796875
dense,2000,32,2,7,0.10204285383224487,0.17025,1.0,4000000,0,4000000,0.0,3268608000,0.0008500000003550667,0.0,88.1591796875
dense,2000,32,2,8,0.10128073394298553,0.17375,1.0,4000000,0,4000000,0.0,3268608000,0.0011348999996698694,0.0,88.1591796875
dense,2000,32,2,9,0.10053485631942749,0.1801875,1.0,4000000,0,4000000,0.0,3268608000,0.0007392999996227445,0.0,88.1591796875
dense,2000,32,2,10,0.09977150708436966,0.1894375,1.0,4000000,0,4000000,0.0,3268608000,0.0007765000009385403,0.0,88.1591796875
dense,2000,32,2,11,0.09898141771554947,0.2015625,1.0,4000000,0,4000000,0.0,3268608000,0.0007683999992877943,0.0,88.1591796875
dense,2000,32,2,12,0.09816861152648926,0.214921875,1.0,4000000,0,4000000,0.0,3268608000,0.0009061999990080949,0.0,88.1591796875
dense,2000,32,2,13,0.0973408967256546,0.231109375,1.0,4000000,0,4000000,0.0,3268608000,0.0008056999995460501,0.0,88.1591796875
dense,2000,32,2,14,0.09650056809186935,0.247625,1.0,4000000,0,4000000,0.0,3268608000,0.0007805000004736939,0.0,88.1591796875
dense,2000,32,2,15,0.0956406518816948,0.26490625,1.0,4000000,0,4000000,0.0,3268608000,0.0007024000005912967,0.0,88.1591796875
dense,2000,32,2,16,0.09475415199995041,0.2819375,1.0,4000000,0,4000000,0.0,3268608000,0.001269099999262835,0.0,88.1591796875
dense,2000,32,2,17,0.09384293109178543,0.297921875,1.0,4000000,0,4000000,0.0,3268608000,0.0007445999999617925,0.0,88.1591796875
dense,2000,32,2,18,0.09290660172700882,0.314828125,1.0,4000000,0,4000000,0.0,3268608000,0.0007374999986495823,0.0,88.1591796875
dense,2000,32,2,19,0.09193797409534454,0.32990625,1.0,4000000,0,4000000,0.0,3268608000,0.0008570000009058276,0.0,88.1591796875
dense,2000,32,2,20,0.09093928337097168,0.344421875,1.0,4000000,0,4000000,0.0,3268608000,0.0008929000014177291,0.0,88.1591796875
dense,2000,32,2,21,0.0899202898144722,0.359328125,1.0,4000000,0,4000000,0.0,3268608000,0.0008174000013241312,0.0,88.1591796875
dense,2000,32,2,22,0.08888553082942963,0.373125,1.0,4000000,0,4000000,0.0,3268608000,0.0008247000005212612,0.0,88.1591796875
dense,2000,32,2,23,0.08783426135778427,0.38575,1.0,4000000,0,4000000,0.0,3268608000,0.0014645999999629566,0.0,88.1591796875
dense,2000,32,2,24,0.0867631733417511,0.397,1.0,4000000,0,4000000,0.0,3268608000,0.0008672000003571156,0.0,88.1591796875
dense,2000,32,2,25,0.08566644787788391,0.408421875,1.0,4000000,0,4000000,0.0,3268608000,0.0007850999991205754,0.0,88.1591796875
dense,2000,32,2,26,0.08454002439975739,0.41821875,1.0,4000000,0,4000000,0.0,3268608000,0.0007499999992433004,0.0,88.1591796875
dense,2000,32,2,27,0.0833880677819252,0.427859375,1.0,4000000,0,4000000,0.0,3268608000,0.0011428999987401767,0.0,88.1591796875
dense,2000,32,2,28,0.08221900463104248,0.43671875,1.0,4000000,0,4000000,0.0,3268608000,0.0008463000012852717,0.0,88.1591796875
dense,2000,32,2,29,0.08103498816490173,0.445015625,1.0,4000000,0,4000000,0.0,3268608000,0.0007333000012295088,0.0,88.1591796875
dense,2000,32,2,30,0.079832062125206,0.452609375,1.0,4000000,0,4000000,0.0,3268608000,0.0007800000003044261,0.0,88.1591796875
dense,2000,32,2,31,0.0786106064915657,0.45946875,1.0,4000000,0,4000000,0.0,3268608000,0.0008565000007365597,0.0,88.1591796875
dense,2000,32,2,32,0.07737831771373749,0.465328125,1.0,4000000,0,4000000,0.0,3268608000,0.0007380000006378395,0.0,88.1591796875
dense,2000,32,2,33,0.07614268362522125,0.471046875,1.0,4000000,0,4000000,0.0,3268608000,0.0007256000008055707,0.0,88.1591796875
dense,2000,32,2,34,0.07490434497594833,0.475828125,1.0,4000000,0,4000000,0.0,3268608000,0.0006759999996575061,0.0,88.1591796875
dense,2000,32,2,35,0.07365992665290833,0.480796875,1.0,4000000,0,4000000,0.0,3268608000,0.0009509999999863794,0.0,88.1591796875
dense,2000,32,2,36,0.07241276651620865,0.485046875,1.0,4000000,0,4000000,0.0,3268608000,0.0008293000009871321,0.0,88.1591796875
dense,2000,32,2,37,0.07117423415184021,0.489390625,1.0,4000000,0,4000000,0.0,3268608000,0.0007110000005923212,0.0,88.1591796875
dense,2000,32,2,38,0.0699484795331955,0.493140625,1.0,4000000,0,4000000,0.0,3268608000,0.0007767000006424496,0.0,88.1591796875
dense,2000,32,2,39,0.0687297061085701,0.496734375,1.0,4000000,0,4000000,0.0,3268608000,0.0009903999998641666,0.0,88.1591796875
dense,2000,32,2,40,0.0675140842795372,0.5006875,1.0,4000000,0,4000000,0.0,3268608000,0.0008240000006480841,0.0,88.1591796875
dense,2000,32,2,41,0.06630119681358337,0.505140625,1.0,4000000,0,4000000,0.0,3268608000,0.0007158000007621013,0.0,88.1591796875
dense,2000,32,2,42,0.0650893896818161,0.50925,1.0,4000000,0,4000000,0.0,3268608000,0.0006959000002098037,0.0,88.1591796875
dense,2000,32,2,43,0.06388426572084427,0.513546875,1.0,4000000,0,4000000,0.0,3268608000,0.001022200000079465,0.0,88.1591796875
dense,2000,32,2,44,0.06269444525241852,0.517578125,1.0,4000000,0,4000000,0.0,3268608000,0.000991799999610521,0.0,88.1591796875
dense,2000,32,2,45,0.06152079254388809,0.521796875,1.0,4000000,0,4000000,0.0,3268608000,0.0006971000002522487,0.0,88.1591796875
dense,2000,32,2,46,0.06035834923386574,0.52640625,1.0,4000000,0,4000000,0.0,3268608000,0.0006737000003340654,0.0,88.1591796875
dense,2000,32,2,47,0.05920406058430672,0.531171875,1.0,4000000,0,4000000,0.0,3268608000,0.000956199999563978,0.0,88.1591796875
dense,2000,32,2,48,0.058061517775058746,0.536453125,1.0,4000000,0,4000000,0.0,3268608000,0.0007925999998406041,0.0,88.1591796875
dense,2000,32,2,49,0.0569365955889225,0.54046875,1.0,4000000,0,4000000,0.0,3268608000,0.0007316999999602558,0.0,88.1591796875
dense,2000,32,2,50,0.05582937225699425,0.545078125,1.0,4000000,0,4000000,0.0,3268608000,0.0006923000000824686,0.0,88.1591796875
dense,2000,32,2,51,0.05473517253994942,0.549640625,1.0,4000000,0,4000000,0.0,3268608000,0.0007974000000103842,0.0,88.1591796875
dense,2000,32,2,52,0.053648777306079865,0.554734375,1.0,4000000,0,4000000,0.0,3268608000,0.0009059000003617257,0.0,88.1591796875
dense,2000,32,2,53,0.05257034674286842,0.5591875,1.0,4000000,0,4000000,0.0,3268608000,0.0007028999989415752,0.0,88.1591796875
dense,2000,32,2,54,0.051506407558918,0.563515625,1.0,4000000,0,4000000,0.0,3268608000,0.0006848000011814293,0.0,88.1591796875
dense,2000,32,2,55,0.05045946687459946,0.5680625,1.0,4000000,0,4000000,0.0,3268608000,0.001944300000104704,0.0,88.1591796875
dense,2000,32,2,56,0.049425721168518066,0.572703125,1.0,4000000,0,4000000,0.0,3268608000,0.0008309999993798556,0.0,88.1591796875
dense,2000,32,2,57,0.048403847962617874,0.577296875,1.0,4000000,0,4000000,0.0,3268608000,0.0006955000008019852,0.0,88.1591796875
dense,2000,32,2,58,0.047393761575222015,0.58115625,1.0,4000000,0,4000000,0.0,3268608000,0.0007009000000834931,0.0,88.1591796875
dense,2000,32,2,59,0.04639310762286186,0.58559375,1.0,4000000,0,4000000,0.0,3268608000,0.0008049999996728729,0.0,88.1591796875
dense,2000,32,2,60,0.04540030285716057,0.590578125,1.0,4000000,0,4000000,0.0,3268608000,0.000690700000632205,0.0,88.1591796875
dense,2000,32,2,61,0.04441399499773979,0.5941875,1.0,4000000,0,4000000,0.0,3268608000,0.00069199999961711,0.0,88.1591796875
dense,2000,32,2,62,0.04343054071068764,0.59821875,1.0,4000000,0,4000000,0.0,3268608000,0.000684200000250712,0.0,88.1591796875
dense,2000,32,2,63,0.042447496205568314,0.60271875,1.0,4000000,0,4000000,0.0,3268608000,0.0011320999983581714,0.0,88.1591796875
dense,2000,32,2,64,0.041464947164058685,0.6058125,1.0,4000000,0,4000000,0.0,3268608000,0.0007488999999623047,0.0,88.1591796875
dense,2000,32,2,65,0.04048146307468414,0.609859375,1.0,4000000,0,4000000,0.0,3268608000,0.0007294000006368151,0.0,88.1591796875
dense,2000,32,2,66,0.03949461504817009,0.614140625,1.0,4000000,0,4000000,0.0,3268608000,0.0007443999984388938,0.0,88.1591796875
dense,2000,32,2,67,0.03850362449884415,0.61784375,1.0,4000000,0,4000000,0.0,3268608000,0.0007819000002200482,0.0,88.1591796875
dense,2000,32,2,68,0.0375080406665802,0.62159375,1.0,4000000,0,4000000,0.0,3268608000,0.0009817999998631421,0.0,88.1591796875
dense,2000,32,2,69,0.03650546818971634,0.62553125,1.0,4000000,0,4000000,0.0,3268608000,0.0007254000011016615,0.0,88.1591796875
dense,2000,32,2,70,0.03549233451485634,0.63003125,1.0,4000000,0,4000000,0.0,3268608000,0.0007086000005074311,0.0,88.1591796875
dense,2000,32,2,71,0.03446565568447113,0.6341875,1.0,4000000,0,4000000,0.0,3268608000,0.000811500000054366,0.0,88.1591796875
dense,2000,32,2,72,0.03341984748840332,0.63803125,1.0,4000000,0,4000000,0.0,3268608000,0.0008467999996355502,0.0,88.1591796875
dense,2000,32,2,73,0.03234904631972313,0.642578125,1.0,4000000,0,4000000,0.0,3268608000,0.0007157000000006519,0.0,88.1591796875
dense,2000,32,2,74,0.031251274049282074,0.64696875,1.0,4000000,0,4000000,0.0,3268608000,0.0006981999995332444,0.0,88.1591796875
dense,2000,32,2,75,0.0301249660551548,0.6513125,1.0,4000000,0,4000000,0.0,3268608000,0.001205399999889778,0.0,88.1591796875
dense,2000,32,2,76,0.02896714396774769,0.655609375,1.0,4000000,0,4000000,0.0,3268608000,0.000843699999677483,0.0,88.1591796875
dense,2000,32,2,77,0.02777441404759884,0.660234375,1.0,4000000,0,4000000,0.0,3268608000,0.0029602000013255747,0.0,88.1591796875
dense,2000,32,2,78,0.02654525265097618,0.66528125,1.0,4000000,0,4000000,0.0,3268608000,0.0008874000013747718,0.0,88.1591796875
dense,2000,32,2,79,0.025278959423303604,0.670484375,1.0,4000000,0,4000000,0.0,3268608000,0.0007483000008505769,0.0,88.1591796875
dense,2000,32,2,80,0.023973515257239342,0.675109375,1.0,4000000,0,4000000,0.0,3268608000,0.0007755999995424645,0.0,88.1591796875
dense,2000,32,2,81,0.022628985345363617,0.67959375,1.0,4000000,0,4000000,0.0,3268608000,0.0008017000000108965,0.0,88.1591796875
dense,2000,32,2,82,0.02125048078596592,0.684609375,1.0,4000000,0,4000000,0.0,3268608000,0.0011850999999296619,0.0,88.1591796875
dense,2000,32,2,83,0.019846128299832344,0.68953125,1.0,4000000,0,4000000,0.0,3268608000,0.0007820999999239575,0.0,88.1591796875
dense,2000,32,2,84,0.018425030633807182,0.693484375,1.0,4000000,0,4000000,0.0,3268608000,0.00073079999856418,0.0,88.1591796875
dense,2000,32,2,85,0.016998115926980972,0.697359375,1.0,4000000,0,4000000,0.0,3268608000,0.0008314000006066635,0.0,88.1591796875
dense,2000,32,2,86,0.015579627826809883,0.70209375,1.0,4000000,0,4000000,0.0,3268608000,0.0008433999992121244,0.0,88.1591796875
dense,2000,32,2,87,0.014189080335199833,0.707,1.0,4000000,0,4000000,0.0,3268608000,0.0007180999982665526,0.0,88.1591796875
dense,2000,32,2,88,0.01284819282591343,0.711484375,1.0,4000000,0,4000000,0.0,3268608000,0.0007040999989840202,0.0,88.1591796875
dense,2000,32,2,89,0.0115765780210495,0.715921875,1.0,4000000,0,4000000,0.0,3268608000,0.0012301999995543156,0.0,88.1591796875
dense,2000,32,2,90,0.01039167307317257,0.720484375,1.0,4000000,0,4000000,0.0,3268608000,0.0008237999991251854,0.0,88.1591796875
dense,2000,32,2,91,0.009308825246989727,0.725171875,1.0,4000000,0,4000000,0.0,3268608000,0.0007170999997470062,0.0,88.1591796875
dense,2000,32,2,92,0.008341018110513687,0.729734375,1.0,4000000,0,4000000,0.0,3268608000,0.0006876999996165978,0.0,88.1591796875
dense,2000,32,2,93,0.007495408412069082,0.733796875,1.0,4000000,0,4000000,0.0,3268608000,0.0008926999998948304,0.0,88.1591796875
dense,2000,32,2,94,0.0067700110375881195,0.737828125,1.0,4000000,0,4000000,0.0,3268608000,0.0007884000006015413,0.0,88.1591796875
dense,2000,32,2,95,0.0061554741114377975,0.7418125,1.0,4000000,0,4000000,0.0,3268608000,0.0006954999989829957,0.0,88.1591796875
dense,2000,32,2,96,0.005640388932079077,0.74534375,1.0,4000000,0,4000000,0.0,3268608000,0.0006885000002512243,0.0,88.1591796875
dense,2000,32,2,97,0.0052112373523414135,0.7495625,1.0,4000000,0,4000000,0.0,3268608000,0.0007249999998748535,0.0,88.1591796875
dense,2000,32,2,98,0.004850225057452917,0.753640625,1.0,4000000,0,4000000,0.0,3268608000,0.000942300001042895,0.0,88.1591796875
dense,2000,32,2,99,0.0045393831096589565,0.757796875,1.0,4000000,0,4000000,0.0,3268608000,0.0007761999986541923,0.0,88.1591796875
dense,2000,32,2,100,0.00426820432767272,0.761671875,1.0,4000000,0,4000000,0.0,3268608000,0.000750399998651119,0.0,88.1591796875
dense,2000,32,2,101,0.004032095894217491,0.765078125,1.0,4000000,0,4000000,0.0,3268608000,0.0008164999999280553,0.0,88.1591796875
dense,2000,32,2,102,0.0038249059580266476,0.768140625,1.0,4000000,0,4000000,0.0,3268608000,0.0009009000004880363,0.0,88.1591796875
dense,2000,32,2,103,0.003637703601270914,0.77165625,1.0,4000000,0,4000000,0.0,3268608000,0.0009719000008772127,0.0,88.1591796875
dense,2000,32,2,104,0.0034633399918675423,0.773953125,1.0,4000000,0,4000000,0.0,3268608000,0.0007985000011103693,0.0,88.1591796875
dense,2000,32,2,105,0.0032983277924358845,0.777140625,1.0,4000000,0,4000000,0.0,3268608000,0.000899599999684142,0.0,88.1591796875
dense,2000,32,2,106,0.003141141962260008,0.779765625,1.0,4000000,0,4000000,0.0,3268608000,0.0008168999993358739,0.0,88.1591796875
dense,2000,32,2,107,0.0029906451236456633,0.783375,1.0,4000000,0,4000000,0.0,3268608000,0.0007486000013159355,0.0,88.1591796875
dense,2000,32,2,108,0.0028467117808759212,0.786,1.0,4000000,0,4000000,0.0,3268608000,0.0007437000003847061,0.0,88.1591796875
dense,2000,32,2,109,0.0027105133049190044,0.7893125,1.0,4000000,0,4000000,0.0,3268608000,0.001414899999872432,0.0,88.1591796875
dense,2000,32,2,110,0.002582352375611663,0.792140625,1.0,4000000,0,4000000,0.0,3268608000,0.0008233999997173669,0.0,88.1591796875
dense,2000,32,2,111,0.0024618455208837986,0.79453125,1.0,4000000,0,4000000,0.0,3268608000,0.0008017999989533564,0.0,88.1591796875
dense,2000,32,2,112,0.002348504262045026,0.7966875,1.0,4000000,0,4000000,0.0,3268608000,0.0007334000001719687,0.0,88.1591796875
dense,2000,32,2,113,0.0022420878522098064,0.798390625,1.0,4000000,0,4000000,0.0,3268608000,0.001004800000373507,0.0,88.1591796875
dense,2000,32,2,114,0.002142512472346425,0.800390625,1.0,4000000,0,4000000,0.0,3268608000,0.0007325000005948823,0.0,88.1591796875
dense,2000,32,2,115,0.0020499604288488626,0.802796875,1.0,4000000,0,4000000,0.0,3268608000,0.000716900000043097,0.0,88.1591796875
dense,2000,32,2,116,0.001964897383004427,0.805296875,1.0,4000000,0,4000000,0.0,3268608000,0.0007831000002624933,0.0,88.1591796875
dense,2000,32,2,117,0.0018871355568990111,0.8076875,1.0,4000000,0,4000000,0.0,3268608000,0.0007514000008086441,0.0,88.1591796875
dense,2000,32,2,118,0.001815836294554174,0.8095,1.0,4000000,0,4000000,0.0,3268608000,0.0007266000011441065,0.0,88.1591796875
dense,2000,32,2,119,0.001750134164467454,0.811328125,1.0,4000000,0,4000000,0.0,3268608000,0.0007200000000011642,0.0,88.1591796875
dense,2000,32,2,120,0.0016893311403691769,0.813875,1.0,4000000,0,4000000,0.0,3268608000,0.0008047999999689637,0.0,88.1591796875
dense,2000,32,2,121,0.0016329684294760227,0.81603125,1.0,4000000,0,4000000,0.0,3268608000,0.0011162999999214662,0.0,88.1591796875
dense,2000,32,2,122,0.0015806304290890694,0.818078125,1.0,4000000,0,4000000,0.0,3268608000,0.0007107000001269625,0.0,88.1591796875
dense,2000,32,2,123,0.001531830639578402,0.820296875,1.0,4000000,0,4000000,0.0,3268608000,0.0007143999991967576,0.0,88.1591796875
dense,2000,32,2,124,0.0014861335512250662,0.822046875,1.0,4000000,0,4000000,0.0,3268608000,0.0007688999994570622,0.0,88.1591796875
dense,2000,32,2,125,0.001443125307559967,0.824171875,1.0,4000000,0,4000000,0.0,3268608000,0.0008689999995112885,0.0,88.1591796875
dense,2000,32,2,126,0.0014028194127604365,0.826421875,1.0,4000000,0,4000000,0.0,3268608000,0.0007366999998339452,0.0,88.1591796875
dense,2000,32,2,127,0.001365312491543591,0.82815625,1.0,4000000,0,4000000,0.0,3268608000,0.0007308000003831694,0.0,88.1591796875
dense,2000,32,2,128,0.0013303656596690416,0.83015625,1.0,4000000,0,4000000,0.0,3268608000,0.0007216000012704171,0.0,88.1591796875
dense,2000,32,2,129,0.0012975313002243638,0.83209375,1.0,4000000,0,4000000,0.0,3268608000,0.0019041000014112797,0.0,88.1591796875
dense,2000,32,2,130,0.0012663087109103799,0.83371875,1.0,4000000,0,4000000,0.0,3268608000,0.0007765999998810003,0.0,88.1591796875
dense,2000,32,2,131,0.0012364021968096495,0.8359375,1.0,4000000,0,4000000,0.0,3268608000,0.0007112000002962304,0.0,88.1591796875
dense,2000,32,2,132,0.001207683002576232,0.837890625,1.0,4000000,0,4000000,0.0,3268608000,0.0007213999997475185,0.0,88.1591796875
dense,2000,32,2,133,0.0011800604406744242,0.83953125,1.0,4000000,0,4000000,0.0,3268608000,0.0013727000005019363,0.0,88.1591796875
dense,2000,32,2,134,0.0011535101803019643,0.841296875,1.0,4000000,0,4000000,0.0,3268608000,0.0006819999998697313,0.0,88.1591796875
dense,2000,32,2,135,0.0011279660975560546,0.843796875,1.0,4000000,0,4000000,0.0,3268608000,0.0006754999994882382,0.0,88.1591796875
dense,2000,32,2,136,0.0011033632326871157,0.845546875,1.0,4000000,0,4000000,0.0,3268608000,0.000692400000843918,0.0,88.1591796875
dense,2000,32,2,137,0.001079773879610002,0.8474375,1.0,4000000,0,4000000,0.0,3268608000,0.0007108000008884119,0.0,88.1591796875
dense,2000,32,2,138,0.0010573053732514381,0.84909375,1.0,4000000,0,4000000,0.0,3268608000,0.000686699999278062,0.0,88.1591796875
dense,2000,32,2,139,0.0010359748266637325,0.85096875,1.0,4000000,0,4000000,0.0,3268608000,0.0008013000006030779,0.0,88.1591796875
dense,2000,32,2,140,0.001015724497847259,0.85253125,1.0,4000000,0,4000000,0.0,3268608000,0.0007187000010162592,0.0,88.1591796875
dense,2000,32,2,141,0.000996426329948008,0.8546875,1.0,4000000,0,4000000,0.0,3268608000,0.001814100000046892,0.0,88.1591796875
dense,2000,32,2,142,0.0009779304964467883,0.85665625,1.0,4000000,0,4000000,0.0,3268608000,0.0008013000006030779,0.0,88.1591796875
dense,2000,32,2,143,0.0009601848432794213,0.858265625,1.0,4000000,0,4000000,0.0,3268608000,0.0007354000008490402,0.0,88.1591796875
dense,2000,32,2,144,0.0009432165534235537,0.860140625,1.0,4000000,0,4000000,0.0,3268608000,0.0006759000007150462,0.0,88.1591796875
dense,2000,32,2,145,0.0009270358714275062,0.8615,1.0,4000000,0,4000000,0.0,3268608000,0.0010958999991999008,0.0,88.1591796875
dense,2000,32,2,146,0.000911574752535671,0.863109375,1.0,4000000,0,4000000,0.0,3268608000,0.0007839999998395797,0.0,88.1591796875
dense,2000,32,2,147,0.0008967520552687347,0.864765625,1.0,4000000,0,4000000,0.0,3268608000,0.0007521000006818213,0.0,88.1591796875
dense,2000,32,2,148,0.0008825158583931625,0.866453125,1.0,4000000,0,4000000,0.0,3268608000,0.0009158000011666445,0.0,88.1591796875
dense,2000,32,2,149,0.0008688474772498012,0.868015625,1.0,4000000,0,4000000,0.0,3268608000,0.0007537999990745448,0.0,88.1591796875
dense,2000,32,2,150,0.0008557533146813512,0.8695625,1.0,4000000,0,4000000,0.0,3268608000,0.0006935999990673736,0.0,88.1591796875
dense,2000,32,2,151,0.0008432305185124278,0.8713125,1.0,4000000,0,4000000,0.0,3268608000,0.0006959000002098037,0.0,88.1591796875
dense,2000,32,2,152,0.0008312620338983834,0.872671875,1.0,4000000,0,4000000,0.0,3268608000,0.0007227000005514128,0.0,88.1591796875
dense,2000,32,2,153,0.0008198346477001905,0.8736875,1.0,4000000,0,4000000,0.0,3268608000,0.0007667999998375308,0.0,88.1591796875
dense,2000,32,2,154,0.0008089392213150859,0.874921875,1.0,4000000,0,4000000,0.0,3268608000,0.0007354999997915002,0.0,88.1591796875
dense,2000,32,2,155,0.0007985533447936177,0.875875,1.0,4000000,0,4000000,0.0,3268608000,0.0007003999999142252,0.0,88.1591796875
dense,2000,32,2,156,0.0007886492530815303,0.877140625,1.0,4000000,0,4000000,0.0,3268608000,0.0008827999990899116,0.0,88.1591796875
dense,2000,32,2,157,0.0007792165852151811,0.87859375,1.0,4000000,0,4000000,0.0,3268608000,0.00080089999937627,0.0,88.1591796875
dense,2000,32,2,158,0.0007702347356826067,0.8800625,1.0,4000000,0,4000000,0.0,3268608000,0.0007029000007605646,0.0,88.1591796875
dense,2000,32,2,159,0.0007616813527420163,0.881328125,1.0,4000000,0,4000000,0.0,3268608000,0.0006751999990228796,0.0,88.1591796875
dense,2000,32,2,160,0.0007535509648732841,0.882859375,1.0,4000000,0,4000000,0.0,3268608000,0.0006881000008434057,0.0,88.1591796875
dense,2000,32,2,161,0.0007458465988747776,0.8841875,1.0,4000000,0,4000000,0.0,3268608000,0.0006840000005468028,0.0,88.1591796875
dense,2000,32,2,162,0.0007385619101114571,0.8855,1.0,4000000,0,4000000,0.0,3268608000,0.0007493000011891127,0.0,88.1591796875
dense,2000,32,2,163,0.0007316723931580782,0.886484375,1.0,4000000,0,4000000,0.0,3268608000,0.0007982999995874707,0.0,88.1591796875
dense,2000,32,2,164,0.0007251489441841841,0.88740625,1.0,4000000,0,4000000,0.0,3268608000,0.0007549000001745299,0.0,88.1591796875
dense,2000,32,2,165,0.0007189724710769951,0.888484375,1.0,4000000,0,4000000,0.0,3268608000,0.0006807999998272862,0.0,88.1591796875
dense,2000,32,2,166,0.0007131276652216911,0.889578125,1.0,4000000,0,4000000,0.0,3268608000,0.0007225999997899635,0.0,88.1591796875
dense,2000,32,2,167,0.000707597762811929,0.8904375,1.0,4000000,0,4000000,0.0,3268608000,0.0008244999989983626,0.0,88.1591796875
dense,2000,32,2,168,0.000702367746271193,0.891421875,1.0,4000000,0,4000000,0.0,3268608000,0.0006947999991098186,0.0,88.1591796875
dense,2000,32,2,169,0.0006974241114221513,0.89246875,1.0,4000000,0,4000000,0.0,3268608000,0.0006826000008004485,0.0,88.1591796875
dense,2000,32,2,170,0.0006927525391802192,0.8934375,1.0,4000000,0,4000000,0.0,3268608000,0.0009606999992683996,0.0,88.1591796875
dense,2000,32,2,171,0.0006883387686684728,0.894125,1.0,4000000,0,4000000,0.0,3268608000,0.0012771000001521315,0.0,88.1591796875
dense,2000,32,2,172,0.0006841709837317467,0.8950625,1.0,4000000,0,4000000,0.0,3268608000,0.0008044999995036051,0.0,88.1591796875
dense,2000,32,2,173,0.0006802328280173242,0.895875,1.0,4000000,0,4000000,0.0,3268608000,0.0007862000002205605,0.0,88.1591796875
dense,2000,32,2,174,0.0006765083526261151,0.896328125,1.0,4000000,0,4000000,0.0,3268608000,0.0007316999999602558,0.0,88.1591796875
dense,2000,32,2,175,0.0006729813176207244,0.896796875,1.0,4000000,0,4000000,0.0,3268608000,0.0006773000004614005,0.0,88.1591796875
dense,2000,32,2,176,0.0006696362979710102,0.897234375,1.0,4000000,0,4000000,0.0,3268608000,0.0006799000002501998,0.0,88.1591796875
dense,2000,32,2,177,0.0006664586835540831,0.897921875,1.0,4000000,0,4000000,0.0,3268608000,0.0006763999990653247,0.0,88.1591796875
dense,2000,32,2,178,0.0006634332821704447,0.8984375,1.0,4000000,0,4000000,0.0,3268608000,0.000973300000623567,0.0,88.1591796875
dense,2000,32,2,179,0.0006605437956750393,0.898890625,1.0,4000000,0,4000000,0.0,3268608000,0.000777600000219536,0.0,88.1591796875
dense,2000,32,2,180,0.0006577743333764374,0.899515625,1.0,4000000,0,4000000,0.0,3268608000,0.0006874999999126885,0.0,88.1591796875
dense,2000,32,2,181,0.0006551103433594108,0.8999375,1.0,4000000,0,4000000,0.0,3268608000,0.0007002000002103159,0.0,88.1591796875
dense,2000,32,2,182,0.0006525374483317137,0.900390625,1.0,4000000,0,4000000,0.0,3268608000,0.0008988999998109648,0.0,88.1591796875
dense,2000,32,2,183,0.0006500417366623878,0.90078125,1.0,4000000,0,4000000,0.0,3268608000,0.0007900999989942648,0.0,88.1591796875
dense,2000,32,2,184,0.0006476095295511186,0.90115625,1.0,4000000,0,4000000,0.0,3268608000,0.0006976999993639765,0.0,88.1591796875
dense,2000,32,2,185,0.0006452267989516258,0.9015625,1.0,4000000,0,4000000,0.0,3268608000,0.0006967000008444302,0.0,88.1591796875
dense,2000,32,2,186,0.0006428824854083359,0.90203125,1.0,4000000,0,4000000,0.0,3268608000,0.0007730000015726546,0.0,88.1591796875
dense,2000,32,2,187,0.0006405651802197099,0.90246875,1.0,4000000,0,4000000,0.0,3268608000,0.0007019999993644888,0.0,88.1591796875
dense,2000,32,2,188,0.0006382650462910533,0.902984375,1.0,4000000,0,4000000,0.0,3268608000,0.0006983999992371537,0.0,88.1591796875
dense,2000,32,2,189,0.0006359706167131662,0.903296875,1.0,4000000,0,4000000,0.0,3268608000,0.0006807999998272862,0.0,88.1591796875
dense,2000,32,2,190,0.0006336725200526416,0.9036875,1.0,4000000,0,4000000,0.0,3268608000,0.0006758999988960568,0.0,88.1591796875
dense,2000,32,2,191,0.0006313612684607506,0.9040625,1.0,4000000,0,4000000,0.0,3268608000,0.0007366000008914853,0.0,88.1591796875
dense,2000,32,2,192,0.0006290290621109307,0.904421875,1.0,4000000,0,4000000,0.0,3268608000,0.0006737000003340654,0.0,88.1591796875
dense,2000,32,2,193,0.0006266682757996023,0.90478125,1.0,4000000,0,4000000,0.0,3268608000,0.0006721999998262618,0.0,88.1591796875
dense,2000,32,2,194,0.0006242725066840649,0.905,1.0,4000000,0,4000000,0.0,3268608000,0.0006725000002916204,0.0,88.1591796875
dense,2000,32,2,195,0.0006218350026756525,0.90540625,1.0,4000000,0,4000000,0.0,3268608000,0.0021548999993683537,0.0,88.1591796875
dense,2000,32,2,196,0.000619350525084883,0.9059375,1.0,4000000,0,4000000,0.0,3268608000,0.0007797999987815274,0.0,88.1591796875
dense,2000,32,2,197,0.0006168146501295269,0.90621875,1.0,4000000,0,4000000,0.0,3268608000,0.000795599999037222,0.0,88.1591796875
dense,2000,32,2,198,0.0006142239435575902,0.906546875,1.0,4000000,0,4000000,0.0,3268608000,0.0011240000003454043,0.0,88.1591796875
dense,2000,32,2,199,0.0006115750293247402,0.907015625,1.0,4000000,0,4000000,0.0,3268608000,0.0007245000015245751,0.0,88.1591796875
dense,2000,32,2,200,0.0006088673253543675,0.90765625,1.0,4000000,0,4000000,0.0,3268608000,0.0006818999991082819,0.0,88.1591796875
dense,2000,32,2,201,0.000606099667493254,0.90815625,1.0,4000000,0,4000000,0.0,3268608000,0.0006783999997423962,0.0,88.1591796875
dense,2000,32,2,202,0.0006032725796103477,0.908640625,1.0,4000000,0,4000000,0.0,3268608000,0.0007936000001791399,0.0,88.1591796875
dense,2000,32,2,203,0.000600387982558459,0.909171875,1.0,4000000,0,4000000,0.0,3268608000,0.0007371000010607531,0.0,88.1591796875
dense,2000,32,2,204,0.0005974484956823289,0.9094375,1.0,4000000,0,4000000,0.0,3268608000,0.0007175000009738142,0.0,88.1591796875
dense,2000,32,2,205,0.0005944582517258823,0.910109375,1.0,4000000,0,4000000,0.0,3268608000,0.0006969999994907994,0.0,88.1591796875
dense,2000,32,2,206,0.0005914219655096531,0.910640625,1.0,4000000,0,4000000,0.0,3268608000,0.0006979999998293351,0.0,88.1591796875
dense,2000,32,2,207,0.000588346621952951,0.91096875,1.0,4000000,0,4000000,0.0,3268608000,0.000769899999795598,0.0,88.1591796875
dense,2000,32,2,208,0.0005852394970133901,0.911703125,1.0,4000000,0,4000000,0.0,3268608000,0.0007041000008030096,0.0,88.1591796875
dense,2000,32,2,209,0.0005821094964630902,0.912296875,1.0,4000000,0,4000000,0.0,3268608000,0.0007112000002962304,0.0,88.1591796875
dense,2000,32,2,210,0.0005789659335277975,0.9129375,1.0,4000000,0,4000000,0.0,3268608000,0.0006864999995741528,0.0,88.1591796875
dense,2000,32,2,211,0.0005758200422860682,0.91353125,1.0,4000000,0,4000000,0.0,3268608000,0.0027128000001539476,0.0,88.1591796875
dense,2000,32,2,212,0.0005726823583245277,0.91428125,1.0,4000000,0,4000000,0.0,3268608000,0.0007982999995874707,0.0,88.1591796875
dense,2000,32,2,213,0.0005695651634596288,0.914703125,1.0,4000000,0,4000000,0.0,3268608000,0.0007239000005938578,0.0,88.1591796875
dense,2000,32,2,214,0.0005664798081852496,0.915359375,1.0,4000000,0,4000000,0.0,3268608000,0.0014437999998335727,0.0,88.1591796875
dense,2000,32,2,215,0.0005634389235638082,0.916046875,1.0,4000000,0,4000000,0.0,3268608000,0.0007225999997899635,0.0,88.1591796875
dense,2000,32,2,216,0.0005604546167887747,0.91671875,1.0,4000000,0,4000000,0.0,3268608000,0.0007072999997035367,0.0,88.1591796875
dense,2000,32,2,217,0.0005575385293923318,0.91725,1.0,4000000,0,4000000,0.0,3268608000,0.0007070999999996275,0.0,88.1591796875
dense,2000,32,2,218,0.0005547021864913404,0.91796875,1.0,4000000,0,4000000,0.0,3268608000,0.0009538000012980774,0.0,88.1591796875
dense,2000,32,2,219,0.0005519562982954085,0.918484375,1.0,4000000,0,4000000,0.0,3268608000,0.00079840000034892,0.0,88.1591796875
dense,2000,32,2,220,0.000549310352653265,0.919109375,1.0,4000000,0,4000000,0.0,3268608000,0.0007457000010617776,0.0,88.1591796875
dense,2000,32,2,221,0.000546773080714047,0.9200625,1.0,4000000,0,4000000,0.0,3268608000,0.0007888000000093598,0.0,88.1591796875
dense,2000,32,2,222,0.0005443518166430295,0.92078125,1.0,4000000,0,4000000,0.0,3268608000,0.0008593000002292683,0.0,88.1591796875
dense,2000,32,2,223,0.0005420525558292866,0.92134375,1.0,4000000,0,4000000,0.0,3268608000,0.0007628000003023772,0.0,88.1591796875
dense,2000,32,2,224,0.0005398801877163351,0.921859375,1.0,4000000,0,4000000,0.0,3268608000,0.0007225999997899635,0.0,88.1591796875
dense,2000,32,2,225,0.0005378373898565769,0.92253125,1.0,4000000,0,4000000,0.0,3268608000,0.000719300000127987,0.0,88.1591796875
dense,2000,32,2,226,0.0005359261413104832,0.923234375,1.0,4000000,0,4000000,0.0,3268608000,0.0008649999999761349,0.0,88.1591796875
dense,2000,32,2,227,0.0005341470241546631,0.923546875,1.0,4000000,0,4000000,0.0,3268608000,0.0007492000004276633,0.0,88.1591796875
dense,2000,32,2,228,0.0005324985831975937,0.92421875,1.0,4000000,0,4000000,0.0,3268608000,0.0007124999992811354,0.0,88.1591796875
dense,2000,32,2,229,0.0005309787811711431,0.924765625,1.0,4000000,0,4000000,0.0,3268608000,0.0007046999999147374,0.0,88.1591796875
dense,2000,32,2,230,0.0005295840092003345,0.925140625,1.0,4000000,0,4000000,0.0,3268608000,0.0006816999994043726,0.0,88.1591796875
dense,2000,32,2,231,0.0005283101927489042,0.925640625,1.0,4000000,0,4000000,0.0,3268608000,0.0008483000001433538,0.0,88.1591796875
dense,2000,32,2,232,0.0005271520931273699,0.926046875,1.0,4000000,0,4000000,0.0,3268608000,0.0006998999997449573,0.0,88.1591796875
dense,2000,32,2,233,0.0005261037731543183,0.926203125,1.0,4000000,0,4000000,0.0,3268608000,0.0006797999994887505,0.0,88.1591796875
dense,2000,32,2,234,0.0005251591792330146,0.9266875,1.0,4000000,0,4000000,0.0,3268608000,0.0006696000000374625,0.0,88.1591796875
dense,2000,32,2,235,0.0005243115592747927,0.92690625,1.0,4000000,0,4000000,0.0,3268608000,0.0006771999996999511,0.0,88.1591796875
dense,2000,32,2,236,0.0005235542193986475,0.927203125,1.0,4000000,0,4000000,0.0,3268608000,0.0007161000012274599,0.0,88.1591796875
dense,2000,32,2,237,0.0005228805239312351,0.927453125,1.0,4000000,0,4000000,0.0,3268608000,0.0006845000007160706,0.0,88.1591796875
dense,2000,32,2,238,0.0005222841864451766,0.9276875,1.0,4000000,0,4000000,0.0,3268608000,0.0006713999991916353,0.0,88.1591796875
dense,2000,32,2,239,0.0005217594443820417,0.927828125,1.0,4000000,0,4000000,0.0,3268608000,0.0006592000008822652,0.0,88.1591796875
dense,2000,32,2,240,0.0005213028634898365,0.927984375,1.0,4000000,0,4000000,0.0,3268608000,0.0007285000010597287,0.0,88.1591796875
dense,2000,32,2,241,0.0005209147348068655,0.928140625,1.0,4000000,0,4000000,0.0,3268608000,0.0007501000000047497,0.0,88.1591796875
dense,2000,32,2,242,0.0005206072819419205,0.928265625,1.0,4000000,0,4000000,0.0,3268608000,0.0007222999993246049,0.0,88.1591796875
dense,2000,32,2,243,0.000520414556376636,0.9285,1.0,4000000,0,4000000,0.0,3268608000,0.0007645000005140901,0.0,88.1591796875
dense,2000,32,2,244,0.0005204568151384592,0.92853125,1.0,4000000,0,4000000,0.0,3268608000,0.0008596999996370869,0.0,88.1591796875
dense,2000,32,2,245,0.000520959438290447,0.928703125,1.0,4000000,0,4000000,0.0,3268608000,0.0012606000000232598,0.0,88.1591796875
dense,2000,32,2,246,0.0005228638765402138,0.92884375,1.0,4000000,0,4000000,0.0,3268608000,0.0007469000011042226,0.0,88.1591796875
dense,2000,32,2,247,0.0005269285757094622,0.929015625,1.0,4000000,0,4000000,0.0,3268608000,0.0009444999996048864,0.0,88.1591796875
dense,2000,32,2,248,0.0005395830958150327,0.929,1.0,4000000,0,4000000,0.0,3268608000,0.0009670999988884432,0.0,88.1591796875
dense,2000,32,2,249,0.0005501288105733693,0.92925,1.0,4000000,0,4000000,0.0,3268608000,0.0008185000006051268,0.0,88.1591796875
dense,2000,32,2,250,0.0005784101667813957,0.929125,1.0,4000000,0,4000000,0.0,3268608000,0.0012457999982871115,0.0,88.1591796875
dense,2000,32,2,251,0.0005517397657968104,0.929203125,1.0,4000000,0,4000000,0.0,3268608000,0.001260099999853992,0.0,88.1591796875
dense,2000,32,2,252,0.0005313169094733894,0.929015625,1.0,4000000,0,4000000,0.0,3268608000,0.0009641999986342853,0.0,88.1591796875
dense,2000,32,2,253,0.0005272715934552252,0.929296875,1.0,4000000,0,4000000,0.0,3268608000,0.0009589000001142267,0.0,88.1591796875
dense,2000,32,2,254,0.0005369860446080565,0.92946875,1.0,4000000,0,4000000,0.0,3268608000,0.0009243999993486796,0.0,88.1591796875
dense,2000,32,2,255,0.0005532052600756288,0.929296875,1.0,4000000,0,4000000,0.0,3268608000,0.0016121999997267267,0.0,88.1591796875
dense,2000,32,2,256,0.0005431039608083665,0.929671875,1.0,4000000,0,4000000,0.0,3268608000,0.0008364999994228128,0.0,88.1591796875
dense,2000,32,2,257,0.0005321623757481575,0.929203125,1.0,4000000,0,4000000,0.0,3268608000,0.0008078999999270309,0.0,88.1591796875
dense,2000,32,2,258,0.0005273689166642725,0.929375,1.0,4000000,0,4000000,0.0,3268608000,0.0008198000014090212,0.0,88.1591796875
dense,2000,32,2,259,0.0005315751186572015,0.929296875,1.0,4000000,0,4000000,0.0,3268608000,0.0007106000011845026,0.0,88.1591796875
dense,2000,32,2,260,0.0005382795352488756,0.9291875,1.0,4000000,0,4000000,0.0,3268608000,0.0006964999993215315,0.0,88.1591796875
dense,2000,32,2,261,0.0005349364364519715,0.929234375,1.0,4000000,0,4000000,0.0,3268608000,0.0009398000001965556,0.0,88.1591796875
dense,2000,32,2,262,0.0005301725468598306,0.92921875,1.0,4000000,0,4000000,0.0,3268608000,0.0008837000004859874,0.0,88.1591796875
dense,2000,32,2,263,0.0005256985314190388,0.92946875,1.0,4000000,0,4000000,0.0,3268608000,0.000712799999746494,0.0,88.1591796875
dense,2000,32,2,264,0.0005257835146039724,0.929390625,1.0,4000000,0,4000000,0.0,3268608000,0.0006939000013517216,0.0,88.1591796875
dense,2000,32,2,265,0.0005275634466670454,0.929375,1.0,4000000,0,4000000,0.0,3268608000,0.0006759000007150462,0.0,88.1591796875
dense,2000,32,2,266,0.0005282627535052598,0.92940625,1.0,4000000,0,4000000,0.0,3268608000,0.0008737999996810686,0.0,88.1591796875
dense,2000,32,2,267,0.0005289485561661422,0.92925,1.0,4000000,0,4000000,0.0,3268608000,0.0007366000008914853,0.0,88.1591796875
dense,2000,32,2,268,0.0005270666442811489,0.929578125,1.0,4000000,0,4000000,0.0,3268608000,0.0006935000001249136,0.0,88.1591796875
dense,2000,32,2,269,0.0005260218749754131,0.92934375,1.0,4000000,0,4000000,0.0,3268608000,0.0009955999994417652,0.0,88.1591796875
dense,2000,32,2,270,0.0005241291946731508,0.92940625,1.0,4000000,0,4000000,0.0,3268608000,0.000815199999124161,0.0,88.1591796875
dense,2000,32,2,271,0.0005229192902334034,0.92940625,1.0,4000000,0,4000000,0.0,3268608000,0.0006998999997449573,0.0,88.1591796875
dense,2000,32,2,272,0.0005223746411502361,0.929328125,1.0,4000000,0,4000000,0.0,3268608000,0.0006848000011814293,0.0,88.1591796875
dense,2000,32,2,273,0.0005225508939474821,0.929375,1.0,4000000,0,4000000,0.0,3268608000,0.001036999999996624,0.0,88.1591796875
dense,2000,32,2,274,0.0005230923998169601,0.92909375,1.0,4000000,0,4000000,0.0,3268608000,0.0009262000003218418,0.0,88.1591796875
dense,2000,32,2,275,0.000523235707078129,0.92940625,1.0,4000000,0,4000000,0.0,3268608000,0.0007370000002993038,0.0,88.1591796875
dense,2000,32,2,276,0.0005233386182226241,0.92928125,1.0,4000000,0,4000000,0.0,3268608000,0.0007201999997050734,0.0,88.1591796875
dense,2000,32,2,277,0.0005228337249718606,0.929359375,1.0,4000000,0,4000000,0.0,3268608000,0.001132800000050338,0.0,88.1591796875
dense,2000,32,2,278,0.0005228192312642932,0.929359375,1.0,4000000,0,4000000,0.0,3268608000,0.0008471000001009088,0.0,88.1591796875
dense,2000,32,2,279,0.00052267947467044,0.929328125,1.0,4000000,0,4000000,0.0,3268608000,0.0006954000000405358,0.0,88.1591796875
dense,2000,32,2,280,0.0005227171932347119,0.9294375,1.0,4000000,0,4000000,0.0,3268608000,0.0006831999999121763,0.0,88.1591796875
dense,2000,32,2,281,0.0005221556639298797,0.929484375,1.0,4000000,0,4000000,0.0,3268608000,0.0007927000006020535,0.0,88.1591796875
dense,2000,32,2,282,0.0005215605488047004,0.92946875,1.0,4000000,0,4000000,0.0,3268608000,0.000923999999940861,0.0,88.1591796875
dense,2000,32,2,283,0.0005209218361414969,0.929578125,1.0,4000000,0,4000000,0.0,3268608000,0.0007939000006444985,0.0,88.1591796875
dense,2000,32,2,284,0.0005206141504459083,0.929359375,1.0,4000000,0,4000000,0.0,3268608000,0.0007736999996268423,0.0,88.1591796875
dense,2000,32,2,285,0.0005204585613682866,0.929453125,1.0,4000000,0,4000000,0.0,3268608000,0.002194200000303681,0.0,88.1591796875
dense,2000,32,2,286,0.0005203200853429735,0.92946875,1.0,4000000,0,4000000,0.0,3268608000,0.0008711999998922693,0.0,88.1591796875
dense,2000,32,2,287,0.0005199736915528774,0.929453125,1.0,4000000,0,4000000,0.0,3268608000,0.0007402000010188203,0.0,88.1591796875
dense,2000,32,2,288,0.0005195668200030923,0.929671875,1.0,4000000,0,4000000,0.0,3268608000,0.0008372999982384499,0.0,88.1591796875
dense,2000,32,2,289,0.0005193366087041795,0.9295625,1.0,4000000,0,4000000,0.0,3268608000,0.000991799999610521,0.0,88.1591796875
dense,2000,32,2,290,0.000519526656717062,0.92959375,1.0,4000000,0,4000000,0.0,3268608000,0.000900700000784127,0.0,88.1591796875
dense,2000,32,2,291,0.000520171073731035,0.929578125,1.0,4000000,0,4000000,0.0,3268608000,0.0007304999999178108,0.0,88.1591796875
dense,2000,32,2,292,0.0005213081021793187,0.929578125,1.0,4000000,0,4000000,0.0,3268608000,0.001172000000224216,0.0,88.1591796875
dense,2000,32,2,293,0.0005229074158705771,0.929421875,1.0,4000000,0,4000000,0.0,3268608000,0.0008229000013670884,0.0,88.1591796875
dense,2000,32,2,294,0.0005256655276753008,0.9295625,1.0,4000000,0,4000000,0.0,3268608000,0.0007506000001740176,0.0,88.1591796875
dense,2000,32,2,295,0.0005294761504046619,0.929328125,1.0,4000000,0,4000000,0.0,3268608000,0.0006955000008019852,0.0,88.1591796875
dense,2000,32,2,296,0.000536374980583787,0.92975,1.0,4000000,0,4000000,0.0,3268608000,0.001019799999994575,0.0,88.1591796875
dense,2000,32,2,297,0.0005436826031655073,0.929296875,1.0,4000000,0,4000000,0.0,3268608000,0.0008670000006532064,0.0,88.1591796875
dense,2000,32,2,298,0.000555202248506248,0.929671875,1.0,4000000,0,4000000,0.0,3268608000,0.0007554000003437977,0.0,88.1591796875
dense,2000,32,2,299,0.0005598874995484948,0.92946875,1.0,4000000,0,4000000,0.0,3268608000,0.0007674999997107079,0.0,88.1591796875
dense,2000,32,2,300,0.0005638198344968259,0.929421875,1.0,4000000,0,4000000,0.0,3268608000,0.001874100000350154,0.0,88.1591796875
dense,2000,32,2,301,0.0005550662754103541,0.9295,1.0,4000000,0,4000000,0.0,3268608000,0.0009024999999382999,0.0,88.1591796875
dense,2000,32,2,302,0.0005457201041281223,0.929484375,1.0,4000000,0,4000000,0.0,3268608000,0.000715199999831384,0.0,88.1591796875
dense,2000,32,2,303,0.0005358344060368836,0.92971875,1.0,4000000,0,4000000,0.0,3268608000,0.0007354999997915002,0.0,88.1591796875
dense,2000,32,2,304,0.0005343342199921608,0.929171875,1.0,4000000,0,4000000,0.0,3268608000,0.0008012999987840885,0.0,88.1591796875
dense,2000,32,2,305,0.0005382561357691884,0.929703125,1.0,4000000,0,4000000,0.0,3268608000,0.0007858000008127419,0.0,88.1591796875
dense,2000,32,2,306,0.0005446300492621958,0.929125,1.0,4000000,0,4000000,0.0,3268608000,0.0006950999995751772,0.0,88.1591796875
dense,2000,32,2,307,0.000548042356967926,0.929828125,1.0,4000000,0,4000000,0.0,3268608000,0.0007475000002159504,0.0,88.1591796875
dense,2000,32,2,308,0.0005455086356960237,0.9291875,1.0,4000000,0,4000000,0.0,3268608000,0.0010605999996187165,0.0,88.1591796875
dense,2000,32,2,309,0.0005380992079153657,0.92971875,1.0,4000000,0,4000000,0.0,3268608000,0.000763300000471645,0.0,88.1591796875
dense,2000,32,2,310,0.0005324229132384062,0.929546875,1.0,4000000,0,4000000,0.0,3268608000,0.0007492999993701233,0.0,88.1591796875
dense,2000,32,2,311,0.000529007927980274,0.929546875,1.0,4000000,0,4000000,0.0,3268608000,0.0007002999991527759,0.0,88.1591796875
dense,2000,32,2,312,0.000530183024238795,0.9296875,1.0,4000000,0,4000000,0.0,3268608000,0.0021846999989065807,0.0,88.1591796875
dense,2000,32,2,313,0.000531508238054812,0.929578125,1.0,4000000,0,4000000,0.0,3268608000,0.0009028000004036585,0.0,88.1591796875
dense,2000,32,2,314,0.0005323122022673488,0.929671875,1.0,4000000,0,4000000,0.0,3268608000,0.0015676999992138008,0.0,88.1591796875
dense,2000,32,2,315,0.0005292334244586527,0.929453125,1.0,4000000,0,4000000,0.0,3268608000,0.0009267999994335696,0.0,88.1591796875
dense,2000,32,2,316,0.000525409821420908,0.929796875,1.0,4000000,0,4000000,0.0,3268608000,0.0007026999992376659,0.0,88.1591796875
dense,2000,32,2,317,0.0005223872722126544,0.9296875,1.0,4000000,0,4000000,0.0,3268608000,0.0007093000003806083,0.0,88.1591796875
dense,2000,32,2,318,0.000521844660397619,0.929640625,1.0,4000000,0,4000000,0.0,3268608000,0.0009028000004036585,0.0,88.1591796875
dense,2000,32,2,319,0.0005236155702732503,0.929734375,1.0,4000000,0,4000000,0.0,3268608000,0.0007815999997546896,0.0,88.1591796875
dense,2000,32,2,320,0.0005259926547296345,0.929734375,1.0,4000000,0,4000000,0.0,3268608000,0.0007224999990285141,0.0,88.1591796875
dense,2000,32,2,321,0.0005283128120936453,0.929625,1.0,4000000,0,4000000,0.0,3268608000,0.0007274999989022035,0.0,88.1591796875
dense,2000,32,2,322,0.0005286129890009761,0.929703125,1.0,4000000,0,4000000,0.0,3268608000,0.000940699999773642,0.0,88.1591796875
dense,2000,32,2,323,0.0005293279536999762,0.92953125,1.0,4000000,0,4000000,0.0,3268608000,0.0008096000001387438,0.0,88.1591796875
dense,2000,32,2,324,0.0005286143277771771,0.929734375,1.0,4000000,0,4000000,0.0,3268608000,0.000712799999746494,0.0,88.1591796875
dense,2000,32,2,325,0.0005312585853971541,0.929390625,1.0,4000000,0,4000000,0.0,3268608000,0.0006976999993639765,0.0,88.1591796875
dense,2000,32,2,326,0.0005316023016348481,0.92978125,1.0,4000000,0,4000000,0.0,3268608000,0.0006747999996150611,0.0,88.1591796875
dense,2000,32,2,327,0.0005362802767194808,0.92921875,1.0,4000000,0,4000000,0.0,3268608000,0.0009669999999459833,0.0,88.1591796875
dense,2000,32,2,328,0.0005354047752916813,0.92990625,1.0,4000000,0,4000000,0.0,3268608000,0.0007658000013179844,0.0,88.1591796875
dense,2000,32,2,329,0.0005365039105527103,0.92928125,1.0,4000000,0,4000000,0.0,3268608000,0.0007041999997454695,0.0,88.1591796875
dense,2000,32,2,330,0.000533382932189852,0.929984375,1.0,4000000,0,4000000,0.0,3268608000,0.0007045999991532881,0.0,88.1591796875
dense,2000,32,2,331,0.0005307949613779783,0.9293125,1.0,4000000,0,4000000,0.0,3268608000,0.0008220999989134725,0.0,88.1591796875
dense,2000,32,2,332,0.0005280192126519978,0.929828125,1.0,4000000,0,4000000,0.0,3268608000,0.0007805999994161539,0.0,88.1591796875
dense,2000,32,2,333,0.0005263378261588514,0.929484375,1.0,4000000,0,4000000,0.0,3268608000,0.0024800999999570195,0.0,88.1591796875
dense,2000,32,2,334,0.0005258076125755906,0.9296875,1.0,4000000,0,4000000,0.0,3268608000,0.001029200000630226,0.0,88.1591796875
dense,2000,32,2,335,0.0005264717037789524,0.929515625,1.0,4000000,0,4000000,0.0,3268608000,0.0008214999998017447,0.0,88.1591796875
dense,2000,32,2,336,0.0005276722367852926,0.929671875,1.0,4000000,0,4000000,0.0,3268608000,0.0007850000001781154,0.0,88.1591796875
dense,2000,32,2,337,0.0005291564739309251,0.92975,1.0,4000000,0,4000000,0.0,3268608000,0.0009223000015481375,0.0,88.1591796875
dense,2000,32,2,338,0.0005304923979565501,0.929390625,1.0,4000000,0,4000000,0.0,3268608000,0.0025444000002607936,0.0,88.1591796875
dense,2000,32,2,339,0.0005311443819664419,0.929734375,1.0,4000000,0,4000000,0.0,3268608000,0.0007814999989932403,0.0,88.1591796875
dense,2000,32,2,340,0.0005317868199199438,0.92928125,1.0,4000000,0,4000000,0.0,3268608000,0.0007473000005120412,0.0,88.1591796875
dense,2000,32,2,341,0.0005312062567099929,0.929703125,1.0,4000000,0,4000000,0.0,3268608000,0.0008144999992509838,0.0,88.1591796875
dense,2000,32,2,342,0.0005319684278219938,0.929203125,1.0,4000000,0,4000000,0.0,3268608000,0.0007796000008966075,0.0,88.1591796875
dense,2000,32,2,343,0.000531235127709806,0.929578125,1.0,4000000,0,4000000,0.0,3268608000,0.0007336000016948674,0.0,88.1591796875
dense,2000,32,2,344,0.0005333440494723618,0.9293125,1.0,4000000,0,4000000,0.0,3268608000,0.0007078999988152646,0.0,88.1591796875
dense,2000,32,2,345,0.000533144164364785,0.92953125,1.0,4000000,0,4000000,0.0,3268608000,0.0008737999996810686,0.0,88.1591796875
dense,2000,32,2,346,0.0005358538473956287,0.9293125,1.0,4000000,0,4000000,0.0,3268608000,0.0008271000006061513,0.0,88.1591796875
dense,2000,32,2,347,0.0005354168242774904,0.92953125,1.0,4000000,0,4000000,0.0,3268608000,0.0007785999987390824,0.0,88.1591796875
dense,2000,32,2,348,0.0005368299316614866,0.9294375,1.0,4000000,0,4000000,0.0,3268608000,0.0007626999995409278,0.0,88.1591796875
dense,2000,32,2,349,0.0005356103647500277,0.929421875,1.0,4000000,0,4000000,0.0,3268608000,0.0011844999989989446,0.0,88.1591796875
dense,2000,32,2,350,0.0005354362074285746,0.929515625,1.0,4000000,0,4000000,0.0,3268608000,0.0007765999998810003,0.0,88.1591796875
dense,2000,32,2,351,0.0005337633192539215,0.9295,1.0,4000000,0,4000000,0.0,3268608000,0.0007876999989093747,0.0,88.1591796875
dense,2000,32,2,352,0.0005330809508450329,0.929390625,1.0,4000000,0,4000000,0.0,3268608000,0.0007818000012775883,0.0,88.1591796875
dense,2000,32,2,353,0.0005319603951647878,0.9295625,1.0,4000000,0,4000000,0.0,3268608000,0.0008167999985744245,0.0,88.1591796875
dense,2000,32,2,354,0.0005323035875335336,0.929203125,1.0,4000000,0,4000000,0.0,3268608000,0.0007298000000446336,0.0,88.1591796875
dense,2000,32,2,355,0.0005332843284122646,0.929640625,1.0,4000000,0,4000000,0.0,3268608000,0.0007482999990315875,0.0,88.1591796875
dense,2000,32,2,356,0.0005357311456464231,0.929125,1.0,4000000,0,4000000,0.0,3268608000,0.003910699999323697,0.0,88.1591796875
dense,2000,32,2,357,0.0005387511919252574,0.9295625,1.0,4000000,0,4000000,0.0,3268608000,0.0009061999990080949,0.0,88.1591796875
dense,2000,32,2,358,0.0005420863744802773,0.92903125,1.0,4000000,0,4000000,0.0,3268608000,0.001250600000275881,0.0,88.1591796875
dense,2000,32,2,359,0.0005445257411338389,0.929375,1.0,4000000,0,4000000,0.0,3268608000,0.000879599998370395,0.0,88.1591796875
dense,2000,32,2,360,0.0005459829699248075,0.92903125,1.0,4000000,0,4000000,0.0,3268608000,0.0007657000005565351,0.0,88.1591796875
dense,2000,32,2,361,0.0005450918688438833,0.929484375,1.0,4000000,0,4000000,0.0,3268608000,0.000782499999331776,0.0,88.1591796875
dense,2000,32,2,362,0.0005435009370557964,0.9293125,1.0,4000000,0,4000000,0.0,3268608000,0.0008006999996723607,0.0,88.1591796875
dense,2000,32,2,363,0.000540788343641907,0.929453125,1.0,4000000,0,4000000,0.0,3268608000,0.0007256999997480307,0.0,88.1591796875
dense,2000,32,2,364,0.0005399990477599204,0.929421875,1.0,4000000,0,4000000,0.0,3268608000,0.0007011999987298623,0.0,88.1591796875
dense,2000,32,2,365,0.0005406339187175035,0.929421875,1.0,4000000,0,4000000,0.0,3268608000,0.0007845000000088476,0.0,88.1591796875
dense,2000,32,2,366,0.0005442245746962726,0.92946875,1.0,4000000,0,4000000,0.0,3268608000,0.0017818999986047857,0.0,88.1591796875
dense,2000,32,2,367,0.0005475695361383259,0.9295,1.0,4000000,0,4000000,0.0,3268608000,0.0008634000005258713,0.0,88.1591796875
dense,2000,32,2,368,0.0005506396410055459,0.92959375,1.0,4000000,0,4000000,0.0,3268608000,0.0007045999991532881,0.0,88.1591796875
dense,2000,32,2,369,0.0005497386446222663,0.92925,1.0,4000000,0,4000000,0.0,3268608000,0.0006790999996155733,0.0,88.1591796875
dense,2000,32,2,370,0.0005460758693516254,0.9296875,1.0,4000000,0,4000000,0.0,3268608000,0.0010235999998258194,0.0,88.1591796875
dense,2000,32,2,371,0.0005411430611275136,0.9293125,1.0,4000000,0,4000000,0.0,3268608000,0.0007709999990765937,0.0,88.1591796875
dense,2000,32,2,372,0.0005372826126404107,0.929765625,1.0,4000000,0,4000000,0.0,3268608000,0.0006936999998288229,0.0,88.1591796875
dense,2000,32,2,373,0.000538216030690819,0.929375,1.0,4000000,0,4000000,0.0,3268608000,0.0007650000006833579,0.0,88.1591796875
dense,2000,32,2,374,0.0005422018002718687,0.929703125,1.0,4000000,0,4000000,0.0,3268608000,0.0009238000002369517,0.0,88.1591796875
dense,2000,32,2,375,0.0005516208475455642,0.929421875,1.0,4000000,0,4000000,0.0,3268608000,0.0007650999996258179,0.0,88.1591796875
dense,2000,32,2,376,0.0005549473571591079,0.929640625,1.0,4000000,0,4000000,0.0,3268608000,0.0007472000015695812,0.0,88.1591796875
dense,2000,32,2,377,0.0005616408889181912,0.929171875,1.0,4000000,0,4000000,0.0,3268608000,0.0007100000002537854,0.0,88.1591796875
dense,2000,32,2,378,0.0005491641932167113,0.9295,1.0,4000000,0,4000000,0.0,3268608000,0.0016477999997732695,0.0,88.1591796875
dense,2000,32,2,379,0.0005397053901106119,0.929296875,1.0,4000000,0,4000000,0.0,3268608000,0.0008098000016616425,0.0,88.1591796875
dense,2000,32,2,380,0.0005294836009852588,0.92959375,1.0,4000000,0,4000000,0.0,3268608000,0.0008018999997148057,0.0,88.1591796875
dense,2000,32,2,381,0.000527478230651468,0.929546875,1.0,4000000,0,4000000,0.0,3268608000,0.0007922999993752455,0.0,88.1591796875
dense,2000,32,2,382,0.0005312887369655073,0.929546875,1.0,4000000,0,4000000,0.0,3268608000,0.0007504000004701084,0.0,88.1591796875
dense,2000,32,2,383,0.0005362721858546138,0.929421875,1.0,4000000,0,4000000,0.0,3268608000,0.0007035000016912818,0.0,88.1591796875
dense,2000,32,2,384,0.0005401078378781676,0.92953125,1.0,4000000,0,4000000,0.0,3268608000,0.0007069000002957182,0.0,88.1591796875
dense,2000,32,2,385,0.0005379993235692382,0.9293125,1.0,4000000,0,4000000,0.0,3268608000,0.0007194999998318963,0.0,88.1591796875
dense,2000,32,2,386,0.0005357822519727051,0.929328125,1.0,4000000,0,4000000,0.0,3268608000,0.002371599999605678,0.0,88.1591796875
dense,2000,32,2,387,0.0005302474601194263,0.929578125,1.0,4000000,0,4000000,0.0,3268608000,0.0007640999992872821,0.0,88.1591796875
dense,2000,32,2,388,0.0005291400593705475,0.929375,1.0,4000000,0,4000000,0.0,3268608000,0.0007150000001274748,0.0,88.1591796875
dense,2000,32,2,389,0.000529484183061868,0.92975,1.0,4000000,0,4000000,0.0,3268608000,0.0006922999982634792,0.0,88.1591796875
dense,2000,32,2,390,0.0005325814126990736,0.929390625,1.0,4000000,0,4000000,0.0,3268608000,0.0007730000015726546,0.0,88.1591796875
dense,2000,32,2,391,0.0005347871920093894,0.9298125,1.0,4000000,0,4000000,0.0,3268608000,0.0007059999988996424,0.0,88.1591796875
dense,2000,32,2,392,0.000535172934178263,0.929421875,1.0,4000000,0,4000000,0.0,3268608000,0.0007731999994575744,0.0,88.1591796875
dense,2000,32,2,393,0.0005328013212420046,0.929859375,1.0,4000000,0,4000000,0.0,3268608000,0.0008223000004363712,0.0,88.1591796875
dense,2000,32,2,394,0.0005292833666317165,0.929171875,1.0,4000000,0,4000000,0.0,3268608000,0.0007007999993220437,0.0,88.1591796875
dense,2000,32,2,395,0.0005261534824967384,0.92990625,1.0,4000000,0,4000000,0.0,3268608000,0.0007738000003882917,0.0,88.1591796875
dense,2000,32,2,396,0.0005255022551864386,0.92940625,1.0,4000000,0,4000000,0.0,3268608000,0.0008355999998457264,0.0,88.1591796875
dense,2000,32,2,397,0.0005266338703222573,0.92959375,1.0,4000000,0,4000000,0.0,3268608000,0.0007693000006838702,0.0,88.1591796875
dense,2000,32,2,398,0.0005305353552103043,0.929421875,1.0,4000000,0,4000000,0.0,3268608000,0.0008309000004373956,0.0,88.1591796875
dense,2000,32,2,399,0.0005333048175089061,0.929546875,1.0,4000000,0,4000000,0.0,3268608000,0.0007072000007610768,0.0,88.1591796875
dense,2000,32,2,400,0.0005384208052419126,0.929328125,1.0,4000000,0,4000000,0.0,3268608000,0.0007451000001310604,0.0,88.1591796875
dense,2000,32,2,401,0.0005383610841818154,0.92965625,1.0,4000000,0,4000000,0.0,3268608000,0.0007485000005544862,0.0,88.1591796875
dense,2000,32,2,402,0.0005415156483650208,0.929234375,1.0,4000000,0,4000000,0.0,3268608000,0.0011808999988716096,0.0,88.1591796875
dense,2000,32,2,403,0.0005380468792282045,0.929609375,1.0,4000000,0,4000000,0.0,3268608000,0.0007721000001765788,0.0,88.1591796875
dense,2000,32,2,404,0.0005380482762120664,0.92928125,1.0,4000000,0,4000000,0.0,3268608000,0.0008161999994626967,0.0,88.1591796875
dense,2000,32,2,405,0.0005356079782359302,0.929625,1.0,4000000,0,4000000,0.0,3268608000,0.0008099999995465623,0.0,88.1591796875
dense,2000,32,2,406,0.0005356389447115362,0.929265625,1.0,4000000,0,4000000,0.0,3268608000,0.0007961999999679392,0.0,88.1591796875
dense,2000,32,2,407,0.0005355922039598227,0.92959375,1.0,4000000,0,4000000,0.0,3268608000,0.0008010999990801793,0.0,88.1591796875
dense,2000,32,2,408,0.0005355948233045638,0.929328125,1.0,4000000,0,4000000,0.0,3268608000,0.0007937999998830492,0.0,88.1591796875
dense,2000,32,2,409,0.0005351269501261413,0.929609375,1.0,4000000,0,4000000,0.0,3268608000,0.0007640000003448222,0.0,88.1591796875
dense,2000,32,2,410,0.0005336892791092396,0.929359375,1.0,4000000,0,4000000,0.0,3268608000,0.0007557000008091563,0.0,88.1591796875
dense,2000,32,2,411,0.0005326080718077719,0.929484375,1.0,4000000,0,4000000,0.0,3268608000,0.0007995000014489051,0.0,88.1591796875
dense,2000,32,2,412,0.0005315920570865273,0.929546875,1.0,4000000,0,4000000,0.0,3268608000,0.0007791000007273396,0.0,88.1591796875
dense,2000,32,2,413,0.0005322647630237043,0.929546875,1.0,4000000,0,4000000,0.0,3268608000,0.0007218999999167863,0.0,88.1591796875
dense,2000,32,2,414,0.0005340846837498248,0.929578125,1.0,4000000,0,4000000,0.0,3268608000,0.0008124999985739123,0.0,88.1591796875
dense,2000,32,2,415,0.0005382744129747152,0.92946875,1.0,4000000,0,4000000,0.0,3268608000,0.0008194999991246732,0.0,88.1591796875
dense,2000,32,2,416,0.0005432288162410259,0.9295625,1.0,4000000,0,4000000,0.0,3268608000,0.0008419000005233102,0.0,88.1591796875
dense,2000,32,2,417,0.0005515242810361087,0.929125,1.0,4000000,0,4000000,0.0,3268608000,0.0007709000001341337,0.0,88.1591796875
dense,2000,32,2,418,0.0005570821813307703,0.929578125,1.0,4000000,0,4000000,0.0,3268608000,0.0024401999999099644,0.0,88.1591796875
dense,2000,32,2,419,0.0005667302757501602,0.929078125,1.0,4000000,0,4000000,0.0,3268608000,0.0008653999993839534,0.0,88.1591796875
dense,2000,32,2,420,0.0005639740847982466,0.929734375,1.0,4000000,0,4000000,0.0,3268608000,0.0008166999996319646,0.0,88.1591796875
dense,2000,32,2,421,0.0005617771530523896,0.929140625,1.0,4000000,0,4000000,0.0,3268608000,0.0007634000012330944,0.0,88.1591796875
dense,2000,32,2,422,0.0005500754923559725,0.92971875,1.0,4000000,0,4000000,0.0,3268608000,0.0008205000012821984,0.0,88.1591796875
dense,2000,32,2,423,0.0005418521468527615,0.929125,1.0,4000000,0,4000000,0.0,3268608000,0.0008947999995143618,0.0,88.1591796875
dense,2000,32,2,424,0.0005381616647355258,0.929515625,1.0,4000000,0,4000000,0.0,3268608000,0.0007296999992831843,0.0,88.1591796875
dense,2000,32,2,425,0.0005412736791186035,0.9294375,1.0,4000000,0,4000000,0.0,3268608000,0.0007026999992376659,0.0,88.1591796875
dense,2000,32,2,426,0.0005491600022651255,0.92934375,1.0,4000000,0,4000000,0.0,3268608000,0.0008536999994248617,0.0,88.1591796875
dense,2000,32,2,427,0.0005573232192546129,0.92975,1.0,4000000,0,4000000,0.0,3268608000,0.0007973999981913948,0.0,88.1591796875
dense,2000,32,2,428,0.0005684049683623016,0.9291875,1.0,4000000,0,4000000,0.0,3268608000,0.0007384000000456581,0.0,88.1591796875
dense,2000,32,2,429,0.0005655756103806198,0.929546875,1.0,4000000,0,4000000,0.0,3268608000,0.0007852999988244846,0.0,88.1591796875
dense,2000,32,2,430,0.0005633806576952338,0.92925,1.0,4000000,0,4000000,0.0,3268608000,0.0006831999999121763,0.0,88.1591796875
dense,2000,32,2,431,0.0005508670583367348,0.9296875,1.0,4000000,0,4000000,0.0,3268608000,0.0007188999989011791,0.0,88.1591796875
dense,2000,32,2,432,0.0005443353438749909,0.9295,1.0,4000000,0,4000000,0.0,3268608000,0.0006737999992765253,0.0,88.1591796875
dense,2000,32,2,433,0.000540916167665273,0.9295,1.0,4000000,0,4000000,0.0,3268608000,0.0008029999989958014,0.0,88.1591796875
dense,2000,32,2,434,0.0005449685268104076,0.929609375,1.0,4000000,0,4000000,0.0,3268608000,0.0006857999997009756,0.0,88.1591796875
dense,2000,32,2,435,0.0005517308600246906,0.929453125,1.0,4000000,0,4000000,0.0,3268608000,0.0007190999986050883,0.0,88.1591796875
dense,2000,32,2,436,0.0005548446206375957,0.9296875,1.0,4000000,0,4000000,0.0,3268608000,0.0006888000007165829,0.0,88.1591796875
dense,2000,32,2,437,0.0005571378860622644,0.92928125,1.0,4000000,0,4000000,0.0,3268608000,0.0008106999994197395,0.0,88.1591796875
dense,2000,32,2,438,0.000546466966625303,0.92959375,1.0,4000000,0,4000000,0.0,3268608000,0.0007061000014800811,0.0,88.1591796875
dense,2000,32,2,439,0.0005384930409491062,0.92940625,1.0,4000000,0,4000000,0.0,3268608000,0.0007334000001719687,0.0,88.1591796875
dense,2000,32,2,440,0.0005319346091710031,0.929515625,1.0,4000000,0,4000000,0.0,3268608000,0.000780099999246886,0.0,88.1591796875
dense,2000,32,2,441,0.0005317906616255641,0.9296875,1.0,4000000,0,4000000,0.0,3268608000,0.0007229000002553221,0.0,88.1591796875
dense,2000,32,2,442,0.0005357516347430646,0.929484375,1.0,4000000,0,4000000,0.0,3268608000,0.0007163999998738291,0.0,88.1591796875
dense,2000,32,2,443,0.0005395289626903832,0.929625,1.0,4000000,0,4000000,0.0,3268608000,0.0007141999994928483,0.0,88.1591796875
dense,2000,32,2,444,0.0005407604039646685,0.9295625,1.0,4000000,0,4000000,0.0,3268608000,0.0006819999998697313,0.0,88.1591796875
dense,2000,32,2,445,0.0005378942005336285,0.92940625,1.0,4000000,0,4000000,0.0,3268608000,0.0006878000003780471,0.0,88.1591796875
dense,2000,32,2,446,0.0005338687333278358,0.929390625,1.0,4000000,0,4000000,0.0,3268608000,0.0007786999995005317,0.0,88.1591796875
dense,2000,32,2,447,0.0005293662543408573,0.929453125,1.0,4000000,0,4000000,0.0,3268608000,0.0008326999995915685,0.0,88.1591796875
dense,2000,32,2,448,0.0005271902773529291,0.9295625,1.0,4000000,0,4000000,0.0,3268608000,0.0007822999996278668,0.0,88.1591796875
dense,2000,32,2,449,0.0005269355606287718,0.929453125,1.0,4000000,0,4000000,0.0,3268608000,0.0007110999995347811,0.0,88.1591796875
dense,2000,32,2,450,0.0005279615288600326,0.9296875,1.0,4000000,0,4000000,0.0,3268608000,0.0007445999999617925,0.0,88.1591796875
dense,2000,32,2,451,0.0005289493128657341,0.929359375,1.0,4000000,0,4000000,0.0,3268608000,0.004539999999906286,0.0,88.1591796875
dense,2000,32,2,452,0.0005291991401463747,0.92965625,1.0,4000000,0,4000000,0.0,3268608000,0.0007719999994151294,0.0,88.1591796875
dense,2000,32,2,453,0.0005292129935696721,0.9294375,1.0,4000000,0,4000000,0.0,3268608000,0.0008054999998421408,0.0,88.1591796875
dense,2000,32,2,454,0.0005285503575578332,0.9295,1.0,4000000,0,4000000,0.0,3268608000,0.0007487000002583954,0.0,88.1591796875
dense,2000,32,2,455,0.0005290332483127713,0.929546875,1.0,4000000,0,4000000,0.0,3268608000,0.000738499998988118,0.0,88.1591796875
dense,2000,32,2,456,0.000529431039467454,0.929375,1.0,4000000,0,4000000,0.0,3268608000,0.0007196999995358055,0.0,88.1591796875
dense,2000,32,2,457,0.0005310294218361378,0.929578125,1.0,4000000,0,4000000,0.0,3268608000,0.00079600000026403,0.0,88.1591796875
dense,2000,32,2,458,0.0005319220363162458,0.929453125,1.0,4000000,0,4000000,0.0,3268608000,0.002099000001180684,0.0,88.1591796875
dense,2000,32,2,459,0.000532906036823988,0.929734375,1.0,4000000,0,4000000,0.0,3268608000,0.0007392000006802846,0.0,88.1591796875
dense,2000,32,2,460,0.0005326590035110712,0.929421875,1.0,4000000,0,4000000,0.0,3268608000,0.0009012999998958549,0.0,88.1591796875
dense,2000,32,2,461,0.0005325581296347082,0.929578125,1.0,4000000,0,4000000,0.0,3268608000,0.0007912999990367098,0.0,88.1591796875
dense,2000,32,2,462,0.0005327328690327704,0.9294375,1.0,4000000,0,4000000,0.0,3268608000,0.0009331999990536133,0.0,88.1591796875
dense,2000,32,2,463,0.0005343045340850949,0.92946875,1.0,4000000,0,4000000,0.0,3268608000,0.0010762999991129618,0.0,88.1591796875
dense,2000,32,2,464,0.0005387798883020878,0.92946875,1.0,4000000,0,4000000,0.0,3268608000,0.001982700001462945,0.0,88.1591796875
dense,2000,32,2,465,0.0005437291110865772,0.9294375,1.0,4000000,0,4000000,0.0,3268608000,0.001472500000090804,0.0,88.1591796875
dense,2000,32,2,466,0.0005532736540772021,0.92940625,1.0,4000000,0,4000000,0.0,3268608000,0.0008662000000185799,0.0,88.1591796875
dense,2000,32,2,467,0.0005567154148593545,0.92946875,1.0,4000000,0,4000000,0.0,3268608000,0.0010339000000385568,0.0,88.1591796875
dense,2000,32,2,468,0.0005628167418763041,0.929359375,1.0,4000000,0,4000000,0.0,3268608000,0.0009172999998554587,0.0,88.1591796875
dense,2000,32,2,469,0.000559298088774085,0.929609375,1.0,4000000,0,4000000,0.0,3268608000,0.0007402999999612803,0.0,88.1591796875
dense,2000,32,2,470,0.0005562856676988304,0.929234375,1.0,4000000,0,4000000,0.0,3268608000,0.0007067000005918089,0.0,88.1591796875
dense,2000,32,2,471,0.0005527121247723699,0.92971875,1.0,4000000,0,4000000,0.0,3268608000,0.001390400000673253,0.0,88.1591796875
dense,2000,32,2,472,0.0005494963261298835,0.92940625,1.0,4000000,0,4000000,0.0,3268608000,0.0010088999988511205,0.0,88.1591796875
dense,2000,32,2,473,0.000551061297301203,0.92984375,1.0,4000000,0,4000000,0.0,3268608000,0.0008273999992525205,0.0,88.1591796875
dense,2000,32,2,474,0.0005499472608789802,0.9293125,1.0,4000000,0,4000000,0.0,3268608000,0.0007767999995849095,0.0,88.1591796875
dense,2000,32,2,475,0.0005521210841834545,0.929859375,1.0,4000000,0,4000000,0.0,3268608000,0.000845300000946736,0.0,88.1591796875
dense,2000,32,2,476,0.0005513098440133035,0.9294375,1.0,4000000,0,4000000,0.0,3268608000,0.0007275000007211929,0.0,88.1591796875
dense,2000,32,2,477,0.0005525542073883116,0.929765625,1.0,4000000,0,4000000,0.0,3268608000,0.0007167000003391877,0.0,88.1591796875
dense,2000,32,2,478,0.0005533565999940038,0.92928125,1.0,4000000,0,4000000,0.0,3268608000,0.0006881999997858657,0.0,88.1591796875
dense,2000,32,2,479,0.0005540009588003159,0.929578125,1.0,4000000,0,4000000,0.0,3268608000,0.0010211999997409293,0.0,88.1591796875
dense,2000,32,2,480,0.0005553826340474188,0.929203125,1.0,4000000,0,4000000,0.0,3268608000,0.0007784999997966224,0.0,88.1591796875
dense,2000,32,2,481,0.0005514188087545335,0.929546875,1.0,4000000,0,4000000,0.0,3268608000,0.0007255000000441214,0.0,88.1591796875
dense,2000,32,2,482,0.0005483709974214435,0.92940625,1.0,4000000,0,4000000,0.0,3268608000,0.0007893000001786277,0.0,88.1591796875
dense,2000,32,2,483,0.0005440732347778976,0.929515625,1.0,4000000,0,4000000,0.0,3268608000,0.0010562000006757444,0.0,88.1591796875
dense,2000,32,2,484,0.0005427537253126502,0.929765625,1.0,4000000,0,4000000,0.0,3268608000,0.0008066999998845858,0.0,88.1591796875
dense,2000,32,2,485,0.0005432717734947801,0.9293125,1.0,4000000,0,4000000,0.0,3268608000,0.0007453999987774296,0.0,88.1591796875
dense,2000,32,2,486,0.0005452826153486967,0.929703125,1.0,4000000,0,4000000,0.0,3268608000,0.0007144999999582069,0.0,88.1591796875
dense,2000,32,2,487,0.0005476089427247643,0.9291875,1.0,4000000,0,4000000,0.0,3268608000,0.0011145000007672934,0.0,88.1591796875
dense,2000,32,2,488,0.0005467868177220225,0.92971875,1.0,4000000,0,4000000,0.0,3268608000,0.0011450999991211575,0.0,88.1591796875
dense,2000,32,2,489,0.0005462977569550276,0.9294375,1.0,4000000,0,4000000,0.0,3268608000,0.0007423000006383518,0.0,88.1591796875
dense,2000,32,2,490,0.0005419187946245074,0.929546875,1.0,4000000,0,4000000,0.0,3268608000,0.0006893000008858507,0.0,88.1591796875
dense,2000,32,2,491,0.0005400976515375078,0.929578125,1.0,4000000,0,4000000,0.0,3268608000,0.0009023999991768505,0.0,88.1591796875
dense,2000,32,2,492,0.0005386220291256905,0.9296875,1.0,4000000,0,4000000,0.0,3268608000,0.0007460999986506067,0.0,88.1591796875
dense,2000,32,2,493,0.0005420571542344987,0.929578125,1.0,4000000,0,4000000,0.0,3268608000,0.000702600000295206,0.0,88.1591796875
dense,2000,32,2,494,0.0005461975233629346,0.929421875,1.0,4000000,0,4000000,0.0,3268608000,0.0007839999998395797,0.0,88.1591796875
dense,2000,32,2,495,0.0005577201955020428,0.9294375,1.0,4000000,0,4000000,0.0,3268608000,0.0008458000011160038,0.0,88.1591796875
dense,2000,32,2,496,0.0005607875646091998,0.929359375,1.0,4000000,0,4000000,0.0,3268608000,0.0007822999996278668,0.0,88.1591796875
dense,2000,32,2,497,0.0005690375110134482,0.929234375,1.0,4000000,0,4000000,0.0,3268608000,0.0007196999995358055,0.0,88.1591796875
dense,2000,32,2,498,0.000563517736736685,0.929296875,1.0,4000000,0,4000000,0.0,3268608000,0.0007229000002553221,0.0,88.1591796875
dense,2000,32,2,499,0.0005597335984930396,0.929453125,1.0,4000000,0,4000000,0.0,3268608000,0.001887899999928777,0.0,88.1591796875
dense,2000,32,2,500,0.0005538561381399632,0.929421875,1.0,4000000,0,4000000,0.0,3268608000,0.0008280000001832377,0.0,88.1591796875
exact,2000,32,2,1,0.22395062446594238,0.208859375,1.0,64000,4000000,4064000,2000.0,757760000,0.053667500000301516,0.0004027999984828057,85.25732421875
exact,2000,32,2,2,0.1800781488418579,0.17215625,1.0,64000,4000000,4064000,2000.0,757760000,0.0023634999997739214,0.00034469999991415534,85.38232421875
exact,2000,32,2,3,0.15629249811172485,0.144375,1.0,64000,4000000,4064000,2000.0,757760000,0.0016451999999844702,0.000416300001234049,85.38232421875
exact,2000,32,2,4,0.1424551159143448,0.124984375,1.0,64000,4000000,4064000,2000.0,757760000,0.0014489000004687114,0.0003572000005078735,85.38232421875
exact,2000,32,2,5,0.1342189610004425,0.110984375,1.0,64000,4000000,4064000,2000.0,757760000,0.0018709999985730974,0.00047369999992952216,85.38232421875
exact,2000,32,2,6,0.12872211635112762,0.10265625,1.0,64000,4000000,4064000,2000.0,757760000,0.0016966999992291676,0.0003104999996139668,85.38232421875
exact,2000,32,2,7,0.12465965002775192,0.09665625,1.0,64000,4000000,4064000,2000.0,757760000,0.0013935999995737802,0.00030640000113635324,85.38232421875
exact,2000,32,2,8,0.1213645488023758,0.09390625,1.0,64000,4000000,4064000,2000.0,757760000,0.0017523000005894573,0.0003749999996216502,85.38232421875
exact,2000,32,2,9,0.11837898939847946,0.09246875,1.0,64000,4000000,4064000,2000.0,757760000,0.0014265000008890638,0.00035490000118443277,85.38232421875
exact,2000,32,2,10,0.11568144708871841,0.093234375,1.0,64000,4000000,4064000,2000.0,757760000,0.0013412999996944563,0.00033350000012433156,85.38232421875
exact,2000,32,2,11,0.11321175843477249,0.095546875,1.0,64000,4000000,4064000,2000.0,757760000,0.004910100000415696,0.0003763999993680045,85.38232421875
exact,2000,32,2,12,0.11092276126146317,0.098484375,1.0,64000,4000000,4064000,2000.0,757760000,0.002207999999882304,0.0005709999986720504,85.38232421875
exact,2000,32,2,13,0.10882765054702759,0.102265625,1.0,64000,4000000,4064000,2000.0,757760000,0.0018825000006472692,0.00035089999983028974,85.38232421875
exact,2000,32,2,14,0.106984443962574,0.1065,1.0,64000,4000000,4064000,2000.0,757760000,0.0016531000001123175,0.00033259999872825574,85.38232421875
exact,2000,32,2,15,0.1053026020526886,0.111625,1.0,64000,4000000,4064000,2000.0,757760000,0.004705199999079923,0.00037089999932504725,85.38232421875
exact,2000,32,2,16,0.10365704447031021,0.117625,1.0,64000,4000000,4064000,2000.0,757760000,0.002207700001235935,0.0005410999983723741,85.38232421875
exact,2000,32,2,17,0.10215812921524048,0.124640625,1.0,64000,4000000,4064000,2000.0,757760000,0.001605899999049143,0.00037599999996018596,85.38232421875
exact,2000,32,2,18,0.10066293925046921,0.1324375,1.0,64000,4000000,4064000,2000.0,757760000,0.002144499998394167,0.00047590000031050295,85.38232421875
exact,2000,32,2,19,0.09910473227500916,0.14103125,1.0,64000,4000000,4064000,2000.0,757760000,0.0017680000000837026,0.0004281999990780605,85.38232421875
exact,2000,32,2,20,0.09761311113834381,0.150078125,1.0,64000,4000000,4064000,2000.0,757760000,0.0018258000000059837,0.00035260000004200265,85.38232421875
exact,2000,32,2,21,0.09611158818006516,0.15971875,1.0,64000,4000000,4064000,2000.0,757760000,0.0015726999990874901,0.00035490000118443277,85.38232421875
exact,2000,32,2,22,0.09469744563102722,0.170609375,1.0,64000,4000000,4064000,2000.0,757760000,0.0018201000002591172,0.00034860000050684903,85.38232421875
exact,2000,32,2,23,0.09324219077825546,0.182109375,1.0,64000,4000000,4064000,2000.0,757760000,0.0015645000003132736,0.0003546999996615341,85.38232421875
exact,2000,32,2,24,0.09180869907140732,0.193140625,1.0,64000,4000000,4064000,2000.0,757760000,0.00148550000085379,0.0003393000006326474,85.38232421875
exact,2000,32,2,25,0.09034160524606705,0.206078125,1.0,64000,4000000,4064000,2000.0,757760000,0.002280500000779284,0.0008467000006930903,85.38232421875
exact,2000,32,2,26,0.08884091675281525,0.218796875,1.0,64000,4000000,4064000,2000.0,757760000,0.001712299999780953,0.0003600000000005821,85.38232421875
exact,2000,32,2,27,0.08733613789081573,0.23209375,1.0,64000,4000000,4064000,2000.0,757760000,0.0015340999998443294,0.00037800000063725747,85.38232421875
exact,2000,32,2,28,0.08582393825054169,0.246390625,1.0,64000,4000000,4064000,2000.0,757760000,0.0014793999998801155,0.0003360999999131309,85.38232421875
exact,2000,32,2,29,0.08419931679964066,0.26178125,1.0,64000,4000000,4064000,2000.0,757760000,0.0015134000004763948,0.0003436999995756196,85.38232421875
exact,2000,32,2,30,0.08257259428501129,0.277859375,1.0,64000,4000000,4064000,2000.0,757760000,0.001541400000860449,0.00035009999919566326,85.38232421875
exact,2000,32,2,31,0.08090031892061234,0.29328125,1.0,64000,4000000,4064000,2000.0,757760000,0.001728999999613734,0.00046130000009725336,85.38232421875
exact,2000,32,2,32,0.07930445671081543,0.308625,1.0,64000,4000000,4064000,2000.0,757760000,0.001516599999376922,0.0003409999990253709,85.38232421875
exact,2000,32,2,33,0.07762296497821808,0.323296875,1.0,64000,4000000,4064000,2000.0,757760000,0.005913700000746758,0.0003519000001688255,85.38232421875
exact,2000,32,2,34,0.07593949884176254,0.339609375,1.0,64000,4000000,4064000,2000.0,757760000,0.001560099999551312,0.0003656999997474486,85.38232421875
exact,2000,32,2,35,0.07423978298902512,0.3546875,1.0,64000,4000000,4064000,2000.0,757760000,0.0015733000000182074,0.00033849999999802094,85.38232421875
exact,2000,32,2,36,0.07253281027078629,0.369859375,1.0,64000,4000000,4064000,2000.0,757760000,0.0021010999989812262,0.00037259999953676015,85.38232421875
exact,2000,32,2,37,0.07082455605268478,0.38528125,1.0,64000,4000000,4064000,2000.0,757760000,0.0016495999989274424,0.0003431999994063517,85.38232421875
exact,2000,32,2,38,0.06905648857355118,0.400578125,1.0,64000,4000000,4064000,2000.0,757760000,0.0017619999998714775,0.0003347000001667766,85.38232421875
exact,2000,32,2,39,0.06732942163944244,0.415890625,1.0,64000,4000000,4064000,2000.0,757760000,0.0014897999990353128,0.0003540999987308169,85.38232421875
exact,2000,32,2,40,0.06556785851716995,0.430421875,1.0,64000,4000000,4064000,2000.0,757760000,0.0018108999993273756,0.0004349000009824522,85.38232421875
exact,2000,32,2,41,0.0638081282377243,0.444890625,1.0,64000,4000000,4064000,2000.0,757760000,0.0015149999999266583,0.0003407000003790017,85.38232421875
exact,2000,32,2,42,0.062029194086790085,0.459640625,1.0,64000,4000000,4064000,2000.0,757760000,0.0024837000000843545,0.0003538999990269076,85.38232421875
exact,2000,32,2,43,0.060221705585718155,0.473125,1.0,64000,4000000,4064000,2000.0,757760000,0.001940100000865641,0.000575399999434012,85.38232421875
exact,2000,32,2,44,0.05842629447579384,0.4864375,1.0,64000,4000000,4064000,2000.0,757760000,0.0015714000001025852,0.00033199999961652793,85.38232421875
exact,2000,32,2,45,0.0565812811255455,0.4995,1.0,64000,4000000,4064000,2000.0,757760000,0.0015081000001373468,0.00033149999944726005,85.38232421875
exact,2000,32,2,46,0.05478907376527786,0.513,1.0,64000,4000000,4064000,2000.0,757760000,0.0015811000012035947,0.00036550000004353933,85.38232421875
exact,2000,32,2,47,0.0529479905962944,0.525203125,1.0,64000,4000000,4064000,2000.0,757760000,0.0015788999990036245,0.00035570000000006985,85.38232421875
exact,2000,32,2,48,0.05115221068263054,0.5371875,1.0,64000,4000000,4064000,2000.0,757760000,0.0022563999991689343,0.0005693000002793269,85.38232421875
exact,2000,32,2,49,0.049360133707523346,0.548734375,1.0,64000,4000000,4064000,2000.0,757760000,0.001598099999682745,0.00037619999966409523,85.38232421875
exact,2000,32,2,50,0.04762546718120575,0.558578125,1.0,64000,4000000,4064000,2000.0,757760000,0.007079200000589481,0.0022718000000168104,85.38232421875
exact,2000,32,2,51,0.045933641493320465,0.56815625,1.0,64000,4000000,4064000,2000.0,757760000,0.001620500001081382,0.00037619999966409523,85.38232421875
exact,2000,32,2,52,0.044260501861572266,0.577203125,1.0,64000,4000000,4064000,2000.0,757760000,0.0017630999991524732,0.00033690000054775737,85.38232421875
exact,2000,32,2,53,0.0426177904009819,0.58484375,1.0,64000,4000000,4064000,2000.0,757760000,0.0015703000008215895,0.00037649999831046443,85.38232421875
exact,2000,32,2,54,0.04101001098752022,0.59215625,1.0,64000,4000000,4064000,2000.0,757760000,0.0016003000000637257,0.0003802999999606982,85.38232421875
exact,2000,32,2,55,0.03944014757871628,0.59890625,1.0,64000,4000000,4064000,2000.0,757760000,0.0015416000005643582,0.00033489999987068586,85.38232421875
exact,2000,32,2,56,0.03790869936347008,0.60546875,1.0,64000,4000000,4064000,2000.0,757760000,0.0015081999990798067,0.00035340000067662913,85.38232421875
exact,2000,32,2,57,0.036381807178258896,0.61196875,1.0,64000,4000000,4064000,2000.0,757760000,0.0017510000016045524,0.0004527000000962289,85.38232421875
exact,2000,32,2,58,0.034898776561021805,0.6178125,1.0,64000,4000000,4064000,2000.0,757760000,0.0015449999991687946,0.0003496999997878447,85.38232421875
exact,2000,32,2,59,0.03345757722854614,0.62440625,1.0,64000,4000000,4064000,2000.0,757760000,0.004018200001155492,0.0003882000000885455,85.38232421875
exact,2000,32,2,60,0.03204573318362236,0.629875,1.0,64000,4000000,4064000,2000.0,757760000,0.0021350999995775055,0.0006258999983401736,85.38232421875
exact,2000,32,2,61,0.03065558522939682,0.63546875,1.0,64000,4000000,4064000,2000.0,757760000,0.0015844999998080311,0.00033200000143551733,85.38232421875
exact,2000,32,2,62,0.029287118464708328,0.6411875,1.0,64000,4000000,4064000,2000.0,757760000,0.0016676999985065777,0.00036860000000160653,85.38232421875
exact,2000,32,2,63,0.02794635109603405,0.6459375,1.0,64000,4000000,4064000,2000.0,757760000,0.0015159999984462047,0.00035539999953471124,85.38232421875
exact,2000,32,2,64,0.026627028360962868,0.65115625,1.0,64000,4000000,4064000,2000.0,757760000,0.0015779999994265381,0.00034899999991466757,85.38232421875
exact,2000,32,2,65,0.02532857470214367,0.656578125,1.0,64000,4000000,4064000,2000.0,757760000,0.001530800000182353,0.0003620999996201135,85.38232421875
exact,2000,32,2,66,0.024051956832408905,0.6616875,1.0,64000,4000000,4064000,2000.0,757760000,0.0014885999989928678,0.0003126999999949476,85.38232421875
exact,2000,32,2,67,0.02279760129749775,0.666296875,1.0,64000,4000000,4064000,2000.0,757760000,0.001655899999605026,0.0003915999986929819,85.38232421875
exact,2000,32,2,68,0.021573826670646667,0.670734375,1.0,64000,4000000,4064000,2000.0,757760000,0.0015518000000156462,0.0003733000012289267,85.38232421875
exact,2000,32,2,69,0.020381951704621315,0.674828125,1.0,64000,4000000,4064000,2000.0,757760000,0.0018005000001721783,0.0003870999989885604,85.38232421875
exact,2000,32,2,70,0.019230622798204422,0.67878125,1.0,64000,4000000,4064000,2000.0,757760000,0.0015378000007331138,0.0003372999999555759,85.38232421875
exact,2000,32,2,71,0.018117791041731834,0.68296875,1.0,64000,4000000,4064000,2000.0,757760000,0.0018935999996756436,0.0003391999998711981,85.38232421875
exact,2000,32,2,72,0.017049530521035194,0.68703125,1.0,64000,4000000,4064000,2000.0,757760000,0.0016105000013340032,0.00035370000114198774,85.38232421875
exact,2000,32,2,73,0.016030550003051758,0.690125,1.0,64000,4000000,4064000,2000.0,757760000,0.003905300000042189,0.0003698999989865115,85.38232421875
exact,2000,32,2,74,0.015062926337122917,0.6934375,1.0,64000,4000000,4064000,2000.0,757760000,0.002272399999128538,0.0005360000013752142,85.38232421875
exact,2000,32,2,75,0.014151914976537228,0.69659375,1.0,64000,4000000,4064000,2000.0,757760000,0.0015740999988338444,0.0003163999990647426,85.38232421875
exact,2000,32,2,76,0.013296541757881641,0.6995,1.0,64000,4000000,4064000,2000.0,757760000,0.001886000000013155,0.00032949999877018854,85.38232421875
exact,2000,32,2,77,0.012494402937591076,0.702546875,1.0,64000,4000000,4064000,2000.0,757760000,0.0017809000000852393,0.00035089999983028974,85.38232421875
exact,2000,32,2,78,0.011741668917238712,0.705796875,1.0,64000,4000000,4064000,2000.0,757760000,0.002516500000638189,0.00037120000160939526,85.38232421875
exact,2000,32,2,79,0.01103395875543356,0.70846875,1.0,64000,4000000,4064000,2000.0,757760000,0.0017622000013943762,0.00031349999881058466,85.38232421875
exact,2000,32,2,80,0.010369659401476383,0.710890625,1.0,64000,4000000,4064000,2000.0,757760000,0.0027251000010437565,0.0008352000004379079,85.38232421875
exact,2000,32,2,81,0.009749655611813068,0.713796875,1.0,64000,4000000,4064000,2000.0,757760000,0.002077899998766952,0.00036440000076254364,85.38232421875
exact,2000,32,2,82,0.00917260441929102,0.715890625,1.0,64000,4000000,4064000,2000.0,757760000,0.0020106000010855496,0.0003451000011409633,85.38232421875
exact,2000,32,2,83,0.008638721890747547,0.718734375,1.0,64000,4000000,4064000,2000.0,757760000,0.0015542999990429962,0.0003240000005462207,85.38232421875
exact,2000,32,2,84,0.008145395666360855,0.721421875,1.0,64000,4000000,4064000,2000.0,757760000,0.001987800000279094,0.0005653999996866332,85.38232421875
exact,2000,32,2,85,0.007690219674259424,0.724359375,1.0,64000,4000000,4064000,2000.0,757760000,0.0015500999998039333,0.0003130000004603062,85.38232421875
exact,2000,32,2,86,0.007270572241395712,0.72721875,1.0,64000,4000000,4064000,2000.0,757760000,0.002456299998812028,0.0009367000002384884,85.38232421875
exact,2000,32,2,87,0.006882630754262209,0.730296875,1.0,64000,4000000,4064000,2000.0,757760000,0.0016905000011320226,0.00035290000050736126,85.38232421875
exact,2000,32,2,88,0.006524332333356142,0.733125,1.0,64000,4000000,4064000,2000.0,757760000,0.0022783000003983034,0.0009021000005304813,85.38232421875
exact,2000,32,2,89,0.00619187206029892,0.735484375,1.0,64000,4000000,4064000,2000.0,757760000,0.001788599998690188,0.000349899999491754,85.38232421875
exact,2000,32,2,90,0.005882516968995333,0.738296875,1.0,64000,4000000,4064000,2000.0,757760000,0.002048500000455533,0.0006704000006720889,85.38232421875
exact,2000,32,2,91,0.005595079157501459,0.741390625,1.0,64000,4000000,4064000,2000.0,757760000,0.0016532999998162268,0.00034980000054929405,85.38232421875
exact,2000,32,2,92,0.005326895043253899,0.74396875,1.0,64000,4000000,4064000,2000.0,757760000,0.00761899999997695,0.0003744000005099224,85.38232421875
exact,2000,32,2,93,0.005076191388070583,0.746484375,1.0,64000,4000000,4064000,2000.0,757760000,0.0016383000001951586,0.00031209999906423036,85.38232421875
exact,2000,32,2,94,0.004842448513954878,0.749203125,1.0,64000,4000000,4064000,2000.0,757760000,0.0017335000011371449,0.00030590000096708536,85.38232421875
exact,2000,32,2,95,0.004624287132173777,0.7520625,1.0,64000,4000000,4064000,2000.0,757760000,0.0016937999989750097,0.0003446000009716954,85.38232421875
exact,2000,32,2,96,0.004421571269631386,0.754140625,1.0,64000,4000000,4064000,2000.0,757760000,0.0034960000011778902,0.0003752000011445489,85.38232421875
exact,2000,32,2,97,0.004232411738485098,0.756484375,1.0,64000,4000000,4064000,2000.0,757760000,0.0016363000013370765,0.00037599999996018596,85.38232421875
exact,2000,32,2,98,0.004056115169078112,0.7588125,1.0,64000,4000000,4064000,2000.0,757760000,0.003385599999091937,0.0014733999996678904,85.38232421875
exact,2000,32,2,99,0.003890829859301448,0.761046875,1.0,64000,4000000,4064000,2000.0,757760000,0.0016947999993135454,0.0003108000000793254,85.38232421875
exact,2000,32,2,100,0.003735362784937024,0.763390625,1.0,64000,4000000,4064000,2000.0,757760000,0.0016494000010425225,0.00032839999948919285,85.38232421875
exact,2000,32,2,101,0.0035891158040612936,0.765265625,1.0,64000,4000000,4064000,2000.0,757760000,0.0015671999990445329,0.0003594999998313142,85.38232421875
exact,2000,32,2,102,0.0034506439696997404,0.76721875,1.0,64000,4000000,4064000,2000.0,757760000,0.0017096999999921536,0.0004033999994135229,85.38232421875
exact,2000,32,2,103,0.003320068819448352,0.769125,1.0,64000,4000000,4064000,2000.0,757760000,0.0015698999995947815,0.00034899999991466757,85.38232421875
exact,2000,32,2,104,0.0031964736990630627,0.77115625,1.0,64000,4000000,4064000,2000.0,757760000,0.005195300000195857,0.0007992999999260064,85.38232421875
exact,2000,32,2,105,0.0030800625681877136,0.772921875,1.0,64000,4000000,4064000,2000.0,757760000,0.0024276000003737863,0.0005215000001044245,85.38232421875
exact,2000,32,2,106,0.002970562083646655,0.77509375,1.0,64000,4000000,4064000,2000.0,757760000,0.001631999999517575,0.00031240000134857837,85.38232421875
exact,2000,32,2,107,0.0028670886531472206,0.776921875,1.0,64000,4000000,4064000,2000.0,757760000,0.001718800000162446,0.0003589999996620463,85.38232421875
exact,2000,32,2,108,0.002769256941974163,0.77903125,1.0,64000,4000000,4064000,2000.0,757760000,0.0015485999992961297,0.00032410000130767,85.38232421875
exact,2000,32,2,109,0.002676837146282196,0.780671875,1.0,64000,4000000,4064000,2000.0,757760000,0.0015655999995942693,0.0003555000002961606,85.38232421875
exact,2000,32,2,110,0.002589315176010132,0.782796875,1.0,64000,4000000,4064000,2000.0,757760000,0.0015280000006896444,0.0003051000003324589,85.38232421875
exact,2000,32,2,111,0.002506390679627657,0.785109375,1.0,64000,4000000,4064000,2000.0,757760000,0.0019138999996357597,0.0005399000001489185,85.38232421875
exact,2000,32,2,112,0.0024276806507259607,0.786609375,1.0,64000,4000000,4064000,2000.0,757760000,0.0015323999996326165,0.00033570000050531235,85.38232421875
exact,2000,32,2,113,0.0023529960308223963,0.788484375,1.0,64000,4000000,4064000,2000.0,757760000,0.0019889999985025497,0.0003450999993219739,85.38232421875
exact,2000,32,2,114,0.0022820844314992428,0.78996875,1.0,64000,4000000,4064000,2000.0,757760000,0.0016242999990936369,0.00036290000025474,85.38232421875
exact,2000,32,2,115,0.002214647363871336,0.792015625,1.0,64000,4000000,4064000,2000.0,757760000,0.001678499998888583,0.00031090000084077474,85.38232421875
exact,2000,32,2,116,0.002150891814380884,0.793484375,1.0,64000,4000000,4064000,2000.0,757760000,0.0015835000012884848,0.00031769999986863695,85.38232421875
exact,2000,32,2,117,0.002090256428346038,0.7950625,1.0,64000,4000000,4064000,2000.0,757760000,0.0015745000000606524,0.0003524000003380934,85.38232421875
exact,2000,32,2,118,0.0020324946381151676,0.796609375,1.0,64000,4000000,4064000,2000.0,757760000,0.0018693999991228338,0.0003436999995756196,85.38232421875
exact,2000,32,2,119,0.001977793173864484,0.798734375,1.0,64000,4000000,4064000,2000.0,757760000,0.0016505000003235182,0.000309900000502239,85.38232421875
exact,2000,32,2,120,0.001925792545080185,0.8008125,1.0,64000,4000000,4064000,2000.0,757760000,0.0015340999998443294,0.0003452000000834232,85.38232421875
exact,2000,32,2,121,0.0018764528213068843,0.803,1.0,64000,4000000,4064000,2000.0,757760000,0.0015265000001818407,0.0003407000003790017,85.38232421875
exact,2000,32,2,122,0.0018294139299541712,0.8048125,1.0,64000,4000000,4064000,2000.0,757760000,0.001547900001241942,0.00034720000076049473,85.38232421875
exact,2000,32,2,123,0.0017843429232016206,0.806828125,1.0,64000,4000000,4064000,2000.0,757760000,0.0015239999993355013,0.0003178000006300863,85.38232421875
exact,2000,32,2,124,0.0017415351467207074,0.80840625,1.0,64000,4000000,4064000,2000.0,757760000,0.0015439999988302588,0.0003478999988146825,85.38232421875
exact,2000,32,2,125,0.001700631226412952,0.809578125,1.0,64000,4000000,4064000,2000.0,757760000,0.0015187999997579027,0.00032249999821942765,85.38232421875
exact,2000,32,2,126,0.0016615448985248804,0.81140625,1.0,64000,4000000,4064000,2000.0,757760000,0.0015118999999685911,0.0003120000001217704,85.38232421875
exact,2000,32,2,127,0.0016241238918155432,0.8130625,1.0,64000,4000000,4064000,2000.0,757760000,0.0014984999997977866,0.000320099999953527,85.38232421875
exact,2000,32,2,128,0.0015881676226854324,0.814734375,1.0,64000,4000000,4064000,2000.0,757760000,0.0016852999997354345,0.00032190000092668924,85.38232421875
exact,2000,32,2,129,0.001554060378111899,0.816703125,1.0,64000,4000000,4064000,2000.0,757760000,0.0015079999993758975,0.0003082000002905261,85.38232421875
exact,2000,32,2,130,0.001521177007816732,0.8180625,1.0,64000,4000000,4064000,2000.0,757760000,0.0015937000007397728,0.000333100000716513,85.38232421875
exact,2000,32,2,131,0.0014895213535055518,0.81934375,1.0,64000,4000000,4064000,2000.0,757760000,0.0016216999993048375,0.00038529999983438756,85.38232421875
exact,2000,32,2,132,0.0014590768842026591,0.821046875,1.0,64000,4000000,4064000,2000.0,757760000,0.0015335999996750616,0.0003375000014784746,85.38232421875
exact,2000,32,2,133,0.001429718337021768,0.822953125,1.0,64000,4000000,4064000,2000.0,757760000,0.001555200000439072,0.0003403999999136431,85.38232421875
exact,2000,32,2,134,0.0014014325570315123,0.824234375,1.0,64000,4000000,4064000,2000.0,757760000,0.0014888000005157664,0.00031380000109493267,85.38232421875
exact,2000,32,2,135,0.001374230720102787,0.825359375,1.0,64000,4000000,4064000,2000.0,757760000,0.0015905000000202563,0.00035010000101465266,85.38232421875
exact,2000,32,2,136,0.0013480507768690586,0.82703125,1.0,64000,4000000,4064000,2000.0,757760000,0.0015505999999732012,0.00037259999953676015,85.38232421875
exact,2000,32,2,137,0.0013225121656432748,0.828265625,1.0,64000,4000000,4064000,2000.0,757760000,0.0015960000000632135,0.0003584000005503185,85.38232421875
exact,2000,32,2,138,0.0012980023166164756,0.829828125,1.0,64000,4000000,4064000,2000.0,757760000,0.001532000000224798,0.00033799999982875306,85.38232421875
exact,2000,32,2,139,0.00127419363707304,0.83140625,1.0,64000,4000000,4064000,2000.0,757760000,0.0021474000004673144,0.0005588000003626803,85.38232421875
exact,2000,32,2,140,0.0012511444510892034,0.832953125,1.0,64000,4000000,4064000,2000.0,757760000,0.001587800001288997,0.00034500000037951395,85.38232421875
exact,2000,32,2,141,0.0012287498684599996,0.834578125,1.0,64000,4000000,4064000,2000.0,757760000,0.0015877999994700076,0.0003665000003820751,85.38232421875
exact,2000,32,2,142,0.0012070178054273129,0.8356875,1.0,64000,4000000,4064000,2000.0,757760000,0.0015318000005208887,0.00034419999974488746,85.38232421875
exact,2000,32,2,143,0.0011859382502734661,0.837,1.0,64000,4000000,4064000,2000.0,757760000,0.0014621999998780666,0.00032000000101106707,85.38232421875
exact,2000,32,2,144,0.0011654699919745326,0.8385,1.0,64000,4000000,4064000,2000.0,757760000,0.001561299999593757,0.00034730000152194407,85.38232421875
exact,2000,32,2,145,0.0011455712374299765,0.840109375,1.0,64000,4000000,4064000,2000.0,757760000,0.001525099998616497,0.0003116000007139519,85.38232421875
exact,2000,32,2,146,0.0011263799387961626,0.84165625,1.0,64000,4000000,4064000,2000.0,757760000,0.0016073999995569466,0.00035430000025371555,85.38232421875
exact,2000,32,2,147,0.0011076240334659815,0.843,1.0,64000,4000000,4064000,2000.0,757760000,0.0018486000008124392,0.0004361000010248972,85.38232421875
exact,2000,32,2,148,0.001089261844754219,0.844140625,1.0,64000,4000000,4064000,2000.0,757760000,0.0015306000004784437,0.0003104999996139668,85.38232421875
exact,2000,32,2,149,0.001071453676559031,0.845546875,1.0,64000,4000000,4064000,2000.0,757760000,0.0016458000009151874,0.00037680000059481245,85.38232421875
exact,2000,32,2,150,0.001054203137755394,0.847,1.0,64000,4000000,4064000,2000.0,757760000,0.0015899999998509884,0.00034140000025217887,85.38232421875
exact,2000,32,2,151,0.0010373665718361735,0.848453125,1.0,64000,4000000,4064000,2000.0,757760000,0.0015717000005679438,0.00033260000054724514,85.38232421875
exact,2000,32,2,152,0.0010209851898252964,0.849828125,1.0,64000,4000000,4064000,2000.0,757760000,0.0017253999994863989,0.0004200999992463039,85.38232421875
exact,2000,32,2,153,0.0010049863485619426,0.85134375,1.0,64000,4000000,4064000,2000.0,757760000,0.0015235999999276828,0.00037230000089039095,85.38232421875
exact,2000,32,2,154,0.000989290769211948,0.85275,1.0,64000,4000000,4064000,2000.0,757760000,0.001614799999515526,0.0003470999999990454,85.38232421875
exact,2000,32,2,155,0.0009740474633872509,0.854265625,1.0,64000,4000000,4064000,2000.0,757760000,0.0015686999995523365,0.00034950000008393545,85.38232421875
exact,2000,32,2,156,0.0009591563139110804,0.85559375,1.0,64000,4000000,4064000,2000.0,757760000,0.0015306000004784437,0.00031289999969885685,85.38232421875
exact,2000,32,2,157,0.0009447152842767537,0.857140625,1.0,64000,4000000,4064000,2000.0,757760000,0.0015966999999363907,0.0003169999999954598,85.38232421875
exact,2000,32,2,158,0.0009306616266258061,0.8585625,1.0,64000,4000000,4064000,2000.0,757760000,0.001535600000352133,0.00035090000164927915,85.38232421875
exact,2000,32,2,159,0.000916987715754658,0.859859375,1.0,64000,4000000,4064000,2000.0,757760000,0.0015459000005648704,0.00033630000143602956,85.38232421875
exact,2000,32,2,160,0.0009036358678713441,0.86121875,1.0,64000,4000000,4064000,2000.0,757760000,0.0015256999995472142,0.0003178000006300863,85.38232421875
exact,2000,32,2,161,0.0008906019502319396,0.862203125,1.0,64000,4000000,4064000,2000.0,757760000,0.0015057000000524567,0.00031550000130664557,85.38232421875
exact,2000,32,2,162,0.0008777258917689323,0.86353125,1.0,64000,4000000,4064000,2000.0,757760000,0.0015227999992930563,0.00031689999923401047,85.38232421875
exact,2000,32,2,163,0.0008652221295051277,0.8649375,1.0,64000,4000000,4064000,2000.0,757760000,0.0015161999999691034,0.0003422999998292653,85.38232421875
exact,2000,32,2,164,0.0008529996266588569,0.86621875,1.0,64000,4000000,4064000,2000.0,757760000,0.0015994999994290993,0.0003434999998717103,85.38232421875
exact,2000,32,2,165,0.0008411329472437501,0.86765625,1.0,64000,4000000,4064000,2000.0,757760000,0.0015514000006078277,0.00033880000046337955,85.38232421875
exact,2000,32,2,166,0.0008295060251839459,0.868640625,1.0,64000,4000000,4064000,2000.0,757760000,0.0015738999991299352,0.00034410000080242753,85.38232421875
exact,2000,32,2,167,0.0008180972654372454,0.869765625,1.0,64000,4000000,4064000,2000.0,757760000,0.001509599998826161,0.0003453999997873325,85.38232421875
exact,2000,32,2,168,0.0008069153409451246,0.870953125,1.0,64000,4000000,4064000,2000.0,757760000,0.0015669000003981637,0.0003350000006321352,85.38232421875
exact,2000,32,2,169,0.0007959972135722637,0.87228125,1.0,64000,4000000,4064000,2000.0,757760000,0.0015488000008190284,0.0003440000000409782,85.38232421875
exact,2000,32,2,170,0.0007853483548387885,0.873484375,1.0,64000,4000000,4064000,2000.0,757760000,0.001552899999296642,0.00030870000045979396,85.38232421875
exact,2000,32,2,171,0.0007749123033136129,0.87446875,1.0,64000,4000000,4064000,2000.0,757760000,0.0015469999998458661,0.00031040000067150686,85.38232421875
exact,2000,32,2,172,0.0007647217717021704,0.875828125,1.0,64000,4000000,4064000,2000.0,757760000,0.0015222000001813285,0.0003569000000425149,85.38232421875
exact,2000,32,2,173,0.0007547055720351636,0.87715625,1.0,64000,4000000,4064000,2000.0,757760000,0.0015699999985372415,0.00034980000054929405,85.38232421875
exact,2000,32,2,174,0.0007448694086633623,0.87828125,1.0,64000,4000000,4064000,2000.0,757760000,0.001476600000387407,0.0003122000016446691,85.38232421875
exact,2000,32,2,175,0.0007354142726399004,0.879421875,1.0,64000,4000000,4064000,2000.0,757760000,0.0015206999996735249,0.00030479999986710027,85.38232421875
exact,2000,32,2,176,0.0007259816047735512,0.88075,1.0,64000,4000000,4064000,2000.0,757760000,0.0015827999995963182,0.00030700000024808105,85.38232421875
exact,2000,32,2,177,0.0007167509174905717,0.881984375,1.0,64000,4000000,4064000,2000.0,757760000,0.0015021999988675816,0.0003450999993219739,85.38232421875
exact,2000,32,2,178,0.0007077147602103651,0.8830625,1.0,64000,4000000,4064000,2000.0,757760000,0.0014792000001762062,0.00030419999893638305,85.38232421875
exact,2000,32,2,179,0.0006988286040723324,0.88425,1.0,64000,4000000,4064000,2000.0,757760000,0.0015191000002232613,0.00034860000050684903,85.38232421875
exact,2000,32,2,180,0.0006901313317939639,0.885625,1.0,64000,4000000,4064000,2000.0,757760000,0.0015566999991278863,0.0003448000006756047,85.38232421875
exact,2000,32,2,181,0.0006816487875767052,0.8866875,1.0,64000,4000000,4064000,2000.0,757760000,0.005220099999860395,0.0003375999986019451,85.38232421875
exact,2000,32,2,182,0.000673379166983068,0.887828125,1.0,64000,4000000,4064000,2000.0,757760000,0.0014772000013181241,0.00031090000084077474,85.38232421875
exact,2000,32,2,183,0.0006652384181506932,0.888984375,1.0,64000,4000000,4064000,2000.0,757760000,0.0033273000008193776,0.0003465999998297775,85.38232421875
exact,2000,32,2,184,0.0006572787533514202,0.89015625,1.0,64000,4000000,4064000,2000.0,757760000,0.0035136999995302176,0.0003698999989865115,85.38232421875
exact,2000,32,2,185,0.0006494971457868814,0.891390625,1.0,64000,4000000,4064000,2000.0,757760000,0.0018495000003895257,0.0003375000014784746,85.38232421875
exact,2000,32,2,186,0.0006419382407329977,0.892765625,1.0,64000,4000000,4064000,2000.0,757760000,0.0016252000004897127,0.0003508000008878298,85.38232421875
exact,2000,32,2,187,0.0006345197325572371,0.89384375,1.0,64000,4000000,4064000,2000.0,757760000,0.0016192000002774876,0.0003802999999606982,85.38232421875
exact,2000,32,2,188,0.0006272769533097744,0.895265625,1.0,64000,4000000,4064000,2000.0,757760000,0.001499800000601681,0.00035460000071907416,85.38232421875
exact,2000,32,2,189,0.0006202490767464042,0.896625,1.0,64000,4000000,4064000,2000.0,757760000,0.0015741000006528338,0.00036390000059327576,85.38232421875
exact,2000,32,2,190,0.0006134786526672542,0.8975,1.0,64000,4000000,4064000,2000.0,757760000,0.0015174000000115484,0.0003293000008852687,85.38232421875
exact,2000,32,2,191,0.0006068574730306864,0.898796875,1.0,64000,4000000,4064000,2000.0,757760000,0.0015650000004825415,0.0003873000005114591,85.38232421875
exact,2000,32,2,192,0.000600420986302197,0.90009375,1.0,64000,4000000,4064000,2000.0,757760000,0.0015032999999675667,0.00035489999936544336,85.38232421875
exact,2000,32,2,193,0.0005941459094174206,0.901265625,1.0,64000,4000000,4064000,2000.0,757760000,0.0016030999995564343,0.0003524999992805533,85.38232421875
exact,2000,32,2,194,0.0005880924290977418,0.902296875,1.0,64000,4000000,4064000,2000.0,757760000,0.0020273000009183306,0.0004790999992110301,85.38232421875
exact,2000,32,2,195,0.0005822202074341476,0.903671875,1.0,64000,4000000,4064000,2000.0,757760000,0.0016289999985019676,0.00035680000110005494,85.38232421875
exact,2000,32,2,196,0.0005765014211647213,0.904765625,1.0,64000,4000000,4064000,2000.0,757760000,0.001787299999705283,0.000501500000609667,85.38232421875
exact,2000,32,2,197,0.000571107491850853,0.9059375,1.0,64000,4000000,4064000,2000.0,757760000,0.0015626000003976515,0.00034640000012586825,85.38232421875
exact,2000,32,2,198,0.0005658091977238655,0.907109375,1.0,64000,4000000,4064000,2000.0,757760000,0.005783599999631406,0.001992499999687425,85.38232421875
exact,2000,32,2,199,0.0005607654456980526,0.90825,1.0,64000,4000000,4064000,2000.0,757760000,0.0016219000008277362,0.00030839999999443535,85.38232421875
exact,2000,32,2,200,0.0005559659330174327,0.90909375,1.0,64000,4000000,4064000,2000.0,757760000,0.0018862999986595241,0.0004997000014554942,85.38232421875
exact,2000,32,2,201,0.0005513075739145279,0.910140625,1.0,64000,4000000,4064000,2000.0,757760000,0.0015773000013723504,0.0003621000014391029,85.38232421875
exact,2000,32,2,202,0.00054687459487468,0.911140625,1.0,64000,4000000,4064000,2000.0,757760000,0.0017526999999972759,0.0005049999999755528,85.38232421875
exact,2000,32,2,203,0.0005425881245173514,0.912265625,1.0,64000,4000000,4064000,2000.0,757760000,0.0015877000005275477,0.00035199999911128543,85.38232421875
exact,2000,32,2,204,0.0005385507829487324,0.913109375,1.0,64000,4000000,4064000,2000.0,757760000,0.003990799999883166,0.0005535000000236323,85.38232421875
exact,2000,32,2,205,0.0005347471451386809,0.91421875,1.0,64000,4000000,4064000,2000.0,757760000,0.0018954000006488059,0.0003522000006341841,85.38232421875
exact,2000,32,2,206,0.0005310856504365802,0.9150625,1.0,64000,4000000,4064000,2000.0,757760000,0.002213300000221352,0.0003643000000010943,85.38232421875
exact,2000,32,2,207,0.0005275820731185377,0.91609375,1.0,64000,4000000,4064000,2000.0,757760000,0.0016598999991401797,0.0003713999994943151,85.38232421875
exact,2000,32,2,208,0.0005242584156803787,0.9168125,1.0,64000,4000000,4064000,2000.0,757760000,0.0021237000000837725,0.0006456999999500113,85.38232421875
exact,2000,32,2,209,0.0005210932577028871,0.917578125,1.0,64000,4000000,4064000,2000.0,757760000,0.0015349999994214159,0.00031120000130613334,85.38232421875
exact,2000,32,2,210,0.0005181574961170554,0.91853125,1.0,64000,4000000,4064000,2000.0,757760000,0.0016553999994357582,0.00042660000144678634,85.38232421875
exact,2000,32,2,211,0.0005152698140591383,0.919390625,1.0,64000,4000000,4064000,2000.0,757760000,0.0017636000011407305,0.00038250000034167897,85.38232421875
exact,2000,32,2,212,0.000512660713866353,0.92003125,1.0,64000,4000000,4064000,2000.0,757760000,0.0017917000004672445,0.00033289999919361435,85.38232421875
exact,2000,32,2,213,0.0005102095892652869,0.92071875,1.0,64000,4000000,4064000,2000.0,757760000,0.0018495000003895257,0.0003403000009711832,85.38232421875
exact,2000,32,2,214,0.000507847813423723,0.921109375,1.0,64000,4000000,4064000,2000.0,757760000,0.0019391999994695652,0.00036290000025474,85.38232421875
exact,2000,32,2,215,0.0005056760273873806,0.921671875,1.0,64000,4000000,4064000,2000.0,757760000,0.0016443000004073838,0.000325400000292575,85.38232421875
exact,2000,32,2,216,0.0005036196671426296,0.92225,1.0,64000,4000000,4064000,2000.0,757760000,0.0017824999995355029,0.00044610000077227596,85.38232421875
exact,2000,32,2,217,0.0005016906652599573,0.92265625,1.0,64000,4000000,4064000,2000.0,757760000,0.0018768999998428626,0.0006343000004562782,85.38232421875
exact,2000,32,2,218,0.000499859859701246,0.923078125,1.0,64000,4000000,4064000,2000.0,757760000,0.0017900000002555316,0.0003749999996216502,85.38232421875
exact,2000,32,2,219,0.0004982184036634862,0.923625,1.0,64000,4000000,4064000,2000.0,757760000,0.001666599999225582,0.0003691000001708744,85.38232421875
exact,2000,32,2,220,0.000496657972689718,0.924296875,1.0,64000,4000000,4064000,2000.0,757760000,0.0018167999987781513,0.00033649999932094943,85.38232421875
exact,2000,32,2,221,0.0004952033632434905,0.924734375,1.0,64000,4000000,4064000,2000.0,757760000,0.0017143000004580244,0.0003952999995817663,85.38232421875
exact,2000,32,2,222,0.0004938547499477863,0.925046875,1.0,64000,4000000,4064000,2000.0,757760000,0.0016228000004048226,0.00036389999877428636,85.38232421875
exact,2000,32,2,223,0.0004926143446937203,0.925484375,1.0,64000,4000000,4064000,2000.0,757760000,0.0017540999997436302,0.0003635000011854572,85.38232421875
exact,2000,32,2,224,0.0004915005411021411,0.92565625,1.0,64000,4000000,4064000,2000.0,757760000,0.0018292000004294096,0.0003378999990673037,85.38232421875
exact,2000,32,2,225,0.0004904039087705314,0.926015625,1.0,64000,4000000,4064000,2000.0,757760000,0.0018462999996700091,0.0005218000005697832,85.38232421875
exact,2000,32,2,226,0.0004894337616860867,0.9263125,1.0,64000,4000000,4064000,2000.0,757760000,0.0016036000015446916,0.00033509999957459513,85.38232421875
exact,2000,32,2,227,0.0004885345115326345,0.9265,1.0,64000,4000000,4064000,2000.0,757760000,0.001900200000818586,0.0004915999998047482,85.38232421875
exact,2000,32,2,228,0.000487757584778592,0.92671875,1.0,64000,4000000,4064000,2000.0,757760000,0.0016020999992178986,0.00038359999962267466,85.38232421875
exact,2000,32,2,229,0.00048698956379666924,0.92709375,1.0,64000,4000000,4064000,2000.0,757760000,0.0016204999992623925,0.00037320000046747737,85.38232421875
exact,2000,32,2,230,0.0004862750938627869,0.927359375,1.0,64000,4000000,4064000,2000.0,757760000,0.0015894999996817205,0.00034720000076049473,85.38232421875
exact,2000,32,2,231,0.00048564732423983514,0.92740625,1.0,64000,4000000,4064000,2000.0,757760000,0.0018956000003527151,0.0003298999999969965,85.38232421875
exact,2000,32,2,232,0.00048506580060347915,0.927546875,1.0,64000,4000000,4064000,2000.0,757760000,0.0015364999999292195,0.0003448000006756047,85.38232421875
exact,2000,32,2,233,0.0004845490038860589,0.927703125,1.0,64000,4000000,4064000,2000.0,757760000,0.0016493000002810732,0.00030870000045979396,85.38232421875
exact,2000,32,2,234,0.0004840677138417959,0.928078125,1.0,64000,4000000,4064000,2000.0,757760000,0.001658899998801644,0.0003479000006336719,85.38232421875
exact,2000,32,2,235,0.0004836152074858546,0.9281875,1.0,64000,4000000,4064000,2000.0,757760000,0.001649700001507881,0.0003429000007599825,85.38232421875
exact,2000,32,2,236,0.00048318703193217516,0.9284375,1.0,64000,4000000,4064000,2000.0,757760000,0.0016877999987627845,0.0003682999995362479,85.38232421875
exact,2000,32,2,237,0.00048278519534505904,0.9285,1.0,64000,4000000,4064000,2000.0,757760000,0.0015561999989586184,0.00033509999957459513,85.38232421875
exact,2000,32,2,238,0.00048245175275951624,0.928703125,1.0,64000,4000000,4064000,2000.0,757760000,0.0017982999997911975,0.0003572999994503334,85.38232421875
exact,2000,32,2,239,0.00048213283298537135,0.928890625,1.0,64000,4000000,4064000,2000.0,757760000,0.001738400000249385,0.0003744000005099224,85.38232421875
exact,2000,32,2,240,0.0004818650777451694,0.928875,1.0,64000,4000000,4064000,2000.0,757760000,0.001719500000035623,0.0003544000010151649,85.38232421875
exact,2000,32,2,241,0.0004816178698092699,0.92903125,1.0,64000,4000000,4064000,2000.0,757760000,0.0032976000002236106,0.00042980000034731347,85.38232421875
exact,2000,32,2,242,0.00048139705904759467,0.9291875,1.0,64000,4000000,4064000,2000.0,757760000,0.001661299998886534,0.0003705000017362181,85.38232421875
exact,2000,32,2,243,0.0004811947583220899,0.92928125,1.0,64000,4000000,4064000,2000.0,757760000,0.0021541000005527167,0.0003668000008474337,85.38232421875
exact,2000,32,2,244,0.00048098931438289583,0.92934375,1.0,64000,4000000,4064000,2000.0,757760000,0.0015691999997216044,0.00034749999940686394,85.38232421875
exact,2000,32,2,245,0.0004808072990272194,0.92959375,1.0,64000,4000000,4064000,2000.0,757760000,0.001762800000506104,0.00036390000059327576,85.38232421875
exact,2000,32,2,246,0.00048064833390526474,0.929484375,1.0,64000,4000000,4064000,2000.0,757760000,0.0015609000001859386,0.0003221000006305985,85.38232421875
exact,2000,32,2,247,0.00048047906602732837,0.929515625,1.0,64000,4000000,4064000,2000.0,757760000,0.0019684999988385243,0.0003741000000445638,85.38232421875
exact,2000,32,2,248,0.0004803798219654709,0.929640625,1.0,64000,4000000,4064000,2000.0,757760000,0.0017172999996546423,0.0003722000001289416,85.38232421875
exact,2000,32,2,249,0.0004802632611244917,0.929671875,1.0,64000,4000000,4064000,2000.0,757760000,0.0018919000012829201,0.00036610000097425655,85.38232421875
exact,2000,32,2,250,0.00048015345237217844,0.92971875,1.0,64000,4000000,4064000,2000.0,757760000,0.0016584999993938254,0.0003405999996175524,85.38232421875
exact,2000,32,2,251,0.0004800236492883414,0.929703125,1.0,64000,4000000,4064000,2000.0,757760000,0.0018166999998356914,0.0003575000009732321,85.38232421875
exact,2000,32,2,252,0.0004799317102879286,0.929640625,1.0,64000,4000000,4064000,2000.0,757760000,0.0016691999990143813,0.0003746999991562916,85.38232421875
exact,2000,32,2,253,0.0004798488807864487,0.929640625,1.0,64000,4000000,4064000,2000.0,757760000,0.0016015000001061708,0.00033799999982875306,85.38232421875
exact,2000,32,2,254,0.00047978764632716775,0.929734375,1.0,64000,4000000,4064000,2000.0,757760000,0.001586700000189012,0.0003501999999571126,85.38232421875
exact,2000,32,2,255,0.00047974285553209484,0.929796875,1.0,64000,4000000,4064000,2000.0,757760000,0.0016529999993508682,0.00034500000037951395,85.38232421875
exact,2000,32,2,256,0.0004796871216967702,0.929828125,1.0,64000,4000000,4064000,2000.0,757760000,0.004592499999489519,0.000334399999701418,85.38232421875
exact,2000,32,2,257,0.00047963790711946785,0.929828125,1.0,64000,4000000,4064000,2000.0,757760000,0.002140700000381912,0.0005756000009569107,85.38232421875
exact,2000,32,2,258,0.0004795962304342538,0.929828125,1.0,64000,4000000,4064000,2000.0,757760000,0.0016090999997686595,0.00036040000122739,85.38232421875
exact,2000,32,2,259,0.0004795653803739697,0.92996875,1.0,64000,4000000,4064000,2000.0,757760000,0.0020459999996091938,0.0003956000000471249,85.38232421875
exact,2000,32,2,260,0.00047950632870197296,0.929984375,1.0,64000,4000000,4064000,2000.0,757760000,0.003471500000159722,0.00032730000020819716,85.38232421875
exact,2000,32,2,261,0.00047945629921741784,0.930046875,1.0,64000,4000000,4064000,2000.0,757760000,0.0016492000013386132,0.0003409999990253709,85.38232421875
exact,2000,32,2,262,0.00047943362733349204,0.929953125,1.0,64000,4000000,4064000,2000.0,757760000,0.0017471999999543186,0.0003567000003386056,85.38232421875
exact,2000,32,2,263,0.00047937515773810446,0.93003125,1.0,64000,4000000,4064000,2000.0,757760000,0.001608200000191573,0.00034950000008393545,85.38232421875
exact,2000,32,2,264,0.00047934765461832285,0.93009375,1.0,64000,4000000,4064000,2000.0,757760000,0.001535600000352133,0.0003768999995372724,85.38232421875
exact,2000,32,2,265,0.00047932908637449145,0.929984375,1.0,64000,4000000,4064000,2000.0,757760000,0.001690299999609124,0.00036159999945084564,85.38232421875
exact,2000,32,2,266,0.0004793093539774418,0.93003125,1.0,64000,4000000,4064000,2000.0,757760000,0.0015294000004359987,0.00034870000126829837,85.38232421875
exact,2000,32,2,267,0.00047930399887263775,0.93003125,1.0,64000,4000000,4064000,2000.0,757760000,0.001976499999727821,0.00041140000030281954,85.38232421875
exact,2000,32,2,268,0.0004792955587618053,0.93,1.0,64000,4000000,4064000,2000.0,757760000,0.001583700000992394,0.00034919999961857684,85.38232421875
exact,2000,32,2,269,0.0004792722756974399,0.930078125,1.0,64000,4000000,4064000,2000.0,757760000,0.0016472999996040016,0.0003364000003784895,85.38232421875
exact,2000,32,2,270,0.00047926188562996686,0.9300625,1.0,64000,4000000,4064000,2000.0,757760000,0.0015832000008231262,0.000381200001356774,85.38232421875
exact,2000,32,2,271,0.0004792496038135141,0.930078125,1.0,64000,4000000,4064000,2000.0,757760000,0.0017769999994925456,0.00033710000025166664,85.38232421875
exact,2000,32,2,272,0.00047921575605869293,0.930125,1.0,64000,4000000,4064000,2000.0,757760000,0.0018954999995912658,0.0005543999996007187,85.38232421875
exact,2000,32,2,273,0.0004791886021848768,0.93009375,1.0,64000,4000000,4064000,2000.0,757760000,0.0018091000001732027,0.0004757999995490536,85.38232421875
exact,2000,32,2,274,0.0004791809187736362,0.93009375,1.0,64000,4000000,4064000,2000.0,757760000,0.0016226000007009134,0.00036159999945084564,85.38232421875
exact,2000,32,2,275,0.000479153823107481,0.93009375,1.0,64000,4000000,4064000,2000.0,757760000,0.0017018999988067662,0.0003490999988571275,85.38232421875
exact,2000,32,2,276,0.00047914922470226884,0.930125,1.0,64000,4000000,4064000,2000.0,757760000,0.0015791000005265232,0.00036670000008598436,85.38232421875
exact,2000,32,2,277,0.00047913810703903437,0.930140625,1.0,64000,4000000,4064000,2000.0,757760000,0.0016966000002867077,0.0003400999994482845,85.38232421875
exact,2000,32,2,278,0.00047912943409755826,0.930140625,1.0,64000,4000000,4064000,2000.0,757760000,0.0015464999996765982,0.00033599999915168155,85.38232421875
exact,2000,32,2,279,0.00047914483002386987,0.930140625,1.0,64000,4000000,4064000,2000.0,757760000,0.0017781999995349906,0.00046859999929438345,85.38232421875
exact,2000,32,2,280,0.0004791180253960192,0.930140625,1.0,64000,4000000,4064000,2000.0,757760000,0.005560699999477947,0.0003453999997873325,85.38232421875
exact,2000,32,2,281,0.00047911240835674107,0.930125,1.0,64000,4000000,4064000,2000.0,757760000,0.0017791000009310665,0.0003193000011378899,85.38232421875
exact,2000,32,2,282,0.0004791090323124081,0.930125,1.0,64000,4000000,4064000,2000.0,757760000,0.002474900000379421,0.0005290000008244533,85.38232421875
exact,2000,32,2,283,0.0004791020473930985,0.930125,1.0,64000,4000000,4064000,2000.0,757760000,0.001741500000207452,0.0003237000000808621,85.38232421875
exact,2000,32,2,284,0.00047910187277011573,0.930125,1.0,64000,4000000,4064000,2000.0,757760000,0.0016780999994807644,0.00036869999894406646,85.38232421875
exact,2000,32,2,285,0.00047909055138006806,0.930125,1.0,64000,4000000,4064000,2000.0,757760000,0.0015508000014960999,0.0003434999998717103,85.38232421875
exact,2000,32,2,286,0.000479081500088796,0.930125,1.0,64000,4000000,4064000,2000.0,757760000,0.001647499999307911,0.00037659999907191377,85.38232421875
exact,2000,32,2,287,0.0004790739039890468,0.93009375,1.0,64000,4000000,4064000,2000.0,757760000,0.0015660999997635372,0.0003360999999131309,85.38232421875
exact,2000,32,2,288,0.00047906796680763364,0.930125,1.0,64000,4000000,4064000,2000.0,757760000,0.00430650000089372,0.0003862000012304634,85.38232421875
exact,2000,32,2,289,0.0004790677921846509,0.930109375,1.0,64000,4000000,4064000,2000.0,757760000,0.0018779999991238583,0.0004384000003483379,85.38232421875
exact,2000,32,2,290,0.00047906304826028645,0.930109375,1.0,64000,4000000,4064000,2000.0,757760000,0.0015777999997226289,0.0003383999992365716,85.38232421875
exact,2000,32,2,291,0.0004790826060343534,0.930140625,1.0,64000,4000000,4064000,2000.0,757760000,0.0015767000004416332,0.0003555000002961606,85.38232421875
exact,2000,32,2,292,0.0004790799575857818,0.93015625,1.0,64000,4000000,4064000,2000.0,757760000,0.0015538999996351777,0.0003440000000409782,85.38232421875
exact,2000,32,2,293,0.00047908665146678686,0.930171875,1.0,64000,4000000,4064000,2000.0,757760000,0.0016549000010854797,0.00032979999923554715,85.38232421875
exact,2000,32,2,294,0.0004790883685927838,0.930203125,1.0,64000,4000000,4064000,2000.0,757760000,0.001788499999747728,0.0003420000011828961,85.38232421875
exact,2000,32,2,295,0.00047907832777127624,0.93021875,1.0,64000,4000000,4064000,2000.0,757760000,0.0016264999994746177,0.00034760000016831327,85.38232421875
exact,2000,32,2,296,0.00047906592953950167,0.930203125,1.0,64000,4000000,4064000,2000.0,757760000,0.0015311999995901715,0.0003105999985564267,85.38232421875
exact,2000,32,2,297,0.00047906351392157376,0.93021875,1.0,64000,4000000,4064000,2000.0,757760000,0.0015865999994275626,0.00032330000067304354,85.38232421875
exact,2000,32,2,298,0.0004790684615727514,0.93021875,1.0,64000,4000000,4064000,2000.0,757760000,0.0018551000011939323,0.00047450000056414865,85.38232421875
exact,2000,32,2,299,0.0004790686070919037,0.930203125,1.0,64000,4000000,4064000,2000.0,757760000,0.0015426999998453539,0.0003133999998681247,85.38232421875
exact,2000,32,2,300,0.0004790639504790306,0.93021875,1.0,64000,4000000,4064000,2000.0,757760000,0.0021399999986897456,0.0005808000005345093,85.38232421875
exact,2000,32,2,301,0.0004790623497683555,0.930234375,1.0,64000,4000000,4064000,2000.0,757760000,0.0016203000013774727,0.0003544000010151649,85.38232421875
exact,2000,32,2,302,0.00047905929386615753,0.930234375,1.0,64000,4000000,4064000,2000.0,757760000,0.0016352999991795514,0.0003606999998737592,85.38232421875
exact,2000,32,2,303,0.0004790638340637088,0.930203125,1.0,64000,4000000,4064000,2000.0,757760000,0.0016644000006635906,0.0003465000008873176,85.38232421875
exact,2000,32,2,304,0.00047906269901432097,0.930234375,1.0,64000,4000000,4064000,2000.0,757760000,0.0016329999998561107,0.00033210000037797727,85.38232421875
exact,2000,32,2,305,0.00047906587133184075,0.930234375,1.0,64000,4000000,4064000,2000.0,757760000,0.0016489000008732546,0.0003594999998313142,85.38232421875
exact,2000,32,2,306,0.00047906843246892095,0.93025,1.0,64000,4000000,4064000,2000.0,757760000,0.001777899999069632,0.0003708000003825873,85.38232421875
exact,2000,32,2,307,0.0004790625534951687,0.930234375,1.0,64000,4000000,4064000,2000.0,757760000,0.0018474999997124542,0.0003603999994084006,85.38232421875
exact,2000,32,2,308,0.0004790515813510865,0.93025,1.0,64000,4000000,4064000,2000.0,757760000,0.001642100000026403,0.0003710000000864966,85.38232421875
exact,2000,32,2,309,0.00047905591782182455,0.93021875,1.0,64000,4000000,4064000,2000.0,757760000,0.001614700000573066,0.00033009999970090576,85.38232421875
exact,2000,32,2,310,0.00047905571409501135,0.93021875,1.0,64000,4000000,4064000,2000.0,757760000,0.0015141999992920319,0.00034330000016780104,85.38232421875
exact,2000,32,2,311,0.0004790496896021068,0.930203125,1.0,64000,4000000,4064000,2000.0,757760000,0.0016257999996014405,0.00034729999970295466,85.38232421875
exact,2000,32,2,312,0.0004790558887179941,0.930203125,1.0,64000,4000000,4064000,2000.0,757760000,0.001491600000008475,0.0003264999995735707,85.38232421875
exact,2000,32,2,313,0.0004790540551766753,0.930203125,1.0,64000,4000000,4064000,2000.0,757760000,0.0016080999994301237,0.00031149999995250255,85.38232421875
exact,2000,32,2,314,0.0004790595266968012,0.930234375,1.0,64000,4000000,4064000,2000.0,757760000,0.0016422000007878523,0.0003768999995372724,85.38232421875
exact,2000,32,2,315,0.0004790468083228916,0.930234375,1.0,64000,4000000,4064000,2000.0,757760000,0.005536500000744127,0.002079500000036205,85.38232421875
exact,2000,32,2,316,0.00047905652900226414,0.93025,1.0,64000,4000000,4064000,2000.0,757760000,0.0017724999997881241,0.00037770000017189886,85.38232421875
exact,2000,32,2,317,0.0004790568200405687,0.93028125,1.0,64000,4000000,4064000,2000.0,757760000,0.001682000000073458,0.00035820000084640924,85.38232421875
exact,2000,32,2,318,0.000479045178508386,0.9301875,1.0,64000,4000000,4064000,2000.0,757760000,0.0016405999995185994,0.00031739999940327834,85.38232421875
exact,2000,32,2,319,0.0004790542006958276,0.93021875,1.0,64000,4000000,4064000,2000.0,757760000,0.0016398999996454222,0.0003341999999975087,85.38232421875
exact,2000,32,2,320,0.0004790566163137555,0.930265625,1.0,64000,4000000,4064000,2000.0,757760000,0.0016684000001987442,0.00037370000063674524,85.38232421875
exact,2000,32,2,321,0.0004790525999851525,0.930265625,1.0,64000,4000000,4064000,2000.0,757760000,0.0015425000001414446,0.0003469000002951361,85.38232421875
exact,2000,32,2,322,0.000479046197142452,0.930265625,1.0,64000,4000000,4064000,2000.0,757760000,0.0015473999992536847,0.00030839999999443535,85.38232421875
exact,2000,32,2,323,0.00047905510291457176,0.930234375,1.0,64000,4000000,4064000,2000.0,757760000,0.0016223999991780147,0.0003388999994058395,85.38232421875
exact,2000,32,2,324,0.0004790444509126246,0.93025,1.0,64000,4000000,4064000,2000.0,757760000,0.0016274999998131534,0.0003397999989829259,85.38232421875
exact,2000,32,2,325,0.000479057285701856,0.93028125,1.0,64000,4000000,4064000,2000.0,757760000,0.001639199999772245,0.0003459999988990603,85.38232421875
exact,2000,32,2,326,0.00047904415987432003,0.93025,1.0,64000,4000000,4064000,2000.0,757760000,0.002150299998902483,0.00031289999969885685,85.38232421875
exact,2000,32,2,327,0.00047904130769893527,0.93025,1.0,64000,4000000,4064000,2000.0,757760000,0.00155819999963569,0.00033960000109800603,85.38232421875
exact,2000,32,2,328,0.0004790472739841789,0.930265625,1.0,64000,4000000,4064000,2000.0,757760000,0.0015802000016265083,0.0003420000011828961,85.38232421875
exact,2000,32,2,329,0.0004790308594238013,0.930234375,1.0,64000,4000000,4064000,2000.0,757760000,0.0017019000006257556,0.0003693999988172436,85.38232421875
exact,2000,32,2,330,0.00047903778613545,0.930203125,1.0,64000,4000000,4064000,2000.0,757760000,0.0015317000015784288,0.00033849999999802094,85.38232421875
exact,2000,32,2,331,0.0004790381353814155,0.93025,1.0,64000,4000000,4064000,2000.0,757760000,0.001643399999011308,0.00035800000114249997,85.38232421875
exact,2000,32,2,332,0.00047902995720505714,0.930234375,1.0,64000,4000000,4064000,2000.0,757760000,0.00159440000061295,0.0003454999987297924,85.38232421875
exact,2000,32,2,333,0.00047903525410220027,0.93021875,1.0,64000,4000000,4064000,2000.0,757760000,0.0015233000012813136,0.0003121999998256797,85.38232421875
exact,2000,32,2,334,0.00047903176164254546,0.930234375,1.0,64000,4000000,4064000,2000.0,757760000,0.0015689000010752352,0.000349899999491754,85.38232421875
exact,2000,32,2,335,0.0004790308012161404,0.93021875,1.0,64000,4000000,4064000,2000.0,757760000,0.0014878000001772307,0.00035519999983080197,85.38232421875
exact,2000,32,2,336,0.0004790344974026084,0.93025,1.0,64000,4000000,4064000,2000.0,757760000,0.0017683999994915212,0.00046149999980116263,85.38232421875
exact,2000,32,2,337,0.0004790298698935658,0.93021875,1.0,64000,4000000,4064000,2000.0,757760000,0.0015342000006057788,0.0003122000016446691,85.38232421875
exact,2000,32,2,338,0.00047902800724841654,0.93021875,1.0,64000,4000000,4064000,2000.0,757760000,0.0015946000003168592,0.0003488000002107583,85.38232421875
exact,2000,32,2,339,0.0004790321982000023,0.93025,1.0,64000,4000000,4064000,2000.0,757760000,0.0015779000004840782,0.0003386000007594703,85.38232421875
exact,2000,32,2,340,0.0004790272796526551,0.93021875,1.0,64000,4000000,4064000,2000.0,757760000,0.0015347999997175066,0.00035089999983028974,85.38232421875
exact,2000,32,2,341,0.000479027716210112,0.93021875,1.0,64000,4000000,4064000,2000.0,757760000,0.00181220000013127,0.0003958999986934941,85.38232421875
exact,2000,32,2,342,0.00047902847290970385,0.93021875,1.0,64000,4000000,4064000,2000.0,757760000,0.0016035000007832423,0.00033319999965897296,85.38232421875
exact,2000,32,2,343,0.00047903944505378604,0.930265625,1.0,64000,4000000,4064000,2000.0,757760000,0.0015831999990041368,0.00034890000097220764,85.38232421875
exact,2000,32,2,344,0.00047902759979479015,0.93021875,1.0,64000,4000000,4064000,2000.0,757760000,0.0016293999997287756,0.0003693999988172436,85.38232421875
exact,2000,32,2,345,0.0004790328093804419,0.93021875,1.0,64000,4000000,4064000,2000.0,757760000,0.00189449999925273,0.0004902000000583939,85.38232421875
exact,2000,32,2,346,0.000479027716210112,0.930234375,1.0,64000,4000000,4064000,2000.0,757760000,0.0015302000010706251,0.0003206000001227949,85.38232421875
exact,2000,32,2,347,0.00047903473023325205,0.93021875,1.0,64000,4000000,4064000,2000.0,757760000,0.0016405999995185994,0.00034389999927952886,85.38232421875
exact,2000,32,2,348,0.0004790372622665018,0.930234375,1.0,64000,4000000,4064000,2000.0,757760000,0.001686899999185698,0.00036700000055134296,85.38232421875
exact,2000,32,2,349,0.00047902800724841654,0.93021875,1.0,64000,4000000,4064000,2000.0,757760000,0.0017840999989857664,0.00035370000114198774,85.38232421875
exact,2000,32,2,350,0.0004790263483300805,0.93025,1.0,64000,4000000,4064000,2000.0,757760000,0.0017458999991504243,0.0003628999984357506,85.38232421875
exact,2000,32,2,351,0.00047902652295306325,0.93021875,1.0,64000,4000000,4064000,2000.0,757760000,0.0015958000003593042,0.0003625999997893814,85.38232421875
exact,2000,32,2,352,0.0004790337407030165,0.93025,1.0,64000,4000000,4064000,2000.0,757760000,0.0015208999993774341,0.00032900000041991007,85.38232421875
exact,2000,32,2,353,0.00047902471851557493,0.930234375,1.0,64000,4000000,4064000,2000.0,757760000,0.0016582000007474562,0.00035209999987273477,85.38232421875
exact,2000,32,2,354,0.00047902477672323585,0.930234375,1.0,64000,4000000,4064000,2000.0,757760000,0.0015922000002319692,0.000342100000125356,85.38232421875
exact,2000,32,2,355,0.00047903499216772616,0.930234375,1.0,64000,4000000,4064000,2000.0,757760000,0.0015655000006518094,0.0003357999994477723,85.38232421875
exact,2000,32,2,356,0.0004790412203874439,0.930234375,1.0,64000,4000000,4064000,2000.0,757760000,0.0015961000008246629,0.0003240000005462207,85.38232421875
exact,2000,32,2,357,0.0004790256207343191,0.93025,1.0,64000,4000000,4064000,2000.0,757760000,0.0016180000002350425,0.00032359999931941275,85.38232421875
exact,2000,32,2,358,0.00047905422979965806,0.930234375,1.0,64000,4000000,4064000,2000.0,757760000,0.0016660000001138542,0.0003391999998711981,85.38232421875
exact,2000,32,2,359,0.0004790363018400967,0.930234375,1.0,64000,4000000,4064000,2000.0,757760000,0.0016871000007085968,0.00034749999940686394,85.38232421875
exact,2000,32,2,360,0.00047903633094392717,0.93021875,1.0,64000,4000000,4064000,2000.0,757760000,0.001801599999453174,0.00040300000000570435,85.38232421875
exact,2000,32,2,361,0.0004790439852513373,0.930265625,1.0,64000,4000000,4064000,2000.0,757760000,0.0016298999998980435,0.00033830000029411167,85.38232421875
exact,2000,32,2,362,0.0004790387174580246,0.930234375,1.0,64000,4000000,4064000,2000.0,757760000,0.0017104000016843202,0.0004093000006832881,85.38232421875
exact,2000,32,2,363,0.00047903359518386424,0.93025,1.0,64000,4000000,4064000,2000.0,757760000,0.001564600001074723,0.00033629999961704016,85.38232421875
exact,2000,32,2,364,0.00047904386883601546,0.93021875,1.0,64000,4000000,4064000,2000.0,757760000,0.0015509999993810197,0.00033179999991261866,85.38232421875
exact,2000,32,2,365,0.0004790369712281972,0.93025,1.0,64000,4000000,4064000,2000.0,757760000,0.0017031000006682007,0.0004588000010699034,85.38232421875
exact,2000,32,2,366,0.0004790357779711485,0.930234375,1.0,64000,4000000,4064000,2000.0,757760000,0.001494500000262633,0.00032129999999597203,85.38232421875
exact,2000,32,2,367,0.00047904119128361344,0.93021875,1.0,64000,4000000,4064000,2000.0,757760000,0.0016150999999808846,0.0003493000003800262,85.38232421875
exact,2000,32,2,368,0.0004790260281879455,0.930234375,1.0,64000,4000000,4064000,2000.0,757760000,0.003860399998302455,0.0015720000010333024,85.38232421875
exact,2000,32,2,369,0.00047903545782901347,0.93025,1.0,64000,4000000,4064000,2000.0,757760000,0.0016083999998954823,0.0003484999997453997,85.38232421875
exact,2000,32,2,370,0.0004790402017533779,0.93028125,1.0,64000,4000000,4064000,2000.0,757760000,0.001549499998873216,0.0003097000007983297,85.38232421875
exact,2000,32,2,371,0.00047903606900945306,0.93021875,1.0,64000,4000000,4064000,2000.0,757760000,0.0015931999987515155,0.00035939999906986486,85.38232421875
exact,2000,32,2,372,0.0004790269013028592,0.930265625,1.0,64000,4000000,4064000,2000.0,757760000,0.0015172000003076391,0.0003546999996615341,85.38232421875
exact,2000,32,2,373,0.0004790272214449942,0.93025,1.0,64000,4000000,4064000,2000.0,757760000,0.0015834999994694954,0.00035320000097271986,85.38232421875
exact,2000,32,2,374,0.00047903452650643885,0.930234375,1.0,64000,4000000,4064000,2000.0,757760000,0.0015383999998448417,0.00034100000084436033,85.38232421875
exact,2000,32,2,375,0.00047902806545607746,0.93025,1.0,64000,4000000,4064000,2000.0,757760000,0.0016014000011637108,0.0003448999996180646,85.38232421875
exact,2000,32,2,376,0.00047902745427563787,0.930234375,1.0,64000,4000000,4064000,2000.0,757760000,0.001625400000193622,0.00033509999957459513,85.38232421875
exact,2000,32,2,377,0.0004790422972291708,0.930234375,1.0,64000,4000000,4064000,2000.0,757760000,0.0015530000000580912,0.00035989999923913274,85.38232421875
exact,2000,32,2,378,0.00047904159873723984,0.930265625,1.0,64000,4000000,4064000,2000.0,757760000,0.0016429000006610295,0.00036949999957869295,85.38232421875
exact,2000,32,2,379,0.00047903586528263986,0.93025,1.0,64000,4000000,4064000,2000.0,757760000,0.0015529000011156313,0.00037460000021383166,85.38232421875
exact,2000,32,2,380,0.0004790470702573657,0.93021875,1.0,64000,4000000,4064000,2000.0,757760000,0.00412539999888395,0.0003876999999192776,85.38232421875
exact,2000,32,2,381,0.00047904319944791496,0.93025,1.0,64000,4000000,4064000,2000.0,757760000,0.0016761999995651422,0.00036840000029769726,85.38232421875
exact,2000,32,2,382,0.0004790354869328439,0.93025,1.0,64000,4000000,4064000,2000.0,757760000,0.0016765999989729607,0.0003698999989865115,85.38232421875
exact,2000,32,2,383,0.0004790424136444926,0.930234375,1.0,64000,4000000,4064000,2000.0,757760000,0.0015970000004017493,0.00035149999894201756,85.38232421875
exact,2000,32,2,384,0.00047903694212436676,0.930234375,1.0,64000,4000000,4064000,2000.0,757760000,0.0015836000002309447,0.00034360000063315965,85.38232421875
exact,2000,32,2,385,0.00047903499216772616,0.930265625,1.0,64000,4000000,4064000,2000.0,757760000,0.001573100000314298,0.000322599998980877,85.38232421875
exact,2000,32,2,386,0.0004790378443431109,0.93025,1.0,64000,4000000,4064000,2000.0,757760000,0.003435300001001451,0.0011167999982717447,85.38232421875
exact,2000,32,2,387,0.0004790417733602226,0.930234375,1.0,64000,4000000,4064000,2000.0,757760000,0.001677199999903678,0.00038190000122995116,85.38232421875
exact,2000,32,2,388,0.00047903391532599926,0.93025,1.0,64000,4000000,4064000,2000.0,757760000,0.0016983000004984206,0.0003432000012253411,85.38232421875
exact,2000,32,2,389,0.0004790388629771769,0.930265625,1.0,64000,4000000,4064000,2000.0,757760000,0.0015251000004354864,0.0003479999995761318,85.38232421875
exact,2000,32,2,390,0.00047903909580782056,0.93021875,1.0,64000,4000000,4064000,2000.0,757760000,0.001523099999758415,0.0003465999998297775,85.38232421875
exact,2000,32,2,391,0.0004790287639480084,0.93021875,1.0,64000,4000000,4064000,2000.0,757760000,0.00163310000061756,0.0003265000013925601,85.38232421875
exact,2000,32,2,392,0.0004790399980265647,0.930265625,1.0,64000,4000000,4064000,2000.0,757760000,0.0016352000002370914,0.00037370000063674524,85.38232421875
exact,2000,32,2,393,0.00047903606900945306,0.930234375,1.0,64000,4000000,4064000,2000.0,757760000,0.0018018000009760726,0.0003605999991123099,85.38232421875
exact,2000,32,2,394,0.0004790363891515881,0.930234375,1.0,64000,4000000,4064000,2000.0,757760000,0.0015541000011580763,0.00031349999881058466,85.38232421875
exact,2000,32,2,395,0.0004790358361788094,0.930265625,1.0,64000,4000000,4064000,2000.0,757760000,0.0015905000000202563,0.0003623000011430122,85.38232421875
exact,2000,32,2,396,0.00047903406084515154,0.930234375,1.0,64000,4000000,4064000,2000.0,757760000,0.0015167000001383713,0.0003256999989389442,85.38232421875
exact,2000,32,2,397,0.0004790405509993434,0.930234375,1.0,64000,4000000,4064000,2000.0,757760000,0.0016024999986257171,0.0003696999992826022,85.38232421875
exact,2000,32,2,398,0.00047903903760015965,0.93025,1.0,64000,4000000,4064000,2000.0,757760000,0.0015806000010343269,0.00037119999979040585,85.38232421875
exact,2000,32,2,399,0.0004790356324519962,0.93021875,1.0,64000,4000000,4064000,2000.0,757760000,0.001508399998783716,0.0003214999996998813,85.38232421875
exact,2000,32,2,400,0.0004790381935890764,0.93025,1.0,64000,4000000,4064000,2000.0,757760000,0.00564699999995355,0.000313599999572034,85.38232421875
exact,2000,32,2,401,0.00047903612721711397,0.930234375,1.0,64000,4000000,4064000,2000.0,757760000,0.0016037000004871516,0.00034299999970244244,85.38232421875
exact,2000,32,2,402,0.000479037465993315,0.93025,1.0,64000,4000000,4064000,2000.0,757760000,0.0015609999991283985,0.00032500000088475645,85.38232421875
exact,2000,32,2,403,0.0004790342354681343,0.93025,1.0,64000,4000000,4064000,2000.0,757760000,0.0016105999984574737,0.0003455000005487818,85.38232421875
exact,2000,32,2,404,0.00047903318773023784,0.93025,1.0,64000,4000000,4064000,2000.0,757760000,0.0016011999996408122,0.0003546999996615341,85.38232421875
exact,2000,32,2,405,0.000479037465993315,0.93025,1.0,64000,4000000,4064000,2000.0,757760000,0.0017096999999921536,0.0003811999995377846,85.38232421875
exact,2000,32,2,406,0.0004790429666172713,0.930234375,1.0,64000,4000000,4064000,2000.0,757760000,0.0015791000005265232,0.00033959999927901663,85.38232421875
exact,2000,32,2,407,0.00047902646474540234,0.93025,1.0,64000,4000000,4064000,2000.0,757760000,0.0016003000000637257,0.00033510000139358453,85.38232421875
exact,2000,32,2,408,0.00047904058010317385,0.930265625,1.0,64000,4000000,4064000,2000.0,757760000,0.001608299999134033,0.00038250000034167897,85.38232421875
exact,2000,32,2,409,0.00047903702943585813,0.93021875,1.0,64000,4000000,4064000,2000.0,757760000,0.001587800001288997,0.0003390000001672888,85.38232421875
exact,2000,32,2,410,0.0004790419479832053,0.93025,1.0,64000,4000000,4064000,2000.0,757760000,0.0016402999990532408,0.00033040000016626436,85.38232421875
exact,2000,32,2,411,0.0004790215753018856,0.930265625,1.0,64000,4000000,4064000,2000.0,757760000,0.001584900001034839,0.00030949999927543104,85.38232421875
exact,2000,32,2,412,0.00047903781523928046,0.93021875,1.0,64000,4000000,4064000,2000.0,757760000,0.00159929999972519,0.00037769999835290946,85.38232421875
exact,2000,32,2,413,0.0004790416860487312,0.93021875,1.0,64000,4000000,4064000,2000.0,757760000,0.0015853000004426576,0.00038219999987632036,85.38232421875
exact,2000,32,2,414,0.0004790252132806927,0.930265625,1.0,64000,4000000,4064000,2000.0,757760000,0.0015994000004866393,0.0003696999992826022,85.38232421875
exact,2000,32,2,415,0.00047904535313136876,0.93025,1.0,64000,4000000,4064000,2000.0,757760000,0.0016025000004447065,0.0003918999991583405,85.38232421875
exact,2000,32,2,416,0.0004790417442563921,0.930234375,1.0,64000,4000000,4064000,2000.0,757760000,0.0015251999993779464,0.00031990000024961773,85.38232421875
exact,2000,32,2,417,0.0004790346138179302,0.93028125,1.0,64000,4000000,4064000,2000.0,757760000,0.0015674999995098915,0.0003274000009696465,85.38232421875
exact,2000,32,2,418,0.00047903653467074037,0.93025,1.0,64000,4000000,4064000,2000.0,757760000,0.0015340999998443294,0.00036050000016984995,85.38232421875
exact,2000,32,2,419,0.00047904165694490075,0.930234375,1.0,64000,4000000,4064000,2000.0,757760000,0.0016494000010425225,0.0003519000001688255,85.38232421875
exact,2000,32,2,420,0.0004790435777977109,0.930265625,1.0,64000,4000000,4064000,2000.0,757760000,0.0015140999985305825,0.00036360000012791716,85.38232421875
exact,2000,32,2,421,0.00047903708764351904,0.930234375,1.0,64000,4000000,4064000,2000.0,757760000,0.0015461000002687797,0.00031999999919207767,85.38232421875
exact,2000,32,2,422,0.0004790404927916825,0.930234375,1.0,64000,4000000,4064000,2000.0,757760000,0.0016099999993457459,0.0003496999997878447,85.38232421875
exact,2000,32,2,423,0.0004790244565811008,0.93025,1.0,64000,4000000,4064000,2000.0,757760000,0.0028550000006362097,0.0007748000007268274,85.38232421875
exact,2000,32,2,424,0.00047903897939249873,0.930234375,1.0,64000,4000000,4064000,2000.0,757760000,0.001672300000791438,0.00030839999999443535,85.38232421875
exact,2000,32,2,425,0.00047904951497912407,0.93025,1.0,64000,4000000,4064000,2000.0,757760000,0.0015516999992541969,0.0003389000012248289,85.38232421875
exact,2000,32,2,426,0.000479027716210112,0.93025,1.0,64000,4000000,4064000,2000.0,757760000,0.0034730000006675255,0.0012544000001071254,85.38232421875
exact,2000,32,2,427,0.00047903534141369164,0.93025,1.0,64000,4000000,4064000,2000.0,757760000,0.0016226999996433733,0.00038700000004610047,85.38232421875
exact,2000,32,2,428,0.0004790354869328439,0.930234375,1.0,64000,4000000,4064000,2000.0,757760000,0.0016107999999803724,0.0003473999986454146,85.38232421875
exact,2000,32,2,429,0.0004790258826687932,0.93025,1.0,64000,4000000,4064000,2000.0,757760000,0.0015105999991646968,0.00035819999902741984,85.38232421875
exact,2000,32,2,430,0.00047904119128361344,0.930234375,1.0,64000,4000000,4064000,2000.0,757760000,0.003518100000292179,0.0012509999996836996,85.38232421875
exact,2000,32,2,431,0.0004790439270436764,0.93025,1.0,64000,4000000,4064000,2000.0,757760000,0.0015643000006093644,0.0003615000005083857,85.38232421875
exact,2000,32,2,432,0.00047902960795909166,0.93025,1.0,64000,4000000,4064000,2000.0,757760000,0.0016230999990511918,0.00031370000033348333,85.38232421875
exact,2000,32,2,433,0.0004790240782313049,0.930265625,1.0,64000,4000000,4064000,2000.0,757760000,0.001525099998616497,0.00030920000062906183,85.38232421875
exact,2000,32,2,434,0.00047903702943585813,0.930234375,1.0,64000,4000000,4064000,2000.0,757760000,0.0015556999987893505,0.00031180000041786116,85.38232421875
exact,2000,32,2,435,0.00047903312952257693,0.93028125,1.0,64000,4000000,4064000,2000.0,757760000,0.0015623999988747528,0.00035039999966102187,85.38232421875
exact,2000,32,2,436,0.00047904098755680025,0.93025,1.0,64000,4000000,4064000,2000.0,757760000,0.0042542999999568565,0.0003101999991486082,85.38232421875
exact,2000,32,2,437,0.0004790341481566429,0.930234375,1.0,64000,4000000,4064000,2000.0,757760000,0.002005099999223603,0.000490999998874031,85.38232421875
exact,2000,32,2,438,0.0004790392122231424,0.93025,1.0,64000,4000000,4064000,2000.0,757760000,0.0015909000012470642,0.00034780000169121195,85.38232421875
exact,2000,32,2,439,0.0004790360981132835,0.930234375,1.0,64000,4000000,4064000,2000.0,757760000,0.0015352999998867745,0.0003136000013910234,85.38232421875
exact,2000,32,2,440,0.0004790436942130327,0.93021875,1.0,64000,4000000,4064000,2000.0,757760000,0.0015351999991253251,0.00033939999957510736,85.38232421875
exact,2000,32,2,441,0.0004790307430084795,0.93028125,1.0,64000,4000000,4064000,2000.0,757760000,0.0015970999993442092,0.0003246000014769379,85.38232421875
exact,2000,32,2,442,0.0004790381935890764,0.930234375,1.0,64000,4000000,4064000,2000.0,757760000,0.0015703000008215895,0.0003667999990284443,85.38232421875
exact,2000,32,2,443,0.00047903976519592106,0.930234375,1.0,64000,4000000,4064000,2000.0,757760000,0.0016588000016781734,0.000337200001013116,85.38232421875
exact,2000,32,2,444,0.0004790309467352927,0.930265625,1.0,64000,4000000,4064000,2000.0,757760000,0.0015168000008998206,0.0003116999996564118,85.38232421875
exact,2000,32,2,445,0.0004790413659065962,0.93025,1.0,64000,4000000,4064000,2000.0,757760000,0.0015328999998018844,0.0003374999996594852,85.38232421875
exact,2000,32,2,446,0.00047903505037538707,0.930234375,1.0,64000,4000000,4064000,2000.0,757760000,0.001488699999754317,0.0003203000014764257,85.38232421875
exact,2000,32,2,447,0.00047902471851557493,0.930265625,1.0,64000,4000000,4064000,2000.0,757760000,0.0015876999987085583,0.0003403999999136431,85.38232421875
exact,2000,32,2,448,0.0004790390084963292,0.930234375,1.0,64000,4000000,4064000,2000.0,757760000,0.001582599999892409,0.0003529999994498212,85.38232421875
exact,2000,32,2,449,0.0004790362436324358,0.930234375,1.0,64000,4000000,4064000,2000.0,757760000,0.0015325000003940659,0.00036100000033911783,85.38232421875
exact,2000,32,2,450,0.00047903036465868354,0.930265625,1.0,64000,4000000,4064000,2000.0,757760000,0.002699499998925603,0.0003391999998711981,85.38232421875
exact,2000,32,2,451,0.00047904238454066217,0.93028125,1.0,64000,4000000,4064000,2000.0,757760000,0.0016083999998954823,0.00035120000029564835,85.38232421875
exact,2000,32,2,452,0.000479036767501384,0.930234375,1.0,64000,4000000,4064000,2000.0,757760000,0.00156059999972058,0.0003501999999571126,85.38232421875
exact,2000,32,2,453,0.00047904130769893527,0.930265625,1.0,64000,4000000,4064000,2000.0,757760000,0.0015507000007346505,0.0003371999991941266,85.38232421875
exact,2000,32,2,454,0.0004790298698935658,0.93025,1.0,64000,4000000,4064000,2000.0,757760000,0.0015127999995456776,0.0003110999987256946,85.38232421875
exact,2000,32,2,455,0.0004790310631506145,0.930265625,1.0,64000,4000000,4064000,2000.0,757760000,0.00167180000062217,0.00037739999970654026,85.38232421875
exact,2000,32,2,456,0.00047903164522722363,0.93025,1.0,64000,4000000,4064000,2000.0,757760000,0.001523799999631592,0.000318899999911082,85.38232421875
exact,2000,32,2,457,0.0004790260281879455,0.930203125,1.0,64000,4000000,4064000,2000.0,757760000,0.0016646999993099598,0.0003630999999586493,85.38232421875
exact,2000,32,2,458,0.00047902739606797695,0.930234375,1.0,64000,4000000,4064000,2000.0,757760000,0.0017141000007541152,0.0003567000003386056,85.38232421875
exact,2000,32,2,459,0.00047903574886731803,0.93025,1.0,64000,4000000,4064000,2000.0,757760000,0.001718800000162446,0.00033369999982824083,85.38232421875
exact,2000,32,2,460,0.00047904113307595253,0.930234375,1.0,64000,4000000,4064000,2000.0,757760000,0.0016098999985842966,0.0003362000006745802,85.38232421875
exact,2000,32,2,461,0.0004790347011294216,0.93025,1.0,64000,4000000,4064000,2000.0,757760000,0.0016037000004871516,0.00031430000126420055,85.38232421875
exact,2000,32,2,462,0.0004790430248249322,0.93028125,1.0,64000,4000000,4064000,2000.0,757760000,0.0015389999989565695,0.00033800000164774247,85.38232421875
exact,2000,32,2,463,0.00047903956146910787,0.930265625,1.0,64000,4000000,4064000,2000.0,757760000,0.001743999999234802,0.00033880000046337955,85.38232421875
exact,2000,32,2,464,0.00047903909580782056,0.930234375,1.0,64000,4000000,4064000,2000.0,757760000,0.0015835999984119553,0.00038580000000365544,85.38232421875
exact,2000,32,2,465,0.0004790439270436764,0.930265625,1.0,64000,4000000,4064000,2000.0,757760000,0.001586200000019744,0.0003513999999995576,85.38232421875
exact,2000,32,2,466,0.00047904171515256166,0.930234375,1.0,64000,4000000,4064000,2000.0,757760000,0.0015174000000115484,0.0003063000003749039,85.38232421875
exact,2000,32,2,467,0.000479023001389578,0.93025,1.0,64000,4000000,4064000,2000.0,757760000,0.0015755000003991881,0.00033740000071702525,85.38232421875
exact,2000,32,2,468,0.0004790352832060307,0.93025,1.0,64000,4000000,4064000,2000.0,757760000,0.0016501999998581596,0.0003364000003784895,85.38232421875
exact,2000,32,2,469,0.0004790244856849313,0.93025,1.0,64000,4000000,4064000,2000.0,757760000,0.0014988999992056051,0.0003448999996180646,85.38232421875
exact,2000,32,2,470,0.0004790385428350419,0.930265625,1.0,64000,4000000,4064000,2000.0,757760000,0.0015419999999721767,0.0003483000000414904,85.38232421875
exact,2000,32,2,471,0.00047902503865770996,0.93025,1.0,64000,4000000,4064000,2000.0,757760000,0.0015856999998504762,0.0003809000008914154,85.38232421875
exact,2000,32,2,472,0.0004790339735336602,0.930234375,1.0,64000,4000000,4064000,2000.0,757760000,0.0014959999989514472,0.0003544999999576248,85.38232421875
exact,2000,32,2,473,0.0004790410166606307,0.93021875,1.0,64000,4000000,4064000,2000.0,757760000,0.0015480000001844019,0.00035089999983028974,85.38232421875
exact,2000,32,2,474,0.00047904171515256166,0.930234375,1.0,64000,4000000,4064000,2000.0,757760000,0.0016155000012076925,0.0003507000001263805,85.38232421875
exact,2000,32,2,475,0.0004790425591636449,0.93028125,1.0,64000,4000000,4064000,2000.0,757760000,0.0015703000008215895,0.0003387000015209196,85.38232421875
exact,2000,32,2,476,0.0004790399980265647,0.93025,1.0,64000,4000000,4064000,2000.0,757760000,0.0014984999997977866,0.00033510000139358453,85.38232421875
exact,2000,32,2,477,0.0004790353123098612,0.93025,1.0,64000,4000000,4064000,2000.0,757760000,0.0015819999989616917,0.00034860000050684903,85.38232421875
exact,2000,32,2,478,0.0004790367966052145,0.93025,1.0,64000,4000000,4064000,2000.0,757760000,0.0017059999991033692,0.0003699000008055009,85.38232421875
exact,2000,32,2,479,0.0004790337407030165,0.93025,1.0,64000,4000000,4064000,2000.0,757760000,0.001500599999417318,0.00030750000041734893,85.38232421875
exact,2000,32,2,480,0.00047902949154376984,0.930234375,1.0,64000,4000000,4064000,2000.0,757760000,0.0015294000004359987,0.00031010000020614825,85.38232421875
exact,2000,32,2,481,0.00047903129598125815,0.93025,1.0,64000,4000000,4064000,2000.0,757760000,0.0016524000002391404,0.0003704999999172287,85.38232421875
exact,2000,32,2,482,0.00047902471851557493,0.930265625,1.0,64000,4000000,4064000,2000.0,757760000,0.001530899999124813,0.0003226999997423263,85.38232421875
exact,2000,32,2,483,0.00047903903760015965,0.930234375,1.0,64000,4000000,4064000,2000.0,757760000,0.0015619999994669342,0.00036999999974796083,85.38232421875
exact,2000,32,2,484,0.000479040143545717,0.93025,1.0,64000,4000000,4064000,2000.0,757760000,0.001555299999381532,0.00031970000054570846,85.38232421875
exact,2000,32,2,485,0.00047902335063554347,0.93028125,1.0,64000,4000000,4064000,2000.0,757760000,0.0014994000011938624,0.0003192000003764406,85.38232421875
exact,2000,32,2,486,0.0004790365637745708,0.93025,1.0,64000,4000000,4064000,2000.0,757760000,0.0016267000009975163,0.00039060000017343555,85.38232421875
exact,2000,32,2,487,0.0004790426173713058,0.93021875,1.0,64000,4000000,4064000,2000.0,757760000,0.0015053000006446382,0.00032360000113840215,85.38232421875
exact,2000,32,2,488,0.0004790392122231424,0.93025,1.0,64000,4000000,4064000,2000.0,757760000,0.0016517999993084231,0.00034700000105658546,85.38232421875
exact,2000,32,2,489,0.0004790402890648693,0.93025,1.0,64000,4000000,4064000,2000.0,757760000,0.001593900000443682,0.000346200000421959,85.38232421875
exact,2000,32,2,490,0.0004790352832060307,0.93025,1.0,64000,4000000,4064000,2000.0,757760000,0.0015146999994612997,0.0003048999988095602,85.38232421875
exact,2000,32,2,491,0.00047903216909617186,0.93025,1.0,64000,4000000,4064000,2000.0,757760000,0.0016047999997681472,0.0003644999997050036,85.38232421875
exact,2000,32,2,492,0.0004790378443431109,0.93021875,1.0,64000,4000000,4064000,2000.0,757760000,0.0014592000006814487,0.00030669999978272244,85.38232421875
exact,2000,32,2,493,0.00047902442747727036,0.930234375,1.0,64000,4000000,4064000,2000.0,757760000,0.0015508999986195704,0.0003524000003380934,85.38232421875
exact,2000,32,2,494,0.0004790398816112429,0.930265625,1.0,64000,4000000,4064000,2000.0,757760000,0.0016139999988808995,0.00035009999919566326,85.38232421875
exact,2000,32,2,495,0.00047903417726047337,0.93025,1.0,64000,4000000,4064000,2000.0,757760000,0.0015163999996730126,0.0003469000002951361,85.38232421875
exact,2000,32,2,496,0.00047903473023325205,0.93025,1.0,64000,4000000,4064000,2000.0,757760000,0.0015895999986241804,0.00032470000041939784,85.38232421875
exact,2000,32,2,497,0.00047904212260618806,0.93025,1.0,64000,4000000,4064000,2000.0,757760000,0.0016092000005301088,0.00035770000067714136,85.38232421875
exact,2000,32,2,498,0.0004790355160366744,0.930234375,1.0,64000,4000000,4064000,2000.0,757760000,0.0016243000009126263,0.0003477000009297626,85.38232421875
exact,2000,32,2,499,0.000479040463687852,0.93025,1.0,64000,4000000,4064000,2000.0,757760000,0.0016092000005301088,0.0003390000001672888,85.38232421875
exact,2000,32,2,500,0.0004790404054801911,0.93025,1.0,64000,4000000,4064000,2000.0,757760000,0.0016568999999435619,0.00037569999949482735,85.38232421875
ariad,2000,32,2,1,0.20574690401554108,0.0524375,0.06575,64000,288000,352000,144.0,282624000,0.0828838999987056,0.08023510000020906,167.232421875
ariad,2000,32,2,2,0.1745598018169403,0.088953125,0.15921875,64000,288000,352000,144.0,282624000,0.0044166000006953254,0.0026947000005748123,168.822265625
ariad,2000,32,2,3,0.15718892216682434,0.11890625,0.285828125,64000,288000,352000,144.0,282624000,0.0036624999993364327,0.002094200001010904,168.822265625
ariad,2000,32,2,4,0.14393506944179535,0.136109375,0.419828125,64000,288000,352000,144.0,282624000,0.00351559999944584,0.0020916000012221048,168.822265625
ariad,2000,32,2,5,0.13392245769500732,0.142,0.53834375,64000,288000,352000,144.0,282624000,0.005893999999898369,0.0020308000002842164,168.822265625
ariad,2000,32,2,6,0.1269674301147461,0.13975,0.628484375,64000,288000,352000,144.0,282624000,0.0035184999996999977,0.0021676000014849706,168.822265625
ariad,2000,32,2,7,0.12185236066579819,0.1345625,0.6878125,64000,288000,352000,144.0,282624000,0.004712899999503861,0.0026453999998921063,168.822265625
ariad,2000,32,2,8,0.11806252598762512,0.127546875,0.72909375,64000,288000,352000,144.0,282624000,0.0033963000005314825,0.002059700000245357,168.822265625
ariad,2000,32,2,9,0.11530928313732147,0.120734375,0.75946875,64000,288000,352000,144.0,282624000,0.0032632000002195127,0.002086500000586966,168.822265625
ariad,2000,32,2,10,0.11298943310976028,0.115,0.783515625,64000,288000,352000,144.0,282624000,0.0033284000001003733,0.0021410000008472707,168.822265625
ariad,2000,32,2,11,0.11113518476486206,0.11078125,0.800828125,64000,288000,352000,144.0,282624000,0.003273300000728341,0.0020773999985976843,168.822265625
ariad,2000,32,2,12,0.10939899832010269,0.109328125,0.8154375,64000,288000,352000,144.0,282624000,0.0033903999992617173,0.0021682999995391583,168.822265625
ariad,2000,32,2,13,0.10771537572145462,0.108640625,0.826984375,64000,288000,352000,144.0,282624000,0.003696099998705904,0.002173499999116757,168.822265625
ariad,2000,32,2,14,0.10611775517463684,0.108828125,0.837328125,64000,288000,352000,144.0,282624000,0.005008899999666028,0.0020109999986743787,168.822265625
ariad,2000,32,2,15,0.10457758605480194,0.110984375,0.845140625,64000,288000,352000,144.0,282624000,0.004167799999777344,0.0025110999995376915,168.822265625
ariad,2000,32,2,16,0.10316431522369385,0.113484375,0.852015625,64000,288000,352000,144.0,282624000,0.003395900001123664,0.0020571000004565576,168.822265625
ariad,2000,32,2,17,0.10183815658092499,0.1179375,0.854140625,64000,288000,352000,144.0,282624000,0.003516200000376557,0.002088999999614316,168.822265625
ariad,2000,32,2,18,0.10048634558916092,0.12234375,0.856625,64000,288000,352000,144.0,282624000,0.0034189000016340287,0.0021362000006774906,168.822265625
ariad,2000,32,2,19,0.09923499077558517,0.12821875,0.85796875,64000,288000,352000,144.0,282624000,0.0040193999993789475,0.00264210000023013,168.822265625
ariad,2000,32,2,20,0.09785240143537521,0.13596875,0.8586875,64000,288000,352000,144.0,282624000,0.0033825000009528594,0.002097999999023159,168.822265625
ariad,2000,32,2,21,0.09649529308080673,0.145140625,0.860515625,64000,288000,352000,144.0,282624000,0.0033382000001438428,0.002038999999058433,168.822265625
ariad,2000,32,2,22,0.09506409615278244,0.154859375,0.861828125,64000,288000,352000,144.0,282624000,0.0033720000010362128,0.0020939000005455455,168.822265625
ariad,2000,32,2,23,0.09369108080863953,0.166375,0.86425,64000,288000,352000,144.0,282624000,0.003331000001708162,0.0020279999989725184,168.822265625
ariad,2000,32,2,24,0.09223391860723495,0.17878125,0.8665625,64000,288000,352000,144.0,282624000,0.00330749999920954,0.002042599999185768,168.822265625
ariad,2000,32,2,25,0.09070895612239838,0.192328125,0.868171875,64000,288000,352000,144.0,282624000,0.00880449999931443,0.002140500000678003,168.822265625
ariad,2000,32,2,26,0.08920080959796906,0.206640625,0.869078125,64000,288000,352000,144.0,282624000,0.004915100000289385,0.0021285000002535526,168.822265625
ariad,2000,32,2,27,0.08753452450037003,0.22175,0.867796875,64000,288000,352000,144.0,282624000,0.003466300000582123,0.002112000000124681,168.822265625
ariad,2000,32,2,28,0.08585961163043976,0.238953125,0.867875,64000,288000,352000,144.0,282624000,0.006185799999002484,0.002132800000254065,168.822265625
ariad,2000,32,2,29,0.08406300842761993,0.257296875,0.87015625,64000,288000,352000,144.0,282624000,0.003316999998787651,0.0020641999999497784,168.822265625
ariad,2000,32,2,30,0.08214453607797623,0.2765,0.872609375,64000,288000,352000,144.0,282624000,0.005007699999623583,0.0020232999995641876,168.822265625
ariad,2000,32,2,31,0.08029837906360626,0.296625,0.875203125,64000,288000,352000,144.0,282624000,0.00916750000033062,0.007852300001104595,168.822265625
ariad,2000,32,2,32,0.07836445420980453,0.317828125,0.878078125,64000,288000,352000,144.0,282624000,0.0033459999995102407,0.002102700000250479,168.822265625
ariad,2000,32,2,33,0.07642687112092972,0.338140625,0.8820625,64000,288000,352000,144.0,282624000,0.005803199999718345,0.003873399999065441,168.822265625
ariad,2000,32,2,34,0.07448303699493408,0.3584375,0.885375,64000,288000,352000,144.0,282624000,0.0031791999990673503,0.001974700000573648,168.822265625
ariad,2000,32,2,35,0.07247818261384964,0.379671875,0.890375,64000,288000,352000,144.0,282624000,0.0032281999992846977,0.002045900000666734,168.822265625
ariad,2000,32,2,36,0.07049469649791718,0.3986875,0.893328125,64000,288000,352000,144.0,282624000,0.005177199998797732,0.002139500000339467,168.822265625
ariad,2000,32,2,37,0.06852547824382782,0.41778125,0.8979375,64000,288000,352000,144.0,282624000,0.0036375999989104457,0.002096600001095794,168.822265625
ariad,2000,32,2,38,0.06652847677469254,0.43709375,0.90246875,64000,288000,352000,144.0,282624000,0.0033387000003131106,0.0020741000007546972,168.822265625
ariad,2000,32,2,39,0.06441786140203476,0.4540625,0.9056875,64000,288000,352000,144.0,282624000,0.0033512999998492887,0.00202020000142511,168.822265625
ariad,2000,32,2,40,0.062387436628341675,0.469765625,0.90878125,64000,288000,352000,144.0,282624000,0.0034290000003238674,0.002090299998599221,168.822265625
ariad,2000,32,2,41,0.06039029359817505,0.484640625,0.911359375,64000,288000,352000,144.0,282624000,0.0032185000000026776,0.002037600001131068,168.822265625
ariad,2000,32,2,42,0.058338649570941925,0.498859375,0.91409375,64000,288000,352000,144.0,282624000,0.0032529000000067754,0.002021299998887116,168.822265625
ariad,2000,32,2,43,0.05634697899222374,0.512546875,0.91715625,64000,288000,352000,144.0,282624000,0.003333500000735512,0.002120699999068165,168.822265625
ariad,2000,32,2,44,0.05437283590435982,0.5248125,0.918296875,64000,288000,352000,144.0,282624000,0.003327000000354019,0.0020963000006304355,168.822265625
ariad,2000,32,2,45,0.05243973061442375,0.535515625,0.919203125,64000,288000,352000,144.0,282624000,0.0032555999987380346,0.0020230999998602783,168.822265625
ariad,2000,32,2,46,0.05054141581058502,0.546171875,0.9210625,64000,288000,352000,144.0,282624000,0.003385800000614836,0.0020491000013862504,168.822265625
ariad,2000,32,2,47,0.04872550815343857,0.556640625,0.92328125,64000,288000,352000,144.0,282624000,0.0033149999999295687,0.0020963999995728955,168.822265625
ariad,2000,32,2,48,0.04694262146949768,0.566171875,0.92409375,64000,288000,352000,144.0,282624000,0.0032983999990392476,0.0020956000007572584,168.822265625
ariad,2000,32,2,49,0.04526641219854355,0.57371875,0.92525,64000,288000,352000,144.0,282624000,0.0031554999986838084,0.0020003000008728122,168.822265625
ariad,2000,32,2,50,0.04362690448760986,0.58165625,0.92721875,64000,288000,352000,144.0,282624000,0.003293100000519189,0.0020655999996961327,168.822265625
ariad,2000,32,2,51,0.041993580758571625,0.58878125,0.92696875,64000,288000,352000,144.0,282624000,0.0032843999997567153,0.0019790000005741604,168.822265625
ariad,2000,32,2,52,0.04040079936385155,0.5963125,0.92790625,64000,288000,352000,144.0,282624000,0.009664900000643684,0.0022267999993346166,168.822265625
ariad,2000,32,2,53,0.038859773427248,0.603265625,0.929625,64000,288000,352000,144.0,282624000,0.0033320000002277084,0.001994399999603047,168.822265625
ariad,2000,32,2,54,0.03734935447573662,0.610359375,0.931296875,64000,288000,352000,144.0,282624000,0.005259600000499631,0.002163499999369378,168.822265625
ariad,2000,32,2,55,0.03590495511889458,0.6164375,0.93278125,64000,288000,352000,144.0,282624000,0.0032115999983943766,0.0020027999999001622,168.822265625
ariad,2000,32,2,56,0.03450031578540802,0.62196875,0.93321875,64000,288000,352000,144.0,282624000,0.0032678000006853836,0.0020385999996506143,168.822265625
ariad,2000,32,2,57,0.03312094882130623,0.627390625,0.93521875,64000,288000,352000,144.0,282624000,0.0032934999999270076,0.0019542999998520827,168.822265625
ariad,2000,32,2,58,0.03175138682126999,0.631984375,0.9350625,64000,288000,352000,144.0,282624000,0.003231299999242765,0.0020595000005414477,168.822265625
ariad,2000,32,2,59,0.030399680137634277,0.63621875,0.93696875,64000,288000,352000,144.0,282624000,0.003285800001322059,0.002011799999309005,168.822265625
ariad,2000,32,2,60,0.029063822701573372,0.64,0.937703125,64000,288000,352000,144.0,282624000,0.004105500000150641,0.0020688000004156493,168.822265625
ariad,2000,32,2,61,0.027748681604862213,0.64465625,0.938828125,64000,288000,352000,144.0,282624000,0.0035891000006813556,0.00217500000144355,168.822265625
ariad,2000,32,2,62,0.026448067277669907,0.648234375,0.939796875,64000,288000,352000,144.0,282624000,0.003384600000572391,0.0021409000000858214,168.822265625
ariad,2000,32,2,63,0.025165803730487823,0.652140625,0.939859375,64000,288000,352000,144.0,282624000,0.0032325000011041993,0.002046100000370643,168.822265625
ariad,2000,32,2,64,0.023909855633974075,0.655375,0.941,64000,288000,352000,144.0,282624000,0.0032245000002149027,0.0020077999997738516,168.822265625
ariad,2000,32,2,65,0.02268214151263237,0.6586875,0.9405,64000,288000,352000,144.0,282624000,0.003325100000438397,0.0020731999993586214,168.822265625
ariad,2000,32,2,66,0.021484574303030968,0.66203125,0.940375,64000,288000,352000,144.0,282624000,0.0033141999992949422,0.002077899998766952,168.822265625
ariad,2000,32,2,67,0.020323805510997772,0.665203125,0.941734375,64000,288000,352000,144.0,282624000,0.003229500000088592,0.001999699999942095,168.822265625
ariad,2000,32,2,68,0.019201841205358505,0.66875,0.942671875,64000,288000,352000,144.0,282624000,0.003292600000349921,0.0020593000008375384,168.822265625
ariad,2000,32,2,69,0.018119411543011665,0.671359375,0.942984375,64000,288000,352000,144.0,282624000,0.008871699999872362,0.0020929000002070097,168.822265625
ariad,2000,32,2,70,0.01708616130053997,0.6738125,0.94359375,64000,288000,352000,144.0,282624000,0.0034723999997368082,0.002117500000167638,168.822265625
ariad,2000,32,2,71,0.016106141731142998,0.6765,0.94328125,64000,288000,352000,144.0,282624000,0.0034808000000339234,0.0021082000002934365,168.822265625
ariad,2000,32,2,72,0.015179380774497986,0.679234375,0.943984375,64000,288000,352000,144.0,282624000,0.005203099999562255,0.0031352000005426817,168.822265625
ariad,2000,32,2,73,0.014305840246379375,0.682328125,0.944890625,64000,288000,352000,144.0,282624000,0.0036978999996790662,0.0023148000000219326,168.822265625
ariad,2000,32,2,74,0.013483775779604912,0.6846875,0.945421875,64000,288000,352000,144.0,282624000,0.0034083000009559328,0.002009100000577746,168.822265625
ariad,2000,32,2,75,0.012712095864117146,0.68725,0.94584375,64000,288000,352000,144.0,282624000,0.003358099998877151,0.002084199999444536,168.822265625
ariad,2000,32,2,76,0.011990335769951344,0.689671875,0.945859375,64000,288000,352000,144.0,282624000,0.0032558000002609333,0.0020525999989331467,168.822265625
ariad,2000,32,2,77,0.011316589079797268,0.69234375,0.947125,64000,288000,352000,144.0,282624000,0.0032778999993752223,0.0020475000001169974,168.822265625
ariad,2000,32,2,78,0.010690039955079556,0.695875,0.9481875,64000,288000,352000,144.0,282624000,0.008086100000582519,0.002123599999322323,168.822265625
ariad,2000,32,2,79,0.01010704506188631,0.698171875,0.94859375,64000,288000,352000,144.0,282624000,0.0038913999997021165,0.0021784000000479864,168.822265625
ariad,2000,32,2,80,0.009564289823174477,0.70053125,0.949390625,64000,288000,352000,144.0,282624000,0.003579399999580346,0.0021065000000817236,168.822265625
ariad,2000,32,2,81,0.009060118347406387,0.70325,0.949828125,64000,288000,352000,144.0,282624000,0.003383500001291395,0.002038399999946705,168.822265625
ariad,2000,32,2,82,0.008591205812990665,0.70521875,0.95059375,64000,288000,352000,144.0,282624000,0.0032589000002190005,0.0020337000005383743,168.822265625
ariad,2000,32,2,83,0.008153916336596012,0.707953125,0.951515625,64000,288000,352000,144.0,282624000,0.003195199999026954,0.0019678999997267965,168.822265625
ariad,2000,32,2,84,0.007748174946755171,0.71,0.952875,64000,288000,352000,144.0,282624000,0.008154999999533175,0.006306299999778275,168.822265625
ariad,2000,32,2,85,0.007370845414698124,0.7125625,0.953265625,64000,288000,352000,144.0,282624000,0.003396000000066124,0.002020799998717848,168.822265625
ariad,2000,32,2,86,0.00701869698241353,0.714796875,0.953765625,64000,288000,352000,144.0,282624000,0.0034605000000738073,0.002098699998896336,168.822265625
ariad,2000,32,2,87,0.006689004134386778,0.716734375,0.954,64000,288000,352000,144.0,282624000,0.0031987000002118293,0.0019935000000259606,168.822265625
ariad,2000,32,2,88,0.006380879785865545,0.71940625,0.954328125,64000,288000,352000,144.0,282624000,0.00319120000131079,0.0019709999996848637,168.822265625
ariad,2000,32,2,89,0.006091947667300701,0.721203125,0.954328125,64000,288000,352000,144.0,282624000,0.0032252999990305398,0.0020157000017206883,168.822265625
ariad,2000,32,2,90,0.005822168663144112,0.723765625,0.955203125,64000,288000,352000,144.0,282624000,0.003193900000042049,0.0019738999999390217,168.822265625
ariad,2000,32,2,91,0.005568597931414843,0.726046875,0.95625,64000,288000,352000,144.0,282624000,0.003289099999165046,0.0020929000002070097,168.822265625
ariad,2000,32,2,92,0.005330316256731749,0.728015625,0.95628125,64000,288000,352000,144.0,282624000,0.0035062000006291782,0.001982499999940046,168.822265625
ariad,2000,32,2,93,0.0051061417907476425,0.73021875,0.95621875,64000,288000,352000,144.0,282624000,0.003830700001344667,0.0020097999986319337,168.822265625
ariad,2000,32,2,94,0.004896615166217089,0.7320625,0.956765625,64000,288000,352000,144.0,282624000,0.00507370000013907,0.003134200000204146,168.822265625
ariad,2000,32,2,95,0.0046989088878035545,0.73453125,0.958265625,64000,288000,352000,144.0,282624000,0.003466800000751391,0.0021585000013146782,168.822265625
ariad,2000,32,2,96,0.0045129540376365185,0.736453125,0.958984375,64000,288000,352000,144.0,282624000,0.00978690000010829,0.008273899999039713,168.822265625
ariad,2000,32,2,97,0.00433698296546936,0.73821875,0.959671875,64000,288000,352000,144.0,282624000,0.003326500000184751,0.002059700000245357,168.822265625
ariad,2000,32,2,98,0.004170223139226437,0.74021875,0.960171875,64000,288000,352000,144.0,282624000,0.003315600000860286,0.002059899999949266,168.822265625
ariad,2000,32,2,99,0.00401310296729207,0.7424375,0.960046875,64000,288000,352000,144.0,282624000,0.0032518000007257797,0.0020362000013847137,168.822265625
ariad,2000,32,2,100,0.003864285768941045,0.74415625,0.960625,64000,288000,352000,144.0,282624000,0.0033471999995526858,0.0020581000007950934,168.822265625
ariad,2000,32,2,101,0.0037237065844237804,0.74628125,0.962078125,64000,288000,352000,144.0,282624000,0.0033504999992146622,0.0020702000001620036,168.822265625
ariad,2000,32,2,102,0.003590590553358197,0.748484375,0.96234375,64000,288000,352000,144.0,282624000,0.0031911999994918006,0.002006100001381128,168.822265625
ariad,2000,32,2,103,0.0034645539708435535,0.7508125,0.96290625,64000,288000,352000,144.0,282624000,0.009204400001181057,0.0020614999993995298,168.822265625
ariad,2000,32,2,104,0.0033449761103838682,0.75290625,0.96328125,64000,288000,352000,144.0,282624000,0.0034137000002374407,0.002030699999522767,168.822265625
ariad,2000,32,2,105,0.0032320525497198105,0.755640625,0.963359375,64000,288000,352000,144.0,282624000,0.0041739000007510185,0.0020571999993990175,168.822265625
ariad,2000,32,2,106,0.0031253339257091284,0.7575625,0.96396875,64000,288000,352000,144.0,282624000,0.0033170999995491,0.0020554000002448447,168.822265625
ariad,2000,32,2,107,0.003024448174983263,0.759328125,0.963859375,64000,288000,352000,144.0,282624000,0.003357200001119054,0.00211699999999837,168.822265625
ariad,2000,32,2,108,0.0029290299862623215,0.76140625,0.9641875,64000,288000,352000,144.0,282624000,0.0032505999988643453,0.002058699999906821,168.822265625
ariad,2000,32,2,109,0.0028389012441039085,0.76359375,0.9655625,64000,288000,352000,144.0,282624000,0.003315600000860286,0.002087099999698694,168.822265625
ariad,2000,32,2,110,0.0027530419174581766,0.76565625,0.965453125,64000,288000,352000,144.0,282624000,0.003217600000425591,0.002012799999647541,168.822265625
ariad,2000,32,2,111,0.0026712045073509216,0.768015625,0.965734375,64000,288000,352000,144.0,282624000,0.003276999999798136,0.002075399999739602,168.822265625
ariad,2000,32,2,112,0.002593675162643194,0.77046875,0.966375,64000,288000,352000,144.0,282624000,0.00882639999872481,0.001980899998670793,168.822265625
ariad,2000,32,2,113,0.0025200501549988985,0.77225,0.966578125,64000,288000,352000,144.0,282624000,0.0034795000010490185,0.0021072999988973606,168.822265625
ariad,2000,32,2,114,0.0024504042230546474,0.77434375,0.96765625,64000,288000,352000,144.0,282624000,0.0033416999995097285,0.0020660999998654006,168.822265625
ariad,2000,32,2,115,0.0023840151261538267,0.776296875,0.967890625,64000,288000,352000,144.0,282624000,0.003316300000733463,0.0020051999999850523,168.822265625
ariad,2000,32,2,116,0.002320678438991308,0.778234375,0.968875,64000,288000,352000,144.0,282624000,0.0031768000008014496,0.0019904000000678934,168.822265625
ariad,2000,32,2,117,0.0022606293205171824,0.779984375,0.9693125,64000,288000,352000,144.0,282624000,0.00323240000034275,0.002008600000408478,168.822265625
ariad,2000,32,2,118,0.0022035427391529083,0.78190625,0.969390625,64000,288000,352000,144.0,282624000,0.003335900000820402,0.002050900000540423,168.822265625
ariad,2000,32,2,119,0.0021487369667738676,0.783828125,0.96990625,64000,288000,352000,144.0,282624000,0.005278700000417302,0.0020934999993187375,168.822265625
ariad,2000,32,2,120,0.0020964399445801973,0.785484375,0.970109375,64000,288000,352000,144.0,282624000,0.0032480999998369953,0.002016399999774876,168.822265625
ariad,2000,32,2,121,0.0020464416593313217,0.787390625,0.969875,64000,288000,352000,144.0,282624000,0.0033392000004823785,0.00210259999948903,168.822265625
ariad,2000,32,2,122,0.001998875755816698,0.789609375,0.971515625,64000,288000,352000,144.0,282624000,0.0041299000004073605,0.002166899999792804,168.822265625
ariad,2000,32,2,123,0.0019532274454832077,0.790953125,0.971578125,64000,288000,352000,144.0,282624000,0.0035041999999521067,0.0019966999989264878,168.822265625
ariad,2000,32,2,124,0.0019093421287834644,0.7928125,0.971640625,64000,288000,352000,144.0,282624000,0.003326500000184751,0.0020137999999860767,168.822265625
ariad,2000,32,2,125,0.0018670819699764252,0.79465625,0.97171875,64000,288000,352000,144.0,282624000,0.003224000000045635,0.002026599999226164,168.822265625
ariad,2000,32,2,126,0.001826337305828929,0.7965,0.9725,64000,288000,352000,144.0,282624000,0.0032013000000006286,0.0020017999995616265,168.822265625
ariad,2000,32,2,127,0.0017872047610580921,0.798515625,0.97259375,64000,288000,352000,144.0,282624000,0.009151700000074925,0.007518200000049546,168.822265625
ariad,2000,32,2,128,0.0017496587242931128,0.8004375,0.972890625,64000,288000,352000,144.0,282624000,0.0032929999997577397,0.0019475999997666804,168.822265625
ariad,2000,32,2,129,0.0017134721856564283,0.802578125,0.973375,64000,288000,352000,144.0,282624000,0.004611399999703281,0.0022093999996286584,168.822265625
ariad,2000,32,2,130,0.0016784828621894121,0.803859375,0.973984375,64000,288000,352000,144.0,282624000,0.0032441000003018416,0.0020183000015094876,168.822265625
ariad,2000,32,2,131,0.0016448465175926685,0.805625,0.97409375,64000,288000,352000,144.0,282624000,0.0032390000014856923,0.0020494000000326196,168.822265625
ariad,2000,32,2,132,0.001612501684576273,0.807125,0.974328125,64000,288000,352000,144.0,282624000,0.004617999999027234,0.0020206000008329283,168.822265625
ariad,2000,32,2,133,0.001581404241733253,0.808890625,0.974828125,64000,288000,352000,144.0,282624000,0.0036615000008168863,0.002335299999685958,168.822265625
ariad,2000,32,2,134,0.001551249180920422,0.810046875,0.97471875,64000,288000,352000,144.0,282624000,0.0033167999990837416,0.0019864999994751997,168.822265625
ariad,2000,32,2,135,0.0015221670037135482,0.811640625,0.975359375,64000,288000,352000,144.0,282624000,0.0032802999994601123,0.002057200001218007,168.822265625
ariad,2000,32,2,136,0.0014942148700356483,0.813234375,0.97584375,64000,288000,352000,144.0,282624000,0.003242899998440407,0.002056100000118022,168.822265625
ariad,2000,32,2,137,0.0014671278186142445,0.814671875,0.975796875,64000,288000,352000,144.0,282624000,0.003199299999323557,0.001963900000191643,168.822265625
ariad,2000,32,2,138,0.0014408384449779987,0.816609375,0.976078125,64000,288000,352000,144.0,282624000,0.005767800001194701,0.002002100000026985,168.822265625
ariad,2000,32,2,139,0.00141547538805753,0.817984375,0.976203125,64000,288000,352000,144.0,282624000,0.003771099998630234,0.0023469999996450497,168.822265625
ariad,2000,32,2,140,0.0013911632122471929,0.81896875,0.97609375,64000,288000,352000,144.0,282624000,0.0032774000010249438,0.002012700000705081,168.822265625
ariad,2000,32,2,141,0.0013675891095772386,0.820265625,0.976859375,64000,288000,352000,144.0,282624000,0.0034682999994402053,0.0021534999996219995,168.822265625
ariad,2000,32,2,142,0.0013444141950458288,0.821421875,0.97684375,64000,288000,352000,144.0,282624000,0.003433900001255097,0.002069199999823468,168.822265625
ariad,2000,32,2,143,0.001322149415500462,0.822703125,0.97703125,64000,288000,352000,144.0,282624000,0.003353100000822451,0.00206380000054196,168.822265625
ariad,2000,32,2,144,0.0013004286447539926,0.823859375,0.977078125,64000,288000,352000,144.0,282624000,0.0034045000011246884,0.0020457999999052845,168.822265625
ariad,2000,32,2,145,0.0012794947251677513,0.8250625,0.97715625,64000,288000,352000,144.0,282624000,0.0034173000003647758,0.0021004999998694984,168.822265625
ariad,2000,32,2,146,0.0012592686107382178,0.826359375,0.977359375,64000,288000,352000,144.0,282624000,0.003702900001371745,0.0022057000005588634,168.822265625
ariad,2000,32,2,147,0.001239609089680016,0.82784375,0.977625,64000,288000,352000,144.0,282624000,0.005318899999110727,0.003958499999498599,168.822265625
ariad,2000,32,2,148,0.0012205761158838868,0.82928125,0.9783125,64000,288000,352000,144.0,282624000,0.005074099999546888,0.0024256999986391747,168.822265625
ariad,2000,32,2,149,0.0012021387228742242,0.830640625,0.97853125,64000,288000,352000,144.0,282624000,0.003393799999685143,0.002060900000287802,168.822265625
ariad,2000,32,2,150,0.0011843922547996044,0.832109375,0.9789375,64000,288000,352000,144.0,282624000,0.005929499999183463,0.003970799998569419,168.822265625
ariad,2000,32,2,151,0.0011670313542708755,0.8330625,0.9785,64000,288000,352000,144.0,282624000,0.003516999999192194,0.0020946000004187226,168.822265625
ariad,2000,32,2,152,0.0011502524139359593,0.833984375,0.978453125,64000,288000,352000,144.0,282624000,0.004339699999036384,0.0025239000005967682,168.822265625
ariad,2000,32,2,153,0.0011340517085045576,0.8350625,0.97884375,64000,288000,352000,144.0,282624000,0.012855599999966216,0.010448699998960365,168.822265625
ariad,2000,32,2,154,0.00111837696749717,0.83625,0.97934375,64000,288000,352000,144.0,282624000,0.004382199998872238,0.002494200000001001,168.822265625
ariad,2000,32,2,155,0.001103098038583994,0.83734375,0.9793125,64000,288000,352000,144.0,282624000,0.0038247000011324417,0.0021577999996225117,168.822265625
ariad,2000,32,2,156,0.0010883131762966514,0.838765625,0.9791875,64000,288000,352000,144.0,282624000,0.00393160000021453,0.0023738999989291187,168.822265625
ariad,2000,32,2,157,0.001073938445188105,0.84009375,0.978875,64000,288000,352000,144.0,282624000,0.004002599998784717,0.0024795999997877516,168.822265625
ariad,2000,32,2,158,0.0010600064415484667,0.84125,0.978921875,64000,288000,352000,144.0,282624000,0.007602400000905618,0.005120499999975436,168.822265625
ariad,2000,32,2,159,0.0010464582592248917,0.842453125,0.979328125,64000,288000,352000,144.0,282624000,0.004259900000761263,0.0026121999999304535,168.822265625
ariad,2000,32,2,160,0.0010332624660804868,0.84371875,0.9795625,64000,288000,352000,144.0,282624000,0.005990100000417442,0.0024290999990626005,168.822265625
ariad,2000,32,2,161,0.0010205183643847704,0.84453125,0.979765625,64000,288000,352000,144.0,282624000,0.0039823000006435905,0.002360899999985122,168.822265625
ariad,2000,32,2,162,0.0010081622749567032,0.845625,0.979984375,64000,288000,352000,144.0,282624000,0.0034846999988076277,0.0021084999989398057,168.822265625
ariad,2000,32,2,163,0.0009960989700630307,0.846703125,0.98,64000,288000,352000,144.0,282624000,0.0033903999992617173,0.0020917999991070246,168.822265625
ariad,2000,32,2,164,0.0009843267034739256,0.847953125,0.980296875,64000,288000,352000,144.0,282624000,0.0034660000001167646,0.0022517999987030635,168.822265625
ariad,2000,32,2,165,0.0009729829616844654,0.849171875,0.9803125,64000,288000,352000,144.0,282624000,0.005737999999837484,0.0026656000009097625,168.822265625
ariad,2000,32,2,166,0.0009619386401027441,0.850359375,0.980234375,64000,288000,352000,144.0,282624000,0.0037795999996887986,0.0023160000000643777,168.822265625
ariad,2000,32,2,167,0.0009511584648862481,0.851453125,0.980578125,64000,288000,352000,144.0,282624000,0.003618000000642496,0.0023628999988432042,168.822265625
ariad,2000,32,2,168,0.0009406378376297653,0.85253125,0.981,64000,288000,352000,144.0,282624000,0.01082730000052834,0.007427099999404163,168.822265625
ariad,2000,32,2,169,0.0009305558050982654,0.85353125,0.981296875,64000,288000,352000,144.0,282624000,0.003591799999412615,0.0021927999987383373,168.822265625
ariad,2000,32,2,170,0.0009206011891365051,0.854515625,0.981390625,64000,288000,352000,144.0,282624000,0.004221200000756653,0.0023409000004903646,168.822265625
ariad,2000,32,2,171,0.0009110562968999147,0.855390625,0.981046875,64000,288000,352000,144.0,282624000,0.003281799999967916,0.0020385999996506143,168.822265625
ariad,2000,32,2,172,0.000901710067410022,0.8565,0.981546875,64000,288000,352000,144.0,282624000,0.003455699999904027,0.0022306999999273103,168.822265625
ariad,2000,32,2,173,0.0008925299625843763,0.857578125,0.981609375,64000,288000,352000,144.0,282624000,0.01032889999987674,0.00818020000042452,168.822265625
ariad,2000,32,2,174,0.000883542001247406,0.85875,0.981828125,64000,288000,352000,144.0,282624000,0.00655430000006163,0.004248200000802171,168.822265625
ariad,2000,32,2,175,0.0008747886749915779,0.8598125,0.98209375,64000,288000,352000,144.0,282624000,0.004123099999560509,0.002648700001373072,168.822265625
ariad,2000,32,2,176,0.0008663268527016044,0.86040625,0.9816875,64000,288000,352000,144.0,282624000,0.003281999999671825,0.0020029999996040715,168.822265625
ariad,2000,32,2,177,0.0008581128204241395,0.86153125,0.98196875,64000,288000,352000,144.0,282624000,0.003540699999575736,0.0021648000001732726,168.822265625
ariad,2000,32,2,178,0.00085003103595227,0.862234375,0.9819375,64000,288000,352000,144.0,282624000,0.004159800000707037,0.0020552000005409354,168.822265625
ariad,2000,32,2,179,0.0008421611273661256,0.86315625,0.9821875,64000,288000,352000,144.0,282624000,0.003284899999925983,0.0020254999999451684,168.822265625
ariad,2000,32,2,180,0.0008344799280166626,0.8641875,0.982515625,64000,288000,352000,144.0,282624000,0.003448499999649357,0.002140500000678003,168.822265625
ariad,2000,32,2,181,0.0008268747478723526,0.865140625,0.982328125,64000,288000,352000,144.0,282624000,0.009349899999506306,0.007360499999776948,168.822265625
ariad,2000,32,2,182,0.00081958610098809,0.866171875,0.982625,64000,288000,352000,144.0,282624000,0.003342500000144355,0.0020063000010850374,168.822265625
ariad,2000,32,2,183,0.0008124977466650307,0.866953125,0.982390625,64000,288000,352000,144.0,282624000,0.0033447000005253358,0.0020607999995263526,168.822265625
ariad,2000,32,2,184,0.0008055598009377718,0.86784375,0.982703125,64000,288000,352000,144.0,282624000,0.0031982000000425614,0.0019978999989689328,168.822265625
ariad,2000,32,2,185,0.0007987446151673794,0.868734375,0.982703125,64000,288000,352000,144.0,282624000,0.003258799999457551,0.002068899999358109,168.822265625
ariad,2000,32,2,186,0.0007921104552224278,0.86946875,0.982609375,64000,288000,352000,144.0,282624000,0.0033513999987917487,0.0020150000000285218,168.822265625
ariad,2000,32,2,187,0.0007855449221096933,0.870078125,0.98259375,64000,288000,352000,144.0,282624000,0.0032768000000942266,0.002038800001173513,168.822265625
ariad,2000,32,2,188,0.0007790992385707796,0.870984375,0.982953125,64000,288000,352000,144.0,282624000,0.0032759999994596,0.0020786999994015787,168.822265625
ariad,2000,32,2,189,0.0007729600765742362,0.87184375,0.982546875,64000,288000,352000,144.0,282624000,0.00326620000123512,0.0020719000003737165,168.822265625
ariad,2000,32,2,190,0.0007669024635106325,0.872890625,0.98275,64000,288000,352000,144.0,282624000,0.009359900001072674,0.00687370000014198,168.822265625
ariad,2000,32,2,191,0.0007608940359205008,0.873671875,0.982296875,64000,288000,352000,144.0,282624000,0.00360989999899175,0.0021159999996598344,168.822265625
ariad,2000,32,2,192,0.000755090091843158,0.87446875,0.98278125,64000,288000,352000,144.0,282624000,0.0038603000011789845,0.0023777999995218124,168.822265625
ariad,2000,32,2,193,0.0007493800367228687,0.875328125,0.9828125,64000,288000,352000,144.0,282624000,0.004354499998953543,0.0026613000009092502,168.822265625
ariad,2000,32,2,194,0.0007438714965246618,0.875984375,0.983171875,64000,288000,352000,144.0,282624000,0.003573800000594929,0.002206099999966682,168.822265625
ariad,2000,32,2,195,0.000738536415155977,0.87665625,0.98309375,64000,288000,352000,144.0,282624000,0.003312700000606128,0.0019840999993903097,168.822265625
ariad,2000,32,2,196,0.0007333109388127923,0.87740625,0.983046875,64000,288000,352000,144.0,282624000,0.0032344000010198215,0.001990700000533252,168.822265625
ariad,2000,32,2,197,0.0007282237056642771,0.87825,0.983375,64000,288000,352000,144.0,282624000,0.0033126999987871386,0.002053999998679501,168.822265625
ariad,2000,32,2,198,0.0007232960779219866,0.878859375,0.983375,64000,288000,352000,144.0,282624000,0.008717700000488549,0.005936499999734224,168.822265625
ariad,2000,32,2,199,0.0007184496498666704,0.879421875,0.983125,64000,288000,352000,144.0,282624000,0.0034446000008756528,0.002047399999355548,168.822265625
ariad,2000,32,2,200,0.0007137978682294488,0.88025,0.98309375,64000,288000,352000,144.0,282624000,0.004256999998688116,0.00209280000126455,168.822265625
ariad,2000,32,2,201,0.0007093691965565085,0.880953125,0.9831875,64000,288000,352000,144.0,282624000,0.003468699998848024,0.002096500000334345,168.822265625
ariad,2000,32,2,202,0.0007050327258184552,0.8815625,0.983359375,64000,288000,352000,144.0,282624000,0.0032953999998426298,0.0020831000001635402,168.822265625
ariad,2000,32,2,203,0.0007006984087638557,0.88209375,0.983078125,64000,288000,352000,144.0,282624000,0.0033564000004844274,0.002091399999699206,168.822265625
ariad,2000,32,2,204,0.0006965759675949812,0.88296875,0.983640625,64000,288000,352000,144.0,282624000,0.003251500000260421,0.0020346999990579206,168.822265625
ariad,2000,32,2,205,0.0006926106289029121,0.883484375,0.983484375,64000,288000,352000,144.0,282624000,0.0032543999986955896,0.0020023999986733543,168.822265625
ariad,2000,32,2,206,0.0006888021598570049,0.88425,0.983578125,64000,288000,352000,144.0,282624000,0.003280500000983011,0.0020039999999426072,168.822265625
ariad,2000,32,2,207,0.0006850656354799867,0.8849375,0.983546875,64000,288000,352000,144.0,282624000,0.0032475999996677274,0.002078899999105488,168.822265625
ariad,2000,32,2,208,0.0006815095548518002,0.885421875,0.983953125,64000,288000,352000,144.0,282624000,0.005707299998903181,0.0020076000000699423,168.822265625
ariad,2000,32,2,209,0.0006780398543924093,0.886203125,0.98415625,64000,288000,352000,144.0,282624000,0.003957599999921513,0.0024795000008452917,168.822265625
ariad,2000,32,2,210,0.0006747841252945364,0.886765625,0.984234375,64000,288000,352000,144.0,282624000,0.004003699999884702,0.00203959999998915,168.822265625
ariad,2000,32,2,211,0.0006716300849802792,0.88740625,0.984265625,64000,288000,352000,144.0,282624000,0.003510499998810701,0.002138300000297022,168.822265625
ariad,2000,32,2,212,0.0006685368134640157,0.887671875,0.984296875,64000,288000,352000,144.0,282624000,0.003321199999845703,0.0020320000003266614,168.822265625
ariad,2000,32,2,213,0.0006655902252532542,0.88828125,0.984140625,64000,288000,352000,144.0,282624000,0.0032874999997147825,0.002048099999228725,168.822265625
ariad,2000,32,2,214,0.0006627764087170362,0.888890625,0.984515625,64000,288000,352000,144.0,282624000,0.0032277000009344192,0.00203959999998915,168.822265625
ariad,2000,32,2,215,0.0006600625929422677,0.889203125,0.984421875,64000,288000,352000,144.0,282624000,0.0031976999998732936,0.0020334000000730157,168.822265625
ariad,2000,32,2,216,0.0006574674625881016,0.8896875,0.98428125,64000,288000,352000,144.0,282624000,0.003296599999885075,0.0020606999987649033,168.822265625
ariad,2000,32,2,217,0.0006549652898684144,0.89003125,0.984375,64000,288000,352000,144.0,282624000,0.0032102000004670117,0.002004300000407966,168.822265625
ariad,2000,32,2,218,0.0006525912904180586,0.89084375,0.98465625,64000,288000,352000,144.0,282624000,0.0032037000000855187,0.002005599999392871,168.822265625
ariad,2000,32,2,219,0.0006503508193418384,0.8913125,0.9846875,64000,288000,352000,144.0,282624000,0.003364099999089376,0.0021541000005527167,168.822265625
ariad,2000,32,2,220,0.0006482068565674126,0.891640625,0.985109375,64000,288000,352000,144.0,282624000,0.003262499998527346,0.0020475999990594573,168.822265625
ariad,2000,32,2,221,0.0006461396696977317,0.892078125,0.98509375,64000,288000,352000,144.0,282624000,0.003258500000811182,0.0020476999998209067,168.822265625
ariad,2000,32,2,222,0.0006442324374802411,0.8925625,0.985,64000,288000,352000,144.0,282624000,0.0032025000000430737,0.0019868999988830183,168.822265625
ariad,2000,32,2,223,0.0006424342282116413,0.892921875,0.98525,64000,288000,352000,144.0,282624000,0.0032562000014877412,0.0020206999997753883,168.822265625
ariad,2000,32,2,224,0.0006406328757293522,0.8933125,0.985265625,64000,288000,352000,144.0,282624000,0.010528699998758384,0.008021000001463108,168.822265625
ariad,2000,32,2,225,0.0006389390910044312,0.8935,0.98521875,64000,288000,352000,144.0,282624000,0.003941099999792641,0.0021254999992379453,168.822265625
ariad,2000,32,2,226,0.0006373638170771301,0.893859375,0.98528125,64000,288000,352000,144.0,282624000,0.003840400000626687,0.0024063000000751344,168.822265625
ariad,2000,32,2,227,0.0006358565296977758,0.894265625,0.98528125,64000,288000,352000,144.0,282624000,0.004714900000180933,0.0019855000009556534,168.822265625
ariad,2000,32,2,228,0.000634441152215004,0.8945,0.98525,64000,288000,352000,144.0,282624000,0.0034568999999464722,0.002083499999571359,168.822265625
ariad,2000,32,2,229,0.0006330825854092836,0.89478125,0.985640625,64000,288000,352000,144.0,282624000,0.0032590999999229098,0.0020426999999472173,168.822265625
ariad,2000,32,2,230,0.0006317351362667978,0.895078125,0.98596875,64000,288000,352000,144.0,282624000,0.005610200001683552,0.002096099999107537,168.822265625
ariad,2000,32,2,231,0.0006304941489361227,0.895515625,0.9860625,64000,288000,352000,144.0,282624000,0.0036992000004829606,0.0023338999999396037,168.822265625
ariad,2000,32,2,232,0.0006292742327786982,0.89590625,0.986140625,64000,288000,352000,144.0,282624000,0.0034101999990525655,0.002067699999315664,168.822265625
ariad,2000,32,2,233,0.0006280887755565345,0.8960625,0.98625,64000,288000,352000,144.0,282624000,0.003373099998498219,0.0020386000014696037,168.822265625
ariad,2000,32,2,234,0.0006270037847571075,0.896453125,0.98640625,64000,288000,352000,144.0,282624000,0.0032501000005140668,0.001994899999772315,168.822265625
ariad,2000,32,2,235,0.0006259860820136964,0.896828125,0.986625,64000,288000,352000,144.0,282624000,0.005290499999318854,0.003924700000425219,168.822265625
ariad,2000,32,2,236,0.0006249587167985737,0.896921875,0.986703125,64000,288000,352000,144.0,282624000,0.003287899999122601,0.0020458999988477444,168.822265625
ariad,2000,32,2,237,0.0006240225047804415,0.8973125,0.98659375,64000,288000,352000,144.0,282624000,0.003403999999136431,0.0021397000000433763,168.822265625
ariad,2000,32,2,238,0.0006231563165783882,0.89759375,0.98671875,64000,288000,352000,144.0,282624000,0.009421000000656932,0.006599500000447733,168.822265625
ariad,2000,32,2,239,0.0006222682422958314,0.897890625,0.986859375,64000,288000,352000,144.0,282624000,0.003481100000499282,0.0021070000002509914,168.822265625
ariad,2000,32,2,240,0.0006213964661583304,0.89821875,0.9870625,64000,288000,352000,144.0,282624000,0.003431700000874116,0.0021053000000392785,168.822265625
ariad,2000,32,2,241,0.0006205305689945817,0.898453125,0.98709375,64000,288000,352000,144.0,282624000,0.0032584000000497326,0.002020099998844671,168.822265625
ariad,2000,32,2,242,0.0006196993635967374,0.8986875,0.9870625,64000,288000,352000,144.0,282624000,0.003299999998489511,0.002083699999275268,168.822265625
ariad,2000,32,2,243,0.0006188632687553763,0.8989375,0.9869375,64000,288000,352000,144.0,282624000,0.003284100001110346,0.0020680999987234827,168.822265625
ariad,2000,32,2,244,0.0006180743803270161,0.899359375,0.98709375,64000,288000,352000,144.0,282624000,0.003373999999894295,0.0020362000013847137,168.822265625
ariad,2000,32,2,245,0.0006173209403641522,0.899546875,0.987109375,64000,288000,352000,144.0,282624000,0.0034106000002793735,0.0021319999996194383,168.822265625
ariad,2000,32,2,246,0.0006165612139739096,0.899765625,0.987328125,64000,288000,352000,144.0,282624000,0.0032511999997950625,0.0020097999986319337,168.822265625
ariad,2000,32,2,247,0.0006158388569019735,0.899828125,0.987375,64000,288000,352000,144.0,282624000,0.0034379999997327104,0.002027000000452972,168.822265625
ariad,2000,32,2,248,0.0006151077104732394,0.89996875,0.98725,64000,288000,352000,144.0,282624000,0.0034205000010842923,0.0020610000010492513,168.822265625
ariad,2000,32,2,249,0.0006144045619294047,0.900140625,0.987546875,64000,288000,352000,144.0,282624000,0.0031976999998732936,0.001973500000531203,168.822265625
ariad,2000,32,2,250,0.0006137395394034684,0.900171875,0.98759375,64000,288000,352000,144.0,282624000,0.0063527000002068235,0.002029200000833953,168.822265625
ariad,2000,32,2,251,0.0006130615365691483,0.900296875,0.987859375,64000,288000,352000,144.0,282624000,0.0035468999994918704,0.0021319999996194383,168.822265625
ariad,2000,32,2,252,0.0006123664788901806,0.9005,0.98771875,64000,288000,352000,144.0,282624000,0.003139700000247103,0.0019530000008671777,168.822265625
ariad,2000,32,2,253,0.0006116977892816067,0.90065625,0.9875625,64000,288000,352000,144.0,282624000,0.004726600000140024,0.003466899999693851,168.822265625
ariad,2000,32,2,254,0.000611014780588448,0.900796875,0.987734375,64000,288000,352000,144.0,282624000,0.003246000000217464,0.002025800000410527,168.822265625
ariad,2000,32,2,255,0.0006103216437622905,0.90090625,0.98784375,64000,288000,352000,144.0,282624000,0.0032756000000517815,0.0020492999992711702,168.822265625
ariad,2000,32,2,256,0.0006096051074564457,0.900859375,0.987859375,64000,288000,352000,144.0,282624000,0.008988800000224728,0.0020844999999098945,168.822265625
ariad,2000,32,2,257,0.000608866335824132,0.900984375,0.988046875,64000,288000,352000,144.0,282624000,0.003290200000265031,0.002071699998850818,168.822265625
ariad,2000,32,2,258,0.000608174130320549,0.901,0.988375,64000,288000,352000,144.0,282624000,0.0031730999999126652,0.001981299999897601,168.822265625
ariad,2000,32,2,259,0.0006074702250771224,0.901046875,0.98846875,64000,288000,352000,144.0,282624000,0.003337699999974575,0.002066499999273219,168.822265625
ariad,2000,32,2,260,0.0006067826179787517,0.901140625,0.9885625,64000,288000,352000,144.0,282624000,0.0032969000003504334,0.0020809999987250194,168.822265625
ariad,2000,32,2,261,0.0006060553132556379,0.901125,0.988734375,64000,288000,352000,144.0,282624000,0.003302199998870492,0.002060300001176074,168.822265625
ariad,2000,32,2,262,0.0006053145043551922,0.90128125,0.988671875,64000,288000,352000,144.0,282624000,0.0032676000009814743,0.0020302000011724886,168.822265625
ariad,2000,32,2,263,0.0006045984337106347,0.90140625,0.988640625,64000,288000,352000,144.0,282624000,0.003235499998481828,0.002007499999308493,168.822265625
ariad,2000,32,2,264,0.0006039036088623106,0.90146875,0.988578125,64000,288000,352000,144.0,282624000,0.003313900000648573,0.0020750000003317837,168.822265625
ariad,2000,32,2,265,0.0006031495868228376,0.9015625,0.988828125,64000,288000,352000,144.0,282624000,0.003295599999546539,0.0020850999990216224,168.822265625
ariad,2000,32,2,266,0.0006023540627211332,0.901765625,0.98890625,64000,288000,352000,144.0,282624000,0.0032838999995874474,0.002056799999991199,168.822265625
ariad,2000,32,2,267,0.0006015546387061477,0.901859375,0.98896875,64000,288000,352000,144.0,282624000,0.0032772000013210345,0.002058500000202912,168.822265625
ariad,2000,32,2,268,0.0006007444462738931,0.901921875,0.989046875,64000,288000,352000,144.0,282624000,0.011218300000109593,0.006914100000358303,168.822265625
ariad,2000,32,2,269,0.0005999374552629888,0.902125,0.988828125,64000,288000,352000,144.0,282624000,0.004003399999419344,0.0022516999997606035,168.822265625
ariad,2000,32,2,270,0.0005990703939460218,0.902125,0.988921875,64000,288000,352000,144.0,282624000,0.0035790000001725275,0.0021297000002959976,168.822265625
ariad,2000,32,2,271,0.0005981267313472927,0.90234375,0.989078125,64000,288000,352000,144.0,282624000,0.003562100000635837,0.0022868999985803384,168.822265625
ariad,2000,32,2,272,0.0005972266662865877,0.90240625,0.9891875,64000,288000,352000,144.0,282624000,0.003616199999669334,0.0021760999989055563,168.822265625
ariad,2000,32,2,273,0.000596292142290622,0.902640625,0.989203125,64000,288000,352000,144.0,282624000,0.003473900000244612,0.002154900001187343,168.822265625
ariad,2000,32,2,274,0.0005953272921033204,0.9028125,0.989359375,64000,288000,352000,144.0,282624000,0.0035164000000804663,0.0022527000000991393,168.822265625
ariad,2000,32,2,275,0.0005943278665654361,0.9030625,0.989171875,64000,288000,352000,144.0,282624000,0.0034137000002374407,0.0020832999998674495,168.822265625
ariad,2000,32,2,276,0.0005933110951445997,0.90321875,0.989140625,64000,288000,352000,144.0,282624000,0.0032422000003862195,0.002011599999605096,168.822265625
ariad,2000,32,2,277,0.0005922821001149714,0.903375,0.98875,64000,288000,352000,144.0,282624000,0.0033741000006557442,0.002179200000682613,168.822265625
ariad,2000,32,2,278,0.0005911873886361718,0.903546875,0.988921875,64000,288000,352000,144.0,282624000,0.0032751999988249736,0.0020521000005828682,168.822265625
ariad,2000,32,2,279,0.0005900886026211083,0.9035625,0.98903125,64000,288000,352000,144.0,282624000,0.008541600000171456,0.0019831999998132233,168.822265625
ariad,2000,32,2,280,0.0005888830637559295,0.903703125,0.98903125,64000,288000,352000,144.0,282624000,0.003192000000126427,0.0019773999993049074,168.822265625
ariad,2000,32,2,281,0.000587714952416718,0.9040625,0.98925,64000,288000,352000,144.0,282624000,0.0032893999996304046,0.0020429999985935865,168.822265625
ariad,2000,32,2,282,0.0005864568520337343,0.90425,0.98940625,64000,288000,352000,144.0,282624000,0.0034706999995250953,0.0022349999999278225,168.822265625
ariad,2000,32,2,283,0.0005851648165844381,0.9045,0.989546875,64000,288000,352000,144.0,282624000,0.003361600000062026,0.0020796999997401144,168.822265625
ariad,2000,32,2,284,0.0005838274955749512,0.90471875,0.989296875,64000,288000,352000,144.0,282624000,0.0032731999999668915,0.0020337999994808342,168.822265625
ariad,2000,32,2,285,0.0005824151448905468,0.90484375,0.9893125,64000,288000,352000,144.0,282624000,0.003432399998928304,0.0022189000010257587,168.822265625
ariad,2000,32,2,286,0.0005810114671476185,0.9049375,0.9891875,64000,288000,352000,144.0,282624000,0.0035729999999603024,0.0020828999986406416,168.822265625
ariad,2000,32,2,287,0.0005795281031168997,0.90521875,0.9893125,64000,288000,352000,144.0,282624000,0.0034735999997792533,0.0021522999995795544,168.822265625
ariad,2000,32,2,288,0.0005780577776022255,0.905453125,0.98928125,64000,288000,352000,144.0,282624000,0.0034887000001617707,0.002247899999929359,168.822265625
ariad,2000,32,2,289,0.0005765355890616775,0.905875,0.9894375,64000,288000,352000,144.0,282624000,0.005390999998780899,0.0034304000000702217,168.822265625
ariad,2000,32,2,290,0.0005749423871748149,0.906046875,0.989421875,64000,288000,352000,144.0,282624000,0.005051299998740433,0.0034701000004133675,168.822265625
ariad,2000,32,2,291,0.0005732555873692036,0.9064375,0.98934375,64000,288000,352000,144.0,282624000,0.0034230999990541022,0.0020851000008406118,168.822265625
ariad,2000,32,2,292,0.0005715807201340795,0.90665625,0.989578125,64000,288000,352000,144.0,282624000,0.003669899999295012,0.0021732999994128477,168.822265625
ariad,2000,32,2,293,0.0005698915338143706,0.906765625,0.989296875,64000,288000,352000,144.0,282624000,0.003790699998717173,0.00230339999870921,168.822265625
ariad,2000,32,2,294,0.0005681196926161647,0.907125,0.989359375,64000,288000,352000,144.0,282624000,0.0033433000007789815,0.0020654999989346834,168.822265625
ariad,2000,32,2,295,0.0005663431948050857,0.907328125,0.9894375,64000,288000,352000,144.0,282624000,0.003287800000180141,0.002017099999648053,168.822265625
ariad,2000,32,2,296,0.0005644711782224476,0.9075625,0.9895625,64000,288000,352000,144.0,282624000,0.0034854000004997943,0.002113200000167126,168.822265625
ariad,2000,32,2,297,0.0005625555058941245,0.907921875,0.9895,64000,288000,352000,144.0,282624000,0.003414500000872067,0.0021553999995376216,168.822265625
ariad,2000,32,2,298,0.0005606556078419089,0.908265625,0.98940625,64000,288000,352000,144.0,282624000,0.0051497999993443955,0.0020260000001144363,168.822265625
ariad,2000,32,2,299,0.0005586938350461423,0.908625,0.9893125,64000,288000,352000,144.0,282624000,0.004256599999280297,0.0022071000003052177,168.822265625
ariad,2000,32,2,300,0.0005566850304603577,0.909015625,0.989171875,64000,288000,352000,144.0,282624000,0.0035141000007570256,0.0021783000011055265,168.822265625
ariad,2000,32,2,301,0.0005546337342821062,0.909234375,0.9890625,64000,288000,352000,144.0,282624000,0.004627699998309254,0.003362600000400562,168.822265625
ariad,2000,32,2,302,0.0005526147433556616,0.909640625,0.98915625,64000,288000,352000,144.0,282624000,0.0032962000004772563,0.0020850000000791624,168.822265625
ariad,2000,32,2,303,0.0005505428998731077,0.90996875,0.98915625,64000,288000,352000,144.0,282624000,0.0032761000002210494,0.0020464999997784616,168.822265625
ariad,2000,32,2,304,0.0005484464927576482,0.910453125,0.988953125,64000,288000,352000,144.0,282624000,0.003278199999840581,0.001984900000024936,168.822265625
ariad,2000,32,2,305,0.0005463153938762844,0.91078125,0.98909375,64000,288000,352000,144.0,282624000,0.003357400000822963,0.00210499999957392,168.822265625
ariad,2000,32,2,306,0.0005441404646262527,0.91103125,0.9890625,64000,288000,352000,144.0,282624000,0.003287199999249424,0.002021099999183207,168.822265625
ariad,2000,32,2,307,0.0005419676890596747,0.911234375,0.98890625,64000,288000,352000,144.0,282624000,0.0032457000015710946,0.0020242000009602634,168.822265625
ariad,2000,32,2,308,0.0005397830391302705,0.911625,0.98859375,64000,288000,352000,144.0,282624000,0.0049878000008902745,0.0020051999999850523,168.822265625
ariad,2000,32,2,309,0.0005375674809329212,0.911828125,0.988359375,64000,288000,352000,144.0,282624000,0.0033398000014130957,0.002083400000628899,168.822265625
ariad,2000,32,2,310,0.0005353634478524327,0.91240625,0.9885,64000,288000,352000,144.0,282624000,0.003263399999923422,0.0020280999997339677,168.822265625
ariad,2000,32,2,311,0.0005331695429049432,0.912734375,0.9886875,64000,288000,352000,144.0,282624000,0.0032247000017378014,0.001986100000067381,168.822265625
ariad,2000,32,2,312,0.0005310071283020079,0.91315625,0.988671875,64000,288000,352000,144.0,282624000,0.0036039999995409744,0.0022231999992072815,168.822265625
ariad,2000,32,2,313,0.0005288204993121326,0.913546875,0.98853125,64000,288000,352000,144.0,282624000,0.0033337000004394213,0.002084800000375253,168.822265625
ariad,2000,32,2,314,0.0005266431253403425,0.914140625,0.9884375,64000,288000,352000,144.0,282624000,0.0032623000006424263,0.0019904999990103533,168.822265625
ariad,2000,32,2,315,0.0005245231441222131,0.914515625,0.988515625,64000,288000,352000,144.0,282624000,0.009476100000028964,0.007945999999719788,168.822265625
ariad,2000,32,2,316,0.0005224351189099252,0.914984375,0.988453125,64000,288000,352000,144.0,282624000,0.0033172999992530094,0.002034200000707642,168.822265625
ariad,2000,32,2,317,0.0005203893524594605,0.9153125,0.988234375,64000,288000,352000,144.0,282624000,0.008187199999156292,0.006174300000566291,168.822265625
ariad,2000,32,2,318,0.0005183197790756822,0.91578125,0.98853125,64000,288000,352000,144.0,282624000,0.0034338000004936475,0.0021123999995324994,168.822265625
ariad,2000,32,2,319,0.0005163102177903056,0.9163125,0.9884375,64000,288000,352000,144.0,282624000,0.007920600000943523,0.0020953999992343597,168.822265625
ariad,2000,32,2,320,0.000514340412337333,0.916859375,0.9885625,64000,288000,352000,144.0,282624000,0.003231700000469573,0.001999699999942095,168.822265625
ariad,2000,32,2,321,0.000512392376549542,0.917453125,0.988671875,64000,288000,352000,144.0,282624000,0.003266900001108297,0.0020421000008354895,168.822265625
ariad,2000,32,2,322,0.0005105027230456471,0.917796875,0.988671875,64000,288000,352000,144.0,282624000,0.003331399999296991,0.0020566000002872897,168.822265625
ariad,2000,32,2,323,0.0005086533492431045,0.9183125,0.98875,64000,288000,352000,144.0,282624000,0.0032565000001341105,0.002044900000328198,168.822265625
ariad,2000,32,2,324,0.0005069108447059989,0.918609375,0.988578125,64000,288000,352000,144.0,282624000,0.0033316999997623498,0.0020982000005460577,168.822265625
ariad,2000,32,2,325,0.0005051955231465399,0.91896875,0.988375,64000,288000,352000,144.0,282624000,0.003294200001619174,0.002058699999906821,168.822265625
ariad,2000,32,2,326,0.0005035566864535213,0.919359375,0.98840625,64000,288000,352000,144.0,282624000,0.0031947999996191356,0.001994399999603047,168.822265625
ariad,2000,32,2,327,0.0005019527161493897,0.919765625,0.988375,64000,288000,352000,144.0,282624000,0.0032195999992836732,0.001974099999642931,168.822265625
ariad,2000,32,2,328,0.0005004770355299115,0.919984375,0.988453125,64000,288000,352000,144.0,282624000,0.0032615999989502598,0.002023699998972006,168.822265625
ariad,2000,32,2,329,0.0004990576999261975,0.920296875,0.988390625,64000,288000,352000,144.0,282624000,0.003280099999756203,0.0020409000007930445,168.822265625
ariad,2000,32,2,330,0.0004976890631951392,0.9206875,0.988609375,64000,288000,352000,144.0,282624000,0.0031959999996615807,0.002032899999903748,168.822265625
ariad,2000,32,2,331,0.0004964108811691403,0.921046875,0.9885,64000,288000,352000,144.0,282624000,0.003288800000518677,0.0020683999991888413,168.822265625
ariad,2000,32,2,332,0.0004951339215040207,0.921515625,0.988375,64000,288000,352000,144.0,282624000,0.003308199999082717,0.00206629999956931,168.822265625
ariad,2000,32,2,333,0.0004939842619933188,0.921953125,0.988296875,64000,288000,352000,144.0,282624000,0.0032471999984409194,0.0020312000015110243,168.822265625
ariad,2000,32,2,334,0.0004928571288473904,0.922171875,0.988390625,64000,288000,352000,144.0,282624000,0.003216999999494874,0.0020158000006631482,168.822265625
ariad,2000,32,2,335,0.0004918402410112321,0.92240625,0.98840625,64000,288000,352000,144.0,282624000,0.0033595000004424946,0.002127199999449658,168.822265625
ariad,2000,32,2,336,0.0004908907576464117,0.9228125,0.988546875,64000,288000,352000,144.0,282624000,0.008157300000675605,0.005148400001417031,168.822265625
ariad,2000,32,2,337,0.0004899566411040723,0.923078125,0.988578125,64000,288000,352000,144.0,282624000,0.006862800000817515,0.002069199999823468,168.822265625
ariad,2000,32,2,338,0.0004891094285994768,0.92340625,0.988875,64000,288000,352000,144.0,282624000,0.0034773999996104976,0.0020968999997421633,168.822265625
ariad,2000,32,2,339,0.0004882800276391208,0.92371875,0.988890625,64000,288000,352000,144.0,282624000,0.003395099998670048,0.0020903000004182104,168.822265625
ariad,2000,32,2,340,0.0004875319718848914,0.923984375,0.988890625,64000,288000,352000,144.0,282624000,0.0032248999996227212,0.002023600000029546,168.822265625
ariad,2000,32,2,341,0.00048683854402042925,0.924125,0.989046875,64000,288000,352000,144.0,282624000,0.0032993000004353235,0.002031800000622752,168.822265625
ariad,2000,32,2,342,0.0004861846973653883,0.92421875,0.989015625,64000,288000,352000,144.0,282624000,0.0032547999999223975,0.0020482999989326345,168.822265625
ariad,2000,32,2,343,0.00048558684648014605,0.924421875,0.988890625,64000,288000,352000,144.0,282624000,0.00341149999985646,0.0021462000004248694,168.822265625
ariad,2000,32,2,344,0.00048499830882065,0.924640625,0.9889375,64000,288000,352000,144.0,282624000,0.0032845000005181646,0.002078800000163028,168.822265625
ariad,2000,32,2,345,0.00048449376481585205,0.924953125,0.988828125,64000,288000,352000,144.0,282624000,0.0048385999998572515,0.002041300000200863,168.822265625
ariad,2000,32,2,346,0.0004840156761929393,0.925203125,0.988875,64000,288000,352000,144.0,282624000,0.0032690999996702885,0.002056299999821931,168.822265625
ariad,2000,32,2,347,0.0004836039151996374,0.9256875,0.988953125,64000,288000,352000,144.0,282624000,0.003318299999591545,0.002052400001048227,168.822265625
ariad,2000,32,2,348,0.00048323144437745214,0.9256875,0.989015625,64000,288000,352000,144.0,282624000,0.003340799999932642,0.002054499998848769,168.822265625
ariad,2000,32,2,349,0.0004828696546610445,0.9258125,0.9889375,64000,288000,352000,144.0,282624000,0.0031849000006332062,0.001974099999642931,168.822265625
ariad,2000,32,2,350,0.0004825472424272448,0.92603125,0.988765625,64000,288000,352000,144.0,282624000,0.0032117999999172753,0.0019952000002376735,168.822265625
ariad,2000,32,2,351,0.00048219127347692847,0.92634375,0.98928125,64000,288000,352000,144.0,282624000,0.003376599999683094,0.0021043999986432027,168.822265625
ariad,2000,32,2,352,0.00048191912355832756,0.926421875,0.989234375,64000,288000,352000,144.0,282624000,0.003328700000565732,0.0021137000003363937,168.822265625
ariad,2000,32,2,353,0.000481656810734421,0.926640625,0.98946875,64000,288000,352000,144.0,282624000,0.003199299999323557,0.0020099000012123724,168.822265625
ariad,2000,32,2,354,0.0004813945561181754,0.926859375,0.989546875,64000,288000,352000,144.0,282624000,0.003216400000383146,0.0020248000000719912,168.822265625
ariad,2000,32,2,355,0.0004812061379197985,0.92696875,0.989328125,64000,288000,352000,144.0,282624000,0.003342599999086815,0.0020908000005874783,168.822265625
ariad,2000,32,2,356,0.0004810068057850003,0.927140625,0.989453125,64000,288000,352000,144.0,282624000,0.0032595000011497177,0.0020100000001548324,168.822265625
ariad,2000,32,2,357,0.0004808583471458405,0.92728125,0.989796875,64000,288000,352000,144.0,282624000,0.003226599999834434,0.002020500000071479,168.822265625
ariad,2000,32,2,358,0.00048068645992316306,0.9273125,0.989546875,64000,288000,352000,144.0,282624000,0.0033047999986592913,0.0021132999991095858,168.822265625
ariad,2000,32,2,359,0.0004805231583304703,0.9273125,0.989765625,64000,288000,352000,144.0,282624000,0.003291200000603567,0.0021101000002090586,168.822265625
ariad,2000,32,2,360,0.00048039687681011856,0.92721875,0.98990625,64000,288000,352000,144.0,282624000,0.0033184000003529945,0.002057399999102927,168.822265625
ariad,2000,32,2,361,0.00048029515892267227,0.927296875,0.99,64000,288000,352000,144.0,282624000,0.003402000000278349,0.002191100000345614,168.822265625
ariad,2000,32,2,362,0.00048020537360571325,0.9273125,0.990375,64000,288000,352000,144.0,282624000,0.004701399999248679,0.0027900000004592584,168.822265625
ariad,2000,32,2,363,0.00048012001207098365,0.9274375,0.990390625,64000,288000,352000,144.0,282624000,0.0039900000010675285,0.002527900000131922,168.822265625
ariad,2000,32,2,364,0.00048006584984250367,0.927546875,0.990421875,64000,288000,352000,144.0,282624000,0.003503800000544288,0.002133500000127242,168.822265625
ariad,2000,32,2,365,0.00047997315414249897,0.927625,0.990640625,64000,288000,352000,144.0,282624000,0.0032957000003079884,0.0020678000000771135,168.822265625
ariad,2000,32,2,366,0.0004799255693797022,0.927734375,0.9906875,64000,288000,352000,144.0,282624000,0.003274099999543978,0.0020637999987229705,168.822265625
ariad,2000,32,2,367,0.000479860114865005,0.92784375,0.990875,64000,288000,352000,144.0,282624000,0.0033203000002686167,0.0020910999992338475,168.822265625
ariad,2000,32,2,368,0.000479794543934986,0.92784375,0.99078125,64000,288000,352000,144.0,282624000,0.003283099998952821,0.0020884000005025882,168.822265625
ariad,2000,32,2,369,0.0004797528963536024,0.927828125,0.990703125,64000,288000,352000,144.0,282624000,0.003501999999571126,0.002210200000263285,168.822265625
ariad,2000,32,2,370,0.0004797107249032706,0.92796875,0.99084375,64000,288000,352000,144.0,282624000,0.0033112000000983244,0.002073999999993248,168.822265625
ariad,2000,32,2,371,0.00047968371654860675,0.928015625,0.99096875,64000,288000,352000,144.0,282624000,0.003363899999385467,0.0020993999987695133,168.822265625
ariad,2000,32,2,372,0.0004796150606125593,0.92803125,0.991140625,64000,288000,352000,144.0,282624000,0.006680600001345738,0.0020719000003737165,168.822265625
ariad,2000,32,2,373,0.0004795767890755087,0.927953125,0.99109375,64000,288000,352000,144.0,282624000,0.0033208000004378846,0.002070599999569822,168.822265625
ariad,2000,32,2,374,0.0004795599088538438,0.927984375,0.991234375,64000,288000,352000,144.0,282624000,0.0033255999987886753,0.0020973999999114312,168.822265625
ariad,2000,32,2,375,0.0004795189597643912,0.9280625,0.991359375,64000,288000,352000,144.0,282624000,0.00330500000018219,0.002052199999525328,168.822265625
ariad,2000,32,2,376,0.0004794775159098208,0.928109375,0.991484375,64000,288000,352000,144.0,282624000,0.003281799999967916,0.0020600999996531755,168.822265625
ariad,2000,32,2,377,0.00047945589176379144,0.92821875,0.99134375,64000,288000,352000,144.0,282624000,0.0037537000007432653,0.00200570000015432,168.822265625
ariad,2000,32,2,378,0.00047941136290319264,0.928359375,0.99159375,64000,288000,352000,144.0,282624000,0.003470499999821186,0.002130500000930624,168.822265625
ariad,2000,32,2,379,0.0004793748666997999,0.928484375,0.991671875,64000,288000,352000,144.0,282624000,0.0032826999995450024,0.0020251999994798098,168.822265625
ariad,2000,32,2,380,0.00047935941256582737,0.928484375,0.99184375,64000,288000,352000,144.0,282624000,0.0031862000014371006,0.001965299999937997,168.822265625
ariad,2000,32,2,381,0.00047933359746821225,0.9285,0.991984375,64000,288000,352000,144.0,282624000,0.0033489999987068586,0.0021449000014399644,168.822265625
ariad,2000,32,2,382,0.00047933016321621835,0.9285625,0.992,64000,288000,352000,144.0,282624000,0.0033130000010714866,0.002081200000247918,168.822265625
ariad,2000,32,2,383,0.00047931857989169657,0.92853125,0.992078125,64000,288000,352000,144.0,282624000,0.0032374999991588993,0.0020064000000274973,168.822265625
ariad,2000,32,2,384,0.00047932553570717573,0.9285,0.991984375,64000,288000,352000,144.0,282624000,0.003228300000046147,0.0020256000007066177,168.822265625
ariad,2000,32,2,385,0.00047932815505191684,0.9285625,0.992,64000,288000,352000,144.0,282624000,0.0034183000007033115,0.002031899999565212,168.822265625
ariad,2000,32,2,386,0.00047930533764883876,0.928640625,0.992140625,64000,288000,352000,144.0,282624000,0.0033588999995117774,0.002083699999275268,168.822265625
ariad,2000,32,2,387,0.00047929378342814744,0.92871875,0.992328125,64000,288000,352000,144.0,282624000,0.003877400000419584,0.0021560999994107988,168.822265625
ariad,2000,32,2,388,0.00047928933054208755,0.928765625,0.992265625,64000,288000,352000,144.0,282624000,0.0034486000004108064,0.0021047999998700107,168.822265625
ariad,2000,32,2,389,0.0004792810359504074,0.92875,0.992296875,64000,288000,352000,144.0,282624000,0.007936199999676319,0.005021499999202206,168.822265625
ariad,2000,32,2,390,0.00047926409752108157,0.9286875,0.992390625,64000,288000,352000,144.0,282624000,0.003649599999334896,0.002037899999777437,168.822265625
ariad,2000,32,2,391,0.0004792597028426826,0.928734375,0.99240625,64000,288000,352000,144.0,282624000,0.003369899999597692,0.0019993000005342765,168.822265625
ariad,2000,32,2,392,0.00047924931277520955,0.92878125,0.99253125,64000,288000,352000,144.0,282624000,0.0034695000013016397,0.0021089999991090735,168.822265625
ariad,2000,32,2,393,0.0004792407853528857,0.9288125,0.9925625,64000,288000,352000,144.0,282624000,0.0033046999997168314,0.0020489999988058116,168.822265625
ariad,2000,32,2,394,0.0004792423569597304,0.9288125,0.992515625,64000,288000,352000,144.0,282624000,0.0032707999998820014,0.0020443000012164703,168.822265625
ariad,2000,32,2,395,0.00047924037789925933,0.928859375,0.992578125,64000,288000,352000,144.0,282624000,0.003210499999113381,0.00199129999964498,168.822265625
ariad,2000,32,2,396,0.0004792434920091182,0.928859375,0.992609375,64000,288000,352000,144.0,282624000,0.0031957000010152115,0.001990099999602535,168.822265625
ariad,2000,32,2,397,0.0004792471881955862,0.928890625,0.992640625,64000,288000,352000,144.0,282624000,0.0032417999991594115,0.00202999999964959,168.822265625
ariad,2000,32,2,398,0.0004792480613104999,0.92884375,0.992765625,64000,288000,352000,144.0,282624000,0.00319139999919571,0.0019758000016736332,168.822265625
ariad,2000,32,2,399,0.0004792515537701547,0.928859375,0.992796875,64000,288000,352000,144.0,282624000,0.00327359999937471,0.0020191999992675846,168.822265625
ariad,2000,32,2,400,0.0004792360414285213,0.928859375,0.992890625,64000,288000,352000,144.0,282624000,0.0032867000008991454,0.002087199998641154,168.822265625
ariad,2000,32,2,401,0.0004792343534063548,0.9288125,0.992921875,64000,288000,352000,144.0,282624000,0.003249699999287259,0.002017099999648053,168.822265625
ariad,2000,32,2,402,0.00047922960948199034,0.928828125,0.992953125,64000,288000,352000,144.0,282624000,0.0032471999984409194,0.0020349000005808193,168.822265625
ariad,2000,32,2,403,0.00047923490637913346,0.928859375,0.99303125,64000,288000,352000,144.0,282624000,0.00959090000105789,0.007739700000456651,168.822265625
ariad,2000,32,2,404,0.00047924721729941666,0.928890625,0.99309375,64000,288000,352000,144.0,282624000,0.005005299999538693,0.002031399999395944,168.822265625
ariad,2000,32,2,405,0.0004792410763911903,0.928890625,0.993125,64000,288000,352000,144.0,282624000,0.003597299999455572,0.0021708000003854977,168.822265625
ariad,2000,32,2,406,0.0004792435502167791,0.928890625,0.993140625,64000,288000,352000,144.0,282624000,0.00340420000065933,0.0020443000012164703,168.822265625
ariad,2000,32,2,407,0.000479238253319636,0.928875,0.993234375,64000,288000,352000,144.0,282624000,0.0032946999999694526,0.002059600001302897,168.822265625
ariad,2000,32,2,408,0.00047923787496984005,0.928859375,0.99321875,64000,288000,352000,144.0,282624000,0.0034897000005003065,0.0021152999997866573,168.822265625
ariad,2000,32,2,409,0.00047923746751621366,0.928796875,0.99328125,64000,288000,352000,144.0,282624000,0.0034618000008777017,0.002075200000035693,168.822265625
ariad,2000,32,2,410,0.00047923639067448676,0.928859375,0.99328125,64000,288000,352000,144.0,282624000,0.003360400000019581,0.002084800000375253,168.822265625
ariad,2000,32,2,411,0.00047923566307872534,0.928875,0.993265625,64000,288000,352000,144.0,282624000,0.0033446999987063464,0.0020475000001169974,168.822265625
ariad,2000,32,2,412,0.0004792391846422106,0.92890625,0.99328125,64000,288000,352000,144.0,282624000,0.003271800000220537,0.002074600000923965,168.822265625
ariad,2000,32,2,413,0.0004792429390363395,0.928875,0.9934375,64000,288000,352000,144.0,282624000,0.003219899999749032,0.001999000000068918,168.822265625
ariad,2000,32,2,414,0.00047924689715728164,0.92884375,0.9934375,64000,288000,352000,144.0,282624000,0.0032660000015312107,0.0020042999985889765,168.822265625
ariad,2000,32,2,415,0.00047924366663210094,0.928859375,0.993484375,64000,288000,352000,144.0,282624000,0.0032922999998845626,0.0020475000001169974,168.822265625
ariad,2000,32,2,416,0.0004792333929799497,0.928921875,0.9935,64000,288000,352000,144.0,282624000,0.008980300000985153,0.006917599999724189,168.822265625
ariad,2000,32,2,417,0.0004792360996361822,0.92890625,0.9935,64000,288000,352000,144.0,282624000,0.0033194999996339902,0.0020851000008406118,168.822265625
ariad,2000,32,2,418,0.00047923484817147255,0.92890625,0.993546875,64000,288000,352000,144.0,282624000,0.003990499999417807,0.002089699999487493,168.822265625
ariad,2000,32,2,419,0.0004792347317561507,0.928921875,0.993578125,64000,288000,352000,144.0,282624000,0.003301599999758764,0.0020707999992737314,168.822265625
ariad,2000,32,2,420,0.00047922992962412536,0.928921875,0.993609375,64000,288000,352000,144.0,282624000,0.003351200000906829,0.002100300000165589,168.822265625
ariad,2000,32,2,421,0.0004792338877450675,0.92896875,0.99365625,64000,288000,352000,144.0,282624000,0.003394399998796871,0.0019379000004846603,168.822265625
ariad,2000,32,2,422,0.00047923438251018524,0.92896875,0.9936875,64000,288000,352000,144.0,282624000,0.0032934999999270076,0.0020249999997759005,168.822265625
ariad,2000,32,2,423,0.000479236914543435,0.928953125,0.993703125,64000,288000,352000,144.0,282624000,0.00337519999993674,0.0021010000000387663,168.822265625
ariad,2000,32,2,424,0.00047923412057571113,0.9289375,0.99371875,64000,288000,352000,144.0,282624000,0.0032660999986546813,0.0020053999996889615,168.822265625
ariad,2000,32,2,425,0.00047922003432177007,0.928921875,0.993765625,64000,288000,352000,144.0,282624000,0.0036189000002195826,0.0022069000006013084,168.822265625
ariad,2000,32,2,426,0.0004792207619175315,0.928953125,0.993796875,64000,288000,352000,144.0,282624000,0.0031596000007994007,0.001947900000232039,168.822265625
ariad,2000,32,2,427,0.0004792218387592584,0.9289375,0.99375,64000,288000,352000,144.0,282624000,0.003201999999873806,0.002007300001423573,168.822265625
ariad,2000,32,2,428,0.00047921703662723303,0.9289375,0.993765625,64000,288000,352000,144.0,282624000,0.0033073999984480906,0.0020588000006682705,168.822265625
ariad,2000,32,2,429,0.0004792101099155843,0.9289375,0.993796875,64000,288000,352000,144.0,282624000,0.003344499999002437,0.0020765999997820472,168.822265625
ariad,2000,32,2,430,0.00047920679207891226,0.9289375,0.99378125,64000,288000,352000,144.0,282624000,0.003322900000057416,0.002103799999531475,168.822265625
ariad,2000,32,2,431,0.00047921258374117315,0.928953125,0.9938125,64000,288000,352000,144.0,282624000,0.0032327999997505685,0.002045699999143835,168.822265625
ariad,2000,32,2,432,0.0004792115360032767,0.92896875,0.99384375,64000,288000,352000,144.0,282624000,0.007940900000903639,0.004304099998989841,168.822265625
ariad,2000,32,2,433,0.00047921150689944625,0.929015625,0.993859375,64000,288000,352000,144.0,282624000,0.0032410000003437744,0.0019951000012952136,168.822265625
ariad,2000,32,2,434,0.0004792077234014869,0.92903125,0.99384375,64000,288000,352000,144.0,282624000,0.0032749999991210643,0.002047300000413088,168.822265625
ariad,2000,32,2,435,0.0004792126128450036,0.929046875,0.993875,64000,288000,352000,144.0,282624000,0.003448999999818625,0.0020576000006258255,168.822265625
ariad,2000,32,2,436,0.0004792168620042503,0.929046875,0.993859375,64000,288000,352000,144.0,282624000,0.0033653000009508105,0.0021058000002085464,168.822265625
ariad,2000,32,2,437,0.0004792144463863224,0.92903125,0.993890625,64000,288000,352000,144.0,282624000,0.003474600000117789,0.0021558999997068895,168.822265625
ariad,2000,32,2,438,0.0004792101099155843,0.929015625,0.993859375,64000,288000,352000,144.0,282624000,0.0033720999999786727,0.002084199999444536,168.822265625
ariad,2000,32,2,439,0.0004792090621776879,0.92896875,0.993921875,64000,288000,352000,144.0,282624000,0.0031954999994923128,0.0020089000008738367,168.822265625
ariad,2000,32,2,440,0.0004792089748661965,0.928953125,0.9939375,64000,288000,352000,144.0,282624000,0.003403200000320794,0.0021458999999595108,168.822265625
ariad,2000,32,2,441,0.0004791994870174676,0.928921875,0.99396875,64000,288000,352000,144.0,282624000,0.0034255999999004416,0.0020845999988523545,168.822265625
ariad,2000,32,2,442,0.00047919913777150214,0.92896875,0.99403125,64000,288000,352000,144.0,282624000,0.0032097999992402038,0.002019300000029034,168.822265625
ariad,2000,32,2,443,0.0004791910178028047,0.928953125,0.99403125,64000,288000,352000,144.0,282624000,0.003302799999801209,0.002110200000970508,168.822265625
ariad,2000,32,2,444,0.00047919483040459454,0.928953125,0.994015625,64000,288000,352000,144.0,282624000,0.007763800000248011,0.003175300000293646,168.822265625
ariad,2000,32,2,445,0.00047919104690663517,0.928921875,0.994078125,64000,288000,352000,144.0,282624000,0.003255199999330216,0.0020528000004560454,168.822265625
ariad,2000,32,2,446,0.00047919232747517526,0.9289375,0.994078125,64000,288000,352000,144.0,282624000,0.004070000000865548,0.002056299999821931,168.822265625
ariad,2000,32,2,447,0.0004791873798239976,0.928953125,0.994125,64000,288000,352000,144.0,282624000,0.0035974000002170214,0.0020463000000745524,168.822265625
ariad,2000,32,2,448,0.00047918857308104634,0.92896875,0.99415625,64000,288000,352000,144.0,282624000,0.0032831999997142702,0.002039099999819882,168.822265625
ariad,2000,32,2,449,0.0004791835672222078,0.928984375,0.994109375,64000,288000,352000,144.0,282624000,0.0032286000005115056,0.0019821999994746875,168.822265625
ariad,2000,32,2,450,0.0004791870596818626,0.928984375,0.99409375,64000,288000,352000,144.0,282624000,0.0032392000011896016,0.0020534000013867626,168.822265625
ariad,2000,32,2,451,0.00047918566269800067,0.929,0.994125,64000,288000,352000,144.0,282624000,0.0033108999996329658,0.002072799999950803,168.822265625
ariad,2000,32,2,452,0.0004791877290699631,0.929015625,0.994171875,64000,288000,352000,144.0,282624000,0.0032386000002588844,0.0020308000002842164,168.822265625
ariad,2000,32,2,453,0.00047918775817379355,0.929,0.994171875,64000,288000,352000,144.0,282624000,0.003397100001166109,0.002157400000214693,168.822265625
ariad,2000,32,2,454,0.0004791884566657245,0.929,0.994203125,64000,288000,352000,144.0,282624000,0.003320099998745718,0.0021247000004223082,168.822265625
ariad,2000,32,2,455,0.00047919066855683923,0.929,0.994203125,64000,288000,352000,144.0,282624000,0.009507599999778904,0.007538799998656032,168.822265625
ariad,2000,32,2,456,0.00047919063945300877,0.928984375,0.994203125,64000,288000,352000,144.0,282624000,0.005414999999629799,0.0020308999992266763,168.822265625
ariad,2000,32,2,457,0.0004791969549842179,0.92903125,0.9941875,64000,288000,352000,144.0,282624000,0.004138000000239117,0.00210490000063146,168.822265625
ariad,2000,32,2,458,0.0004791968094650656,0.92903125,0.994234375,64000,288000,352000,144.0,282624000,0.0035891999996238155,0.0022093999996286584,168.822265625
ariad,2000,32,2,459,0.00047919005737639964,0.92903125,0.994296875,64000,288000,352000,144.0,282624000,0.00507609999840497,0.002130099999703816,168.822265625
ariad,2000,32,2,460,0.0004791876708623022,0.929046875,0.9943125,64000,288000,352000,144.0,282624000,0.003317500000775908,0.0020429999985935865,168.822265625
ariad,2000,32,2,461,0.0004791613609995693,0.929046875,0.994390625,64000,288000,352000,144.0,282624000,0.0033218999997188803,0.002120999999533524,168.822265625
ariad,2000,32,2,462,0.0004791737883351743,0.929046875,0.994453125,64000,288000,352000,144.0,282624000,0.009848399999100366,0.004533799999990151,168.822265625
ariad,2000,32,2,463,0.0004791746032424271,0.92903125,0.994484375,64000,288000,352000,144.0,282624000,0.004976700000042911,0.0020718000014312565,168.822265625
ariad,2000,32,2,464,0.0004791771061718464,0.929015625,0.99446875,64000,288000,352000,144.0,282624000,0.0032620000001770677,0.001984999998967396,168.822265625
ariad,2000,32,2,465,0.0004791707615368068,0.928984375,0.994453125,64000,288000,352000,144.0,282624000,0.0033411000003980007,0.002043200000116485,168.822265625
ariad,2000,32,2,466,0.0004791677347384393,0.929015625,0.994484375,64000,288000,352000,144.0,282624000,0.008740100000068196,0.002054900000075577,168.822265625
ariad,2000,32,2,467,0.0004791668907273561,0.929015625,0.994484375,64000,288000,352000,144.0,282624000,0.003274299999247887,0.00202990000070713,168.822265625
ariad,2000,32,2,468,0.00047916738549247384,0.929,0.9945,64000,288000,352000,144.0,282624000,0.003269200000431738,0.0020617999998648884,168.822265625
ariad,2000,32,2,469,0.0004791661922354251,0.929046875,0.9945625,64000,288000,352000,144.0,282624000,0.0032213000013143755,0.0020409999997355044,168.822265625
ariad,2000,32,2,470,0.00047916523180902004,0.92903125,0.9945,64000,288000,352000,144.0,282624000,0.0033024000003933907,0.0020476999998209067,168.822265625
ariad,2000,32,2,471,0.00047917201300151646,0.929046875,0.994515625,64000,288000,352000,144.0,282624000,0.0032494000006408896,0.002051400000709691,168.822265625
ariad,2000,32,2,472,0.0004791652027051896,0.92903125,0.994578125,64000,288000,352000,144.0,282624000,0.008796699999948032,0.0020215999993524747,168.822265625
ariad,2000,32,2,473,0.00047916866606101394,0.929,0.994609375,64000,288000,352000,144.0,282624000,0.003269200000431738,0.0020506000000750646,168.822265625
ariad,2000,32,2,474,0.00047916790936142206,0.928984375,0.9945625,64000,288000,352000,144.0,282624000,0.0032066000003396766,0.0020177999995212303,168.822265625
ariad,2000,32,2,475,0.00047918909694999456,0.928984375,0.994546875,64000,288000,352000,144.0,282624000,0.0032064000006357674,0.0020337999994808342,168.822265625
ariad,2000,32,2,476,0.0004791812098119408,0.928984375,0.99453125,64000,288000,352000,144.0,282624000,0.00515590000031807,0.002009199999520206,168.822265625
ariad,2000,32,2,477,0.0004791941901203245,0.929,0.994484375,64000,288000,352000,144.0,282624000,0.00390990000050806,0.0020566000002872897,168.822265625
ariad,2000,32,2,478,0.0004791896790266037,0.9289375,0.9945625,64000,288000,352000,144.0,282624000,0.0034909999994852114,0.0020363000003271736,168.822265625
ariad,2000,32,2,479,0.00047919299686327577,0.929,0.994625,64000,288000,352000,144.0,282624000,0.003632899999502115,0.002089999999952852,168.822265625
ariad,2000,32,2,480,0.00047919052303768694,0.928984375,0.99459375,64000,288000,352000,144.0,282624000,0.0034723000007943483,0.0021510999995371094,168.822265625
ariad,2000,32,2,481,0.00047915909090079367,0.92896875,0.994671875,64000,288000,352000,144.0,282624000,0.0034866000005422393,0.0021067999987280928,168.822265625
ariad,2000,32,2,482,0.0004791828105226159,0.928984375,0.99465625,64000,288000,352000,144.0,282624000,0.0033125000009022187,0.002033599999776925,168.822265625
ariad,2000,32,2,483,0.00047917405026964843,0.929,0.9946875,64000,288000,352000,144.0,282624000,0.0032635000006848713,0.0020409999997355044,168.822265625
ariad,2000,32,2,484,0.0004791728570125997,0.92896875,0.99465625,64000,288000,352000,144.0,282624000,0.0033414000008633593,0.002030600000580307,168.822265625
ariad,2000,32,2,485,0.0004791643295902759,0.928984375,0.994640625,64000,288000,352000,144.0,282624000,0.003208099999028491,0.0020049999984621536,168.822265625
ariad,2000,32,2,486,0.00047916723997332156,0.92896875,0.99465625,64000,288000,352000,144.0,282624000,0.0033688000003166962,0.002089099998556776,168.822265625
ariad,2000,32,2,487,0.00047918022028170526,0.928953125,0.994703125,64000,288000,352000,144.0,282624000,0.003281299999798648,0.0020762000003742287,168.822265625
ariad,2000,32,2,488,0.00047918918426148593,0.92896875,0.9946875,64000,288000,352000,144.0,282624000,0.0036330999992060242,0.0023366999994323123,168.822265625
ariad,2000,32,2,489,0.00047918257769197226,0.928984375,0.99478125,64000,288000,352000,144.0,282624000,0.0032826000006025424,0.0020231999988027383,168.822265625
ariad,2000,32,2,490,0.00047917821211740375,0.929,0.99484375,64000,288000,352000,144.0,282624000,0.003183000000717584,0.0019673999995575286,168.822265625
ariad,2000,32,2,491,0.0004791799874510616,0.929,0.994859375,64000,288000,352000,144.0,282624000,0.0032739999987825286,0.0020414999999047723,168.822265625
ariad,2000,32,2,492,0.00047917940537445247,0.929,0.994859375,64000,288000,352000,144.0,282624000,0.0032245999991573626,0.0020625999986805255,168.822265625
ariad,2000,32,2,493,0.0004791670653503388,0.928984375,0.994859375,64000,288000,352000,144.0,282624000,0.003174700001181918,0.0020003000008728122,168.822265625
ariad,2000,32,2,494,0.0004791695682797581,0.929015625,0.994859375,64000,288000,352000,144.0,282624000,0.003337799998917035,0.0019927000012103235,168.822265625
ariad,2000,32,2,495,0.0004791750106960535,0.92909375,0.9949375,64000,288000,352000,144.0,282624000,0.003236000000470085,0.0019928000001527835,168.822265625
ariad,2000,32,2,496,0.0004791729443240911,0.9290625,0.994953125,64000,288000,352000,144.0,282624000,0.0033559000003151596,0.002076400000078138,168.822265625
ariad,2000,32,2,497,0.00047917093615978956,0.929078125,0.994921875,64000,288000,352000,144.0,282624000,0.0032453999992867466,0.0020208999994792975,168.822265625
ariad,2000,32,2,498,0.00047916764742694795,0.9290625,0.994984375,64000,288000,352000,144.0,282624000,0.007152100000894279,0.004877999999735039,168.822265625
ariad,2000,32,2,499,0.0004791670944541693,0.92909375,0.994984375,64000,288000,352000,144.0,282624000,0.0036348000012367265,0.002271199999086093,168.822265625
ariad,2000,32,2,500,0.00047915097093209624,0.929109375,0.995,64000,288000,352000,144.0,282624000,0.003313299999717856,0.0020708000010927208,168.822265625
