method,n,k,seed,epoch,mse,teacher_match,match_exhaustive,attn_scores,search_scores,total_scores,c_scored,est_flops,step_time_s,search_time_s,peak_mem_mb
dense,2000,32,0,1,0.12616851925849915,0.23465625,1.0,4000000,0,4000000,0.0,3268608000,0.47364610000022367,0.0,88.0341796875
dense,2000,32,0,2,0.11366525292396545,0.216859375,1.0,4000000,0,4000000,0.0,3268608000,0.0018877000002248678,0.0,88.1591796875
dense,2000,32,0,3,0.10818242281675339,0.200796875,1.0,4000000,0,4000000,0.0,3268608000,0.0010270999996464525,0.0,88.1591796875
dense,2000,32,0,4,0.10541510581970215,0.188546875,1.0,4000000,0,4000000,0.0,3268608000,0.0009586000001036155,0.0,88.1591796875
dense,2000,32,0,5,0.10381156951189041,0.180203125,1.0,4000000,0,4000000,0.0,3268608000,0.0009693000001789187,0.0,88.1591796875
dense,2000,32,0,6,0.1027275025844574,0.17653125,1.0,4000000,0,4000000,0.0,3268608000,0.0008889999999155407,0.0,88.1591796875
dense,2000,32,0,7,0.10187291353940964,0.176578125,1.0,4000000,0,4000000,0.0,3268608000,0.0012864000000263331,0.0,88.1591796875
dense,2000,32,0,8,0.10111158341169357,0.179484375,1.0,4000000,0,4000000,0.0,3268608000,0.0012888999999631778,0.0,88.1591796875
dense,2000,32,0,9,0.10037875920534134,0.185203125,1.0,4000000,0,4000000,0.0,3268608000,0.0009716999998090614,0.0,88.1591796875
dense,2000,32,0,10,0.09964408725500107,0.194171875,1.0,4000000,0,4000000,0.0,3268608000,0.0012926999997944222,0.0,88.1591796875
dense,2000,32,0,11,0.09889381378889084,0.20559375,1.0,4000000,0,4000000,0.0,3268608000,0.0011447000001680863,0.0,88.1591796875
dense,2000,32,0,12,0.09812130033969879,0.21925,1.0,4000000,0,4000000,0.0,3268608000,0.0010756000001492794,0.0,88.1591796875
dense,2000,32,0,13,0.0973215252161026,0.233890625,1.0,4000000,0,4000000,0.0,3268608000,0.001078100000086124,0.0,88.1591796875
dense,2000,32,0,14,0.09648869931697845,0.250140625,1.0,4000000,0,4000000,0.0,3268608000,0.0011507000003803114,0.0,88.1591796875
dense,2000,32,0,15,0.09561797231435776,0.26734375,1.0,4000000,0,4000000,0.0,3268608000,0.0013695000002371671,0.0,88.1591796875
dense,2000,32,0,16,0.0947093814611435,0.283125,1.0,4000000,0,4000000,0.0,3268608000,0.001239299999724608,0.0,88.1591796875
dense,2000,32,0,17,0.09376896172761917,0.300640625,1.0,4000000,0,4000000,0.0,3268608000,0.0013804000000163796,0.0,88.1591796875
dense,2000,32,0,18,0.09280446916818619,0.316609375,1.0,4000000,0,4000000,0.0,3268608000,0.0011187000000063563,0.0,88.1591796875
dense,2000,32,0,19,0.09181979298591614,0.33203125,1.0,4000000,0,4000000,0.0,3268608000,0.001170699999875069,0.0,88.1591796875
dense,2000,32,0,20,0.0908135399222374,0.346734375,1.0,4000000,0,4000000,0.0,3268608000,0.0012098000001969922,0.0,88.1591796875
dense,2000,32,0,21,0.08978352695703506,0.362171875,1.0,4000000,0,4000000,0.0,3268608000,0.001147200000104931,0.0,88.1591796875
dense,2000,32,0,22,0.08873197436332703,0.375671875,1.0,4000000,0,4000000,0.0,3268608000,0.001255700000001525,0.0,88.1591796875
dense,2000,32,0,23,0.08766456693410873,0.38875,1.0,4000000,0,4000000,0.0,3268608000,0.0010815999999067571,0.0,88.1591796875
dense,2000,32,0,24,0.08658421784639359,0.4011875,1.0,4000000,0,4000000,0.0,3268608000,0.0008978999999271764,0.0,88.1591796875
dense,2000,32,0,25,0.08548987656831741,0.412515625,1.0,4000000,0,4000000,0.0,3268608000,0.0008955000002970337,0.0,88.1591796875
dense,2000,32,0,26,0.08438058942556381,0.42284375,1.0,4000000,0,4000000,0.0,3268608000,0.0012887999996564758,0.0,88.1591796875
dense,2000,32,0,27,0.08325668424367905,0.43296875,1.0,4000000,0,4000000,0.0,3268608000,0.0008714999999028805,0.0,88.1591796875
dense,2000,32,0,28,0.08211828768253326,0.44125,1.0,4000000,0,4000000,0.0,3268608000,0.0008768000002419285,0.0,88.1591796875
dense,2000,32,0,29,0.08096227049827576,0.4490625,1.0,4000000,0,4000000,0.0,3268608000,0.0008456000000478525,0.0,88.1591796875
dense,2000,32,0,30,0.07978226989507675,0.455625,1.0,4000000,0,4000000,0.0,3268608000,0.0008870999999999185,0.0,88.1591796875
dense,2000,32,0,31,0.07857725769281387,0.461546875,1.0,4000000,0,4000000,0.0,3268608000,0.000837399999909394,0.0,88.1591796875
dense,2000,32,0,32,0.0773550420999527,0.46721875,1.0,4000000,0,4000000,0.0,3268608000,0.0008278000000245811,0.0,88.1591796875
dense,2000,32,0,33,0.07612328976392746,0.47184375,1.0,4000000,0,4000000,0.0,3268608000,0.0008190000003196474,0.0,88.1591796875
dense,2000,32,0,34,0.07488339394330978,0.476390625,1.0,4000000,0,4000000,0.0,3268608000,0.0009905000001708686,0.0,88.1591796875
dense,2000,32,0,35,0.07363751530647278,0.481734375,1.0,4000000,0,4000000,0.0,3268608000,0.0009358000002066547,0.0,88.1591796875
dense,2000,32,0,36,0.07239235192537308,0.486859375,1.0,4000000,0,4000000,0.0,3268608000,0.0008433999996668717,0.0,88.1591796875
dense,2000,32,0,37,0.07114917784929276,0.491265625,1.0,4000000,0,4000000,0.0,3268608000,0.0008294999997815466,0.0,88.1591796875
dense,2000,32,0,38,0.06990355998277664,0.49578125,1.0,4000000,0,4000000,0.0,3268608000,0.0010891000001720386,0.0,88.1591796875
dense,2000,32,0,39,0.06865942478179932,0.4995,1.0,4000000,0,4000000,0.0,3268608000,0.0008666999997331004,0.0,88.1591796875
dense,2000,32,0,40,0.06742800027132034,0.503359375,1.0,4000000,0,4000000,0.0,3268608000,0.0008536000000276545,0.0,88.1591796875
dense,2000,32,0,41,0.0662127211689949,0.507703125,1.0,4000000,0,4000000,0.0,3268608000,0.0011188999997102655,0.0,88.1591796875
dense,2000,32,0,42,0.06500891596078873,0.51209375,1.0,4000000,0,4000000,0.0,3268608000,0.0008983000002444896,0.0,88.1591796875
dense,2000,32,0,43,0.06381440162658691,0.516421875,1.0,4000000,0,4000000,0.0,3268608000,0.0008378000002267072,0.0,88.1591796875
dense,2000,32,0,44,0.0626334398984909,0.52115625,1.0,4000000,0,4000000,0.0,3268608000,0.0008182999999917229,0.0,88.1591796875
dense,2000,32,0,45,0.061470113694667816,0.5251875,1.0,4000000,0,4000000,0.0,3268608000,0.0009795999999369087,0.0,88.1591796875
dense,2000,32,0,46,0.06032266095280647,0.5295,1.0,4000000,0,4000000,0.0,3268608000,0.0008262000001195702,0.0,88.1591796875
dense,2000,32,0,47,0.059188250452280045,0.5331875,1.0,4000000,0,4000000,0.0,3268608000,0.0008987999999590102,0.0,88.1591796875
dense,2000,32,0,48,0.058067478239536285,0.537875,1.0,4000000,0,4000000,0.0,3268608000,0.000826999999844702,0.0,88.1591796875
dense,2000,32,0,49,0.05696423724293709,0.541609375,1.0,4000000,0,4000000,0.0,3268608000,0.001089599999886559,0.0,88.1591796875
dense,2000,32,0,50,0.05588233843445778,0.5464375,1.0,4000000,0,4000000,0.0,3268608000,0.0009018000000651227,0.0,88.1591796875
dense,2000,32,0,51,0.05482055991888046,0.551453125,1.0,4000000,0,4000000,0.0,3268608000,0.0008643999999549123,0.0,88.1591796875
dense,2000,32,0,52,0.05377524346113205,0.5558125,1.0,4000000,0,4000000,0.0,3268608000,0.0008537999997315637,0.0,88.1591796875
dense,2000,32,0,53,0.05274304375052452,0.560578125,1.0,4000000,0,4000000,0.0,3268608000,0.0010860000002139714,0.0,88.1591796875
dense,2000,32,0,54,0.05172112211585045,0.564078125,1.0,4000000,0,4000000,0.0,3268608000,0.0008562000002712011,0.0,88.1591796875
dense,2000,32,0,55,0.05071036517620087,0.568375,1.0,4000000,0,4000000,0.0,3268608000,0.0009255999998458719,0.0,88.1591796875
dense,2000,32,0,56,0.0497114323079586,0.572765625,1.0,4000000,0,4000000,0.0,3268608000,0.0012173000000075263,0.0,88.1591796875
dense,2000,32,0,57,0.048723023384809494,0.577,1.0,4000000,0,4000000,0.0,3268608000,0.0010143999998035724,0.0,88.1591796875
dense,2000,32,0,58,0.04774674028158188,0.581625,1.0,4000000,0,4000000,0.0,3268608000,0.0008711999998922693,0.0,88.1591796875
dense,2000,32,0,59,0.04678091034293175,0.585375,1.0,4000000,0,4000000,0.0,3268608000,0.0009319000000687083,0.0,88.1591796875
dense,2000,32,0,60,0.045822624117136,0.589484375,1.0,4000000,0,4000000,0.0,3268608000,0.0008510000002388551,0.0,88.1591796875
dense,2000,32,0,61,0.04487217217683792,0.593265625,1.0,4000000,0,4000000,0.0,3268608000,0.000873699999829114,0.0,88.1591796875
dense,2000,32,0,62,0.04392952844500542,0.596890625,1.0,4000000,0,4000000,0.0,3268608000,0.0008265999999821361,0.0,88.1591796875
dense,2000,32,0,63,0.042992040514945984,0.60075,1.0,4000000,0,4000000,0.0,3268608000,0.000938399999995454,0.0,88.1591796875
dense,2000,32,0,64,0.04205724224448204,0.60484375,1.0,4000000,0,4000000,0.0,3268608000,0.0008582000000387779,0.0,88.1591796875
dense,2000,32,0,65,0.04112046957015991,0.6084375,1.0,4000000,0,4000000,0.0,3268608000,0.0008947000001171546,0.0,88.1591796875
dense,2000,32,0,66,0.04017641767859459,0.6115625,1.0,4000000,0,4000000,0.0,3268608000,0.0009368999999423977,0.0,88.1591796875
dense,2000,32,0,67,0.03922084718942642,0.614828125,1.0,4000000,0,4000000,0.0,3268608000,0.0008726000000933709,0.0,88.1591796875
dense,2000,32,0,68,0.0382523275911808,0.6190625,1.0,4000000,0,4000000,0.0,3268608000,0.0009684000001470849,0.0,88.1591796875
dense,2000,32,0,69,0.03727206587791443,0.623171875,1.0,4000000,0,4000000,0.0,3268608000,0.0008598999997957435,0.0,88.1591796875
dense,2000,32,0,70,0.03627971187233925,0.626796875,1.0,4000000,0,4000000,0.0,3268608000,0.0008523000001332548,0.0,88.1591796875
dense,2000,32,0,71,0.03527253493666649,0.63003125,1.0,4000000,0,4000000,0.0,3268608000,0.0010575999999673513,0.0,88.1591796875
dense,2000,32,0,72,0.034247443079948425,0.633875,1.0,4000000,0,4000000,0.0,3268608000,0.0008506999997734965,0.0,88.1591796875
dense,2000,32,0,73,0.033200982958078384,0.638140625,1.0,4000000,0,4000000,0.0,3268608000,0.0008422999999311287,0.0,88.1591796875
dense,2000,32,0,74,0.032130077481269836,0.641859375,1.0,4000000,0,4000000,0.0,3268608000,0.0009256999996978266,0.0,88.1591796875
dense,2000,32,0,75,0.031032744795084,0.646578125,1.0,4000000,0,4000000,0.0,3268608000,0.0017566999999871769,0.0,88.1591796875
dense,2000,32,0,76,0.029906228184700012,0.65075,1.0,4000000,0,4000000,0.0,3268608000,0.0009417999999641324,0.0,88.1591796875
dense,2000,32,0,77,0.028746923431754112,0.65534375,1.0,4000000,0,4000000,0.0,3268608000,0.0010234000001219101,0.0,88.1591796875
dense,2000,32,0,78,0.027552438899874687,0.65975,1.0,4000000,0,4000000,0.0,3268608000,0.0008729000001039822,0.0,88.1591796875
dense,2000,32,0,79,0.026322180405259132,0.663265625,1.0,4000000,0,4000000,0.0,3268608000,0.0008585999999013438,0.0,88.1591796875
dense,2000,32,0,80,0.025055663660168648,0.6678125,1.0,4000000,0,4000000,0.0,3268608000,0.0008445999997093168,0.0,88.1591796875
dense,2000,32,0,81,0.023753009736537933,0.67228125,1.0,4000000,0,4000000,0.0,3268608000,0.0012633999999707157,0.0,88.1591796875
dense,2000,32,0,82,0.022416038438677788,0.676671875,1.0,4000000,0,4000000,0.0,3268608000,0.0010714999998526764,0.0,88.1591796875
dense,2000,32,0,83,0.02104932814836502,0.68175,1.0,4000000,0,4000000,0.0,3268608000,0.0009572999997544684,0.0,88.1591796875
dense,2000,32,0,84,0.019661175087094307,0.685921875,1.0,4000000,0,4000000,0.0,3268608000,0.003266599999733444,0.0,88.1591796875
dense,2000,32,0,85,0.018261974677443504,0.691046875,1.0,4000000,0,4000000,0.0,3268608000,0.000983500000074855,0.0,88.1591796875
dense,2000,32,0,86,0.016863223165273666,0.695078125,1.0,4000000,0,4000000,0.0,3268608000,0.000993099999959668,0.0,88.1591796875
dense,2000,32,0,87,0.015478745102882385,0.700203125,1.0,4000000,0,4000000,0.0,3268608000,0.0009689999997135601,0.0,88.1591796875
dense,2000,32,0,88,0.014122781343758106,0.70521875,1.0,4000000,0,4000000,0.0,3268608000,0.0012894999999844003,0.0,88.1591796875
dense,2000,32,0,89,0.012811196967959404,0.710265625,1.0,4000000,0,4000000,0.0,3268608000,0.001390599999922415,0.0,88.1591796875
dense,2000,32,0,90,0.011563441716134548,0.715,1.0,4000000,0,4000000,0.0,3268608000,0.0010244000000056985,0.0,88.1591796875
dense,2000,32,0,91,0.010398496873676777,0.719140625,1.0,4000000,0,4000000,0.0,3268608000,0.0008877999998730957,0.0,88.1591796875
dense,2000,32,0,92,0.009331018663942814,0.723765625,1.0,4000000,0,4000000,0.0,3268608000,0.0009440999997423205,0.0,88.1591796875
dense,2000,32,0,93,0.00837155245244503,0.72825,1.0,4000000,0,4000000,0.0,3268608000,0.0009023000002343906,0.0,88.1591796875
dense,2000,32,0,94,0.007527322508394718,0.732625,1.0,4000000,0,4000000,0.0,3268608000,0.0008523999999852094,0.0,88.1591796875
dense,2000,32,0,95,0.00680070323869586,0.736953125,1.0,4000000,0,4000000,0.0,3268608000,0.0008413999998992949,0.0,88.1591796875
dense,2000,32,0,96,0.006188167724758387,0.740796875,1.0,4000000,0,4000000,0.0,3268608000,0.0009548999996695784,0.0,88.1591796875
dense,2000,32,0,97,0.005678997375071049,0.7445625,1.0,4000000,0,4000000,0.0,3268608000,0.0009041999996952654,0.0,88.1591796875
dense,2000,32,0,98,0.0052561513148248196,0.7485625,1.0,4000000,0,4000000,0.0,3268608000,0.0008498000001964101,0.0,88.1591796875
dense,2000,32,0,99,0.00490136444568634,0.752296875,1.0,4000000,0,4000000,0.0,3268608000,0.0008735000001252047,0.0,88.1591796875
dense,2000,32,0,100,0.004599813371896744,0.75521875,1.0,4000000,0,4000000,0.0,3268608000,0.0009215000000040163,0.0,88.1591796875
dense,2000,32,0,101,0.00434006517753005,0.758859375,1.0,4000000,0,4000000,0.0,3268608000,0.0009076999999706459,0.0,88.1591796875
dense,2000,32,0,102,0.004112640395760536,0.762484375,1.0,4000000,0,4000000,0.0,3268608000,0.0008370000000468281,0.0,88.1591796875
dense,2000,32,0,103,0.003908853977918625,0.765890625,1.0,4000000,0,4000000,0.0,3268608000,0.000828199999887147,0.0,88.1591796875
dense,2000,32,0,104,0.0037206746637821198,0.7694375,1.0,4000000,0,4000000,0.0,3268608000,0.0014842000000498956,0.0,88.1591796875
dense,2000,32,0,105,0.0035425883252173662,0.771796875,1.0,4000000,0,4000000,0.0,3268608000,0.0009413000002496119,0.0,88.1591796875
dense,2000,32,0,106,0.0033717385958880186,0.77496875,1.0,4000000,0,4000000,0.0,3268608000,0.0008583000003454799,0.0,88.1591796875
dense,2000,32,0,107,0.0032081010285764933,0.778171875,1.0,4000000,0,4000000,0.0,3268608000,0.0009397999997418083,0.0,88.1591796875
dense,2000,32,0,108,0.0030521308071911335,0.781328125,1.0,4000000,0,4000000,0.0,3268608000,0.0008507000002282439,0.0,88.1591796875
dense,2000,32,0,109,0.0029037166386842728,0.7841875,1.0,4000000,0,4000000,0.0,3268608000,0.000830499999665335,0.0,88.1591796875
dense,2000,32,0,110,0.0027635160367935896,0.787125,1.0,4000000,0,4000000,0.0,3268608000,0.0008336999999301042,0.0,88.1591796875
dense,2000,32,0,111,0.0026317688170820475,0.78946875,1.0,4000000,0,4000000,0.0,3268608000,0.001402599999892118,0.0,88.1591796875
dense,2000,32,0,112,0.002508297562599182,0.791984375,1.0,4000000,0,4000000,0.0,3268608000,0.0010047999999187596,0.0,88.1591796875
dense,2000,32,0,113,0.002393020549789071,0.7944375,1.0,4000000,0,4000000,0.0,3268608000,0.0009607000001778943,0.0,88.1591796875
dense,2000,32,0,114,0.002285359427332878,0.79678125,1.0,4000000,0,4000000,0.0,3268608000,0.0012262999998711166,0.0,88.1591796875
dense,2000,32,0,115,0.0021847968455404043,0.79896875,1.0,4000000,0,4000000,0.0,3268608000,0.0008883000000423635,0.0,88.1591796875
dense,2000,32,0,116,0.0020913654007017612,0.801,1.0,4000000,0,4000000,0.0,3268608000,0.0008569000001443783,0.0,88.1591796875
dense,2000,32,0,117,0.002004991052672267,0.80328125,1.0,4000000,0,4000000,0.0,3268608000,0.0009497999999439344,0.0,88.1591796875
dense,2000,32,0,118,0.0019251032499596477,0.80571875,1.0,4000000,0,4000000,0.0,3268608000,0.0010502999998607265,0.0,88.1591796875
dense,2000,32,0,119,0.0018511413363739848,0.807625,1.0,4000000,0,4000000,0.0,3268608000,0.0008809999999357387,0.0,88.1591796875
dense,2000,32,0,120,0.001782938838005066,0.809984375,1.0,4000000,0,4000000,0.0,3268608000,0.0009027999999489111,0.0,88.1591796875
dense,2000,32,0,121,0.0017204101895913482,0.812265625,1.0,4000000,0,4000000,0.0,3268608000,0.001232600000093953,0.0,88.1591796875
dense,2000,32,0,122,0.0016630020691081882,0.814,1.0,4000000,0,4000000,0.0,3268608000,0.0009076000001186912,0.0,88.1591796875
dense,2000,32,0,123,0.0016099077183753252,0.816546875,1.0,4000000,0,4000000,0.0,3268608000,0.000850099999752274,0.0,88.1591796875
dense,2000,32,0,124,0.0015604606596753001,0.818609375,1.0,4000000,0,4000000,0.0,3268608000,0.0008797000000413391,0.0,88.1591796875
dense,2000,32,0,125,0.0015143048949539661,0.820265625,1.0,4000000,0,4000000,0.0,3268608000,0.0010803999998643121,0.0,88.1591796875
dense,2000,32,0,126,0.0014711677795276046,0.82265625,1.0,4000000,0,4000000,0.0,3268608000,0.0008838999997351493,0.0,88.1591796875
dense,2000,32,0,127,0.0014309098478406668,0.8245625,1.0,4000000,0,4000000,0.0,3268608000,0.0008797000000413391,0.0,88.1591796875
dense,2000,32,0,128,0.0013932541478425264,0.82696875,1.0,4000000,0,4000000,0.0,3268608000,0.0008562999996684084,0.0,88.1591796875
dense,2000,32,0,129,0.001357833156362176,0.829078125,1.0,4000000,0,4000000,0.0,3268608000,0.0010124000000359956,0.0,88.1591796875
dense,2000,32,0,130,0.0013243574649095535,0.83146875,1.0,4000000,0,4000000,0.0,3268608000,0.0009064000000762462,0.0,88.1591796875
dense,2000,32,0,131,0.0012925906339660287,0.83328125,1.0,4000000,0,4000000,0.0,3268608000,0.000994300000002113,0.0,88.1591796875
dense,2000,32,0,132,0.0012623241636902094,0.835390625,1.0,4000000,0,4000000,0.0,3268608000,0.0009192000002258283,0.0,88.1591796875
dense,2000,32,0,133,0.0012332939077168703,0.83746875,1.0,4000000,0,4000000,0.0,3268608000,0.0008484999998472631,0.0,88.1591796875
dense,2000,32,0,134,0.0012053068494424224,0.8394375,1.0,4000000,0,4000000,0.0,3268608000,0.0008581000001868233,0.0,88.1591796875
dense,2000,32,0,135,0.0011783810332417488,0.841578125,1.0,4000000,0,4000000,0.0,3268608000,0.0012566000000333588,0.0,88.1591796875
dense,2000,32,0,136,0.0011525884037837386,0.843390625,1.0,4000000,0,4000000,0.0,3268608000,0.000954000000092492,0.0,88.1591796875
dense,2000,32,0,137,0.0011280101025477052,0.845515625,1.0,4000000,0,4000000,0.0,3268608000,0.0008679999996275001,0.0,88.1591796875
dense,2000,32,0,138,0.0011046689469367266,0.8469375,1.0,4000000,0,4000000,0.0,3268608000,0.0009771999998520187,0.0,88.1591796875
dense,2000,32,0,139,0.0010824992787092924,0.84865625,1.0,4000000,0,4000000,0.0,3268608000,0.0010153999996873608,0.0,88.1591796875
dense,2000,32,0,140,0.0010613814229145646,0.85071875,1.0,4000000,0,4000000,0.0,3268608000,0.0009363000003759225,0.0,88.1591796875
dense,2000,32,0,141,0.0010411854600533843,0.8523125,1.0,4000000,0,4000000,0.0,3268608000,0.0008702000000084809,0.0,88.1591796875
dense,2000,32,0,142,0.001021820236928761,0.85378125,1.0,4000000,0,4000000,0.0,3268608000,0.0014818999998169602,0.0,88.1591796875
dense,2000,32,0,143,0.0010032615391537547,0.855609375,1.0,4000000,0,4000000,0.0,3268608000,0.0010191999999733525,0.0,88.1591796875
dense,2000,32,0,144,0.000985494116321206,0.857265625,1.0,4000000,0,4000000,0.0,3268608000,0.0008990999999696214,0.0,88.1591796875
dense,2000,32,0,145,0.000968514708802104,0.858625,1.0,4000000,0,4000000,0.0,3268608000,0.0012596000001394714,0.0,88.1591796875
dense,2000,32,0,146,0.00095229665748775,0.86025,1.0,4000000,0,4000000,0.0,3268608000,0.0011951999999837426,0.0,88.1591796875
dense,2000,32,0,147,0.0009368034661747515,0.862046875,1.0,4000000,0,4000000,0.0,3268608000,0.0008812000000943954,0.0,88.1591796875
dense,2000,32,0,148,0.000922013190574944,0.863515625,1.0,4000000,0,4000000,0.0,3268608000,0.0010018000002673944,0.0,88.1591796875
dense,2000,32,0,149,0.0009078817674890161,0.865390625,1.0,4000000,0,4000000,0.0,3268608000,0.0009543000001031032,0.0,88.1591796875
dense,2000,32,0,150,0.0008943675784394145,0.86696875,1.0,4000000,0,4000000,0.0,3268608000,0.000841000000036729,0.0,88.1591796875
dense,2000,32,0,151,0.000881441927049309,0.868609375,1.0,4000000,0,4000000,0.0,3268608000,0.0008390999996663595,0.0,88.1591796875
dense,2000,32,0,152,0.000869080307893455,0.870171875,1.0,4000000,0,4000000,0.0,3268608000,0.0012584000000970263,0.0,88.1591796875
dense,2000,32,0,153,0.0008572590304538608,0.871859375,1.0,4000000,0,4000000,0.0,3268608000,0.0008497999997416628,0.0,88.1591796875
dense,2000,32,0,154,0.0008459493983536959,0.873375,1.0,4000000,0,4000000,0.0,3268608000,0.0008440999999947962,0.0,88.1591796875
dense,2000,32,0,155,0.000835112645290792,0.874546875,1.0,4000000,0,4000000,0.0,3268608000,0.0008247000000665139,0.0,88.1591796875
dense,2000,32,0,156,0.0008247187943197787,0.875703125,1.0,4000000,0,4000000,0.0,3268608000,0.0012609999998858257,0.0,88.1591796875
dense,2000,32,0,157,0.0008147672633640468,0.87671875,1.0,4000000,0,4000000,0.0,3268608000,0.0009796999997888634,0.0,88.1591796875
dense,2000,32,0,158,0.0008052625926211476,0.878390625,1.0,4000000,0,4000000,0.0,3268608000,0.0008625000000392902,0.0,88.1591796875
dense,2000,32,0,159,0.0007961943629197776,0.879859375,1.0,4000000,0,4000000,0.0,3268608000,0.0009522999998807791,0.0,88.1591796875
dense,2000,32,0,160,0.0007875486044213176,0.88084375,1.0,4000000,0,4000000,0.0,3268608000,0.0009242000000995176,0.0,88.1591796875
dense,2000,32,0,161,0.0007793112308718264,0.88228125,1.0,4000000,0,4000000,0.0,3268608000,0.0008425000000897853,0.0,88.1591796875
dense,2000,32,0,162,0.000771471532061696,0.883515625,1.0,4000000,0,4000000,0.0,3268608000,0.0008619999998700223,0.0,88.1591796875
dense,2000,32,0,163,0.0007640146650373936,0.884796875,1.0,4000000,0,4000000,0.0,3268608000,0.0009441000001970679,0.0,88.1591796875
dense,2000,32,0,164,0.0007569221779704094,0.885796875,1.0,4000000,0,4000000,0.0,3268608000,0.0008897000002434652,0.0,88.1591796875
dense,2000,32,0,165,0.0007501855143345892,0.886828125,1.0,4000000,0,4000000,0.0,3268608000,0.001006599999982427,0.0,88.1591796875
dense,2000,32,0,166,0.0007438071770593524,0.887828125,1.0,4000000,0,4000000,0.0,3268608000,0.0008511999999427644,0.0,88.1591796875
dense,2000,32,0,167,0.0007377841393463314,0.888625,1.0,4000000,0,4000000,0.0,3268608000,0.0009393000000272878,0.0,88.1591796875
dense,2000,32,0,168,0.0007321125012822449,0.889453125,1.0,4000000,0,4000000,0.0,3268608000,0.0008462999999210297,0.0,88.1591796875
dense,2000,32,0,169,0.0007267871405929327,0.890640625,1.0,4000000,0,4000000,0.0,3268608000,0.0008480000001327426,0.0,88.1591796875
dense,2000,32,0,170,0.0007217989186756313,0.89146875,1.0,4000000,0,4000000,0.0,3268608000,0.0008442000003014982,0.0,88.1591796875
dense,2000,32,0,171,0.0007171372999437153,0.892453125,1.0,4000000,0,4000000,0.0,3268608000,0.0008495000001857989,0.0,88.1591796875
dense,2000,32,0,172,0.0007127918070182204,0.89321875,1.0,4000000,0,4000000,0.0,3268608000,0.0008266999998340907,0.0,88.1591796875
dense,2000,32,0,173,0.0007087476551532745,0.89371875,1.0,4000000,0,4000000,0.0,3268608000,0.0008249000002251705,0.0,88.1591796875
dense,2000,32,0,174,0.0007049873820506036,0.8945,1.0,4000000,0,4000000,0.0,3268608000,0.0010216999999101972,0.0,88.1591796875
dense,2000,32,0,175,0.0007014935254119337,0.89515625,1.0,4000000,0,4000000,0.0,3268608000,0.0013046000003669178,0.0,88.1591796875
dense,2000,32,0,176,0.0006982503109611571,0.895703125,1.0,4000000,0,4000000,0.0,3268608000,0.001021500000206288,0.0,88.1591796875
dense,2000,32,0,177,0.0006952435942366719,0.896328125,1.0,4000000,0,4000000,0.0,3268608000,0.0008573000000069442,0.0,88.1591796875
dense,2000,32,0,178,0.0006924586487002671,0.896890625,1.0,4000000,0,4000000,0.0,3268608000,0.0013506000000234053,0.0,88.1591796875
dense,2000,32,0,179,0.0006898813880980015,0.897609375,1.0,4000000,0,4000000,0.0,3268608000,0.0009898999996948987,0.0,88.1591796875
dense,2000,32,0,180,0.0006874962127767503,0.89821875,1.0,4000000,0,4000000,0.0,3268608000,0.0008684000003995607,0.0,88.1591796875
dense,2000,32,0,181,0.0006852898513898253,0.898734375,1.0,4000000,0,4000000,0.0,3268608000,0.0012059999999110005,0.0,88.1591796875
dense,2000,32,0,182,0.000683249207213521,0.8990625,1.0,4000000,0,4000000,0.0,3268608000,0.0010375000001658918,0.0,88.1591796875
dense,2000,32,0,183,0.0006813588552176952,0.8991875,1.0,4000000,0,4000000,0.0,3268608000,0.000882499999988795,0.0,88.1591796875
dense,2000,32,0,184,0.0006796046509407461,0.899453125,1.0,4000000,0,4000000,0.0,3268608000,0.0011375999997653707,0.0,88.1591796875
dense,2000,32,0,185,0.0006779739633202553,0.900046875,1.0,4000000,0,4000000,0.0,3268608000,0.0011138999998365762,0.0,88.1591796875
dense,2000,32,0,186,0.000676455907523632,0.900203125,1.0,4000000,0,4000000,0.0,3268608000,0.0008794999998826825,0.0,88.1591796875
dense,2000,32,0,187,0.0006750384345650673,0.900515625,1.0,4000000,0,4000000,0.0,3268608000,0.0008457999997517618,0.0,88.1591796875
dense,2000,32,0,188,0.0006737124058417976,0.900671875,1.0,4000000,0,4000000,0.0,3268608000,0.0013613999999506632,0.0,88.1591796875
dense,2000,32,0,189,0.0006724660634063184,0.900921875,1.0,4000000,0,4000000,0.0,3268608000,0.0009595999999874039,0.0,88.1591796875
dense,2000,32,0,190,0.0006712915492244065,0.901265625,1.0,4000000,0,4000000,0.0,3268608000,0.0008631999999124673,0.0,88.1591796875
dense,2000,32,0,191,0.0006701810634694993,0.901703125,1.0,4000000,0,4000000,0.0,3268608000,0.0008953999999903317,0.0,88.1591796875
dense,2000,32,0,192,0.000669127912260592,0.901984375,1.0,4000000,0,4000000,0.0,3268608000,0.0010304000002179237,0.0,88.1591796875
dense,2000,32,0,193,0.0006681259255856276,0.90215625,1.0,4000000,0,4000000,0.0,3268608000,0.000865800000156014,0.0,88.1591796875
dense,2000,32,0,194,0.000667169108055532,0.902421875,1.0,4000000,0,4000000,0.0,3268608000,0.0008781999999882828,0.0,88.1591796875
dense,2000,32,0,195,0.000666253617964685,0.902609375,1.0,4000000,0,4000000,0.0,3268608000,0.000870899999881658,0.0,88.1591796875
dense,2000,32,0,196,0.0006653739255852997,0.902875,1.0,4000000,0,4000000,0.0,3268608000,0.0009328999999524967,0.0,88.1591796875
dense,2000,32,0,197,0.0006645252578891814,0.902921875,1.0,4000000,0,4000000,0.0,3268608000,0.0008521999998265528,0.0,88.1591796875
dense,2000,32,0,198,0.0006637029000557959,0.90325,1.0,4000000,0,4000000,0.0,3268608000,0.001407799999924464,0.0,88.1591796875
dense,2000,32,0,199,0.0006629035924561322,0.90346875,1.0,4000000,0,4000000,0.0,3268608000,0.0009513999998489453,0.0,88.1591796875
dense,2000,32,0,200,0.0006621224456466734,0.903609375,1.0,4000000,0,4000000,0.0,3268608000,0.0008621000001767243,0.0,88.1591796875
dense,2000,32,0,201,0.0006613560835830867,0.903578125,1.0,4000000,0,4000000,0.0,3268608000,0.0008456000000478525,0.0,88.1591796875
dense,2000,32,0,202,0.0006606009555980563,0.903703125,1.0,4000000,0,4000000,0.0,3268608000,0.0009733000001688197,0.0,88.1591796875
dense,2000,32,0,203,0.0006598540931008756,0.90365625,1.0,4000000,0,4000000,0.0,3268608000,0.0008480000001327426,0.0,88.1591796875
dense,2000,32,0,204,0.0006591124110855162,0.903765625,1.0,4000000,0,4000000,0.0,3268608000,0.0008511999999427644,0.0,88.1591796875
dense,2000,32,0,205,0.0006583733484148979,0.90384375,1.0,4000000,0,4000000,0.0,3268608000,0.0010605000002215093,0.0,88.1591796875
dense,2000,32,0,206,0.0006576337036676705,0.903921875,1.0,4000000,0,4000000,0.0,3268608000,0.0010959999999613501,0.0,88.1591796875
dense,2000,32,0,207,0.0006568905082531273,0.904140625,1.0,4000000,0,4000000,0.0,3268608000,0.0009612999997443694,0.0,88.1591796875
dense,2000,32,0,208,0.0006561413174495101,0.90415625,1.0,4000000,0,4000000,0.0,3268608000,0.0008585000000493892,0.0,88.1591796875
dense,2000,32,0,209,0.0006553831626661122,0.904265625,1.0,4000000,0,4000000,0.0,3268608000,0.000948800000060146,0.0,88.1591796875
dense,2000,32,0,210,0.000654613075312227,0.904234375,1.0,4000000,0,4000000,0.0,3268608000,0.0008583999997426872,0.0,88.1591796875
dense,2000,32,0,211,0.0006538282032124698,0.90434375,1.0,4000000,0,4000000,0.0,3268608000,0.0008465000000796863,0.0,88.1591796875
dense,2000,32,0,212,0.0006530254031531513,0.90453125,1.0,4000000,0,4000000,0.0,3268608000,0.000971899999967718,0.0,88.1591796875
dense,2000,32,0,213,0.0006522019393742085,0.904625,1.0,4000000,0,4000000,0.0,3268608000,0.0008690999998179905,0.0,88.1591796875
dense,2000,32,0,214,0.0006513540865853429,0.904890625,1.0,4000000,0,4000000,0.0,3268608000,0.0009953000003406487,0.0,88.1591796875
dense,2000,32,0,215,0.0006504791672341526,0.905015625,1.0,4000000,0,4000000,0.0,3268608000,0.000828199999887147,0.0,88.1591796875
dense,2000,32,0,216,0.0006495732231996953,0.90509375,1.0,4000000,0,4000000,0.0,3268608000,0.0008554999999432766,0.0,88.1591796875
dense,2000,32,0,217,0.0006486336351372302,0.9051875,1.0,4000000,0,4000000,0.0,3268608000,0.0008388000001104956,0.0,88.1591796875
dense,2000,32,0,218,0.0006476561538875103,0.90528125,1.0,4000000,0,4000000,0.0,3268608000,0.000815100000181701,0.0,88.1591796875
dense,2000,32,0,219,0.0006466369377449155,0.90528125,1.0,4000000,0,4000000,0.0,3268608000,0.0008268000001407927,0.0,88.1591796875
dense,2000,32,0,220,0.0006455722614191473,0.905390625,1.0,4000000,0,4000000,0.0,3268608000,0.0009028999998008658,0.0,88.1591796875
dense,2000,32,0,221,0.0006444572354666889,0.905578125,1.0,4000000,0,4000000,0.0,3268608000,0.0008972000000539992,0.0,88.1591796875
dense,2000,32,0,222,0.0006432887748815119,0.905671875,1.0,4000000,0,4000000,0.0,3268608000,0.0009522000000288244,0.0,88.1591796875
dense,2000,32,0,223,0.0006420615827664733,0.905890625,1.0,4000000,0,4000000,0.0,3268608000,0.0008767000003899739,0.0,88.1591796875
dense,2000,32,0,224,0.0006407715263776481,0.906078125,1.0,4000000,0,4000000,0.0,3268608000,0.0009227000000464614,0.0,88.1591796875
dense,2000,32,0,225,0.0006394135998561978,0.906328125,1.0,4000000,0,4000000,0.0,3268608000,0.0008288999997603241,0.0,88.1591796875
dense,2000,32,0,226,0.0006379836122505367,0.906421875,1.0,4000000,0,4000000,0.0,3268608000,0.0008118000000649772,0.0,88.1591796875
dense,2000,32,0,227,0.0006364762084558606,0.906375,1.0,4000000,0,4000000,0.0,3268608000,0.0008331999997608364,0.0,88.1591796875
dense,2000,32,0,228,0.0006348866154439747,0.906484375,1.0,4000000,0,4000000,0.0,3268608000,0.0008282999997391016,0.0,88.1591796875
dense,2000,32,0,229,0.0006332102348096669,0.906921875,1.0,4000000,0,4000000,0.0,3268608000,0.0008361000000149943,0.0,88.1591796875
dense,2000,32,0,230,0.0006314422935247421,0.907171875,1.0,4000000,0,4000000,0.0,3268608000,0.0008529000001544773,0.0,88.1591796875
dense,2000,32,0,231,0.0006295783678069711,0.907609375,1.0,4000000,0,4000000,0.0,3268608000,0.001763799999935145,0.0,88.1591796875
dense,2000,32,0,232,0.0006276143831200898,0.90784375,1.0,4000000,0,4000000,0.0,3268608000,0.001074600000265491,0.0,88.1591796875
dense,2000,32,0,233,0.0006255464977584779,0.908125,1.0,4000000,0,4000000,0.0,3268608000,0.0008800000000519503,0.0,88.1591796875
dense,2000,32,0,234,0.000623371743131429,0.908640625,1.0,4000000,0,4000000,0.0,3268608000,0.0008871999998518731,0.0,88.1591796875
dense,2000,32,0,235,0.0006210874416865408,0.908796875,1.0,4000000,0,4000000,0.0,3268608000,0.0009088000001611363,0.0,88.1591796875
dense,2000,32,0,236,0.0006186913815326989,0.9090625,1.0,4000000,0,4000000,0.0,3268608000,0.0009740000000419968,0.0,88.1591796875
dense,2000,32,0,237,0.0006161834462545812,0.909453125,1.0,4000000,0,4000000,0.0,3268608000,0.0008817000002636632,0.0,88.1591796875
dense,2000,32,0,238,0.0006135634612292051,0.909953125,1.0,4000000,0,4000000,0.0,3268608000,0.0009580999999343476,0.0,88.1591796875
dense,2000,32,0,239,0.0006108330562710762,0.9103125,1.0,4000000,0,4000000,0.0,3268608000,0.0009722999998302839,0.0,88.1591796875
dense,2000,32,0,240,0.0006079949671402574,0.910734375,1.0,4000000,0,4000000,0.0,3268608000,0.0010068999999930384,0.0,88.1591796875
dense,2000,32,0,241,0.0006050535594113171,0.911,1.0,4000000,0,4000000,0.0,3268608000,0.0009058000000550237,0.0,88.1591796875
dense,2000,32,0,242,0.0006020143628120422,0.911328125,1.0,4000000,0,4000000,0.0,3268608000,0.0011385000002519519,0.0,88.1591796875
dense,2000,32,0,243,0.000598885293584317,0.911921875,1.0,4000000,0,4000000,0.0,3268608000,0.000865800000156014,0.0,88.1591796875
dense,2000,32,0,244,0.0005956751410849392,0.91246875,1.0,4000000,0,4000000,0.0,3268608000,0.000838599999951839,0.0,88.1591796875
dense,2000,32,0,245,0.0005923949065618217,0.913015625,1.0,4000000,0,4000000,0.0,3268608000,0.0008950999999797205,0.0,88.1591796875
dense,2000,32,0,246,0.0005890571628697217,0.913609375,1.0,4000000,0,4000000,0.0,3268608000,0.0009915999999066116,0.0,88.1591796875
dense,2000,32,0,247,0.0005856765201315284,0.914046875,1.0,4000000,0,4000000,0.0,3268608000,0.0009160999998130137,0.0,88.1591796875
dense,2000,32,0,248,0.0005822716047987342,0.91434375,1.0,4000000,0,4000000,0.0,3268608000,0.0008499000000483647,0.0,88.1591796875
dense,2000,32,0,249,0.0005788663984276354,0.914875,1.0,4000000,0,4000000,0.0,3268608000,0.0008249000002251705,0.0,88.1591796875
dense,2000,32,0,250,0.0005754969897679985,0.915515625,1.0,4000000,0,4000000,0.0,3268608000,0.0008785999998508487,0.0,88.1591796875
dense,2000,32,0,251,0.0005722380592487752,0.91615625,1.0,4000000,0,4000000,0.0,3268608000,0.0008569999999963329,0.0,88.1591796875
dense,2000,32,0,252,0.0005692188860848546,0.91684375,1.0,4000000,0,4000000,0.0,3268608000,0.0008728000002520275,0.0,88.1591796875
dense,2000,32,0,253,0.000566856877412647,0.917515625,1.0,4000000,0,4000000,0.0,3268608000,0.0010908999997809588,0.0,88.1591796875
dense,2000,32,0,254,0.000565707276109606,0.917796875,1.0,4000000,0,4000000,0.0,3268608000,0.001140299999860872,0.0,88.1591796875
dense,2000,32,0,255,0.0005686701624654233,0.918359375,1.0,4000000,0,4000000,0.0,3268608000,0.000954000000092492,0.0,88.1591796875
dense,2000,32,0,256,0.0005751964054070413,0.918796875,1.0,4000000,0,4000000,0.0,3268608000,0.0009132999998655578,0.0,88.1591796875
dense,2000,32,0,257,0.0006004254100844264,0.9195,1.0,4000000,0,4000000,0.0,3268608000,0.0009109999996326223,0.0,88.1591796875
dense,2000,32,0,258,0.0005987563636153936,0.920328125,1.0,4000000,0,4000000,0.0,3268608000,0.0008721999997760577,0.0,88.1591796875
dense,2000,32,0,259,0.0006021083681844175,0.920953125,1.0,4000000,0,4000000,0.0,3268608000,0.0008442999996987055,0.0,88.1591796875
dense,2000,32,0,260,0.0005675162537954748,0.921453125,1.0,4000000,0,4000000,0.0,3268608000,0.0008998999996947532,0.0,88.1591796875
dense,2000,32,0,261,0.0005522390711121261,0.9221875,1.0,4000000,0,4000000,0.0,3268608000,0.0009043000000019674,0.0,88.1591796875
dense,2000,32,0,262,0.0005602852907031775,0.922875,1.0,4000000,0,4000000,0.0,3268608000,0.0008422000000791741,0.0,88.1591796875
dense,2000,32,0,263,0.0005700642941519618,0.92340625,1.0,4000000,0,4000000,0.0,3268608000,0.0008918999997149513,0.0,88.1591796875
dense,2000,32,0,264,0.0005788287380710244,0.92403125,1.0,4000000,0,4000000,0.0,3268608000,0.0009881999999379332,0.0,88.1591796875
dense,2000,32,0,265,0.0005584885366261005,0.924703125,1.0,4000000,0,4000000,0.0,3268608000,0.0008536999998796091,0.0,88.1591796875
dense,2000,32,0,266,0.0005442866240628064,0.92509375,1.0,4000000,0,4000000,0.0,3268608000,0.0008474999999634747,0.0,88.1591796875
dense,2000,32,0,267,0.000544653448741883,0.9256875,1.0,4000000,0,4000000,0.0,3268608000,0.0008446000001640641,0.0,88.1591796875
dense,2000,32,0,268,0.0005510188639163971,0.925984375,1.0,4000000,0,4000000,0.0,3268608000,0.0008407999998780724,0.0,88.1591796875
dense,2000,32,0,269,0.0005565368919633329,0.926296875,1.0,4000000,0,4000000,0.0,3268608000,0.0008186000000023341,0.0,88.1591796875
dense,2000,32,0,270,0.0005452348268590868,0.926640625,1.0,4000000,0,4000000,0.0,3268608000,0.0008511999999427644,0.0,88.1591796875
dense,2000,32,0,271,0.0005356314941309392,0.927,1.0,4000000,0,4000000,0.0,3268608000,0.0008322000003317953,0.0,88.1591796875
dense,2000,32,0,272,0.0005328718107193708,0.927421875,1.0,4000000,0,4000000,0.0,3268608000,0.0008711000000403146,0.0,88.1591796875
dense,2000,32,0,273,0.0005360792856663465,0.9276875,1.0,4000000,0,4000000,0.0,3268608000,0.0008874000000105298,0.0,88.1591796875
dense,2000,32,0,274,0.0005409344448707998,0.927796875,1.0,4000000,0,4000000,0.0,3268608000,0.0008375000002160959,0.0,88.1591796875
dense,2000,32,0,275,0.0005378253408707678,0.928109375,1.0,4000000,0,4000000,0.0,3268608000,0.0008204000000660017,0.0,88.1591796875
dense,2000,32,0,276,0.0005343799130059779,0.928203125,1.0,4000000,0,4000000,0.0,3268608000,0.0008307999996759463,0.0,88.1591796875
dense,2000,32,0,277,0.0005290083354339004,0.928359375,1.0,4000000,0,4000000,0.0,3268608000,0.0008293000000776374,0.0,88.1591796875
dense,2000,32,0,278,0.0005269821849651635,0.92865625,1.0,4000000,0,4000000,0.0,3268608000,0.0008136999999805994,0.0,88.1591796875
dense,2000,32,0,279,0.0005273149581626058,0.928828125,1.0,4000000,0,4000000,0.0,3268608000,0.0008395999998356274,0.0,88.1591796875
dense,2000,32,0,280,0.0005279367323964834,0.92909375,1.0,4000000,0,4000000,0.0,3268608000,0.0008595999997851322,0.0,88.1591796875
dense,2000,32,0,281,0.0005296567687764764,0.92921875,1.0,4000000,0,4000000,0.0,3268608000,0.0008148000001710898,0.0,88.1591796875
dense,2000,32,0,282,0.0005288956454023719,0.929453125,1.0,4000000,0,4000000,0.0,3268608000,0.0008916000001590874,0.0,88.1591796875
dense,2000,32,0,283,0.0005283781792968512,0.92925,1.0,4000000,0,4000000,0.0,3268608000,0.0008889999999155407,0.0,88.1591796875
dense,2000,32,0,284,0.0005257805460132658,0.929453125,1.0,4000000,0,4000000,0.0,3268608000,0.0008474999999634747,0.0,88.1591796875
dense,2000,32,0,285,0.0005234332638792694,0.929140625,1.0,4000000,0,4000000,0.0,3268608000,0.000855400000091322,0.0,88.1591796875
dense,2000,32,0,286,0.0005221438477747142,0.92946875,1.0,4000000,0,4000000,0.0,3268608000,0.0008268999999927473,0.0,88.1591796875
dense,2000,32,0,287,0.0005221808096393943,0.92946875,1.0,4000000,0,4000000,0.0,3268608000,0.0008487000000059197,0.0,88.1591796875
dense,2000,32,0,288,0.0005233230767771602,0.92928125,1.0,4000000,0,4000000,0.0,3268608000,0.0027399000000514206,0.0,88.1591796875
dense,2000,32,0,289,0.0005242650513537228,0.92934375,1.0,4000000,0,4000000,0.0,3268608000,0.0008327999998982705,0.0,88.1591796875
dense,2000,32,0,290,0.0005250528920441866,0.929296875,1.0,4000000,0,4000000,0.0,3268608000,0.0010677999998733867,0.0,88.1591796875
dense,2000,32,0,291,0.0005247527151368558,0.92925,1.0,4000000,0,4000000,0.0,3268608000,0.0009327999996457947,0.0,88.1591796875
dense,2000,32,0,292,0.0005245843785814941,0.929421875,1.0,4000000,0,4000000,0.0,3268608000,0.0008367999998881714,0.0,88.1591796875
dense,2000,32,0,293,0.0005242717452347279,0.9293125,1.0,4000000,0,4000000,0.0,3268608000,0.0008192999998755113,0.0,88.1591796875
dense,2000,32,0,294,0.000524661794770509,0.92934375,1.0,4000000,0,4000000,0.0,3268608000,0.0009014000002025568,0.0,88.1591796875
dense,2000,32,0,295,0.0005262100021354854,0.929234375,1.0,4000000,0,4000000,0.0,3268608000,0.0010446999999658146,0.0,88.1591796875
dense,2000,32,0,296,0.0005289808614179492,0.9295,1.0,4000000,0,4000000,0.0,3268608000,0.001071599999704631,0.0,88.1591796875
dense,2000,32,0,297,0.0005339868366718292,0.92940625,1.0,4000000,0,4000000,0.0,3268608000,0.0008687999998073792,0.0,88.1591796875
dense,2000,32,0,298,0.0005397258792072535,0.929640625,1.0,4000000,0,4000000,0.0,3268608000,0.0009556999998494575,0.0,88.1591796875
dense,2000,32,0,299,0.0005481696571223438,0.929421875,1.0,4000000,0,4000000,0.0,3268608000,0.0008647999998174782,0.0,88.1591796875
dense,2000,32,0,300,0.0005540944985114038,0.929640625,1.0,4000000,0,4000000,0.0,3268608000,0.0008442000003014982,0.0,88.1591796875
dense,2000,32,0,301,0.0005593802779912949,0.92940625,1.0,4000000,0,4000000,0.0,3268608000,0.000986199999715609,0.0,88.1591796875
dense,2000,32,0,302,0.0005554342642426491,0.929609375,1.0,4000000,0,4000000,0.0,3268608000,0.0013796000002912479,0.0,88.1591796875
dense,2000,32,0,303,0.0005466285510919988,0.9295,1.0,4000000,0,4000000,0.0,3268608000,0.0008727999997972802,0.0,88.1591796875
dense,2000,32,0,304,0.0005350519786588848,0.9298125,1.0,4000000,0,4000000,0.0,3268608000,0.0008478999998260406,0.0,88.1591796875
dense,2000,32,0,305,0.0005270935362204909,0.92946875,1.0,4000000,0,4000000,0.0,3268608000,0.0008692999999766471,0.0,88.1591796875
dense,2000,32,0,306,0.0005256555741652846,0.92975,1.0,4000000,0,4000000,0.0,3268608000,0.0008364999998775602,0.0,88.1591796875
dense,2000,32,0,307,0.0005291824345476925,0.92940625,1.0,4000000,0,4000000,0.0,3268608000,0.0008199000003514811,0.0,88.1591796875
dense,2000,32,0,308,0.0005346971447579563,0.929546875,1.0,4000000,0,4000000,0.0,3268608000,0.0008166000002347573,0.0,88.1591796875
dense,2000,32,0,309,0.0005362883093766868,0.929484375,1.0,4000000,0,4000000,0.0,3268608000,0.0012514000000010128,0.0,88.1591796875
dense,2000,32,0,310,0.0005350137944333255,0.9295625,1.0,4000000,0,4000000,0.0,3268608000,0.0008827999999994063,0.0,88.1591796875
dense,2000,32,0,311,0.0005297912284731865,0.92959375,1.0,4000000,0,4000000,0.0,3268608000,0.000849000000016531,0.0,88.1591796875
dense,2000,32,0,312,0.0005250233807601035,0.92959375,1.0,4000000,0,4000000,0.0,3268608000,0.0008533000000170432,0.0,88.1591796875
dense,2000,32,0,313,0.0005229480448178947,0.9296875,1.0,4000000,0,4000000,0.0,3268608000,0.0028567000003931753,0.0,88.1591796875
dense,2000,32,0,314,0.0005239762249402702,0.929640625,1.0,4000000,0,4000000,0.0,3268608000,0.0008862999998200394,0.0,88.1591796875
dense,2000,32,0,315,0.0005270094843581319,0.929671875,1.0,4000000,0,4000000,0.0,3268608000,0.0010574999996606493,0.0,88.1591796875
dense,2000,32,0,316,0.0005289868568070233,0.92959375,1.0,4000000,0,4000000,0.0,3268608000,0.002669099999820901,0.0,88.1591796875
dense,2000,32,0,317,0.0005297653842717409,0.9296875,1.0,4000000,0,4000000,0.0,3268608000,0.0012916999999106338,0.0,88.1591796875
dense,2000,32,0,318,0.0005272357957437634,0.929578125,1.0,4000000,0,4000000,0.0,3268608000,0.0009251000001313514,0.0,88.1591796875
dense,2000,32,0,319,0.0005244215135462582,0.92971875,1.0,4000000,0,4000000,0.0,3268608000,0.0008407000000261178,0.0,88.1591796875
dense,2000,32,0,320,0.0005221990286372602,0.929609375,1.0,4000000,0,4000000,0.0,3268608000,0.000894100000095932,0.0,88.1591796875
dense,2000,32,0,321,0.0005217847065068781,0.92959375,1.0,4000000,0,4000000,0.0,3268608000,0.0010125000003426976,0.0,88.1591796875
dense,2000,32,0,322,0.0005229130038060248,0.92965625,1.0,4000000,0,4000000,0.0,3268608000,0.000988599999800499,0.0,88.1591796875
dense,2000,32,0,323,0.0005246906075626612,0.92953125,1.0,4000000,0,4000000,0.0,3268608000,0.0008672999997543229,0.0,88.1591796875
dense,2000,32,0,324,0.0005261481855995953,0.929640625,1.0,4000000,0,4000000,0.0,3268608000,0.000847500000418222,0.0,88.1591796875
dense,2000,32,0,325,0.0005269934190437198,0.9295625,1.0,4000000,0,4000000,0.0,3268608000,0.0009539999996377446,0.0,88.1591796875
dense,2000,32,0,326,0.0005272548296488822,0.929578125,1.0,4000000,0,4000000,0.0,3268608000,0.0009407000002283894,0.0,88.1591796875
dense,2000,32,0,327,0.0005280628683976829,0.92953125,1.0,4000000,0,4000000,0.0,3268608000,0.0008483999999953085,0.0,88.1591796875
dense,2000,32,0,328,0.0005290855187922716,0.929609375,1.0,4000000,0,4000000,0.0,3268608000,0.0008395999998356274,0.0,88.1591796875
dense,2000,32,0,329,0.0005329386331140995,0.92946875,1.0,4000000,0,4000000,0.0,3268608000,0.0009804000001167879,0.0,88.1591796875
dense,2000,32,0,330,0.0005355009343475103,0.929625,1.0,4000000,0,4000000,0.0,3268608000,0.0009450999996261089,0.0,88.1591796875
dense,2000,32,0,331,0.0005420924862846732,0.929359375,1.0,4000000,0,4000000,0.0,3268608000,0.0008488000003126217,0.0,88.1591796875
dense,2000,32,0,332,0.0005422845133580267,0.929703125,1.0,4000000,0,4000000,0.0,3268608000,0.0009448999999221996,0.0,88.1591796875
dense,2000,32,0,333,0.000544972310308367,0.929515625,1.0,4000000,0,4000000,0.0,3268608000,0.0010143999998035724,0.0,88.1591796875
dense,2000,32,0,334,0.0005416107014752924,0.929640625,1.0,4000000,0,4000000,0.0,3268608000,0.001074499999958789,0.0,88.1591796875
dense,2000,32,0,335,0.0005404205294325948,0.92965625,1.0,4000000,0,4000000,0.0,3268608000,0.0008803999999145162,0.0,88.1591796875
dense,2000,32,0,336,0.0005393765750341117,0.929484375,1.0,4000000,0,4000000,0.0,3268608000,0.0009724999999889405,0.0,88.1591796875
dense,2000,32,0,337,0.00054264155915007,0.929625,1.0,4000000,0,4000000,0.0,3268608000,0.0008849000000736851,0.0,88.1591796875
dense,2000,32,0,338,0.0005461754044517875,0.929328125,1.0,4000000,0,4000000,0.0,3268608000,0.0008440999999947962,0.0,88.1591796875
dense,2000,32,0,339,0.0005540224956348538,0.929546875,1.0,4000000,0,4000000,0.0,3268608000,0.0009297999999944295,0.0,88.1591796875
dense,2000,32,0,340,0.0005600685835815966,0.929234375,1.0,4000000,0,4000000,0.0,3268608000,0.0009300000001530861,0.0,88.1591796875
dense,2000,32,0,341,0.0005605209153145552,0.929484375,1.0,4000000,0,4000000,0.0,3268608000,0.0009605000000192376,0.0,88.1591796875
dense,2000,32,0,342,0.0005599680007435381,0.92921875,1.0,4000000,0,4000000,0.0,3268608000,0.002269200000228011,0.0,88.1591796875
dense,2000,32,0,343,0.0005457645747810602,0.9295625,1.0,4000000,0,4000000,0.0,3268608000,0.0013745999999628111,0.0,88.1591796875
dense,2000,32,0,344,0.0005344062810763717,0.929296875,1.0,4000000,0,4000000,0.0,3268608000,0.000951200000145036,0.0,88.1591796875
dense,2000,32,0,345,0.0005264678620733321,0.929609375,1.0,4000000,0,4000000,0.0,3268608000,0.0010962999999719614,0.0,88.1591796875
dense,2000,32,0,346,0.0005256098811514676,0.92959375,1.0,4000000,0,4000000,0.0,3268608000,0.0013119000000187953,0.0,88.1591796875
dense,2000,32,0,347,0.0005299166077747941,0.929328125,1.0,4000000,0,4000000,0.0,3268608000,0.0009634999996706028,0.0,88.1591796875
dense,2000,32,0,348,0.0005362729425542057,0.929578125,1.0,4000000,0,4000000,0.0,3268608000,0.0010980000001836743,0.0,88.1591796875
dense,2000,32,0,349,0.0005432623438537121,0.929046875,1.0,4000000,0,4000000,0.0,3268608000,0.0009986000000026252,0.0,88.1591796875
dense,2000,32,0,350,0.0005427757278084755,0.929546875,1.0,4000000,0,4000000,0.0,3268608000,0.0009752000000844419,0.0,88.1591796875
dense,2000,32,0,351,0.0005402964889071882,0.92921875,1.0,4000000,0,4000000,0.0,3268608000,0.0009465999996791652,0.0,88.1591796875
dense,2000,32,0,352,0.000532160687725991,0.9296875,1.0,4000000,0,4000000,0.0,3268608000,0.0009650000001784065,0.0,88.1591796875
dense,2000,32,0,353,0.0005256144213490188,0.929328125,1.0,4000000,0,4000000,0.0,3268608000,0.0008436000002802757,0.0,88.1591796875
dense,2000,32,0,354,0.0005222004256211221,0.9296875,1.0,4000000,0,4000000,0.0,3268608000,0.000851400000101421,0.0,88.1591796875
dense,2000,32,0,355,0.0005227119545452297,0.92946875,1.0,4000000,0,4000000,0.0,3268608000,0.0009432000001652341,0.0,88.1591796875
dense,2000,32,0,356,0.000526455114595592,0.92934375,1.0,4000000,0,4000000,0.0,3268608000,0.0009992999998758023,0.0,88.1591796875
dense,2000,32,0,357,0.0005304433288984001,0.929546875,1.0,4000000,0,4000000,0.0,3268608000,0.0009513999998489453,0.0,88.1591796875
dense,2000,32,0,358,0.0005354980239644647,0.92909375,1.0,4000000,0,4000000,0.0,3268608000,0.0012629999996534025,0.0,88.1591796875
dense,2000,32,0,359,0.0005344318342395127,0.929578125,1.0,4000000,0,4000000,0.0,3268608000,0.001552599999740778,0.0,88.1591796875
dense,2000,32,0,360,0.0005332170403562486,0.92909375,1.0,4000000,0,4000000,0.0,3268608000,0.0009170999996968021,0.0,88.1591796875
dense,2000,32,0,361,0.0005274885334074497,0.929609375,1.0,4000000,0,4000000,0.0,3268608000,0.0011022999997294392,0.0,88.1591796875
dense,2000,32,0,362,0.0005235234275460243,0.929375,1.0,4000000,0,4000000,0.0,3268608000,0.0009199000000990054,0.0,88.1591796875
dense,2000,32,0,363,0.0005214919801801443,0.9296875,1.0,4000000,0,4000000,0.0,3268608000,0.000900900000033289,0.0,88.1591796875
dense,2000,32,0,364,0.0005220461171120405,0.929453125,1.0,4000000,0,4000000,0.0,3268608000,0.0010777000002235582,0.0,88.1591796875
dense,2000,32,0,365,0.0005245392094366252,0.929578125,1.0,4000000,0,4000000,0.0,3268608000,0.0010244999998576532,0.0,88.1591796875
dense,2000,32,0,366,0.000528069504071027,0.9294375,1.0,4000000,0,4000000,0.0,3268608000,0.0008895000000848086,0.0,88.1591796875
dense,2000,32,0,367,0.0005319849587976933,0.929390625,1.0,4000000,0,4000000,0.0,3268608000,0.0012527000003501598,0.0,88.1591796875
dense,2000,32,0,368,0.0005354249733500183,0.92934375,1.0,4000000,0,4000000,0.0,3268608000,0.0009514999997008999,0.0,88.1591796875
dense,2000,32,0,369,0.0005393661558628082,0.9294375,1.0,4000000,0,4000000,0.0,3268608000,0.0008422000000791741,0.0,88.1591796875
dense,2000,32,0,370,0.0005426917923614383,0.929375,1.0,4000000,0,4000000,0.0,3268608000,0.0008597000000918342,0.0,88.1591796875
dense,2000,32,0,371,0.0005479938117787242,0.929515625,1.0,4000000,0,4000000,0.0,3268608000,0.0011403999997128267,0.0,88.1591796875
dense,2000,32,0,372,0.0005536255775950849,0.929140625,1.0,4000000,0,4000000,0.0,3268608000,0.0009120999998231127,0.0,88.1591796875
dense,2000,32,0,373,0.0005608619539998472,0.929515625,1.0,4000000,0,4000000,0.0,3268608000,0.0009247000002687855,0.0,88.1591796875
dense,2000,32,0,374,0.0005661905161105096,0.929125,1.0,4000000,0,4000000,0.0,3268608000,0.0009206999998241372,0.0,88.1591796875
dense,2000,32,0,375,0.0005672767874784768,0.929484375,1.0,4000000,0,4000000,0.0,3268608000,0.0009202999999615713,0.0,88.1591796875
dense,2000,32,0,376,0.0005608471692539752,0.9290625,1.0,4000000,0,4000000,0.0,3268608000,0.0009651999998823158,0.0,88.1591796875
dense,2000,32,0,377,0.0005488001625053585,0.9296875,1.0,4000000,0,4000000,0.0,3268608000,0.000874899999871559,0.0,88.1591796875
dense,2000,32,0,378,0.0005367414560168982,0.92928125,1.0,4000000,0,4000000,0.0,3268608000,0.0008874999998624844,0.0,88.1591796875
dense,2000,32,0,379,0.0005299241165630519,0.92953125,1.0,4000000,0,4000000,0.0,3268608000,0.0009387999998580199,0.0,88.1591796875
dense,2000,32,0,380,0.000531865400262177,0.929328125,1.0,4000000,0,4000000,0.0,3268608000,0.0008600999999544001,0.0,88.1591796875
dense,2000,32,0,381,0.0005368022830225527,0.929703125,1.0,4000000,0,4000000,0.0,3268608000,0.0008637999999336898,0.0,88.1591796875
dense,2000,32,0,382,0.0005438101943582296,0.9294375,1.0,4000000,0,4000000,0.0,3268608000,0.0008910999999898195,0.0,88.1591796875
dense,2000,32,0,383,0.0005443589179776609,0.929640625,1.0,4000000,0,4000000,0.0,3268608000,0.0008329000002049725,0.0,88.1591796875
dense,2000,32,0,384,0.000541918445378542,0.92940625,1.0,4000000,0,4000000,0.0,3268608000,0.0008182999999917229,0.0,88.1591796875
dense,2000,32,0,385,0.0005351050058379769,0.929625,1.0,4000000,0,4000000,0.0,3268608000,0.0008487999998578744,0.0,88.1591796875
dense,2000,32,0,386,0.0005298755131661892,0.929453125,1.0,4000000,0,4000000,0.0,3268608000,0.002781700000014098,0.0,88.1591796875
dense,2000,32,0,387,0.0005277319578453898,0.92953125,1.0,4000000,0,4000000,0.0,3268608000,0.0008403000001635519,0.0,88.1591796875
dense,2000,32,0,388,0.0005296748713590205,0.929515625,1.0,4000000,0,4000000,0.0,3268608000,0.0009430999998585321,0.0,88.1591796875
dense,2000,32,0,389,0.0005328674451448023,0.92959375,1.0,4000000,0,4000000,0.0,3268608000,0.0010117999995600258,0.0,88.1591796875
dense,2000,32,0,390,0.0005362431984394789,0.9294375,1.0,4000000,0,4000000,0.0,3268608000,0.0009746000000632193,0.0,88.1591796875
dense,2000,32,0,391,0.0005367569392547011,0.92965625,1.0,4000000,0,4000000,0.0,3268608000,0.0008634999999230786,0.0,88.1591796875
dense,2000,32,0,392,0.0005360121722333133,0.929484375,1.0,4000000,0,4000000,0.0,3268608000,0.0015833000002203335,0.0,88.1591796875
dense,2000,32,0,393,0.0005338016781024635,0.929734375,1.0,4000000,0,4000000,0.0,3268608000,0.000929199999973207,0.0,88.1591796875
dense,2000,32,0,394,0.0005333254230208695,0.929359375,1.0,4000000,0,4000000,0.0,3268608000,0.0009126999998443353,0.0,88.1591796875
dense,2000,32,0,395,0.0005340779316611588,0.929625,1.0,4000000,0,4000000,0.0,3268608000,0.0008526999999958207,0.0,88.1591796875
dense,2000,32,0,396,0.0005393908941186965,0.92928125,1.0,4000000,0,4000000,0.0,3268608000,0.0009817000000111875,0.0,88.1591796875
dense,2000,32,0,397,0.0005430137389339507,0.929515625,1.0,4000000,0,4000000,0.0,3268608000,0.0008446999995612714,0.0,88.1591796875
dense,2000,32,0,398,0.0005527962930500507,0.9291875,1.0,4000000,0,4000000,0.0,3268608000,0.0009258000000045286,0.0,88.1591796875
dense,2000,32,0,399,0.0005482822307385504,0.929546875,1.0,4000000,0,4000000,0.0,3268608000,0.0020995000004404574,0.0,88.1591796875
dense,2000,32,0,400,0.000546501309145242,0.929140625,1.0,4000000,0,4000000,0.0,3268608000,0.0009276999999201507,0.0,88.1591796875
dense,2000,32,0,401,0.0005364064127206802,0.92965625,1.0,4000000,0,4000000,0.0,3268608000,0.0008726999999453255,0.0,88.1591796875
dense,2000,32,0,402,0.0005318849580362439,0.929359375,1.0,4000000,0,4000000,0.0,3268608000,0.0008574000003136462,0.0,88.1591796875
dense,2000,32,0,403,0.0005313028232194483,0.9295,1.0,4000000,0,4000000,0.0,3268608000,0.0009042000001500128,0.0,88.1591796875
dense,2000,32,0,404,0.0005359413917176425,0.929421875,1.0,4000000,0,4000000,0.0,3268608000,0.000906100000065635,0.0,88.1591796875
dense,2000,32,0,405,0.0005398927023634315,0.92928125,1.0,4000000,0,4000000,0.0,3268608000,0.0009191999997710809,0.0,88.1591796875
dense,2000,32,0,406,0.0005435542552731931,0.92965625,1.0,4000000,0,4000000,0.0,3268608000,0.0012421000001268112,0.0,88.1591796875
dense,2000,32,0,407,0.0005463798297569156,0.92925,1.0,4000000,0,4000000,0.0,3268608000,0.0009610000001885055,0.0,88.1591796875
dense,2000,32,0,408,0.0005463759880512953,0.929546875,1.0,4000000,0,4000000,0.0,3268608000,0.0021572000000560365,0.0,88.1591796875
dense,2000,32,0,409,0.0005482490523718297,0.929375,1.0,4000000,0,4000000,0.0,3268608000,0.000914799999918614,0.0,88.1591796875
dense,2000,32,0,410,0.0005499845719896257,0.929734375,1.0,4000000,0,4000000,0.0,3268608000,0.0009320999997726176,0.0,88.1591796875
dense,2000,32,0,411,0.0005523200379684567,0.92934375,1.0,4000000,0,4000000,0.0,3268608000,0.0009990999997171457,0.0,88.1591796875
dense,2000,32,0,412,0.0005529141053557396,0.929578125,1.0,4000000,0,4000000,0.0,3268608000,0.0008955000002970337,0.0,88.1591796875
dense,2000,32,0,413,0.0005508625181391835,0.929296875,1.0,4000000,0,4000000,0.0,3268608000,0.0009442999999009771,0.0,88.1591796875
dense,2000,32,0,414,0.0005438377847895026,0.929625,1.0,4000000,0,4000000,0.0,3268608000,0.000937099999646307,0.0,88.1591796875
dense,2000,32,0,415,0.0005365301040001214,0.929453125,1.0,4000000,0,4000000,0.0,3268608000,0.0009581999997863022,0.0,88.1591796875
dense,2000,32,0,416,0.0005303847137838602,0.92959375,1.0,4000000,0,4000000,0.0,3268608000,0.0010062000001198612,0.0,88.1591796875
dense,2000,32,0,417,0.0005285448860377073,0.9295,1.0,4000000,0,4000000,0.0,3268608000,0.0008935000000747095,0.0,88.1591796875
dense,2000,32,0,418,0.0005309500847943127,0.929484375,1.0,4000000,0,4000000,0.0,3268608000,0.0009817000000111875,0.0,88.1591796875
dense,2000,32,0,419,0.000535855011548847,0.9295625,1.0,4000000,0,4000000,0.0,3268608000,0.0009040999998433108,0.0,88.1591796875
dense,2000,32,0,420,0.0005427042488008738,0.929484375,1.0,4000000,0,4000000,0.0,3268608000,0.0009138999998867803,0.0,88.1591796875
dense,2000,32,0,421,0.0005484207067638636,0.929546875,1.0,4000000,0,4000000,0.0,3268608000,0.0008982999997897423,0.0,88.1591796875
dense,2000,32,0,422,0.0005550376954488456,0.929421875,1.0,4000000,0,4000000,0.0,3268608000,0.0011306000001241046,0.0,88.1591796875
dense,2000,32,0,423,0.0005573538946919143,0.929546875,1.0,4000000,0,4000000,0.0,3268608000,0.000916399999823625,0.0,88.1591796875
dense,2000,32,0,424,0.0005612420500256121,0.929453125,1.0,4000000,0,4000000,0.0,3268608000,0.0008693999998286017,0.0,88.1591796875
dense,2000,32,0,425,0.0005579348071478307,0.929515625,1.0,4000000,0,4000000,0.0,3268608000,0.0009282000000894186,0.0,88.1591796875
dense,2000,32,0,426,0.0005565989995375276,0.9295,1.0,4000000,0,4000000,0.0,3268608000,0.000833299999612791,0.0,88.1591796875
dense,2000,32,0,427,0.0005506617017090321,0.92959375,1.0,4000000,0,4000000,0.0,3268608000,0.0008270000002994493,0.0,88.1591796875
dense,2000,32,0,428,0.0005473499768413603,0.92965625,1.0,4000000,0,4000000,0.0,3268608000,0.0008738000001358159,0.0,88.1591796875
dense,2000,32,0,429,0.000544710666872561,0.929453125,1.0,4000000,0,4000000,0.0,3268608000,0.0010226999997939856,0.0,88.1591796875
dense,2000,32,0,430,0.0005450004828162491,0.929765625,1.0,4000000,0,4000000,0.0,3268608000,0.000817900000129157,0.0,88.1591796875
dense,2000,32,0,431,0.000544357520993799,0.929328125,1.0,4000000,0,4000000,0.0,3268608000,0.000999399999727757,0.0,88.1591796875
dense,2000,32,0,432,0.0005444433190859854,0.9296875,1.0,4000000,0,4000000,0.0,3268608000,0.0008872000003066205,0.0,88.1591796875
dense,2000,32,0,433,0.0005413696053437889,0.929203125,1.0,4000000,0,4000000,0.0,3268608000,0.0029329999997571576,0.0,88.1591796875
dense,2000,32,0,434,0.0005377628258429468,0.92971875,1.0,4000000,0,4000000,0.0,3268608000,0.000929199999973207,0.0,88.1591796875
dense,2000,32,0,435,0.0005333758890628815,0.929359375,1.0,4000000,0,4000000,0.0,3268608000,0.0018173999997088686,0.0,88.1591796875
dense,2000,32,0,436,0.0005300104385241866,0.929453125,1.0,4000000,0,4000000,0.0,3268608000,0.0009140000001934823,0.0,88.1591796875
dense,2000,32,0,437,0.0005285737570375204,0.929328125,1.0,4000000,0,4000000,0.0,3268608000,0.0008462999999210297,0.0,88.1591796875
dense,2000,32,0,438,0.0005288185784593225,0.92946875,1.0,4000000,0,4000000,0.0,3268608000,0.0008794000000307278,0.0,88.1591796875
dense,2000,32,0,439,0.0005310803535394371,0.929609375,1.0,4000000,0,4000000,0.0,3268608000,0.0009852999996837752,0.0,88.1591796875
dense,2000,32,0,440,0.0005334023153409362,0.929421875,1.0,4000000,0,4000000,0.0,3268608000,0.000991399999747955,0.0,88.1591796875
dense,2000,32,0,441,0.0005360957584343851,0.92953125,1.0,4000000,0,4000000,0.0,3268608000,0.0009224999998878047,0.0,88.1591796875
dense,2000,32,0,442,0.000536569335963577,0.929625,1.0,4000000,0,4000000,0.0,3268608000,0.0008910000001378648,0.0,88.1591796875
dense,2000,32,0,443,0.0005373928579501808,0.9295625,1.0,4000000,0,4000000,0.0,3268608000,0.0009539999996377446,0.0,88.1591796875
dense,2000,32,0,444,0.0005357547197490931,0.92959375,1.0,4000000,0,4000000,0.0,3268608000,0.0008474999999634747,0.0,88.1591796875
dense,2000,32,0,445,0.0005365655524656177,0.929421875,1.0,4000000,0,4000000,0.0,3268608000,0.0008875000003172318,0.0,88.1591796875
dense,2000,32,0,446,0.0005359864444471896,0.929671875,1.0,4000000,0,4000000,0.0,3268608000,0.0009559999998600688,0.0,88.1591796875
dense,2000,32,0,447,0.0005393913015723228,0.929453125,1.0,4000000,0,4000000,0.0,3268608000,0.0010317000001123233,0.0,88.1591796875
dense,2000,32,0,448,0.000540195731446147,0.929890625,1.0,4000000,0,4000000,0.0,3268608000,0.0008920000000216532,0.0,88.1591796875
dense,2000,32,0,449,0.0005441604880616069,0.92940625,1.0,4000000,0,4000000,0.0,3268608000,0.0008072999999058084,0.0,88.1591796875
dense,2000,32,0,450,0.000543261063285172,0.929921875,1.0,4000000,0,4000000,0.0,3268608000,0.0028680000000349537,0.0,88.1591796875
dense,2000,32,0,451,0.0005442338297143579,0.9294375,1.0,4000000,0,4000000,0.0,3268608000,0.0008599999996476981,0.0,88.1591796875
dense,2000,32,0,452,0.0005414288025349379,0.929796875,1.0,4000000,0,4000000,0.0,3268608000,0.0008508999999321532,0.0,88.1591796875
dense,2000,32,0,453,0.0005408400320447981,0.92953125,1.0,4000000,0,4000000,0.0,3268608000,0.0009279000000788074,0.0,88.1591796875
dense,2000,32,0,454,0.0005392453749664128,0.92975,1.0,4000000,0,4000000,0.0,3268608000,0.0008531000003131339,0.0,88.1591796875
dense,2000,32,0,455,0.0005397608620114625,0.92946875,1.0,4000000,0,4000000,0.0,3268608000,0.0008622999998806335,0.0,88.1591796875
dense,2000,32,0,456,0.0005404121475294232,0.929703125,1.0,4000000,0,4000000,0.0,3268608000,0.0009141000000454369,0.0,88.1591796875
dense,2000,32,0,457,0.0005409014411270618,0.929375,1.0,4000000,0,4000000,0.0,3268608000,0.000856600000133767,0.0,88.1591796875
dense,2000,32,0,458,0.0005407162243500352,0.9296875,1.0,4000000,0,4000000,0.0,3268608000,0.0008433000002696645,0.0,88.1591796875
dense,2000,32,0,459,0.0005389286670833826,0.9293125,1.0,4000000,0,4000000,0.0,3268608000,0.0019426000003477384,0.0,88.1591796875
dense,2000,32,0,460,0.0005374304600991309,0.929671875,1.0,4000000,0,4000000,0.0,3268608000,0.0009377999999742315,0.0,88.1591796875
dense,2000,32,0,461,0.0005364799872040749,0.92946875,1.0,4000000,0,4000000,0.0,3268608000,0.001060099999904196,0.0,88.1591796875
dense,2000,32,0,462,0.0005386958946473897,0.92978125,1.0,4000000,0,4000000,0.0,3268608000,0.0010938000000351167,0.0,88.1591796875
dense,2000,32,0,463,0.0005424809642136097,0.929546875,1.0,4000000,0,4000000,0.0,3268608000,0.0008825999998407497,0.0,88.1591796875
dense,2000,32,0,464,0.0005499589024111629,0.929453125,1.0,4000000,0,4000000,0.0,3268608000,0.0008735000001252047,0.0,88.1591796875
dense,2000,32,0,465,0.000556176935788244,0.92946875,1.0,4000000,0,4000000,0.0,3268608000,0.0010030000003098394,0.0,88.1591796875
dense,2000,32,0,466,0.0005631998647004366,0.9294375,1.0,4000000,0,4000000,0.0,3268608000,0.0009595000001354492,0.0,88.1591796875
dense,2000,32,0,467,0.0005658027366735041,0.929578125,1.0,4000000,0,4000000,0.0,3268608000,0.001052099999924394,0.0,88.1591796875
dense,2000,32,0,468,0.0005658204900100827,0.929421875,1.0,4000000,0,4000000,0.0,3268608000,0.0016437999997833685,0.0,88.1591796875
dense,2000,32,0,469,0.0005648310179822147,0.929375,1.0,4000000,0,4000000,0.0,3268608000,0.000890499999968597,0.0,88.1591796875
dense,2000,32,0,470,0.0005586103652603924,0.92965625,1.0,4000000,0,4000000,0.0,3268608000,0.0009350999998787302,0.0,88.1591796875
dense,2000,32,0,471,0.0005574874230660498,0.9294375,1.0,4000000,0,4000000,0.0,3268608000,0.0008768000002419285,0.0,88.1591796875
dense,2000,32,0,472,0.0005495838122442365,0.929625,1.0,4000000,0,4000000,0.0,3268608000,0.000874899999871559,0.0,88.1591796875
dense,2000,32,0,473,0.0005472525372169912,0.9294375,1.0,4000000,0,4000000,0.0,3268608000,0.0008956000001489883,0.0,88.1591796875
dense,2000,32,0,474,0.0005452174227684736,0.929625,1.0,4000000,0,4000000,0.0,3268608000,0.0008842999995977152,0.0,88.1591796875
dense,2000,32,0,475,0.00054651137907058,0.929453125,1.0,4000000,0,4000000,0.0,3268608000,0.0008595999997851322,0.0,88.1591796875
dense,2000,32,0,476,0.0005466831498779356,0.9295,1.0,4000000,0,4000000,0.0,3268608000,0.0008434999999735737,0.0,88.1591796875
dense,2000,32,0,477,0.0005465847789309919,0.929546875,1.0,4000000,0,4000000,0.0,3268608000,0.0009617999999136373,0.0,88.1591796875
dense,2000,32,0,478,0.0005432864418253303,0.92953125,1.0,4000000,0,4000000,0.0,3268608000,0.0009175000000141154,0.0,88.1591796875
dense,2000,32,0,479,0.0005392380990087986,0.9295625,1.0,4000000,0,4000000,0.0,3268608000,0.0008276999997178791,0.0,88.1591796875
dense,2000,32,0,480,0.000536129402462393,0.929515625,1.0,4000000,0,4000000,0.0,3268608000,0.000820199999907345,0.0,88.1591796875
dense,2000,32,0,481,0.0005340056959539652,0.929703125,1.0,4000000,0,4000000,0.0,3268608000,0.0008431999999629625,0.0,88.1591796875
dense,2000,32,0,482,0.0005356629262678325,0.929421875,1.0,4000000,0,4000000,0.0,3268608000,0.0008144000003085239,0.0,88.1591796875
dense,2000,32,0,483,0.0005373759777285159,0.92971875,1.0,4000000,0,4000000,0.0,3268608000,0.0008225000001402805,0.0,88.1591796875
dense,2000,32,0,484,0.0005413901526480913,0.92940625,1.0,4000000,0,4000000,0.0,3268608000,0.0009930000001077133,0.0,88.1591796875
dense,2000,32,0,485,0.0005421532550826669,0.929609375,1.0,4000000,0,4000000,0.0,3268608000,0.0008907999999792082,0.0,88.1591796875
dense,2000,32,0,486,0.0005439286469481885,0.929421875,1.0,4000000,0,4000000,0.0,3268608000,0.0008743999997022911,0.0,88.1591796875
dense,2000,32,0,487,0.0005415866617113352,0.929796875,1.0,4000000,0,4000000,0.0,3268608000,0.0009251000001313514,0.0,88.1591796875
dense,2000,32,0,488,0.000540769484359771,0.929359375,1.0,4000000,0,4000000,0.0,3268608000,0.0008107000003292342,0.0,88.1591796875
dense,2000,32,0,489,0.0005381701048463583,0.92978125,1.0,4000000,0,4000000,0.0,3268608000,0.0008844999997563718,0.0,88.1591796875
dense,2000,32,0,490,0.0005378234200179577,0.929390625,1.0,4000000,0,4000000,0.0,3268608000,0.0008877999998730957,0.0,88.1591796875
dense,2000,32,0,491,0.0005372997839003801,0.9296875,1.0,4000000,0,4000000,0.0,3268608000,0.0009105000003728492,0.0,88.1591796875
dense,2000,32,0,492,0.0005377908237278461,0.92934375,1.0,4000000,0,4000000,0.0,3268608000,0.002697800000078132,0.0,88.1591796875
dense,2000,32,0,493,0.0005375166074372828,0.929546875,1.0,4000000,0,4000000,0.0,3268608000,0.0009062999997695442,0.0,88.1591796875
dense,2000,32,0,494,0.000536510837264359,0.92953125,1.0,4000000,0,4000000,0.0,3268608000,0.0013321999999789114,0.0,88.1591796875
dense,2000,32,0,495,0.0005348352715373039,0.929265625,1.0,4000000,0,4000000,0.0,3268608000,0.0008846000000630738,0.0,88.1591796875
dense,2000,32,0,496,0.0005330261192284524,0.929609375,1.0,4000000,0,4000000,0.0,3268608000,0.0010265000000799773,0.0,88.1591796875
dense,2000,32,0,497,0.0005320340278558433,0.92934375,1.0,4000000,0,4000000,0.0,3268608000,0.0008494000003338442,0.0,88.1591796875
dense,2000,32,0,498,0.0005324195954017341,0.929640625,1.0,4000000,0,4000000,0.0,3268608000,0.0010111999999935506,0.0,88.1591796875
dense,2000,32,0,499,0.0005336730973795056,0.92928125,1.0,4000000,0,4000000,0.0,3268608000,0.000898100000085833,0.0,88.1591796875
dense,2000,32,0,500,0.0005358881899155676,0.9296875,1.0,4000000,0,4000000,0.0,3268608000,0.0008675999997649342,0.0,88.1591796875
exact,2000,32,0,1,0.22258856892585754,0.213953125,1.0,64000,4000000,4064000,2000.0,757760000,0.11371950000011566,0.00040649999982633744,85.25732421875
exact,2000,32,0,2,0.17875553667545319,0.176453125,1.0,64000,4000000,4064000,2000.0,757760000,0.0019827999999506574,0.0003436999995756196,85.38232421875
exact,2000,32,0,3,0.15533244609832764,0.146421875,1.0,64000,4000000,4064000,2000.0,757760000,0.0017677000000730914,0.0003815000000031432,85.38232421875
exact,2000,32,0,4,0.14191438257694244,0.125671875,1.0,64000,4000000,4064000,2000.0,757760000,0.0025142999998024607,0.00039160000005722395,85.38232421875
exact,2000,32,0,5,0.13360361754894257,0.11228125,1.0,64000,4000000,4064000,2000.0,757760000,0.0015534999997726118,0.0003219999998691492,85.38232421875
exact,2000,32,0,6,0.12808769941329956,0.102515625,1.0,64000,4000000,4064000,2000.0,757760000,0.0016410999996878672,0.00031380000018543797,85.38232421875
exact,2000,32,0,7,0.12399549782276154,0.097265625,1.0,64000,4000000,4064000,2000.0,757760000,0.0018989000000146916,0.0003531999996084778,85.38232421875
exact,2000,32,0,8,0.1207083985209465,0.09434375,1.0,64000,4000000,4064000,2000.0,757760000,0.0015843000001041219,0.0003552000002855493,85.38232421875
exact,2000,32,0,9,0.11799077689647675,0.094390625,1.0,64000,4000000,4064000,2000.0,757760000,0.00168519999988348,0.0003465999998297775,85.38232421875
exact,2000,32,0,10,0.11554089933633804,0.094921875,1.0,64000,4000000,4064000,2000.0,757760000,0.003645100000085222,0.002168999999867083,85.38232421875
exact,2000,32,0,11,0.11342708021402359,0.096515625,1.0,64000,4000000,4064000,2000.0,757760000,0.001591799999914656,0.0003741999998965184,85.38232421875
exact,2000,32,0,12,0.11130169034004211,0.09896875,1.0,64000,4000000,4064000,2000.0,757760000,0.0015402999997604638,0.0003271999999014952,85.38232421875
exact,2000,32,0,13,0.10926265269517899,0.102203125,1.0,64000,4000000,4064000,2000.0,757760000,0.0033333999999740627,0.00033970000004046597,85.38232421875
exact,2000,32,0,14,0.10735157132148743,0.10640625,1.0,64000,4000000,4064000,2000.0,757760000,0.0015576999999211694,0.00035189999971407815,85.38232421875
exact,2000,32,0,15,0.10560870915651321,0.111078125,1.0,64000,4000000,4064000,2000.0,757760000,0.0018153000000893371,0.0003998000001956825,85.38232421875
exact,2000,32,0,16,0.10401363670825958,0.11621875,1.0,64000,4000000,4064000,2000.0,757760000,0.0015713000002506305,0.00034259999983987655,85.38232421875
exact,2000,32,0,17,0.10243846476078033,0.122734375,1.0,64000,4000000,4064000,2000.0,757760000,0.0016421999998783576,0.00034899999991466757,85.38232421875
exact,2000,32,0,18,0.10093822330236435,0.130234375,1.0,64000,4000000,4064000,2000.0,757760000,0.001721200000247336,0.00036820000013904064,85.38232421875
exact,2000,32,0,19,0.09944819658994675,0.138453125,1.0,64000,4000000,4064000,2000.0,757760000,0.001739499999985128,0.0003855999998449988,85.38232421875
exact,2000,32,0,20,0.09801448881626129,0.14765625,1.0,64000,4000000,4064000,2000.0,757760000,0.002279399999679299,0.00033770000027288916,85.38232421875
exact,2000,32,0,21,0.0965670496225357,0.157515625,1.0,64000,4000000,4064000,2000.0,757760000,0.0018921999999292893,0.00034490000007281196,85.38232421875
exact,2000,32,0,22,0.09516360610723495,0.167625,1.0,64000,4000000,4064000,2000.0,757760000,0.0016394999997828563,0.0003405000002203451,85.38232421875
exact,2000,32,0,23,0.09373211115598679,0.1785,1.0,64000,4000000,4064000,2000.0,757760000,0.0016233999999712978,0.0003739999997378618,85.38232421875
exact,2000,32,0,24,0.09228675067424774,0.190203125,1.0,64000,4000000,4064000,2000.0,757760000,0.0015287000001080742,0.000314899999921181,85.38232421875
exact,2000,32,0,25,0.09079781174659729,0.20315625,1.0,64000,4000000,4064000,2000.0,757760000,0.0024496999999428226,0.0006957999999031017,85.38232421875
exact,2000,32,0,26,0.08932439982891083,0.215359375,1.0,64000,4000000,4064000,2000.0,757760000,0.0019620000002760207,0.0003381999999874097,85.38232421875
exact,2000,32,0,27,0.08780373632907867,0.22940625,1.0,64000,4000000,4064000,2000.0,757760000,0.0016536999996787927,0.00036200000022290624,85.38232421875
exact,2000,32,0,28,0.0862971693277359,0.243375,1.0,64000,4000000,4064000,2000.0,757760000,0.0026745000000119035,0.00038529999983438756,85.38232421875
exact,2000,32,0,29,0.0848006010055542,0.257953125,1.0,64000,4000000,4064000,2000.0,757760000,0.0016322999999829335,0.0003708999997797946,85.38232421875
exact,2000,32,0,30,0.08322148770093918,0.273328125,1.0,64000,4000000,4064000,2000.0,757760000,0.0034577000001263514,0.00034509999977672123,85.38232421875
exact,2000,32,0,31,0.08160386234521866,0.288859375,1.0,64000,4000000,4064000,2000.0,757760000,0.0015762999996695726,0.00037670000028811046,85.38232421875
exact,2000,32,0,32,0.08004433661699295,0.304390625,1.0,64000,4000000,4064000,2000.0,757760000,0.001994100000047183,0.0005233000001680921,85.38232421875
exact,2000,32,0,33,0.07845385372638702,0.3206875,1.0,64000,4000000,4064000,2000.0,757760000,0.0015703999997640494,0.0003640999998424377,85.38232421875
exact,2000,32,0,34,0.07678552716970444,0.3356875,1.0,64000,4000000,4064000,2000.0,757760000,0.003368799999861949,0.0003366999999343534,85.38232421875
exact,2000,32,0,35,0.07512738555669785,0.35084375,1.0,64000,4000000,4064000,2000.0,757760000,0.00198099999988699,0.00036160000036034035,85.38232421875
exact,2000,32,0,36,0.07338728755712509,0.367015625,1.0,64000,4000000,4064000,2000.0,757760000,0.0016570000002502638,0.0003897999999935564,85.38232421875
exact,2000,32,0,37,0.07169010490179062,0.384109375,1.0,64000,4000000,4064000,2000.0,757760000,0.003513699999984965,0.00034950000008393545,85.38232421875
exact,2000,32,0,38,0.0699557438492775,0.400046875,1.0,64000,4000000,4064000,2000.0,757760000,0.001561900000069727,0.00034430000005158945,85.38232421875
exact,2000,32,0,39,0.06819604337215424,0.416609375,1.0,64000,4000000,4064000,2000.0,757760000,0.001655300000038551,0.000388699999803066,85.38232421875
exact,2000,32,0,40,0.06636089831590652,0.432359375,1.0,64000,4000000,4064000,2000.0,757760000,0.0015184000003500842,0.00035769999976764666,85.38232421875
exact,2000,32,0,41,0.06457885354757309,0.446828125,1.0,64000,4000000,4064000,2000.0,757760000,0.0016207999997277511,0.000356399999873247,85.38232421875
exact,2000,32,0,42,0.06276179105043411,0.4604375,1.0,64000,4000000,4064000,2000.0,757760000,0.004932899999857909,0.0013464999997268023,85.38232421875
exact,2000,32,0,43,0.06095114350318909,0.474015625,1.0,64000,4000000,4064000,2000.0,757760000,0.001591500000358792,0.0003683999998429499,85.38232421875
exact,2000,32,0,44,0.05910986661911011,0.486765625,1.0,64000,4000000,4064000,2000.0,757760000,0.001619699999992008,0.0003505999998196785,85.38232421875
exact,2000,32,0,45,0.057272013276815414,0.499625,1.0,64000,4000000,4064000,2000.0,757760000,0.0015413000000989996,0.0003515999997034669,85.38232421875
exact,2000,32,0,46,0.05542494356632233,0.5113125,1.0,64000,4000000,4064000,2000.0,757760000,0.0026926999998977408,0.0008283999995910563,85.38232421875
exact,2000,32,0,47,0.053620822727680206,0.522625,1.0,64000,4000000,4064000,2000.0,757760000,0.0021898999998484214,0.0005439000001388195,85.38232421875
exact,2000,32,0,48,0.05180863291025162,0.533875,1.0,64000,4000000,4064000,2000.0,757760000,0.0020560999996632745,0.00040149999995264807,85.38232421875
exact,2000,32,0,49,0.050036873668432236,0.544328125,1.0,64000,4000000,4064000,2000.0,757760000,0.0016342999997505103,0.0003249000001233071,85.38232421875
exact,2000,32,0,50,0.04827462136745453,0.554484375,1.0,64000,4000000,4064000,2000.0,757760000,0.0019184999996468832,0.0005522999999811873,85.38232421875
exact,2000,32,0,51,0.04655131325125694,0.56453125,1.0,64000,4000000,4064000,2000.0,757760000,0.0015204999999696156,0.00031669999998484855,85.38232421875
exact,2000,32,0,52,0.044833313673734665,0.574234375,1.0,64000,4000000,4064000,2000.0,757760000,0.002079200000025594,0.0006648000003224297,85.38232421875
exact,2000,32,0,53,0.043162330985069275,0.5824375,1.0,64000,4000000,4064000,2000.0,757760000,0.0015272999999069725,0.0003308999998807849,85.38232421875
exact,2000,32,0,54,0.041502296924591064,0.590453125,1.0,64000,4000000,4064000,2000.0,757760000,0.0017692999999781023,0.00034989999994650134,85.38232421875
exact,2000,32,0,55,0.039888639003038406,0.598015625,1.0,64000,4000000,4064000,2000.0,757760000,0.0015079999998306448,0.0003255000001445296,85.38232421875
exact,2000,32,0,56,0.038310617208480835,0.605359375,1.0,64000,4000000,4064000,2000.0,757760000,0.0023931000000629865,0.00034480000022085733,85.38232421875
exact,2000,32,0,57,0.0367768257856369,0.611109375,1.0,64000,4000000,4064000,2000.0,757760000,0.0015932999999677122,0.0003689999998641724,85.38232421875
exact,2000,32,0,58,0.035263434052467346,0.617328125,1.0,64000,4000000,4064000,2000.0,757760000,0.002410000000054424,0.0003988999997091014,85.38232421875
exact,2000,32,0,59,0.033773936331272125,0.62278125,1.0,64000,4000000,4064000,2000.0,757760000,0.0015545999999631022,0.0003394000000298547,85.38232421875
exact,2000,32,0,60,0.032306328415870667,0.62828125,1.0,64000,4000000,4064000,2000.0,757760000,0.003454700000020239,0.0017291999997723906,85.38232421875
exact,2000,32,0,61,0.030871955677866936,0.634078125,1.0,64000,4000000,4064000,2000.0,757760000,0.0015508999999838124,0.000352399999883346,85.38232421875
exact,2000,32,0,62,0.029460174962878227,0.639015625,1.0,64000,4000000,4064000,2000.0,757760000,0.0019794999998339335,0.0004962999996678263,85.38232421875
exact,2000,32,0,63,0.02807428687810898,0.643453125,1.0,64000,4000000,4064000,2000.0,757760000,0.0016061000001172943,0.00034440000035829144,85.38232421875
exact,2000,32,0,64,0.026706868782639503,0.648046875,1.0,64000,4000000,4064000,2000.0,757760000,0.0018667999997887819,0.0003720999998222396,85.38232421875
exact,2000,32,0,65,0.02536623738706112,0.652125,1.0,64000,4000000,4064000,2000.0,757760000,0.0016817000000628468,0.0003544000001056702,85.38232421875
exact,2000,32,0,66,0.024057185277342796,0.65671875,1.0,64000,4000000,4064000,2000.0,757760000,0.002864999999928841,0.00032639999972161604,85.38232421875
exact,2000,32,0,67,0.02279575914144516,0.661296875,1.0,64000,4000000,4064000,2000.0,757760000,0.00376959999994142,0.0003692999998747837,85.38232421875
exact,2000,32,0,68,0.021570688113570213,0.6650625,1.0,64000,4000000,4064000,2000.0,757760000,0.0017358000000058382,0.0003697000001920969,85.38232421875
exact,2000,32,0,69,0.020388802513480186,0.669328125,1.0,64000,4000000,4064000,2000.0,757760000,0.0022951999999349937,0.0005661000000145577,85.38232421875
exact,2000,32,0,70,0.01924491673707962,0.6729375,1.0,64000,4000000,4064000,2000.0,757760000,0.0016121999997267267,0.000318899999911082,85.38232421875
exact,2000,32,0,71,0.01814231462776661,0.676875,1.0,64000,4000000,4064000,2000.0,757760000,0.0021926999997958774,0.0005817999999635504,85.38232421875
exact,2000,32,0,72,0.017086327075958252,0.680421875,1.0,64000,4000000,4064000,2000.0,757760000,0.0016189000002668763,0.0003496999997878447,85.38232421875
exact,2000,32,0,73,0.016079911962151527,0.683953125,1.0,64000,4000000,4064000,2000.0,757760000,0.001763799999935145,0.0003720999998222396,85.38232421875
exact,2000,32,0,74,0.015126457437872887,0.687609375,1.0,64000,4000000,4064000,2000.0,757760000,0.0016734000000724336,0.00033910000001924345,85.38232421875
exact,2000,32,0,75,0.014226268045604229,0.691203125,1.0,64000,4000000,4064000,2000.0,757760000,0.001607000000149128,0.0003768000001400651,85.38232421875
exact,2000,32,0,76,0.013382832519710064,0.694515625,1.0,64000,4000000,4064000,2000.0,757760000,0.0018358000002081099,0.00034740000000965665,85.38232421875
exact,2000,32,0,77,0.012593938037753105,0.69753125,1.0,64000,4000000,4064000,2000.0,757760000,0.002281900000070891,0.0005532999998649757,85.38232421875
exact,2000,32,0,78,0.011859249323606491,0.700640625,1.0,64000,4000000,4064000,2000.0,757760000,0.0031973000000107277,0.0003465999998297775,85.38232421875
exact,2000,32,0,79,0.011173563078045845,0.704171875,1.0,64000,4000000,4064000,2000.0,757760000,0.003915499999948224,0.0003803999998126528,85.38232421875
exact,2000,32,0,80,0.010535887442529202,0.707890625,1.0,64000,4000000,4064000,2000.0,757760000,0.0016416000003118825,0.0003490000003694149,85.38232421875
exact,2000,32,0,81,0.00993794109672308,0.710375,1.0,64000,4000000,4064000,2000.0,757760000,0.0022910999996383907,0.0005630000000564905,85.38232421875
exact,2000,32,0,82,0.009379537776112556,0.71353125,1.0,64000,4000000,4064000,2000.0,757760000,0.0017580999997335311,0.0003569000000425149,85.38232421875
exact,2000,32,0,83,0.008857445791363716,0.71615625,1.0,64000,4000000,4064000,2000.0,757760000,0.0038007999996807484,0.00040669999998499407,85.38232421875
exact,2000,32,0,84,0.008369844406843185,0.719390625,1.0,64000,4000000,4064000,2000.0,757760000,0.0018786999999065301,0.0003378999999767984,85.38232421875
exact,2000,32,0,85,0.007913269102573395,0.722359375,1.0,64000,4000000,4064000,2000.0,757760000,0.0016231999998126412,0.0003407000003790017,85.38232421875
exact,2000,32,0,86,0.007486799731850624,0.72503125,1.0,64000,4000000,4064000,2000.0,757760000,0.0025093000003835186,0.0005510999999387423,85.38232421875
exact,2000,32,0,87,0.007090036291629076,0.728171875,1.0,64000,4000000,4064000,2000.0,757760000,0.0015647999998691375,0.0003480999998828338,85.38232421875
exact,2000,32,0,88,0.006722044199705124,0.730453125,1.0,64000,4000000,4064000,2000.0,757760000,0.002494700000170269,0.0005584999998973217,85.38232421875
exact,2000,32,0,89,0.0063806758262217045,0.733328125,1.0,64000,4000000,4064000,2000.0,757760000,0.00161740000021382,0.0003529000000526139,85.38232421875
exact,2000,32,0,90,0.0060648550279438496,0.735484375,1.0,64000,4000000,4064000,2000.0,757760000,0.0019566999999369727,0.000340900000082911,85.38232421875
exact,2000,32,0,91,0.005770666524767876,0.738171875,1.0,64000,4000000,4064000,2000.0,757760000,0.0016061000001172943,0.00034779999987222254,85.38232421875
exact,2000,32,0,92,0.005496243014931679,0.740171875,1.0,64000,4000000,4064000,2000.0,757760000,0.0019341000001986686,0.0005221000001256471,85.38232421875
exact,2000,32,0,93,0.005240671802312136,0.743125,1.0,64000,4000000,4064000,2000.0,757760000,0.0015608999997311912,0.0003386000003047229,85.38232421875
exact,2000,32,0,94,0.005001415964215994,0.745,1.0,64000,4000000,4064000,2000.0,757760000,0.0017877999998745508,0.0003671999998005049,85.38232421875
exact,2000,32,0,95,0.004778262227773666,0.74746875,1.0,64000,4000000,4064000,2000.0,757760000,0.0015638999998373038,0.0003401999997549865,85.38232421875
exact,2000,32,0,96,0.004569318611174822,0.74975,1.0,64000,4000000,4064000,2000.0,757760000,0.0020844999999098945,0.0007703999999648659,85.38232421875
exact,2000,32,0,97,0.004373643081635237,0.751875,1.0,64000,4000000,4064000,2000.0,757760000,0.0016045000002122833,0.0003351999998812971,85.38232421875
exact,2000,32,0,98,0.00418865354731679,0.7544375,1.0,64000,4000000,4064000,2000.0,757760000,0.001936300000124902,0.0005830000000059954,85.38232421875
exact,2000,32,0,99,0.004013093188405037,0.756640625,1.0,64000,4000000,4064000,2000.0,757760000,0.001499700000294979,0.0003088999997089559,85.38232421875
exact,2000,32,0,100,0.003847477724775672,0.758890625,1.0,64000,4000000,4064000,2000.0,757760000,0.004516899999998714,0.00044950000028620707,85.38232421875
exact,2000,32,0,101,0.0036913345102220774,0.7615625,1.0,64000,4000000,4064000,2000.0,757760000,0.0016258999999081425,0.00035189999971407815,85.38232421875
exact,2000,32,0,102,0.0035447455011308193,0.763921875,1.0,64000,4000000,4064000,2000.0,757760000,0.0017064999997273844,0.00037849999989703065,85.38232421875
exact,2000,32,0,103,0.0034070059191435575,0.76615625,1.0,64000,4000000,4064000,2000.0,757760000,0.001534699999865552,0.00030829999968773336,85.38232421875
exact,2000,32,0,104,0.003277361625805497,0.768203125,1.0,64000,4000000,4064000,2000.0,757760000,0.0016612999997960287,0.0003400000000510772,85.38232421875
exact,2000,32,0,105,0.0031554107554256916,0.770484375,1.0,64000,4000000,4064000,2000.0,757760000,0.001781800000117073,0.0003351000000293425,85.38232421875
exact,2000,32,0,106,0.003040495328605175,0.77234375,1.0,64000,4000000,4064000,2000.0,757760000,0.003448999999818625,0.0003080999999838241,85.38232421875
exact,2000,32,0,107,0.0029326840303838253,0.774390625,1.0,64000,4000000,4064000,2000.0,757760000,0.00342960000034509,0.0003517000000101689,85.38232421875
exact,2000,32,0,108,0.0028305095620453358,0.776890625,1.0,64000,4000000,4064000,2000.0,757760000,0.001628099999834376,0.0003486999999040563,85.38232421875
exact,2000,32,0,109,0.0027334492187947035,0.779203125,1.0,64000,4000000,4064000,2000.0,757760000,0.004093200000170327,0.0007968999998411164,85.38232421875
exact,2000,32,0,110,0.0026412587612867355,0.781359375,1.0,64000,4000000,4064000,2000.0,757760000,0.0019871999998031242,0.0003504000001157692,85.38232421875
exact,2000,32,0,111,0.0025540455244481564,0.783453125,1.0,64000,4000000,4064000,2000.0,757760000,0.0018253000002914632,0.0003567000003386056,85.38232421875
exact,2000,32,0,112,0.002471562474966049,0.78546875,1.0,64000,4000000,4064000,2000.0,757760000,0.0015653000000384054,0.00034899999991466757,85.38232421875
exact,2000,32,0,113,0.002393268281593919,0.7873125,1.0,64000,4000000,4064000,2000.0,757760000,0.001784600000064529,0.000349999999798456,85.38232421875
exact,2000,32,0,114,0.002319423481822014,0.789640625,1.0,64000,4000000,4064000,2000.0,757760000,0.0016071000000010827,0.00034589999995660037,85.38232421875
exact,2000,32,0,115,0.0022494588047266006,0.791234375,1.0,64000,4000000,4064000,2000.0,757760000,0.003497700000025361,0.00037329999986468465,85.38232421875
exact,2000,32,0,116,0.0021835037041455507,0.793296875,1.0,64000,4000000,4064000,2000.0,757760000,0.002798900000016147,0.00033579999990251963,85.38232421875
exact,2000,32,0,117,0.0021211886778473854,0.795359375,1.0,64000,4000000,4064000,2000.0,757760000,0.0017004999999699066,0.0003507999999783351,85.38232421875
exact,2000,32,0,118,0.002062213607132435,0.797234375,1.0,64000,4000000,4064000,2000.0,757760000,0.0017683999999462685,0.0003662999997686711,85.38232421875
exact,2000,32,0,119,0.0020067596342414618,0.799171875,1.0,64000,4000000,4064000,2000.0,757760000,0.0017738999999892258,0.0003760999998121406,85.38232421875
exact,2000,32,0,120,0.0019538544584065676,0.800625,1.0,64000,4000000,4064000,2000.0,757760000,0.001625400000193622,0.0003982999996878789,85.38232421875
exact,2000,32,0,121,0.001903608674183488,0.801953125,1.0,64000,4000000,4064000,2000.0,757760000,0.001596600000084436,0.0003826000001936336,85.38232421875
exact,2000,32,0,122,0.0018558354349806905,0.803234375,1.0,64000,4000000,4064000,2000.0,757760000,0.0016212000000450644,0.00034259999983987655,85.38232421875
exact,2000,32,0,123,0.0018104170449078083,0.805359375,1.0,64000,4000000,4064000,2000.0,757760000,0.0015428000001520559,0.00034640000012586825,85.38232421875
exact,2000,32,0,124,0.0017670533852651715,0.807140625,1.0,64000,4000000,4064000,2000.0,757760000,0.0015573000000586035,0.00034219999997731065,85.38232421875
exact,2000,32,0,125,0.001725633628666401,0.808703125,1.0,64000,4000000,4064000,2000.0,757760000,0.0018881000000874337,0.0003271999999014952,85.38232421875
exact,2000,32,0,126,0.001685955561697483,0.810140625,1.0,64000,4000000,4064000,2000.0,757760000,0.00259490000007645,0.0005480999998326297,85.38232421875
exact,2000,32,0,127,0.0016481797210872173,0.811578125,1.0,64000,4000000,4064000,2000.0,757760000,0.002372399999785557,0.0004098999997950159,85.38232421875
exact,2000,32,0,128,0.001612278982065618,0.8135,1.0,64000,4000000,4064000,2000.0,757760000,0.0021526999998968677,0.000368100000287086,85.38232421875
exact,2000,32,0,129,0.0015778577653691173,0.8149375,1.0,64000,4000000,4064000,2000.0,757760000,0.00201729999980671,0.00040820000003805035,85.38232421875
exact,2000,32,0,130,0.00154498394113034,0.816609375,1.0,64000,4000000,4064000,2000.0,757760000,0.002930499999820313,0.000494899999921472,85.38232421875
exact,2000,32,0,131,0.001513468800112605,0.818078125,1.0,64000,4000000,4064000,2000.0,757760000,0.002959000000373635,0.0004650999999284977,85.38232421875
exact,2000,32,0,132,0.0014832915039733052,0.819578125,1.0,64000,4000000,4064000,2000.0,757760000,0.0033158999999614025,0.0005123000000821776,85.38232421875
exact,2000,32,0,133,0.0014545953599736094,0.82090625,1.0,64000,4000000,4064000,2000.0,757760000,0.002113000000008469,0.00038109999968582997,85.38232421875
exact,2000,32,0,134,0.0014271805994212627,0.822265625,1.0,64000,4000000,4064000,2000.0,757760000,0.0020027999999001622,0.00038790000007793424,85.38232421875
exact,2000,32,0,135,0.0014007225399836898,0.823828125,1.0,64000,4000000,4064000,2000.0,757760000,0.0016636999998809188,0.00035570000000006985,85.38232421875
exact,2000,32,0,136,0.00137543014716357,0.82534375,1.0,64000,4000000,4064000,2000.0,757760000,0.0016760000003159803,0.00035490000027493807,85.38232421875
exact,2000,32,0,137,0.0013511093566194177,0.826546875,1.0,64000,4000000,4064000,2000.0,757760000,0.0017726999999467807,0.000342100000125356,85.38232421875
exact,2000,32,0,138,0.0013278950937092304,0.828234375,1.0,64000,4000000,4064000,2000.0,757760000,0.0017994999998336425,0.00032959999998638523,85.38232421875
exact,2000,32,0,139,0.0013054609298706055,0.829515625,1.0,64000,4000000,4064000,2000.0,757760000,0.0018796999997903185,0.000347300000157702,85.38232421875
exact,2000,32,0,140,0.0012838805560022593,0.83065625,1.0,64000,4000000,4064000,2000.0,757760000,0.001960600000074919,0.00034650000043257023,85.38232421875
exact,2000,32,0,141,0.001262954785488546,0.831828125,1.0,64000,4000000,4064000,2000.0,757760000,0.0019535999999789055,0.000362799999948038,85.38232421875
exact,2000,32,0,142,0.0012429392663761973,0.833203125,1.0,64000,4000000,4064000,2000.0,757760000,0.0019999999999527063,0.00033369999982824083,85.38232421875
exact,2000,32,0,143,0.0012235580943524837,0.83453125,1.0,64000,4000000,4064000,2000.0,757760000,0.0018210999996881583,0.0003227000001970737,85.38232421875
exact,2000,32,0,144,0.0012047605123370886,0.835484375,1.0,64000,4000000,4064000,2000.0,757760000,0.0018261999998685496,0.0003587000001061824,85.38232421875
exact,2000,32,0,145,0.0011867991415783763,0.836359375,1.0,64000,4000000,4064000,2000.0,757760000,0.0018774000000121305,0.0003677999998217274,85.38232421875
exact,2000,32,0,146,0.001169262919574976,0.8376875,1.0,64000,4000000,4064000,2000.0,757760000,0.0019735999999284104,0.0003803999998126528,85.38232421875
exact,2000,32,0,147,0.0011524203000590205,0.83871875,1.0,64000,4000000,4064000,2000.0,757760000,0.0022262000002228888,0.0004656999999497202,85.38232421875
exact,2000,32,0,148,0.0011360235512256622,0.840046875,1.0,64000,4000000,4064000,2000.0,757760000,0.0019339999998919666,0.00035419999994701357,85.38232421875
exact,2000,32,0,149,0.0011201852466911077,0.841234375,1.0,64000,4000000,4064000,2000.0,757760000,0.0021916000000601343,0.00044549999984155875,85.38232421875
exact,2000,32,0,150,0.0011047882726415992,0.842296875,1.0,64000,4000000,4064000,2000.0,757760000,0.0022250000001804437,0.0004055999997945037,85.38232421875
exact,2000,32,0,151,0.001089964178390801,0.843515625,1.0,64000,4000000,4064000,2000.0,757760000,0.0023927000002004206,0.00047249999988707714,85.38232421875
exact,2000,32,0,152,0.001075433799996972,0.844640625,1.0,64000,4000000,4064000,2000.0,757760000,0.002122299999882671,0.0004118000001653854,85.38232421875
exact,2000,32,0,153,0.0010612463811412454,0.8455,1.0,64000,4000000,4064000,2000.0,757760000,0.002978800000164483,0.0007859000002099492,85.38232421875
exact,2000,32,0,154,0.0010475512826815248,0.846234375,1.0,64000,4000000,4064000,2000.0,757760000,0.002409800000350515,0.0006346000000121421,85.38232421875
exact,2000,32,0,155,0.0010341398883610964,0.847171875,1.0,64000,4000000,4064000,2000.0,757760000,0.002084500000364642,0.00039549999974042294,85.38232421875
exact,2000,32,0,156,0.0010211464250460267,0.848046875,1.0,64000,4000000,4064000,2000.0,757760000,0.0020020000001750304,0.0003277999999227177,85.38232421875
exact,2000,32,0,157,0.0010083075612783432,0.849015625,1.0,64000,4000000,4064000,2000.0,757760000,0.0021441000003505906,0.00037059999976918334,85.38232421875
exact,2000,32,0,158,0.000995790702290833,0.850015625,1.0,64000,4000000,4064000,2000.0,757760000,0.0021452999999382882,0.0004865000000791042,85.38232421875
exact,2000,32,0,159,0.0009835513774305582,0.850890625,1.0,64000,4000000,4064000,2000.0,757760000,0.0018248000001221953,0.0003553999999894586,85.38232421875
exact,2000,32,0,160,0.0009716339991427958,0.8518125,1.0,64000,4000000,4064000,2000.0,757760000,0.001874299999599316,0.0003765999999814085,85.38232421875
exact,2000,32,0,161,0.0009599871700629592,0.852984375,1.0,64000,4000000,4064000,2000.0,757760000,0.001596600000084436,0.00035490000027493807,85.38232421875
exact,2000,32,0,162,0.0009485295158810914,0.85421875,1.0,64000,4000000,4064000,2000.0,757760000,0.0017733999998199579,0.00032929999997577397,85.38232421875
exact,2000,32,0,163,0.0009372485219500959,0.85515625,1.0,64000,4000000,4064000,2000.0,757760000,0.0017238000000361353,0.00033910000001924345,85.38232421875
exact,2000,32,0,164,0.000926172942854464,0.856109375,1.0,64000,4000000,4064000,2000.0,757760000,0.0018098000000463799,0.00032980000014504185,85.38232421875
exact,2000,32,0,165,0.0009151429985649884,0.857046875,1.0,64000,4000000,4064000,2000.0,757760000,0.002848000000085449,0.0006565999997292238,85.38232421875
exact,2000,32,0,166,0.0009044726612046361,0.858171875,1.0,64000,4000000,4064000,2000.0,757760000,0.0017523999999866646,0.00032349999992220546,85.38232421875
exact,2000,32,0,167,0.000893910473678261,0.85915625,1.0,64000,4000000,4064000,2000.0,757760000,0.0017302000001109263,0.00033970000004046597,85.38232421875
exact,2000,32,0,168,0.0008835239568725228,0.8603125,1.0,64000,4000000,4064000,2000.0,757760000,0.0016126999998959946,0.00031769999986863695,85.38232421875
exact,2000,32,0,169,0.0008732670685276389,0.86134375,1.0,64000,4000000,4064000,2000.0,757760000,0.001580199999807519,0.00037380000003395253,85.38232421875
exact,2000,32,0,170,0.000863096269313246,0.8624375,1.0,64000,4000000,4064000,2000.0,757760000,0.0019072000000051048,0.0003133999998681247,85.38232421875
exact,2000,32,0,171,0.0008529616752639413,0.863390625,1.0,64000,4000000,4064000,2000.0,757760000,0.0017593000002307235,0.0003845999999612104,85.38232421875
exact,2000,32,0,172,0.0008429621229879558,0.86471875,1.0,64000,4000000,4064000,2000.0,757760000,0.0016709999999875436,0.00033279999979640706,85.38232421875
exact,2000,32,0,173,0.0008331398130394518,0.86571875,1.0,64000,4000000,4064000,2000.0,757760000,0.001553900000089925,0.00031399999988934724,85.38232421875
exact,2000,32,0,174,0.0008234309498220682,0.866921875,1.0,64000,4000000,4064000,2000.0,757760000,0.0015732000001662527,0.00030900000001565786,85.38232421875
exact,2000,32,0,175,0.0008137132390402257,0.868,1.0,64000,4000000,4064000,2000.0,757760000,0.0015981000001374923,0.00031979999994291575,85.38232421875
exact,2000,32,0,176,0.000804125505965203,0.8690625,1.0,64000,4000000,4064000,2000.0,757760000,0.0019150000002809975,0.0005321999997249804,85.38232421875
exact,2000,32,0,177,0.0007946669938974082,0.87,1.0,64000,4000000,4064000,2000.0,757760000,0.0015860000003158348,0.00032190000001719454,85.38232421875
exact,2000,32,0,178,0.000785220239777118,0.87115625,1.0,64000,4000000,4064000,2000.0,757760000,0.0017617000003156136,0.0005203999999139342,85.38232421875
exact,2000,32,0,179,0.0007759425789117813,0.872359375,1.0,64000,4000000,4064000,2000.0,757760000,0.0016079000001809618,0.0003498000000945467,85.38232421875
exact,2000,32,0,180,0.0007667681202292442,0.8733125,1.0,64000,4000000,4064000,2000.0,757760000,0.0018949000000247906,0.0005077000000710541,85.38232421875
exact,2000,32,0,181,0.0007576114148832858,0.874484375,1.0,64000,4000000,4064000,2000.0,757760000,0.0015926999999464897,0.00034159999995608814,85.38232421875
exact,2000,32,0,182,0.0007485848036594689,0.875625,1.0,64000,4000000,4064000,2000.0,757760000,0.0017467999996370054,0.0003671999998005049,85.38232421875
exact,2000,32,0,183,0.0007396023720502853,0.876921875,1.0,64000,4000000,4064000,2000.0,757760000,0.001981800000066869,0.00037429999974847306,85.38232421875
exact,2000,32,0,184,0.0007308036438189447,0.878171875,1.0,64000,4000000,4064000,2000.0,757760000,0.0021452000000863336,0.00036809999983233865,85.38232421875
exact,2000,32,0,185,0.0007221621344797313,0.87928125,1.0,64000,4000000,4064000,2000.0,757760000,0.002013400000123511,0.0003606000000218046,85.38232421875
exact,2000,32,0,186,0.0007135073537938297,0.8803125,1.0,64000,4000000,4064000,2000.0,757760000,0.002018799999859766,0.0003720999998222396,85.38232421875
exact,2000,32,0,187,0.0007050446001812816,0.881625,1.0,64000,4000000,4064000,2000.0,757760000,0.0017438999998375948,0.0003424999999879219,85.38232421875
exact,2000,32,0,188,0.0006967695080675185,0.88240625,1.0,64000,4000000,4064000,2000.0,757760000,0.002099100000123144,0.0005111999998916872,85.38232421875
exact,2000,32,0,189,0.0006886283517815173,0.883703125,1.0,64000,4000000,4064000,2000.0,757760000,0.0017437000001336855,0.00033650000023044413,85.38232421875
exact,2000,32,0,190,0.000680525612551719,0.88478125,1.0,64000,4000000,4064000,2000.0,757760000,0.0019328999997014762,0.0005781999998362153,85.38232421875
exact,2000,32,0,191,0.0006725233979523182,0.885921875,1.0,64000,4000000,4064000,2000.0,757760000,0.0016237999998338637,0.00035200000002078013,85.38232421875
exact,2000,32,0,192,0.0006646896945312619,0.88715625,1.0,64000,4000000,4064000,2000.0,757760000,0.0017191000001730572,0.000314899999921181,85.38232421875
exact,2000,32,0,193,0.0006570412078872323,0.88809375,1.0,64000,4000000,4064000,2000.0,757760000,0.001828899999964051,0.000449799999842071,85.38232421875
exact,2000,32,0,194,0.0006495977868326008,0.889296875,1.0,64000,4000000,4064000,2000.0,757760000,0.001769399999830057,0.00035220000017943676,85.38232421875
exact,2000,32,0,195,0.0006422839360311627,0.890625,1.0,64000,4000000,4064000,2000.0,757760000,0.0019516000002113287,0.0003339999998388521,85.38232421875
exact,2000,32,0,196,0.0006351482006721199,0.892,1.0,64000,4000000,4064000,2000.0,757760000,0.0017117000002144778,0.0003478999997241772,85.38232421875
exact,2000,32,0,197,0.0006281168898567557,0.8930625,1.0,64000,4000000,4064000,2000.0,757760000,0.0016562999999223393,0.0003692999998747837,85.38232421875
exact,2000,32,0,198,0.0006213869783096015,0.894390625,1.0,64000,4000000,4064000,2000.0,757760000,0.0015267999997377046,0.00034839999989344506,85.38232421875
exact,2000,32,0,199,0.0006147206295281649,0.895515625,1.0,64000,4000000,4064000,2000.0,757760000,0.0017768000002433837,0.0003743000002032204,85.38232421875
exact,2000,32,0,200,0.0006082867621444166,0.89671875,1.0,64000,4000000,4064000,2000.0,757760000,0.0016405999999733467,0.000361700000212295,85.38232421875
exact,2000,32,0,201,0.0006019955035299063,0.89784375,1.0,64000,4000000,4064000,2000.0,757760000,0.001591799999914656,0.00035220000017943676,85.38232421875
exact,2000,32,0,202,0.0005958471447229385,0.899,1.0,64000,4000000,4064000,2000.0,757760000,0.001587799999924755,0.00035060000027442584,85.38232421875
exact,2000,32,0,203,0.0005898571107536554,0.899984375,1.0,64000,4000000,4064000,2000.0,757760000,0.0015770999998494517,0.00032749999991210643,85.38232421875
exact,2000,32,0,204,0.0005840907106176019,0.90121875,1.0,64000,4000000,4064000,2000.0,757760000,0.0015742999999019958,0.0003114000001005479,85.38232421875
exact,2000,32,0,205,0.0005785243702121079,0.9025,1.0,64000,4000000,4064000,2000.0,757760000,0.0017785000000003492,0.0005375999999159831,85.38232421875
exact,2000,32,0,206,0.0005731082055717707,0.90353125,1.0,64000,4000000,4064000,2000.0,757760000,0.0015880000000834116,0.0003339999998388521,85.38232421875
exact,2000,32,0,207,0.0005679088062606752,0.904265625,1.0,64000,4000000,4064000,2000.0,757760000,0.0015953000001900364,0.00031089999993128004,85.38232421875
exact,2000,32,0,208,0.0005629112711176276,0.905296875,1.0,64000,4000000,4064000,2000.0,757760000,0.0015696999998908723,0.00035299999990456854,85.38232421875
exact,2000,32,0,209,0.0005581080913543701,0.90615625,1.0,64000,4000000,4064000,2000.0,757760000,0.0024621000002298388,0.0005964000001768,85.38232421875
exact,2000,32,0,210,0.0005534672527574003,0.90734375,1.0,64000,4000000,4064000,2000.0,757760000,0.0016067000001385168,0.00037070000007588533,85.38232421875
exact,2000,32,0,211,0.0005489463801495731,0.908265625,1.0,64000,4000000,4064000,2000.0,757760000,0.0019646999999167747,0.0005346000002646178,85.38232421875
exact,2000,32,0,212,0.0005446381983347237,0.909375,1.0,64000,4000000,4064000,2000.0,757760000,0.0015429000000040105,0.00034509999977672123,85.38232421875
exact,2000,32,0,213,0.0005406046402640641,0.91028125,1.0,64000,4000000,4064000,2000.0,757760000,0.0016657999999551976,0.00035260000004200265,85.38232421875
exact,2000,32,0,214,0.00053672946523875,0.9111875,1.0,64000,4000000,4064000,2000.0,757760000,0.0015955999997459003,0.000356399999873247,85.38232421875
exact,2000,32,0,215,0.0005330088315531611,0.9123125,1.0,64000,4000000,4064000,2000.0,757760000,0.0017047999999704189,0.0003739000003406545,85.38232421875
exact,2000,32,0,216,0.0005294529255479574,0.913203125,1.0,64000,4000000,4064000,2000.0,757760000,0.0015529000002061366,0.00031289999969885685,85.38232421875
exact,2000,32,0,217,0.0005261549958959222,0.914125,1.0,64000,4000000,4064000,2000.0,757760000,0.0015231999996103696,0.00033690000009301,85.38232421875
exact,2000,32,0,218,0.0005229779053479433,0.914984375,1.0,64000,4000000,4064000,2000.0,757760000,0.0016709999999875436,0.00039930000002641464,85.38232421875
exact,2000,32,0,219,0.0005199705483391881,0.91578125,1.0,64000,4000000,4064000,2000.0,757760000,0.0015551999999843247,0.00034779999987222254,85.38232421875
exact,2000,32,0,220,0.0005171189550310373,0.916515625,1.0,64000,4000000,4064000,2000.0,757760000,0.0015844999998080311,0.00036339999996926053,85.38232421875
exact,2000,32,0,221,0.0005143869784660637,0.917296875,1.0,64000,4000000,4064000,2000.0,757760000,0.0016314999998030544,0.00035100000013699173,85.38232421875
exact,2000,32,0,222,0.0005118906847201288,0.917984375,1.0,64000,4000000,4064000,2000.0,757760000,0.0016994999996313709,0.00044049999996786937,85.38232421875
exact,2000,32,0,223,0.0005095155211165547,0.918515625,1.0,64000,4000000,4064000,2000.0,757760000,0.0017100000000027649,0.00036200000022290624,85.38232421875
exact,2000,32,0,224,0.000507313059642911,0.91925,1.0,64000,4000000,4064000,2000.0,757760000,0.0015935000001263688,0.00031510000007983763,85.38232421875
exact,2000,32,0,225,0.0005052097258158028,0.919828125,1.0,64000,4000000,4064000,2000.0,757760000,0.0014878000001772307,0.00031050000006871414,85.38232421875
exact,2000,32,0,226,0.0005032646586187184,0.920546875,1.0,64000,4000000,4064000,2000.0,757760000,0.0016628000003038323,0.00034600000026330235,85.38232421875
exact,2000,32,0,227,0.0005013919435441494,0.92125,1.0,64000,4000000,4064000,2000.0,757760000,0.0015533000000687025,0.0003366999999343534,85.38232421875
exact,2000,32,0,228,0.000499588088132441,0.921890625,1.0,64000,4000000,4064000,2000.0,757760000,0.0016418000000157917,0.0003403000000616885,85.38232421875
exact,2000,32,0,229,0.0004980229423381388,0.922515625,1.0,64000,4000000,4064000,2000.0,757760000,0.002655100000083621,0.0003062000000682019,85.38232421875
exact,2000,32,0,230,0.000496541615575552,0.922890625,1.0,64000,4000000,4064000,2000.0,757760000,0.0015118999999685911,0.00033469999971202924,85.38232421875
exact,2000,32,0,231,0.0004951540613546968,0.9234375,1.0,64000,4000000,4064000,2000.0,757760000,0.0018093999997290666,0.0003318999997645733,85.38232421875
exact,2000,32,0,232,0.0004938464262522757,0.9238125,1.0,64000,4000000,4064000,2000.0,757760000,0.001697600000170496,0.00037400000019260915,85.38232421875
exact,2000,32,0,233,0.0004925649263896048,0.9241875,1.0,64000,4000000,4064000,2000.0,757760000,0.0018893999999818334,0.0004166999997323728,85.38232421875
exact,2000,32,0,234,0.0004914221935905516,0.9245625,1.0,64000,4000000,4064000,2000.0,757760000,0.0015918999997666106,0.0003659000003608526,85.38232421875
exact,2000,32,0,235,0.0004903656663373113,0.925078125,1.0,64000,4000000,4064000,2000.0,757760000,0.0015399999997498526,0.000324099999943428,85.38232421875
exact,2000,32,0,236,0.0004894183948636055,0.92546875,1.0,64000,4000000,4064000,2000.0,757760000,0.0015342000001510314,0.0003461999999672116,85.38232421875
exact,2000,32,0,237,0.000488518679048866,0.925625,1.0,64000,4000000,4064000,2000.0,757760000,0.0018107000000782136,0.0003713999999490625,85.38232421875
exact,2000,32,0,238,0.0004877101455349475,0.925921875,1.0,64000,4000000,4064000,2000.0,757760000,0.001975399999992078,0.0003797999997914303,85.38232421875
exact,2000,32,0,239,0.0004869384574703872,0.9260625,1.0,64000,4000000,4064000,2000.0,757760000,0.0020456000002013752,0.000314899999921181,85.38232421875
exact,2000,32,0,240,0.0004862112400587648,0.926578125,1.0,64000,4000000,4064000,2000.0,757760000,0.0026723999999376247,0.0005869000001439417,85.38232421875
exact,2000,32,0,241,0.00048557828995399177,0.926890625,1.0,64000,4000000,4064000,2000.0,757760000,0.00398059999997713,0.0008375000002160959,85.38232421875
exact,2000,32,0,242,0.0004849760443903506,0.927390625,1.0,64000,4000000,4064000,2000.0,757760000,0.0023248000002240587,0.0004761000000144122,85.38232421875
exact,2000,32,0,243,0.00048441579565405846,0.92790625,1.0,64000,4000000,4064000,2000.0,757760000,0.0015668999999434163,0.0003320000000712753,85.38232421875
exact,2000,32,0,244,0.0004838699533138424,0.9281875,1.0,64000,4000000,4064000,2000.0,757760000,0.001859599999988859,0.00037599999996018596,85.38232421875
exact,2000,32,0,245,0.00048341412912122905,0.9283125,1.0,64000,4000000,4064000,2000.0,757760000,0.001991399999951682,0.000392800000099669,85.38232421875
exact,2000,32,0,246,0.0004830150865018368,0.928421875,1.0,64000,4000000,4064000,2000.0,757760000,0.0018073000001095352,0.00033489999987068586,85.38232421875
exact,2000,32,0,247,0.0004826509393751621,0.9285625,1.0,64000,4000000,4064000,2000.0,757760000,0.0016890000001694716,0.0003752000002350542,85.38232421875
exact,2000,32,0,248,0.00048233207780867815,0.9286875,1.0,64000,4000000,4064000,2000.0,757760000,0.0016175000000657747,0.0003569000000425149,85.38232421875
exact,2000,32,0,249,0.00048203972983174026,0.9288125,1.0,64000,4000000,4064000,2000.0,757760000,0.0015550000002804154,0.00033069999972212827,85.38232421875
exact,2000,32,0,250,0.00048172197421081364,0.928890625,1.0,64000,4000000,4064000,2000.0,757760000,0.001633000000310858,0.00032190000001719454,85.38232421875
exact,2000,32,0,251,0.0004814800340682268,0.929125,1.0,64000,4000000,4064000,2000.0,757760000,0.0017950999999811756,0.00038270000004558824,85.38232421875
exact,2000,32,0,252,0.0004812566330656409,0.929296875,1.0,64000,4000000,4064000,2000.0,757760000,0.0016011000002436049,0.00035519999983080197,85.38232421875
exact,2000,32,0,253,0.0004810428072232753,0.929328125,1.0,64000,4000000,4064000,2000.0,757760000,0.0015115000001060253,0.0003123000001323817,85.38232421875
exact,2000,32,0,254,0.0004808615776710212,0.92934375,1.0,64000,4000000,4064000,2000.0,757760000,0.001674399999956222,0.000314899999921181,85.38232421875
exact,2000,32,0,255,0.0004806708893738687,0.929328125,1.0,64000,4000000,4064000,2000.0,757760000,0.0016982000001917186,0.00031129999979384593,85.38232421875
exact,2000,32,0,256,0.0004804790369234979,0.92959375,1.0,64000,4000000,4064000,2000.0,757760000,0.001578200000039942,0.00030900000001565786,85.38232421875
exact,2000,32,0,257,0.0004803288320545107,0.929640625,1.0,64000,4000000,4064000,2000.0,757760000,0.0017167999999401218,0.0003654000001915847,85.38232421875
exact,2000,32,0,258,0.0004802146868314594,0.929890625,1.0,64000,4000000,4064000,2000.0,757760000,0.001487899999574438,0.0003052000001844135,85.38232421875
exact,2000,32,0,259,0.0004800836031790823,0.92990625,1.0,64000,4000000,4064000,2000.0,757760000,0.002984100000048784,0.0010339999998905114,85.38232421875
exact,2000,32,0,260,0.00047995647764764726,0.93,1.0,64000,4000000,4064000,2000.0,757760000,0.0015475999998670886,0.00035470000011628144,85.38232421875
exact,2000,32,0,261,0.00047986162826418877,0.92990625,1.0,64000,4000000,4064000,2000.0,757760000,0.001494399999955931,0.000309699999888835,85.38232421875
exact,2000,32,0,262,0.0004797673609573394,0.9299375,1.0,64000,4000000,4064000,2000.0,757760000,0.00146679999988919,0.00030680000008942443,85.38232421875
exact,2000,32,0,263,0.0004796684079337865,0.92996875,1.0,64000,4000000,4064000,2000.0,757760000,0.001551100000142469,0.0003241999997953826,85.38232421875
exact,2000,32,0,264,0.0004796039138454944,0.929921875,1.0,64000,4000000,4064000,2000.0,757760000,0.001525499999843305,0.0003470999999990454,85.38232421875
exact,2000,32,0,265,0.00047952067689038813,0.929953125,1.0,64000,4000000,4064000,2000.0,757760000,0.0015963000000738248,0.00030569999989893404,85.38232421875
exact,2000,32,0,266,0.00047946497215889394,0.929921875,1.0,64000,4000000,4064000,2000.0,757760000,0.0015095000003384484,0.0003465999998297775,85.38232421875
exact,2000,32,0,267,0.0004794212873093784,0.92990625,1.0,64000,4000000,4064000,2000.0,757760000,0.0015361999999186082,0.0003482000001895358,85.38232421875
exact,2000,32,0,268,0.0004793632251676172,0.929890625,1.0,64000,4000000,4064000,2000.0,757760000,0.0015628999999535154,0.00034509999977672123,85.38232421875
exact,2000,32,0,269,0.0004793271073140204,0.92990625,1.0,64000,4000000,4064000,2000.0,757760000,0.0015595999998367915,0.0003074999999626016,85.38232421875
exact,2000,32,0,270,0.0004793057159986347,0.929890625,1.0,64000,4000000,4064000,2000.0,757760000,0.0027304000000185624,0.00036329999966255855,85.38232421875
exact,2000,32,0,271,0.00047927928972058,0.92996875,1.0,64000,4000000,4064000,2000.0,757760000,0.003484899999875779,0.0003280000000813743,85.38232421875
exact,2000,32,0,272,0.00047925033140927553,0.93,1.0,64000,4000000,4064000,2000.0,757760000,0.0015199999998003477,0.00034679999998843414,85.38232421875
exact,2000,32,0,273,0.0004792235267814249,0.930140625,1.0,64000,4000000,4064000,2000.0,757760000,0.0016227000000981207,0.00030650000007881317,85.38232421875
exact,2000,32,0,274,0.0004792181425727904,0.9301875,1.0,64000,4000000,4064000,2000.0,757760000,0.0014922000000296975,0.0003083000001424807,85.38232421875
exact,2000,32,0,275,0.0004791957908309996,0.930125,1.0,64000,4000000,4064000,2000.0,757760000,0.0024268999995911145,0.00034939999977723346,85.38232421875
exact,2000,32,0,276,0.00047919031931087375,0.930109375,1.0,64000,4000000,4064000,2000.0,757760000,0.0019174999997630948,0.00036539999973683734,85.38232421875
exact,2000,32,0,277,0.0004791600222233683,0.93015625,1.0,64000,4000000,4064000,2000.0,757760000,0.0015335000002778543,0.0003104000002167595,85.38232421875
exact,2000,32,0,278,0.0004791493702214211,0.93015625,1.0,64000,4000000,4064000,2000.0,757760000,0.0014857000001029519,0.0003166000001328939,85.38232421875
exact,2000,32,0,279,0.00047914913739077747,0.93015625,1.0,64000,4000000,4064000,2000.0,757760000,0.001513499999873602,0.0003521999997246894,85.38232421875
exact,2000,32,0,280,0.0004791433457285166,0.930109375,1.0,64000,4000000,4064000,2000.0,757760000,0.005298800000218762,0.00035590000015872647,85.38232421875
exact,2000,32,0,281,0.00047912486479617655,0.930078125,1.0,64000,4000000,4064000,2000.0,757760000,0.001616099999864673,0.00032300000020768493,85.38232421875
exact,2000,32,0,282,0.00047910321154631674,0.93003125,1.0,64000,4000000,4064000,2000.0,757760000,0.001507599999968079,0.00031480000006922637,85.38232421875
exact,2000,32,0,283,0.00047910530702210963,0.930015625,1.0,64000,4000000,4064000,2000.0,757760000,0.0015201000001070497,0.0003231999999115942,85.38232421875
exact,2000,32,0,284,0.00047909715794958174,0.92996875,1.0,64000,4000000,4064000,2000.0,757760000,0.0017229000000043015,0.000325199999679171,85.38232421875
exact,2000,32,0,285,0.0004790967213921249,0.930046875,1.0,64000,4000000,4064000,2000.0,757760000,0.001624099999844475,0.00034910000022136956,85.38232421875
exact,2000,32,0,286,0.0004790765233337879,0.930015625,1.0,64000,4000000,4064000,2000.0,757760000,0.001620200000161276,0.0003457000002526911,85.38232421875
exact,2000,32,0,287,0.000479075446492061,0.93003125,1.0,64000,4000000,4064000,2000.0,757760000,0.0015376999999716645,0.0003557999998520245,85.38232421875
exact,2000,32,0,288,0.00047906991676427424,0.930109375,1.0,64000,4000000,4064000,2000.0,757760000,0.0035106999998788524,0.0003548999998201907,85.38232421875
exact,2000,32,0,289,0.00047905900282785296,0.93015625,1.0,64000,4000000,4064000,2000.0,757760000,0.001595799999904557,0.0003695000000334403,85.38232421875
exact,2000,32,0,290,0.000479057285701856,0.93015625,1.0,64000,4000000,4064000,2000.0,757760000,0.0017517000001134875,0.000537999999778549,85.38232421875
exact,2000,32,0,291,0.00047905268729664385,0.930125,1.0,64000,4000000,4064000,2000.0,757760000,0.0015819000000192318,0.00036610000006476184,85.38232421875
exact,2000,32,0,292,0.00047905166866257787,0.93009375,1.0,64000,4000000,4064000,2000.0,757760000,0.0015606000001753273,0.0003468999998403888,85.38232421875
exact,2000,32,0,293,0.0004790492821484804,0.930125,1.0,64000,4000000,4064000,2000.0,757760000,0.001525600000150007,0.0003378999999767984,85.38232421875
exact,2000,32,0,294,0.0004790551611222327,0.930140625,1.0,64000,4000000,4064000,2000.0,757760000,0.0015819000000192318,0.00032699999974283855,85.38232421875
exact,2000,32,0,295,0.00047906587133184075,0.9301875,1.0,64000,4000000,4064000,2000.0,757760000,0.0015237000002343848,0.00032639999972161604,85.38232421875
exact,2000,32,0,296,0.0004790639504790306,0.9301875,1.0,64000,4000000,4064000,2000.0,757760000,0.0016121000003295194,0.0003449999999247666,85.38232421875
exact,2000,32,0,297,0.0004790618550032377,0.930203125,1.0,64000,4000000,4064000,2000.0,757760000,0.0015796000002410437,0.0003133999998681247,85.38232421875
exact,2000,32,0,298,0.0004790694219991565,0.93021875,1.0,64000,4000000,4064000,2000.0,757760000,0.0015715000004092872,0.000367999999980384,85.38232421875
exact,2000,32,0,299,0.00047907207044772804,0.930203125,1.0,64000,4000000,4064000,2000.0,757760000,0.0016000000000531145,0.00034199999981865403,85.38232421875
exact,2000,32,0,300,0.00047907003317959607,0.930203125,1.0,64000,4000000,4064000,2000.0,757760000,0.0015687999998590385,0.00031519999993179226,85.38232421875
exact,2000,32,0,301,0.0004790670645888895,0.930203125,1.0,64000,4000000,4064000,2000.0,757760000,0.0017579999998815765,0.00038989999984551105,85.38232421875
exact,2000,32,0,302,0.0004790936363860965,0.93021875,1.0,64000,4000000,4064000,2000.0,757760000,0.0015622999999322928,0.00032139999984792667,85.38232421875
exact,2000,32,0,303,0.0004790868260897696,0.9301875,1.0,64000,4000000,4064000,2000.0,757760000,0.0035470000002533197,0.0003754999997909181,85.38232421875
exact,2000,32,0,304,0.000479087553685531,0.930171875,1.0,64000,4000000,4064000,2000.0,757760000,0.0015248999998220825,0.000351300000147603,85.38232421875
exact,2000,32,0,305,0.0004790901730302721,0.93015625,1.0,64000,4000000,4064000,2000.0,757760000,0.0016881999999895925,0.0003682999999909953,85.38232421875
exact,2000,32,0,306,0.0004790870298165828,0.93015625,1.0,64000,4000000,4064000,2000.0,757760000,0.0015111000002434594,0.0003123000001323817,85.38232421875
exact,2000,32,0,307,0.00047908868873491883,0.93015625,1.0,64000,4000000,4064000,2000.0,757760000,0.0026194000001851236,0.000584400000207097,85.38232421875
exact,2000,32,0,308,0.0004790831299033016,0.930140625,1.0,64000,4000000,4064000,2000.0,757760000,0.0015733000000182074,0.00034760000016831327,85.38232421875
exact,2000,32,0,309,0.00047908874694257975,0.93015625,1.0,64000,4000000,4064000,2000.0,757760000,0.0017585000000508444,0.0003737000001819979,85.38232421875
exact,2000,32,0,310,0.00047908269334584475,0.93015625,1.0,64000,4000000,4064000,2000.0,757760000,0.001528999999663938,0.00033960000018851133,85.38232421875
exact,2000,32,0,311,0.00047908295528031886,0.930140625,1.0,64000,4000000,4064000,2000.0,757760000,0.003428199999689241,0.0003526999998939573,85.38232421875
exact,2000,32,0,312,0.00047906863619573414,0.93015625,1.0,64000,4000000,4064000,2000.0,757760000,0.0015009999997346313,0.0003044000000045344,85.38232421875
exact,2000,32,0,313,0.00047906822874210775,0.930171875,1.0,64000,4000000,4064000,2000.0,757760000,0.0017722999996294675,0.00035620000016933773,85.38232421875
exact,2000,32,0,314,0.00047907428233884275,0.9301875,1.0,64000,4000000,4064000,2000.0,757760000,0.0016552000001865963,0.00040820000003805035,85.38232421875
exact,2000,32,0,315,0.00047907812404446304,0.93021875,1.0,64000,4000000,4064000,2000.0,757760000,0.0015189000000646047,0.0003255000001445296,85.38232421875
exact,2000,32,0,316,0.00047905827523209155,0.930234375,1.0,64000,4000000,4064000,2000.0,757760000,0.0016107999999803724,0.00036880000016026315,85.38232421875
exact,2000,32,0,317,0.0004790714883711189,0.930265625,1.0,64000,4000000,4064000,2000.0,757760000,0.0035370999999031483,0.00035800000023300527,85.38232421875
exact,2000,32,0,318,0.000479057984193787,0.930265625,1.0,64000,4000000,4064000,2000.0,757760000,0.001516000000265194,0.00033980000034716795,85.38232421875
exact,2000,32,0,319,0.0004790496313944459,0.930265625,1.0,64000,4000000,4064000,2000.0,757760000,0.0015878000003795023,0.0003390000001672888,85.38232421875
exact,2000,32,0,320,0.0004790333623532206,0.930265625,1.0,64000,4000000,4064000,2000.0,757760000,0.0015621000002283836,0.0003349999997226405,85.38232421875
exact,2000,32,0,321,0.00047903467202559114,0.930265625,1.0,64000,4000000,4064000,2000.0,757760000,0.0018733000001702749,0.0004357999996500439,85.38232421875
exact,2000,32,0,322,0.000479047215776518,0.93025,1.0,64000,4000000,4064000,2000.0,757760000,0.0015818000001672772,0.0003495999999358901,85.38232421875
exact,2000,32,0,323,0.00047904642997309566,0.930234375,1.0,64000,4000000,4064000,2000.0,757760000,0.003504100000100152,0.000331700000060664,85.38232421875
exact,2000,32,0,324,0.0004790467501152307,0.93021875,1.0,64000,4000000,4064000,2000.0,757760000,0.0016104000001178065,0.0003682999999909953,85.38232421875
exact,2000,32,0,325,0.00047906150575727224,0.93021875,1.0,64000,4000000,4064000,2000.0,757760000,0.0021928000001025794,0.00048000000015235855,85.38232421875
exact,2000,32,0,326,0.00047905207611620426,0.930234375,1.0,64000,4000000,4064000,2000.0,757760000,0.0015742999999019958,0.0003486000000521017,85.38232421875
exact,2000,32,0,327,0.00047904989332892,0.930234375,1.0,64000,4000000,4064000,2000.0,757760000,0.001841300000251067,0.00036630000022341846,85.38232421875
exact,2000,32,0,328,0.0004790450620930642,0.930203125,1.0,64000,4000000,4064000,2000.0,757760000,0.0015791999999237305,0.0003449999999247666,85.38232421875
exact,2000,32,0,329,0.00047903807717375457,0.930234375,1.0,64000,4000000,4064000,2000.0,757760000,0.0016464000000269152,0.00034180000011474476,85.38232421875
exact,2000,32,0,330,0.00047903964878059924,0.930203125,1.0,64000,4000000,4064000,2000.0,757760000,0.0015054000000418455,0.0003077000001212582,85.38232421875
exact,2000,32,0,331,0.00047904360690154135,0.93021875,1.0,64000,4000000,4064000,2000.0,757760000,0.0016298000000460888,0.0003407000003790017,85.38232421875
exact,2000,32,0,332,0.0004790399980265647,0.930203125,1.0,64000,4000000,4064000,2000.0,757760000,0.0017133999999714433,0.0002975999996124301,85.38232421875
exact,2000,32,0,333,0.0004790475941263139,0.930265625,1.0,64000,4000000,4064000,2000.0,757760000,0.0015810999998393527,0.00032710000004954054,85.38232421875
exact,2000,32,0,334,0.00047905094106681645,0.93021875,1.0,64000,4000000,4064000,2000.0,757760000,0.0016199000001506647,0.00036969999973734957,85.38232421875
exact,2000,32,0,335,0.0004790476814378053,0.93028125,1.0,64000,4000000,4064000,2000.0,757760000,0.0015441000000464555,0.0003164999998261919,85.38232421875
exact,2000,32,0,336,0.00047905411338433623,0.93028125,1.0,64000,4000000,4064000,2000.0,757760000,0.0016963999996733037,0.0003228000000490283,85.38232421875
exact,2000,32,0,337,0.00047904346138238907,0.930234375,1.0,64000,4000000,4064000,2000.0,757760000,0.0015324999999393185,0.0003523000000313914,85.38232421875
exact,2000,32,0,338,0.000479042821098119,0.93025,1.0,64000,4000000,4064000,2000.0,757760000,0.0017010000001391745,0.00037639999982275185,85.38232421875
exact,2000,32,0,339,0.0004790467501152307,0.930234375,1.0,64000,4000000,4064000,2000.0,757760000,0.0015413999999509542,0.00033629999961704016,85.38232421875
exact,2000,32,0,340,0.0004790399398189038,0.93021875,1.0,64000,4000000,4064000,2000.0,757760000,0.0018753999997898063,0.00035900000011679367,85.38232421875
exact,2000,32,0,341,0.0004790363600477576,0.930296875,1.0,64000,4000000,4064000,2000.0,757760000,0.0015628999999535154,0.0003602000001592387,85.38232421875
exact,2000,32,0,342,0.0004790281818713993,0.93025,1.0,64000,4000000,4064000,2000.0,757760000,0.0022037999997337465,0.0003096000000368804,85.38232421875
exact,2000,32,0,343,0.0004790395323652774,0.93028125,1.0,64000,4000000,4064000,2000.0,757760000,0.0015516999997089442,0.00033770000027288916,85.38232421875
exact,2000,32,0,344,0.0004790291714016348,0.93028125,1.0,64000,4000000,4064000,2000.0,757760000,0.0016894000000320375,0.0003354999998919084,85.38232421875
exact,2000,32,0,345,0.0004790316743310541,0.93025,1.0,64000,4000000,4064000,2000.0,757760000,0.001532299999780662,0.00035120000029564835,85.38232421875
exact,2000,32,0,346,0.00047904212260618806,0.93028125,1.0,64000,4000000,4064000,2000.0,757760000,0.0015346000000135973,0.0003360999999131309,85.38232421875
exact,2000,32,0,347,0.00047904212260618806,0.930234375,1.0,64000,4000000,4064000,2000.0,757760000,0.0020601999999598775,0.0005777000001216948,85.38232421875
exact,2000,32,0,348,0.00047903647646307945,0.930265625,1.0,64000,4000000,4064000,2000.0,757760000,0.0015224000003399851,0.0003113000002485933,85.38232421875
exact,2000,32,0,349,0.0004790406092070043,0.93028125,1.0,64000,4000000,4064000,2000.0,757760000,0.001644600000417995,0.00036749999981111614,85.38232421875
exact,2000,32,0,350,0.0004790389211848378,0.93028125,1.0,64000,4000000,4064000,2000.0,757760000,0.0016497999999955937,0.0003392999997231527,85.38232421875
exact,2000,32,0,351,0.0004790336824953556,0.930265625,1.0,64000,4000000,4064000,2000.0,757760000,0.0018489999997655104,0.00047039999981279834,85.38232421875
exact,2000,32,0,352,0.00047903339145705104,0.93025,1.0,64000,4000000,4064000,2000.0,757760000,0.0015571999997519015,0.000340900000082911,85.38232421875
exact,2000,32,0,353,0.0004790378443431109,0.93025,1.0,64000,4000000,4064000,2000.0,757760000,0.0017354000001432723,0.00031139999964580056,85.38232421875
exact,2000,32,0,354,0.00047904334496706724,0.9303125,1.0,64000,4000000,4064000,2000.0,757760000,0.001682500000242726,0.00033970000004046597,85.38232421875
exact,2000,32,0,355,0.00047903149970807135,0.930265625,1.0,64000,4000000,4064000,2000.0,757760000,0.0033983000002990593,0.0003345999998600746,85.38232421875
exact,2000,32,0,356,0.00047903129598125815,0.930265625,1.0,64000,4000000,4064000,2000.0,757760000,0.0015639999996892584,0.0003080999999838241,85.38232421875
exact,2000,32,0,357,0.00047904811799526215,0.930265625,1.0,64000,4000000,4064000,2000.0,757760000,0.0016052000000854605,0.0003289000001132081,85.38232421875
exact,2000,32,0,358,0.00047903473023325205,0.930296875,1.0,64000,4000000,4064000,2000.0,757760000,0.0016163999998752843,0.0003538999999364023,85.38232421875
exact,2000,32,0,359,0.0004790318780578673,0.930296875,1.0,64000,4000000,4064000,2000.0,757760000,0.0016781999997874664,0.0003646999998636602,85.38232421875
exact,2000,32,0,360,0.0004790457314811647,0.930234375,1.0,64000,4000000,4064000,2000.0,757760000,0.001488699999754317,0.0003105999999206688,85.38232421875
exact,2000,32,0,361,0.0004790410748682916,0.930265625,1.0,64000,4000000,4064000,2000.0,757760000,0.0016765000000305008,0.00035709999974642415,85.38232421875
exact,2000,32,0,362,0.0004790450038854033,0.930265625,1.0,64000,4000000,4064000,2000.0,757760000,0.0017186000000037893,0.00034890000006271293,85.38232421875
exact,2000,32,0,363,0.0004790476232301444,0.93028125,1.0,64000,4000000,4064000,2000.0,757760000,0.0016422999997303123,0.00037219999967419426,85.38232421875
exact,2000,32,0,364,0.0004790383100043982,0.93028125,1.0,64000,4000000,4064000,2000.0,757760000,0.0015862999998716987,0.0003370999997969193,85.38232421875
exact,2000,32,0,365,0.0004790453822351992,0.93028125,1.0,64000,4000000,4064000,2000.0,757760000,0.002289099999870814,0.0003187000002071727,85.38232421875
exact,2000,32,0,366,0.00047904299572110176,0.93028125,1.0,64000,4000000,4064000,2000.0,757760000,0.0015791000000717759,0.0003504000001157692,85.38232421875
exact,2000,32,0,367,0.00047904273378662765,0.9303125,1.0,64000,4000000,4064000,2000.0,757760000,0.001581500000156666,0.00033219999977518455,85.38232421875
exact,2000,32,0,368,0.00047902940423227847,0.93028125,1.0,64000,4000000,4064000,2000.0,757760000,0.0017817000002651184,0.000362799999948038,85.38232421875
exact,2000,32,0,369,0.0004790365928784013,0.930296875,1.0,64000,4000000,4064000,2000.0,757760000,0.001585100000284001,0.00037150000025576446,85.38232421875
exact,2000,32,0,370,0.00047903056838549674,0.930296875,1.0,64000,4000000,4064000,2000.0,757760000,0.0016680999997333856,0.0003449999999247666,85.38232421875
exact,2000,32,0,371,0.00047904421808198094,0.930296875,1.0,64000,4000000,4064000,2000.0,757760000,0.002008899999964342,0.0006843999999546213,85.38232421875
exact,2000,32,0,372,0.000479040143545717,0.93028125,1.0,64000,4000000,4064000,2000.0,757760000,0.0016674999997121631,0.00038750000021536835,85.38232421875
exact,2000,32,0,373,0.00047904442180879414,0.930296875,1.0,64000,4000000,4064000,2000.0,757760000,0.0014728000001014152,0.0003216999998585379,85.38232421875
exact,2000,32,0,374,0.0004790419479832053,0.930296875,1.0,64000,4000000,4064000,2000.0,757760000,0.001660100000208331,0.00031530000023849425,85.38232421875
exact,2000,32,0,375,0.0004790407547261566,0.93028125,1.0,64000,4000000,4064000,2000.0,757760000,0.001486900000145397,0.0003204999998160929,85.38232421875
exact,2000,32,0,376,0.0004790400853380561,0.93028125,1.0,64000,4000000,4064000,2000.0,757760000,0.0021661000000676722,0.0003660000002128072,85.38232421875
exact,2000,32,0,377,0.0004790406965184957,0.930296875,1.0,64000,4000000,4064000,2000.0,757760000,0.0016146999996635714,0.0003390000001672888,85.38232421875
exact,2000,32,0,378,0.00047905396786518395,0.93028125,1.0,64000,4000000,4064000,2000.0,757760000,0.0017355999998471816,0.00036699999964184826,85.38232421875
exact,2000,32,0,379,0.0004790340317413211,0.930296875,1.0,64000,4000000,4064000,2000.0,757760000,0.001556599999730679,0.0003463000002739136,85.38232421875
exact,2000,32,0,380,0.0004790424427483231,0.930296875,1.0,64000,4000000,4064000,2000.0,757760000,0.001529499999833206,0.00032090000013340614,85.38232421875
exact,2000,32,0,381,0.0004790413368027657,0.930328125,1.0,64000,4000000,4064000,2000.0,757760000,0.0017999000001509557,0.00047440000025744666,85.38232421875
exact,2000,32,0,382,0.00047903778613545,0.9303125,1.0,64000,4000000,4064000,2000.0,757760000,0.0015211999998427927,0.0003496999997878447,85.38232421875
exact,2000,32,0,383,0.00047904415987432003,0.93028125,1.0,64000,4000000,4064000,2000.0,757760000,0.0018695999997362378,0.0003808999999819207,85.38232421875
exact,2000,32,0,384,0.00047904017264954746,0.930296875,1.0,64000,4000000,4064000,2000.0,757760000,0.0015771999997014063,0.0003348000000187312,85.38232421875
exact,2000,32,0,385,0.000479035108583048,0.9303125,1.0,64000,4000000,4064000,2000.0,757760000,0.0015518999998676009,0.0003081999998357787,85.38232421875
exact,2000,32,0,386,0.0004790396196767688,0.9303125,1.0,64000,4000000,4064000,2000.0,757760000,0.001502399999935733,0.00034370000003036694,85.38232421875
exact,2000,32,0,387,0.00047905032988637686,0.930296875,1.0,64000,4000000,4064000,2000.0,757760000,0.001776999999947293,0.0004764000000250235,85.38232421875
exact,2000,32,0,388,0.00047904549865052104,0.93028125,1.0,64000,4000000,4064000,2000.0,757760000,0.0017052999996849394,0.0004871000001003267,85.38232421875
exact,2000,32,0,389,0.0004790383100043982,0.9303125,1.0,64000,4000000,4064000,2000.0,757760000,0.0021839999999428983,0.0003863000001729233,85.38232421875
exact,2000,32,0,390,0.0004790393286384642,0.930296875,1.0,64000,4000000,4064000,2000.0,757760000,0.0016750999998293992,0.00037380000003395253,85.38232421875
exact,2000,32,0,391,0.000479045178508386,0.930296875,1.0,64000,4000000,4064000,2000.0,757760000,0.0018320999997740728,0.0003673999999591615,85.38232421875
exact,2000,32,0,392,0.0004790351667907089,0.930328125,1.0,64000,4000000,4064000,2000.0,757760000,0.0015742999999019958,0.0003453999997873325,85.38232421875
exact,2000,32,0,393,0.00047904139501042664,0.930296875,1.0,64000,4000000,4064000,2000.0,757760000,0.0017583999997441424,0.0003146000003653171,85.38232421875
exact,2000,32,0,394,0.0004790414241142571,0.93028125,1.0,64000,4000000,4064000,2000.0,757760000,0.0016607999996267608,0.0003382999998393643,85.38232421875
exact,2000,32,0,395,0.00047904052189551294,0.930328125,1.0,64000,4000000,4064000,2000.0,757760000,0.0015451000003849913,0.00031849999959376873,85.38232421875
exact,2000,32,0,396,0.00047904293751344085,0.93028125,1.0,64000,4000000,4064000,2000.0,757760000,0.001618499999949563,0.00037770000017189886,85.38232421875
exact,2000,32,0,397,0.0004790385137312114,0.93028125,1.0,64000,4000000,4064000,2000.0,757760000,0.001759100000072067,0.000330500000018219,85.38232421875
exact,2000,32,0,398,0.00047904325765557587,0.9303125,1.0,64000,4000000,4064000,2000.0,757760000,0.001748700000007375,0.00046280000015030964,85.38232421875
exact,2000,32,0,399,0.0004790469247382134,0.930296875,1.0,64000,4000000,4064000,2000.0,757760000,0.0014885000000504078,0.0003390000001672888,85.38232421875
exact,2000,32,0,400,0.0004790410166606307,0.93028125,1.0,64000,4000000,4064000,2000.0,757760000,0.0017678999997770006,0.00032300000020768493,85.38232421875
exact,2000,32,0,401,0.0004790424427483231,0.930328125,1.0,64000,4000000,4064000,2000.0,757760000,0.0015714000001025852,0.00032969999983833986,85.38232421875
exact,2000,32,0,402,0.00047903702943585813,0.93028125,1.0,64000,4000000,4064000,2000.0,757760000,0.0017612999999983003,0.0003894000001309905,85.38232421875
exact,2000,32,0,403,0.00047903868835419416,0.93028125,1.0,64000,4000000,4064000,2000.0,757760000,0.001633400000173424,0.00034350000032645767,85.38232421875
exact,2000,32,0,404,0.0004790461389347911,0.930328125,1.0,64000,4000000,4064000,2000.0,757760000,0.0016246999998656975,0.00032980000014504185,85.38232421875
exact,2000,32,0,405,0.0004790469538420439,0.93025,1.0,64000,4000000,4064000,2000.0,757760000,0.001582300000336545,0.0003444999997554987,85.38232421875
exact,2000,32,0,406,0.00047902867663651705,0.93028125,1.0,64000,4000000,4064000,2000.0,757760000,0.0014779000002818066,0.00030689999994137906,85.38232421875
exact,2000,32,0,407,0.0004790429666172713,0.930296875,1.0,64000,4000000,4064000,2000.0,757760000,0.001676800000041112,0.0003638000002865738,85.38232421875
exact,2000,32,0,408,0.00047904415987432003,0.930296875,1.0,64000,4000000,4064000,2000.0,757760000,0.0015628999999535154,0.0003405000002203451,85.38232421875
exact,2000,32,0,409,0.00047904058010317385,0.93028125,1.0,64000,4000000,4064000,2000.0,757760000,0.0017421000002286746,0.000352399999883346,85.38232421875
exact,2000,32,0,410,0.00047903909580782056,0.930265625,1.0,64000,4000000,4064000,2000.0,757760000,0.0016143000002557528,0.0003246999999646505,85.38232421875
exact,2000,32,0,411,0.00047904541133902967,0.930265625,1.0,64000,4000000,4064000,2000.0,757760000,0.0016350999999303895,0.0003796999999394757,85.38232421875
exact,2000,32,0,412,0.00047903566155582666,0.930296875,1.0,64000,4000000,4064000,2000.0,757760000,0.0017677000000730914,0.00035419999994701357,85.38232421875
exact,2000,32,0,413,0.00047904386883601546,0.93025,1.0,64000,4000000,4064000,2000.0,757760000,0.001525499999843305,0.000340900000082911,85.38232421875
exact,2000,32,0,414,0.00047905754763633013,0.930265625,1.0,64000,4000000,4064000,2000.0,757760000,0.0017508999999336083,0.00036460000001170556,85.38232421875
exact,2000,32,0,415,0.00047903216909617186,0.9303125,1.0,64000,4000000,4064000,2000.0,757760000,0.0015594000001328823,0.00035180000031687086,85.38232421875
exact,2000,32,0,416,0.0004790383100043982,0.9303125,1.0,64000,4000000,4064000,2000.0,757760000,0.0034425000003466266,0.00034479999976611,85.38232421875
exact,2000,32,0,417,0.00047905315295793116,0.93028125,1.0,64000,4000000,4064000,2000.0,757760000,0.0016500000001542503,0.0003248000002713525,85.38232421875
exact,2000,32,0,418,0.00047903176164254546,0.930265625,1.0,64000,4000000,4064000,2000.0,757760000,0.0016931999998632818,0.0003789000002143439,85.38232421875
exact,2000,32,0,419,0.00047903734957799315,0.930296875,1.0,64000,4000000,4064000,2000.0,757760000,0.0015588000001116598,0.0003492000000733242,85.38232421875
exact,2000,32,0,420,0.0004790456732735038,0.93028125,1.0,64000,4000000,4064000,2000.0,757760000,0.0018540999999459018,0.0003452000000834232,85.38232421875
exact,2000,32,0,421,0.00047904052189551294,0.93028125,1.0,64000,4000000,4064000,2000.0,757760000,0.00201660000038828,0.00041360000022905297,85.38232421875
exact,2000,32,0,422,0.00047904514940455556,0.930296875,1.0,64000,4000000,4064000,2000.0,757760000,0.005700499999875319,0.0016924999999901047,85.38232421875
exact,2000,32,0,423,0.0004790504463016987,0.930265625,1.0,64000,4000000,4064000,2000.0,757760000,0.005679699999745935,0.0020875999998679617,85.38232421875
exact,2000,32,0,424,0.0004790389211848378,0.930265625,1.0,64000,4000000,4064000,2000.0,757760000,0.0019827999999506574,0.0004374999998617568,85.38232421875
exact,2000,32,0,425,0.0004790418897755444,0.930265625,1.0,64000,4000000,4064000,2000.0,757760000,0.0018034999998235435,0.0005242999995971331,85.38232421875
exact,2000,32,0,426,0.0004790465463884175,0.930328125,1.0,64000,4000000,4064000,2000.0,757760000,0.0018612000003486173,0.00038170000016179984,85.38232421875
exact,2000,32,0,427,0.00047904159873723984,0.930265625,1.0,64000,4000000,4064000,2000.0,757760000,0.0016642000000501866,0.0003111999999418913,85.38232421875
exact,2000,32,0,428,0.0004790393868461251,0.93028125,1.0,64000,4000000,4064000,2000.0,757760000,0.0019119999997201376,0.00031459999991056975,85.38232421875
exact,2000,32,0,429,0.00047904232633300126,0.930296875,1.0,64000,4000000,4064000,2000.0,757760000,0.0016798999999991793,0.00035430000025371555,85.38232421875
exact,2000,32,0,430,0.00047903976519592106,0.930296875,1.0,64000,4000000,4064000,2000.0,757760000,0.001714400000309979,0.0003714999998010171,85.38232421875
exact,2000,32,0,431,0.0004790397360920906,0.930265625,1.0,64000,4000000,4064000,2000.0,757760000,0.0018009000000347442,0.00038519999998243293,85.38232421875
exact,2000,32,0,432,0.0004790507664438337,0.930296875,1.0,64000,4000000,4064000,2000.0,757760000,0.001939900000252237,0.0005384999999478168,85.38232421875
exact,2000,32,0,433,0.00047904151142574847,0.93028125,1.0,64000,4000000,4064000,2000.0,757760000,0.0017052000002877321,0.00035129999969285564,85.38232421875
exact,2000,32,0,434,0.0004790388629771769,0.93028125,1.0,64000,4000000,4064000,2000.0,757760000,0.004069399999934831,0.001098799999908806,85.38232421875
exact,2000,32,0,435,0.0004790558887179941,0.930265625,1.0,64000,4000000,4064000,2000.0,757760000,0.0018112000002474815,0.00035209999987273477,85.38232421875
exact,2000,32,0,436,0.00047904151142574847,0.93028125,1.0,64000,4000000,4064000,2000.0,757760000,0.0016590000000178406,0.00029999999969732016,85.38232421875
exact,2000,32,0,437,0.0004790377279277891,0.930296875,1.0,64000,4000000,4064000,2000.0,757760000,0.0017676000002211367,0.0003281999997852836,85.38232421875
exact,2000,32,0,438,0.00047904267557896674,0.930265625,1.0,64000,4000000,4064000,2000.0,757760000,0.0021766999998362735,0.000562400000035268,85.38232421875
exact,2000,32,0,439,0.00047904005623422563,0.93028125,1.0,64000,4000000,4064000,2000.0,757760000,0.0017014000000017404,0.0003658999999061052,85.38232421875
exact,2000,32,0,440,0.0004790381935890764,0.93028125,1.0,64000,4000000,4064000,2000.0,757760000,0.0018796999997903185,0.0003741999998965184,85.38232421875
exact,2000,32,0,441,0.00047904776874929667,0.930296875,1.0,64000,4000000,4064000,2000.0,757760000,0.0022150999998302723,0.0006760999999642081,85.38232421875
exact,2000,32,0,442,0.00047904756502248347,0.93028125,1.0,64000,4000000,4064000,2000.0,757760000,0.001690399999915826,0.00035299999990456854,85.38232421875
exact,2000,32,0,443,0.00047904238454066217,0.930296875,1.0,64000,4000000,4064000,2000.0,757760000,0.0015251999998326937,0.00031300000000555883,85.38232421875
exact,2000,32,0,444,0.00047904165694490075,0.9303125,1.0,64000,4000000,4064000,2000.0,757760000,0.0016439000000900705,0.00031280000030164956,85.38232421875
exact,2000,32,0,445,0.0004790406965184957,0.93028125,1.0,64000,4000000,4064000,2000.0,757760000,0.0016089999999167048,0.00036860000000160653,85.38232421875
exact,2000,32,0,446,0.00047903775703161955,0.93028125,1.0,64000,4000000,4064000,2000.0,757760000,0.0015628000001015607,0.00034529999993537785,85.38232421875
exact,2000,32,0,447,0.00047903828090056777,0.93028125,1.0,64000,4000000,4064000,2000.0,757760000,0.002479499999935797,0.0009132999998655578,85.38232421875
exact,2000,32,0,448,0.00047904756502248347,0.930265625,1.0,64000,4000000,4064000,2000.0,757760000,0.0017803000000640168,0.000371899999663583,85.38232421875
exact,2000,32,0,449,0.0004790457896888256,0.930296875,1.0,64000,4000000,4064000,2000.0,757760000,0.0016897000000426488,0.00033699999994496466,85.38232421875
exact,2000,32,0,450,0.0004790437233168632,0.930265625,1.0,64000,4000000,4064000,2000.0,757760000,0.0026670999995985767,0.000352399999883346,85.38232421875
exact,2000,32,0,451,0.0004790432285517454,0.930234375,1.0,64000,4000000,4064000,2000.0,757760000,0.0017311999999947147,0.00036920000002282904,85.38232421875
exact,2000,32,0,452,0.0004790381353814155,0.930296875,1.0,64000,4000000,4064000,2000.0,757760000,0.0018365999999332416,0.00035299999990456854,85.38232421875
exact,2000,32,0,453,0.00047904718667268753,0.93028125,1.0,64000,4000000,4064000,2000.0,757760000,0.0016798000001472246,0.00035530000013750396,85.38232421875
exact,2000,32,0,454,0.00047904494567774236,0.93028125,1.0,64000,4000000,4064000,2000.0,757760000,0.001669700000093144,0.00031349999972007936,85.38232421875
exact,2000,32,0,455,0.00047904165694490075,0.930296875,1.0,64000,4000000,4064000,2000.0,757760000,0.0016366999998354004,0.0003324999997857958,85.38232421875
exact,2000,32,0,456,0.0004790414241142571,0.930296875,1.0,64000,4000000,4064000,2000.0,757760000,0.0017683000000943139,0.00034950000008393545,85.38232421875
exact,2000,32,0,457,0.00047903822269290686,0.93028125,1.0,64000,4000000,4064000,2000.0,757760000,0.0015986999997039675,0.00036689999978989363,85.38232421875
exact,2000,32,0,458,0.0004790393286384642,0.930296875,1.0,64000,4000000,4064000,2000.0,757760000,0.001506000000063068,0.00032139999984792667,85.38232421875
exact,2000,32,0,459,0.00047904139501042664,0.93028125,1.0,64000,4000000,4064000,2000.0,757760000,0.0016373999997085775,0.00037110000039319857,85.38232421875
exact,2000,32,0,460,0.00047904401435516775,0.93025,1.0,64000,4000000,4064000,2000.0,757760000,0.0015406000002258224,0.00033689999963826267,85.38232421875
exact,2000,32,0,461,0.000479039124911651,0.930265625,1.0,64000,4000000,4064000,2000.0,757760000,0.0021591999998236133,0.00047670000003563473,85.38232421875
exact,2000,32,0,462,0.0004790526581928134,0.9303125,1.0,64000,4000000,4064000,2000.0,757760000,0.0015444999999090214,0.0003418999999666994,85.38232421875
exact,2000,32,0,463,0.00047903708764351904,0.930265625,1.0,64000,4000000,4064000,2000.0,757760000,0.0017886999999063846,0.00045030000001133885,85.38232421875
exact,2000,32,0,464,0.00047904023085720837,0.930265625,1.0,64000,4000000,4064000,2000.0,757760000,0.0015960000000632135,0.0003197000000909611,85.38232421875
exact,2000,32,0,465,0.00047904058010317385,0.9303125,1.0,64000,4000000,4064000,2000.0,757760000,0.0023667000000386906,0.0003864999998768326,85.38232421875
exact,2000,32,0,466,0.0004790427628904581,0.930265625,1.0,64000,4000000,4064000,2000.0,757760000,0.0016077000000223052,0.0003378999999767984,85.38232421875
exact,2000,32,0,467,0.0004790389211848378,0.93025,1.0,64000,4000000,4064000,2000.0,757760000,0.0016926000002968067,0.00036610000006476184,85.38232421875
exact,2000,32,0,468,0.00047905617975629866,0.93028125,1.0,64000,4000000,4064000,2000.0,757760000,0.0015799999996488623,0.0003538999999364023,85.38232421875
exact,2000,32,0,469,0.0004790346138179302,0.930265625,1.0,64000,4000000,4064000,2000.0,757760000,0.0017972000000554544,0.00047730000005685724,85.38232421875
exact,2000,32,0,470,0.00047903694212436676,0.930296875,1.0,64000,4000000,4064000,2000.0,757760000,0.0015340999998443294,0.00033870000015667756,85.38232421875
exact,2000,32,0,471,0.00047904971870593727,0.93028125,1.0,64000,4000000,4064000,2000.0,757760000,0.0016903000000638713,0.00033369999982824083,85.38232421875
exact,2000,32,0,472,0.0004790405509993434,0.930296875,1.0,64000,4000000,4064000,2000.0,757760000,0.001554000000396627,0.00030800000013186946,85.38232421875
exact,2000,32,0,473,0.00047903749509714544,0.9303125,1.0,64000,4000000,4064000,2000.0,757760000,0.0016522999999324384,0.0003560000000106811,85.38232421875
exact,2000,32,0,474,0.0004790427046827972,0.93025,1.0,64000,4000000,4064000,2000.0,757760000,0.0014961999995648512,0.00034099999993486563,85.38232421875
exact,2000,32,0,475,0.00047904805978760123,0.930265625,1.0,64000,4000000,4064000,2000.0,757760000,0.0015276999997695384,0.0003569000000425149,85.38232421875
exact,2000,32,0,476,0.0004790454695466906,0.930296875,1.0,64000,4000000,4064000,2000.0,757760000,0.001803000000109023,0.00036610000006476184,85.38232421875
exact,2000,32,0,477,0.00047904375242069364,0.93025,1.0,64000,4000000,4064000,2000.0,757760000,0.0015475999998670886,0.0003536999997777457,85.38232421875
exact,2000,32,0,478,0.0004790413659065962,0.930265625,1.0,64000,4000000,4064000,2000.0,757760000,0.0018362999999226304,0.00044570000000021537,85.38232421875
exact,2000,32,0,479,0.00047903601080179214,0.930265625,1.0,64000,4000000,4064000,2000.0,757760000,0.0016128999995999038,0.00035540000044420594,85.38232421875
exact,2000,32,0,480,0.00047904218081384897,0.93028125,1.0,64000,4000000,4064000,2000.0,757760000,0.001693899999736459,0.00033699999994496466,85.38232421875
exact,2000,32,0,481,0.00047904826351441443,0.93028125,1.0,64000,4000000,4064000,2000.0,757760000,0.0017579000000296219,0.0003280000000813743,85.38232421875
exact,2000,32,0,482,0.00047903525410220027,0.93025,1.0,64000,4000000,4064000,2000.0,757760000,0.0018256999996992818,0.0003378999999767984,85.38232421875
exact,2000,32,0,483,0.00047904858365654945,0.930265625,1.0,64000,4000000,4064000,2000.0,757760000,0.0015558000000055472,0.0003553999999894586,85.38232421875
exact,2000,32,0,484,0.00047904351959005,0.930265625,1.0,64000,4000000,4064000,2000.0,757760000,0.0027554999996937113,0.0003405999996175524,85.38232421875
exact,2000,32,0,485,0.0004790371167473495,0.930265625,1.0,64000,4000000,4064000,2000.0,757760000,0.0018290999996679602,0.0003729999998540734,85.38232421875
exact,2000,32,0,486,0.00047904145321808755,0.93028125,1.0,64000,4000000,4064000,2000.0,757760000,0.003460599999925762,0.00041460000011284137,85.38232421875
exact,2000,32,0,487,0.0004790413368027657,0.93028125,1.0,64000,4000000,4064000,2000.0,757760000,0.0015648999997210922,0.0003625000003921741,85.38232421875
exact,2000,32,0,488,0.000479029375128448,0.93028125,1.0,64000,4000000,4064000,2000.0,757760000,0.0018850000001293665,0.0004681000000346103,85.38232421875
exact,2000,32,0,489,0.0004790370585396886,0.930265625,1.0,64000,4000000,4064000,2000.0,757760000,0.0015431000001626671,0.00032980000014504185,85.38232421875
exact,2000,32,0,490,0.0004790426173713058,0.93025,1.0,64000,4000000,4064000,2000.0,757760000,0.0019595999997363833,0.000352399999883346,85.38232421875
exact,2000,32,0,491,0.0004790491075254977,0.93028125,1.0,64000,4000000,4064000,2000.0,757760000,0.0017723000000842148,0.0003925000000890577,85.38232421875
exact,2000,32,0,492,0.00047903647646307945,0.930265625,1.0,64000,4000000,4064000,2000.0,757760000,0.0018935000002784363,0.0004891999997198582,85.38232421875
exact,2000,32,0,493,0.00047904171515256166,0.93025,1.0,64000,4000000,4064000,2000.0,757760000,0.001527899999928195,0.0003231999999115942,85.38232421875
exact,2000,32,0,494,0.0004790467501152307,0.93028125,1.0,64000,4000000,4064000,2000.0,757760000,0.0016442999999526364,0.0003609999998843705,85.38232421875
exact,2000,32,0,495,0.00047903473023325205,0.930296875,1.0,64000,4000000,4064000,2000.0,757760000,0.0015435999998771877,0.0003475999997135659,85.38232421875
exact,2000,32,0,496,0.00047904375242069364,0.930265625,1.0,64000,4000000,4064000,2000.0,757760000,0.0017896000003929657,0.000501699999858829,85.38232421875
exact,2000,32,0,497,0.00047904180246405303,0.930265625,1.0,64000,4000000,4064000,2000.0,757760000,0.001507700000274781,0.000320200000260229,85.38232421875
exact,2000,32,0,498,0.00047903574886731803,0.930265625,1.0,64000,4000000,4064000,2000.0,757760000,0.0034353000000919565,0.0011674000002130924,85.38232421875
exact,2000,32,0,499,0.0004790550738107413,0.930265625,1.0,64000,4000000,4064000,2000.0,757760000,0.0015296999999918626,0.0003390000001672888,85.38232421875
exact,2000,32,0,500,0.0004790439852513373,0.93025,1.0,64000,4000000,4064000,2000.0,757760000,0.0018101999999089458,0.0003972999998040905,85.38232421875
ariad,2000,32,0,1,0.20578965544700623,0.0525625,0.066578125,64000,288000,352000,144.0,282624000,0.15923769999972137,0.15748729999995703,167.232421875
ariad,2000,32,0,2,0.17547442018985748,0.089953125,0.162640625,64000,288000,352000,144.0,282624000,0.005313000000114698,0.0035517999999683525,168.822265625
ariad,2000,32,0,3,0.1568547487258911,0.119734375,0.292171875,64000,288000,352000,144.0,282624000,0.005560300000070129,0.004036899999846355,168.822265625
ariad,2000,32,0,4,0.14340271055698395,0.1375625,0.42896875,64000,288000,352000,144.0,282624000,0.004409900000155176,0.0029948999999760417,168.822265625
ariad,2000,32,0,5,0.1337214857339859,0.143546875,0.543046875,64000,288000,352000,144.0,282624000,0.004022699999950419,0.002157800000077259,168.822265625
ariad,2000,32,0,6,0.12675701081752777,0.139390625,0.633328125,64000,288000,352000,144.0,282624000,0.0033370999999533524,0.0020886999996037048,168.822265625
ariad,2000,32,0,7,0.1216515600681305,0.131296875,0.69215625,64000,288000,352000,144.0,282624000,0.0035274000001663808,0.002237800000330026,168.822265625
ariad,2000,32,0,8,0.11817876249551773,0.123390625,0.733234375,64000,288000,352000,144.0,282624000,0.003371899999820016,0.0020650000001296576,168.822265625
ariad,2000,32,0,9,0.11543387919664383,0.11703125,0.7630625,64000,288000,352000,144.0,282624000,0.0032691999999769905,0.002058699999906821,168.822265625
ariad,2000,32,0,10,0.11308053880929947,0.111859375,0.78490625,64000,288000,352000,144.0,282624000,0.0034224000000904198,0.0021250999998301268,168.822265625
ariad,2000,32,0,11,0.11121656000614166,0.108453125,0.804546875,64000,288000,352000,144.0,282624000,0.003677000000152475,0.0022953000002416957,168.822265625
ariad,2000,32,0,12,0.10963155329227448,0.1065625,0.82184375,64000,288000,352000,144.0,282624000,0.00333409999984724,0.0021020999997745093,168.822265625
ariad,2000,32,0,13,0.10816764086484909,0.1054375,0.832328125,64000,288000,352000,144.0,282624000,0.0033321999999316176,0.0020583000000442553,168.822265625
ariad,2000,32,0,14,0.10675317794084549,0.106359375,0.842015625,64000,288000,352000,144.0,282624000,0.0046701999999640975,0.0020877000001746637,168.822265625
ariad,2000,32,0,15,0.10537032037973404,0.108015625,0.8501875,64000,288000,352000,144.0,282624000,0.0032950000004348112,0.002021999999669788,168.822265625
ariad,2000,32,0,16,0.10404897481203079,0.11021875,0.856,64000,288000,352000,144.0,282624000,0.003284599999915372,0.0020076000000699423,168.822265625
ariad,2000,32,0,17,0.10278815031051636,0.114265625,0.862140625,64000,288000,352000,144.0,282624000,0.0048477999998794985,0.0020740999998452025,168.822265625
ariad,2000,32,0,18,0.1014907956123352,0.1185625,0.867328125,64000,288000,352000,144.0,282624000,0.003407900000183872,0.0020962000003237335,168.822265625
ariad,2000,32,0,19,0.10014505684375763,0.123828125,0.86840625,64000,288000,352000,144.0,282624000,0.0033788999999160296,0.0020777999998244923,168.822265625
ariad,2000,32,0,20,0.09876569360494614,0.13034375,0.868953125,64000,288000,352000,144.0,282624000,0.003337699999974575,0.002109399999881134,168.822265625
ariad,2000,32,0,21,0.09737501293420792,0.137328125,0.867625,64000,288000,352000,144.0,282624000,0.0033048000000235334,0.002051700000265555,168.822265625
ariad,2000,32,0,22,0.09599299728870392,0.14575,0.867140625,64000,288000,352000,144.0,282624000,0.0032627999999021995,0.002004600000418577,168.822265625
ariad,2000,32,0,23,0.09461221098899841,0.155390625,0.867984375,64000,288000,352000,144.0,282624000,0.00323179999986678,0.0019882999999936146,168.822265625
ariad,2000,32,0,24,0.09317595511674881,0.16625,0.866484375,64000,288000,352000,144.0,282624000,0.0033068000002458575,0.002066500000182714,168.822265625
ariad,2000,32,0,25,0.09171492606401443,0.17828125,0.8655,64000,288000,352000,144.0,282624000,0.003320899999835092,0.002108300000145391,168.822265625
ariad,2000,32,0,26,0.09019351005554199,0.1913125,0.86409375,64000,288000,352000,144.0,282624000,0.0032922999998845626,0.002089600000090286,168.822265625
ariad,2000,32,0,27,0.08860063552856445,0.20684375,0.86346875,64000,288000,352000,144.0,282624000,0.0033250999999836495,0.002089099999921018,168.822265625
ariad,2000,32,0,28,0.0869407206773758,0.22334375,0.862296875,64000,288000,352000,144.0,282624000,0.003281799999967916,0.002088800000365154,168.822265625
ariad,2000,32,0,29,0.08522261679172516,0.24096875,0.86284375,64000,288000,352000,144.0,282624000,0.0033075000001190347,0.002016099999764265,168.822265625
ariad,2000,32,0,30,0.0834534764289856,0.260078125,0.8653125,64000,288000,352000,144.0,282624000,0.0033306999998785614,0.0021759999999630963,168.822265625
ariad,2000,32,0,31,0.08155624568462372,0.27996875,0.86784375,64000,288000,352000,144.0,282624000,0.0032787000000098487,0.002009999999700085,168.822265625
ariad,2000,32,0,32,0.07960698008537292,0.301125,0.87090625,64000,288000,352000,144.0,282624000,0.0033644999998614367,0.0021221000001787615,168.822265625
ariad,2000,32,0,33,0.07767080515623093,0.322375,0.87621875,64000,288000,352000,144.0,282624000,0.003289400000085152,0.002080400000068039,168.822265625
ariad,2000,32,0,34,0.07569252699613571,0.344125,0.880390625,64000,288000,352000,144.0,282624000,0.003826899999694433,0.002543300000070303,168.822265625
ariad,2000,32,0,35,0.07362251728773117,0.36571875,0.885796875,64000,288000,352000,144.0,282624000,0.0033668999999463267,0.0020583000000442553,168.822265625
ariad,2000,32,0,36,0.07152969390153885,0.38625,0.89021875,64000,288000,352000,144.0,282624000,0.0033938000001398905,0.002104800000324758,168.822265625
ariad,2000,32,0,37,0.06949402391910553,0.4061875,0.894640625,64000,288000,352000,144.0,282624000,0.003382699999747274,0.0021349000003283436,168.822265625
ariad,2000,32,0,38,0.06749513745307922,0.4254375,0.898703125,64000,288000,352000,144.0,282624000,0.0033219000001736276,0.002058000000033644,168.822265625
ariad,2000,32,0,39,0.0655343160033226,0.44371875,0.903078125,64000,288000,352000,144.0,282624000,0.003298200000244833,0.0020039000000906526,168.822265625
ariad,2000,32,0,40,0.06355446577072144,0.460453125,0.9064375,64000,288000,352000,144.0,282624000,0.0032839999998941494,0.002053600000181177,168.822265625
ariad,2000,32,0,41,0.061622682958841324,0.4760625,0.90921875,64000,288000,352000,144.0,282624000,0.0034944000003633846,0.0021025000000918226,168.822265625
ariad,2000,32,0,42,0.05967705696821213,0.491,0.91146875,64000,288000,352000,144.0,282624000,0.003313599999728467,0.0020856999999523396,168.822265625
ariad,2000,32,0,43,0.05778142437338829,0.504671875,0.9136875,64000,288000,352000,144.0,282624000,0.004816900000150781,0.003550299999915296,168.822265625
ariad,2000,32,0,44,0.05585242807865143,0.5166875,0.916125,64000,288000,352000,144.0,282624000,0.0033174000000144588,0.0020525999998426414,168.822265625
ariad,2000,32,0,45,0.05395439639687538,0.5278125,0.917375,64000,288000,352000,144.0,282624000,0.0032626000001982902,0.0020405999998729385,168.822265625
ariad,2000,32,0,46,0.05215124413371086,0.538921875,0.918609375,64000,288000,352000,144.0,282624000,0.003335400000196387,0.002060000000255968,168.822265625
ariad,2000,32,0,47,0.05031775310635567,0.549265625,0.92046875,64000,288000,352000,144.0,282624000,0.0033905000000231666,0.00208199999997305,168.822265625
ariad,2000,32,0,48,0.04850640892982483,0.558609375,0.923015625,64000,288000,352000,144.0,282624000,0.003348200000345969,0.002087899999878573,168.822265625
ariad,2000,32,0,49,0.04671093448996544,0.56678125,0.924125,64000,288000,352000,144.0,282624000,0.006137800000033167,0.004552700000203913,168.822265625
ariad,2000,32,0,50,0.044942233711481094,0.574953125,0.924734375,64000,288000,352000,144.0,282624000,0.003314900000077614,0.0020364000001791283,168.822265625
ariad,2000,32,0,51,0.04324197769165039,0.583046875,0.925546875,64000,288000,352000,144.0,282624000,0.005223399999977119,0.00205050000022311,168.822265625
ariad,2000,32,0,52,0.04159541800618172,0.589953125,0.926875,64000,288000,352000,144.0,282624000,0.004680699999880744,0.0020463000000745524,168.822265625
ariad,2000,32,0,53,0.04002704471349716,0.5963125,0.927234375,64000,288000,352000,144.0,282624000,0.003348900000219146,0.0019912000002477726,168.822265625
ariad,2000,32,0,54,0.03850608319044113,0.602390625,0.93021875,64000,288000,352000,144.0,282624000,0.003385999999863998,0.002155299999685667,168.822265625
ariad,2000,32,0,55,0.037008631974458694,0.607671875,0.930375,64000,288000,352000,144.0,282624000,0.005093100000067352,0.002214500000263797,168.822265625
ariad,2000,32,0,56,0.035538896918296814,0.61278125,0.930984375,64000,288000,352000,144.0,282624000,0.003370400000221707,0.0020855000002484303,168.822265625
ariad,2000,32,0,57,0.03408360853791237,0.6175625,0.931265625,64000,288000,352000,144.0,282624000,0.0032691999999769905,0.002075700000204961,168.822265625
ariad,2000,32,0,58,0.0326569490134716,0.622234375,0.933015625,64000,288000,352000,144.0,282624000,0.004936799999995856,0.002907399999912741,168.822265625
ariad,2000,32,0,59,0.031262025237083435,0.6265625,0.934328125,64000,288000,352000,144.0,282624000,0.0033932999999706226,0.002132400000391499,168.822265625
ariad,2000,32,0,60,0.02989911288022995,0.6309375,0.93328125,64000,288000,352000,144.0,282624000,0.0032283999998981017,0.0020277999997233564,168.822265625
ariad,2000,32,0,61,0.02855844981968403,0.6348125,0.9346875,64000,288000,352000,144.0,282624000,0.003516100000069855,0.0021330999998099287,168.822265625
ariad,2000,32,0,62,0.02724984474480152,0.639640625,0.935625,64000,288000,352000,144.0,282624000,0.0033596000002944493,0.0021339999998417625,168.822265625
ariad,2000,32,0,63,0.025985190644860268,0.643609375,0.936796875,64000,288000,352000,144.0,282624000,0.0033318000000690517,0.0021018000002186454,168.822265625
ariad,2000,32,0,64,0.024751530960202217,0.64734375,0.93790625,64000,288000,352000,144.0,282624000,0.0034466000001884822,0.0021596000001409266,168.822265625
ariad,2000,32,0,65,0.023564094677567482,0.6508125,0.937828125,64000,288000,352000,144.0,282624000,0.0049932000001717824,0.003677700000025652,168.822265625
ariad,2000,32,0,66,0.02240164205431938,0.654265625,0.93909375,64000,288000,352000,144.0,282624000,0.005287300000418327,0.00211219999982859,168.822265625
ariad,2000,32,0,67,0.021261582151055336,0.65784375,0.940109375,64000,288000,352000,144.0,282624000,0.005021700000270357,0.0020990000002711895,168.822265625
ariad,2000,32,0,68,0.020145157352089882,0.661234375,0.940765625,64000,288000,352000,144.0,282624000,0.003262599999743543,0.0020624999997380655,168.822265625
ariad,2000,32,0,69,0.019056394696235657,0.664296875,0.941515625,64000,288000,352000,144.0,282624000,0.0033096000001933135,0.002060100000107923,168.822265625
ariad,2000,32,0,70,0.01800425723195076,0.667921875,0.941234375,64000,288000,352000,144.0,282624000,0.003324600000269129,0.00208199999997305,168.822265625
ariad,2000,32,0,71,0.016995400190353394,0.671375,0.942125,64000,288000,352000,144.0,282624000,0.0032789000001685054,0.0020712999998977466,168.822265625
ariad,2000,32,0,72,0.016031429171562195,0.675390625,0.942828125,64000,288000,352000,144.0,282624000,0.0032993999998325307,0.0020768999997926585,168.822265625
ariad,2000,32,0,73,0.015115874819457531,0.678890625,0.944328125,64000,288000,352000,144.0,282624000,0.0034097000002475397,0.0020994000001337554,168.822265625
ariad,2000,32,0,74,0.014252401888370514,0.682515625,0.945796875,64000,288000,352000,144.0,282624000,0.0032470000001012522,0.0020349999999780266,168.822265625
ariad,2000,32,0,75,0.013439226895570755,0.686109375,0.946265625,64000,288000,352000,144.0,282624000,0.0033633999996709463,0.0021197000000938715,168.822265625
ariad,2000,32,0,76,0.012673319317400455,0.689640625,0.946546875,64000,288000,352000,144.0,282624000,0.003876600000239705,0.0021117000001140696,168.822265625
ariad,2000,32,0,77,0.011952140368521214,0.69190625,0.947890625,64000,288000,352000,144.0,282624000,0.003384500000265689,0.0020676999997704115,168.822265625
ariad,2000,32,0,78,0.011277539655566216,0.694703125,0.948421875,64000,288000,352000,144.0,282624000,0.0033503000004202477,0.0020914000001539534,168.822265625
ariad,2000,32,0,79,0.010644379071891308,0.6975625,0.9495625,64000,288000,352000,144.0,282624000,0.005156200000328681,0.002080900000237307,168.822265625
ariad,2000,32,0,80,0.010052502155303955,0.7003125,0.94934375,64000,288000,352000,144.0,282624000,0.0035100000000056752,0.002085600000100385,168.822265625
ariad,2000,32,0,81,0.009501772001385689,0.70284375,0.949765625,64000,288000,352000,144.0,282624000,0.0058833000002778135,0.002468299999691226,168.822265625
ariad,2000,32,0,82,0.008989081718027592,0.705546875,0.95015625,64000,288000,352000,144.0,282624000,0.004044300000259682,0.0021009000001868117,168.822265625
ariad,2000,32,0,83,0.008512619882822037,0.708203125,0.949765625,64000,288000,352000,144.0,282624000,0.004726599999685277,0.0023221000001285574,168.822265625
ariad,2000,32,0,84,0.00806975457817316,0.710609375,0.95046875,64000,288000,352000,144.0,282624000,0.004195600000002742,0.002577000000201224,168.822265625
ariad,2000,32,0,85,0.0076600550673902035,0.7134375,0.951609375,64000,288000,352000,144.0,282624000,0.004018900000119174,0.00236380000023928,168.822265625
ariad,2000,32,0,86,0.007280170451849699,0.71575,0.95221875,64000,288000,352000,144.0,282624000,0.0042103999999199004,0.00267470000017056,168.822265625
ariad,2000,32,0,87,0.006928320042788982,0.718421875,0.952625,64000,288000,352000,144.0,282624000,0.0038352000001395936,0.0024382000001423876,168.822265625
ariad,2000,32,0,88,0.0065998053178191185,0.720984375,0.952703125,64000,288000,352000,144.0,282624000,0.007344600000124046,0.00547469999992245,168.822265625
ariad,2000,32,0,89,0.006293466780334711,0.723515625,0.95325,64000,288000,352000,144.0,282624000,0.005306900000050518,0.0022950000002310844,168.822265625
ariad,2000,32,0,90,0.006005933973938227,0.726,0.95303125,64000,288000,352000,144.0,282624000,0.004813600000034057,0.0031933000000208267,168.822265625
ariad,2000,32,0,91,0.0057371933944523335,0.728640625,0.953765625,64000,288000,352000,144.0,282624000,0.003541600000062317,0.0021415999999589985,168.822265625
ariad,2000,32,0,92,0.005484535358846188,0.7314375,0.954703125,64000,288000,352000,144.0,282624000,0.0033862000000226544,0.0020365999998830375,168.822265625
ariad,2000,32,0,93,0.005248079542070627,0.734015625,0.954765625,64000,288000,352000,144.0,282624000,0.0033969999999499123,0.002132600000095408,168.822265625
ariad,2000,32,0,94,0.005027441773563623,0.736359375,0.955171875,64000,288000,352000,144.0,282624000,0.00463080000008631,0.0021013000000493776,168.822265625
ariad,2000,32,0,95,0.004821420647203922,0.739109375,0.95565625,64000,288000,352000,144.0,282624000,0.003694799999720999,0.0021422000004349684,168.822265625
ariad,2000,32,0,96,0.004627569578588009,0.741109375,0.9565,64000,288000,352000,144.0,282624000,0.005919400000038877,0.0029860999998163607,168.822265625
ariad,2000,32,0,97,0.004445384256541729,0.744265625,0.9575,64000,288000,352000,144.0,282624000,0.0041480999998384505,0.0024808999996821512,168.822265625
ariad,2000,32,0,98,0.004273843485862017,0.74678125,0.958640625,64000,288000,352000,144.0,282624000,0.0050992999999834865,0.0021148999999240914,168.822265625
ariad,2000,32,0,99,0.004111321642994881,0.74853125,0.95853125,64000,288000,352000,144.0,282624000,0.005713400000331603,0.002152200000182347,168.822265625
ariad,2000,32,0,100,0.003957620356231928,0.750484375,0.95978125,64000,288000,352000,144.0,282624000,0.0035638000003928028,0.002132199999778095,168.822265625
ariad,2000,32,0,101,0.003812162671238184,0.751984375,0.96009375,64000,288000,352000,144.0,282624000,0.0034049999999297142,0.0021142000000509142,168.822265625
ariad,2000,32,0,102,0.0036745911929756403,0.753703125,0.960765625,64000,288000,352000,144.0,282624000,0.007406300000184274,0.005674699999872246,168.822265625
ariad,2000,32,0,103,0.003543882630765438,0.756703125,0.962,64000,288000,352000,144.0,282624000,0.003737200000159646,0.0021089000001666136,168.822265625
ariad,2000,32,0,104,0.003420465160161257,0.758765625,0.962703125,64000,288000,352000,144.0,282624000,0.0038489000003210094,0.002366600000186736,168.822265625
ariad,2000,32,0,105,0.003303126897662878,0.760765625,0.963546875,64000,288000,352000,144.0,282624000,0.0035035999999308842,0.0021226000003480294,168.822265625
ariad,2000,32,0,106,0.0031919623725116253,0.762515625,0.96428125,64000,288000,352000,144.0,282624000,0.0032884000002013636,0.002083099999708793,168.822265625
ariad,2000,32,0,107,0.003086624201387167,0.7645,0.965015625,64000,288000,352000,144.0,282624000,0.0035096000001431094,0.0022405999998227344,168.822265625
ariad,2000,32,0,108,0.002986642997711897,0.766171875,0.965359375,64000,288000,352000,144.0,282624000,0.005255200000192417,0.0020596000003934023,168.822265625
ariad,2000,32,0,109,0.0028913323767483234,0.76828125,0.965875,64000,288000,352000,144.0,282624000,0.004201100000045699,0.002182899999752408,168.822265625
ariad,2000,32,0,110,0.002800421789288521,0.77003125,0.96671875,64000,288000,352000,144.0,282624000,0.003443000000061147,0.002135699999598728,168.822265625
ariad,2000,32,0,111,0.0027135880663990974,0.771265625,0.96696875,64000,288000,352000,144.0,282624000,0.0035256000001027132,0.0021467999999913445,168.822265625
ariad,2000,32,0,112,0.002630641683936119,0.773203125,0.96721875,64000,288000,352000,144.0,282624000,0.0034663999999793305,0.0021166000001358043,168.822265625
ariad,2000,32,0,113,0.0025512492284178734,0.77484375,0.9675,64000,288000,352000,144.0,282624000,0.0032884000002013636,0.0020970000000488653,168.822265625
ariad,2000,32,0,114,0.0024755236227065325,0.77646875,0.968484375,64000,288000,352000,144.0,282624000,0.003519200000027922,0.0021460000002662127,168.822265625
ariad,2000,32,0,115,0.002403151709586382,0.778265625,0.968109375,64000,288000,352000,144.0,282624000,0.005375000000185537,0.0021185000000514265,168.822265625
ariad,2000,32,0,116,0.002334282035008073,0.78021875,0.96915625,64000,288000,352000,144.0,282624000,0.0034733999996205966,0.0021206000001257053,168.822265625
ariad,2000,32,0,117,0.002268704120069742,0.782078125,0.970109375,64000,288000,352000,144.0,282624000,0.0032881000001907523,0.0020881999998891843,168.822265625
ariad,2000,32,0,118,0.002206168370321393,0.7838125,0.969796875,64000,288000,352000,144.0,282624000,0.005507200000010926,0.0022665999999844644,168.822265625
ariad,2000,32,0,119,0.002146303653717041,0.785765625,0.970296875,64000,288000,352000,144.0,282624000,0.003586999999697582,0.0022579000001314853,168.822265625
ariad,2000,32,0,120,0.002088528126478195,0.78759375,0.970578125,64000,288000,352000,144.0,282624000,0.0034158999997089268,0.002054399999906309,168.822265625
ariad,2000,32,0,121,0.0020331356208771467,0.789265625,0.97125,64000,288000,352000,144.0,282624000,0.003381999999874097,0.002085799999804294,168.822265625
ariad,2000,32,0,122,0.0019800534937530756,0.791171875,0.971703125,64000,288000,352000,144.0,282624000,0.0034965999998348707,0.002245499999844469,168.822265625
ariad,2000,32,0,123,0.001929171965457499,0.7928125,0.971296875,64000,288000,352000,144.0,282624000,0.0033489999996163533,0.0020875999998679617,168.822265625
ariad,2000,32,0,124,0.0018805002328008413,0.7941875,0.971828125,64000,288000,352000,144.0,282624000,0.003433600000334991,0.0021292000001267297,168.822265625
ariad,2000,32,0,125,0.001833698246628046,0.795765625,0.972234375,64000,288000,352000,144.0,282624000,0.003534500000114349,0.002263099999709084,168.822265625
ariad,2000,32,0,126,0.0017885855631902814,0.797359375,0.972390625,64000,288000,352000,144.0,282624000,0.0032087999998111627,0.002006100000016886,168.822265625
ariad,2000,32,0,127,0.0017452271422371268,0.799015625,0.972,64000,288000,352000,144.0,282624000,0.0036489000003712135,0.0022036000000298372,168.822265625
ariad,2000,32,0,128,0.0017034593038260937,0.80096875,0.9725625,64000,288000,352000,144.0,282624000,0.0037078000000292377,0.002321500000107335,168.822265625
ariad,2000,32,0,129,0.0016633771592751145,0.802875,0.97290625,64000,288000,352000,144.0,282624000,0.0035029999999096617,0.0021037999999862222,168.822265625
ariad,2000,32,0,130,0.0016247322782874107,0.804515625,0.973,64000,288000,352000,144.0,282624000,0.0033561999998710235,0.002127600000221719,168.822265625
ariad,2000,32,0,131,0.001587669481523335,0.806078125,0.97328125,64000,288000,352000,144.0,282624000,0.004018899999664427,0.002707000000100379,168.822265625
ariad,2000,32,0,132,0.001551835797727108,0.80784375,0.973140625,64000,288000,352000,144.0,282624000,0.003877300000112882,0.002254699999866716,168.822265625
ariad,2000,32,0,133,0.0015174091095104814,0.8100625,0.973703125,64000,288000,352000,144.0,282624000,0.0032851999999365944,0.002023199999712233,168.822265625
ariad,2000,32,0,134,0.0014840980293229222,0.811921875,0.973578125,64000,288000,352000,144.0,282624000,0.0034122000001843844,0.0021049000001767126,168.822265625
ariad,2000,32,0,135,0.0014522515702992678,0.813359375,0.974234375,64000,288000,352000,144.0,282624000,0.004744399999708548,0.002179000000069209,168.822265625
ariad,2000,32,0,136,0.0014214834664016962,0.81459375,0.9738125,64000,288000,352000,144.0,282624000,0.0035005999998247717,0.002145800000107556,168.822265625
ariad,2000,32,0,137,0.0013917222386226058,0.81615625,0.97425,64000,288000,352000,144.0,282624000,0.003541400000358408,0.002089099999921018,168.822265625
ariad,2000,32,0,138,0.0013626118889078498,0.817734375,0.9744375,64000,288000,352000,144.0,282624000,0.0033674999999675492,0.002098800000112533,168.822265625
ariad,2000,32,0,139,0.001334747183136642,0.819546875,0.9744375,64000,288000,352000,144.0,282624000,0.003419799999846873,0.0021538999999393127,168.822265625
ariad,2000,32,0,140,0.0013076819013804197,0.821109375,0.97459375,64000,288000,352000,144.0,282624000,0.0033527000000503904,0.0020645999998123443,168.822265625
ariad,2000,32,0,141,0.0012816599337384105,0.8224375,0.97453125,64000,288000,352000,144.0,282624000,0.003497800000332063,0.0021341000001484645,168.822265625
ariad,2000,32,0,142,0.001256525982171297,0.824140625,0.97440625,64000,288000,352000,144.0,282624000,0.003545999999914784,0.0021123999999872467,168.822265625
ariad,2000,32,0,143,0.0012321844696998596,0.825984375,0.97490625,64000,288000,352000,144.0,282624000,0.0052338000000418106,0.0021009000001868117,168.822265625
ariad,2000,32,0,144,0.0012086884817108512,0.827609375,0.975390625,64000,288000,352000,144.0,282624000,0.003453100000115228,0.002125399999840738,168.822265625
ariad,2000,32,0,145,0.00118608761113137,0.82921875,0.97590625,64000,288000,352000,144.0,282624000,0.0035262999999758904,0.002124699999967561,168.822265625
ariad,2000,32,0,146,0.0011641407618299127,0.831,0.9755625,64000,288000,352000,144.0,282624000,0.0035427000002528075,0.002153800000087358,168.822265625
ariad,2000,32,0,147,0.0011429025325924158,0.83234375,0.97590625,64000,288000,352000,144.0,282624000,0.0034293000003344787,0.002048900000318099,168.822265625
ariad,2000,32,0,148,0.0011222808388993144,0.833890625,0.975828125,64000,288000,352000,144.0,282624000,0.0032763999997769133,0.0020659000001614913,168.822265625
ariad,2000,32,0,149,0.0011023945407941937,0.835109375,0.976328125,64000,288000,352000,144.0,282624000,0.003371199999946839,0.0020632999999179447,168.822265625
ariad,2000,32,0,150,0.0010831604013219476,0.836640625,0.9768125,64000,288000,352000,144.0,282624000,0.0032542000003559224,0.0020319000000199594,168.822265625
ariad,2000,32,0,151,0.0010645163711160421,0.838375,0.977234375,64000,288000,352000,144.0,282624000,0.0032454000001962413,0.002063899999939167,168.822265625
ariad,2000,32,0,152,0.001046219957061112,0.83984375,0.977109375,64000,288000,352000,144.0,282624000,0.003256299999975454,0.0020661999997173552,168.822265625
ariad,2000,32,0,153,0.0010285804746672511,0.84134375,0.977546875,64000,288000,352000,144.0,282624000,0.0035307000002831046,0.0022462000001723936,168.822265625
ariad,2000,32,0,154,0.0010115233017131686,0.842984375,0.977296875,64000,288000,352000,144.0,282624000,0.0037387000002127024,0.0024120999996739556,168.822265625
ariad,2000,32,0,155,0.0009949378436431289,0.844578125,0.97725,64000,288000,352000,144.0,282624000,0.0035297999997965235,0.002170200000364275,168.822265625
ariad,2000,32,0,156,0.0009789353935047984,0.846109375,0.97775,64000,288000,352000,144.0,282624000,0.0032974999999169086,0.002019999999902211,168.822265625
ariad,2000,32,0,157,0.0009632954024709761,0.847546875,0.97790625,64000,288000,352000,144.0,282624000,0.0033797999999478634,0.002108700000007957,168.822265625
ariad,2000,32,0,158,0.0009480927255935967,0.848921875,0.977796875,64000,288000,352000,144.0,282624000,0.003335599999900296,0.002071200000045792,168.822265625
ariad,2000,32,0,159,0.0009332746267318726,0.850046875,0.978,64000,288000,352000,144.0,282624000,0.003213899999991554,0.0019879999999830034,168.822265625
ariad,2000,32,0,160,0.0009189171832986176,0.851296875,0.978,64000,288000,352000,144.0,282624000,0.003524600000218925,0.002122299999882671,168.822265625
ariad,2000,32,0,161,0.000904896471183747,0.8529375,0.9780625,64000,288000,352000,144.0,282624000,0.00326390000009269,0.002005599999847618,168.822265625
ariad,2000,32,0,162,0.000891287112608552,0.854234375,0.97859375,64000,288000,352000,144.0,282624000,0.0032829000001584063,0.002086699999836128,168.822265625
ariad,2000,32,0,163,0.0008778857300058007,0.85553125,0.979,64000,288000,352000,144.0,282624000,0.003405899999961548,0.0020948999999745865,168.822265625
ariad,2000,32,0,164,0.0008648415096104145,0.857125,0.979328125,64000,288000,352000,144.0,282624000,0.0033704999996189144,0.00215939999998227,168.822265625
ariad,2000,32,0,165,0.000852089433465153,0.85834375,0.97921875,64000,288000,352000,144.0,282624000,0.0034976000001734064,0.0020866000004389207,168.822265625
ariad,2000,32,0,166,0.0008397061610594392,0.85990625,0.979578125,64000,288000,352000,144.0,282624000,0.003340600000228733,0.002148400000351103,168.822265625
ariad,2000,32,0,167,0.0008275770233012736,0.8610625,0.97978125,64000,288000,352000,144.0,282624000,0.003408199999739736,0.0021160999999665364,168.822265625
ariad,2000,32,0,168,0.0008157121483236551,0.862609375,0.980109375,64000,288000,352000,144.0,282624000,0.0034153999999944062,0.002190900000186957,168.822265625
ariad,2000,32,0,169,0.0008040879620239139,0.863875,0.980265625,64000,288000,352000,144.0,282624000,0.0034101999999620602,0.00216359999967608,168.822265625
ariad,2000,32,0,170,0.0007927331025712192,0.86534375,0.98009375,64000,288000,352000,144.0,282624000,0.0032608000001346227,0.0020763000002261833,168.822265625
ariad,2000,32,0,171,0.0007816379657015204,0.866890625,0.9806875,64000,288000,352000,144.0,282624000,0.003393099999811966,0.0021442999995997525,168.822265625
ariad,2000,32,0,172,0.0007707501063123345,0.868078125,0.98078125,64000,288000,352000,144.0,282624000,0.003423399999974208,0.0020877000001746637,168.822265625
ariad,2000,32,0,173,0.0007600536337122321,0.86946875,0.98103125,64000,288000,352000,144.0,282624000,0.003304899999875488,0.002084900000227208,168.822265625
ariad,2000,32,0,174,0.0007496831240132451,0.870765625,0.980734375,64000,288000,352000,144.0,282624000,0.0032931000000644417,0.002055499999642052,168.822265625
ariad,2000,32,0,175,0.0007396393921226263,0.87215625,0.98078125,64000,288000,352000,144.0,282624000,0.0033802000002651766,0.0021176000000195927,168.822265625
ariad,2000,32,0,176,0.0007296638796105981,0.873390625,0.981046875,64000,288000,352000,144.0,282624000,0.006520899999941321,0.005020799999783776,168.822265625
ariad,2000,32,0,177,0.0007199397659860551,0.874421875,0.98103125,64000,288000,352000,144.0,282624000,0.0033035999999810883,0.0020915999998578627,168.822265625
ariad,2000,32,0,178,0.0007103463867679238,0.875609375,0.980953125,64000,288000,352000,144.0,282624000,0.003267399999913323,0.002102299999933166,168.822265625
ariad,2000,32,0,179,0.0007010328117758036,0.8765625,0.981046875,64000,288000,352000,144.0,282624000,0.003307699999822944,0.002052399999683985,168.822265625
ariad,2000,32,0,180,0.0006919804727658629,0.877671875,0.98146875,64000,288000,352000,144.0,282624000,0.0033634000001256936,0.002090900000439433,168.822265625
ariad,2000,32,0,181,0.0006831392529420555,0.87875,0.9810625,64000,288000,352000,144.0,282624000,0.003546500000084052,0.0021730999997089384,168.822265625
ariad,2000,32,0,182,0.0006745668943040073,0.87996875,0.981296875,64000,288000,352000,144.0,282624000,0.0032903000001169858,0.002056100000118022,168.822265625
ariad,2000,32,0,183,0.0006660794606432319,0.881375,0.98153125,64000,288000,352000,144.0,282624000,0.003314099999897735,0.002086299999973562,168.822265625
ariad,2000,32,0,184,0.0006579386536031961,0.88265625,0.9816875,64000,288000,352000,144.0,282624000,0.003288599999905273,0.002060000000255968,168.822265625
ariad,2000,32,0,185,0.0006499050068669021,0.88384375,0.98153125,64000,288000,352000,144.0,282624000,0.003324100000099861,0.002026200000273093,168.822265625
ariad,2000,32,0,186,0.0006420933059416711,0.8853125,0.981265625,64000,288000,352000,144.0,282624000,0.0033775000001696753,0.0021458999999595108,168.822265625
ariad,2000,32,0,187,0.0006345074507407844,0.88665625,0.982078125,64000,288000,352000,144.0,282624000,0.003468200000042998,0.002053300000170566,168.822265625
ariad,2000,32,0,188,0.0006271419697441161,0.887859375,0.98228125,64000,288000,352000,144.0,282624000,0.003749900000002526,0.002545999999711057,168.822265625
ariad,2000,32,0,189,0.0006200408097356558,0.88875,0.982390625,64000,288000,352000,144.0,282624000,0.0032885000000533182,0.0020630000003620808,168.822265625
ariad,2000,32,0,190,0.0006130320252850652,0.889984375,0.982390625,64000,288000,352000,144.0,282624000,0.003213799999684852,0.0019855999998981133,168.822265625
ariad,2000,32,0,191,0.0006063289474695921,0.8914375,0.98225,64000,288000,352000,144.0,282624000,0.0033287000001109845,0.0021366999999372638,168.822265625
ariad,2000,32,0,192,0.0005998479318805039,0.8925625,0.98228125,64000,288000,352000,144.0,282624000,0.003192799999851559,0.001992099999824859,168.822265625
ariad,2000,32,0,193,0.0005936315865255892,0.893828125,0.9825625,64000,288000,352000,144.0,282624000,0.0033004000001710665,0.0021459999998114654,168.822265625
ariad,2000,32,0,194,0.0005876012146472931,0.89478125,0.982484375,64000,288000,352000,144.0,282624000,0.0033724999998412386,0.002123200000369252,168.822265625
ariad,2000,32,0,195,0.0005817415658384562,0.896078125,0.982640625,64000,288000,352000,144.0,282624000,0.003352500000346481,0.0021424999999908323,168.822265625
ariad,2000,32,0,196,0.0005761752254329622,0.897109375,0.982671875,64000,288000,352000,144.0,282624000,0.0033151000002362707,0.0021027999996476865,168.822265625
ariad,2000,32,0,197,0.0005708282697014511,0.8980625,0.982875,64000,288000,352000,144.0,282624000,0.00340909999977157,0.002134099999693717,168.822265625
ariad,2000,32,0,198,0.0005655954009853303,0.8993125,0.982921875,64000,288000,352000,144.0,282624000,0.0032687999996596773,0.0020644999999603897,168.822265625
ariad,2000,32,0,199,0.0005606518825516105,0.90040625,0.982953125,64000,288000,352000,144.0,282624000,0.0033520000001772132,0.002071300000352494,168.822265625
ariad,2000,32,0,200,0.0005558917764574289,0.901546875,0.983328125,64000,288000,352000,144.0,282624000,0.003315999999813357,0.0020540999998956977,168.822265625
ariad,2000,32,0,201,0.000551380158867687,0.902421875,0.98315625,64000,288000,352000,144.0,282624000,0.00346350000017992,0.002138599999852886,168.822265625
ariad,2000,32,0,202,0.0005471195327118039,0.9033125,0.983015625,64000,288000,352000,144.0,282624000,0.003344799999922543,0.0020933999999215303,168.822265625
ariad,2000,32,0,203,0.0005430082092061639,0.90409375,0.982953125,64000,288000,352000,144.0,282624000,0.003721999999925174,0.002376600000388862,168.822265625
ariad,2000,32,0,204,0.0005391403683461249,0.905265625,0.982984375,64000,288000,352000,144.0,282624000,0.0034217000002172426,0.0021565000001828594,168.822265625
ariad,2000,32,0,205,0.0005354751483537257,0.9061875,0.983375,64000,288000,352000,144.0,282624000,0.0033572000002095592,0.0020868999999947846,168.822265625
ariad,2000,32,0,206,0.0005319594638422132,0.907140625,0.983578125,64000,288000,352000,144.0,282624000,0.0033643000001575274,0.0021316000002116198,168.822265625
ariad,2000,32,0,207,0.0005286252126097679,0.90778125,0.983765625,64000,288000,352000,144.0,282624000,0.0033708999999362277,0.002120999999988271,168.822265625
ariad,2000,32,0,208,0.0005254893912933767,0.90859375,0.983859375,64000,288000,352000,144.0,282624000,0.0033518000000185566,0.002085999999962951,168.822265625
ariad,2000,32,0,209,0.00052245071856305,0.9095,0.984109375,64000,288000,352000,144.0,282624000,0.0034686000003603112,0.002140300000064599,168.822265625
ariad,2000,32,0,210,0.0005196671700105071,0.91025,0.984328125,64000,288000,352000,144.0,282624000,0.0033851000002869114,0.002141699999810953,168.822265625
ariad,2000,32,0,211,0.0005169777432456613,0.911234375,0.984546875,64000,288000,352000,144.0,282624000,0.003300500000023021,0.002083500000026106,168.822265625
ariad,2000,32,0,212,0.0005144464666955173,0.911921875,0.984640625,64000,288000,352000,144.0,282624000,0.0035540999997465406,0.002102700000250479,168.822265625
ariad,2000,32,0,213,0.0005120751447975636,0.912609375,0.984859375,64000,288000,352000,144.0,282624000,0.0033712000004015863,0.0020870000003014866,168.822265625
ariad,2000,32,0,214,0.0005098857800476253,0.91334375,0.984984375,64000,288000,352000,144.0,282624000,0.003311400000256981,0.0021007999998801097,168.822265625
ariad,2000,32,0,215,0.0005077354144304991,0.91409375,0.98496875,64000,288000,352000,144.0,282624000,0.003283000000010361,0.002086100000269653,168.822265625
ariad,2000,32,0,216,0.0005057647940702736,0.914875,0.9848125,64000,288000,352000,144.0,282624000,0.003549300000031508,0.002088999999614316,168.822265625
ariad,2000,32,0,217,0.0005039625684730709,0.91546875,0.98503125,64000,288000,352000,144.0,282624000,0.0037686000000576314,0.0022392999999283347,168.822265625
ariad,2000,32,0,218,0.000502231006976217,0.916046875,0.98534375,64000,288000,352000,144.0,282624000,0.004461700000319979,0.002600499999971362,168.822265625
ariad,2000,32,0,219,0.0005006483988836408,0.916578125,0.9856875,64000,288000,352000,144.0,282624000,0.0037145999999665946,0.002145100000234379,168.822265625
ariad,2000,32,0,220,0.0004991330788470805,0.916828125,0.98559375,64000,288000,352000,144.0,282624000,0.003533199999765202,0.0020851000003858644,168.822265625
ariad,2000,32,0,221,0.0004977232310920954,0.917171875,0.985640625,64000,288000,352000,144.0,282624000,0.0035794000000350934,0.0020155000001977896,168.822265625
ariad,2000,32,0,222,0.0004964105319231749,0.917703125,0.985625,64000,288000,352000,144.0,282624000,0.003591200000300887,0.002053199999863864,168.822265625
ariad,2000,32,0,223,0.0004951950395479798,0.918234375,0.985546875,64000,288000,352000,144.0,282624000,0.0033532000002196582,0.0020786000000043714,168.822265625
ariad,2000,32,0,224,0.0004940676153637469,0.918921875,0.985578125,64000,288000,352000,144.0,282624000,0.0034104999999726715,0.002050399999916408,168.822265625
ariad,2000,32,0,225,0.0004930347786284983,0.91940625,0.985609375,64000,288000,352000,144.0,282624000,0.0033101999997597886,0.002079200000025594,168.822265625
ariad,2000,32,0,226,0.0004920070059597492,0.919828125,0.985859375,64000,288000,352000,144.0,282624000,0.003310600000077102,0.002077099999951315,168.822265625
ariad,2000,32,0,227,0.0004910790012218058,0.92015625,0.9860625,64000,288000,352000,144.0,282624000,0.0032943000001068867,0.0021004999998694984,168.822265625
ariad,2000,32,0,228,0.000490184233058244,0.9205,0.986078125,64000,288000,352000,144.0,282624000,0.003283000000010361,0.002083500000026106,168.822265625
ariad,2000,32,0,229,0.0004893792793154716,0.920859375,0.98571875,64000,288000,352000,144.0,282624000,0.0032933999996203056,0.0021050000000286673,168.822265625
ariad,2000,32,0,230,0.0004886538372375071,0.921265625,0.9860625,64000,288000,352000,144.0,282624000,0.003430599999774131,0.0021603000000141037,168.822265625
ariad,2000,32,0,231,0.00048797004274092615,0.921609375,0.98603125,64000,288000,352000,144.0,282624000,0.003706799999690702,0.002344999999877473,168.822265625
ariad,2000,32,0,232,0.0004873361031059176,0.922,0.986328125,64000,288000,352000,144.0,282624000,0.0033867999995891296,0.0021123999999872467,168.822265625
ariad,2000,32,0,233,0.0004867204697802663,0.92228125,0.9863125,64000,288000,352000,144.0,282624000,0.003405300000395073,0.0020996999996896193,168.822265625
ariad,2000,32,0,234,0.0004861438646912575,0.922546875,0.9866875,64000,288000,352000,144.0,282624000,0.0032572999998592422,0.0020346000001154607,168.822265625
ariad,2000,32,0,235,0.0004856409796047956,0.922875,0.9869375,64000,288000,352000,144.0,282624000,0.00331770000002507,0.00203300000021045,168.822265625
ariad,2000,32,0,236,0.0004851628909818828,0.92328125,0.987125,64000,288000,352000,144.0,282624000,0.0032060999997156614,0.0020350999998299812,168.822265625
ariad,2000,32,0,237,0.00048474399955011904,0.92346875,0.9871875,64000,288000,352000,144.0,282624000,0.0032728000001043256,0.0020518000001175096,168.822265625
ariad,2000,32,0,238,0.0004843166971113533,0.923859375,0.98715625,64000,288000,352000,144.0,282624000,0.0032480999998369953,0.0020440000002963643,168.822265625
ariad,2000,32,0,239,0.00048391686868853867,0.92421875,0.987359375,64000,288000,352000,144.0,282624000,0.003555499999947642,0.0022848999997222563,168.822265625
ariad,2000,32,0,240,0.0004835470172110945,0.924296875,0.98721875,64000,288000,352000,144.0,282624000,0.0032653000002937915,0.002045899999757239,168.822265625
ariad,2000,32,0,241,0.000483176379930228,0.92459375,0.987265625,64000,288000,352000,144.0,282624000,0.003413200000068173,0.002146300000276824,168.822265625
ariad,2000,32,0,242,0.0004828471865039319,0.9248125,0.987359375,64000,288000,352000,144.0,282624000,0.003282499999841093,0.002018200000293291,168.822265625
ariad,2000,32,0,243,0.000482574658235535,0.925015625,0.9875625,64000,288000,352000,144.0,282624000,0.0031883000001471373,0.002026499999828957,168.822265625
ariad,2000,32,0,244,0.0004822918272111565,0.925125,0.98753125,64000,288000,352000,144.0,282624000,0.003277799999978015,0.0020608999998330546,168.822265625
ariad,2000,32,0,245,0.00048206071369349957,0.92534375,0.987828125,64000,288000,352000,144.0,282624000,0.003273000000262982,0.001989800000046671,168.822265625
ariad,2000,32,0,246,0.00048183463513851166,0.92540625,0.987875,64000,288000,352000,144.0,282624000,0.0033134999998765124,0.002075399999739602,168.822265625
ariad,2000,32,0,247,0.0004816418222617358,0.925578125,0.988046875,64000,288000,352000,144.0,282624000,0.003218599999854632,0.001990100000057282,168.822265625
ariad,2000,32,0,248,0.000481486291391775,0.925625,0.988015625,64000,288000,352000,144.0,282624000,0.0032445000001644075,0.0020237999997334555,168.822265625
ariad,2000,32,0,249,0.0004813024715986103,0.92584375,0.987921875,64000,288000,352000,144.0,282624000,0.0033464000002823013,0.0020615999997062318,168.822265625
ariad,2000,32,0,250,0.00048114213859662414,0.925859375,0.98784375,64000,288000,352000,144.0,282624000,0.003339000000323722,0.0021255999999993946,168.822265625
ariad,2000,32,0,251,0.00048103011795319617,0.926140625,0.988296875,64000,288000,352000,144.0,282624000,0.003281799999967916,0.0020837000001847628,168.822265625
ariad,2000,32,0,252,0.0004808843368664384,0.926375,0.9884375,64000,288000,352000,144.0,282624000,0.004093200000170327,0.0020150000000285218,168.822265625
ariad,2000,32,0,253,0.00048075971426442266,0.926546875,0.988359375,64000,288000,352000,144.0,282624000,0.003410400000120717,0.0020927999999003077,168.822265625
ariad,2000,32,0,254,0.0004806387878488749,0.926703125,0.9886875,64000,288000,352000,144.0,282624000,0.0032304999999723805,0.0019841999996970117,168.822265625
ariad,2000,32,0,255,0.0004805301723536104,0.926875,0.9889375,64000,288000,352000,144.0,282624000,0.003586700000141718,0.002062500000192813,168.822265625
ariad,2000,32,0,256,0.0004804124473594129,0.92696875,0.988984375,64000,288000,352000,144.0,282624000,0.005254199999853881,0.0038974999997662962,168.822265625
ariad,2000,32,0,257,0.00048030534526333213,0.927,0.98896875,64000,288000,352000,144.0,282624000,0.0032799000000522938,0.0020528999998532527,168.822265625
ariad,2000,32,0,258,0.0004802124749403447,0.927171875,0.98884375,64000,288000,352000,144.0,282624000,0.0040702999999666645,0.00279210000007879,168.822265625
ariad,2000,32,0,259,0.0004801746690645814,0.927265625,0.98928125,64000,288000,352000,144.0,282624000,0.0032796000000416825,0.001999000000068918,168.822265625
ariad,2000,32,0,260,0.0004801163449883461,0.92725,0.989390625,64000,288000,352000,144.0,282624000,0.003292899999905785,0.002079700000194862,168.822265625
ariad,2000,32,0,261,0.0004800557508133352,0.9273125,0.989359375,64000,288000,352000,144.0,282624000,0.0035582000000431435,0.0020877000001746637,168.822265625
ariad,2000,32,0,262,0.00048001654795370996,0.927359375,0.9895,64000,288000,352000,144.0,282624000,0.0032528000001548207,0.0020362999998724263,168.822265625
ariad,2000,32,0,263,0.00047992999316193163,0.927359375,0.989546875,64000,288000,352000,144.0,282624000,0.0032874999997147825,0.0020312000001467823,168.822265625
ariad,2000,32,0,264,0.00047987670404836535,0.92746875,0.989671875,64000,288000,352000,144.0,282624000,0.003218599999854632,0.002021599999807222,168.822265625
ariad,2000,32,0,265,0.00047982347314246,0.9275,0.989734375,64000,288000,352000,144.0,282624000,0.0032362000001739943,0.001997800000026473,168.822265625
ariad,2000,32,0,266,0.0004797625297214836,0.92753125,0.989796875,64000,288000,352000,144.0,282624000,0.0032384999999521824,0.00203719999990426,168.822265625
ariad,2000,32,0,267,0.00047971520689316094,0.927578125,0.989921875,64000,288000,352000,144.0,282624000,0.00331529999994018,0.002051999999821419,168.822265625
ariad,2000,32,0,268,0.0004796695720870048,0.92759375,0.989984375,64000,288000,352000,144.0,282624000,0.0032489000000168744,0.0020431000002645305,168.822265625
ariad,2000,32,0,269,0.0004796442517545074,0.927625,0.989921875,64000,288000,352000,144.0,282624000,0.0033315000000584405,0.002086699999836128,168.822265625
ariad,2000,32,0,270,0.00047961887321434915,0.927546875,0.99,64000,288000,352000,144.0,282624000,0.003221399999802088,0.002023999999892112,168.822265625
ariad,2000,32,0,271,0.00047959163202904165,0.927671875,0.990109375,64000,288000,352000,144.0,282624000,0.0033717999999680615,0.0020830000003115856,168.822265625
ariad,2000,32,0,272,0.0004795725108124316,0.92765625,0.99015625,64000,288000,352000,144.0,282624000,0.0032535999998799525,0.002042399999936606,168.822265625
ariad,2000,32,0,273,0.00047954311594367027,0.927796875,0.99028125,64000,288000,352000,144.0,282624000,0.003253800000038609,0.0020088000001123874,168.822265625
ariad,2000,32,0,274,0.000479518057545647,0.92775,0.990375,64000,288000,352000,144.0,282624000,0.0032206000000769563,0.0019874999998137355,168.822265625
ariad,2000,32,0,275,0.0004794916312675923,0.9276875,0.99040625,64000,288000,352000,144.0,282624000,0.003287100000306964,0.002082699999846227,168.822265625
ariad,2000,32,0,276,0.00047947210259735584,0.92771875,0.9905625,64000,288000,352000,144.0,282624000,0.003366100000221195,0.0020650000001296576,168.822265625
ariad,2000,32,0,277,0.0004794529522769153,0.92771875,0.99065625,64000,288000,352000,144.0,282624000,0.00324270000010074,0.002028500000051281,168.822265625
ariad,2000,32,0,278,0.00047943374374881387,0.927671875,0.99075,64000,288000,352000,144.0,282624000,0.0035190999997212202,0.0021209000001363165,168.822265625
ariad,2000,32,0,279,0.00047940091462805867,0.927625,0.9908125,64000,288000,352000,144.0,282624000,0.0045627999998032465,0.0021477000000231783,168.822265625
ariad,2000,32,0,280,0.0004793835978489369,0.927671875,0.990875,64000,288000,352000,144.0,282624000,0.0032912000001488195,0.002061200000298413,168.822265625
ariad,2000,32,0,281,0.00047935693874023855,0.927734375,0.9909375,64000,288000,352000,144.0,282624000,0.0032796000000416825,0.0020534000000225205,168.822265625
ariad,2000,32,0,282,0.00047932882444001734,0.927765625,0.991078125,64000,288000,352000,144.0,282624000,0.0032221999999819673,0.002032800000051793,168.822265625
ariad,2000,32,0,283,0.00047931293374858797,0.9278125,0.991125,64000,288000,352000,144.0,282624000,0.003222700000151235,0.002009700000144221,168.822265625
ariad,2000,32,0,284,0.0004793152038473636,0.92784375,0.991078125,64000,288000,352000,144.0,282624000,0.0032785999997031468,0.002074300000003859,168.822265625
ariad,2000,32,0,285,0.00047929835272952914,0.92784375,0.991171875,64000,288000,352000,144.0,282624000,0.003207899999779329,0.001999000000068918,168.822265625
ariad,2000,32,0,286,0.00047929599531926215,0.927875,0.991171875,64000,288000,352000,144.0,282624000,0.003382299999884708,0.0019956000001002394,168.822265625
ariad,2000,32,0,287,0.0004792858671862632,0.927921875,0.99121875,64000,288000,352000,144.0,282624000,0.0032044999998106505,0.0020001000002594083,168.822265625
ariad,2000,32,0,288,0.00047928429557941854,0.92796875,0.99125,64000,288000,352000,144.0,282624000,0.003290200000265031,0.0020483000002968765,168.822265625
ariad,2000,32,0,289,0.00047927763080224395,0.927984375,0.99121875,64000,288000,352000,144.0,282624000,0.003328899999814894,0.0020725999997921463,168.822265625
ariad,2000,32,0,290,0.00047928778803907335,0.928046875,0.991265625,64000,288000,352000,144.0,282624000,0.0033096000001933135,0.002079500000036205,168.822265625
ariad,2000,32,0,291,0.00047927768900990486,0.92809375,0.99125,64000,288000,352000,144.0,282624000,0.003240800000185118,0.0020534000000225205,168.822265625
ariad,2000,32,0,292,0.0004792827239725739,0.928109375,0.9914375,64000,288000,352000,144.0,282624000,0.003227900000183581,0.002029199999924458,168.822265625
ariad,2000,32,0,293,0.0004792814434040338,0.928109375,0.991484375,64000,288000,352000,144.0,282624000,0.00571910000007847,0.0020466999999371183,168.822265625
ariad,2000,32,0,294,0.00047926881234161556,0.928078125,0.99146875,64000,288000,352000,144.0,282624000,0.0035124000000905653,0.002018600000155857,168.822265625
ariad,2000,32,0,295,0.00047923618694767356,0.928078125,0.991609375,64000,288000,352000,144.0,282624000,0.003351999999722466,0.002102299999933166,168.822265625
ariad,2000,32,0,296,0.0004792299005202949,0.92809375,0.99165625,64000,288000,352000,144.0,282624000,0.0033778000001802866,0.002085099999931117,168.822265625
ariad,2000,32,0,297,0.0004792266117874533,0.928109375,0.991703125,64000,288000,352000,144.0,282624000,0.003283699999883538,0.0020384999997986597,168.822265625
ariad,2000,32,0,298,0.0004792260588146746,0.92809375,0.991703125,64000,288000,352000,144.0,282624000,0.003235799999856681,0.0020159000000603555,168.822265625
ariad,2000,32,0,299,0.0004792240506503731,0.928125,0.9916875,64000,288000,352000,144.0,282624000,0.003275900000062393,0.002001699999709672,168.822265625
ariad,2000,32,0,300,0.00047922058729454875,0.92815625,0.99171875,64000,288000,352000,144.0,282624000,0.003342900000006921,0.0021127999998498126,168.822265625
ariad,2000,32,0,301,0.0004792204708792269,0.928234375,0.9916875,64000,288000,352000,144.0,282624000,0.0034231000004183443,0.002122400000189373,168.822265625
ariad,2000,32,0,302,0.0004792156396433711,0.928234375,0.991734375,64000,288000,352000,144.0,282624000,0.003319199999623379,0.0021096000000397908,168.822265625
ariad,2000,32,0,303,0.0004792247200384736,0.92821875,0.991828125,64000,288000,352000,144.0,282624000,0.0033200000002580055,0.0020896999999422405,168.822265625
ariad,2000,32,0,304,0.0004792335967067629,0.9281875,0.99184375,64000,288000,352000,144.0,282624000,0.0032734999999775027,0.002047200000106386,168.822265625
ariad,2000,32,0,305,0.00047922899830155075,0.9281875,0.991796875,64000,288000,352000,144.0,282624000,0.003404000000045926,0.0021128999997017672,168.822265625
ariad,2000,32,0,306,0.000479236216051504,0.928171875,0.991890625,64000,288000,352000,144.0,282624000,0.003517699999974866,0.0021759999999630963,168.822265625
ariad,2000,32,0,307,0.0004792335967067629,0.928203125,0.99196875,64000,288000,352000,144.0,282624000,0.0034939000001941167,0.0021563000000242027,168.822265625
ariad,2000,32,0,308,0.00047923673992045224,0.928234375,0.991953125,64000,288000,352000,144.0,282624000,0.003384699999969598,0.0021077999999761232,168.822265625
ariad,2000,32,0,309,0.00047922952217049897,0.92825,0.991921875,64000,288000,352000,144.0,282624000,0.003422000000227854,0.0021292000001267297,168.822265625
ariad,2000,32,0,310,0.00047924017417244613,0.928234375,0.992,64000,288000,352000,144.0,282624000,0.0033688000003166962,0.002073600000130682,168.822265625
ariad,2000,32,0,311,0.00047923537204042077,0.928203125,0.991984375,64000,288000,352000,144.0,282624000,0.003348399999595131,0.002082299999983661,168.822265625
ariad,2000,32,0,312,0.00047923781676217914,0.928171875,0.99203125,64000,288000,352000,144.0,282624000,0.0037902000003668945,0.0020336000002316723,168.822265625
ariad,2000,32,0,313,0.00047923889360390604,0.92815625,0.991984375,64000,288000,352000,144.0,282624000,0.0034797000002981804,0.001992200000131561,168.822265625
ariad,2000,32,0,314,0.0004792389227077365,0.9281875,0.992015625,64000,288000,352000,144.0,282624000,0.0033868999998958316,0.002069499999834079,168.822265625
ariad,2000,32,0,315,0.000479236216051504,0.928203125,0.9920625,64000,288000,352000,144.0,282624000,0.0033417999998164305,0.002039300000433286,168.822265625
ariad,2000,32,0,316,0.0004792350810021162,0.92825,0.99209375,64000,288000,352000,144.0,282624000,0.00329650000003312,0.002030399999966903,168.822265625
ariad,2000,32,0,317,0.00047922853264026344,0.928265625,0.992109375,64000,288000,352000,144.0,282624000,0.0032035000003816094,0.00200089999998454,168.822265625
ariad,2000,32,0,318,0.000479240610729903,0.92828125,0.99215625,64000,288000,352000,144.0,282624000,0.003280599999925471,0.002023400000325637,168.822265625
ariad,2000,32,0,319,0.0004792388353962451,0.9283125,0.992171875,64000,288000,352000,144.0,282624000,0.003435200000240002,0.0020791000001736393,168.822265625
ariad,2000,32,0,320,0.00047924171667546034,0.928359375,0.992296875,64000,288000,352000,144.0,282624000,0.0032792000001791166,0.0020835999998780608,168.822265625
ariad,2000,32,0,321,0.0004792401450686157,0.92840625,0.992328125,64000,288000,352000,144.0,282624000,0.003265400000145746,0.0020487000001594424,168.822265625
ariad,2000,32,0,322,0.0004792498075403273,0.928375,0.992375,64000,288000,352000,144.0,282624000,0.0032776000002741057,0.002088000000185275,168.822265625
ariad,2000,32,0,323,0.00047924730461090803,0.928359375,0.992421875,64000,288000,352000,144.0,282624000,0.003258199999891076,0.0020374999999148713,168.822265625
ariad,2000,32,0,324,0.00047924270620569587,0.928296875,0.9924375,64000,288000,352000,144.0,282624000,0.0032547999999223975,0.001993800000036572,168.822265625
ariad,2000,32,0,325,0.0004792450927197933,0.928328125,0.9925,64000,288000,352000,144.0,282624000,0.004660000000058062,0.002951999999822874,168.822265625
ariad,2000,32,0,326,0.00047924648970365524,0.928296875,0.992453125,64000,288000,352000,144.0,282624000,0.003196399999978894,0.002014099999996688,168.822265625
ariad,2000,32,0,327,0.00047925373655743897,0.9283125,0.992546875,64000,288000,352000,144.0,282624000,0.0032308999998349464,0.002047200000106386,168.822265625
ariad,2000,32,0,328,0.0004792470717802644,0.92828125,0.9925625,64000,288000,352000,144.0,282624000,0.0034731000000647327,0.0020662000001721026,168.822265625
ariad,2000,32,0,329,0.0004792387771885842,0.9283125,0.9925625,64000,288000,352000,144.0,282624000,0.0033103999999184452,0.0020816999999624386,168.822265625
ariad,2000,32,0,330,0.000479245325550437,0.928296875,0.9925625,64000,288000,352000,144.0,282624000,0.0032035999997788167,0.0020126999997955863,168.822265625
ariad,2000,32,0,331,0.0004792332765646279,0.928328125,0.99259375,64000,288000,352000,144.0,282624000,0.003290200000265031,0.0020433999998203944,168.822265625
ariad,2000,32,0,332,0.00047923484817147255,0.928328125,0.992640625,64000,288000,352000,144.0,282624000,0.004416599999785831,0.0030627999999524036,168.822265625
ariad,2000,32,0,333,0.0004792426188942045,0.9283125,0.992625,64000,288000,352000,144.0,282624000,0.0031853000000410248,0.0020034999997733394,168.822265625
ariad,2000,32,0,334,0.00047923848615027964,0.928296875,0.99259375,64000,288000,352000,144.0,282624000,0.003260099999806698,0.002029199999924458,168.822265625
ariad,2000,32,0,335,0.0004792411345988512,0.928328125,0.992640625,64000,288000,352000,144.0,282624000,0.0058717000001706765,0.002079200000025594,168.822265625
ariad,2000,32,0,336,0.00047924602404236794,0.928328125,0.992625,64000,288000,352000,144.0,282624000,0.0035306999998283572,0.0020988999999644875,168.822265625
ariad,2000,32,0,337,0.00047923371312208474,0.92834375,0.992640625,64000,288000,352000,144.0,282624000,0.00356210000018109,0.002149400000234891,168.822265625
ariad,2000,32,0,338,0.0004792295803781599,0.928375,0.9926875,64000,288000,352000,144.0,282624000,0.0035055000003012537,0.002217199999904551,168.822265625
ariad,2000,32,0,339,0.0004792271356564015,0.928359375,0.99271875,64000,288000,352000,144.0,282624000,0.003261800000018411,0.0020337999999355816,168.822265625
ariad,2000,32,0,340,0.0004792270774487406,0.928390625,0.9926875,64000,288000,352000,144.0,282624000,0.003239399999984016,0.002001299999847106,168.822265625
ariad,2000,32,0,341,0.00047923793317750096,0.928375,0.99271875,64000,288000,352000,144.0,282624000,0.003390699999727076,0.002114499999606778,168.822265625
ariad,2000,32,0,342,0.0004792364197783172,0.928375,0.99271875,64000,288000,352000,144.0,282624000,0.003355999999712367,0.0020879999997305276,168.822265625
ariad,2000,32,0,343,0.0004792304243892431,0.928359375,0.992765625,64000,288000,352000,144.0,282624000,0.003366299999925104,0.002117200000157027,168.822265625
ariad,2000,32,0,344,0.0004792270774487406,0.928390625,0.992765625,64000,288000,352000,144.0,282624000,0.0033125999998446787,0.002080900000237307,168.822265625
ariad,2000,32,0,345,0.0004792316467501223,0.928390625,0.992796875,64000,288000,352000,144.0,282624000,0.003504200000406854,0.0021590999999716587,168.822265625
ariad,2000,32,0,346,0.00047923316014930606,0.928390625,0.992796875,64000,288000,352000,144.0,282624000,0.0032817000001159613,0.002046799999789073,168.822265625
ariad,2000,32,0,347,0.00047923295642249286,0.928390625,0.99275,64000,288000,352000,144.0,282624000,0.0031956999996509694,0.0020181999998385436,168.822265625
ariad,2000,32,0,348,0.00047922064550220966,0.928421875,0.9928125,64000,288000,352000,144.0,282624000,0.0032450000003336754,0.001979799999844545,168.822265625
ariad,2000,32,0,349,0.0004792336549144238,0.92840625,0.992828125,64000,288000,352000,144.0,282624000,0.0033568999997442006,0.0021153000002414046,168.822265625
ariad,2000,32,0,350,0.0004792358377017081,0.928390625,0.992859375,64000,288000,352000,144.0,282624000,0.0032744000000093365,0.0020648999998229556,168.822265625
ariad,2000,32,0,351,0.000479238253319636,0.92840625,0.992828125,64000,288000,352000,144.0,282624000,0.0032449000000269734,0.002025599999797123,168.822265625
ariad,2000,32,0,352,0.0004792359541170299,0.928390625,0.9928125,64000,288000,352000,144.0,282624000,0.003297400000064954,0.0020546000000649656,168.822265625
ariad,2000,32,0,353,0.00047922716476023197,0.928390625,0.992859375,64000,288000,352000,144.0,282624000,0.0032636999999340333,0.002006899999742018,168.822265625
ariad,2000,32,0,354,0.0004792428226210177,0.928375,0.992859375,64000,288000,352000,144.0,282624000,0.0032739999996920233,0.002071200000045792,168.822265625
ariad,2000,32,0,355,0.0004792373802047223,0.928390625,0.992875,64000,288000,352000,144.0,282624000,0.0033260000000154832,0.0021009000001868117,168.822265625
ariad,2000,32,0,356,0.0004792269319295883,0.928421875,0.99290625,64000,288000,352000,144.0,282624000,0.003523299999869778,0.0021422999998321757,168.822265625
ariad,2000,32,0,357,0.0004792403196915984,0.92846875,0.992953125,64000,288000,352000,144.0,282624000,0.0033690000000206055,0.0020599000004040136,168.822265625
ariad,2000,32,0,358,0.0004792383115272969,0.92846875,0.992984375,64000,288000,352000,144.0,282624000,0.0033432999998694868,0.002111899999817979,168.822265625
ariad,2000,32,0,359,0.0004792381951119751,0.928515625,0.992984375,64000,288000,352000,144.0,282624000,0.00464590000001408,0.002442800000153511,168.822265625
ariad,2000,32,0,360,0.00047923854435794055,0.928515625,0.993046875,64000,288000,352000,144.0,282624000,0.004031700000268756,0.002515399999992951,168.822265625
ariad,2000,32,0,361,0.0004792279505636543,0.928515625,0.99303125,64000,288000,352000,144.0,282624000,0.0034292000000277767,0.002110599999923579,168.822265625
ariad,2000,32,0,362,0.0004792242543771863,0.9285,0.993078125,64000,288000,352000,144.0,282624000,0.0038531000000148197,0.0021726999998463725,168.822265625
ariad,2000,32,0,363,0.0004792250692844391,0.928515625,0.993078125,64000,288000,352000,144.0,282624000,0.0032574000001659442,0.0020489999997153063,168.822265625
ariad,2000,32,0,364,0.00047922355588525534,0.9285,0.993078125,64000,288000,352000,144.0,282624000,0.003294499999810796,0.0020688999998128565,168.822265625
ariad,2000,32,0,365,0.0004792317340616137,0.928515625,0.9930625,64000,288000,352000,144.0,282624000,0.003536799999892537,0.0021242000002530403,168.822265625
ariad,2000,32,0,366,0.00047923679812811315,0.92846875,0.993125,64000,288000,352000,144.0,282624000,0.0032259999998132116,0.0020379000002321845,168.822265625
ariad,2000,32,0,367,0.0004792355466634035,0.928484375,0.993140625,64000,288000,352000,144.0,282624000,0.003229899999951158,0.001991100000395818,168.822265625
ariad,2000,32,0,368,0.00047924360842444,0.928515625,0.993109375,64000,288000,352000,144.0,282624000,0.0033001000001604552,0.0020976999999220425,168.822265625
ariad,2000,32,0,369,0.0004792350810021162,0.928515625,0.993140625,64000,288000,352000,144.0,282624000,0.003298499999800697,0.0020955999998477637,168.822265625
ariad,2000,32,0,370,0.0004792338877450675,0.92853125,0.993203125,64000,288000,352000,144.0,282624000,0.003223600000183069,0.001985299999887502,168.822265625
ariad,2000,32,0,371,0.00047923135571181774,0.928515625,0.993234375,64000,288000,352000,144.0,282624000,0.003318700000363606,0.0020905999999740743,168.822265625
ariad,2000,32,0,372,0.0004792368272319436,0.928546875,0.993203125,64000,288000,352000,144.0,282624000,0.0032096999998429965,0.001995399999941583,168.822265625
ariad,2000,32,0,373,0.00047923624515533447,0.9285625,0.9931875,64000,288000,352000,144.0,282624000,0.0033544000002621033,0.002137699999821052,168.822265625
ariad,2000,32,0,374,0.0004792273393832147,0.92853125,0.993296875,64000,288000,352000,144.0,282624000,0.00340669999968668,0.00198580000005677,168.822265625
ariad,2000,32,0,375,0.00047923007514327765,0.928546875,0.9933125,64000,288000,352000,144.0,282624000,0.0032415999999102496,0.0020152000001871784,168.822265625
ariad,2000,32,0,376,0.00047923761303536594,0.928515625,0.993296875,64000,288000,352000,144.0,282624000,0.003254899999774352,0.002041899999767338,168.822265625
ariad,2000,32,0,377,0.00047924183309078217,0.9285625,0.993359375,64000,288000,352000,144.0,282624000,0.0033440000001974113,0.002046000000063941,168.822265625
ariad,2000,32,0,378,0.0004792566178366542,0.928609375,0.993421875,64000,288000,352000,144.0,282624000,0.003339200000027631,0.002139400000032765,168.822265625
ariad,2000,32,0,379,0.0004792555409949273,0.928609375,0.99340625,64000,288000,352000,144.0,282624000,0.0034777000000758562,0.002209199999924749,168.822265625
ariad,2000,32,0,380,0.00047925402759574354,0.928625,0.993390625,64000,288000,352000,144.0,282624000,0.0032698999998501677,0.0020673999997598003,168.822265625
ariad,2000,32,0,381,0.0004792539984919131,0.928671875,0.993453125,64000,288000,352000,144.0,282624000,0.003349899999648187,0.0019806999998763786,168.822265625
ariad,2000,32,0,382,0.0004792475956492126,0.928609375,0.99346875,64000,288000,352000,144.0,282624000,0.0032193000001825567,0.002035999999861815,168.822265625
ariad,2000,32,0,383,0.00047925408580340445,0.928609375,0.9935,64000,288000,352000,144.0,282624000,0.005256399999780115,0.0020364000001791283,168.822265625
ariad,2000,32,0,384,0.00047925158287398517,0.928609375,0.99353125,64000,288000,352000,144.0,282624000,0.004027999999834719,0.0020855000002484303,168.822265625
ariad,2000,32,0,385,0.0004792489344254136,0.928609375,0.993546875,64000,288000,352000,144.0,282624000,0.0032336999997824023,0.0020064000000274973,168.822265625
ariad,2000,32,0,386,0.00047925033140927553,0.928609375,0.9935625,64000,288000,352000,144.0,282624000,0.003194199999597913,0.0020206999997753883,168.822265625
ariad,2000,32,0,387,0.000479251699289307,0.928625,0.9935625,64000,288000,352000,144.0,282624000,0.003315999999813357,0.0020985000001019216,168.822265625
ariad,2000,32,0,388,0.0004792572872247547,0.928609375,0.9935625,64000,288000,352000,144.0,282624000,0.00559979999979987,0.0021412000000964326,168.822265625
ariad,2000,32,0,389,0.0004792524559888989,0.928625,0.993609375,64000,288000,352000,144.0,282624000,0.0036419000002752,0.0021295999999892956,168.822265625
ariad,2000,32,0,390,0.0004792477993760258,0.928671875,0.993625,64000,288000,352000,144.0,282624000,0.0036153000000922475,0.002065200000288314,168.822265625
ariad,2000,32,0,391,0.0004792488762177527,0.928671875,0.9936875,64000,288000,352000,144.0,282624000,0.004144700000324519,0.0026321999998799583,168.822265625
ariad,2000,32,0,392,0.0004792465770151466,0.928671875,0.993734375,64000,288000,352000,144.0,282624000,0.0034731000000647327,0.00206320000006599,168.822265625
ariad,2000,32,0,393,0.0004792480613104999,0.9286875,0.993765625,64000,288000,352000,144.0,282624000,0.003300500000023021,0.0019956000001002394,168.822265625
ariad,2000,32,0,394,0.0004792461113538593,0.9286875,0.993734375,64000,288000,352000,144.0,282624000,0.003331700000217097,0.002005800000006275,168.822265625
ariad,2000,32,0,395,0.0004792334802914411,0.92871875,0.993734375,64000,288000,352000,144.0,282624000,0.0034054000002470275,0.0020792999998775485,168.822265625
ariad,2000,32,0,396,0.00047923449892550707,0.928703125,0.993671875,64000,288000,352000,144.0,282624000,0.00329890000011801,0.0020867999996880826,168.822265625
ariad,2000,32,0,397,0.0004792384570464492,0.9286875,0.99375,64000,288000,352000,144.0,282624000,0.0033382999999957974,0.0020883999995930935,168.822265625
ariad,2000,32,0,398,0.0004792438412550837,0.928671875,0.993765625,64000,288000,352000,144.0,282624000,0.003210299999864219,0.001999400000386231,168.822265625
ariad,2000,32,0,399,0.0004792449180968106,0.92865625,0.99371875,64000,288000,352000,144.0,282624000,0.0032682999999451567,0.00205050000022311,168.822265625
ariad,2000,32,0,400,0.00047925254330039024,0.9286875,0.993734375,64000,288000,352000,144.0,282624000,0.0032521000002816436,0.002058800000213523,168.822265625
ariad,2000,32,0,401,0.0004792491381522268,0.9286875,0.993765625,64000,288000,352000,144.0,282624000,0.0035050999999839405,0.0022262000002228888,168.822265625
ariad,2000,32,0,402,0.00047925100079737604,0.9286875,0.993828125,64000,288000,352000,144.0,282624000,0.003348799999912444,0.0020997000001443666,168.822265625
ariad,2000,32,0,403,0.00047925167018547654,0.9286875,0.993828125,64000,288000,352000,144.0,282624000,0.003259399999933521,0.0020131000001128996,168.822265625
ariad,2000,32,0,404,0.000479240930872038,0.92871875,0.993875,64000,288000,352000,144.0,282624000,0.003435900000113179,0.0020514000002549437,168.822265625
ariad,2000,32,0,405,0.0004792373802047223,0.928703125,0.993875,64000,288000,352000,144.0,282624000,0.0032452000000375847,0.0020509999999376305,168.822265625
ariad,2000,32,0,406,0.00047923982492648065,0.928734375,0.99390625,64000,288000,352000,144.0,282624000,0.003333699999984674,0.002063799999632465,168.822265625
ariad,2000,32,0,407,0.00047923121019266546,0.92875,0.9939375,64000,288000,352000,144.0,282624000,0.003241100000195729,0.002036399999724381,168.822265625
ariad,2000,32,0,408,0.0004792270774487406,0.928765625,0.993984375,64000,288000,352000,144.0,282624000,0.003210999999737396,0.0020265999996809114,168.822265625
ariad,2000,32,0,409,0.00047922731027938426,0.92875,0.994,64000,288000,352000,144.0,282624000,0.003319699999792647,0.002048500000000786,168.822265625
ariad,2000,32,0,410,0.0004792289109900594,0.92878125,0.993984375,64000,288000,352000,144.0,282624000,0.0032492000000274857,0.0020393999998304935,168.822265625
ariad,2000,32,0,411,0.0004792304534930736,0.92878125,0.9940625,64000,288000,352000,144.0,282624000,0.0033515000000079453,0.0020472999999583408,168.822265625
ariad,2000,32,0,412,0.00047922454541549087,0.92878125,0.994140625,64000,288000,352000,144.0,282624000,0.003908800000317569,0.00211589999980788,168.822265625
ariad,2000,32,0,413,0.0004792225081473589,0.928796875,0.994140625,64000,288000,352000,144.0,282624000,0.00352210000028208,0.0020332999997663137,168.822265625
ariad,2000,32,0,414,0.0004792237014044076,0.928796875,0.994109375,64000,288000,352000,144.0,282624000,0.0034019999998236017,0.0020451000000321073,168.822265625
ariad,2000,32,0,415,0.0004792243998963386,0.928796875,0.99415625,64000,288000,352000,144.0,282624000,0.0034578999998302606,0.0020607999999811,168.822265625
ariad,2000,32,0,416,0.0004792251856997609,0.928796875,0.9941875,64000,288000,352000,144.0,282624000,0.0034343999996053753,0.0021422999998321757,168.822265625
ariad,2000,32,0,417,0.0004792264080606401,0.92878125,0.994203125,64000,288000,352000,144.0,282624000,0.003339599999890197,0.002068799999960902,168.822265625
ariad,2000,32,0,418,0.00047922972589731216,0.928765625,0.994203125,64000,288000,352000,144.0,282624000,0.003769500000089465,0.002106599999933678,168.822265625
ariad,2000,32,0,419,0.00047922509838826954,0.92875,0.99415625,64000,288000,352000,144.0,282624000,0.0040895000001910375,0.002236100000118313,168.822265625
ariad,2000,32,0,420,0.0004792185500264168,0.928734375,0.9941875,64000,288000,352000,144.0,282624000,0.004422500000146101,0.002358499999900232,168.822265625
ariad,2000,32,0,421,0.00047921648365445435,0.92875,0.994171875,64000,288000,352000,144.0,282624000,0.004107499999918218,0.0023177000002760906,168.822265625
ariad,2000,32,0,422,0.00047922402154654264,0.92875,0.9941875,64000,288000,352000,144.0,282624000,0.004150899999785906,0.002417700000023615,168.822265625
ariad,2000,32,0,423,0.00047922536032274365,0.928734375,0.99425,64000,288000,352000,144.0,282624000,0.003983399999924586,0.0022238000001379987,168.822265625
ariad,2000,32,0,424,0.0004792230320163071,0.928734375,0.994234375,64000,288000,352000,144.0,282624000,0.004717499999969732,0.0027961999999206455,168.822265625
ariad,2000,32,0,425,0.00047922602971084416,0.92875,0.99425,64000,288000,352000,144.0,282624000,0.004176700000243727,0.002606000000014319,168.822265625
ariad,2000,32,0,426,0.00047922428348101676,0.92878125,0.99428125,64000,288000,352000,144.0,282624000,0.0037505999998757034,0.0021775999998681073,168.822265625
ariad,2000,32,0,427,0.00047922375961206853,0.928765625,0.99428125,64000,288000,352000,144.0,282624000,0.0033847999998215528,0.00210560000004989,168.822265625
ariad,2000,32,0,428,0.0004792171821463853,0.9288125,0.99434375,64000,288000,352000,144.0,282624000,0.0034604000002218527,0.0021051000003353693,168.822265625
ariad,2000,32,0,429,0.000479228823678568,0.92878125,0.994375,64000,288000,352000,144.0,282624000,0.0036096999997425883,0.002215299999988929,168.822265625
ariad,2000,32,0,430,0.0004792287654709071,0.92878125,0.994359375,64000,288000,352000,144.0,282624000,0.003344500000366679,0.0020877000001746637,168.822265625
ariad,2000,32,0,431,0.0004792242543771863,0.928765625,0.99434375,64000,288000,352000,144.0,282624000,0.0034526999997979146,0.002180899999984831,168.822265625
ariad,2000,32,0,432,0.00047922736848704517,0.928765625,0.994390625,64000,288000,352000,144.0,282624000,0.003733400000328402,0.0022865999999339692,168.822265625
ariad,2000,32,0,433,0.0004792267573066056,0.928765625,0.994421875,64000,288000,352000,144.0,282624000,0.0034012999999504245,0.002186100000017177,168.822265625
ariad,2000,32,0,434,0.00047921197256073356,0.92875,0.994453125,64000,288000,352000,144.0,282624000,0.00343990000010308,0.0020905999999740743,168.822265625
ariad,2000,32,0,435,0.0004792051331605762,0.928765625,0.9944375,64000,288000,352000,144.0,282624000,0.003580399999918882,0.0022112000001470733,168.822265625
ariad,2000,32,0,436,0.0004792126128450036,0.928734375,0.9944375,64000,288000,352000,144.0,282624000,0.003304099999695609,0.002070199999707256,168.822265625
ariad,2000,32,0,437,0.00047921252553351223,0.928765625,0.9944375,64000,288000,352000,144.0,282624000,0.0033846000001176435,0.002030799999829469,168.822265625
ariad,2000,32,0,438,0.0004792069084942341,0.928796875,0.9945,64000,288000,352000,144.0,282624000,0.0037869000002501707,0.0024120999996739556,168.822265625
ariad,2000,32,0,439,0.00047919672215357423,0.92878125,0.994515625,64000,288000,352000,144.0,282624000,0.003690399999868532,0.0023134999996727856,168.822265625
ariad,2000,32,0,440,0.000479204609291628,0.92878125,0.994515625,64000,288000,352000,144.0,282624000,0.003322499999740103,0.0020865000001322187,168.822265625
ariad,2000,32,0,441,0.0004792001564055681,0.928765625,0.994515625,64000,288000,352000,144.0,282624000,0.0035879000001841632,0.0021624000000883825,168.822265625
ariad,2000,32,0,442,0.0004791968094650656,0.92878125,0.99453125,64000,288000,352000,144.0,282624000,0.004117700000279001,0.0025637000003371213,168.822265625
ariad,2000,32,0,443,0.0004791976243723184,0.92878125,0.99453125,64000,288000,352000,144.0,282624000,0.0036974999998165003,0.002103200000419747,168.822265625
ariad,2000,32,0,444,0.0004791912797372788,0.928765625,0.99459375,64000,288000,352000,144.0,282624000,0.005136399999628338,0.0028508999998848594,168.822265625
ariad,2000,32,0,445,0.0004791910178028047,0.92875,0.99459375,64000,288000,352000,144.0,282624000,0.0037687999997615407,0.0023392000002786517,168.822265625
ariad,2000,32,0,446,0.00047919180360622704,0.928734375,0.994625,64000,288000,352000,144.0,282624000,0.0036093000003347697,0.0021907000000283006,168.822265625
ariad,2000,32,0,447,0.00047919119242578745,0.92875,0.994640625,64000,288000,352000,144.0,282624000,0.003728799999862531,0.0023018000001684413,168.822265625
ariad,2000,32,0,448,0.0004791891551576555,0.928765625,0.994640625,64000,288000,352000,144.0,282624000,0.004656099999920116,0.0022592999998778396,168.822265625
ariad,2000,32,0,449,0.00047919858479872346,0.928765625,0.994640625,64000,288000,352000,144.0,282624000,0.003562299999884999,0.002152099999875645,168.822265625
ariad,2000,32,0,450,0.0004791917745023966,0.928765625,0.99465625,64000,288000,352000,144.0,282624000,0.003604800000175601,0.0021634999998241256,168.822265625
ariad,2000,32,0,451,0.0004791918327100575,0.928765625,0.99465625,64000,288000,352000,144.0,282624000,0.006299399999988964,0.002323900000192225,168.822265625
ariad,2000,32,0,452,0.0004792037943843752,0.92875,0.9946875,64000,288000,352000,144.0,282624000,0.007080100000166567,0.0032858999998097715,168.822265625
ariad,2000,32,0,453,0.0004791984101757407,0.928765625,0.994703125,64000,288000,352000,144.0,282624000,0.003879299999880459,0.0022401999999601685,168.822265625
ariad,2000,32,0,454,0.0004791974788531661,0.92878125,0.994671875,64000,288000,352000,144.0,282624000,0.004336599999987811,0.002341800000067451,168.822265625
ariad,2000,32,0,455,0.0004792046674992889,0.9288125,0.9946875,64000,288000,352000,144.0,282624000,0.005048299999998562,0.0027168999999958032,168.822265625
ariad,2000,32,0,456,0.0004792003601323813,0.928796875,0.9946875,64000,288000,352000,144.0,282624000,0.004293799999686598,0.002222900000106165,168.822265625
ariad,2000,32,0,457,0.00047919878852553666,0.92884375,0.994734375,64000,288000,352000,144.0,282624000,0.005094800000279065,0.0024002000000109547,168.822265625
ariad,2000,32,0,458,0.00047919515054672956,0.92884375,0.99475,64000,288000,352000,144.0,282624000,0.004482400000142661,0.0027760000002672314,168.822265625
ariad,2000,32,0,459,0.0004791906976606697,0.928828125,0.994765625,64000,288000,352000,144.0,282624000,0.0039055000002008455,0.0023948999996719067,168.822265625
ariad,2000,32,0,460,0.0004791860410477966,0.928859375,0.99478125,64000,288000,352000,144.0,282624000,0.0034438999996382336,0.0020950000002812885,168.822265625
ariad,2000,32,0,461,0.00047918918426148593,0.928859375,0.994828125,64000,288000,352000,144.0,282624000,0.00378950000003897,0.002212100000178907,168.822265625
ariad,2000,32,0,462,0.0004791948013007641,0.928890625,0.99484375,64000,288000,352000,144.0,282624000,0.003941099999792641,0.0023354999998446146,168.822265625
ariad,2000,32,0,463,0.0004791910760104656,0.928859375,0.994875,64000,288000,352000,144.0,282624000,0.004040099999656377,0.002215999999862106,168.822265625
ariad,2000,32,0,464,0.0004791842948179692,0.928875,0.994953125,64000,288000,352000,144.0,282624000,0.003912500000296859,0.0021552000002884597,168.822265625
ariad,2000,32,0,465,0.0004791842948179692,0.928875,0.994921875,64000,288000,352000,144.0,282624000,0.0040041000002020155,0.002338499999950727,168.822265625
ariad,2000,32,0,466,0.00047918257769197226,0.928890625,0.994953125,64000,288000,352000,144.0,282624000,0.004164400000263413,0.0024394000001848326,168.822265625
ariad,2000,32,0,467,0.0004791850515175611,0.928890625,0.994953125,64000,288000,352000,144.0,282624000,0.003955900000164547,0.002347900000131631,168.822265625
ariad,2000,32,0,468,0.0004791816172655672,0.928859375,0.995,64000,288000,352000,144.0,282624000,0.003396100000372826,0.002103100000113045,168.822265625
ariad,2000,32,0,469,0.00047919477219693363,0.928890625,0.995,64000,288000,352000,144.0,282624000,0.0034738000003926572,0.0021692000000257394,168.822265625
ariad,2000,32,0,470,0.00047918528434820473,0.928890625,0.99503125,64000,288000,352000,144.0,282624000,0.004378000000087923,0.0022414000000026135,168.822265625
ariad,2000,32,0,471,0.0004791879910044372,0.928890625,0.99503125,64000,288000,352000,144.0,282624000,0.0037995999996383034,0.002137800000127754,168.822265625
ariad,2000,32,0,472,0.0004791935789398849,0.9289375,0.9950625,64000,288000,352000,144.0,282624000,0.003853799999887997,0.002131100000042352,168.822265625
ariad,2000,32,0,473,0.000479192822240293,0.92896875,0.995078125,64000,288000,352000,144.0,282624000,0.003852199999982986,0.002282299999933457,168.822265625
ariad,2000,32,0,474,0.0004791903484147042,0.928953125,0.995078125,64000,288000,352000,144.0,282624000,0.003987900000083755,0.002223299999968731,168.822265625
ariad,2000,32,0,475,0.0004791845567524433,0.928921875,0.995125,64000,288000,352000,144.0,282624000,0.003574299999854702,0.0021648000001732726,168.822265625
ariad,2000,32,0,476,0.0004792008548974991,0.92890625,0.99515625,64000,288000,352000,144.0,282624000,0.003467000000000553,0.0021476000001712237,168.822265625
ariad,2000,32,0,477,0.00047918831114657223,0.928921875,0.99515625,64000,288000,352000,144.0,282624000,0.003944200000205456,0.0022620999998252955,168.822265625
ariad,2000,32,0,478,0.00047918848576955497,0.928921875,0.995140625,64000,288000,352000,144.0,282624000,0.004126899999846501,0.002168900000015128,168.822265625
ariad,2000,32,0,479,0.00047919765347614884,0.9289375,0.995171875,64000,288000,352000,144.0,282624000,0.0033479000003353576,0.0020343000001048495,168.822265625
ariad,2000,32,0,480,0.00047918406198732555,0.9289375,0.995203125,64000,288000,352000,144.0,282624000,0.0045473000000129105,0.0027194999997846026,168.822265625
ariad,2000,32,0,481,0.00047919104690663517,0.928953125,0.9951875,64000,288000,352000,144.0,282624000,0.0035561999998208194,0.0021787999999105523,168.822265625
ariad,2000,32,0,482,0.0004791964602191001,0.928984375,0.995234375,64000,288000,352000,144.0,282624000,0.003557600000021921,0.002153699999780656,168.822265625
ariad,2000,32,0,483,0.00047918333439156413,0.928984375,0.995265625,64000,288000,352000,144.0,282624000,0.0034614999999575957,0.0020767000000887492,168.822265625
ariad,2000,32,0,484,0.00047918662312440574,0.929015625,0.99528125,64000,288000,352000,144.0,282624000,0.003425799999604351,0.0021372000001065317,168.822265625
ariad,2000,32,0,485,0.0004791865067090839,0.929015625,0.995203125,64000,288000,352000,144.0,282624000,0.0034021000001303037,0.0020839000003434194,168.822265625
ariad,2000,32,0,486,0.00047919561620801687,0.929015625,0.995203125,64000,288000,352000,144.0,282624000,0.0033622999999352032,0.0021695000000363507,168.822265625
ariad,2000,32,0,487,0.00047919139615260065,0.929,0.995171875,64000,288000,352000,144.0,282624000,0.0032175999999708438,0.0020228000003044144,168.822265625
ariad,2000,32,0,488,0.00047919873031787574,0.929046875,0.995265625,64000,288000,352000,144.0,282624000,0.0043020999996770115,0.002326300000277115,168.822265625
ariad,2000,32,0,489,0.00047919515054672956,0.929046875,0.995234375,64000,288000,352000,144.0,282624000,0.0036331999999674736,0.002153399999770045,168.822265625
ariad,2000,32,0,490,0.0004792014369741082,0.929046875,0.995234375,64000,288000,352000,144.0,282624000,0.003853799999887997,0.002333800000087649,168.822265625
ariad,2000,32,0,491,0.0004791891551576555,0.92909375,0.99525,64000,288000,352000,144.0,282624000,0.004068300000199088,0.0022162999998727173,168.822265625
ariad,2000,32,0,492,0.00047918144264258444,0.9290625,0.9953125,64000,288000,352000,144.0,282624000,0.003783600000133447,0.0022563000002264744,168.822265625
ariad,2000,32,0,493,0.00047918231575749815,0.9290625,0.995296875,64000,288000,352000,144.0,282624000,0.003542800000104762,0.0021523000000343018,168.822265625
ariad,2000,32,0,494,0.00047918656491674483,0.929078125,0.99534375,64000,288000,352000,144.0,282624000,0.0035566999999900872,0.0022004000002198154,168.822265625
ariad,2000,32,0,495,0.00047919063945300877,0.929078125,0.995359375,64000,288000,352000,144.0,282624000,0.0032928000000538304,0.0020893000000796746,168.822265625
ariad,2000,32,0,496,0.0004791914252564311,0.9290625,0.99540625,64000,288000,352000,144.0,282624000,0.003314500000215048,0.0020266000001356588,168.822265625
ariad,2000,32,0,497,0.00047919145436026156,0.9290625,0.995375,64000,288000,352000,144.0,282624000,0.003330200000164041,0.002052100000128121,168.822265625
ariad,2000,32,0,498,0.0004791902319993824,0.9290625,0.995375,64000,288000,352000,144.0,282624000,0.00349740000001475,0.002116800000294461,168.822265625
ariad,2000,32,0,499,0.00047918653581291437,0.929078125,0.995375,64000,288000,352000,144.0,282624000,0.0035450000000309956,0.0021539999997912673,168.822265625
ariad,2000,32,0,500,0.00047919873031787574,0.929078125,0.995390625,64000,288000,352000,144.0,282624000,0.0040804999998727,0.002110699999775534,168.822265625
