method,scale,c_scored,epoch,mse,exact_churn,teacher_recall,track_recall,track_recall_pre,ariad_churn,exact_vs_final
ariad,1.0,144.0,1,0.20829150080680847,nan,0.011403125,0.0130125,nan,nan,0.127603125
ariad,1.0,144.0,2,0.1789686530828476,0.12528125,0.021353125,0.035175,0.035878125,0.578971875,nan
ariad,1.0,144.0,3,0.1624753326177597,0.12092187499999996,0.031784375,0.0717625,0.073765625,0.4548375,nan
ariad,1.0,144.0,4,0.15060769021511078,0.11739687499999996,0.042078125,0.12183125,0.1250875,0.369578125,nan
ariad,1.0,144.0,5,0.14157599210739136,0.11148749999999996,0.052684375,0.1829625,0.18730625,0.30946874999999996,nan
ariad,1.0,144.0,6,0.13529518246650696,0.1035625,0.06166875,0.249834375,0.256759375,0.2620625,nan
ariad,1.0,144.0,7,0.13080599904060364,0.09513125,0.068178125,0.319303125,0.3286,0.2257,nan
ariad,1.0,144.0,8,0.1274493932723999,0.08820937500000003,0.072803125,0.3859375,0.3975375,0.19504374999999996,nan
ariad,1.0,144.0,9,0.12493971735239029,0.08090624999999996,0.075284375,0.446640625,0.460178125,0.16702499999999998,nan
ariad,1.0,144.0,10,0.1226813942193985,0.07553750000000004,0.07611875,0.500903125,0.516678125,0.14574062499999996,0.08623125
ariad,1.0,144.0,11,0.12069513648748398,0.07001562500000003,0.076290625,0.546428125,0.5642375,0.12669062499999995,nan
ariad,1.0,144.0,12,0.11891390383243561,0.06468437500000002,0.0755875,0.585371875,0.603753125,0.11145937500000003,nan
ariad,1.0,144.0,13,0.11736016720533371,0.06038750000000004,0.07494375,0.618365625,0.6368375,0.09819687499999996,nan
ariad,1.0,144.0,14,0.11600705236196518,0.056825000000000014,0.07385625,0.646046875,0.6657625,0.08928124999999998,nan
ariad,1.0,144.0,15,0.11492371559143066,0.05318124999999996,0.0732,0.67016875,0.689096875,0.08062812500000005,nan
ariad,1.0,144.0,16,0.11405971646308899,0.049281250000000054,0.07219375,0.691328125,0.70955,0.07374375,nan
ariad,1.0,144.0,17,0.11335578560829163,0.04700625000000003,0.0719,0.709571875,0.7275,0.06816250000000001,nan
ariad,1.0,144.0,18,0.1127464547753334,0.04395312500000004,0.07135625,0.72584375,0.743159375,0.06225000000000003,nan
ariad,1.0,144.0,19,0.11220644414424896,0.04156562500000005,0.071359375,0.74021875,0.75704375,0.05805312500000004,nan
ariad,1.0,144.0,20,0.11170939356088638,0.03985625000000004,0.071821875,0.7537375,0.769990625,0.054625000000000035,0.0742625
ariad,1.0,144.0,21,0.11123066395521164,0.03774062499999997,0.072371875,0.765271875,0.780784375,0.05040937499999998,nan
ariad,1.0,144.0,22,0.11077598482370377,0.036250000000000004,0.0735,0.77551875,0.790671875,0.047721875000000025,nan
ariad,1.0,144.0,23,0.11039336025714874,0.03547812500000003,0.07466875,0.784740625,0.799890625,0.045084374999999954,nan
ariad,1.0,144.0,24,0.11003714054822922,0.034331250000000035,0.07616875,0.792865625,0.807915625,0.04331562499999997,nan
ariad,1.0,144.0,25,0.10971465706825256,0.03321562499999997,0.078146875,0.799865625,0.814265625,0.04068125,nan
ariad,1.0,144.0,26,0.10940197110176086,0.03354999999999997,0.080415625,0.80586875,0.82075625,0.039246875000000014,nan
ariad,1.0,144.0,27,0.1090964823961258,0.03321249999999998,0.082978125,0.810546875,0.825640625,0.03827499999999995,nan
ariad,1.0,144.0,28,0.108823262155056,0.034050000000000025,0.085971875,0.81425,0.82990625,0.03737500000000005,nan
ariad,1.0,144.0,29,0.10853825509548187,0.034837499999999966,0.089634375,0.816203125,0.83321875,0.03656250000000005,nan
ariad,1.0,144.0,30,0.1082419902086258,0.036284375000000035,0.09336875,0.81598125,0.834303125,0.03588437499999997,0.1121375
ariad,1.0,144.0,31,0.10791662335395813,0.03761250000000005,0.09801875,0.815359375,0.834403125,0.03679687499999995,nan
ariad,1.0,144.0,32,0.10756976157426834,0.03939999999999999,0.103215625,0.813178125,0.834178125,0.03744999999999998,nan
ariad,1.0,144.0,33,0.10720578581094742,0.04101874999999999,0.109140625,0.81018125,0.83256875,0.03891562500000001,nan
ariad,1.0,144.0,34,0.10680650174617767,0.043015625,0.11596875,0.806040625,0.830128125,0.040493749999999995,nan
ariad,1.0,144.0,35,0.1063791811466217,0.04538437500000003,0.1238,0.800940625,0.8270625,0.042009375000000015,nan
ariad,1.0,144.0,36,0.1059189885854721,0.04801875,0.132828125,0.7945,0.82291875,0.04454999999999998,nan
ariad,1.0,144.0,37,0.10539867728948593,0.05036562499999997,0.142984375,0.7881375,0.818115625,0.046587500000000004,nan
ariad,1.0,144.0,38,0.10480868816375732,0.05306250000000001,0.1550625,0.781440625,0.813625,0.049965625000000014,nan
ariad,1.0,144.0,39,0.10414993762969971,0.056096875000000046,0.16815625,0.7734375,0.80785,0.052390625000000024,nan
ariad,1.0,144.0,40,0.10338123887777328,0.05760937499999996,0.18348125,0.766284375,0.80199375,0.05551874999999995,0.24885
ariad,1.0,144.0,41,0.10250243544578552,0.060890624999999976,0.201065625,0.75948125,0.7967375,0.05860624999999997,nan
ariad,1.0,144.0,42,0.10151510685682297,0.062546875,0.22088125,0.7538375,0.792446875,0.06286875000000003,nan
ariad,1.0,144.0,43,0.1003679633140564,0.06403437499999998,0.24271875,0.749296875,0.788875,0.06596562500000003,nan
ariad,1.0,144.0,44,0.09905184060335159,0.06518437499999996,0.266521875,0.7467875,0.7866,0.06924687500000004,nan
ariad,1.0,144.0,45,0.09753776341676712,0.06569999999999998,0.2932125,0.746434375,0.78595625,0.07194062499999998,nan
ariad,1.0,144.0,46,0.0957496166229248,0.06464062500000001,0.32115625,0.74889375,0.786909375,0.07348437500000005,nan
ariad,1.0,144.0,47,0.0937851071357727,0.06425937500000001,0.350596875,0.75345,0.791028125,0.07552187499999996,nan
ariad,1.0,144.0,48,0.09156624227762222,0.063071875,0.38015625,0.76004375,0.795734375,0.07547187499999997,nan
ariad,1.0,144.0,49,0.08913660794496536,0.05980624999999995,0.4094,0.76914375,0.802221875,0.07490937499999994,nan
ariad,1.0,144.0,50,0.0864637941122055,0.05796250000000003,0.437653125,0.779121875,0.810409375,0.073265625,0.501240625
ariad,1.0,144.0,51,0.0835631787776947,0.05575624999999995,0.4635375,0.788321875,0.817853125,0.06968437500000002,nan
ariad,1.0,144.0,52,0.08045616745948792,0.05293749999999997,0.487053125,0.79723125,0.824821875,0.06615625000000003,nan
ariad,1.0,144.0,53,0.07713056355714798,0.05040312499999999,0.508203125,0.80599375,0.831753125,0.06344375000000002,nan
ariad,1.0,144.0,54,0.07362444698810577,0.04756875000000005,0.526740625,0.813928125,0.837721875,0.05943437500000004,nan
ariad,1.0,144.0,55,0.06997287273406982,0.045153125000000016,0.542953125,0.82048125,0.84328125,0.05580312499999995,nan
ariad,1.0,144.0,56,0.06619742512702942,0.04285312500000005,0.556928125,0.8257875,0.84713125,0.05229375000000003,nan
ariad,1.0,144.0,57,0.062376175075769424,0.040696874999999966,0.569375,0.831646875,0.85111875,0.04953750000000001,nan
ariad,1.0,144.0,58,0.05853065103292465,0.03870625000000005,0.580828125,0.8369,0.855440625,0.04734375000000002,nan
ariad,1.0,144.0,59,0.05479978024959564,0.03791562500000001,0.59078125,0.841565625,0.859021875,0.04470937500000005,nan
ariad,1.0,144.0,60,0.05120695009827614,0.036440625000000004,0.599775,0.84575,0.86209375,0.042015625,0.6258625
ariad,1.0,144.0,61,0.04777967557311058,0.03632500000000005,0.607903125,0.84829375,0.8646625,0.04009687500000003,nan
ariad,1.0,144.0,62,0.044496871531009674,0.03590937500000002,0.6162875,0.850853125,0.86666875,0.03878124999999999,nan
ariad,1.0,144.0,63,0.04138026759028435,0.03639062500000001,0.6241625,0.85284375,0.868771875,0.03845312499999998,nan
ariad,1.0,144.0,64,0.038436949253082275,0.036496874999999984,0.631909375,0.854240625,0.8701125,0.037743749999999965,nan
ariad,1.0,144.0,65,0.03566925227642059,0.036699999999999955,0.6394,0.854421875,0.871071875,0.03690312500000004,nan
ariad,1.0,144.0,66,0.03311474993824959,0.03748750000000001,0.646915625,0.853890625,0.87054375,0.03677187500000001,nan
ariad,1.0,144.0,67,0.0308164544403553,0.03678437499999998,0.65430625,0.8537,0.86983125,0.03651249999999995,nan
ariad,1.0,144.0,68,0.028741363435983658,0.03641249999999996,0.661696875,0.85306875,0.8695125,0.036496874999999984,nan
ariad,1.0,144.0,69,0.026905816048383713,0.035856250000000034,0.668796875,0.8520625,0.8684,0.035834374999999974,nan
ariad,1.0,144.0,70,0.025285867974162102,0.03535937499999997,0.6759625,0.851721875,0.867196875,0.03569374999999997,0.70921875
ariad,1.0,144.0,71,0.023805974051356316,0.03491250000000001,0.68329375,0.851528125,0.86670625,0.03526562499999997,nan
ariad,1.0,144.0,72,0.022443603724241257,0.03411562499999998,0.689975,0.851321875,0.86603125,0.03474062499999997,nan
ariad,1.0,144.0,73,0.021145597100257874,0.03395312500000003,0.6965625,0.851440625,0.8656,0.034331250000000035,nan
ariad,1.0,144.0,74,0.019891997799277306,0.032893750000000055,0.703340625,0.851725,0.86515625,0.032893750000000055,nan
ariad,1.0,144.0,75,0.0186868067830801,0.03235312499999998,0.7096125,0.8523,0.86495,0.03287812499999998,nan
ariad,1.0,144.0,76,0.0175313837826252,0.03190000000000004,0.716134375,0.853403125,0.865521875,0.03274687499999995,nan
ariad,1.0,144.0,77,0.016432886943221092,0.03130937499999997,0.722509375,0.85464375,0.866290625,0.03161250000000004,nan
ariad,1.0,144.0,78,0.015393479727208614,0.03076875000000001,0.7283375,0.855596875,0.867115625,0.030931249999999966,nan
ariad,1.0,144.0,79,0.014422506093978882,0.030471875000000037,0.73438125,0.856675,0.867553125,0.030287500000000023,nan
ariad,1.0,144.0,80,0.013512452132999897,0.029168749999999966,0.740284375,0.857965625,0.868321875,0.029765625000000018,0.776615625
ariad,1.0,144.0,81,0.012659908272325993,0.02807187499999997,0.746,0.8595375,0.869471875,0.029034374999999946,nan
ariad,1.0,144.0,82,0.01185685582458973,0.02751250000000005,0.751775,0.861496875,0.8709,0.02875625000000004,nan
ariad,1.0,144.0,83,0.011095669120550156,0.027121874999999962,0.75723125,0.86295,0.872125,0.027268749999999953,nan
ariad,1.0,144.0,84,0.010370333679020405,0.025912500000000005,0.762359375,0.864890625,0.873403125,0.026578125000000008,nan
ariad,1.0,144.0,85,0.009676600806415081,0.025621875000000016,0.76769375,0.866496875,0.87466875,0.02587499999999998,nan
ariad,1.0,144.0,86,0.009015258401632309,0.02532187500000005,0.773221875,0.86795,0.875928125,0.02509687500000002,nan
ariad,1.0,144.0,87,0.008388462476432323,0.024246875,0.778565625,0.86975625,0.877209375,0.02466250000000003,nan
ariad,1.0,144.0,88,0.007797456346452236,0.024603124999999948,0.784075,0.8715,0.87876875,0.024046875000000023,nan
ariad,1.0,144.0,89,0.007240398786962032,0.023971874999999976,0.7896125,0.873228125,0.880621875,0.023553124999999953,nan
ariad,1.0,144.0,90,0.006712791044265032,0.022996875000000028,0.79510625,0.8748875,0.881778125,0.02280937500000002,0.837571875
ariad,1.0,144.0,91,0.006210561841726303,0.022678124999999993,0.80063125,0.8765125,0.883365625,0.02202499999999996,nan
ariad,1.0,144.0,92,0.005731291137635708,0.021915624999999994,0.806203125,0.878128125,0.88450625,0.021759375000000025,nan
ariad,1.0,144.0,93,0.005275796167552471,0.021534374999999994,0.811928125,0.87976875,0.8861375,0.021378125000000026,nan
ariad,1.0,144.0,94,0.004846219904720783,0.021649999999999947,0.8176,0.88128125,0.887746875,0.020881249999999962,nan
ariad,1.0,144.0,95,0.004443668294698,0.02086874999999999,0.823315625,0.883275,0.88916875,0.021015624999999982,nan
ariad,1.0,144.0,96,0.004067487083375454,0.02062187500000001,0.829203125,0.88475625,0.8907125,0.020031249999999945,nan
ariad,1.0,144.0,97,0.0037169235292822123,0.020318750000000052,0.83498125,0.88625625,0.891965625,0.019537499999999985,nan
ariad,1.0,144.0,98,0.003392919898033142,0.019434375000000004,0.840890625,0.887715625,0.893409375,0.019290625000000006,nan
ariad,1.0,144.0,99,0.0030958049464970827,0.019528125000000007,0.84666875,0.889225,0.894709375,0.019000000000000017,nan
ariad,1.0,144.0,100,0.00282436260022223,0.018590624999999972,0.8520125,0.890903125,0.896196875,0.018631249999999988,0.905065625
ariad,1.0,144.0,101,0.0025764177553355694,0.018421875000000032,0.8572,0.892015625,0.897434375,0.01785937500000001,nan
ariad,1.0,144.0,102,0.002350447466596961,0.017828124999999972,0.8623375,0.893146875,0.898209375,0.017171874999999948,nan
ariad,1.0,144.0,103,0.0021456375252455473,0.016912499999999997,0.866990625,0.8949375,0.89956875,0.01696249999999999,nan
ariad,1.0,144.0,104,0.0019603786058723927,0.016328125000000027,0.871096875,0.896490625,0.900965625,0.016778124999999977,nan
ariad,1.0,144.0,105,0.001792188617400825,0.015578124999999998,0.8750875,0.897940625,0.902178125,0.015978124999999954,nan
ariad,1.0,144.0,106,0.001638088608160615,0.015181250000000035,0.878775,0.8992,0.903321875,0.01518750000000002,nan
ariad,1.0,144.0,107,0.0014966304879635572,0.014365625000000048,0.882015625,0.900646875,0.904440625,0.014684374999999972,nan
ariad,1.0,144.0,108,0.0013673478970304132,0.014118749999999958,0.885409375,0.902153125,0.9057625,0.014259374999999963,nan
ariad,1.0,144.0,109,0.0012511861277744174,0.013943750000000033,0.888603125,0.9037625,0.9069625,0.013362500000000055,nan
ariad,1.0,144.0,110,0.0011483031557872891,0.013356249999999958,0.891790625,0.905259375,0.908471875,0.013125000000000053,0.945228125
ariad,1.0,144.0,111,0.0010587041033431888,0.012924999999999964,0.89468125,0.906878125,0.909675,0.012868749999999984,nan
ariad,1.0,144.0,112,0.0009808597387745976,0.012484374999999992,0.89748125,0.90845,0.911265625,0.012309374999999956,nan
ariad,1.0,144.0,113,0.0009125685319304466,0.012093750000000014,0.899965625,0.910096875,0.912584375,0.011731249999999971,nan
ariad,1.0,144.0,114,0.0008517341339029372,0.011553125000000053,0.902240625,0.911871875,0.914059375,0.011349999999999971,nan
ariad,1.0,144.0,115,0.0007968785357661545,0.010756250000000023,0.90435,0.913521875,0.9157125,0.010737499999999955,nan
ariad,1.0,144.0,116,0.0007466634851880372,0.00990000000000002,0.906171875,0.915384375,0.917209375,0.010234375000000018,nan
ariad,1.0,144.0,117,0.0007001699996180832,0.009584374999999978,0.90783125,0.917275,0.918971875,0.009774999999999978,nan
ariad,1.0,144.0,118,0.0006565238581970334,0.008878124999999959,0.909309375,0.918984375,0.920471875,0.009106249999999982,nan
ariad,1.0,144.0,119,0.0006153284921310842,0.008634374999999972,0.91066875,0.920434375,0.921890625,0.008637499999999965,nan
ariad,1.0,144.0,120,0.0005763315130025148,0.008062499999999972,0.9122375,0.922265625,0.923371875,0.008234375000000016,0.965296875
ariad,1.0,144.0,121,0.0005399830988608301,0.007815624999999993,0.913565625,0.923584375,0.924875,0.007525000000000004,nan
ariad,1.0,144.0,122,0.00050647760508582,0.007537499999999975,0.914740625,0.92505,0.92606875,0.007346874999999975,nan
ariad,1.0,144.0,123,0.0004758293507620692,0.00707187499999995,0.91591875,0.92635625,0.92726875,0.007024999999999948,nan
ariad,1.0,144.0,124,0.0004479379567783326,0.007068749999999957,0.917028125,0.927503125,0.92845,0.006565625000000019,nan
ariad,1.0,144.0,125,0.0004224501026328653,0.006621874999999999,0.91809375,0.928678125,0.929546875,0.006265625000000052,nan
ariad,1.0,144.0,126,0.00039927902980707586,0.006268750000000045,0.9191,0.9297,0.93060625,0.005918749999999973,nan
ariad,1.0,144.0,127,0.0003782425483223051,0.006071874999999949,0.9199625,0.930553125,0.93143125,0.0058093750000000055,nan
ariad,1.0,144.0,128,0.00035918469075113535,0.0057656249999999964,0.92091875,0.93151875,0.93245,0.005618750000000006,nan
ariad,1.0,144.0,129,0.00034195376792922616,0.005471875000000015,0.9218125,0.932303125,0.93319375,0.005240624999999999,nan
ariad,1.0,144.0,130,0.0003263664257247001,0.005231250000000021,0.92255625,0.932915625,0.93385625,0.004868749999999977,0.979259375
ariad,1.0,144.0,131,0.00031235592905431986,0.004912499999999986,0.923315625,0.93380625,0.934528125,0.004856250000000006,nan
ariad,1.0,144.0,132,0.0002998812997248024,0.004756250000000017,0.923990625,0.934540625,0.93525625,0.004618750000000005,nan
ariad,1.0,144.0,133,0.0002886916045099497,0.0045781249999999885,0.924534375,0.935109375,0.935834375,0.004353124999999958,nan
ariad,1.0,144.0,134,0.0002787538105621934,0.004059374999999976,0.92505625,0.93579375,0.936453125,0.004262499999999947,nan
ariad,1.0,144.0,135,0.00026965493452735245,0.0039781250000000545,0.925671875,0.936503125,0.9371125,0.003940625000000031,nan
ariad,1.0,144.0,136,0.00026121916016563773,0.0037125000000000075,0.926253125,0.93705,0.937696875,0.0037125000000000075,nan
ariad,1.0,144.0,137,0.0002534981176722795,0.003684374999999962,0.926703125,0.937615625,0.938225,0.0036312499999999748,nan
ariad,1.0,144.0,138,0.00024630752159282565,0.003409375000000048,0.927178125,0.938253125,0.93876875,0.003484374999999984,nan
ariad,1.0,144.0,139,0.00023976877855602652,0.003318750000000037,0.927590625,0.9387875,0.939265625,0.0031999999999999806,nan
ariad,1.0,144.0,140,0.0002339092461625114,0.003240624999999997,0.927946875,0.939175,0.93974375,0.0030812500000000353,0.98701875
ariad,1.0,144.0,141,0.00022870067914482206,0.003009374999999981,0.928384375,0.9395125,0.94005625,0.002762500000000001,nan
ariad,1.0,144.0,142,0.00022408262884709984,0.0029562499999999936,0.928775,0.939884375,0.94040625,0.00288437500000005,nan
ariad,1.0,144.0,143,0.00021996311261318624,0.0028031250000000174,0.929140625,0.94025625,0.94076875,0.0027249999999999774,nan
ariad,1.0,144.0,144,0.0002162246237276122,0.002631249999999974,0.92955,0.940696875,0.941090625,0.0025781249999999867,nan
ariad,1.0,144.0,145,0.00021284508693497628,0.002387499999999987,0.92985625,0.941103125,0.9414625,0.0023374999999999924,nan
ariad,1.0,144.0,146,0.00020978838438168168,0.0023218750000000288,0.930034375,0.9414375,0.94174375,0.00208750000000002,nan
ariad,1.0,144.0,147,0.0002069744368782267,0.002231250000000018,0.930284375,0.94163125,0.942078125,0.00208750000000002,nan
ariad,1.0,144.0,148,0.00020444374240469187,0.0020781250000000417,0.930546875,0.9419125,0.94229375,0.0019906250000000236,nan
ariad,1.0,144.0,149,0.00020213992684148252,0.0019906250000000236,0.930696875,0.94209375,0.942453125,0.0018062500000000092,nan
ariad,1.0,144.0,150,0.00020006198610644788,0.001809375000000002,0.930946875,0.942321875,0.942671875,0.0018687499999999746,0.99235625
ariad,1.0,144.0,151,0.00019818598229903728,0.001753125000000022,0.9311625,0.94248125,0.942834375,0.0018562500000000037,nan
ariad,1.0,144.0,152,0.00019653321942314506,0.0017625000000000002,0.93138125,0.942928125,0.943128125,0.0018843750000000492,nan
ariad,1.0,144.0,153,0.0001951261656358838,0.0015843749999999712,0.93165,0.943128125,0.9434125,0.0015843749999999712,nan
ariad,1.0,144.0,154,0.0001938667701324448,0.0015374999999999694,0.93195625,0.94339375,0.943659375,0.0016249999999999876,nan
ariad,1.0,144.0,155,0.0001927413686644286,0.0013968749999999641,0.9321375,0.9437375,0.94389375,0.0015125000000000277,nan
ariad,1.0,144.0,156,0.00019170594168826938,0.0014343749999999877,0.93225,0.943959375,0.9441625,0.0013968749999999641,nan
ariad,1.0,144.0,157,0.00019074884767178446,0.0012843750000000043,0.932384375,0.94418125,0.944378125,0.0012843750000000043,nan
ariad,1.0,144.0,158,0.00018989098316524178,0.0012499999999999734,0.932496875,0.944328125,0.94455,0.0011843750000000153,nan
ariad,1.0,144.0,159,0.00018912897212430835,0.0011906250000000007,0.932665625,0.944528125,0.94475,0.0011250000000000426,nan
ariad,1.0,144.0,160,0.00018845948216039687,0.0010718750000000554,0.9327625,0.944759375,0.9449,0.0011687500000000517,0.99545625
ariad,1.0,144.0,161,0.00018789476598612964,0.0010906250000000117,0.93291875,0.94495,0.9451,0.0011375000000000135,nan
ariad,1.0,144.0,162,0.000187378260307014,0.0009687499999999627,0.9330875,0.945109375,0.9452625,0.0010000000000000009,nan
ariad,1.0,144.0,163,0.00018690733122639358,0.00098750000000003,0.933228125,0.945290625,0.945428125,0.0010187499999999572,nan
ariad,1.0,144.0,164,0.00018649072444532067,0.0008843750000000483,0.933334375,0.945471875,0.945584375,0.000843750000000032,nan
ariad,1.0,144.0,165,0.00018611962150316685,0.0008406250000000393,0.933459375,0.945690625,0.945815625,0.000887500000000041,nan
ariad,1.0,144.0,166,0.00018578951130621135,0.0007906250000000448,0.933534375,0.945771875,0.9459,0.000765624999999992,nan
ariad,1.0,144.0,167,0.00018547475337982178,0.0008187499999999792,0.933665625,0.9459375,0.94605625,0.0008468750000000247,nan
ariad,1.0,144.0,168,0.00018520583398640156,0.0008343750000000538,0.933759375,0.946065625,0.9462125,0.0007749999999999702,nan
ariad,1.0,144.0,169,0.0001849873224273324,0.0006937500000000485,0.93386875,0.946178125,0.94628125,0.0007093750000000121,nan
ariad,1.0,144.0,170,0.0001847798121161759,0.0007062500000000194,0.93399375,0.94629375,0.946384375,0.0006906249999999448,0.99730625
ariad,1.0,144.0,171,0.0001845903170760721,0.0005718749999999995,0.93413125,0.946453125,0.946540625,0.0006500000000000394,nan
ariad,1.0,144.0,172,0.0001844177459133789,0.0005781249999999849,0.934234375,0.9466125,0.94668125,0.0006187500000000012,nan
ariad,1.0,144.0,173,0.00018426250608172268,0.0005625000000000213,0.93435,0.946740625,0.946828125,0.000543749999999954,nan
ariad,1.0,144.0,174,0.00018414742953609675,0.000565625000000014,0.93440625,0.946878125,0.946953125,0.0005781249999999849,nan
ariad,1.0,144.0,175,0.00018403409922029823,0.0005249999999999977,0.93448125,0.9470125,0.947090625,0.0005406249999999613,nan
ariad,1.0,144.0,176,0.00018393596110399812,0.00048124999999998863,0.934546875,0.947103125,0.947190625,0.0005312499999999831,nan
ariad,1.0,144.0,177,0.0001838483876781538,0.0004718750000000105,0.934634375,0.947215625,0.947296875,0.0004562500000000469,nan
ariad,1.0,144.0,178,0.00018377786909695715,0.00046250000000003233,0.934709375,0.94735,0.94739375,0.0004562500000000469,nan
ariad,1.0,144.0,179,0.0001837173622334376,0.0004281250000000014,0.93478125,0.947409375,0.947525,0.0004718750000000105,nan
ariad,1.0,144.0,180,0.00018365029245615005,0.0003687500000000288,0.9348625,0.947540625,0.94759375,0.00048124999999998863,0.99835
ariad,1.0,144.0,181,0.0001835995353758335,0.00034687499999996874,0.93493125,0.94765625,0.94773125,0.00046875000000001776,nan
ariad,1.0,144.0,182,0.0001835432485677302,0.0003562499999999469,0.93501875,0.9477875,0.94783125,0.0003718750000000215,nan
ariad,1.0,144.0,183,0.00018350299797020853,0.0003593750000000506,0.935125,0.94789375,0.947915625,0.0003937499999999705,nan
ariad,1.0,144.0,184,0.00018345782882533967,0.00032812500000001243,0.935221875,0.948025,0.948075,0.00036562500000003606,nan
ariad,1.0,144.0,185,0.00018342632392887026,0.0003374999999999906,0.9353,0.948115625,0.948171875,0.00039999999999995595,nan
ariad,1.0,144.0,186,0.0001833922287914902,0.00031562500000004157,0.93536875,0.948175,0.948225,0.0003250000000000197,nan
ariad,1.0,144.0,187,0.00018336933862883598,0.00031250000000004885,0.935428125,0.94828125,0.94833125,0.00038124999999999964,nan
ariad,1.0,144.0,188,0.0001833354472182691,0.0002656250000000471,0.93549375,0.948334375,0.948384375,0.00033125000000000515,nan
ariad,1.0,144.0,189,0.0001833069254644215,0.00024062499999999432,0.935534375,0.948415625,0.948475,0.0003031249999999597,nan
ariad,1.0,144.0,190,0.00018327882571611553,0.00019687499999998526,0.93560625,0.9485,0.948534375,0.000343749999999976,0.998990625
ariad,1.0,144.0,191,0.00018326322606299073,0.0002187500000000453,0.935653125,0.948584375,0.948590625,0.0002750000000000252,nan
ariad,1.0,144.0,192,0.0001832259731600061,0.00022500000000003073,0.9357125,0.948659375,0.948703125,0.0002562499999999579,nan
ariad,1.0,144.0,193,0.00018320402887184173,0.00022500000000003073,0.9357625,0.948734375,0.94878125,0.0002843750000000034,nan
ariad,1.0,144.0,194,0.0001831917033996433,0.00021562500000005258,0.93579375,0.9487875,0.94883125,0.00029687499999997424,nan
ariad,1.0,144.0,195,0.00018317982903681695,0.00017187500000004352,0.9358375,0.94888125,0.948871875,0.00020937499999995612,nan
ariad,1.0,144.0,196,0.0001831583649618551,0.0001687500000000508,0.93588125,0.948946875,0.94895625,0.00017500000000003624,nan
ariad,1.0,144.0,197,0.0001831639528973028,0.00019374999999999254,0.935903125,0.9489875,0.94900625,0.00021562500000005258,nan
ariad,1.0,144.0,198,0.0001831486588343978,0.00017812500000002895,0.93595625,0.949021875,0.949071875,0.00021562500000005258,nan
ariad,1.0,144.0,199,0.00018314180488232523,0.0001343750000000199,0.935978125,0.949059375,0.949090625,0.00015624999999996891,nan
ariad,1.0,144.0,200,0.00018313796317670494,0.00010624999999997442,0.93605625,0.949125,0.949140625,0.00020937499999995612,0.99923125
ariad,1.0,144.0,201,0.00018312832980882376,0.00010937499999996714,0.93613125,0.9492125,0.94921875,0.00019062499999999982,nan
ariad,1.0,144.0,202,0.00018311406893189996,0.00011874999999994529,0.93615625,0.949246875,0.949275,0.00019062499999999982,nan
ariad,1.0,144.0,203,0.00018310992163605988,0.0001343750000000199,0.936196875,0.94929375,0.949315625,0.00016249999999995435,nan
ariad,1.0,144.0,204,0.00018308692960999906,0.00010937499999996714,0.9362625,0.94938125,0.949396875,0.0002031249999999707,nan
ariad,1.0,144.0,205,0.00018306577112525702,0.0001343750000000199,0.9363,0.949478125,0.949478125,0.00022500000000003073,nan
ariad,1.0,144.0,206,0.00018305705452803522,0.00014374999999999805,0.93635,0.949534375,0.949565625,0.0001843750000000144,nan
ariad,1.0,144.0,207,0.00018305516277905554,0.00012500000000004174,0.936384375,0.9495875,0.949621875,0.00017187500000004352,nan
ariad,1.0,144.0,208,0.00018305028788745403,0.00011562499999995257,0.936434375,0.9496625,0.94968125,0.0001531249999999762,nan
ariad,1.0,144.0,209,0.00018303783144801855,0.0001031249999999817,0.93646875,0.949728125,0.949734375,0.00016562499999994706,nan
ariad,1.0,144.0,210,0.00018302812532056123,9.999999999998899e-05,0.936515625,0.9498,0.949796875,0.00014374999999999805,0.99945
ariad,1.0,144.0,211,0.00018300747615285218,6.562499999995808e-05,0.93658125,0.949871875,0.949875,0.00014687499999999076,nan
ariad,1.0,144.0,212,0.00018299232760909945,9.687499999999627e-05,0.93664375,0.949915625,0.949940625,0.00014999999999998348,nan
ariad,1.0,144.0,213,0.00018298160284757614,8.43750000000254e-05,0.936696875,0.94998125,0.95000625,0.00016249999999995435,nan
ariad,1.0,144.0,214,0.00018297263886779547,9.062500000001084e-05,0.93674375,0.950046875,0.95006875,0.00015937499999996163,nan
ariad,1.0,144.0,215,0.00018296277266927063,9.062500000001084e-05,0.936809375,0.95010625,0.950125,0.00011562499999995257,nan
ariad,1.0,144.0,216,0.00018295564223080873,6.562499999995808e-05,0.93685625,0.950196875,0.95019375,0.00017500000000003624,nan
ariad,1.0,144.0,217,0.0001829514658311382,4.6875000000001776e-05,0.93691875,0.95028125,0.9502875,0.0001375000000000126,nan
ariad,1.0,144.0,218,0.00018294512119609863,6.249999999996536e-05,0.937003125,0.950346875,0.9503625,0.00015937499999996163,nan
ariad,1.0,144.0,219,0.00018293308676220477,5.624999999997993e-05,0.937065625,0.950396875,0.950409375,9.062500000001084e-05,nan
ariad,1.0,144.0,220,0.0001829293614719063,6.249999999996536e-05,0.9371125,0.950471875,0.950478125,0.00012812500000003446,0.999534375
ariad,1.0,144.0,221,0.0001829136599553749,6.249999999996536e-05,0.9371875,0.950546875,0.950559375,0.00014062500000000533,nan
ariad,1.0,144.0,222,0.00018290359003003687,2.8125000000045475e-05,0.937234375,0.950621875,0.950621875,0.00010937499999996714,nan
ariad,1.0,144.0,223,0.00018289336003363132,4.375000000000906e-05,0.937271875,0.950690625,0.9506875,0.00011874999999994529,nan
ariad,1.0,144.0,224,0.0001828931999625638,5.624999999997993e-05,0.937328125,0.95074375,0.950746875,0.00011874999999994529,nan
ariad,1.0,144.0,225,0.000182883144589141,5.9374999999972644e-05,0.93739375,0.95081875,0.950834375,0.00014374999999999805,nan
ariad,1.0,144.0,226,0.00018287567945662886,4.999999999999449e-05,0.937453125,0.9509125,0.9509,0.00011874999999994529,nan
ariad,1.0,144.0,227,0.00018286358681507409,4.062500000001634e-05,0.93750625,0.950978125,0.950984375,0.00012187500000004903,nan
ariad,1.0,144.0,228,0.00018285850819665939,5.312499999998721e-05,0.937540625,0.95103125,0.9510375,0.00011562499999995257,nan
ariad,1.0,144.0,229,0.000182852047146298,4.375000000000906e-05,0.93759375,0.951075,0.951084375,0.0001031249999999817,nan
ariad,1.0,144.0,230,0.00018284485850017518,2.5000000000052758e-05,0.937625,0.95111875,0.951125,9.375000000000355e-05,0.99954375
ariad,1.0,144.0,231,0.00018283726240042597,2.5000000000052758e-05,0.937675,0.951178125,0.951184375,0.0001031249999999817,nan
ariad,1.0,144.0,232,0.00018282663950230926,4.375000000000906e-05,0.9377375,0.95125,0.9512625,0.00011874999999994529,nan
ariad,1.0,144.0,233,0.00018282097880728543,3.125000000003819e-05,0.937803125,0.951321875,0.9513375,0.00012500000000004174,nan
ariad,1.0,144.0,234,0.00018281085067428648,4.062500000001634e-05,0.937846875,0.951396875,0.9514,0.00010624999999997442,nan
ariad,1.0,144.0,235,0.00018280441872775555,1.5624999999963585e-05,0.9379,0.95144375,0.95145,8.43750000000254e-05,nan
ariad,1.0,144.0,236,0.00018279389769304544,3.437500000003091e-05,0.937953125,0.9515125,0.951515625,0.00011874999999994529,nan
ariad,1.0,144.0,237,0.00018279124924447387,4.999999999999449e-05,0.937978125,0.951559375,0.95155625,8.125000000003268e-05,nan
ariad,1.0,144.0,238,0.00018279200594406575,4.062500000001634e-05,0.938034375,0.9516125,0.951625,9.062500000001084e-05,nan
ariad,1.0,144.0,239,0.0001827865926316008,4.999999999999449e-05,0.93809375,0.95166875,0.951671875,0.00011874999999994529,nan
ariad,1.0,144.0,240,0.00018277914205100387,3.437500000003091e-05,0.938140625,0.95171875,0.951734375,0.00010624999999997442,0.999575
ariad,1.0,144.0,241,0.000182769465027377,4.6875000000001776e-05,0.938184375,0.95176875,0.951784375,8.43750000000254e-05,nan
ariad,1.0,144.0,242,0.00018276373157277703,3.125000000003819e-05,0.938228125,0.951825,0.951828125,0.00010937499999996714,nan
ariad,1.0,144.0,243,0.0001827460655476898,4.062500000001634e-05,0.938278125,0.95188125,0.95188125,9.375000000000355e-05,nan
ariad,1.0,144.0,244,0.00018273814930580556,2.5000000000052758e-05,0.938325,0.95195,0.951959375,9.062500000001084e-05,nan
ariad,1.0,144.0,245,0.00018273612658958882,1.87499999999563e-05,0.93839375,0.952028125,0.952028125,0.00012187500000004903,nan
ariad,1.0,144.0,246,0.00018273080058861524,1.87499999999563e-05,0.938440625,0.95209375,0.9521,0.00010624999999997442,nan
ariad,1.0,144.0,247,0.00018272407760377973,2.187499999994902e-05,0.9384875,0.95215625,0.95215625,9.062500000001084e-05,nan
ariad,1.0,144.0,248,0.00018272154557053,3.437500000003091e-05,0.938534375,0.95221875,0.952228125,0.00010624999999997442,nan
ariad,1.0,144.0,249,0.0001827189844334498,3.125000000003819e-05,0.938590625,0.952284375,0.95228125,8.750000000001812e-05,nan
ariad,1.0,144.0,250,0.0001827134983614087,2.5000000000052758e-05,0.938640625,0.9523375,0.952340625,8.43750000000254e-05,0.999575
ariad,1.0,144.0,251,0.00018271509907208383,2.187499999994902e-05,0.9386875,0.952409375,0.952409375,0.00010624999999997442,nan
ariad,1.0,144.0,252,0.00018271172302775085,3.125000000003819e-05,0.9387375,0.95245625,0.9524625,7.812500000003997e-05,nan
ariad,1.0,144.0,253,0.00018270315194968134,2.187499999994902e-05,0.9387875,0.952521875,0.952525,9.375000000000355e-05,nan
ariad,1.0,144.0,254,0.00018268961866851896,1.87499999999563e-05,0.9388375,0.952596875,0.95260625,0.0001031249999999817,nan
ariad,1.0,144.0,255,0.00018268627172801644,2.8125000000045475e-05,0.9388875,0.95265625,0.95265625,8.43750000000254e-05,nan
ariad,1.0,144.0,256,0.00018267497944179922,3.125000000003819e-05,0.93895,0.952734375,0.9527375,0.00011562499999995257,nan
ariad,1.0,144.0,257,0.00018266982806380838,2.187499999994902e-05,0.938965625,0.952771875,0.95278125,7.500000000004725e-05,nan
ariad,1.0,144.0,258,0.00018266233382746577,3.125000000003819e-05,0.938990625,0.952821875,0.952828125,9.062500000001084e-05,nan
ariad,1.0,144.0,259,0.00018265990365762264,1.87499999999563e-05,0.939015625,0.9528375,0.952846875,4.062500000001634e-05,nan
ariad,1.0,144.0,260,0.000182652089279145,1.2499999999970868e-05,0.9390375,0.952859375,0.95286875,4.6875000000001776e-05,0.9995875
ariad,1.0,144.0,261,0.00018264590471517295,3.437500000003091e-05,0.9390625,0.952903125,0.95290625,7.500000000004725e-05,nan
ariad,1.0,144.0,262,0.00018263583478983492,2.5000000000052758e-05,0.939109375,0.9529625,0.9529625,8.43750000000254e-05,nan
ariad,1.0,144.0,263,0.00018263867241330445,1.5624999999963585e-05,0.9391375,0.953,0.953009375,6.249999999996536e-05,nan
ariad,1.0,144.0,264,0.00018263816309627146,1.87499999999563e-05,0.93915625,0.953028125,0.953028125,4.6875000000001776e-05,nan
ariad,1.0,144.0,265,0.00018262863159179688,2.187499999994902e-05,0.939178125,0.953059375,0.95306875,7.187500000005453e-05,nan
ariad,1.0,144.0,266,0.0001826234074542299,2.187499999994902e-05,0.93920625,0.95310625,0.953109375,6.562499999995808e-05,nan
ariad,1.0,144.0,267,0.0001825919607654214,1.5624999999963585e-05,0.93925,0.95315,0.953159375,6.562499999995808e-05,nan
ariad,1.0,144.0,268,0.00018258762429468334,6.249999999985434e-06,0.939296875,0.95320625,0.95320625,7.812500000003997e-05,nan
ariad,1.0,144.0,269,0.0001825817016651854,1.87499999999563e-05,0.93934375,0.9532625,0.953265625,6.87499999999508e-05,nan
ariad,1.0,144.0,270,0.00018257576448377222,2.187499999994902e-05,0.9393875,0.95330625,0.95331875,9.062500000001084e-05,0.9996125
ariad,1.0,144.0,271,0.00018257265037391335,1.87499999999563e-05,0.93943125,0.953365625,0.9533625,7.500000000004725e-05,nan
ariad,1.0,144.0,272,0.000182569187018089,1.87499999999563e-05,0.93945,0.953390625,0.95339375,8.125000000003268e-05,nan
ariad,1.0,144.0,273,0.00018256962357554585,2.8125000000045475e-05,0.939471875,0.9534375,0.95343125,5.312499999998721e-05,nan
ariad,1.0,144.0,274,0.00018257004558108747,1.2499999999970868e-05,0.939496875,0.953478125,0.953475,6.87499999999508e-05,nan
ariad,1.0,144.0,275,0.000182570016477257,2.5000000000052758e-05,0.939525,0.953503125,0.9535125,5.9374999999972644e-05,nan
ariad,1.0,144.0,276,0.0001825613871915266,9.37499999997815e-06,0.93955,0.9535375,0.95354375,6.87499999999508e-05,nan
ariad,1.0,144.0,277,0.00018255974282510579,2.8125000000045475e-05,0.939578125,0.953590625,0.953590625,9.062500000001084e-05,nan
ariad,1.0,144.0,278,0.00018255721079185605,1.87499999999563e-05,0.939646875,0.953659375,0.953665625,8.750000000001812e-05,nan
ariad,1.0,144.0,279,0.0001825544604798779,4.375000000000906e-05,0.939690625,0.953725,0.95373125,0.00010624999999997442,nan
ariad,1.0,144.0,280,0.00018254951282870024,2.187499999994902e-05,0.939734375,0.953790625,0.953796875,9.062500000001084e-05,0.99960625
ariad,1.0,144.0,281,0.00018254599126521498,2.8125000000045475e-05,0.939765625,0.953828125,0.953840625,6.249999999996536e-05,nan
ariad,1.0,144.0,282,0.0001825401996029541,2.8125000000045475e-05,0.9398,0.953859375,0.953865625,4.6875000000001776e-05,nan
ariad,1.0,144.0,283,0.00018253864254802465,1.87499999999563e-05,0.939825,0.9539,0.953896875,6.87499999999508e-05,nan
ariad,1.0,144.0,284,0.00018253742018714547,9.37499999997815e-06,0.939853125,0.953940625,0.95394375,7.187500000005453e-05,nan
ariad,1.0,144.0,285,0.00018254140741191804,2.8125000000045475e-05,0.93986875,0.95396875,0.953975,6.249999999996536e-05,nan
ariad,1.0,144.0,286,0.00018253586313221604,1.2499999999970868e-05,0.9398875,0.953996875,0.95399375,4.999999999999449e-05,nan
ariad,1.0,144.0,287,0.00018253520829603076,2.187499999994902e-05,0.939928125,0.954040625,0.95404375,8.125000000003268e-05,nan
ariad,1.0,144.0,288,0.00018252644804306328,6.249999999985434e-06,0.93996875,0.954090625,0.95409375,7.812500000003997e-05,nan
ariad,1.0,144.0,289,0.00018252135487273335,1.2499999999970868e-05,0.94,0.95415,0.954159375,9.999999999998899e-05,nan
ariad,1.0,144.0,290,0.00018250674474984407,6.249999999985434e-06,0.940025,0.954184375,0.954184375,8.125000000003268e-05,0.99961875
ariad,1.0,144.0,291,0.00018250555149279535,1.5624999999963585e-05,0.940053125,0.954225,0.95423125,6.87499999999508e-05,nan
ariad,1.0,144.0,292,0.00018250230641569942,2.187499999994902e-05,0.9400875,0.954253125,0.954265625,7.187500000005453e-05,nan
ariad,1.0,144.0,293,0.00018250105495098978,1.87499999999563e-05,0.9401125,0.954296875,0.95430625,6.87499999999508e-05,nan
ariad,1.0,144.0,294,0.00018248625565320253,1.5624999999963585e-05,0.94015625,0.954353125,0.954353125,6.87499999999508e-05,nan
ariad,1.0,144.0,295,0.00018248739070259035,2.8125000000045475e-05,0.940178125,0.954403125,0.954403125,7.500000000004725e-05,nan
ariad,1.0,144.0,296,0.0001824870560085401,3.125000000003819e-05,0.940215625,0.954465625,0.954465625,9.999999999998899e-05,nan
ariad,1.0,144.0,297,0.00018247732077725232,2.5000000000052758e-05,0.940271875,0.95453125,0.9545375,0.00011874999999994529,nan
ariad,1.0,144.0,298,0.000182463918463327,6.249999999985434e-06,0.940309375,0.954584375,0.954584375,7.812500000003997e-05,nan
ariad,1.0,144.0,299,0.00018246236140839756,2.8125000000045475e-05,0.94033125,0.9546125,0.954621875,5.9374999999972644e-05,nan
ariad,1.0,144.0,300,0.000182465257239528,3.125000000003819e-05,0.94036875,0.954659375,0.9546625,8.43750000000254e-05,0.999640625
ariad,1.0,144.0,301,0.00018246671243105084,2.187499999994902e-05,0.9404125,0.954715625,0.95471875,8.43750000000254e-05,nan
ariad,1.0,144.0,302,0.00018246244871988893,1.87499999999563e-05,0.940446875,0.954740625,0.954753125,6.562499999995808e-05,nan
ariad,1.0,144.0,303,0.0001824604405555874,1.5624999999963585e-05,0.940490625,0.954796875,0.954796875,6.249999999996536e-05,nan
ariad,1.0,144.0,304,0.00018245687533635646,1.2499999999970868e-05,0.940534375,0.95485625,0.954853125,7.500000000004725e-05,nan
ariad,1.0,144.0,305,0.00018244830425828695,2.187499999994902e-05,0.940565625,0.9549,0.95490625,8.43750000000254e-05,nan
ariad,1.0,144.0,306,0.00018244927923660725,1.5624999999963585e-05,0.9406,0.954925,0.954934375,6.562499999995808e-05,nan
ariad,1.0,144.0,307,0.0001824456121539697,1.5624999999963585e-05,0.940634375,0.954990625,0.954984375,7.187500000005453e-05,nan
ariad,1.0,144.0,308,0.00018244249804411083,3.437500000003091e-05,0.94068125,0.955034375,0.9550375,6.87499999999508e-05,nan
ariad,1.0,144.0,309,0.00018244296370539814,3.124999999992717e-06,0.940690625,0.955084375,0.955084375,8.750000000001812e-05,nan
ariad,1.0,144.0,310,0.00018243311205878854,1.2499999999970868e-05,0.94073125,0.955128125,0.95513125,6.562499999995808e-05,0.9996375
ariad,1.0,144.0,311,0.00018242465739604086,2.187499999994902e-05,0.940778125,0.955178125,0.955178125,6.87499999999508e-05,nan
ariad,1.0,144.0,312,0.00018241844372823834,2.5000000000052758e-05,0.94080625,0.9552125,0.955225,6.87499999999508e-05,nan
ariad,1.0,144.0,313,0.00018239404016640037,1.5624999999963585e-05,0.94085,0.955275,0.955275,8.750000000001812e-05,nan
ariad,1.0,144.0,314,0.00018239073688164353,3.7500000000023626e-05,0.940909375,0.955340625,0.95535625,9.687499999999627e-05,nan
ariad,1.0,144.0,315,0.00018237449694424868,4.375000000000906e-05,0.940928125,0.955371875,0.95539375,8.125000000003268e-05,nan
ariad,1.0,144.0,316,0.00018237026233691722,5.9374999999972644e-05,0.940946875,0.95540625,0.9554125,6.249999999996536e-05,nan
ariad,1.0,144.0,317,0.00018236534378957003,2.187499999994902e-05,0.94099375,0.955459375,0.9554625,9.062500000001084e-05,nan
ariad,1.0,144.0,318,0.00018236885080114007,2.8125000000045475e-05,0.941040625,0.9555375,0.9555375,0.00010624999999997442,nan
ariad,1.0,144.0,319,0.00018236279720440507,4.999999999999449e-05,0.9410875,0.95559375,0.955609375,9.999999999998899e-05,nan
ariad,1.0,144.0,320,0.00018234965682495385,3.7500000000023626e-05,0.9411125,0.955609375,0.95563125,5.9374999999972644e-05,0.999640625
ariad,1.0,144.0,321,0.0001823483471525833,3.7500000000023626e-05,0.94113125,0.955665625,0.955665625,7.812500000003997e-05,nan
ariad,1.0,144.0,322,0.00018233632727060467,2.5000000000052758e-05,0.941190625,0.955740625,0.955740625,0.00011249999999995985,nan
ariad,1.0,144.0,323,0.00018232643196824938,4.375000000000906e-05,0.941234375,0.955784375,0.955796875,8.125000000003268e-05,nan
ariad,1.0,144.0,324,0.00018232707225251943,9.37499999997815e-06,0.941253125,0.95581875,0.95581875,5.624999999997993e-05,nan
ariad,1.0,144.0,325,0.0001823192578740418,2.5000000000052758e-05,0.941275,0.955859375,0.955871875,8.43750000000254e-05,nan
ariad,1.0,144.0,326,0.00018231570720672607,1.2499999999970868e-05,0.9413125,0.9559,0.955903125,5.312499999998721e-05,nan
ariad,1.0,144.0,327,0.00018230293062515557,2.5000000000052758e-05,0.941353125,0.955946875,0.95595,7.500000000004725e-05,nan
ariad,1.0,144.0,328,0.0001822798658395186,2.8125000000045475e-05,0.94139375,0.956,0.955996875,6.87499999999508e-05,nan
ariad,1.0,144.0,329,0.00018227753753308207,4.062500000001634e-05,0.94140625,0.956021875,0.95603125,6.249999999996536e-05,nan
ariad,1.0,144.0,330,0.00018227490363642573,2.8125000000045475e-05,0.941425,0.95605625,0.956065625,6.562499999995808e-05,0.999640625
ariad,1.0,144.0,331,0.0001822739141061902,3.7500000000023626e-05,0.941428125,0.95609375,0.95609375,6.249999999996536e-05,nan
ariad,1.0,144.0,332,0.0001822669873945415,2.5000000000052758e-05,0.94145625,0.95613125,0.956134375,5.9374999999972644e-05,nan
ariad,1.0,144.0,333,0.00018226219981443137,4.6875000000001776e-05,0.941478125,0.956175,0.956184375,8.125000000003268e-05,nan
ariad,1.0,144.0,334,0.00018225261010229588,1.5624999999963585e-05,0.94150625,0.956225,0.956228125,7.187500000005453e-05,nan
ariad,1.0,144.0,335,0.00018224258383270353,1.87499999999563e-05,0.941525,0.95625625,0.9562625,5.624999999997993e-05,nan
ariad,1.0,144.0,336,0.0001822364574763924,3.125000000003819e-05,0.9415625,0.956290625,0.956296875,5.9374999999972644e-05,nan
ariad,1.0,144.0,337,0.00018223626830149442,2.8125000000045475e-05,0.941571875,0.95633125,0.95634375,7.500000000004725e-05,nan
ariad,1.0,144.0,338,0.00018222190556116402,2.187499999994902e-05,0.94160625,0.956371875,0.956378125,6.87499999999508e-05,nan
ariad,1.0,144.0,339,0.0001822221529437229,2.8125000000045475e-05,0.941640625,0.9564,0.956409375,5.312499999998721e-05,nan
ariad,1.0,144.0,340,0.0001822219492169097,2.8125000000045475e-05,0.94165,0.9564375,0.95644375,6.562499999995808e-05,0.999690625
ariad,1.0,144.0,341,0.0001822109188651666,2.5000000000052758e-05,0.94168125,0.956471875,0.95648125,6.87499999999508e-05,nan
ariad,1.0,144.0,342,0.00018218104378320277,3.125000000003819e-05,0.941715625,0.95650625,0.956515625,5.624999999997993e-05,nan
ariad,1.0,144.0,343,0.00018216947501059622,1.5624999999963585e-05,0.9417375,0.956540625,0.956540625,6.249999999996536e-05,nan
ariad,1.0,144.0,344,0.00018216724856756628,3.125000000003819e-05,0.94175625,0.956575,0.956575,6.249999999996536e-05,nan
ariad,1.0,144.0,345,0.00018216445459984243,3.125000000003819e-05,0.941790625,0.95661875,0.956621875,5.9374999999972644e-05,nan
ariad,1.0,144.0,346,0.00018216072930954397,2.187499999994902e-05,0.94180625,0.95665,0.9566625,6.562499999995808e-05,nan
ariad,1.0,144.0,347,0.0001821613113861531,2.187499999994902e-05,0.941834375,0.956684375,0.95669375,8.125000000003268e-05,nan
ariad,1.0,144.0,348,0.00018216240277979523,1.5624999999963585e-05,0.941865625,0.956725,0.956728125,7.500000000004725e-05,nan
ariad,1.0,144.0,349,0.00018215480668004602,1.87499999999563e-05,0.9419,0.956784375,0.95678125,7.812500000003997e-05,nan
ariad,1.0,144.0,350,0.00018215102318208665,1.5624999999963585e-05,0.941921875,0.956809375,0.95681875,4.6875000000001776e-05,0.999696875
ariad,1.0,144.0,351,0.0001821444893721491,1.87499999999563e-05,0.941953125,0.95684375,0.956853125,5.9374999999972644e-05,nan
ariad,1.0,144.0,352,0.0001821412588469684,1.2499999999970868e-05,0.941978125,0.956875,0.956875,4.062500000001634e-05,nan
ariad,1.0,144.0,353,0.00018213559815194458,1.87499999999563e-05,0.94200625,0.9569125,0.95691875,5.624999999997993e-05,nan
ariad,1.0,144.0,354,0.0001821306359488517,2.187499999994902e-05,0.9420625,0.956975,0.956975,7.812500000003997e-05,nan
ariad,1.0,144.0,355,0.0001821273472160101,2.8125000000045475e-05,0.9421125,0.95703125,0.9570375,8.125000000003268e-05,nan
ariad,1.0,144.0,356,0.00018212501890957355,1.2499999999970868e-05,0.942146875,0.957078125,0.957078125,7.500000000004725e-05,nan
ariad,1.0,144.0,357,0.0001821165787987411,3.125000000003819e-05,0.942196875,0.95711875,0.957128125,8.125000000003268e-05,nan
ariad,1.0,144.0,358,0.0001821161713451147,2.187499999994902e-05,0.9422125,0.957146875,0.957159375,7.187500000005453e-05,nan
ariad,1.0,144.0,359,0.00018211449787486345,3.125000000003819e-05,0.94225,0.957178125,0.957190625,6.249999999996536e-05,nan
ariad,1.0,144.0,360,0.00018211043789051473,3.125000000003819e-05,0.942271875,0.95720625,0.957215625,5.624999999997993e-05,0.999709375
ariad,1.0,144.0,361,0.00018211106362286955,1.5624999999963585e-05,0.9423,0.9572375,0.957246875,5.9374999999972644e-05,nan
ariad,1.0,144.0,362,0.00018210758571512997,3.125000000003819e-05,0.94235,0.9572875,0.9572875,9.687499999999627e-05,nan
ariad,1.0,144.0,363,0.00018209771951660514,2.5000000000052758e-05,0.942396875,0.95734375,0.95735625,0.0001031249999999817,nan
ariad,1.0,144.0,364,0.00018209998961538076,1.2499999999970868e-05,0.942425,0.9574125,0.9574125,8.125000000003268e-05,nan
ariad,1.0,144.0,365,0.00018208498659078032,2.8125000000045475e-05,0.942459375,0.9574375,0.957446875,5.624999999997993e-05,nan
ariad,1.0,144.0,366,0.00018207983521278948,1.5624999999963585e-05,0.9424875,0.957478125,0.957478125,7.500000000004725e-05,nan
ariad,1.0,144.0,367,0.0001820727193262428,2.5000000000052758e-05,0.942515625,0.957534375,0.957534375,6.562499999995808e-05,nan
ariad,1.0,144.0,368,0.0001820674369810149,2.8125000000045475e-05,0.942546875,0.957584375,0.95758125,9.062500000001084e-05,nan
ariad,1.0,144.0,369,0.00018206318782176822,2.8125000000045475e-05,0.94259375,0.957646875,0.957634375,6.87499999999508e-05,nan
ariad,1.0,144.0,370,0.00018204857769887894,2.5000000000052758e-05,0.9426125,0.95768125,0.957690625,6.249999999996536e-05,0.9997125
ariad,1.0,144.0,371,0.00018204707885161042,1.2499999999970868e-05,0.942628125,0.957709375,0.957715625,4.999999999999449e-05,nan
ariad,1.0,144.0,372,0.00018204603111371398,1.2499999999970868e-05,0.9426375,0.957728125,0.957728125,4.6875000000001776e-05,nan
ariad,1.0,144.0,373,0.0001820454781409353,1.87499999999563e-05,0.942675,0.95775,0.957759375,7.187500000005453e-05,nan
ariad,1.0,144.0,374,0.00018204677326139063,2.187499999994902e-05,0.942715625,0.95779375,0.95780625,9.999999999998899e-05,nan
ariad,1.0,144.0,375,0.00018204643856734037,1.87499999999563e-05,0.94274375,0.957834375,0.9578375,8.125000000003268e-05,nan
ariad,1.0,144.0,376,0.0001820372708607465,3.7500000000023626e-05,0.94276875,0.957865625,0.957875,5.312499999998721e-05,nan
ariad,1.0,144.0,377,0.00018203479703515768,3.7500000000023626e-05,0.9428,0.9579,0.957909375,9.062500000001084e-05,nan
ariad,1.0,144.0,378,0.0001820405013859272,4.6875000000001776e-05,0.94283125,0.95794375,0.95795,7.187500000005453e-05,nan
ariad,1.0,144.0,379,0.000182037110789679,3.125000000003819e-05,0.9428625,0.957990625,0.957996875,7.187500000005453e-05,nan
ariad,1.0,144.0,380,0.00018202836508862674,2.187499999994902e-05,0.942896875,0.958028125,0.958034375,7.812500000003997e-05,0.99973125
ariad,1.0,144.0,381,0.00018202255887445062,2.5000000000052758e-05,0.942921875,0.958059375,0.958065625,6.562499999995808e-05,nan
ariad,1.0,144.0,382,0.00018202338833361864,2.187499999994902e-05,0.94296875,0.958121875,0.95813125,8.750000000001812e-05,nan
ariad,1.0,144.0,383,0.00018201486091129482,2.5000000000052758e-05,0.94301875,0.958196875,0.958203125,9.999999999998899e-05,nan
ariad,1.0,144.0,384,0.00018200640624854714,2.5000000000052758e-05,0.943071875,0.958234375,0.958253125,7.812500000003997e-05,nan
ariad,1.0,144.0,385,0.00018200324848294258,2.5000000000052758e-05,0.943096875,0.958278125,0.958284375,7.500000000004725e-05,nan
ariad,1.0,144.0,386,0.00018199579790234566,2.8125000000045475e-05,0.943146875,0.958321875,0.95833125,8.43750000000254e-05,nan
ariad,1.0,144.0,387,0.00018198200268670917,2.8125000000045475e-05,0.943190625,0.958371875,0.958371875,7.500000000004725e-05,nan
ariad,1.0,144.0,388,0.00018198072211816907,1.87499999999563e-05,0.943209375,0.95839375,0.95840625,4.6875000000001776e-05,nan
ariad,1.0,144.0,389,0.0001819695607991889,4.375000000000906e-05,0.943253125,0.958434375,0.95845,7.812500000003997e-05,nan
ariad,1.0,144.0,390,0.0001819674507714808,2.8125000000045475e-05,0.94326875,0.958478125,0.958475,7.187500000005453e-05,0.99975
ariad,1.0,144.0,391,0.00018196723249275237,2.8125000000045475e-05,0.943290625,0.95853125,0.958521875,7.187500000005453e-05,nan
ariad,1.0,144.0,392,0.00018196336168330163,9.37499999997815e-06,0.943328125,0.958584375,0.958584375,7.500000000004725e-05,nan
ariad,1.0,144.0,393,0.00018195841403212398,4.062500000001634e-05,0.943353125,0.958609375,0.958625,6.249999999996536e-05,nan
ariad,1.0,144.0,394,0.00018195559096056968,2.5000000000052758e-05,0.94335625,0.9586375,0.9586375,5.312499999998721e-05,nan
ariad,1.0,144.0,395,0.0001819528843043372,2.187499999994902e-05,0.943375,0.958665625,0.9586625,5.312499999998721e-05,nan
ariad,1.0,144.0,396,0.000181952171260491,1.5624999999963585e-05,0.943403125,0.9587,0.9587,7.187500000005453e-05,nan
ariad,1.0,144.0,397,0.00018194828589912504,1.87499999999563e-05,0.943425,0.958721875,0.958725,4.6875000000001776e-05,nan
ariad,1.0,144.0,398,0.00018194731092080474,3.7500000000023626e-05,0.943453125,0.958759375,0.958765625,5.624999999997993e-05,nan
ariad,1.0,144.0,399,0.0001819456520024687,9.37499999997815e-06,0.9434875,0.958784375,0.958784375,6.249999999996536e-05,nan
ariad,1.0,144.0,400,0.0001819436001824215,9.37499999997815e-06,0.943509375,0.95880625,0.958803125,3.7500000000023626e-05,0.999746875
ariad,1.0,144.0,401,0.00018194131553173065,2.5000000000052758e-05,0.943525,0.958828125,0.958834375,4.999999999999449e-05,nan
ariad,1.0,144.0,402,0.00018193991854786873,3.125000000003819e-05,0.9435375,0.9588375,0.95885,3.7500000000023626e-05,nan
ariad,1.0,144.0,403,0.00018194220319855958,3.125000000003819e-05,0.943546875,0.958859375,0.958871875,4.6875000000001776e-05,nan
ariad,1.0,144.0,404,0.0001819376484490931,3.7500000000023626e-05,0.94358125,0.95890625,0.9589125,7.500000000004725e-05,nan
ariad,1.0,144.0,405,0.00018192906281910837,3.125000000003819e-05,0.943634375,0.958978125,0.958975,9.999999999998899e-05,nan
ariad,1.0,144.0,406,0.00018192865536548197,2.187499999994902e-05,0.9436625,0.959021875,0.95903125,8.125000000003268e-05,nan
ariad,1.0,144.0,407,0.0001819250755943358,2.8125000000045475e-05,0.94370625,0.9590625,0.959075,7.500000000004725e-05,nan
ariad,1.0,144.0,408,0.00018191665003541857,2.8125000000045475e-05,0.943753125,0.959115625,0.95911875,7.187500000005453e-05,nan
ariad,1.0,144.0,409,0.0001819160534068942,1.5624999999963585e-05,0.943784375,0.9591625,0.9591625,5.624999999997993e-05,nan
ariad,1.0,144.0,410,0.00018191417620982975,6.249999999985434e-06,0.943834375,0.959225,0.959228125,9.687499999999627e-05,0.999759375
ariad,1.0,144.0,411,0.00018190743867307901,3.437500000003091e-05,0.94386875,0.95926875,0.95926875,5.624999999997993e-05,nan
ariad,1.0,144.0,412,0.00018190428090747446,3.125000000003819e-05,0.943896875,0.9593,0.959309375,6.249999999996536e-05,nan
ariad,1.0,144.0,413,0.00018190144328400493,2.5000000000052758e-05,0.9439125,0.959328125,0.9593375,4.375000000000906e-05,nan
ariad,1.0,144.0,414,0.00018189172260463238,3.437500000003091e-05,0.943934375,0.95938125,0.9593875,9.062500000001084e-05,nan
ariad,1.0,144.0,415,0.00018188334070146084,2.5000000000052758e-05,0.943975,0.959434375,0.9594375,8.750000000001812e-05,nan
ariad,1.0,144.0,416,0.00018187797104474157,2.5000000000052758e-05,0.944003125,0.95944375,0.959465625,4.6875000000001776e-05,nan
ariad,1.0,144.0,417,0.0001818807504605502,2.8125000000045475e-05,0.94403125,0.959471875,0.95948125,5.624999999997993e-05,nan
ariad,1.0,144.0,418,0.00018187894602306187,1.87499999999563e-05,0.944059375,0.9595,0.95950625,4.6875000000001776e-05,nan
ariad,1.0,144.0,419,0.0001818709570216015,3.437500000003091e-05,0.944084375,0.959540625,0.95955,6.249999999996536e-05,nan
ariad,1.0,144.0,420,0.00018186512170359492,2.187499999994902e-05,0.944125,0.9596,0.959596875,7.812500000003997e-05,0.999775
ariad,1.0,144.0,421,0.0001818628516048193,2.187499999994902e-05,0.94413125,0.959615625,0.959615625,3.7500000000023626e-05,nan
ariad,1.0,144.0,422,0.0001818625460145995,3.125000000003819e-05,0.9441625,0.959646875,0.95965625,4.999999999999449e-05,nan
ariad,1.0,144.0,423,0.00018186063971370459,3.125000000003819e-05,0.9442,0.95968125,0.9596875,6.562499999995808e-05,nan
ariad,1.0,144.0,424,0.00018186042143497616,1.87499999999563e-05,0.9442125,0.9597125,0.959709375,4.062500000001634e-05,nan
ariad,1.0,144.0,425,0.00018185908265877515,3.124999999992717e-06,0.9442375,0.95978125,0.95978125,9.375000000000355e-05,nan
ariad,1.0,144.0,426,0.00018185176304541528,1.2499999999970868e-05,0.944278125,0.95981875,0.959825,7.187500000005453e-05,nan
ariad,1.0,144.0,427,0.00018184717919211835,2.187499999994902e-05,0.9443125,0.95985625,0.95985625,4.999999999999449e-05,nan
ariad,1.0,144.0,428,0.0001818435121094808,2.5000000000052758e-05,0.944353125,0.959884375,0.9599,6.249999999996536e-05,nan
ariad,1.0,144.0,429,0.00018183670181315392,9.37499999997815e-06,0.94438125,0.95993125,0.95993125,6.249999999996536e-05,nan
ariad,1.0,144.0,430,0.00018183173961006105,2.8125000000045475e-05,0.94440625,0.95996875,0.959975,6.562499999995808e-05,0.999784375
ariad,1.0,144.0,431,0.00018182990606874228,2.187499999994902e-05,0.94445,0.960021875,0.96003125,8.43750000000254e-05,nan
ariad,1.0,144.0,432,0.00018182503117714077,4.062500000001634e-05,0.944471875,0.96005,0.96005625,6.87499999999508e-05,nan
ariad,1.0,144.0,433,0.00018181731866206974,2.187499999994902e-05,0.9444875,0.96009375,0.96009375,6.249999999996536e-05,nan
ariad,1.0,144.0,434,0.00018180841288994998,1.5624999999963585e-05,0.9445125,0.96014375,0.96014375,6.87499999999508e-05,nan
ariad,1.0,144.0,435,0.00018180697225034237,3.125000000003819e-05,0.944546875,0.960159375,0.960171875,4.6875000000001776e-05,nan
ariad,1.0,144.0,436,0.00018180249026045203,3.125000000003819e-05,0.944571875,0.960190625,0.96019375,6.87499999999508e-05,nan
ariad,1.0,144.0,437,0.00018179793551098555,2.187499999994902e-05,0.9446,0.96021875,0.96023125,6.249999999996536e-05,nan
ariad,1.0,144.0,438,0.0001817817537812516,1.87499999999563e-05,0.94463125,0.960259375,0.9602625,6.562499999995808e-05,nan
ariad,1.0,144.0,439,0.00018178133177571,4.062500000001634e-05,0.94466875,0.96030625,0.960321875,8.750000000001812e-05,nan
ariad,1.0,144.0,440,0.0001817727170418948,9.37499999997815e-06,0.944715625,0.960371875,0.960378125,9.062500000001084e-05,0.99978125
ariad,1.0,144.0,441,0.00018177057791035622,2.5000000000052758e-05,0.944753125,0.960425,0.960425,7.500000000004725e-05,nan
ariad,1.0,144.0,442,0.00018175526929553598,2.8125000000045475e-05,0.944796875,0.960484375,0.960478125,6.87499999999508e-05,nan
ariad,1.0,144.0,443,0.0001817439479054883,3.7500000000023626e-05,0.94484375,0.960515625,0.960528125,6.87499999999508e-05,nan
ariad,1.0,144.0,444,0.00018174113938584924,3.7500000000023626e-05,0.944865625,0.960546875,0.960559375,6.249999999996536e-05,nan
ariad,1.0,144.0,445,0.0001817301963455975,1.2499999999970868e-05,0.944875,0.960590625,0.96058125,7.187500000005453e-05,nan
ariad,1.0,144.0,446,0.00018172938143834472,4.375000000000906e-05,0.9449,0.9606375,0.96063125,6.87499999999508e-05,nan
ariad,1.0,144.0,447,0.0001817229058360681,3.125000000003819e-05,0.94495,0.96068125,0.960690625,7.500000000004725e-05,nan
ariad,1.0,144.0,448,0.0001817188021959737,3.125000000003819e-05,0.944990625,0.960734375,0.960740625,8.750000000001812e-05,nan
ariad,1.0,144.0,449,0.00018171862757299095,2.187499999994902e-05,0.945025,0.960771875,0.960778125,6.87499999999508e-05,nan
ariad,1.0,144.0,450,0.00018171702686231583,2.8125000000045475e-05,0.94505625,0.960796875,0.9608,5.312499999998721e-05,0.999778125
ariad,1.0,144.0,451,0.0001817152660805732,2.8125000000045475e-05,0.945065625,0.96081875,0.960828125,4.6875000000001776e-05,nan
ariad,1.0,144.0,452,0.000181703973794356,2.5000000000052758e-05,0.945096875,0.960853125,0.960859375,6.562499999995808e-05,nan
ariad,1.0,144.0,453,0.0001816991571104154,1.5624999999963585e-05,0.945121875,0.960896875,0.960903125,6.249999999996536e-05,nan
ariad,1.0,144.0,454,0.00018169703253079206,3.125000000003819e-05,0.945159375,0.96094375,0.960953125,9.062500000001084e-05,nan
ariad,1.0,144.0,455,0.0001816843869164586,1.87499999999563e-05,0.94520625,0.960990625,0.9609875,7.812500000003997e-05,nan
ariad,1.0,144.0,456,0.00018168524547945708,1.87499999999563e-05,0.9452125,0.96101875,0.9610125,3.125000000003819e-05,nan
ariad,1.0,144.0,457,0.00018167567031923681,2.8125000000045475e-05,0.9452375,0.961046875,0.96105625,5.9374999999972644e-05,nan
ariad,1.0,144.0,458,0.00018167286179959774,2.187499999994902e-05,0.945265625,0.961075,0.961075,6.87499999999508e-05,nan
ariad,1.0,144.0,459,0.00018167805683333427,3.125000000003819e-05,0.94526875,0.96110625,0.9611,4.375000000000906e-05,nan
ariad,1.0,144.0,460,0.0001816679141484201,2.187499999994902e-05,0.9453,0.961146875,0.961146875,5.624999999997993e-05,0.99979375
ariad,1.0,144.0,461,0.00018166287918575108,9.37499999997815e-06,0.9453375,0.961196875,0.961196875,7.187500000005453e-05,nan
ariad,1.0,144.0,462,0.00018165992514695972,3.125000000003819e-05,0.945365625,0.961246875,0.96125625,8.43750000000254e-05,nan
ariad,1.0,144.0,463,0.00018165452638641,2.187499999994902e-05,0.945390625,0.961278125,0.961278125,4.062500000001634e-05,nan
ariad,1.0,144.0,464,0.0001816379517549649,1.2499999999970868e-05,0.945415625,0.96130625,0.961309375,5.312499999998721e-05,nan
ariad,1.0,144.0,465,0.00018164116772823036,4.375000000000906e-05,0.94545,0.961321875,0.9613375,5.624999999997993e-05,nan
ariad,1.0,144.0,466,0.00018163614731747657,1.87499999999563e-05,0.945478125,0.96135625,0.961359375,4.6875000000001776e-05,nan
ariad,1.0,144.0,467,0.00018163541972171515,4.062500000001634e-05,0.9455,0.9613875,0.96139375,4.999999999999449e-05,nan
ariad,1.0,144.0,468,0.000181627954589203,2.187499999994902e-05,0.94554375,0.96143125,0.961434375,6.87499999999508e-05,nan
ariad,1.0,144.0,469,0.00018161922344006598,2.187499999994902e-05,0.945565625,0.9614625,0.9614625,4.062500000001634e-05,nan
ariad,1.0,144.0,470,0.00018161804473493248,1.87499999999563e-05,0.94558125,0.961490625,0.961490625,3.437500000003091e-05,0.999853125
ariad,1.0,144.0,471,0.00018161408661399037,1.2499999999970868e-05,0.945621875,0.96153125,0.96153125,5.9374999999972644e-05,nan
ariad,1.0,144.0,472,0.00018161727348342538,2.187499999994902e-05,0.945659375,0.96156875,0.961571875,5.9374999999972644e-05,nan
ariad,1.0,144.0,473,0.00018161740445066243,1.87499999999563e-05,0.945684375,0.961603125,0.961609375,7.500000000004725e-05,nan
ariad,1.0,144.0,474,0.00018161391199100763,2.5000000000052758e-05,0.945709375,0.961634375,0.961640625,5.9374999999972644e-05,nan
ariad,1.0,144.0,475,0.00018161576008424163,1.2499999999970868e-05,0.94573125,0.961671875,0.961678125,6.249999999996536e-05,nan
ariad,1.0,144.0,476,0.00018157281738240272,4.375000000000906e-05,0.94576875,0.961715625,0.961715625,7.500000000004725e-05,nan
ariad,1.0,144.0,477,0.00018156472651753575,2.5000000000052758e-05,0.945803125,0.961765625,0.96176875,8.750000000001812e-05,nan
ariad,1.0,144.0,478,0.00018156437727157027,4.375000000000906e-05,0.9458125,0.9617875,0.961796875,4.999999999999449e-05,nan
ariad,1.0,144.0,479,0.00018155862926505506,3.437500000003091e-05,0.94584375,0.96180625,0.9618125,5.9374999999972644e-05,nan
ariad,1.0,144.0,480,0.00018155552970711142,2.8125000000045475e-05,0.945859375,0.9618375,0.96184375,6.249999999996536e-05,0.99988125
ariad,1.0,144.0,481,0.00018155582074541599,2.5000000000052758e-05,0.945871875,0.96185,0.96185625,4.999999999999449e-05,nan
ariad,1.0,144.0,482,0.00018155363795813173,2.5000000000052758e-05,0.94589375,0.961890625,0.96189375,6.249999999996536e-05,nan
ariad,1.0,144.0,483,0.00018155232828576118,3.437500000003091e-05,0.945921875,0.961928125,0.961934375,5.9374999999972644e-05,nan
ariad,1.0,144.0,484,0.00018155283760279417,2.5000000000052758e-05,0.94594375,0.961971875,0.961965625,8.125000000003268e-05,nan
ariad,1.0,144.0,485,0.00018154975259676576,3.7500000000023626e-05,0.94598125,0.962,0.962009375,5.624999999997993e-05,nan
ariad,1.0,144.0,486,0.00018154837016481906,3.437500000003091e-05,0.94600625,0.9620375,0.96204375,6.249999999996536e-05,nan
ariad,1.0,144.0,487,0.00018153947894461453,3.125000000003819e-05,0.9460375,0.962075,0.9620875,6.562499999995808e-05,nan
ariad,1.0,144.0,488,0.00018153047130908817,4.6875000000001776e-05,0.946059375,0.962125,0.9621375,7.812500000003997e-05,nan
ariad,1.0,144.0,489,0.00018152629490941763,4.375000000000906e-05,0.94608125,0.96215,0.96215625,5.624999999997993e-05,nan
ariad,1.0,144.0,490,0.00018152216216549277,2.8125000000045475e-05,0.9461,0.962165625,0.962184375,6.249999999996536e-05,0.9998875
ariad,1.0,144.0,491,0.00018152310803998262,2.5000000000052758e-05,0.946109375,0.96221875,0.962221875,7.500000000004725e-05,nan
ariad,1.0,144.0,492,0.0001815192517824471,2.187499999994902e-05,0.9461375,0.962265625,0.962265625,7.187500000005453e-05,nan
ariad,1.0,144.0,493,0.00018151347467210144,2.187499999994902e-05,0.946171875,0.962296875,0.962309375,6.87499999999508e-05,nan
ariad,1.0,144.0,494,0.0001815122814150527,2.187499999994902e-05,0.946203125,0.962346875,0.96234375,7.187500000005453e-05,nan
ariad,1.0,144.0,495,0.00018150854157283902,2.187499999994902e-05,0.9462375,0.962378125,0.96238125,4.375000000000906e-05,nan
ariad,1.0,144.0,496,0.00018149348034057766,2.5000000000052758e-05,0.94626875,0.962415625,0.962421875,6.249999999996536e-05,nan
ariad,1.0,144.0,497,0.00018148872186429799,1.87499999999563e-05,0.9462875,0.962465625,0.96246875,7.812500000003997e-05,nan
ariad,1.0,144.0,498,0.0001814872375689447,1.87499999999563e-05,0.9463,0.9624875,0.962490625,4.999999999999449e-05,nan
ariad,1.0,144.0,499,0.00018148732488043606,2.8125000000045475e-05,0.94633125,0.96254375,0.96254375,6.87499999999508e-05,nan
ariad,1.0,144.0,500,0.000181484516360797,2.8125000000045475e-05,0.94636875,0.962578125,0.962590625,8.750000000001812e-05,1.0
ariad,2.0,256.0,1,0.2066717892885208,nan,0.016703125,0.0237,nan,nan,0.126396875
ariad,2.0,256.0,2,0.18258678913116455,0.13099375000000002,0.035459375,0.083721875,0.0852625,0.680553125,nan
ariad,2.0,256.0,3,0.16607487201690674,0.12524999999999997,0.054440625,0.190271875,0.194915625,0.5232625,nan
ariad,2.0,256.0,4,0.15320588648319244,0.120525,0.0712125,0.325303125,0.33406875,0.39946875000000004,nan
ariad,2.0,256.0,5,0.14368200302124023,0.11307187500000004,0.08255625,0.4563625,0.471084375,0.30016875,nan
ariad,2.0,256.0,6,0.13715025782585144,0.10485312499999999,0.086340625,0.5598875,0.582178125,0.225090625,nan
ariad,2.0,256.0,7,0.13255468010902405,0.09515312499999995,0.085371875,0.632134375,0.660896875,0.17227499999999996,nan
ariad,2.0,256.0,8,0.1291946917772293,0.08731250000000002,0.0817375,0.680653125,0.71394375,0.13869062499999996,nan
ariad,2.0,256.0,9,0.126520037651062,0.08016250000000003,0.07765625,0.71580625,0.750571875,0.11788437500000004,nan
ariad,2.0,256.0,10,0.12419457733631134,0.07422812499999998,0.072925,0.741271875,0.77585,0.10323437499999999,0.067153125
ariad,2.0,256.0,11,0.12207203358411789,0.06866874999999995,0.068840625,0.7613125,0.7949,0.0925125,nan
ariad,2.0,256.0,12,0.12019088119268417,0.063784375,0.065546875,0.778221875,0.809575,0.08363750000000003,nan
ariad,2.0,256.0,13,0.1185082495212555,0.06010625000000003,0.062696875,0.79279375,0.823421875,0.07766874999999995,nan
ariad,2.0,256.0,14,0.1171235591173172,0.05584374999999997,0.06043125,0.805278125,0.8342125,0.07135312500000002,nan
ariad,2.0,256.0,15,0.11600976437330246,0.052953125000000045,0.058853125,0.81618125,0.84346875,0.06574999999999998,nan
ariad,2.0,256.0,16,0.11506563425064087,0.049124999999999974,0.057503125,0.82698125,0.8520125,0.06205312500000004,nan
ariad,2.0,256.0,17,0.11423303931951523,0.04717812499999996,0.056584375,0.835753125,0.860259375,0.05749375000000001,nan
ariad,2.0,256.0,18,0.11352518945932388,0.04385312500000005,0.055978125,0.84446875,0.8671125,0.054121874999999986,nan
ariad,2.0,256.0,19,0.11288256198167801,0.04167812500000001,0.055715625,0.851490625,0.873375,0.050393750000000015,nan
ariad,2.0,256.0,20,0.11233194172382355,0.03962500000000002,0.055875,0.85785625,0.878628125,0.047518750000000054,0.05746875
ariad,2.0,256.0,21,0.1118471771478653,0.038115624999999986,0.056353125,0.863915625,0.883946875,0.04498124999999997,nan
ariad,2.0,256.0,22,0.11141742765903473,0.03631249999999997,0.057103125,0.869553125,0.88845625,0.042796874999999956,nan
ariad,2.0,256.0,23,0.111005499958992,0.035284375000000034,0.058140625,0.873259375,0.892196875,0.040068749999999986,nan
ariad,2.0,256.0,24,0.11061947792768478,0.034253124999999995,0.05936875,0.876996875,0.8953375,0.038634375,nan
ariad,2.0,256.0,25,0.11027418822050095,0.03336874999999995,0.06095,0.879521875,0.89750625,0.03669687499999996,nan
ariad,2.0,256.0,26,0.10993105173110962,0.03245312499999997,0.06270625,0.8820625,0.8997875,0.036306249999999984,nan
ariad,2.0,256.0,27,0.10960593074560165,0.032053125000000016,0.064903125,0.8832,0.900978125,0.03464062499999998,nan
ariad,2.0,256.0,28,0.10930068045854568,0.03164687499999996,0.067240625,0.884309375,0.9019625,0.03385625000000003,nan
ariad,2.0,256.0,29,0.10901940613985062,0.032040625000000045,0.069846875,0.884475,0.90245625,0.03349374999999999,nan
ariad,2.0,256.0,30,0.1087237298488617,0.032884374999999966,0.072915625,0.88325,0.90253125,0.032915625000000004,0.08451875
ariad,2.0,256.0,31,0.10843928903341293,0.03304687500000003,0.07645,0.88263125,0.90156875,0.03368749999999998,nan
ariad,2.0,256.0,32,0.10815633088350296,0.034399999999999986,0.080334375,0.880575,0.900821875,0.03364999999999996,nan
ariad,2.0,256.0,33,0.10787636786699295,0.035171874999999964,0.08493125,0.87865625,0.899353125,0.034284375000000034,nan
ariad,2.0,256.0,34,0.10759389400482178,0.03637187500000005,0.08994375,0.8758625,0.897896875,0.035171874999999964,nan
ariad,2.0,256.0,35,0.1073027104139328,0.03790312500000004,0.095628125,0.8727,0.895790625,0.036490625,nan
ariad,2.0,256.0,36,0.10696770995855331,0.039571875000000034,0.10215625,0.868628125,0.89325,0.03778437499999998,nan
ariad,2.0,256.0,37,0.10662101954221725,0.041043750000000045,0.109575,0.86470625,0.890290625,0.03964374999999998,nan
ariad,2.0,256.0,38,0.1062309518456459,0.04347187500000005,0.1179875,0.860725,0.88786875,0.041503124999999974,nan
ariad,2.0,256.0,39,0.10581724345684052,0.04543750000000002,0.127053125,0.856375,0.885,0.04346562499999995,nan
ariad,2.0,256.0,40,0.10533853620290756,0.047684375,0.137834375,0.851528125,0.882046875,0.04541562499999996,0.173071875
ariad,2.0,256.0,41,0.10481088608503342,0.049909375000000034,0.149725,0.846225,0.879015625,0.04841249999999997,nan
ariad,2.0,256.0,42,0.10417758673429489,0.05232812499999995,0.163696875,0.841678125,0.875728125,0.05146562499999996,nan
ariad,2.0,256.0,43,0.10346715152263641,0.055443750000000014,0.179553125,0.83675625,0.872959375,0.054265624999999984,nan
ariad,2.0,256.0,44,0.10263710469007492,0.057734375000000004,0.197659375,0.83229375,0.870334375,0.05727187499999997,nan
ariad,2.0,256.0,45,0.10167258232831955,0.06102812499999999,0.2174875,0.827959375,0.868096875,0.06045624999999999,nan
ariad,2.0,256.0,46,0.10054813325405121,0.06377500000000003,0.239878125,0.82489375,0.86666875,0.06489999999999996,nan
ariad,2.0,256.0,47,0.09924087673425674,0.06514374999999994,0.26511875,0.823609375,0.866490625,0.06800937500000004,nan
ariad,2.0,256.0,48,0.0977487862110138,0.06673125000000002,0.292196875,0.82374375,0.867225,0.07058125000000004,nan
ariad,2.0,256.0,49,0.09601889550685883,0.06769687499999999,0.3207625,0.82455,0.869,0.07216875,nan
ariad,2.0,256.0,50,0.09409737586975098,0.06713124999999998,0.350640625,0.826825,0.870771875,0.07448125000000005,0.40715625
ariad,2.0,256.0,51,0.09190433472394943,0.06533437499999994,0.38104375,0.83183125,0.87371875,0.07480312499999997,nan
ariad,2.0,256.0,52,0.0894763246178627,0.064740625,0.410934375,0.83770625,0.878590625,0.07394374999999997,nan
ariad,2.0,256.0,53,0.08676843345165253,0.06190625000000005,0.43936875,0.844528125,0.882578125,0.07220937500000002,nan
ariad,2.0,256.0,54,0.0838102400302887,0.05941249999999998,0.46613125,0.8517875,0.88793125,0.06974375,nan
ariad,2.0,256.0,55,0.08062873035669327,0.05639375000000002,0.49029375,0.858275,0.8922125,0.06582500000000002,nan
ariad,2.0,256.0,56,0.07720661163330078,0.052853124999999945,0.511790625,0.8646,0.89603125,0.06239687500000002,nan
ariad,2.0,256.0,57,0.07356757670640945,0.049753124999999954,0.531253125,0.870715625,0.899815625,0.05903124999999998,nan
ariad,2.0,256.0,58,0.06979060173034668,0.04714687500000003,0.547775,0.87553125,0.90278125,0.05455312499999998,nan
ariad,2.0,256.0,59,0.06587443500757217,0.04525937499999999,0.562296875,0.879278125,0.905309375,0.051562499999999956,nan
ariad,2.0,256.0,60,0.06191425025463104,0.04370624999999995,0.575621875,0.882015625,0.90688125,0.048799999999999955,0.59884375
ariad,2.0,256.0,61,0.0579652339220047,0.041740624999999976,0.58759375,0.88444375,0.9083875,0.046556249999999966,nan
ariad,2.0,256.0,62,0.05412221699953079,0.04027187499999996,0.59863125,0.887034375,0.909409375,0.04488749999999997,nan
ariad,2.0,256.0,63,0.05042991787195206,0.03959062499999999,0.608303125,0.888071875,0.910034375,0.042749999999999955,nan
ariad,2.0,256.0,64,0.046921148896217346,0.038765625000000026,0.617390625,0.88903125,0.910178125,0.04089374999999995,nan
ariad,2.0,256.0,65,0.04358579218387604,0.038890624999999956,0.626303125,0.8894,0.9107875,0.04085937500000003,nan
ariad,2.0,256.0,66,0.04041909798979759,0.038696874999999964,0.635003125,0.889246875,0.91038125,0.03996250000000001,nan
ariad,2.0,256.0,67,0.03744886815547943,0.038968749999999996,0.643121875,0.888646875,0.909671875,0.0395375,nan
ariad,2.0,256.0,68,0.034714169800281525,0.038418749999999946,0.651284375,0.888034375,0.90923125,0.03970937500000005,nan
ariad,2.0,256.0,69,0.03225637227296829,0.03866875000000003,0.65923125,0.8873625,0.908034375,0.03942187500000005,nan
ariad,2.0,256.0,70,0.03009217418730259,0.03790625000000003,0.666634375,0.886809375,0.9067875,0.038821875000000006,0.6896125
ariad,2.0,256.0,71,0.028183458372950554,0.037259374999999983,0.67425625,0.886525,0.906053125,0.03866875000000003,nan
ariad,2.0,256.0,72,0.026467949151992798,0.03594375000000005,0.68136875,0.886690625,0.904725,0.037103125000000015,nan
ariad,2.0,256.0,73,0.02487807534635067,0.035106250000000006,0.688609375,0.887184375,0.904790625,0.037103125000000015,nan
ariad,2.0,256.0,74,0.023405591025948524,0.03497812499999997,0.695725,0.88781875,0.90459375,0.03637187500000005,nan
ariad,2.0,256.0,75,0.022024041041731834,0.03437812500000004,0.702559375,0.888159375,0.904834375,0.035487500000000005,nan
ariad,2.0,256.0,76,0.02071920968592167,0.03408124999999995,0.70975,0.8886375,0.90483125,0.03454687499999998,nan
ariad,2.0,256.0,77,0.019470876082777977,0.032993750000000044,0.716746875,0.889528125,0.904975,0.034265624999999966,nan
ariad,2.0,256.0,78,0.018260730430483818,0.03290937500000002,0.724303125,0.891159375,0.905859375,0.034050000000000025,nan
ariad,2.0,256.0,79,0.01708052307367325,0.031862500000000016,0.731028125,0.89173125,0.9063,0.032412499999999955,nan
ariad,2.0,256.0,80,0.01593683287501335,0.031434375000000014,0.7384875,0.8929125,0.90694375,0.032153125000000005,0.76503125
ariad,2.0,256.0,81,0.014839899726212025,0.030809375000000028,0.745615625,0.893653125,0.907803125,0.03190937500000002,nan
ariad,2.0,256.0,82,0.013798943720757961,0.030584374999999997,0.75255625,0.894484375,0.908121875,0.031278125000000045,nan
ariad,2.0,256.0,83,0.012815473601222038,0.029603124999999952,0.759434375,0.89533125,0.9086125,0.03034062500000001,nan
ariad,2.0,256.0,84,0.01188919972628355,0.029315624999999956,0.766265625,0.896159375,0.90911875,0.02964687499999996,nan
ariad,2.0,256.0,85,0.011020034551620483,0.02883749999999996,0.773375,0.897071875,0.909596875,0.029681249999999992,nan
ariad,2.0,256.0,86,0.010209562256932259,0.028537499999999993,0.780290625,0.89841875,0.910475,0.028884374999999962,nan
ariad,2.0,256.0,87,0.00945652648806572,0.02736562499999995,0.78709375,0.899190625,0.9111625,0.028462499999999946,nan
ariad,2.0,256.0,88,0.008756350725889206,0.026687499999999975,0.793925,0.900646875,0.911484375,0.027684374999999983,nan
ariad,2.0,256.0,89,0.008102696388959885,0.02628750000000002,0.80104375,0.90171875,0.912603125,0.027024999999999966,nan
ariad,2.0,256.0,90,0.007489833049476147,0.025765625000000014,0.808228125,0.902728125,0.913365625,0.02645937499999995,0.840196875
ariad,2.0,256.0,91,0.006916189566254616,0.025140625000000028,0.814871875,0.90408125,0.913871875,0.025462500000000055,nan
ariad,2.0,256.0,92,0.0063816094771027565,0.024625000000000008,0.821403125,0.905084375,0.915125,0.024968749999999984,nan
ariad,2.0,256.0,93,0.0058860755525529385,0.024237500000000023,0.827978125,0.90641875,0.9158375,0.02485312500000003,nan
ariad,2.0,256.0,94,0.0054282816126942635,0.02405625,0.834803125,0.907790625,0.91704375,0.024249999999999994,nan
ariad,2.0,256.0,95,0.005006961524486542,0.02274062499999996,0.84135625,0.90956875,0.918253125,0.023656250000000045,nan
ariad,2.0,256.0,96,0.004620139021426439,0.022028124999999954,0.84718125,0.910634375,0.9192875,0.02251562500000004,nan
ariad,2.0,256.0,97,0.0042649791575968266,0.020840624999999946,0.852690625,0.912603125,0.92049375,0.022421875000000036,nan
ariad,2.0,256.0,98,0.003937756642699242,0.020471875000000028,0.858346875,0.914603125,0.922078125,0.021637499999999976,nan
ariad,2.0,256.0,99,0.0036351275630295277,0.019612500000000033,0.863596875,0.91633125,0.9233625,0.020368750000000047,nan
ariad,2.0,256.0,100,0.003353388048708439,0.01929375,0.868759375,0.918046875,0.92474375,0.01970937500000003,0.901675
ariad,2.0,256.0,101,0.003089086152613163,0.018703125000000043,0.873696875,0.919678125,0.926503125,0.019124999999999948,nan
ariad,2.0,256.0,102,0.0028404705226421356,0.01811562499999997,0.878109375,0.921353125,0.927759375,0.018518750000000028,nan
ariad,2.0,256.0,103,0.0026059176307171583,0.017293749999999997,0.882415625,0.92296875,0.92905625,0.017856250000000018,nan
ariad,2.0,256.0,104,0.0023855112958699465,0.016553124999999946,0.886834375,0.92475625,0.930525,0.017381250000000015,nan
ariad,2.0,256.0,105,0.00217895838432014,0.016159374999999976,0.890825,0.9266125,0.932009375,0.016696875000000055,nan
ariad,2.0,256.0,106,0.001985282404348254,0.015525000000000011,0.8950875,0.928378125,0.933590625,0.01591874999999998,nan
ariad,2.0,256.0,107,0.0018049025675281882,0.015415625000000044,0.899134375,0.929725,0.93490625,0.015118749999999959,nan
ariad,2.0,256.0,108,0.0016400644090026617,0.015006249999999999,0.903271875,0.93115,0.9362625,0.015275000000000039,nan
ariad,2.0,256.0,109,0.0014938206877559423,0.014821874999999984,0.9072875,0.93225,0.937396875,0.014206249999999976,nan
ariad,2.0,256.0,110,0.0013681540731340647,0.014249999999999985,0.911240625,0.93365625,0.93846875,0.01444687499999997,0.94753125
ariad,2.0,256.0,111,0.0012623063521459699,0.013790624999999945,0.914809375,0.934878125,0.939390625,0.013449999999999962,nan
ariad,2.0,256.0,112,0.001172750606201589,0.013096875000000008,0.91754375,0.935896875,0.94043125,0.013449999999999962,nan
ariad,2.0,256.0,113,0.0010950450086966157,0.01249374999999997,0.9200875,0.93703125,0.941171875,0.01255937500000004,nan
ariad,2.0,256.0,114,0.001025195699185133,0.011771874999999987,0.921959375,0.938253125,0.94215625,0.01196562499999998,nan
ariad,2.0,256.0,115,0.0009608272230252624,0.010693749999999946,0.92354375,0.939759375,0.943103125,0.011528125,nan
ariad,2.0,256.0,116,0.0009004630846902728,0.010421875000000025,0.92485625,0.9410875,0.9442875,0.010800000000000032,nan
ariad,2.0,256.0,117,0.0008433861657977104,0.009637499999999966,0.926184375,0.94288125,0.945525,0.010143750000000007,nan
ariad,2.0,256.0,118,0.0007891777786426246,0.009481249999999997,0.927621875,0.944253125,0.946790625,0.009387499999999993,nan
ariad,2.0,256.0,119,0.0007378572481684387,0.009068749999999959,0.928971875,0.94583125,0.94811875,0.009068749999999959,nan
ariad,2.0,256.0,120,0.0006895627011545002,0.008143750000000005,0.930121875,0.9472875,0.94958125,0.008684374999999966,0.964125
ariad,2.0,256.0,121,0.0006443877937272191,0.007887500000000047,0.93135,0.94865625,0.950696875,0.008125000000000049,nan
ariad,2.0,256.0,122,0.0006024869508109987,0.007624999999999993,0.9327375,0.949896875,0.951875,0.007515625000000026,nan
ariad,2.0,256.0,123,0.0005637762369588017,0.007615625000000015,0.934028125,0.9507625,0.95306875,0.00735312499999996,nan
ariad,2.0,256.0,124,0.0005281976773403585,0.007190625000000006,0.9352125,0.95184375,0.9537875,0.007028125000000052,nan
ariad,2.0,256.0,125,0.0004955311887897551,0.006771874999999983,0.936384375,0.95283125,0.9548375,0.006765624999999997,nan
ariad,2.0,256.0,126,0.00046551303239539266,0.006640624999999956,0.9376125,0.9538625,0.9557125,0.006434374999999992,nan
ariad,2.0,256.0,127,0.000438108341768384,0.006281250000000016,0.93866875,0.954846875,0.95653125,0.0063531249999999595,nan
ariad,2.0,256.0,128,0.00041334208799526095,0.0061093749999999725,0.939603125,0.95555625,0.95738125,0.0058312499999999545,nan
ariad,2.0,256.0,129,0.000391153123928234,0.0058656249999999854,0.9404375,0.95629375,0.957996875,0.005718749999999995,nan
ariad,2.0,256.0,130,0.0003713280020747334,0.00533125000000001,0.941334375,0.957184375,0.9587375,0.005518750000000017,0.979665625
ariad,2.0,256.0,131,0.0003535486466716975,0.005146874999999995,0.941965625,0.95785625,0.959465625,0.00539999999999996,nan
ariad,2.0,256.0,132,0.00033746910048648715,0.004906250000000001,0.94254375,0.9584625,0.959971875,0.00492812499999995,nan
ariad,2.0,256.0,133,0.00032296794233843684,0.004696875000000045,0.94308125,0.959165625,0.9605,0.004615625000000012,nan
ariad,2.0,256.0,134,0.00030978594440966845,0.00454687499999995,0.943671875,0.959590625,0.961075,0.004571875000000003,nan
ariad,2.0,256.0,135,0.0002977288677357137,0.004212499999999952,0.944284375,0.96025,0.9614875,0.004262499999999947,nan
ariad,2.0,256.0,136,0.00028668457525782287,0.0039343750000000455,0.9446625,0.96081875,0.962,0.004009374999999982,nan
ariad,2.0,256.0,137,0.0002765750396065414,0.0037437500000000457,0.945271875,0.961353125,0.962578125,0.003931250000000053,nan
ariad,2.0,256.0,138,0.00026740849716588855,0.0036562500000000275,0.945728125,0.96183125,0.962971875,0.003506250000000044,nan
ariad,2.0,256.0,139,0.00025913238641805947,0.0035593750000000313,0.94603125,0.962190625,0.96335,0.0032874999999999988,nan
ariad,2.0,256.0,140,0.0002516191452741623,0.003349999999999964,0.94634375,0.962671875,0.963675,0.0032999999999999696,0.986409375
ariad,2.0,256.0,141,0.00024480719002895057,0.0030656249999999607,0.9468375,0.9632,0.96408125,0.0031218750000000517,nan
ariad,2.0,256.0,142,0.00023855060862842947,0.0028937500000000282,0.947140625,0.963603125,0.96441875,0.002818749999999981,nan
ariad,2.0,256.0,143,0.0002327586553292349,0.00286249999999999,0.94760625,0.963925,0.96481875,0.002831249999999952,nan
ariad,2.0,256.0,144,0.0002274242287967354,0.002753125000000023,0.947928125,0.9642875,0.965134375,0.0026687499999999975,nan
ariad,2.0,256.0,145,0.00022252468625083566,0.002606250000000032,0.948246875,0.96469375,0.965528125,0.0027343749999999556,nan
ariad,2.0,256.0,146,0.00021806442236993462,0.0024999999999999467,0.948584375,0.965025,0.9658625,0.002584374999999972,nan
ariad,2.0,256.0,147,0.00021407584426924586,0.002409375000000047,0.948803125,0.965465625,0.96620625,0.002574999999999994,nan
ariad,2.0,256.0,148,0.00021051701332908124,0.0023156250000000433,0.94905,0.965696875,0.9664625,0.00222187500000004,nan
ariad,2.0,256.0,149,0.00020738271996378899,0.0020250000000000545,0.9493625,0.966075,0.966753125,0.0021562499999999707,nan
ariad,2.0,256.0,150,0.00020456632773857564,0.002018749999999958,0.949715625,0.966375,0.966990625,0.0020281250000000473,0.99198125
ariad,2.0,256.0,151,0.00020206831686664373,0.0019812500000000455,0.95,0.9667,0.96730625,0.0019812500000000455,nan
ariad,2.0,256.0,152,0.00019979433272965252,0.0017906250000000457,0.950328125,0.967059375,0.96765,0.0020124999999999726,nan
ariad,2.0,256.0,153,0.00019771663937717676,0.0017937500000000384,0.95065,0.967471875,0.9679375,0.0018124999999999947,nan
ariad,2.0,256.0,154,0.00019584775145631284,0.0016500000000000403,0.950871875,0.967790625,0.968328125,0.001753125000000022,nan
ariad,2.0,256.0,155,0.0001941644586622715,0.0015156250000000204,0.951065625,0.96805,0.968621875,0.0016718749999999893,nan
ariad,2.0,256.0,156,0.0001926555996760726,0.0014781249999999968,0.951253125,0.9684625,0.968825,0.0015968750000000531,nan
ariad,2.0,256.0,157,0.0001913034648168832,0.0013625000000000442,0.95144375,0.96865,0.9692,0.0014468749999999586,nan
ariad,2.0,256.0,158,0.00019011160475201905,0.0013562499999999478,0.951584375,0.968928125,0.9693625,0.0014468749999999586,nan
ariad,2.0,256.0,159,0.00018902425654232502,0.001265625000000048,0.951740625,0.9692,0.969565625,0.001287499999999997,nan
ariad,2.0,256.0,160,0.0001880544441519305,0.0011375000000000135,0.951890625,0.969509375,0.96984375,0.0012999999999999678,0.995284375
ariad,2.0,256.0,161,0.0001871599379228428,0.0010999999999999899,0.95203125,0.969746875,0.97014375,0.0012062499999999643,nan
ariad,2.0,256.0,162,0.00018636648019310087,0.0010250000000000536,0.952240625,0.9700375,0.970375,0.0012843750000000043,nan
ariad,2.0,256.0,163,0.00018565297068562359,0.0010281250000000464,0.952425,0.970271875,0.970609375,0.001143749999999999,nan
ariad,2.0,256.0,164,0.00018500203441362828,0.0009343750000000428,0.952603125,0.97051875,0.970846875,0.001087500000000019,nan
ariad,2.0,256.0,165,0.00018439852283336222,0.0009312500000000501,0.952725,0.97078125,0.971053125,0.0010937500000000044,nan
ariad,2.0,256.0,166,0.0001838534662965685,0.0009406250000000282,0.952871875,0.970940625,0.971259375,0.0008937500000000265,nan
ariad,2.0,256.0,167,0.00018339237431064248,0.0008843750000000483,0.952975,0.971209375,0.971471875,0.0009531249999999991,nan
ariad,2.0,256.0,168,0.00018299029034096748,0.0008062500000000083,0.95305625,0.971490625,0.97173125,0.0009937500000000155,nan
ariad,2.0,256.0,169,0.00018263357924297452,0.000765624999999992,0.95313125,0.971728125,0.971946875,0.0009031250000000046,nan
ariad,2.0,256.0,170,0.00018231250578537583,0.0007281249999999684,0.95318125,0.97194375,0.97215,0.0008187499999999792,0.99721875
ariad,2.0,256.0,171,0.0001820099278120324,0.000665625000000003,0.953321875,0.97215625,0.9724,0.0008249999999999647,nan
ariad,2.0,256.0,172,0.0001817497395677492,0.0006187500000000012,0.95340625,0.9723375,0.97255625,0.0007718749999999774,nan
ariad,2.0,256.0,173,0.00018153044220525771,0.000565625000000014,0.95351875,0.97251875,0.9727375,0.0007000000000000339,nan
ariad,2.0,256.0,174,0.0001813363196561113,0.0006125000000000158,0.953696875,0.972684375,0.9729125,0.0007562500000000139,nan
ariad,2.0,256.0,175,0.00018115356215275824,0.0005343749999999758,0.953825,0.972903125,0.973059375,0.0006531250000000322,nan
ariad,2.0,256.0,176,0.000180993287358433,0.0005187500000000123,0.953990625,0.973053125,0.973221875,0.000587499999999963,nan
ariad,2.0,256.0,177,0.0001808432280085981,0.0004906249999999668,0.954115625,0.973265625,0.9733875,0.0006093750000000231,nan
ariad,2.0,256.0,178,0.0001807120133889839,0.00041562500000003055,0.954265625,0.973453125,0.973625,0.0006312499999999721,nan
ariad,2.0,256.0,179,0.0001806070504244417,0.00043124999999999414,0.954375,0.9737,0.97384375,0.000621874999999994,nan
ariad,2.0,256.0,180,0.00018049494246952236,0.00048124999999998863,0.95448125,0.97383125,0.974040625,0.0006000000000000449,0.998378125
ariad,2.0,256.0,181,0.00018039402493741363,0.00043749999999997957,0.954596875,0.974053125,0.974221875,0.0006468750000000467,nan
ariad,2.0,256.0,182,0.00018030607316177338,0.00034999999999996145,0.954734375,0.974234375,0.97438125,0.0004937499999999595,nan
ariad,2.0,256.0,183,0.0001802284677978605,0.0003093749999999451,0.95486875,0.974365625,0.9745125,0.0004750000000000032,nan
ariad,2.0,256.0,184,0.00018014847591985017,0.000321875000000027,0.954975,0.974565625,0.974665625,0.00048124999999998863,nan
ariad,2.0,256.0,185,0.00018008884217124432,0.0003562499999999469,0.9550625,0.974740625,0.9748625,0.0004999999999999449,nan
ariad,2.0,256.0,186,0.00018003037257585675,0.0002843750000000034,0.955203125,0.974925,0.975046875,0.0004750000000000032,nan
ariad,2.0,256.0,187,0.0001799782330635935,0.00029999999999996696,0.955321875,0.975134375,0.975259375,0.00048749999999997407,nan
ariad,2.0,256.0,188,0.00017992591892834753,0.0003250000000000197,0.955484375,0.975315625,0.97544375,0.0004593750000000396,nan
ariad,2.0,256.0,189,0.00017988668696489185,0.00028125000000001066,0.955540625,0.975565625,0.975621875,0.00043124999999999414,nan
ariad,2.0,256.0,190,0.0001798452576622367,0.0002656250000000471,0.9555875,0.97575,0.975825,0.00037812500000000693,0.9989875
ariad,2.0,256.0,191,0.00017980544362217188,0.0002656250000000471,0.9557125,0.97588125,0.9759875,0.0004062500000000524,nan
ariad,2.0,256.0,192,0.0001797740551410243,0.00022187500000003801,0.955840625,0.976075,0.976153125,0.0004062500000000524,nan
ariad,2.0,256.0,193,0.00017973911599256098,0.0002375000000000016,0.9559375,0.97624375,0.976315625,0.000343749999999976,nan
ariad,2.0,256.0,194,0.0001796950091375038,0.00014374999999999805,0.956040625,0.976415625,0.9764625,0.0003562499999999469,nan
ariad,2.0,256.0,195,0.00017967000894714147,0.0002187500000000453,0.956178125,0.976628125,0.9766875,0.00039999999999995595,nan
ariad,2.0,256.0,196,0.00017965790175367147,0.00022812500000002345,0.956271875,0.97683125,0.976875,0.000343749999999976,nan
ariad,2.0,256.0,197,0.00017964348080568016,0.00017187500000004352,0.95635625,0.97699375,0.977053125,0.00034999999999996145,nan
ariad,2.0,256.0,198,0.00017963304708246142,0.00019687499999998526,0.95643125,0.977128125,0.9771875,0.00029687499999997424,nan
ariad,2.0,256.0,199,0.0001795979042071849,0.00020937499999995612,0.956553125,0.977296875,0.977384375,0.0003687500000000288,nan
ariad,2.0,256.0,200,0.00017958873650059104,0.0001375000000000126,0.956659375,0.97749375,0.977571875,0.00034999999999996145,0.999271875
ariad,2.0,256.0,201,0.0001795693242456764,0.00017187500000004352,0.95674375,0.97766875,0.9777375,0.000321875000000027,nan
ariad,2.0,256.0,202,0.0001795585558284074,0.00010624999999997442,0.9568375,0.977859375,0.9778875,0.00029999999999996696,nan
ariad,2.0,256.0,203,0.00017954014765564352,0.00010937499999996714,0.95693125,0.97801875,0.97805,0.0002718750000000325,nan
ariad,2.0,256.0,204,0.00017952518828678876,0.00014374999999999805,0.957009375,0.97814375,0.9781875,0.00021562500000005258,nan
ariad,2.0,256.0,205,0.00017951113113667816,0.00014374999999999805,0.957096875,0.978278125,0.978334375,0.00027812500000001794,nan
ariad,2.0,256.0,206,0.0001795034622773528,0.00011874999999994529,0.95718125,0.978425,0.97846875,0.0002562499999999579,nan
ariad,2.0,256.0,207,0.00017948677123058587,0.00013125000000002718,0.957259375,0.97853125,0.97859375,0.00022500000000003073,nan
ariad,2.0,256.0,208,0.00017948966706171632,0.00011249999999995985,0.957375,0.97866875,0.9787125,0.0002187500000000453,nan
ariad,2.0,256.0,209,0.00017946319712791592,8.125000000003268e-05,0.957459375,0.97885,0.978878125,0.0002656250000000471,nan
ariad,2.0,256.0,210,0.00017945126455742866,8.125000000003268e-05,0.957553125,0.979003125,0.97903125,0.00021562500000005258,0.999478125
ariad,2.0,256.0,211,0.00017943009152077138,9.687499999999627e-05,0.95763125,0.97915,0.979171875,0.00022812500000002345,nan
ariad,2.0,256.0,212,0.00017942475096788257,0.00010624999999997442,0.957746875,0.9793,0.979353125,0.00024687499999997975,nan
ariad,2.0,256.0,213,0.00017941505939234048,6.87499999999508e-05,0.957871875,0.97951875,0.9795375,0.0003062499999999524,nan
ariad,2.0,256.0,214,0.0001794028066797182,7.812500000003997e-05,0.957984375,0.979671875,0.97970625,0.00024374999999998703,nan
ariad,2.0,256.0,215,0.00017938335076905787,9.687499999999627e-05,0.9580625,0.979771875,0.979825,0.00020937499999995612,nan
ariad,2.0,256.0,216,0.00017937255324795842,7.500000000004725e-05,0.958140625,0.97991875,0.979946875,0.00021249999999994884,nan
ariad,2.0,256.0,217,0.00017936064978130162,8.750000000001812e-05,0.958225,0.980034375,0.9800625,0.00019062499999999982,nan
ariad,2.0,256.0,218,0.00017935373762156814,5.9374999999972644e-05,0.958284375,0.980184375,0.9802,0.00023125000000001616,nan
ariad,2.0,256.0,219,0.00017933850176632404,8.125000000003268e-05,0.958346875,0.9803125,0.98033125,0.00017812500000002895,nan
ariad,2.0,256.0,220,0.00017931668844539672,8.125000000003268e-05,0.95843125,0.980421875,0.98046875,0.00019062499999999982,0.999534375
ariad,2.0,256.0,221,0.00017930127796716988,8.750000000001812e-05,0.95851875,0.98056875,0.98060625,0.0002187500000000453,nan
ariad,2.0,256.0,222,0.00017929560272023082,6.87499999999508e-05,0.958584375,0.98068125,0.980725,0.00019062499999999982,nan
ariad,2.0,256.0,223,0.0001792765106074512,9.687499999999627e-05,0.958653125,0.980809375,0.98083125,0.0001843750000000144,nan
ariad,2.0,256.0,224,0.00017925941210705787,7.500000000004725e-05,0.958728125,0.980946875,0.980984375,0.00019687499999998526,nan
ariad,2.0,256.0,225,0.00017923778796102852,4.062500000001634e-05,0.9588125,0.9810875,0.98110625,0.00021249999999994884,nan
ariad,2.0,256.0,226,0.00017922323604580015,7.187500000005453e-05,0.95888125,0.98121875,0.981253125,0.00019062499999999982,nan
ariad,2.0,256.0,227,0.00017920439131557941,4.999999999999449e-05,0.95895,0.981359375,0.981378125,0.00019062499999999982,nan
ariad,2.0,256.0,228,0.0001792000693967566,7.500000000004725e-05,0.9590625,0.98151875,0.981540625,0.00022500000000003073,nan
ariad,2.0,256.0,229,0.00017918784578796476,4.375000000000906e-05,0.959134375,0.9816625,0.9816875,0.0001875000000000071,nan
ariad,2.0,256.0,230,0.00017917687364388257,5.9374999999972644e-05,0.959190625,0.98176875,0.981784375,0.00014687499999999076,0.999596875
ariad,2.0,256.0,231,0.00017916926299221814,4.375000000000906e-05,0.959259375,0.9818625,0.9818875,0.00014999999999998348,nan
ariad,2.0,256.0,232,0.00017916389333549887,3.7500000000023626e-05,0.9593125,0.9819625,0.98198125,0.00014999999999998348,nan
ariad,2.0,256.0,233,0.00017916357319336385,4.062500000001634e-05,0.95936875,0.98205,0.982071875,0.0001343750000000199,nan
ariad,2.0,256.0,234,0.0001791515969671309,4.6875000000001776e-05,0.959415625,0.9821375,0.982165625,0.0001343750000000199,nan
ariad,2.0,256.0,235,0.00017913839838001877,5.624999999997993e-05,0.959496875,0.98224375,0.982278125,0.00015624999999996891,nan
ariad,2.0,256.0,236,0.0001791271788533777,4.062500000001634e-05,0.9595875,0.982378125,0.98238125,0.0001531249999999762,nan
ariad,2.0,256.0,237,0.0001791198446881026,4.999999999999449e-05,0.95961875,0.9824875,0.9825,0.00015624999999996891,nan
ariad,2.0,256.0,238,0.0001791165122995153,7.187500000005453e-05,0.95968125,0.982559375,0.9826,0.00014687499999999076,nan
ariad,2.0,256.0,239,0.00017911536269821227,4.6875000000001776e-05,0.959746875,0.982690625,0.982709375,0.00018125000000002167,nan
ariad,2.0,256.0,240,0.00017910494352690876,4.375000000000906e-05,0.959815625,0.982796875,0.98281875,0.00014687499999999076,0.9995875
ariad,2.0,256.0,241,0.00017909574671648443,4.999999999999449e-05,0.95985,0.98288125,0.98289375,0.00011562499999995257,nan
ariad,2.0,256.0,242,0.00017908566223923117,4.375000000000906e-05,0.959915625,0.982984375,0.983003125,0.0001531249999999762,nan
ariad,2.0,256.0,243,0.0001790746464394033,3.7500000000023626e-05,0.959978125,0.98309375,0.983109375,0.0001531249999999762,nan
ariad,2.0,256.0,244,0.00017906763241626322,4.062500000001634e-05,0.96005625,0.98319375,0.983221875,0.00014374999999999805,nan
ariad,2.0,256.0,245,0.0001790529495337978,4.375000000000906e-05,0.9601125,0.983315625,0.98334375,0.00016249999999995435,nan
ariad,2.0,256.0,246,0.00017904379637911916,2.8125000000045475e-05,0.960203125,0.98346875,0.983478125,0.0001875000000000071,nan
ariad,2.0,256.0,247,0.0001790374517440796,5.312499999998721e-05,0.96025,0.983565625,0.9836,0.00014999999999998348,nan
ariad,2.0,256.0,248,0.00017903152911458164,4.6875000000001776e-05,0.9603375,0.98368125,0.98369375,0.00016562499999994706,nan
ariad,2.0,256.0,249,0.0001790136593626812,3.125000000003819e-05,0.960375,0.983778125,0.983796875,0.0001343750000000199,nan
ariad,2.0,256.0,250,0.00017901163664646447,3.7500000000023626e-05,0.96040625,0.983865625,0.983875,0.00011249999999995985,0.99966875
ariad,2.0,256.0,251,0.0001790123205864802,4.062500000001634e-05,0.96044375,0.983946875,0.983965625,0.00011874999999994529,nan
ariad,2.0,256.0,252,0.00017900958482641727,1.87499999999563e-05,0.96049375,0.984065625,0.984075,0.00014374999999999805,nan
ariad,2.0,256.0,253,0.00017900066450238228,3.7500000000023626e-05,0.96056875,0.984184375,0.9842,0.00015937499999996163,nan
ariad,2.0,256.0,254,0.00017899922386277467,4.6875000000001776e-05,0.960646875,0.984278125,0.98430625,0.00013125000000002718,nan
ariad,2.0,256.0,255,0.00017899100203067064,6.249999999996536e-05,0.9606875,0.9843625,0.984384375,0.00014062500000000533,nan
ariad,2.0,256.0,256,0.0001789862581063062,2.187499999994902e-05,0.960721875,0.98444375,0.984453125,0.00010624999999997442,nan
ariad,2.0,256.0,257,0.00017898387159220874,4.375000000000906e-05,0.96078125,0.984515625,0.984534375,0.00010624999999997442,nan
ariad,2.0,256.0,258,0.0001789748203009367,4.6875000000001776e-05,0.960846875,0.98460625,0.9846125,0.00011562499999995257,nan
ariad,2.0,256.0,259,0.00017896723875310272,4.375000000000906e-05,0.9609,0.984675,0.984696875,0.00010937499999996714,nan
ariad,2.0,256.0,260,0.00017896089411806315,5.312499999998721e-05,0.960965625,0.9847625,0.98479375,0.00012187500000004903,0.999634375
ariad,2.0,256.0,261,0.0001789568632375449,3.7500000000023626e-05,0.96101875,0.984871875,0.9848875,0.00014062500000000533,nan
ariad,2.0,256.0,262,0.00017895357450470328,3.437500000003091e-05,0.961071875,0.984959375,0.98498125,0.00013125000000002718,nan
ariad,2.0,256.0,263,0.00017894580378197134,2.8125000000045475e-05,0.96113125,0.9850375,0.98505625,0.00010624999999997442,nan
ariad,2.0,256.0,264,0.0001789378875400871,3.125000000003819e-05,0.96119375,0.985134375,0.9851375,0.00011562499999995257,nan
ariad,2.0,256.0,265,0.0001789331145118922,2.8125000000045475e-05,0.96124375,0.985221875,0.98525,0.0001375000000000126,nan
ariad,2.0,256.0,266,0.00017892298637889326,2.8125000000045475e-05,0.96128125,0.985290625,0.9853,9.375000000000355e-05,nan
ariad,2.0,256.0,267,0.00017892266623675823,3.7500000000023626e-05,0.961321875,0.985365625,0.9853875,0.00010624999999997442,nan
ariad,2.0,256.0,268,0.0001789134694263339,3.125000000003819e-05,0.961409375,0.985471875,0.9854875,0.00014062500000000533,nan
ariad,2.0,256.0,269,0.00017891036986839026,2.5000000000052758e-05,0.961459375,0.98556875,0.985578125,0.00012500000000004174,nan
ariad,2.0,256.0,270,0.0001788948429748416,2.8125000000045475e-05,0.961503125,0.985646875,0.985659375,9.999999999998899e-05,0.9996875
ariad,2.0,256.0,271,0.00017888877482619137,4.062500000001634e-05,0.961521875,0.98569375,0.985721875,7.812500000003997e-05,nan
ariad,2.0,256.0,272,0.00017888548609334975,1.5624999999963585e-05,0.961559375,0.985778125,0.98578125,0.00010624999999997442,nan
ariad,2.0,256.0,273,0.0001788762310752645,3.125000000003819e-05,0.96161875,0.985859375,0.985871875,0.00011562499999995257,nan
ariad,2.0,256.0,274,0.00017887400463223457,2.8125000000045475e-05,0.96165625,0.9859625,0.985978125,0.00014687499999999076,nan
ariad,2.0,256.0,275,0.00017887394642457366,1.2499999999970868e-05,0.96170625,0.986034375,0.986046875,9.999999999998899e-05,nan
ariad,2.0,256.0,276,0.00017886677233036608,3.125000000003819e-05,0.961759375,0.986115625,0.986134375,0.00011562499999995257,nan
ariad,2.0,256.0,277,0.00017886271234601736,4.6875000000001776e-05,0.961803125,0.98619375,0.9862125,0.00010624999999997442,nan
ariad,2.0,256.0,278,0.00017884881526697427,3.437500000003091e-05,0.961853125,0.98626875,0.986284375,0.00010937499999996714,nan
ariad,2.0,256.0,279,0.00017883742111735046,2.187499999994902e-05,0.961909375,0.9863625,0.986378125,0.00013125000000002718,nan
ariad,2.0,256.0,280,0.0001788352383300662,2.8125000000045475e-05,0.961928125,0.986425,0.98644375,9.062500000001084e-05,0.999721875
ariad,2.0,256.0,281,0.00017883346299640834,1.5624999999963585e-05,0.961971875,0.9865125,0.98651875,0.00011249999999995985,nan
ariad,2.0,256.0,282,0.00017882659449242055,3.437500000003091e-05,0.961996875,0.98655,0.986578125,7.812500000003997e-05,nan
ariad,2.0,256.0,283,0.00017881761596072465,1.5624999999963585e-05,0.962034375,0.98665,0.98665625,0.00012187500000004903,nan
ariad,2.0,256.0,284,0.00017881262465380132,3.437500000003091e-05,0.9620625,0.98670625,0.98673125,9.999999999998899e-05,nan
ariad,2.0,256.0,285,0.00017881124222185463,3.125000000003819e-05,0.962103125,0.9867875,0.9868125,0.00011874999999994529,nan
ariad,2.0,256.0,286,0.0001787896762834862,3.125000000003819e-05,0.96215625,0.986859375,0.986878125,0.0001031249999999817,nan
ariad,2.0,256.0,287,0.00017878806102089584,3.437500000003091e-05,0.962178125,0.986934375,0.986953125,0.0001031249999999817,nan
ariad,2.0,256.0,288,0.00017878050857689232,4.062500000001634e-05,0.9622375,0.987003125,0.987028125,0.00011249999999995985,nan
ariad,2.0,256.0,289,0.00017877249047160149,1.2499999999970868e-05,0.96228125,0.987103125,0.987109375,0.00012187500000004903,nan
ariad,2.0,256.0,290,0.00017876130004879087,2.5000000000052758e-05,0.9623125,0.98715625,0.987175,9.375000000000355e-05,0.999746875
ariad,2.0,256.0,291,0.00017875716730486602,1.87499999999563e-05,0.962353125,0.987234375,0.987234375,8.43750000000254e-05,nan
ariad,2.0,256.0,292,0.00017875214689411223,2.187499999994902e-05,0.962403125,0.987346875,0.987353125,0.0001343750000000199,nan
ariad,2.0,256.0,293,0.00017874529294203967,3.125000000003819e-05,0.96244375,0.987409375,0.987428125,9.375000000000355e-05,nan
ariad,2.0,256.0,294,0.00017873596516437829,2.5000000000052758e-05,0.96249375,0.987478125,0.9874875,9.062500000001084e-05,nan
ariad,2.0,256.0,295,0.00017871517047751695,2.187499999994902e-05,0.96253125,0.987540625,0.987553125,9.062500000001084e-05,nan
ariad,2.0,256.0,296,0.00017871464660856873,2.187499999994902e-05,0.96255,0.987596875,0.987603125,7.500000000004725e-05,nan
ariad,2.0,256.0,297,0.00017871370073407888,1.87499999999563e-05,0.962584375,0.987653125,0.98766875,9.062500000001084e-05,nan
ariad,2.0,256.0,298,0.00017871848831418902,2.187499999994902e-05,0.962615625,0.987740625,0.98774375,0.0001031249999999817,nan
ariad,2.0,256.0,299,0.00017871236195787787,6.249999999985434e-06,0.962671875,0.987815625,0.987821875,9.062500000001084e-05,nan
ariad,2.0,256.0,300,0.0001787077635526657,2.187499999994902e-05,0.962696875,0.987871875,0.987884375,7.812500000003997e-05,0.99974375
ariad,2.0,256.0,301,0.00017870133160613477,3.437500000003091e-05,0.9627375,0.98795,0.98795625,9.999999999998899e-05,nan
ariad,2.0,256.0,302,0.00017869245493784547,2.8125000000045475e-05,0.9628,0.988028125,0.988040625,0.0001031249999999817,nan
ariad,2.0,256.0,303,0.00017868299619294703,2.8125000000045475e-05,0.96283125,0.988103125,0.988115625,9.062500000001084e-05,nan
ariad,2.0,256.0,304,0.00017868008580990136,4.375000000000906e-05,0.962853125,0.988128125,0.988159375,8.125000000003268e-05,nan
ariad,2.0,256.0,305,0.00017867963470052928,2.187499999994902e-05,0.962865625,0.988165625,0.98818125,6.249999999996536e-05,nan
ariad,2.0,256.0,306,0.00017867624410428107,2.5000000000052758e-05,0.962915625,0.988228125,0.9882375,7.500000000004725e-05,nan
ariad,2.0,256.0,307,0.00017867358110379428,4.6875000000001776e-05,0.962965625,0.988278125,0.988290625,6.249999999996536e-05,nan
ariad,2.0,256.0,308,0.00017866588314063847,1.5624999999963585e-05,0.963009375,0.9883625,0.988375,9.999999999998899e-05,nan
ariad,2.0,256.0,309,0.00017865731206256896,2.5000000000052758e-05,0.963053125,0.988434375,0.98844375,8.43750000000254e-05,nan
ariad,2.0,256.0,310,0.00017865293193608522,1.87499999999563e-05,0.963090625,0.98851875,0.988525,9.687499999999627e-05,0.99974375
ariad,2.0,256.0,311,0.0001786346547305584,3.125000000003819e-05,0.96313125,0.9885875,0.98860625,9.062500000001084e-05,nan
ariad,2.0,256.0,312,0.00017861877859104425,2.187499999994902e-05,0.963178125,0.988628125,0.988640625,6.249999999996536e-05,nan
ariad,2.0,256.0,313,0.00017861672677099705,3.125000000003819e-05,0.96319375,0.98868125,0.988703125,8.125000000003268e-05,nan
ariad,2.0,256.0,314,0.00017861687229014933,2.8125000000045475e-05,0.963221875,0.98871875,0.98874375,7.187500000005453e-05,nan
ariad,2.0,256.0,315,0.00017862288223113865,3.437500000003091e-05,0.9632375,0.988765625,0.98878125,6.87499999999508e-05,nan
ariad,2.0,256.0,316,0.0001786218344932422,1.87499999999563e-05,0.963271875,0.988821875,0.988828125,7.500000000004725e-05,nan
ariad,2.0,256.0,317,0.00017861688684206456,3.125000000003819e-05,0.96331875,0.988878125,0.9888875,6.87499999999508e-05,nan
ariad,2.0,256.0,318,0.00017861914238892496,3.437500000003091e-05,0.96333125,0.98893125,0.98895,7.812500000003997e-05,nan
ariad,2.0,256.0,319,0.00017861784726846963,3.125000000003819e-05,0.9633625,0.9889875,0.98899375,8.750000000001812e-05,nan
ariad,2.0,256.0,320,0.00017861160449683666,4.062500000001634e-05,0.963409375,0.989046875,0.989065625,9.375000000000355e-05,0.999746875
ariad,2.0,256.0,321,0.00017859718354884535,3.125000000003819e-05,0.9634375,0.989125,0.989125,8.43750000000254e-05,nan
ariad,2.0,256.0,322,0.0001785985368769616,2.5000000000052758e-05,0.963471875,0.989196875,0.98920625,9.375000000000355e-05,nan
ariad,2.0,256.0,323,0.00017859820218291134,2.5000000000052758e-05,0.963503125,0.989271875,0.989278125,8.750000000001812e-05,nan
ariad,2.0,256.0,324,0.0001785893109627068,3.7500000000023626e-05,0.963525,0.989309375,0.989321875,6.249999999996536e-05,nan
ariad,2.0,256.0,325,0.00017858929641079158,2.8125000000045475e-05,0.963575,0.989353125,0.989378125,7.187500000005453e-05,nan
ariad,2.0,256.0,326,0.00017858872888609767,1.87499999999563e-05,0.96361875,0.9894125,0.98943125,9.687499999999627e-05,nan
ariad,2.0,256.0,327,0.0001785844360711053,2.5000000000052758e-05,0.963659375,0.98945625,0.989478125,7.812500000003997e-05,nan
ariad,2.0,256.0,328,0.000178571863216348,3.437500000003091e-05,0.96366875,0.989540625,0.989553125,0.00011249999999995985,nan
ariad,2.0,256.0,329,0.00017857934290077537,2.187499999994902e-05,0.963678125,0.989621875,0.989634375,0.00011249999999995985,nan
ariad,2.0,256.0,330,0.00017858001228887588,3.7500000000023626e-05,0.96370625,0.989634375,0.9896625,5.624999999997993e-05,0.999725
ariad,2.0,256.0,331,0.00017857887723948807,9.37499999997815e-06,0.96373125,0.989690625,0.989696875,8.750000000001812e-05,nan
ariad,2.0,256.0,332,0.0001785765925887972,2.187499999994902e-05,0.963740625,0.989725,0.9897375,5.624999999997993e-05,nan
ariad,2.0,256.0,333,0.0001785810018191114,4.062500000001634e-05,0.9637625,0.98976875,0.989784375,6.87499999999508e-05,nan
ariad,2.0,256.0,334,0.00017856978229247034,2.5000000000052758e-05,0.963803125,0.989846875,0.989859375,0.00010624999999997442,nan
ariad,2.0,256.0,335,0.00017856137128546834,1.87499999999563e-05,0.963834375,0.98990625,0.989915625,7.500000000004725e-05,nan
ariad,2.0,256.0,336,0.0001785542699508369,2.8125000000045475e-05,0.963853125,0.98995,0.989971875,7.500000000004725e-05,nan
ariad,2.0,256.0,337,0.000178546120878309,1.5624999999963585e-05,0.963884375,0.9899875,0.989996875,4.999999999999449e-05,nan
ariad,2.0,256.0,338,0.00017854373436421156,2.8125000000045475e-05,0.963915625,0.99000625,0.990028125,4.6875000000001776e-05,nan
ariad,2.0,256.0,339,0.00017854152247309685,1.5624999999963585e-05,0.963946875,0.99008125,0.990078125,7.812500000003997e-05,nan
ariad,2.0,256.0,340,0.0001785362110240385,3.7500000000023626e-05,0.963971875,0.99010625,0.990125,5.624999999997993e-05,0.99975625
ariad,2.0,256.0,341,0.00017852244491223246,1.87499999999563e-05,0.964009375,0.99016875,0.99018125,8.43750000000254e-05,nan
ariad,2.0,256.0,342,0.0001785165222827345,2.8125000000045475e-05,0.96404375,0.990209375,0.99023125,7.500000000004725e-05,nan
ariad,2.0,256.0,343,0.00017851176380645484,2.5000000000052758e-05,0.964084375,0.990278125,0.990290625,9.062500000001084e-05,nan
ariad,2.0,256.0,344,0.00017851156007964164,1.5624999999963585e-05,0.964115625,0.99035,0.990346875,6.87499999999508e-05,nan
ariad,2.0,256.0,345,0.00017850921722128987,1.2499999999970868e-05,0.96413125,0.99038125,0.990390625,4.375000000000906e-05,nan
ariad,2.0,256.0,346,0.0001785086642485112,1.5624999999963585e-05,0.96415,0.990428125,0.99044375,7.187500000005453e-05,nan
ariad,2.0,256.0,347,0.00017850272706709802,2.187499999994902e-05,0.964178125,0.990478125,0.990490625,7.812500000003997e-05,nan
ariad,2.0,256.0,348,0.00017849561118055135,3.125000000003819e-05,0.9642,0.99053125,0.99054375,7.500000000004725e-05,nan
ariad,2.0,256.0,349,0.00017848877178039402,1.5624999999963585e-05,0.964234375,0.9905875,0.990584375,6.249999999996536e-05,nan
ariad,2.0,256.0,350,0.000178487433004193,1.87499999999563e-05,0.96425,0.990640625,0.990646875,6.562499999995808e-05,0.999759375
ariad,2.0,256.0,351,0.00017848334391601384,9.37499999997815e-06,0.96426875,0.990696875,0.990703125,6.562499999995808e-05,nan
ariad,2.0,256.0,352,0.0001784845517249778,3.7500000000023626e-05,0.964284375,0.990725,0.990746875,5.624999999997993e-05,nan
ariad,2.0,256.0,353,0.00017847432172857225,3.125000000003819e-05,0.96431875,0.990765625,0.990784375,7.187500000005453e-05,nan
ariad,2.0,256.0,354,0.00017847052367869765,1.87499999999563e-05,0.96435625,0.990821875,0.990821875,6.562499999995808e-05,nan
ariad,2.0,256.0,355,0.00017846528498921543,2.5000000000052758e-05,0.96438125,0.9908625,0.990871875,5.9374999999972644e-05,nan
ariad,2.0,256.0,356,0.00017845830006990582,1.5624999999963585e-05,0.96441875,0.99091875,0.990928125,7.500000000004725e-05,nan
ariad,2.0,256.0,357,0.0001784554187906906,1.87499999999563e-05,0.96445625,0.99098125,0.990978125,5.9374999999972644e-05,nan
ariad,2.0,256.0,358,0.00017845314869191498,2.8125000000045475e-05,0.964484375,0.991025,0.99105,7.500000000004725e-05,nan
ariad,2.0,256.0,359,0.00017845041293185204,4.062500000001634e-05,0.964521875,0.99109375,0.99110625,9.375000000000355e-05,nan
ariad,2.0,256.0,360,0.00017844686226453632,2.5000000000052758e-05,0.96454375,0.991140625,0.991159375,7.500000000004725e-05,0.99978125
ariad,2.0,256.0,361,0.00017844421381596476,3.125000000003819e-05,0.964559375,0.9911875,0.991196875,5.9374999999972644e-05,nan
ariad,2.0,256.0,362,0.0001784409978426993,4.062500000001634e-05,0.96458125,0.99120625,0.99123125,5.312499999998721e-05,nan
ariad,2.0,256.0,363,0.0001784246414899826,3.125000000003819e-05,0.9646125,0.9912625,0.991290625,9.687499999999627e-05,nan
ariad,2.0,256.0,364,0.0001784093037713319,3.437500000003091e-05,0.964665625,0.99135,0.991365625,0.00012187500000004903,nan
ariad,2.0,256.0,365,0.00017840020882431418,4.999999999999449e-05,0.96471875,0.991403125,0.991428125,8.750000000001812e-05,nan
ariad,2.0,256.0,366,0.00017839725478552282,3.7500000000023626e-05,0.964725,0.99144375,0.991478125,8.750000000001812e-05,nan
ariad,2.0,256.0,367,0.00017839230713434517,2.8125000000045475e-05,0.96475,0.991490625,0.9915125,7.500000000004725e-05,nan
ariad,2.0,256.0,368,0.00017839834617916495,4.062500000001634e-05,0.964771875,0.991553125,0.991565625,8.125000000003268e-05,nan
ariad,2.0,256.0,369,0.00017839517386164516,3.7500000000023626e-05,0.964803125,0.99159375,0.99161875,7.187500000005453e-05,nan
ariad,2.0,256.0,370,0.0001783946790965274,1.5624999999963585e-05,0.96481875,0.991640625,0.991653125,6.562499999995808e-05,0.999790625
ariad,2.0,256.0,371,0.00017839038628153503,3.437500000003091e-05,0.964840625,0.991684375,0.9916875,5.624999999997993e-05,nan
ariad,2.0,256.0,372,0.0001783938641892746,3.125000000003819e-05,0.964853125,0.99170625,0.991725,4.6875000000001776e-05,nan
ariad,2.0,256.0,373,0.00017839367501437664,1.87499999999563e-05,0.96488125,0.99174375,0.99175625,6.562499999995808e-05,nan
ariad,2.0,256.0,374,0.00017838968778960407,3.437500000003091e-05,0.96490625,0.9917625,0.99179375,5.9374999999972644e-05,nan
ariad,2.0,256.0,375,0.00017839137581177056,3.125000000003819e-05,0.964925,0.991809375,0.9918375,8.125000000003268e-05,nan
ariad,2.0,256.0,376,0.0001783869374776259,3.437500000003091e-05,0.964959375,0.9918375,0.99186875,6.87499999999508e-05,nan
ariad,2.0,256.0,377,0.00017838060739450157,1.5624999999963585e-05,0.964975,0.9919,0.991909375,7.812500000003997e-05,nan
ariad,2.0,256.0,378,0.00017838022904470563,2.5000000000052758e-05,0.964996875,0.991934375,0.991946875,4.999999999999449e-05,nan
ariad,2.0,256.0,379,0.00017838148050941527,3.125000000003819e-05,0.965009375,0.991946875,0.99196875,4.062500000001634e-05,nan
ariad,2.0,256.0,380,0.00017838338681031018,4.375000000000906e-05,0.965009375,0.99196875,0.991996875,5.624999999997993e-05,0.999825
ariad,2.0,256.0,381,0.00017837710038293153,2.187499999994902e-05,0.9650125,0.99201875,0.992034375,7.187500000005453e-05,nan
ariad,2.0,256.0,382,0.0001783709740266204,5.312499999998721e-05,0.965028125,0.99206875,0.9920875,7.812500000003997e-05,nan
ariad,2.0,256.0,383,0.00017837296763900667,3.437500000003091e-05,0.965034375,0.992121875,0.99214375,7.812500000003997e-05,nan
ariad,2.0,256.0,384,0.00017835278413258493,4.375000000000906e-05,0.965071875,0.992159375,0.9921875,7.187500000005453e-05,nan
ariad,2.0,256.0,385,0.00017834629397839308,4.062500000001634e-05,0.96510625,0.992203125,0.992225,6.87499999999508e-05,nan
ariad,2.0,256.0,386,0.00017834464961197227,3.125000000003819e-05,0.9651375,0.9922625,0.992275,8.125000000003268e-05,nan
ariad,2.0,256.0,387,0.0001783388142939657,2.8125000000045475e-05,0.9651625,0.992296875,0.992309375,5.312499999998721e-05,nan
ariad,2.0,256.0,388,0.0001783346669981256,2.8125000000045475e-05,0.965175,0.99233125,0.992334375,4.375000000000906e-05,nan
ariad,2.0,256.0,389,0.00017833248421084136,1.87499999999563e-05,0.9652125,0.99239375,0.9924,8.125000000003268e-05,nan
ariad,2.0,256.0,390,0.00017832923913374543,1.87499999999563e-05,0.96524375,0.992446875,0.99245625,7.500000000004725e-05,0.999821875
ariad,2.0,256.0,391,0.00017832925368566066,4.375000000000906e-05,0.965240625,0.992453125,0.992478125,3.7500000000023626e-05,nan
ariad,2.0,256.0,392,0.00017833196034189314,1.87499999999563e-05,0.9652375,0.992475,0.9924875,3.7500000000023626e-05,nan
ariad,2.0,256.0,393,0.0001783292245818302,1.87499999999563e-05,0.96525625,0.992503125,0.99251875,4.375000000000906e-05,nan
ariad,2.0,256.0,394,0.00017833340098150074,3.437500000003091e-05,0.965253125,0.9925375,0.992565625,6.87499999999508e-05,nan
ariad,2.0,256.0,395,0.00017832654702942818,2.8125000000045475e-05,0.965271875,0.992578125,0.9926,6.87499999999508e-05,nan
ariad,2.0,256.0,396,0.00017831941659096628,2.8125000000045475e-05,0.965296875,0.992615625,0.992634375,5.9374999999972644e-05,nan
ariad,2.0,256.0,397,0.00017832068260759115,2.5000000000052758e-05,0.965303125,0.992659375,0.992671875,6.562499999995808e-05,nan
ariad,2.0,256.0,398,0.00017831340664997697,3.125000000003819e-05,0.9653375,0.992725,0.992725,7.187500000005453e-05,nan
ariad,2.0,256.0,399,0.00017831171862781048,3.7500000000023626e-05,0.965359375,0.992759375,0.99279375,8.125000000003268e-05,nan
ariad,2.0,256.0,400,0.0001783137849997729,3.125000000003819e-05,0.9654,0.99280625,0.992828125,7.500000000004725e-05,0.9998375
ariad,2.0,256.0,401,0.00017831174773164093,2.8125000000045475e-05,0.9654375,0.992859375,0.9928625,6.249999999996536e-05,nan
ariad,2.0,256.0,402,0.00017830583965405822,2.5000000000052758e-05,0.965475,0.99290625,0.992928125,7.812500000003997e-05,nan
ariad,2.0,256.0,403,0.00017831231525633484,3.437500000003091e-05,0.965490625,0.992953125,0.992965625,6.249999999996536e-05,nan
ariad,2.0,256.0,404,0.000178310860064812,3.125000000003819e-05,0.965509375,0.992975,0.992996875,4.6875000000001776e-05,nan
ariad,2.0,256.0,405,0.00017831061268225312,2.5000000000052758e-05,0.965521875,0.9930125,0.99303125,6.249999999996536e-05,nan
ariad,2.0,256.0,406,0.0001783182378858328,3.7500000000023626e-05,0.9655375,0.993028125,0.99305625,4.6875000000001776e-05,nan
ariad,2.0,256.0,407,0.00017832059529609978,2.5000000000052758e-05,0.96553125,0.993075,0.993084375,5.9374999999972644e-05,nan
ariad,2.0,256.0,408,0.00017831462901085615,2.8125000000045475e-05,0.965578125,0.993125,0.99314375,7.812500000003997e-05,nan
ariad,2.0,256.0,409,0.00017831374134402722,4.062500000001634e-05,0.965590625,0.99316875,0.9931875,6.562499999995808e-05,nan
ariad,2.0,256.0,410,0.00017831036529969424,2.5000000000052758e-05,0.965603125,0.99320625,0.993225,6.249999999996536e-05,0.9998625
ariad,2.0,256.0,411,0.00017830725118983537,3.7500000000023626e-05,0.965615625,0.99320625,0.99324375,4.375000000000906e-05,nan
ariad,2.0,256.0,412,0.00017830856086220592,1.5624999999963585e-05,0.965625,0.993225,0.9932375,3.437500000003091e-05,nan
ariad,2.0,256.0,413,0.00017831171862781048,2.187499999994902e-05,0.96565,0.993259375,0.99328125,5.624999999997993e-05,nan
ariad,2.0,256.0,414,0.00017830674187280238,1.87499999999563e-05,0.965665625,0.99329375,0.993309375,4.999999999999449e-05,nan
ariad,2.0,256.0,415,0.0001783031621016562,4.375000000000906e-05,0.965671875,0.993328125,0.99334375,5.312499999998721e-05,nan
ariad,2.0,256.0,416,0.00017830364231485873,1.5624999999963585e-05,0.965675,0.993365625,0.993378125,5.624999999997993e-05,nan
ariad,2.0,256.0,417,0.0001783019251888618,3.125000000003819e-05,0.9656875,0.993375,0.993384375,2.187499999994902e-05,nan
ariad,2.0,256.0,418,0.00017829930584412068,9.37499999997815e-06,0.96569375,0.99340625,0.993409375,3.7500000000023626e-05,nan
ariad,2.0,256.0,419,0.00017830102297011763,1.5624999999963585e-05,0.965703125,0.993425,0.993428125,3.125000000003819e-05,nan
ariad,2.0,256.0,420,0.0001782936742529273,2.5000000000052758e-05,0.965725,0.99343125,0.99345625,3.125000000003819e-05,0.999859375
ariad,2.0,256.0,421,0.0001782927429303527,3.437500000003091e-05,0.965759375,0.993475,0.993503125,7.812500000003997e-05,nan
ariad,2.0,256.0,422,0.0001782913168426603,2.8125000000045475e-05,0.965771875,0.993525,0.99354375,7.500000000004725e-05,nan
ariad,2.0,256.0,423,0.00017828799900598824,2.5000000000052758e-05,0.9657875,0.99355,0.99356875,4.999999999999449e-05,nan
ariad,2.0,256.0,424,0.000178286645677872,9.37499999997815e-06,0.965803125,0.99359375,0.993590625,4.062500000001634e-05,nan
ariad,2.0,256.0,425,0.0001782857143552974,3.7500000000023626e-05,0.965825,0.993615625,0.99363125,4.062500000001634e-05,nan
ariad,2.0,256.0,426,0.00017828185809776187,2.187499999994902e-05,0.96585,0.993653125,0.99366875,5.9374999999972644e-05,nan
ariad,2.0,256.0,427,0.00017828127602115273,1.5624999999963585e-05,0.965865625,0.993696875,0.99370625,6.249999999996536e-05,nan
ariad,2.0,256.0,428,0.00017828165437094867,1.5624999999963585e-05,0.965878125,0.99371875,0.99373125,3.7500000000023626e-05,nan
ariad,2.0,256.0,429,0.00017828066484071314,1.87499999999563e-05,0.96589375,0.99373125,0.993746875,2.8125000000045475e-05,nan
ariad,2.0,256.0,430,0.00017827759438659996,1.2499999999970868e-05,0.965896875,0.993753125,0.993765625,4.062500000001634e-05,0.99984375
ariad,2.0,256.0,431,0.000178272690391168,2.8125000000045475e-05,0.96591875,0.993765625,0.99379375,4.375000000000906e-05,nan
ariad,2.0,256.0,432,0.00017827353440225124,2.187499999994902e-05,0.965925,0.99380625,0.993828125,6.562499999995808e-05,nan
ariad,2.0,256.0,433,0.00017827381088864058,2.8125000000045475e-05,0.965925,0.993840625,0.993859375,5.312499999998721e-05,nan
ariad,2.0,256.0,434,0.000178271351614967,3.7500000000023626e-05,0.96594375,0.993865625,0.99389375,5.312499999998721e-05,nan
ariad,2.0,256.0,435,0.00017827205010689795,1.2499999999970868e-05,0.965971875,0.993915625,0.993921875,6.249999999996536e-05,nan
ariad,2.0,256.0,436,0.0001782707986421883,4.062500000001634e-05,0.965990625,0.993934375,0.99394375,3.125000000003819e-05,nan
ariad,2.0,256.0,437,0.00017826544353738427,1.5624999999963585e-05,0.9660125,0.993971875,0.9939875,5.312499999998721e-05,nan
ariad,2.0,256.0,438,0.00017826368275564164,2.5000000000052758e-05,0.966025,0.99399375,0.99400625,3.437500000003091e-05,nan
ariad,2.0,256.0,439,0.00017825931718107313,3.437500000003091e-05,0.96605,0.994015625,0.99404375,4.999999999999449e-05,nan
ariad,2.0,256.0,440,0.00017826231487561017,1.2499999999970868e-05,0.966065625,0.994053125,0.994059375,4.375000000000906e-05,0.99984375
ariad,2.0,256.0,441,0.00017826133989728987,1.87499999999563e-05,0.966090625,0.9941,0.994109375,5.624999999997993e-05,nan
ariad,2.0,256.0,442,0.00017826010298449546,2.5000000000052758e-05,0.9661,0.99411875,0.994140625,4.375000000000906e-05,nan
ariad,2.0,256.0,443,0.0001782558101695031,1.87499999999563e-05,0.966115625,0.99414375,0.99415625,4.6875000000001776e-05,nan
ariad,2.0,256.0,444,0.0001782579201972112,3.7500000000023626e-05,0.96614375,0.994175,0.9942,5.624999999997993e-05,nan
ariad,2.0,256.0,445,0.0001782537583494559,2.187499999994902e-05,0.96615625,0.99420625,0.994221875,4.6875000000001776e-05,nan
ariad,2.0,256.0,446,0.00017824841779656708,1.5624999999963585e-05,0.966159375,0.9942375,0.99425,4.999999999999449e-05,nan
ariad,2.0,256.0,447,0.00017824045789893717,3.125000000003819e-05,0.966165625,0.99424375,0.994271875,3.437500000003091e-05,nan
ariad,2.0,256.0,448,0.00017823846428655088,1.87499999999563e-05,0.966184375,0.994278125,0.99429375,5.312499999998721e-05,nan
ariad,2.0,256.0,449,0.00017823933740146458,1.5624999999963585e-05,0.966196875,0.99429375,0.994309375,3.437500000003091e-05,nan
ariad,2.0,256.0,450,0.00017823443340603262,2.187499999994902e-05,0.966215625,0.994315625,0.994321875,3.125000000003819e-05,0.99989375
ariad,2.0,256.0,451,0.00017823470989242196,1.87499999999563e-05,0.9662375,0.994334375,0.994353125,4.062500000001634e-05,nan
ariad,2.0,256.0,452,0.00017822851077653468,3.437500000003091e-05,0.966240625,0.994334375,0.994359375,2.5000000000052758e-05,nan
ariad,2.0,256.0,453,0.0001782255421858281,1.5624999999963585e-05,0.96625625,0.994365625,0.994375,4.375000000000906e-05,nan
ariad,2.0,256.0,454,0.0001782266772352159,2.187499999994902e-05,0.966271875,0.99439375,0.99440625,4.062500000001634e-05,nan
ariad,2.0,256.0,455,0.0001782258041203022,1.2499999999970868e-05,0.966275,0.994425,0.994434375,4.062500000001634e-05,nan
ariad,2.0,256.0,456,0.00017822379595600069,1.87499999999563e-05,0.96628125,0.99444375,0.994453125,2.8125000000045475e-05,nan
ariad,2.0,256.0,457,0.00017822155496105552,1.87499999999563e-05,0.966284375,0.99445625,0.994465625,2.187499999994902e-05,nan
ariad,2.0,256.0,458,0.00017822065274231136,1.5624999999963585e-05,0.9663,0.994490625,0.994496875,4.062500000001634e-05,nan
ariad,2.0,256.0,459,0.00017822222434915602,1.5624999999963585e-05,0.966296875,0.99450625,0.994515625,2.5000000000052758e-05,nan
ariad,2.0,256.0,460,0.00017822039080783725,2.187499999994902e-05,0.966303125,0.9945125,0.99453125,2.8125000000045475e-05,0.99985625
ariad,2.0,256.0,461,0.00017822152585722506,2.187499999994902e-05,0.966321875,0.994559375,0.994571875,5.9374999999972644e-05,nan
ariad,2.0,256.0,462,0.00017821772780735046,1.2499999999970868e-05,0.9663375,0.9946,0.99460625,4.6875000000001776e-05,nan
ariad,2.0,256.0,463,0.00017821710207499564,3.125000000003819e-05,0.966353125,0.994590625,0.99461875,2.187499999994902e-05,nan
ariad,2.0,256.0,464,0.00017821490473579615,2.5000000000052758e-05,0.966359375,0.99461875,0.994634375,4.375000000000906e-05,nan
ariad,2.0,256.0,465,0.00017821860092226416,1.5624999999963585e-05,0.966359375,0.99465,0.994653125,3.7500000000023626e-05,nan
ariad,2.0,256.0,466,0.00017821643268689513,2.187499999994902e-05,0.96636875,0.9946625,0.99468125,3.125000000003819e-05,nan
ariad,2.0,256.0,467,0.00017821167421061546,9.37499999997815e-06,0.966390625,0.9947,0.994703125,4.062500000001634e-05,nan
ariad,2.0,256.0,468,0.0001782093313522637,1.5624999999963585e-05,0.966403125,0.99471875,0.99473125,3.125000000003819e-05,nan
ariad,2.0,256.0,469,0.0001782098552212119,1.5624999999963585e-05,0.9664125,0.9947375,0.99475,3.125000000003819e-05,nan
ariad,2.0,256.0,470,0.00017820992798078805,2.187499999994902e-05,0.96641875,0.994740625,0.994753125,1.87499999999563e-05,0.999890625
ariad,2.0,256.0,471,0.00017820886569097638,2.5000000000052758e-05,0.966425,0.99475625,0.99476875,2.8125000000045475e-05,nan
ariad,2.0,256.0,472,0.0001782052277121693,2.8125000000045475e-05,0.966440625,0.99476875,0.99479375,4.062500000001634e-05,nan
ariad,2.0,256.0,473,0.00017821176152210683,1.87499999999563e-05,0.966440625,0.994796875,0.994809375,4.062500000001634e-05,nan
ariad,2.0,256.0,474,0.0001782110775820911,2.5000000000052758e-05,0.96645,0.9948125,0.994828125,3.125000000003819e-05,nan
ariad,2.0,256.0,475,0.00017820669745560735,1.87499999999563e-05,0.96645625,0.994834375,0.994853125,4.6875000000001776e-05,nan
ariad,2.0,256.0,476,0.00017820681387092918,2.8125000000045475e-05,0.966459375,0.99485,0.994875,4.375000000000906e-05,nan
ariad,2.0,256.0,477,0.00017820131324697286,1.87499999999563e-05,0.966465625,0.994878125,0.994890625,4.6875000000001776e-05,nan
ariad,2.0,256.0,478,0.00017819860659074038,1.87499999999563e-05,0.966475,0.9949,0.99491875,4.999999999999449e-05,nan
ariad,2.0,256.0,479,0.00017820208449847996,3.437500000003091e-05,0.966478125,0.99490625,0.9949375,4.999999999999449e-05,nan
ariad,2.0,256.0,480,0.00017819859203882515,1.87499999999563e-05,0.966484375,0.99493125,0.99495,4.6875000000001776e-05,0.999875
ariad,2.0,256.0,481,0.00017819709319155663,1.2499999999970868e-05,0.966496875,0.99495625,0.994965625,4.375000000000906e-05,nan
ariad,2.0,256.0,482,0.00017819060303736478,1.87499999999563e-05,0.966509375,0.994975,0.99499375,4.999999999999449e-05,nan
ariad,2.0,256.0,483,0.00017818545165937394,1.87499999999563e-05,0.966515625,0.99500625,0.995025,5.312499999998721e-05,nan
ariad,2.0,256.0,484,0.0001781808095984161,9.37499999997815e-06,0.966528125,0.995034375,0.995040625,3.7500000000023626e-05,nan
ariad,2.0,256.0,485,0.0001781837927410379,4.062500000001634e-05,0.96654375,0.9950375,0.995071875,4.062500000001634e-05,nan
ariad,2.0,256.0,486,0.00017818283231463283,2.5000000000052758e-05,0.966553125,0.995078125,0.9950875,5.312499999998721e-05,nan
ariad,2.0,256.0,487,0.00017818232299759984,4.062500000001634e-05,0.966559375,0.995090625,0.995121875,4.375000000000906e-05,nan
ariad,2.0,256.0,488,0.00017817494517657906,1.87499999999563e-05,0.96658125,0.995128125,0.995134375,4.6875000000001776e-05,nan
ariad,2.0,256.0,489,0.00017817594925872982,3.125000000003819e-05,0.9665875,0.995146875,0.995178125,5.312499999998721e-05,nan
ariad,2.0,256.0,490,0.00017817289335653186,2.5000000000052758e-05,0.966603125,0.995178125,0.995190625,4.999999999999449e-05,0.999915625
ariad,2.0,256.0,491,0.00017817174375522882,4.062500000001634e-05,0.9666125,0.99518125,0.995209375,3.125000000003819e-05,nan
ariad,2.0,256.0,492,0.00017817027401179075,4.062500000001634e-05,0.96661875,0.995184375,0.995225,4.6875000000001776e-05,nan
ariad,2.0,256.0,493,0.00017817151092458516,4.6875000000001776e-05,0.966621875,0.9952125,0.99524375,5.9374999999972644e-05,nan
ariad,2.0,256.0,494,0.00017817437765188515,2.5000000000052758e-05,0.966625,0.995253125,0.99526875,7.187500000005453e-05,nan
ariad,2.0,256.0,495,0.00017817331536207348,2.5000000000052758e-05,0.966646875,0.995303125,0.995321875,7.500000000004725e-05,nan
ariad,2.0,256.0,496,0.00017817251500673592,4.062500000001634e-05,0.966671875,0.995346875,0.99535625,5.9374999999972644e-05,nan
ariad,2.0,256.0,497,0.0001781693717930466,1.87499999999563e-05,0.966703125,0.99538125,0.9954,5.624999999997993e-05,nan
ariad,2.0,256.0,498,0.000178168251295574,1.2499999999970868e-05,0.966728125,0.9954125,0.995425,4.999999999999449e-05,nan
ariad,2.0,256.0,499,0.00017816606850828975,3.437500000003091e-05,0.96675,0.995421875,0.995453125,4.6875000000001776e-05,nan
ariad,2.0,256.0,500,0.00017816422041505575,4.999999999999449e-05,0.966759375,0.995421875,0.99546875,5.312499999998721e-05,1.0
dense,nan,nan,1,0.12396298348903656,nan,0.12301875,nan,nan,nan,0.123046875
dense,nan,nan,2,0.11616287380456924,0.1381,0.12126875,nan,nan,nan,nan
dense,nan,nan,3,0.11284394562244415,0.12534687499999997,0.11805,nan,nan,nan,nan
dense,nan,nan,4,0.11140618473291397,0.112803125,0.114828125,nan,nan,nan,nan
dense,nan,nan,5,0.11075685918331146,0.10077187499999996,0.11221875,nan,nan,nan,nan
dense,nan,nan,6,0.11042311787605286,0.09068437500000004,0.110790625,nan,nan,nan,nan
dense,nan,nan,7,0.11020524799823761,0.0834625,0.110928125,nan,nan,nan,nan
dense,nan,nan,8,0.11002443730831146,0.07909374999999996,0.11225625,nan,nan,nan,nan
dense,nan,nan,9,0.10985324531793594,0.07552187499999996,0.1146875,nan,nan,nan,nan
dense,nan,nan,10,0.10968471318483353,0.07364375000000001,0.117809375,nan,nan,nan,0.11783125
dense,nan,nan,11,0.10951898992061615,0.07173437500000002,0.12166875,nan,nan,nan,nan
dense,nan,nan,12,0.10935764014720917,0.07089062499999998,0.126325,nan,nan,nan,nan
dense,nan,nan,13,0.10920151323080063,0.07003437499999998,0.132078125,nan,nan,nan,nan
dense,nan,nan,14,0.10905051231384277,0.06865312499999998,0.137996875,nan,nan,nan,nan
dense,nan,nan,15,0.1089039295911789,0.06740312500000001,0.144946875,nan,nan,nan,nan
dense,nan,nan,16,0.10876105725765228,0.06456562499999996,0.15171875,nan,nan,nan,nan
dense,nan,nan,17,0.10862143337726593,0.06399687499999995,0.159203125,nan,nan,nan,nan
dense,nan,nan,18,0.10848478972911835,0.06191875000000002,0.16700625,nan,nan,nan,nan
dense,nan,nan,19,0.10835099965333939,0.06099374999999996,0.17560625,nan,nan,nan,nan
dense,nan,nan,20,0.10821999609470367,0.05933124999999995,0.184296875,nan,nan,nan,0.1842625
dense,nan,nan,21,0.10809154808521271,0.05813437499999996,0.19315625,nan,nan,nan,nan
dense,nan,nan,22,0.10796530544757843,0.056240625000000044,0.20255625,nan,nan,nan,nan
dense,nan,nan,23,0.10784086585044861,0.05504374999999995,0.21215625,nan,nan,nan,nan
dense,nan,nan,24,0.10771790146827698,0.05329375000000003,0.221715625,nan,nan,nan,nan
dense,nan,nan,25,0.10759639739990234,0.052065625000000004,0.2311875,nan,nan,nan,nan
dense,nan,nan,26,0.107476606965065,0.0506375,0.240628125,nan,nan,nan,nan
dense,nan,nan,27,0.10735881328582764,0.049440625000000016,0.249584375,nan,nan,nan,nan
dense,nan,nan,28,0.10724302381277084,0.048384375000000035,0.258565625,nan,nan,nan,nan
dense,nan,nan,29,0.10712880641222,0.04730937499999999,0.267128125,nan,nan,nan,nan
dense,nan,nan,30,0.10701518505811691,0.04627812499999995,0.275434375,nan,nan,nan,0.275278125
dense,nan,nan,31,0.10690099745988846,0.045118749999999985,0.28361875,nan,nan,nan,nan
dense,nan,nan,32,0.10678519308567047,0.043840624999999966,0.291296875,nan,nan,nan,nan
dense,nan,nan,33,0.10666689276695251,0.04321562499999998,0.29871875,nan,nan,nan,nan
dense,nan,nan,34,0.1065453439950943,0.04249999999999998,0.305915625,nan,nan,nan,nan
dense,nan,nan,35,0.10641969740390778,0.04111562499999999,0.313084375,nan,nan,nan,nan
dense,nan,nan,36,0.1062885969877243,0.040381250000000035,0.31979375,nan,nan,nan,nan
dense,nan,nan,37,0.10615012049674988,0.04026562499999997,0.32620625,nan,nan,nan,nan
dense,nan,nan,38,0.1060020700097084,0.039381250000000034,0.33210625,nan,nan,nan,nan
dense,nan,nan,39,0.10584224760532379,0.039015625,0.337728125,nan,nan,nan,nan
dense,nan,nan,40,0.10566861182451248,0.038709375000000046,0.342903125,nan,nan,nan,0.343021875
dense,nan,nan,41,0.1054791510105133,0.03874999999999995,0.34743125,nan,nan,nan,nan
dense,nan,nan,42,0.10527189821004868,0.038190625000000034,0.351753125,nan,nan,nan,nan
dense,nan,nan,43,0.10504555702209473,0.037934374999999965,0.35570625,nan,nan,nan,nan
dense,nan,nan,44,0.10479958355426788,0.03756875000000004,0.3596375,nan,nan,nan,nan
dense,nan,nan,45,0.10453206300735474,0.037865625000000014,0.3638375,nan,nan,nan,nan
dense,nan,nan,46,0.10423747450113297,0.038068749999999985,0.3683875,nan,nan,nan,nan
dense,nan,nan,47,0.10390761494636536,0.03886250000000002,0.373271875,nan,nan,nan,nan
dense,nan,nan,48,0.10353520512580872,0.04040624999999998,0.379109375,nan,nan,nan,nan
dense,nan,nan,49,0.10311581939458847,0.041268749999999965,0.3849875,nan,nan,nan,nan
dense,nan,nan,50,0.10264666378498077,0.04324687500000002,0.391534375,nan,nan,nan,0.3916375
dense,nan,nan,51,0.10212395340204239,0.04395625000000003,0.39860625,nan,nan,nan,nan
dense,nan,nan,52,0.10154217481613159,0.04507812499999997,0.406290625,nan,nan,nan,nan
dense,nan,nan,53,0.10089579969644547,0.04540624999999998,0.4139875,nan,nan,nan,nan
dense,nan,nan,54,0.10018018633127213,0.04515000000000002,0.421628125,nan,nan,nan,nan
dense,nan,nan,55,0.09938994795084,0.046150000000000024,0.42973125,nan,nan,nan,nan
dense,nan,nan,56,0.09851803630590439,0.04712499999999997,0.43783125,nan,nan,nan,nan
dense,nan,nan,57,0.09755630046129227,0.04685312500000005,0.446028125,nan,nan,nan,nan
dense,nan,nan,58,0.09649375826120377,0.04637187499999995,0.4547,nan,nan,nan,nan
dense,nan,nan,59,0.09531477093696594,0.04713124999999996,0.463803125,nan,nan,nan,nan
dense,nan,nan,60,0.0940004512667656,0.04789374999999996,0.473778125,nan,nan,nan,0.4739125
dense,nan,nan,61,0.09252916276454926,0.04796562500000001,0.483996875,nan,nan,nan,nan
dense,nan,nan,62,0.09087257832288742,0.04842187499999995,0.494659375,nan,nan,nan,nan
dense,nan,nan,63,0.08899299055337906,0.04915625000000001,0.50575,nan,nan,nan,nan
dense,nan,nan,64,0.08684468269348145,0.05030625,0.51830625,nan,nan,nan,nan
dense,nan,nan,65,0.08437500149011612,0.0511625,0.5311625,nan,nan,nan,nan
dense,nan,nan,66,0.08152228593826294,0.05305937500000002,0.5452125,nan,nan,nan,nan
dense,nan,nan,67,0.07821468263864517,0.05427499999999996,0.56024375,nan,nan,nan,nan
dense,nan,nan,68,0.07437792420387268,0.05597812499999999,0.575284375,nan,nan,nan,nan
dense,nan,nan,69,0.06995426118373871,0.05732812499999995,0.5910125,nan,nan,nan,nan
dense,nan,nan,70,0.06494168192148209,0.057971875000000006,0.606128125,nan,nan,nan,0.606190625
dense,nan,nan,71,0.05942244827747345,0.05920937500000001,0.621575,nan,nan,nan,nan
dense,nan,nan,72,0.05356527119874954,0.05930000000000002,0.63684375,nan,nan,nan,nan
dense,nan,nan,73,0.04760819673538208,0.05948125000000004,0.65105625,nan,nan,nan,nan
dense,nan,nan,74,0.04182308167219162,0.05899062499999996,0.666103125,nan,nan,nan,nan
dense,nan,nan,75,0.036483265459537506,0.058184374999999955,0.68013125,nan,nan,nan,nan
dense,nan,nan,76,0.031801436096429825,0.056975,0.693934375,nan,nan,nan,nan
dense,nan,nan,77,0.027887508273124695,0.05541874999999996,0.707259375,nan,nan,nan,nan
dense,nan,nan,78,0.024767080321907997,0.05507812499999998,0.7207,nan,nan,nan,nan
dense,nan,nan,79,0.022349433973431587,0.05361875000000005,0.734078125,nan,nan,nan,nan
dense,nan,nan,80,0.02042767032980919,0.05247812500000004,0.74656875,nan,nan,nan,0.74761875
dense,nan,nan,81,0.018802981823682785,0.051925,0.7585,nan,nan,nan,nan
dense,nan,nan,82,0.017367925494909286,0.05173749999999999,0.769115625,nan,nan,nan,nan
dense,nan,nan,83,0.016059689223766327,0.05039687500000001,0.779246875,nan,nan,nan,nan
dense,nan,nan,84,0.01483309268951416,0.047881249999999986,0.7885375,nan,nan,nan,nan
dense,nan,nan,85,0.013633396476507187,0.04654687499999999,0.7979125,nan,nan,nan,nan
dense,nan,nan,86,0.01242983527481556,0.04484374999999996,0.807484375,nan,nan,nan,nan
dense,nan,nan,87,0.01124969869852066,0.04390000000000005,0.81653125,nan,nan,nan,nan
dense,nan,nan,88,0.010140256956219673,0.042278125000000055,0.8255625,nan,nan,nan,nan
dense,nan,nan,89,0.009140918031334877,0.040481250000000024,0.83386875,nan,nan,nan,nan
dense,nan,nan,90,0.00826382078230381,0.03871250000000004,0.8418375,nan,nan,nan,0.844578125
dense,nan,nan,91,0.0074946279637515545,0.03714062500000004,0.8487625,nan,nan,nan,nan
dense,nan,nan,92,0.0068197669461369514,0.035728125,0.855296875,nan,nan,nan,nan
dense,nan,nan,93,0.006230912636965513,0.03413437500000005,0.86233125,nan,nan,nan,nan
dense,nan,nan,94,0.005717812106013298,0.03344687499999999,0.8682,nan,nan,nan,nan
dense,nan,nan,95,0.0052671246230602264,0.03229062500000002,0.87416875,nan,nan,nan,nan
dense,nan,nan,96,0.004859201144427061,0.030809375000000028,0.87963125,nan,nan,nan,nan
dense,nan,nan,97,0.0044778636656701565,0.02937500000000004,0.88440625,nan,nan,nan,nan
dense,nan,nan,98,0.004116533789783716,0.028637499999999982,0.88935625,nan,nan,nan,nan
dense,nan,nan,99,0.0037690075114369392,0.027484375000000005,0.89433125,nan,nan,nan,nan
dense,nan,nan,100,0.003430294804275036,0.026393749999999994,0.899421875,nan,nan,nan,0.905690625
dense,nan,nan,101,0.0031053212005645037,0.02546875000000004,0.9047,nan,nan,nan,nan
dense,nan,nan,102,0.0028041359037160873,0.025181250000000044,0.910453125,nan,nan,nan,nan
dense,nan,nan,103,0.0025372598320245743,0.024800000000000044,0.916509375,nan,nan,nan,nan
dense,nan,nan,104,0.002311765681952238,0.023981249999999954,0.921621875,nan,nan,nan,nan
dense,nan,nan,105,0.0021273281890898943,0.023293750000000002,0.92643125,nan,nan,nan,nan
dense,nan,nan,106,0.0019784492906183004,0.022715625000000017,0.93035,nan,nan,nan,nan
dense,nan,nan,107,0.0018600650364533067,0.021734374999999972,0.93285,nan,nan,nan,nan
dense,nan,nan,108,0.0017648526700213552,0.020412499999999945,0.934053125,nan,nan,nan,nan
dense,nan,nan,109,0.0016806373605504632,0.01910624999999999,0.93555625,nan,nan,nan,nan
dense,nan,nan,110,0.0015986311482265592,0.017687499999999967,0.936240625,nan,nan,nan,0.9456875
dense,nan,nan,111,0.0015178138855844736,0.016996875000000022,0.9374125,nan,nan,nan,nan
dense,nan,nan,112,0.0014394901227205992,0.015765625000000005,0.93855625,nan,nan,nan,nan
dense,nan,nan,113,0.0013642181875184178,0.015271875000000046,0.94075,nan,nan,nan,nan
dense,nan,nan,114,0.001293151406571269,0.014646874999999948,0.94263125,nan,nan,nan,nan
dense,nan,nan,115,0.0012278526555746794,0.014674999999999994,0.94480625,nan,nan,nan,nan
dense,nan,nan,116,0.0011687596561387181,0.013856250000000014,0.94665,nan,nan,nan,nan
dense,nan,nan,117,0.0011156020918861032,0.012837499999999946,0.948359375,nan,nan,nan,nan
dense,nan,nan,118,0.0010683189611881971,0.01270625000000003,0.949603125,nan,nan,nan,nan
dense,nan,nan,119,0.001026795362122357,0.01198750000000004,0.950834375,nan,nan,nan,nan
dense,nan,nan,120,0.0009903176687657833,0.01126875000000005,0.952009375,nan,nan,nan,0.967946875
dense,nan,nan,121,0.0009583703940734267,0.010771874999999986,0.953103125,nan,nan,nan,nan
dense,nan,nan,122,0.0009309335728175938,0.01015937499999997,0.954046875,nan,nan,nan,nan
dense,nan,nan,123,0.000907476874999702,0.009962499999999985,0.95468125,nan,nan,nan,nan
dense,nan,nan,124,0.0008868440636433661,0.009221875000000046,0.955378125,nan,nan,nan,nan
dense,nan,nan,125,0.0008678887970745564,0.008843750000000039,0.955865625,nan,nan,nan,nan
dense,nan,nan,126,0.000849935517180711,0.008209374999999963,0.956628125,nan,nan,nan,nan
dense,nan,nan,127,0.0008329538977704942,0.007737499999999953,0.957153125,nan,nan,nan,nan
dense,nan,nan,128,0.0008173585520125926,0.007796875000000036,0.957975,nan,nan,nan,nan
dense,nan,nan,129,0.0008032390614971519,0.007384374999999999,0.958503125,nan,nan,nan,nan
dense,nan,nan,130,0.000790263176895678,0.006834374999999948,0.959065625,nan,nan,nan,0.9793625
dense,nan,nan,131,0.0007782289758324623,0.006684374999999965,0.959425,nan,nan,nan,nan
dense,nan,nan,132,0.0007671946077607572,0.0063968749999999686,0.9597875,nan,nan,nan,nan
dense,nan,nan,133,0.0007573350449092686,0.006149999999999989,0.960209375,nan,nan,nan,nan
dense,nan,nan,134,0.0007488047122024,0.0058875000000000455,0.9606625,nan,nan,nan,nan
dense,nan,nan,135,0.0007414781139232218,0.0056093750000000275,0.960675,nan,nan,nan,nan
dense,nan,nan,136,0.0007349381339736283,0.005290624999999993,0.960778125,nan,nan,nan,nan
dense,nan,nan,137,0.0007288867491297424,0.004784374999999952,0.960865625,nan,nan,nan,nan
dense,nan,nan,138,0.0007233847281895578,0.004856250000000006,0.96100625,nan,nan,nan,nan
dense,nan,nan,139,0.0007185148424468935,0.004390624999999981,0.96109375,nan,nan,nan,nan
dense,nan,nan,140,0.0007141073583625257,0.00420937499999996,0.961046875,nan,nan,nan,0.987240625
dense,nan,nan,141,0.0007099739159457386,0.004168750000000054,0.96135,nan,nan,nan,nan
dense,nan,nan,142,0.0007060776697471738,0.003884375000000051,0.961575,nan,nan,nan,nan
dense,nan,nan,143,0.0007024478982202709,0.0035250000000000004,0.9616875,nan,nan,nan,nan
dense,nan,nan,144,0.0006991472328081727,0.003406250000000055,0.96184375,nan,nan,nan,nan
dense,nan,nan,145,0.0006962422048673034,0.003471875000000013,0.961946875,nan,nan,nan,nan
dense,nan,nan,146,0.0006937525467947125,0.0031812500000000243,0.962134375,nan,nan,nan,nan
dense,nan,nan,147,0.0006915975245647132,0.003249999999999975,0.96219375,nan,nan,nan,nan
dense,nan,nan,148,0.0006896326667629182,0.0028437500000000338,0.962325,nan,nan,nan,nan
dense,nan,nan,149,0.0006877721752971411,0.0026437499999999448,0.962325,nan,nan,nan,nan
dense,nan,nan,150,0.0006860297289676964,0.0024812499999999904,0.962434375,nan,nan,nan,0.992365625
dense,nan,nan,151,0.0006844645249657333,0.0024250000000000105,0.962490625,nan,nan,nan,nan
dense,nan,nan,152,0.0006830861675553024,0.0024906249999999686,0.96245625,nan,nan,nan,nan
dense,nan,nan,153,0.0006818122928962111,0.002084375000000027,0.962465625,nan,nan,nan,nan
dense,nan,nan,154,0.0006806060555391014,0.002053124999999989,0.962465625,nan,nan,nan,nan
dense,nan,nan,155,0.0006795418448746204,0.002096874999999998,0.962578125,nan,nan,nan,nan
dense,nan,nan,156,0.0006786507437936962,0.0017468750000000366,0.962634375,nan,nan,nan,nan
dense,nan,nan,157,0.0006778708193451166,0.0018781249999999527,0.962775,nan,nan,nan,nan
dense,nan,nan,158,0.0006771499174647033,0.0016156250000000094,0.9627625,nan,nan,nan,nan
dense,nan,nan,159,0.000676470051985234,0.0017625000000000002,0.962775,nan,nan,nan,nan
dense,nan,nan,160,0.0006758254603482783,0.0016374999999999584,0.9627625,nan,nan,nan,0.995428125
dense,nan,nan,161,0.0006752298213541508,0.0014187500000000242,0.962784375,nan,nan,nan,nan
dense,nan,nan,162,0.000674694252666086,0.0013781250000000078,0.96273125,nan,nan,nan,nan
dense,nan,nan,163,0.0006742203258909285,0.0013999999999999568,0.96266875,nan,nan,nan,nan
dense,nan,nan,164,0.0006738009979017079,0.001187500000000008,0.9626,nan,nan,nan,nan
dense,nan,nan,165,0.0006734207854606211,0.0012468749999999806,0.962609375,nan,nan,nan,nan
dense,nan,nan,166,0.0006730701425112784,0.00112187500000005,0.962625,nan,nan,nan,nan
dense,nan,nan,167,0.0006727410363964736,0.0010156249999999645,0.962628125,nan,nan,nan,nan
dense,nan,nan,168,0.0006724366103298962,0.0011843750000000153,0.962675,nan,nan,nan,nan
dense,nan,nan,169,0.0006721665267832577,0.0009062499999999973,0.96268125,nan,nan,nan,nan
dense,nan,nan,170,0.0006719262455590069,0.0009187499999999682,0.96275,nan,nan,nan,0.997271875
dense,nan,nan,171,0.0006717063952237368,0.0008500000000000174,0.962765625,nan,nan,nan,nan
dense,nan,nan,172,0.0006715020863339305,0.0008781249999999519,0.962796875,nan,nan,nan,nan
dense,nan,nan,173,0.0006713139009661973,0.0007843749999999483,0.962878125,nan,nan,nan,nan
dense,nan,nan,174,0.0006711464375257492,0.0007312499999999611,0.962909375,nan,nan,nan,nan
dense,nan,nan,175,0.0006709990557283163,0.0007156249999999975,0.9628375,nan,nan,nan,nan
dense,nan,nan,176,0.0006708643049933016,0.0006843749999999593,0.962834375,nan,nan,nan,nan
dense,nan,nan,177,0.0006707379361614585,0.0006906249999999448,0.962803125,nan,nan,nan,nan
dense,nan,nan,178,0.0006706214044243097,0.0006968750000000412,0.962809375,nan,nan,nan,nan
dense,nan,nan,179,0.0006705155246891081,0.0005593750000000286,0.962834375,nan,nan,nan,nan
dense,nan,nan,180,0.0006704193656332791,0.000565625000000014,0.962809375,nan,nan,nan,0.9983375
dense,nan,nan,181,0.0006703336839564145,0.0005187500000000123,0.96281875,nan,nan,nan,nan
dense,nan,nan,182,0.0006702562095597386,0.0005156250000000195,0.9627875,nan,nan,nan,nan
dense,nan,nan,183,0.0006701850797981024,0.00048437499999998135,0.96280625,nan,nan,nan,nan
dense,nan,nan,184,0.0006701211677864194,0.00041250000000003784,0.9628,nan,nan,nan,nan
dense,nan,nan,185,0.0006700639496557415,0.0004750000000000032,0.9628125,nan,nan,nan,nan
dense,nan,nan,186,0.0006700125522911549,0.00038124999999999964,0.9628125,nan,nan,nan,nan
dense,nan,nan,187,0.000669967383146286,0.00037812500000000693,0.9628,nan,nan,nan,nan
dense,nan,nan,188,0.0006699300720356405,0.00034999999999996145,0.962778125,nan,nan,nan,nan
dense,nan,nan,189,0.0006698960205540061,0.0003093749999999451,0.962771875,nan,nan,nan,nan
dense,nan,nan,190,0.0006698562647216022,0.0003250000000000197,0.9628125,nan,nan,nan,0.999103125
dense,nan,nan,191,0.0006698119104839861,0.00031250000000004885,0.96285625,nan,nan,nan,nan
dense,nan,nan,192,0.0006697758799418807,0.0002906249999999888,0.962834375,nan,nan,nan,nan
dense,nan,nan,193,0.0006697508506476879,0.00024062499999999432,0.9628625,nan,nan,nan,nan
dense,nan,nan,194,0.0006697247736155987,0.0002843750000000034,0.96286875,nan,nan,nan,nan
dense,nan,nan,195,0.0006696951459161937,0.00026250000000005436,0.962871875,nan,nan,nan,nan
dense,nan,nan,196,0.0006696715136058629,0.0002062499999999634,0.962821875,nan,nan,nan,nan
dense,nan,nan,197,0.0006696560885757208,0.00020937499999995612,0.96284375,nan,nan,nan,nan
dense,nan,nan,198,0.0006696379859931767,0.00019062499999999982,0.962875,nan,nan,nan,nan
dense,nan,nan,199,0.0006696172058582306,0.00021249999999994884,0.9628375,nan,nan,nan,nan
dense,nan,nan,200,0.0006696027121506631,0.00021562500000005258,0.96283125,nan,nan,nan,0.999415625
dense,nan,nan,201,0.0006695927586406469,0.0002031249999999707,0.962821875,nan,nan,nan,nan
dense,nan,nan,202,0.0006695793708786368,0.0001843750000000144,0.96280625,nan,nan,nan,nan
dense,nan,nan,203,0.0006695649935863912,0.00014999999999998348,0.96279375,nan,nan,nan,nan
dense,nan,nan,204,0.0006695554475300014,0.00014687499999999076,0.96280625,nan,nan,nan,nan
dense,nan,nan,205,0.0006695471820421517,0.00011874999999994529,0.96281875,nan,nan,nan,nan
dense,nan,nan,206,0.0006695357151329517,0.00012500000000004174,0.9628,nan,nan,nan,nan
dense,nan,nan,207,0.0006695266929455101,0.00011874999999994529,0.962825,nan,nan,nan,nan
dense,nan,nan,208,0.0006695206393487751,9.375000000000355e-05,0.9628375,nan,nan,nan,nan
dense,nan,nan,209,0.0006695137708447874,0.00012187500000004903,0.962846875,nan,nan,nan,nan
dense,nan,nan,210,0.0006695063202641904,0.00011249999999995985,0.9628625,nan,nan,nan,0.99966875
dense,nan,nan,211,0.0006695014890283346,0.00010937499999996714,0.962865625,nan,nan,nan,nan
dense,nan,nan,212,0.0006694973562844098,9.375000000000355e-05,0.962865625,nan,nan,nan,nan
dense,nan,nan,213,0.0006694920593872666,7.500000000004725e-05,0.96286875,nan,nan,nan,nan
dense,nan,nan,214,0.0006694870535284281,7.812500000003997e-05,0.962865625,nan,nan,nan,nan
dense,nan,nan,215,0.0006694839103147388,0.00010624999999997442,0.96285625,nan,nan,nan,nan
dense,nan,nan,216,0.0006694804760627449,8.43750000000254e-05,0.96285,nan,nan,nan,nan
dense,nan,nan,217,0.0006694767507724464,8.125000000003268e-05,0.96285,nan,nan,nan,nan
dense,nan,nan,218,0.0006694740150123835,7.187500000005453e-05,0.9628375,nan,nan,nan,nan
dense,nan,nan,219,0.0006694727926515043,7.500000000004725e-05,0.962834375,nan,nan,nan,nan
dense,nan,nan,220,0.0006694731418974698,8.125000000003268e-05,0.96285,nan,nan,nan,0.999809375
dense,nan,nan,221,0.0006694751791656017,2.8125000000045475e-05,0.962846875,nan,nan,nan,nan
dense,nan,nan,222,0.0006694804760627449,5.312499999998721e-05,0.96283125,nan,nan,nan,nan
dense,nan,nan,223,0.0006694821058772504,7.187500000005453e-05,0.9628375,nan,nan,nan,nan
dense,nan,nan,224,0.0006694722687825561,7.187500000005453e-05,0.962846875,nan,nan,nan,nan
dense,nan,nan,225,0.0006694594048894942,5.624999999997993e-05,0.96285625,nan,nan,nan,nan
dense,nan,nan,226,0.0006694591138511896,4.375000000000906e-05,0.96285625,nan,nan,nan,nan
dense,nan,nan,227,0.0006694659823551774,5.624999999997993e-05,0.962853125,nan,nan,nan,nan
dense,nan,nan,228,0.0006694632465951145,5.624999999997993e-05,0.962859375,nan,nan,nan,nan
dense,nan,nan,229,0.0006694544572383165,3.437500000003091e-05,0.9628625,nan,nan,nan,nan
dense,nan,nan,230,0.0006694547482766211,4.375000000000906e-05,0.9628625,nan,nan,nan,0.999840625
dense,nan,nan,231,0.0006694594048894942,4.375000000000906e-05,0.962865625,nan,nan,nan,nan
dense,nan,nan,232,0.0006694566691294312,2.8125000000045475e-05,0.962859375,nan,nan,nan,nan
dense,nan,nan,233,0.0006694539915770292,4.999999999999449e-05,0.96285625,nan,nan,nan,nan
dense,nan,nan,234,0.000669460219796747,3.437500000003091e-05,0.962853125,nan,nan,nan,nan
dense,nan,nan,235,0.0006694672629237175,4.6875000000001776e-05,0.962853125,nan,nan,nan,nan
dense,nan,nan,236,0.0006694670300930738,4.375000000000906e-05,0.96285,nan,nan,nan,nan
dense,nan,nan,237,0.0006694622570648789,4.6875000000001776e-05,0.962846875,nan,nan,nan,nan
dense,nan,nan,238,0.000669457542244345,3.7500000000023626e-05,0.962853125,nan,nan,nan,nan
dense,nan,nan,239,0.0006694567273370922,3.7500000000023626e-05,0.96285625,nan,nan,nan,nan
dense,nan,nan,240,0.0006694628391414881,1.87499999999563e-05,0.96284375,nan,nan,nan,0.9999125
dense,nan,nan,241,0.0006694688345305622,3.125000000003819e-05,0.962840625,nan,nan,nan,nan
dense,nan,nan,242,0.0006694622570648789,3.125000000003819e-05,0.9628375,nan,nan,nan,nan
dense,nan,nan,243,0.0006694491021335125,2.8125000000045475e-05,0.9628375,nan,nan,nan,nan
dense,nan,nan,244,0.0006694468320347369,6.249999999985434e-06,0.9628375,nan,nan,nan,nan
dense,nan,nan,245,0.0006694535259157419,2.5000000000052758e-05,0.962846875,nan,nan,nan,nan
dense,nan,nan,246,0.0006694546900689602,3.437500000003091e-05,0.96285625,nan,nan,nan,nan
dense,nan,nan,247,0.000669450091663748,2.5000000000052758e-05,0.96285625,nan,nan,nan,nan
dense,nan,nan,248,0.0006694478797726333,2.187499999994902e-05,0.96285625,nan,nan,nan,nan
dense,nan,nan,249,0.000669448752887547,9.37499999997815e-06,0.962853125,nan,nan,nan,nan
dense,nan,nan,250,0.0006694476469419897,2.187499999994902e-05,0.96285,nan,nan,nan,0.999928125
dense,nan,nan,251,0.0006694466574117541,2.187499999994902e-05,0.9628625,nan,nan,nan,nan
dense,nan,nan,252,0.0006694477051496506,9.37499999997815e-06,0.962859375,nan,nan,nan,nan
dense,nan,nan,253,0.0006694475887343287,1.87499999999563e-05,0.962853125,nan,nan,nan,nan
dense,nan,nan,254,0.000669445435050875,6.249999999985434e-06,0.962859375,nan,nan,nan,nan
dense,nan,nan,255,0.0006694448529742658,1.87499999999563e-05,0.962853125,nan,nan,nan,nan
dense,nan,nan,256,0.0006694463663734496,1.2499999999970868e-05,0.962859375,nan,nan,nan,nan
dense,nan,nan,257,0.0006694475887343287,1.5624999999963585e-05,0.96285625,nan,nan,nan,nan
dense,nan,nan,258,0.0006694476469419897,2.187499999994902e-05,0.962859375,nan,nan,nan,nan
dense,nan,nan,259,0.0006694489275105298,2.187499999994902e-05,0.96285,nan,nan,nan,nan
dense,nan,nan,260,0.0006694526528008282,1.5624999999963585e-05,0.962853125,nan,nan,nan,0.999946875
dense,nan,nan,261,0.0006694562034681439,1.5624999999963585e-05,0.962853125,nan,nan,nan,nan
dense,nan,nan,262,0.000669456843752414,1.87499999999563e-05,0.96285625,nan,nan,nan,nan
dense,nan,nan,263,0.0006694532930850983,1.5624999999963585e-05,0.962853125,nan,nan,nan,nan
dense,nan,nan,264,0.0006694498006254435,1.87499999999563e-05,0.962853125,nan,nan,nan,nan
dense,nan,nan,265,0.0006694517214782536,1.2499999999970868e-05,0.962853125,nan,nan,nan,nan
dense,nan,nan,266,0.0006694609764963388,9.37499999997815e-06,0.96285625,nan,nan,nan,nan
dense,nan,nan,267,0.0006694708135910332,2.187499999994902e-05,0.962853125,nan,nan,nan,nan
dense,nan,nan,268,0.0006694704643450677,2.8125000000045475e-05,0.962853125,nan,nan,nan,nan
dense,nan,nan,269,0.0006694601033814251,3.437500000003091e-05,0.962853125,nan,nan,nan,nan
dense,nan,nan,270,0.0006694563780911267,3.125000000003819e-05,0.96285625,nan,nan,nan,0.999934375
dense,nan,nan,271,0.0006694683106616139,3.125000000003819e-05,0.96285,nan,nan,nan,nan
dense,nan,nan,272,0.000669479719363153,2.8125000000045475e-05,0.962859375,nan,nan,nan,nan
dense,nan,nan,273,0.0006694759358651936,4.062500000001634e-05,0.962853125,nan,nan,nan,nan
dense,nan,nan,274,0.0006694637704640627,4.999999999999449e-05,0.962859375,nan,nan,nan,nan
dense,nan,nan,275,0.0006694571347907186,2.5000000000052758e-05,0.962859375,nan,nan,nan,nan
dense,nan,nan,276,0.000669456843752414,1.87499999999563e-05,0.962859375,nan,nan,nan,nan
dense,nan,nan,277,0.000669457484036684,2.187499999994902e-05,0.962865625,nan,nan,nan,nan
dense,nan,nan,278,0.0006694569019600749,2.8125000000045475e-05,0.962853125,nan,nan,nan,nan
dense,nan,nan,279,0.0006694549228996038,2.8125000000045475e-05,0.962853125,nan,nan,nan,nan
dense,nan,nan,280,0.0006694524781778455,2.5000000000052758e-05,0.962859375,nan,nan,nan,0.99994375
dense,nan,nan,281,0.0006694530020467937,1.87499999999563e-05,0.96285,nan,nan,nan,nan
dense,nan,nan,282,0.000669457542244345,2.187499999994902e-05,0.9628625,nan,nan,nan,nan
dense,nan,nan,283,0.0006694598705507815,3.125000000003819e-05,0.962853125,nan,nan,nan,nan
dense,nan,nan,284,0.0006694582407362759,2.187499999994902e-05,0.962853125,nan,nan,nan,nan
dense,nan,nan,285,0.0006694577750749886,1.87499999999563e-05,0.96285,nan,nan,nan,nan
dense,nan,nan,286,0.0006694577750749886,1.5624999999963585e-05,0.962853125,nan,nan,nan,nan
dense,nan,nan,287,0.0006694524781778455,1.87499999999563e-05,0.962859375,nan,nan,nan,nan
dense,nan,nan,288,0.0006694454932585359,1.2499999999970868e-05,0.96285625,nan,nan,nan,nan
dense,nan,nan,289,0.0006694465409964323,9.37499999997815e-06,0.962853125,nan,nan,nan,nan
dense,nan,nan,290,0.000669451430439949,2.187499999994902e-05,0.96285,nan,nan,nan,0.999934375
dense,nan,nan,291,0.0006694510229863226,2.187499999994902e-05,0.962853125,nan,nan,nan,nan
dense,nan,nan,292,0.0006694458425045013,1.2499999999970868e-05,0.962853125,nan,nan,nan,nan
dense,nan,nan,293,0.0006694448529742658,6.249999999985434e-06,0.96285625,nan,nan,nan,nan
dense,nan,nan,294,0.0006694472976960242,9.37499999997815e-06,0.962853125,nan,nan,nan,nan
dense,nan,nan,295,0.0006694480543956161,1.2499999999970868e-05,0.962853125,nan,nan,nan,nan
dense,nan,nan,296,0.0006694459007121623,9.37499999997815e-06,0.962859375,nan,nan,nan,nan
dense,nan,nan,297,0.0006694446783512831,6.249999999985434e-06,0.962853125,nan,nan,nan,nan
dense,nan,nan,298,0.0006694446201436222,1.2499999999970868e-05,0.96285625,nan,nan,nan,nan
dense,nan,nan,299,0.0006694445619359612,9.37499999997815e-06,0.96285625,nan,nan,nan,nan
dense,nan,nan,300,0.0006694447947666049,1.2499999999970868e-05,0.962853125,nan,nan,nan,0.999934375
dense,nan,nan,301,0.0006694465409964323,1.2499999999970868e-05,0.96285625,nan,nan,nan,nan
dense,nan,nan,302,0.0006694479961879551,9.37499999997815e-06,0.962853125,nan,nan,nan,nan
dense,nan,nan,303,0.0006694490439258516,1.5624999999963585e-05,0.962853125,nan,nan,nan,nan
dense,nan,nan,304,0.0006694519543088973,1.87499999999563e-05,0.96285625,nan,nan,nan,nan
dense,nan,nan,305,0.0006694571347907186,1.5624999999963585e-05,0.962859375,nan,nan,nan,nan
dense,nan,nan,306,0.0006694610929116607,2.5000000000052758e-05,0.962859375,nan,nan,nan,nan
dense,nan,nan,307,0.0006694593466818333,2.5000000000052758e-05,0.962859375,nan,nan,nan,nan
dense,nan,nan,308,0.0006694526528008282,1.5624999999963585e-05,0.96285625,nan,nan,nan,nan
dense,nan,nan,309,0.0006694464245811105,1.5624999999963585e-05,0.96285625,nan,nan,nan,nan
dense,nan,nan,310,0.0006694466574117541,6.249999999985434e-06,0.962853125,nan,nan,nan,0.9999375
dense,nan,nan,311,0.0006694531184621155,1.2499999999970868e-05,0.962859375,nan,nan,nan,nan
dense,nan,nan,312,0.0006694615003652871,3.125000000003819e-05,0.96285,nan,nan,nan,nan
dense,nan,nan,313,0.0006694667390547693,3.7500000000023626e-05,0.96285625,nan,nan,nan,nan
dense,nan,nan,314,0.0006694654584862292,3.7500000000023626e-05,0.96285,nan,nan,nan,nan
dense,nan,nan,315,0.0006694584153592587,3.125000000003819e-05,0.962859375,nan,nan,nan,nan
dense,nan,nan,316,0.0006694508483633399,1.87499999999563e-05,0.96285625,nan,nan,nan,nan
dense,nan,nan,317,0.0006694497424177825,2.187499999994902e-05,0.96285,nan,nan,nan,nan
dense,nan,nan,318,0.000669455504976213,1.87499999999563e-05,0.962859375,nan,nan,nan,nan
dense,nan,nan,319,0.0006694615003652871,3.437500000003091e-05,0.96285,nan,nan,nan,nan
dense,nan,nan,320,0.0006694623734802008,3.437500000003091e-05,0.962859375,nan,nan,nan,0.999934375
dense,nan,nan,321,0.0006694633048027754,3.437500000003091e-05,0.96285625,nan,nan,nan,nan
dense,nan,nan,322,0.000669470289722085,2.187499999994902e-05,0.96285625,nan,nan,nan,nan
dense,nan,nan,323,0.0006694801850244403,1.87499999999563e-05,0.96285625,nan,nan,nan,nan
dense,nan,nan,324,0.0006694822222925723,2.8125000000045475e-05,0.962853125,nan,nan,nan,nan
dense,nan,nan,325,0.0006694750627502799,2.8125000000045475e-05,0.96285625,nan,nan,nan,nan
dense,nan,nan,326,0.0006694704061374068,2.187499999994902e-05,0.96285625,nan,nan,nan,nan
dense,nan,nan,327,0.0006694776238873601,3.125000000003819e-05,0.96285625,nan,nan,nan,nan
dense,nan,nan,328,0.0006694917101413012,4.062500000001634e-05,0.96285625,nan,nan,nan,nan
dense,nan,nan,329,0.0006694995099678636,4.999999999999449e-05,0.962859375,nan,nan,nan,nan
dense,nan,nan,330,0.0006694967160001397,5.624999999997993e-05,0.962846875,nan,nan,nan,0.999940625
dense,nan,nan,331,0.0006694878684356809,4.6875000000001776e-05,0.9628625,nan,nan,nan,nan
dense,nan,nan,332,0.0006694796611554921,4.375000000000906e-05,0.96284375,nan,nan,nan,nan
dense,nan,nan,333,0.0006694744806736708,5.624999999997993e-05,0.9628625,nan,nan,nan,nan
dense,nan,nan,334,0.0006694704061374068,4.999999999999449e-05,0.96284375,nan,nan,nan,nan
dense,nan,nan,335,0.0006694667390547693,4.375000000000906e-05,0.962859375,nan,nan,nan,nan
dense,nan,nan,336,0.0006694643525406718,3.437500000003091e-05,0.962853125,nan,nan,nan,nan
dense,nan,nan,337,0.0006694638286717236,2.5000000000052758e-05,0.962859375,nan,nan,nan,nan
dense,nan,nan,338,0.0006694638286717236,3.125000000003819e-05,0.96285625,nan,nan,nan,nan
dense,nan,nan,339,0.0006694654002785683,3.437500000003091e-05,0.962846875,nan,nan,nan,nan
dense,nan,nan,340,0.0006694660405628383,5.312499999998721e-05,0.962859375,nan,nan,nan,0.999934375
dense,nan,nan,341,0.0006694638868793845,5.624999999997993e-05,0.96285,nan,nan,nan,nan
dense,nan,nan,342,0.0006694598705507815,4.062500000001634e-05,0.962859375,nan,nan,nan,nan
dense,nan,nan,343,0.0006694559124298394,2.5000000000052758e-05,0.962853125,nan,nan,nan,nan
dense,nan,nan,344,0.0006694549228996038,1.2499999999970868e-05,0.962853125,nan,nan,nan,nan
dense,nan,nan,345,0.0006694564362987876,2.5000000000052758e-05,0.962853125,nan,nan,nan,nan
dense,nan,nan,346,0.0006694571347907186,3.125000000003819e-05,0.96285,nan,nan,nan,nan
dense,nan,nan,347,0.0006694560870528221,2.5000000000052758e-05,0.9628625,nan,nan,nan,nan
dense,nan,nan,348,0.0006694551557302475,2.5000000000052758e-05,0.96285,nan,nan,nan,nan
dense,nan,nan,349,0.0006694562616758049,1.5624999999963585e-05,0.962853125,nan,nan,nan,nan
dense,nan,nan,350,0.0006694599869661033,2.5000000000052758e-05,0.96285,nan,nan,nan,0.999928125
dense,nan,nan,351,0.0006694640615023673,2.5000000000052758e-05,0.962853125,nan,nan,nan,nan
dense,nan,nan,352,0.0006694670300930738,3.125000000003819e-05,0.96285625,nan,nan,nan,nan
dense,nan,nan,353,0.0006694687763229012,4.6875000000001776e-05,0.962853125,nan,nan,nan,nan
dense,nan,nan,354,0.0006694715120829642,4.375000000000906e-05,0.96285625,nan,nan,nan,nan
dense,nan,nan,355,0.0006694764015264809,4.6875000000001776e-05,0.96285,nan,nan,nan,nan
dense,nan,nan,356,0.0006694792537018657,4.6875000000001776e-05,0.96285625,nan,nan,nan,nan
dense,nan,nan,357,0.000669477041810751,4.062500000001634e-05,0.96285,nan,nan,nan,nan
dense,nan,nan,358,0.0006694737239740789,4.062500000001634e-05,0.96285625,nan,nan,nan,nan
dense,nan,nan,359,0.0006694748881272972,4.062500000001634e-05,0.96285,nan,nan,nan,nan
dense,nan,nan,360,0.0006694783223792911,4.062500000001634e-05,0.962853125,nan,nan,nan,0.99993125
dense,nan,nan,361,0.000669477682095021,3.7500000000023626e-05,0.96285625,nan,nan,nan,nan
dense,nan,nan,362,0.0006694711628369987,3.125000000003819e-05,0.962853125,nan,nan,nan,nan
dense,nan,nan,363,0.0006694657495245337,2.8125000000045475e-05,0.962859375,nan,nan,nan,nan
dense,nan,nan,364,0.0006694674375467002,3.437500000003091e-05,0.96284375,nan,nan,nan,nan
dense,nan,nan,365,0.0006694732583127916,4.6875000000001776e-05,0.962865625,nan,nan,nan,nan
dense,nan,nan,366,0.00066947698360309,4.062500000001634e-05,0.962846875,nan,nan,nan,nan
dense,nan,nan,367,0.000669477682095021,4.375000000000906e-05,0.962859375,nan,nan,nan,nan
dense,nan,nan,368,0.0006694812327623367,4.375000000000906e-05,0.962853125,nan,nan,nan,nan
dense,nan,nan,369,0.0006694893818348646,5.312499999998721e-05,0.9628625,nan,nan,nan,nan
dense,nan,nan,370,0.0006694975891150534,5.624999999997993e-05,0.962853125,nan,nan,nan,0.999928125
dense,nan,nan,371,0.0006695002666674554,5.9374999999972644e-05,0.9628625,nan,nan,nan,nan
dense,nan,nan,372,0.0006694954936392605,6.249999999996536e-05,0.962853125,nan,nan,nan,nan
dense,nan,nan,373,0.0006694878684356809,4.6875000000001776e-05,0.96285625,nan,nan,nan,nan
dense,nan,nan,374,0.0006694818148389459,4.999999999999449e-05,0.96285625,nan,nan,nan,nan
dense,nan,nan,375,0.0006694815238006413,4.062500000001634e-05,0.962853125,nan,nan,nan,nan
dense,nan,nan,376,0.0006694873445667326,4.6875000000001776e-05,0.96285625,nan,nan,nan,nan
dense,nan,nan,377,0.0006694964831694961,5.312499999998721e-05,0.96285625,nan,nan,nan,nan
dense,nan,nan,378,0.0006695060292258859,4.375000000000906e-05,0.962859375,nan,nan,nan,nan
dense,nan,nan,379,0.0006695135380141437,5.312499999998721e-05,0.962846875,nan,nan,nan,nan
dense,nan,nan,380,0.0006695209885947406,5.312499999998721e-05,0.962859375,nan,nan,nan,0.9999375
dense,nan,nan,381,0.0006695319898426533,6.87499999999508e-05,0.96285,nan,nan,nan,nan
dense,nan,nan,382,0.0006695478223264217,7.500000000004725e-05,0.96285625,nan,nan,nan,nan
dense,nan,nan,383,0.0006695649935863912,9.375000000000355e-05,0.9628625,nan,nan,nan,nan
dense,nan,nan,384,0.000669577217195183,0.0001031249999999817,0.9628625,nan,nan,nan,nan
dense,nan,nan,385,0.000669579952955246,9.375000000000355e-05,0.962865625,nan,nan,nan,nan
dense,nan,nan,386,0.0006695698830299079,9.375000000000355e-05,0.962859375,nan,nan,nan,nan
dense,nan,nan,387,0.0006695498013868928,8.43750000000254e-05,0.96285625,nan,nan,nan,nan
dense,nan,nan,388,0.000669530825689435,7.812500000003997e-05,0.962853125,nan,nan,nan,nan
dense,nan,nan,389,0.0006695262854918838,8.43750000000254e-05,0.9628625,nan,nan,nan,nan
dense,nan,nan,390,0.0006695388583466411,7.812500000003997e-05,0.96284375,nan,nan,nan,0.999934375
dense,nan,nan,391,0.0006695539341308177,6.562499999995808e-05,0.9628625,nan,nan,nan,nan
dense,nan,nan,392,0.0006695538177154958,8.125000000003268e-05,0.96285,nan,nan,nan,nan
dense,nan,nan,393,0.0006695374613627791,6.562499999995808e-05,0.9628625,nan,nan,nan,nan
dense,nan,nan,394,0.0006695183692499995,6.87499999999508e-05,0.962853125,nan,nan,nan,nan
dense,nan,nan,395,0.0006695076590403914,5.9374999999972644e-05,0.962859375,nan,nan,nan,nan
dense,nan,nan,396,0.000669507309794426,5.9374999999972644e-05,0.9628625,nan,nan,nan,nan
dense,nan,nan,397,0.0006695139454677701,7.187500000005453e-05,0.96285,nan,nan,nan,nan
dense,nan,nan,398,0.0006695237243548036,7.812500000003997e-05,0.96285625,nan,nan,nan,nan
dense,nan,nan,399,0.0006695333868265152,9.999999999998899e-05,0.962859375,nan,nan,nan,nan
dense,nan,nan,400,0.000669540255330503,9.687499999999627e-05,0.962853125,nan,nan,nan,0.9999125
dense,nan,nan,401,0.0006695427000522614,9.687499999999627e-05,0.962859375,nan,nan,nan,nan
dense,nan,nan,402,0.0006695417105220258,8.43750000000254e-05,0.962853125,nan,nan,nan,nan
dense,nan,nan,403,0.0006695373449474573,8.43750000000254e-05,0.96285625,nan,nan,nan,nan
dense,nan,nan,404,0.0006695300689898431,7.812500000003997e-05,0.962859375,nan,nan,nan,nan
dense,nan,nan,405,0.0006695205229334533,6.249999999996536e-05,0.96285625,nan,nan,nan,nan
dense,nan,nan,406,0.0006695119081996381,5.9374999999972644e-05,0.962859375,nan,nan,nan,nan
dense,nan,nan,407,0.0006695109186694026,5.624999999997993e-05,0.962846875,nan,nan,nan,nan
dense,nan,nan,408,0.0006695165648125112,5.312499999998721e-05,0.96285625,nan,nan,nan,nan
dense,nan,nan,409,0.0006695184856653214,8.43750000000254e-05,0.96285625,nan,nan,nan,nan
dense,nan,nan,410,0.0006695098709315062,9.999999999998899e-05,0.96285625,nan,nan,nan,0.999909375
dense,nan,nan,411,0.0006694986368529499,9.062500000001084e-05,0.962859375,nan,nan,nan,nan
dense,nan,nan,412,0.0006694968324154615,6.87499999999508e-05,0.962853125,nan,nan,nan,nan
dense,nan,nan,413,0.0006695037009194493,4.999999999999449e-05,0.962859375,nan,nan,nan,nan
dense,nan,nan,414,0.0006695106858387589,7.187500000005453e-05,0.962846875,nan,nan,nan,nan
dense,nan,nan,415,0.0006695127231068909,7.812500000003997e-05,0.9628625,nan,nan,nan,nan
dense,nan,nan,416,0.0006695130723528564,8.125000000003268e-05,0.96285,nan,nan,nan,nan
dense,nan,nan,417,0.0006695144693367183,8.43750000000254e-05,0.9628625,nan,nan,nan,nan
dense,nan,nan,418,0.000669514003675431,8.43750000000254e-05,0.9628625,nan,nan,nan,nan
dense,nan,nan,419,0.0006695087067782879,7.187500000005453e-05,0.96285,nan,nan,nan,nan
dense,nan,nan,420,0.0006695016636513174,7.187500000005453e-05,0.962865625,nan,nan,nan,0.99991875
dense,nan,nan,421,0.0006694980547763407,5.624999999997993e-05,0.962853125,nan,nan,nan,nan
dense,nan,nan,422,0.0006694988114759326,5.312499999998721e-05,0.9628625,nan,nan,nan,nan
dense,nan,nan,423,0.0006695001502521336,6.249999999996536e-05,0.962853125,nan,nan,nan,nan
dense,nan,nan,424,0.0006695016636513174,6.562499999995808e-05,0.9628625,nan,nan,nan,nan
dense,nan,nan,425,0.000669505272526294,7.812500000003997e-05,0.962853125,nan,nan,nan,nan
dense,nan,nan,426,0.0006695134798064828,7.500000000004725e-05,0.96285625,nan,nan,nan,nan
dense,nan,nan,427,0.0006695252377539873,7.500000000004725e-05,0.96285625,nan,nan,nan,nan
dense,nan,nan,428,0.0006695391493849456,7.500000000004725e-05,0.96285625,nan,nan,nan,nan
dense,nan,nan,429,0.000669554399792105,8.43750000000254e-05,0.962853125,nan,nan,nan,nan
dense,nan,nan,430,0.0006695698830299079,0.0001031249999999817,0.9628625,nan,nan,nan,0.999934375
dense,nan,nan,431,0.0006695834454149008,9.687499999999627e-05,0.962846875,nan,nan,nan,nan
dense,nan,nan,432,0.0006695929332636297,9.687499999999627e-05,0.9628625,nan,nan,nan,nan
dense,nan,nan,433,0.0006696000345982611,9.687499999999627e-05,0.96285,nan,nan,nan,nan
dense,nan,nan,434,0.0006696083000861108,9.999999999998899e-05,0.962865625,nan,nan,nan,nan
dense,nan,nan,435,0.000669618952088058,0.0001031249999999817,0.96284375,nan,nan,nan,nan
dense,nan,nan,436,0.0006696266354992986,0.00010624999999997442,0.9628625,nan,nan,nan,nan
dense,nan,nan,437,0.0006696241325698793,9.687499999999627e-05,0.9628625,nan,nan,nan,nan
dense,nan,nan,438,0.0006696087657473981,9.999999999998899e-05,0.962853125,nan,nan,nan,nan
dense,nan,nan,439,0.0006695879274047911,0.00010624999999997442,0.962859375,nan,nan,nan,nan
dense,nan,nan,440,0.0006695730262435973,0.0001031249999999817,0.96285,nan,nan,nan,0.999934375
dense,nan,nan,441,0.0006695702904835343,0.00011562499999995257,0.96285625,nan,nan,nan,nan
dense,nan,nan,442,0.0006695797783322632,0.00011874999999994529,0.962853125,nan,nan,nan,nan
dense,nan,nan,443,0.0006695968331769109,0.0001343750000000199,0.9628625,nan,nan,nan,nan
dense,nan,nan,444,0.0006696129566989839,0.00013125000000002718,0.96284375,nan,nan,nan,nan
dense,nan,nan,445,0.000669618952088058,0.00014062500000000533,0.96285625,nan,nan,nan,nan
dense,nan,nan,446,0.0006696150521747768,0.0001375000000000126,0.962840625,nan,nan,nan,nan
dense,nan,nan,447,0.0006696116179227829,0.00013125000000002718,0.962859375,nan,nan,nan,nan
dense,nan,nan,448,0.0006696247728541493,0.00013125000000002718,0.96284375,nan,nan,nan,nan
dense,nan,nan,449,0.0006696549244225025,0.00014999999999998348,0.962853125,nan,nan,nan,nan
dense,nan,nan,450,0.0006696857744827867,0.0001687500000000508,0.96284375,nan,nan,nan,0.9998875
dense,nan,nan,451,0.0006696893251501024,0.00015937499999996163,0.962859375,nan,nan,nan,nan
dense,nan,nan,452,0.0006696610362268984,0.00017187500000004352,0.962853125,nan,nan,nan,nan
dense,nan,nan,453,0.0006696323398500681,0.00015937499999996163,0.962871875,nan,nan,nan,nan
dense,nan,nan,454,0.0006696347263641655,0.00013125000000002718,0.9628625,nan,nan,nan,nan
dense,nan,nan,455,0.0006696550990454853,0.00014374999999999805,0.96285625,nan,nan,nan,nan
dense,nan,nan,456,0.0006696535856463015,0.0001343750000000199,0.9628625,nan,nan,nan,nan
dense,nan,nan,457,0.0006696229102090001,0.00012812500000003446,0.96284375,nan,nan,nan,nan
dense,nan,nan,458,0.000669603468850255,0.00014374999999999805,0.962871875,nan,nan,nan,nan
dense,nan,nan,459,0.000669620290864259,0.00012500000000004174,0.962859375,nan,nan,nan,nan
dense,nan,nan,460,0.000669650558847934,0.00017500000000003624,0.96286875,nan,nan,nan,0.999878125
dense,nan,nan,461,0.0006696704658679664,0.0001875000000000071,0.962853125,nan,nan,nan,nan
dense,nan,nan,462,0.0006696856580674648,0.00019062499999999982,0.962853125,nan,nan,nan,nan
dense,nan,nan,463,0.0006697046337649226,0.0002031249999999707,0.96284375,nan,nan,nan,nan
dense,nan,nan,464,0.0006697208737023175,0.00019062499999999982,0.96284375,nan,nan,nan,nan
dense,nan,nan,465,0.0006697241333313286,0.00019999999999997797,0.96284375,nan,nan,nan,nan
dense,nan,nan,466,0.0006697083590552211,0.00019374999999999254,0.96285625,nan,nan,nan,nan
dense,nan,nan,467,0.0006696695345453918,0.0001875000000000071,0.96284375,nan,nan,nan,nan
dense,nan,nan,468,0.0006696123164147139,0.00015937499999996163,0.9628625,nan,nan,nan,nan
dense,nan,nan,469,0.0006695632473565638,0.00012812500000003446,0.96285,nan,nan,nan,nan
dense,nan,nan,470,0.0006695485790260136,0.0001031249999999817,0.96285625,nan,nan,nan,0.999909375
dense,nan,nan,471,0.0006695666816085577,0.00011249999999995985,0.962853125,nan,nan,nan,nan
dense,nan,nan,472,0.0006695905467495322,0.00012500000000004174,0.962859375,nan,nan,nan,nan
dense,nan,nan,473,0.0006696002674289048,0.00014999999999998348,0.962853125,nan,nan,nan,nan
dense,nan,nan,474,0.0006695983465760946,0.0001531249999999762,0.96286875,nan,nan,nan,nan
dense,nan,nan,475,0.0006696037016808987,0.00014062500000000533,0.962859375,nan,nan,nan,nan
dense,nan,nan,476,0.0006696259370073676,0.00014999999999998348,0.962859375,nan,nan,nan,nan
dense,nan,nan,477,0.0006696610944345593,0.0001687500000000508,0.96285625,nan,nan,nan,nan
dense,nan,nan,478,0.0006696978816762567,0.00019999999999997797,0.96285,nan,nan,nan,nan
dense,nan,nan,479,0.0006697238422930241,0.0002031249999999707,0.96285625,nan,nan,nan,nan
dense,nan,nan,480,0.000669733330141753,0.00021562500000005258,0.9628375,nan,nan,nan,0.999865625
dense,nan,nan,481,0.000669733330141753,0.00021562500000005258,0.96285625,nan,nan,nan,nan
dense,nan,nan,482,0.0006697384524159133,0.0002187500000000453,0.962840625,nan,nan,nan,nan
dense,nan,nan,483,0.0006697563221678138,0.00022187500000003801,0.96285625,nan,nan,nan,nan
dense,nan,nan,484,0.0006697742501273751,0.0002062499999999634,0.962853125,nan,nan,nan,nan
dense,nan,nan,485,0.0006697704084217548,0.0002031249999999707,0.962840625,nan,nan,nan,nan
dense,nan,nan,486,0.0006697348435409367,0.00019687499999998526,0.96285,nan,nan,nan,nan
dense,nan,nan,487,0.0006696779164485633,0.00019062499999999982,0.96284375,nan,nan,nan,nan
dense,nan,nan,488,0.0006696232594549656,0.00017500000000003624,0.962859375,nan,nan,nan,nan
dense,nan,nan,489,0.0006695931078866124,0.00015937499999996163,0.962853125,nan,nan,nan,nan
dense,nan,nan,490,0.0006695940974168479,0.00014374999999999805,0.96285,nan,nan,nan,0.999890625
dense,nan,nan,491,0.000669616914819926,0.00015937499999996163,0.96285625,nan,nan,nan,nan
dense,nan,nan,492,0.0006696417694911361,0.00017812500000002895,0.962834375,nan,nan,nan,nan
dense,nan,nan,493,0.0006696525379084051,0.00018125000000002167,0.9628625,nan,nan,nan,nan
dense,nan,nan,494,0.0006696468917652965,0.00018125000000002167,0.962853125,nan,nan,nan,nan
dense,nan,nan,495,0.0006696338532492518,0.00018125000000002167,0.962871875,nan,nan,nan,nan
dense,nan,nan,496,0.0006696222117170691,0.00016562499999994706,0.962846875,nan,nan,nan,nan
dense,nan,nan,497,0.0006696159252896905,0.0001531249999999762,0.9628625,nan,nan,nan,nan
dense,nan,nan,498,0.0006696132477372885,0.00014999999999998348,0.962846875,nan,nan,nan,nan
dense,nan,nan,499,0.0006696127238683403,0.00014999999999998348,0.96285625,nan,nan,nan,nan
dense,nan,nan,500,0.0006696123746223748,0.00014062500000000533,0.96285,nan,nan,nan,1.0
exact,nan,10000.0,1,0.22715361416339874,nan,0.10954375,nan,nan,nan,0.109625
exact,nan,10000.0,2,0.18736374378204346,0.16099375000000005,0.0940125,nan,nan,nan,nan
exact,nan,10000.0,3,0.1649949550628662,0.14066562500000002,0.080196875,nan,nan,nan,nan
exact,nan,10000.0,4,0.15249541401863098,0.12206874999999995,0.06905625,nan,nan,nan,nan
exact,nan,10000.0,5,0.14504727721214294,0.10638749999999997,0.06084375,nan,nan,nan,nan
exact,nan,10000.0,6,0.14007633924484253,0.09529374999999995,0.054440625,nan,nan,nan,nan
exact,nan,10000.0,7,0.13618077337741852,0.08733749999999996,0.050025,nan,nan,nan,nan
exact,nan,10000.0,8,0.1329823136329651,0.08113749999999997,0.04665,nan,nan,nan,nan
exact,nan,10000.0,9,0.13008251786231995,0.07627499999999998,0.04440625,nan,nan,nan,nan
exact,nan,10000.0,10,0.12746787071228027,0.07242499999999996,0.04261875,nan,nan,nan,0.042665625
exact,nan,10000.0,11,0.12515033781528473,0.06884687499999997,0.0413875,nan,nan,nan,nan
exact,nan,10000.0,12,0.12304280698299408,0.06632812499999996,0.0405125,nan,nan,nan,nan
exact,nan,10000.0,13,0.1212175115942955,0.06303749999999997,0.039734375,nan,nan,nan,nan
exact,nan,10000.0,14,0.11962617188692093,0.059656249999999966,0.039453125,nan,nan,nan,nan
exact,nan,10000.0,15,0.1182747408747673,0.05651562499999996,0.039353125,nan,nan,nan,nan
exact,nan,10000.0,16,0.11710160970687866,0.053896874999999955,0.039534375,nan,nan,nan,nan
exact,nan,10000.0,17,0.11609892547130585,0.050115625,0.03989375,nan,nan,nan,nan
exact,nan,10000.0,18,0.11521978676319122,0.04787187500000001,0.040353125,nan,nan,nan,nan
exact,nan,10000.0,19,0.11439613997936249,0.04492499999999999,0.041,nan,nan,nan,nan
exact,nan,10000.0,20,0.11368761956691742,0.043118749999999983,0.04183125,nan,nan,nan,0.041884375
exact,nan,10000.0,21,0.11306300759315491,0.04133750000000003,0.042715625,nan,nan,nan,nan
exact,nan,10000.0,22,0.11251213401556015,0.038978124999999975,0.043615625,nan,nan,nan,nan
exact,nan,10000.0,23,0.11198289692401886,0.03733125000000004,0.044675,nan,nan,nan,nan
exact,nan,10000.0,24,0.11151085793972015,0.03584374999999995,0.045821875,nan,nan,nan,nan
exact,nan,10000.0,25,0.11109190434217453,0.034946875000000044,0.04730625,nan,nan,nan,nan
exact,nan,10000.0,26,0.11070325970649719,0.03396250000000001,0.048821875,nan,nan,nan,nan
exact,nan,10000.0,27,0.11036155372858047,0.032962500000000006,0.050459375,nan,nan,nan,nan
exact,nan,10000.0,28,0.1100454106926918,0.03211562499999998,0.052134375,nan,nan,nan,nan
exact,nan,10000.0,29,0.10973838716745377,0.031440625,0.053971875,nan,nan,nan,nan
exact,nan,10000.0,30,0.10942886769771576,0.031009375000000006,0.056025,nan,nan,nan,0.05619375
exact,nan,10000.0,31,0.10916486382484436,0.030803125000000042,0.058315625,nan,nan,nan,nan
exact,nan,10000.0,32,0.10891605913639069,0.030203124999999997,0.060784375,nan,nan,nan,nan
exact,nan,10000.0,33,0.10868235677480698,0.03087812499999998,0.06363125,nan,nan,nan,nan
exact,nan,10000.0,34,0.10843215137720108,0.030478125000000023,0.066771875,nan,nan,nan,nan
exact,nan,10000.0,35,0.10818815976381302,0.03069062499999997,0.0704,nan,nan,nan,nan
exact,nan,10000.0,36,0.10794039070606232,0.030806250000000035,0.074190625,nan,nan,nan,nan
exact,nan,10000.0,37,0.10768791288137436,0.03132500000000005,0.07845625,nan,nan,nan,nan
exact,nan,10000.0,38,0.10744155198335648,0.03231562499999996,0.08298125,nan,nan,nan,nan
exact,nan,10000.0,39,0.10716818273067474,0.03310000000000002,0.0883875,nan,nan,nan,nan
exact,nan,10000.0,40,0.10688261687755585,0.034340625000000014,0.094384375,nan,nan,nan,0.09451875
exact,nan,10000.0,41,0.10658946633338928,0.036453124999999975,0.10110625,nan,nan,nan,nan
exact,nan,10000.0,42,0.10628871619701385,0.03740937499999997,0.108796875,nan,nan,nan,nan
exact,nan,10000.0,43,0.10595422238111496,0.04030624999999999,0.117840625,nan,nan,nan,nan
exact,nan,10000.0,44,0.10557853430509567,0.042018749999999994,0.127625,nan,nan,nan,nan
exact,nan,10000.0,45,0.10514667630195618,0.045018749999999996,0.13955,nan,nan,nan,nan
exact,nan,10000.0,46,0.10464084148406982,0.047778125000000005,0.15285625,nan,nan,nan,nan
exact,nan,10000.0,47,0.10406848043203354,0.0514,0.168678125,nan,nan,nan,nan
exact,nan,10000.0,48,0.1034189909696579,0.054793749999999974,0.1862375,nan,nan,nan,nan
exact,nan,10000.0,49,0.1026286855340004,0.058487500000000026,0.206559375,nan,nan,nan,nan
exact,nan,10000.0,50,0.1016981303691864,0.06247812500000005,0.229465625,nan,nan,nan,0.229575
exact,nan,10000.0,51,0.1005864366889,0.06672500000000003,0.255471875,nan,nan,nan,nan
exact,nan,10000.0,52,0.09925848990678787,0.069553125,0.283759375,nan,nan,nan,nan
exact,nan,10000.0,53,0.0976748913526535,0.07262187499999995,0.314778125,nan,nan,nan,nan
exact,nan,10000.0,54,0.0958428904414177,0.07538437499999995,0.34783125,nan,nan,nan,nan
exact,nan,10000.0,55,0.09369859099388123,0.0763125,0.382021875,nan,nan,nan,nan
exact,nan,10000.0,56,0.09124667942523956,0.07600312499999995,0.415253125,nan,nan,nan,nan
exact,nan,10000.0,57,0.08848072588443756,0.07449687500000002,0.447753125,nan,nan,nan,nan
exact,nan,10000.0,58,0.08542469143867493,0.071121875,0.47709375,nan,nan,nan,nan
exact,nan,10000.0,59,0.08206301927566528,0.067596875,0.50383125,nan,nan,nan,nan
exact,nan,10000.0,60,0.07843690365552902,0.06351249999999997,0.5273,nan,nan,nan,0.52735
exact,nan,10000.0,61,0.07459339499473572,0.05867500000000003,0.547565625,nan,nan,nan,nan
exact,nan,10000.0,62,0.07057546079158783,0.055578125000000034,0.565803125,nan,nan,nan,nan
exact,nan,10000.0,63,0.06647852808237076,0.05276562500000004,0.58155625,nan,nan,nan,nan
exact,nan,10000.0,64,0.06238071247935295,0.04937812500000005,0.59518125,nan,nan,nan,nan
exact,nan,10000.0,65,0.05837580934166908,0.04705312500000003,0.6074,nan,nan,nan,nan
exact,nan,10000.0,66,0.05452905222773552,0.045106250000000014,0.618240625,nan,nan,nan,nan
exact,nan,10000.0,67,0.050877928733825684,0.043771875000000016,0.6284125,nan,nan,nan,nan
exact,nan,10000.0,68,0.04742535203695297,0.04305937500000001,0.637759375,nan,nan,nan,nan
exact,nan,10000.0,69,0.04416286572813988,0.04228437500000004,0.646728125,nan,nan,nan,nan
exact,nan,10000.0,70,0.04109589010477066,0.04228125000000005,0.655621875,nan,nan,nan,0.65574375
exact,nan,10000.0,71,0.038248468190431595,0.04177500000000001,0.66381875,nan,nan,nan,nan
exact,nan,10000.0,72,0.03564209118485451,0.04143125000000003,0.672796875,nan,nan,nan,nan
exact,nan,10000.0,73,0.033278074115514755,0.04061875000000004,0.680578125,nan,nan,nan,nan
exact,nan,10000.0,74,0.03114422596991062,0.04023125000000005,0.6886,nan,nan,nan,nan
exact,nan,10000.0,75,0.029231371358036995,0.03990000000000005,0.696396875,nan,nan,nan,nan
exact,nan,10000.0,76,0.027515102177858353,0.03889374999999995,0.70398125,nan,nan,nan,nan
exact,nan,10000.0,77,0.025951696559786797,0.03798437499999996,0.7114,nan,nan,nan,nan
exact,nan,10000.0,78,0.02448658086359501,0.03684374999999995,0.7187375,nan,nan,nan,nan
exact,nan,10000.0,79,0.023075688630342484,0.03624375000000002,0.726021875,nan,nan,nan,nan
exact,nan,10000.0,80,0.021696558222174644,0.035365624999999956,0.733471875,nan,nan,nan,0.7347375
exact,nan,10000.0,81,0.020349828526377678,0.03518125000000005,0.741159375,nan,nan,nan,nan
exact,nan,10000.0,82,0.019049299880862236,0.03431249999999997,0.74826875,nan,nan,nan,nan
exact,nan,10000.0,83,0.017807388678193092,0.033703124999999945,0.7557375,nan,nan,nan,nan
exact,nan,10000.0,84,0.016629470512270927,0.033109374999999996,0.763103125,nan,nan,nan,nan
exact,nan,10000.0,85,0.015512746758759022,0.03268749999999998,0.770478125,nan,nan,nan,nan
exact,nan,10000.0,86,0.014450606890022755,0.031862500000000016,0.778165625,nan,nan,nan,nan
exact,nan,10000.0,87,0.013441069982945919,0.031121874999999966,0.78586875,nan,nan,nan,nan
exact,nan,10000.0,88,0.012492328882217407,0.031268749999999956,0.794003125,nan,nan,nan,nan
exact,nan,10000.0,89,0.0116146020591259,0.030393749999999997,0.801828125,nan,nan,nan,nan
exact,nan,10000.0,90,0.010806693695485592,0.030078124999999956,0.809846875,nan,nan,nan,0.811865625
exact,nan,10000.0,91,0.010057120583951473,0.02903750000000005,0.8171125,nan,nan,nan,nan
exact,nan,10000.0,92,0.009352155961096287,0.028306249999999977,0.824346875,nan,nan,nan,nan
exact,nan,10000.0,93,0.008684657514095306,0.028053125000000012,0.831425,nan,nan,nan,nan
exact,nan,10000.0,94,0.008053881116211414,0.02703124999999995,0.83855,nan,nan,nan,nan
exact,nan,10000.0,95,0.007461304310709238,0.026259374999999974,0.84523125,nan,nan,nan,nan
exact,nan,10000.0,96,0.006905746180564165,0.025774999999999992,0.852084375,nan,nan,nan,nan
exact,nan,10000.0,97,0.006383989471942186,0.025296874999999996,0.858521875,nan,nan,nan,nan
exact,nan,10000.0,98,0.005895100999623537,0.024318749999999945,0.864840625,nan,nan,nan,nan
exact,nan,10000.0,99,0.00543806841596961,0.023778124999999983,0.870940625,nan,nan,nan,nan
exact,nan,10000.0,100,0.005009008571505547,0.023137500000000033,0.876984375,nan,nan,nan,0.880734375
exact,nan,10000.0,101,0.004603954032063484,0.02281875,0.88324375,nan,nan,nan,nan
exact,nan,10000.0,102,0.0042222607880830765,0.021890625000000052,0.888709375,nan,nan,nan,nan
exact,nan,10000.0,103,0.003865637583658099,0.02160625000000005,0.894190625,nan,nan,nan,nan
exact,nan,10000.0,104,0.0035346290096640587,0.021309374999999964,0.89981875,nan,nan,nan,nan
exact,nan,10000.0,105,0.0032277172431349754,0.020131250000000045,0.9050125,nan,nan,nan,nan
exact,nan,10000.0,106,0.0029426708351820707,0.019893750000000043,0.910690625,nan,nan,nan,nan
exact,nan,10000.0,107,0.00267910142429173,0.019299999999999984,0.91604375,nan,nan,nan,nan
exact,nan,10000.0,108,0.0024390334729105234,0.019031250000000055,0.92133125,nan,nan,nan,nan
exact,nan,10000.0,109,0.0022250511683523655,0.018874999999999975,0.926521875,nan,nan,nan,nan
exact,nan,10000.0,110,0.0020387405529618263,0.018349999999999977,0.931109375,nan,nan,nan,0.937578125
exact,nan,10000.0,111,0.0018786650616675615,0.01769062499999996,0.93479375,nan,nan,nan,nan
exact,nan,10000.0,112,0.0017418100032955408,0.016696875000000055,0.93760625,nan,nan,nan,nan
exact,nan,10000.0,113,0.001623076619580388,0.016203124999999985,0.9396375,nan,nan,nan,nan
exact,nan,10000.0,114,0.0015167882665991783,0.015028124999999948,0.941121875,nan,nan,nan,nan
exact,nan,10000.0,115,0.0014185472391545773,0.014175000000000049,0.942365625,nan,nan,nan,nan
exact,nan,10000.0,116,0.0013262942666187882,0.013159374999999973,0.943525,nan,nan,nan,nan
exact,nan,10000.0,117,0.0012395187513902783,0.012137500000000023,0.944584375,nan,nan,nan,nan
exact,nan,10000.0,118,0.0011575506068766117,0.011871874999999976,0.945775,nan,nan,nan,nan
exact,nan,10000.0,119,0.0010794727131724358,0.011087500000000028,0.947353125,nan,nan,nan,nan
exact,nan,10000.0,120,0.0010050577111542225,0.01075312500000003,0.94879375,nan,nan,nan,0.957175
exact,nan,10000.0,121,0.0009343440760858357,0.009950000000000014,0.95009375,nan,nan,nan,nan
exact,nan,10000.0,122,0.0008675034041516483,0.010015624999999972,0.951803125,nan,nan,nan,nan
exact,nan,10000.0,123,0.0008047331357374787,0.009553125000000051,0.95339375,nan,nan,nan,nan
exact,nan,10000.0,124,0.0007465888047590852,0.009346874999999977,0.955046875,nan,nan,nan,nan
exact,nan,10000.0,125,0.0006936651770956814,0.00896874999999997,0.956621875,nan,nan,nan,nan
exact,nan,10000.0,126,0.0006464010803028941,0.008624999999999994,0.958015625,nan,nan,nan,nan
exact,nan,10000.0,127,0.0006044624024070799,0.008153124999999983,0.95920625,nan,nan,nan,nan
exact,nan,10000.0,128,0.0005673241103067994,0.007634374999999971,0.96015,nan,nan,nan,nan
exact,nan,10000.0,129,0.0005338223418220878,0.007553125000000049,0.961046875,nan,nan,nan,nan
exact,nan,10000.0,130,0.0005034206551499665,0.006900000000000017,0.961925,nan,nan,nan,0.976184375
exact,nan,10000.0,131,0.00047586477012373507,0.00676874999999999,0.96243125,nan,nan,nan,nan
exact,nan,10000.0,132,0.0004509933351073414,0.006146874999999996,0.962775,nan,nan,nan,nan
exact,nan,10000.0,133,0.00042820547241717577,0.0055656250000000185,0.962971875,nan,nan,nan,nan
exact,nan,10000.0,134,0.00040690985042601824,0.005574999999999997,0.963209375,nan,nan,nan,nan
exact,nan,10000.0,135,0.00038680038414895535,0.0050656249999999625,0.963671875,nan,nan,nan,nan
exact,nan,10000.0,136,0.00036798760993406177,0.005190625000000004,0.964125,nan,nan,nan,nan
exact,nan,10000.0,137,0.0003506166976876557,0.004756250000000017,0.964675,nan,nan,nan,nan
exact,nan,10000.0,138,0.0003347327874507755,0.004768749999999988,0.96494375,nan,nan,nan,nan
exact,nan,10000.0,139,0.0003200902137905359,0.0046000000000000485,0.965246875,nan,nan,nan,nan
exact,nan,10000.0,140,0.0003067005891352892,0.004181250000000025,0.96555,nan,nan,nan,0.984340625
exact,nan,10000.0,141,0.00029463227838277817,0.004049999999999998,0.96593125,nan,nan,nan,nan
exact,nan,10000.0,142,0.00028380064759403467,0.003928124999999949,0.966325,nan,nan,nan,nan
exact,nan,10000.0,143,0.00027411876362748444,0.0038343749999999455,0.9667,nan,nan,nan,nan
exact,nan,10000.0,144,0.000265337381279096,0.003396874999999966,0.96671875,nan,nan,nan,nan
exact,nan,10000.0,145,0.00025733141228556633,0.003418750000000026,0.966915625,nan,nan,nan,nan
exact,nan,10000.0,146,0.0002499814727343619,0.0030937500000000062,0.96703125,nan,nan,nan,nan
exact,nan,10000.0,147,0.00024318844953086227,0.0029781250000000536,0.96730625,nan,nan,nan,nan
exact,nan,10000.0,148,0.00023696846619714051,0.0029156249999999773,0.9675,nan,nan,nan,nan
exact,nan,10000.0,149,0.00023126629821490496,0.0026218749999999957,0.96765,nan,nan,nan,nan
exact,nan,10000.0,150,0.00022613520559389144,0.0025562500000000377,0.96765,nan,nan,nan,0.99043125
exact,nan,10000.0,151,0.00022153262398205698,0.002531249999999985,0.96773125,nan,nan,nan,nan
exact,nan,10000.0,152,0.00021735126210842282,0.0022906249999999906,0.967775,nan,nan,nan,nan
exact,nan,10000.0,153,0.00021357592777349055,0.0020687499999999526,0.967853125,nan,nan,nan,nan
exact,nan,10000.0,154,0.00021010776981711388,0.002109374999999969,0.968003125,nan,nan,nan,nan
exact,nan,10000.0,155,0.00020694098202511668,0.001953125,0.968021875,nan,nan,nan,nan
exact,nan,10000.0,156,0.00020409336138982326,0.002040625000000018,0.968103125,nan,nan,nan,nan
exact,nan,10000.0,157,0.00020151084754616022,0.0019343750000000437,0.968203125,nan,nan,nan,nan
exact,nan,10000.0,158,0.000199188114493154,0.0018406250000000401,0.968196875,nan,nan,nan,nan
exact,nan,10000.0,159,0.00019702989084180444,0.0016374999999999584,0.968284375,nan,nan,nan,nan
exact,nan,10000.0,160,0.00019508980039972812,0.0015187500000000131,0.968384375,nan,nan,nan,0.99450625
exact,nan,10000.0,161,0.00019335374236106873,0.0015125000000000277,0.968453125,nan,nan,nan,nan
exact,nan,10000.0,162,0.00019176147179678082,0.001387499999999986,0.968490625,nan,nan,nan,nan
exact,nan,10000.0,163,0.00019032701675314456,0.0012468749999999806,0.968428125,nan,nan,nan,nan
exact,nan,10000.0,164,0.00018904311582446098,0.001243749999999988,0.968396875,nan,nan,nan,nan
exact,nan,10000.0,165,0.00018790365720633417,0.0011124999999999607,0.968403125,nan,nan,nan,nan
exact,nan,10000.0,166,0.0001868091057986021,0.0011406250000000062,0.968446875,nan,nan,nan,nan
exact,nan,10000.0,167,0.0001858625328168273,0.00102187499999995,0.9683875,nan,nan,nan,nan
exact,nan,10000.0,168,0.00018501770682632923,0.0010406250000000172,0.96841875,nan,nan,nan,nan
exact,nan,10000.0,169,0.0001842755009420216,0.001009374999999979,0.96841875,nan,nan,nan,nan
exact,nan,10000.0,170,0.00018360704416409135,0.0009343750000000428,0.968428125,nan,nan,nan,0.99661875
exact,nan,10000.0,171,0.0001830125693231821,0.0008843750000000483,0.96841875,nan,nan,nan,nan
exact,nan,10000.0,172,0.00018247253319714218,0.0008281249999999574,0.968459375,nan,nan,nan,nan
exact,nan,10000.0,173,0.00018198635370936245,0.0008687499999999737,0.96843125,nan,nan,nan,nan
exact,nan,10000.0,174,0.00018155219731852412,0.0007156249999999975,0.968440625,nan,nan,nan,nan
exact,nan,10000.0,175,0.0001811451220419258,0.0007156249999999975,0.9685375,nan,nan,nan,nan
exact,nan,10000.0,176,0.00018076902779284865,0.0007062500000000194,0.96861875,nan,nan,nan,nan
exact,nan,10000.0,177,0.00018045191245619208,0.000643750000000054,0.96855625,nan,nan,nan,nan
exact,nan,10000.0,178,0.0001801599282771349,0.0006718749999999885,0.968559375,nan,nan,nan,nan
exact,nan,10000.0,179,0.0001799089222913608,0.0005593750000000286,0.968540625,nan,nan,nan,nan
exact,nan,10000.0,180,0.00017967041640076786,0.0004968749999999522,0.968553125,nan,nan,nan,0.997921875
exact,nan,10000.0,181,0.00017946572916116565,0.0005625000000000213,0.968575,nan,nan,nan,nan
exact,nan,10000.0,182,0.00017928708984982222,0.0005625000000000213,0.96855,nan,nan,nan,nan
exact,nan,10000.0,183,0.0001791171234799549,0.00046562500000002505,0.9685375,nan,nan,nan,nan
exact,nan,10000.0,184,0.00017898509395308793,0.0004750000000000032,0.968546875,nan,nan,nan,nan
exact,nan,10000.0,185,0.00017885261331684887,0.00036250000000004334,0.968590625,nan,nan,nan,nan
exact,nan,10000.0,186,0.00017873657634481788,0.000443749999999965,0.968603125,nan,nan,nan,nan
exact,nan,10000.0,187,0.00017863944231066853,0.0004093750000000451,0.968628125,nan,nan,nan,nan
exact,nan,10000.0,188,0.0001785576605470851,0.0003593750000000506,0.968625,nan,nan,nan,nan
exact,nan,10000.0,189,0.0001784995838534087,0.0003374999999999906,0.96860625,nan,nan,nan,nan
exact,nan,10000.0,190,0.0001784283376764506,0.0003062499999999524,0.968625,nan,nan,nan,0.998909375
exact,nan,10000.0,191,0.0001783626212272793,0.0002562499999999579,0.9686,nan,nan,nan,nan
exact,nan,10000.0,192,0.00017830761498771608,0.0002656250000000471,0.968590625,nan,nan,nan,nan
exact,nan,10000.0,193,0.00017825195391196758,0.00036562500000003606,0.968584375,nan,nan,nan,nan
exact,nan,10000.0,194,0.00017821499204728752,0.00027812500000001794,0.968578125,nan,nan,nan,nan
exact,nan,10000.0,195,0.00017818539345171303,0.0002874999999999961,0.9685875,nan,nan,nan,nan
exact,nan,10000.0,196,0.0001781597820809111,0.00022187500000003801,0.968571875,nan,nan,nan,nan
exact,nan,10000.0,197,0.00017812590522225946,0.00029687499999997424,0.968596875,nan,nan,nan,nan
exact,nan,10000.0,198,0.00017809879500418901,0.0002656250000000471,0.96860625,nan,nan,nan,nan
exact,nan,10000.0,199,0.00017807885888032615,0.0002375000000000016,0.968625,nan,nan,nan,nan
exact,nan,10000.0,200,0.00017805992683861405,0.00021562500000005258,0.96864375,nan,nan,nan,0.9993
exact,nan,10000.0,201,0.00017804595699999481,0.00019999999999997797,0.96863125,nan,nan,nan,nan
exact,nan,10000.0,202,0.0001780331222107634,0.00015937499999996163,0.9686375,nan,nan,nan,nan
exact,nan,10000.0,203,0.00017801395733840764,0.00017812500000002895,0.968640625,nan,nan,nan,nan
exact,nan,10000.0,204,0.0001780041347956285,0.00019374999999999254,0.96865,nan,nan,nan,nan
exact,nan,10000.0,205,0.0001779896265361458,0.00016562499999994706,0.968640625,nan,nan,nan,nan
exact,nan,10000.0,206,0.00017798399494495243,0.00015624999999996891,0.96863125,nan,nan,nan,nan
exact,nan,10000.0,207,0.00017798323824536055,0.00012812500000003446,0.968640625,nan,nan,nan,nan
exact,nan,10000.0,208,0.00017798019689507782,0.00014999999999998348,0.96865,nan,nan,nan,nan
exact,nan,10000.0,209,0.00017797596228774637,0.00011249999999995985,0.9686375,nan,nan,nan,nan
exact,nan,10000.0,210,0.00017796472820919007,0.00016249999999995435,0.96864375,nan,nan,nan,0.9996
exact,nan,10000.0,211,0.00017795841267798096,0.00011562499999995257,0.96865625,nan,nan,nan,nan
exact,nan,10000.0,212,0.0001779613521648571,0.00012812500000003446,0.968646875,nan,nan,nan,nan
exact,nan,10000.0,213,0.00017795528401620686,0.00013125000000002718,0.9686375,nan,nan,nan,nan
exact,nan,10000.0,214,0.00017795800522435457,0.00012187500000004903,0.968609375,nan,nan,nan,nan
exact,nan,10000.0,215,0.00017795924213714898,0.00010937499999996714,0.968621875,nan,nan,nan,nan
exact,nan,10000.0,216,0.00017795465828385204,9.687499999999627e-05,0.9686375,nan,nan,nan,nan
exact,nan,10000.0,217,0.0001779493468347937,0.00010624999999997442,0.968628125,nan,nan,nan,nan
exact,nan,10000.0,218,0.00017794821178540587,7.500000000004725e-05,0.968621875,nan,nan,nan,nan
exact,nan,10000.0,219,0.00017794754239730537,8.43750000000254e-05,0.968603125,nan,nan,nan,nan
exact,nan,10000.0,220,0.0001779447338776663,8.750000000001812e-05,0.968621875,nan,nan,nan,0.999775
exact,nan,10000.0,221,0.00017794810992199928,8.125000000003268e-05,0.96860625,nan,nan,nan,nan
exact,nan,10000.0,222,0.00017794713494367898,6.87499999999508e-05,0.96861875,nan,nan,nan,nan
exact,nan,10000.0,223,0.00017794569430407137,6.562499999995808e-05,0.968615625,nan,nan,nan,nan
exact,nan,10000.0,224,0.00017795070016290992,5.624999999997993e-05,0.9686125,nan,nan,nan,nan
exact,nan,10000.0,225,0.00017794850282371044,6.87499999999508e-05,0.968609375,nan,nan,nan,nan
exact,nan,10000.0,226,0.00017794618906918913,5.312499999998721e-05,0.96860625,nan,nan,nan,nan
exact,nan,10000.0,227,0.00017794522864278406,4.6875000000001776e-05,0.968603125,nan,nan,nan,nan
exact,nan,10000.0,228,0.00017794474842958152,4.999999999999449e-05,0.968590625,nan,nan,nan,nan
exact,nan,10000.0,229,0.00017794563609641045,5.9374999999972644e-05,0.968603125,nan,nan,nan,nan
exact,nan,10000.0,230,0.00017794512677937746,5.624999999997993e-05,0.968590625,nan,nan,nan,0.999834375
exact,nan,10000.0,231,0.00017794620362110436,6.249999999996536e-05,0.968609375,nan,nan,nan,nan
exact,nan,10000.0,232,0.00017793998995330185,4.6875000000001776e-05,0.968628125,nan,nan,nan,nan
exact,nan,10000.0,233,0.00017794189625419676,6.87499999999508e-05,0.968615625,nan,nan,nan,nan
exact,nan,10000.0,234,0.00017794259474612772,5.624999999997993e-05,0.968603125,nan,nan,nan,nan
exact,nan,10000.0,235,0.00017794384621083736,4.375000000000906e-05,0.96860625,nan,nan,nan,nan
exact,nan,10000.0,236,0.00017794092127587646,3.437500000003091e-05,0.96860625,nan,nan,nan,nan
exact,nan,10000.0,237,0.0001779425365384668,3.125000000003819e-05,0.9686125,nan,nan,nan,nan
exact,nan,10000.0,238,0.00017794036830309778,3.437500000003091e-05,0.9686125,nan,nan,nan,nan
exact,nan,10000.0,239,0.00017794033919926733,3.7500000000023626e-05,0.968615625,nan,nan,nan,nan
exact,nan,10000.0,240,0.00017794004816096276,4.062500000001634e-05,0.96860625,nan,nan,nan,0.999925
exact,nan,10000.0,241,0.00017794060113374144,3.437500000003091e-05,0.968603125,nan,nan,nan,nan
exact,nan,10000.0,242,0.00017794111045077443,3.437500000003091e-05,0.968615625,nan,nan,nan,nan
exact,nan,10000.0,243,0.00017793939332477748,2.187499999994902e-05,0.968621875,nan,nan,nan,nan
exact,nan,10000.0,244,0.0001779415615601465,4.062500000001634e-05,0.968609375,nan,nan,nan,nan
exact,nan,10000.0,245,0.00017793783626984805,3.7500000000023626e-05,0.9686125,nan,nan,nan,nan
exact,nan,10000.0,246,0.00017794131417758763,3.125000000003819e-05,0.968603125,nan,nan,nan,nan
exact,nan,10000.0,247,0.00017794112500268966,2.187499999994902e-05,0.9686,nan,nan,nan,nan
exact,nan,10000.0,248,0.00017794454470276833,2.8125000000045475e-05,0.9686,nan,nan,nan,nan
exact,nan,10000.0,249,0.0001779446320142597,4.062500000001634e-05,0.968596875,nan,nan,nan,nan
exact,nan,10000.0,250,0.00017794336599763483,2.5000000000052758e-05,0.96860625,nan,nan,nan,0.999928125
exact,nan,10000.0,251,0.00017794112500268966,3.437500000003091e-05,0.96860625,nan,nan,nan,nan
exact,nan,10000.0,252,0.00017794208542909473,2.5000000000052758e-05,0.968603125,nan,nan,nan,nan
exact,nan,10000.0,253,0.00017794327868614346,2.187499999994902e-05,0.9686,nan,nan,nan,nan
exact,nan,10000.0,254,0.00017794116865843534,2.8125000000045475e-05,0.96859375,nan,nan,nan,nan
exact,nan,10000.0,255,0.00017793921870179474,4.6875000000001776e-05,0.9686125,nan,nan,nan,nan
exact,nan,10000.0,256,0.00017794228915590793,2.8125000000045475e-05,0.9686,nan,nan,nan,nan
exact,nan,10000.0,257,0.0001779397134669125,3.7500000000023626e-05,0.9686125,nan,nan,nan,nan
exact,nan,10000.0,258,0.00017794182349462062,2.187499999994902e-05,0.968609375,nan,nan,nan,nan
exact,nan,10000.0,259,0.00017793968436308205,2.5000000000052758e-05,0.96861875,nan,nan,nan,nan
exact,nan,10000.0,260,0.0001779419690137729,1.2499999999970868e-05,0.96861875,nan,nan,nan,0.999953125
exact,nan,10000.0,261,0.00017793932056520134,2.5000000000052758e-05,0.96861875,nan,nan,nan,nan
exact,nan,10000.0,262,0.00017794007726479322,2.187499999994902e-05,0.96861875,nan,nan,nan,nan
exact,nan,10000.0,263,0.0001779412414180115,2.5000000000052758e-05,0.9686125,nan,nan,nan,nan
exact,nan,10000.0,264,0.00017794223094824702,3.125000000003819e-05,0.968609375,nan,nan,nan,nan
exact,nan,10000.0,265,0.00017793901497498155,2.8125000000045475e-05,0.968609375,nan,nan,nan,nan
exact,nan,10000.0,266,0.00017794297309592366,3.125000000003819e-05,0.968596875,nan,nan,nan,nan
exact,nan,10000.0,267,0.00017794019368011504,1.5624999999963585e-05,0.968603125,nan,nan,nan,nan
exact,nan,10000.0,268,0.00017794153245631605,2.187499999994902e-05,0.968596875,nan,nan,nan,nan
exact,nan,10000.0,269,0.00017793803999666125,2.5000000000052758e-05,0.9686125,nan,nan,nan,nan
exact,nan,10000.0,270,0.0001779406302375719,2.5000000000052758e-05,0.968603125,nan,nan,nan,0.999971875
exact,nan,10000.0,271,0.00017794362793210894,9.37499999997815e-06,0.968596875,nan,nan,nan,nan
exact,nan,10000.0,272,0.00017794029554352164,2.8125000000045475e-05,0.968603125,nan,nan,nan,nan
exact,nan,10000.0,273,0.00017794070299714804,2.187499999994902e-05,0.968596875,nan,nan,nan,nan
exact,nan,10000.0,274,0.0001779391459422186,9.37499999997815e-06,0.968596875,nan,nan,nan,nan
exact,nan,10000.0,275,0.0001779394078766927,6.249999999985434e-06,0.9686,nan,nan,nan,nan
exact,nan,10000.0,276,0.00017794138693716377,1.5624999999963585e-05,0.968596875,nan,nan,nan,nan
exact,nan,10000.0,277,0.0001779400190571323,2.187499999994902e-05,0.96860625,nan,nan,nan,nan
exact,nan,10000.0,278,0.00017794163431972265,1.5624999999963585e-05,0.9686,nan,nan,nan,nan
exact,nan,10000.0,279,0.0001779394515324384,1.2499999999970868e-05,0.96860625,nan,nan,nan,nan
exact,nan,10000.0,280,0.00017794138693716377,2.187499999994902e-05,0.968609375,nan,nan,nan,0.999971875
exact,nan,10000.0,281,0.00017793998995330185,2.187499999994902e-05,0.968615625,nan,nan,nan,nan
exact,nan,10000.0,282,0.00017793958249967545,3.125000000003819e-05,0.9686125,nan,nan,nan,nan
exact,nan,10000.0,283,0.00017794195446185768,1.87499999999563e-05,0.968603125,nan,nan,nan,nan
exact,nan,10000.0,284,0.00017794234736356884,1.2499999999970868e-05,0.968603125,nan,nan,nan,nan
exact,nan,10000.0,285,0.0001779398589860648,1.5624999999963585e-05,0.96860625,nan,nan,nan,nan
exact,nan,10000.0,286,0.00017794017912819982,2.5000000000052758e-05,0.968609375,nan,nan,nan,nan
exact,nan,10000.0,287,0.0001779415615601465,2.5000000000052758e-05,0.968603125,nan,nan,nan,nan
exact,nan,10000.0,288,0.00017793984443414956,1.2499999999970868e-05,0.968603125,nan,nan,nan,nan
exact,nan,10000.0,289,0.00017794143059290946,2.187499999994902e-05,0.968596875,nan,nan,nan,nan
exact,nan,10000.0,290,0.00017794090672396123,9.37499999997815e-06,0.968603125,nan,nan,nan,0.999984375
exact,nan,10000.0,291,0.0001779410376911983,1.87499999999563e-05,0.968609375,nan,nan,nan,nan
exact,nan,10000.0,292,0.00017794019368011504,2.5000000000052758e-05,0.968621875,nan,nan,nan,nan
exact,nan,10000.0,293,0.0001779415615601465,2.5000000000052758e-05,0.9686,nan,nan,nan,nan
exact,nan,10000.0,294,0.00017794137238524854,1.87499999999563e-05,0.968596875,nan,nan,nan,nan
exact,nan,10000.0,295,0.00017794159066397697,9.37499999997815e-06,0.9686,nan,nan,nan,nan
exact,nan,10000.0,296,0.0001779378071660176,2.5000000000052758e-05,0.968621875,nan,nan,nan,nan
exact,nan,10000.0,297,0.0001779422746039927,2.187499999994902e-05,0.968603125,nan,nan,nan,nan
exact,nan,10000.0,298,0.0001779412996256724,9.37499999997815e-06,0.968603125,nan,nan,nan,nan
exact,nan,10000.0,299,0.00017794057202991098,1.5624999999963585e-05,0.9686,nan,nan,nan,nan
exact,nan,10000.0,300,0.0001779419690137729,1.5624999999963585e-05,0.968609375,nan,nan,nan,0.999975
exact,nan,10000.0,301,0.0001779412996256724,9.37499999997815e-06,0.96860625,nan,nan,nan,nan
exact,nan,10000.0,302,0.00017793988808989525,1.5624999999963585e-05,0.968603125,nan,nan,nan,nan
exact,nan,10000.0,303,0.0001779438171070069,1.5624999999963585e-05,0.96859375,nan,nan,nan,nan
exact,nan,10000.0,304,0.000177941910806112,1.5624999999963585e-05,0.968609375,nan,nan,nan,nan
exact,nan,10000.0,305,0.00017793891311157495,2.187499999994902e-05,0.968615625,nan,nan,nan,nan
exact,nan,10000.0,306,0.00017793913139030337,2.8125000000045475e-05,0.96860625,nan,nan,nan,nan
exact,nan,10000.0,307,0.00017794161976780742,1.2499999999970868e-05,0.96860625,nan,nan,nan,nan
exact,nan,10000.0,308,0.0001779415615601465,1.5624999999963585e-05,0.968603125,nan,nan,nan,nan
exact,nan,10000.0,309,0.00017794111045077443,6.249999999985434e-06,0.968609375,nan,nan,nan,nan
exact,nan,10000.0,310,0.00017793952429201454,1.87499999999563e-05,0.968615625,nan,nan,nan,0.999971875
exact,nan,10000.0,311,0.00017794144514482468,2.8125000000045475e-05,0.9686125,nan,nan,nan,nan
exact,nan,10000.0,312,0.00017794144514482468,1.5624999999963585e-05,0.9686,nan,nan,nan,nan
exact,nan,10000.0,313,0.00017794070299714804,2.187499999994902e-05,0.968603125,nan,nan,nan,nan
exact,nan,10000.0,314,0.0001779417070792988,9.37499999997815e-06,0.968603125,nan,nan,nan,nan
exact,nan,10000.0,315,0.00017793943698052317,1.5624999999963585e-05,0.968609375,nan,nan,nan,nan
exact,nan,10000.0,316,0.0001779416634235531,9.37499999997815e-06,0.96860625,nan,nan,nan,nan
exact,nan,10000.0,317,0.00017794051382225007,1.5624999999963585e-05,0.9686,nan,nan,nan,nan
exact,nan,10000.0,318,0.00017794303130358458,1.87499999999563e-05,0.968596875,nan,nan,nan,nan
exact,nan,10000.0,319,0.0001779410376911983,1.2499999999970868e-05,0.96860625,nan,nan,nan,nan
exact,nan,10000.0,320,0.0001779395097400993,1.2499999999970868e-05,0.968609375,nan,nan,nan,0.99998125
exact,nan,10000.0,321,0.00017794064478948712,1.5624999999963585e-05,0.9686,nan,nan,nan,nan
exact,nan,10000.0,322,0.0001779416634235531,9.37499999997815e-06,0.9686,nan,nan,nan,nan
exact,nan,10000.0,323,0.00017794097948353738,1.87499999999563e-05,0.968609375,nan,nan,nan,nan
exact,nan,10000.0,324,0.0001779410376911983,6.249999999985434e-06,0.96860625,nan,nan,nan,nan
exact,nan,10000.0,325,0.0001779385784175247,2.187499999994902e-05,0.96860625,nan,nan,nan,nan
exact,nan,10000.0,326,0.00017794224550016224,1.87499999999563e-05,0.9686,nan,nan,nan,nan
exact,nan,10000.0,327,0.00017794097948353738,9.37499999997815e-06,0.96860625,nan,nan,nan,nan
exact,nan,10000.0,328,0.00017793958249967545,1.2499999999970868e-05,0.96860625,nan,nan,nan,nan
exact,nan,10000.0,329,0.00017794029554352164,1.87499999999563e-05,0.968609375,nan,nan,nan,nan
exact,nan,10000.0,330,0.00017794236191548407,1.5624999999963585e-05,0.968596875,nan,nan,nan,0.999984375
exact,nan,10000.0,331,0.00017794064478948712,1.87499999999563e-05,0.968609375,nan,nan,nan,nan
exact,nan,10000.0,332,0.00017793932056520134,9.37499999997815e-06,0.96860625,nan,nan,nan,nan
exact,nan,10000.0,333,0.00017794393352232873,1.5624999999963585e-05,0.9686,nan,nan,nan,nan
exact,nan,10000.0,334,0.00017794182349462062,9.37499999997815e-06,0.968603125,nan,nan,nan,nan
exact,nan,10000.0,335,0.00017793900042306632,1.87499999999563e-05,0.96860625,nan,nan,nan,nan
exact,nan,10000.0,336,0.00017793939332477748,1.2499999999970868e-05,0.96860625,nan,nan,nan,nan
exact,nan,10000.0,337,0.0001779417652869597,9.37499999997815e-06,0.968603125,nan,nan,nan,nan
exact,nan,10000.0,338,0.00017794233281165361,1.2499999999970868e-05,0.9686,nan,nan,nan,nan
exact,nan,10000.0,339,0.00017794087762013078,9.37499999997815e-06,0.968603125,nan,nan,nan,nan
exact,nan,10000.0,340,0.00017793846200220287,1.87499999999563e-05,0.96860625,nan,nan,nan,0.99998125
exact,nan,10000.0,341,0.00017794108134694397,1.5624999999963585e-05,0.96860625,nan,nan,nan,nan
exact,nan,10000.0,342,0.00017794192535802722,1.5624999999963585e-05,0.968609375,nan,nan,nan,nan
exact,nan,10000.0,343,0.00017794071754906327,1.2499999999970868e-05,0.968603125,nan,nan,nan,nan
exact,nan,10000.0,344,0.00017794090672396123,1.2499999999970868e-05,0.9686,nan,nan,nan,nan
exact,nan,10000.0,345,0.00017793946608435363,9.37499999997815e-06,0.96860625,nan,nan,nan,nan
exact,nan,10000.0,346,0.00017794147424865514,2.187499999994902e-05,0.968609375,nan,nan,nan,nan
exact,nan,10000.0,347,0.00017794138693716377,1.87499999999563e-05,0.96860625,nan,nan,nan,nan
exact,nan,10000.0,348,0.00017794320592656732,2.5000000000052758e-05,0.968596875,nan,nan,nan,nan
exact,nan,10000.0,349,0.000177940892172046,6.249999999985434e-06,0.9686,nan,nan,nan,nan
exact,nan,10000.0,350,0.00017794044106267393,1.87499999999563e-05,0.968609375,nan,nan,nan,0.999975
exact,nan,10000.0,351,0.00017794071754906327,1.5624999999963585e-05,0.96860625,nan,nan,nan,nan
exact,nan,10000.0,352,0.00017794095037970692,1.87499999999563e-05,0.968603125,nan,nan,nan,nan
exact,nan,10000.0,353,0.00017794077575672418,6.249999999985434e-06,0.9686,nan,nan,nan,nan
exact,nan,10000.0,354,0.00017794153245631605,1.2499999999970868e-05,0.968603125,nan,nan,nan,nan
exact,nan,10000.0,355,0.00017794025188777596,1.5624999999963585e-05,0.968609375,nan,nan,nan,nan
exact,nan,10000.0,356,0.0001779407903086394,2.5000000000052758e-05,0.968609375,nan,nan,nan,nan
exact,nan,10000.0,357,0.00017794077575672418,2.187499999994902e-05,0.968603125,nan,nan,nan,nan
exact,nan,10000.0,358,0.00017794000450521708,1.2499999999970868e-05,0.968603125,nan,nan,nan,nan
exact,nan,10000.0,359,0.00017794127052184194,9.37499999997815e-06,0.96860625,nan,nan,nan,nan
exact,nan,10000.0,360,0.00017794143059290946,1.5624999999963585e-05,0.9686125,nan,nan,nan,0.999978125
exact,nan,10000.0,361,0.00017793993174564093,1.5624999999963585e-05,0.968603125,nan,nan,nan,nan
exact,nan,10000.0,362,0.00017793997540138662,1.2499999999970868e-05,0.9686,nan,nan,nan,nan
exact,nan,10000.0,363,0.00017794167797546834,6.249999999985434e-06,0.9686,nan,nan,nan,nan
exact,nan,10000.0,364,0.00017794122686609626,1.87499999999563e-05,0.9686125,nan,nan,nan,nan
exact,nan,10000.0,365,0.00017794167797546834,1.2499999999970868e-05,0.968603125,nan,nan,nan,nan
exact,nan,10000.0,366,0.000177940062712878,1.2499999999970868e-05,0.9686,nan,nan,nan,nan
exact,nan,10000.0,367,0.000177939553395845,1.2499999999970868e-05,0.96860625,nan,nan,nan,nan
exact,nan,10000.0,368,0.00017794154700823128,1.2499999999970868e-05,0.968603125,nan,nan,nan,nan
exact,nan,10000.0,369,0.00017794045561458915,1.5624999999963585e-05,0.96860625,nan,nan,nan,nan
exact,nan,10000.0,370,0.00017794157611206174,2.5000000000052758e-05,0.968603125,nan,nan,nan,0.999984375
exact,nan,10000.0,371,0.00017794097948353738,1.2499999999970868e-05,0.96860625,nan,nan,nan,nan
exact,nan,10000.0,372,0.00017793932056520134,1.5624999999963585e-05,0.96860625,nan,nan,nan,nan
exact,nan,10000.0,373,0.00017794169252738357,1.2499999999970868e-05,0.968609375,nan,nan,nan,nan
exact,nan,10000.0,374,0.0001779406884452328,1.5624999999963585e-05,0.9686,nan,nan,nan,nan
exact,nan,10000.0,375,0.00017794179439079016,1.2499999999970868e-05,0.9686,nan,nan,nan,nan
exact,nan,10000.0,376,0.00017793936422094703,1.87499999999563e-05,0.968609375,nan,nan,nan,nan
exact,nan,10000.0,377,0.0001779416052158922,1.2499999999970868e-05,0.96860625,nan,nan,nan,nan
exact,nan,10000.0,378,0.00017794067389331758,9.37499999997815e-06,0.968603125,nan,nan,nan,nan
exact,nan,10000.0,379,0.00017794175073504448,1.5624999999963585e-05,0.9686,nan,nan,nan,nan
exact,nan,10000.0,380,0.00017793911683838814,1.87499999999563e-05,0.96860625,nan,nan,nan,0.999990625
exact,nan,10000.0,381,0.00017794175073504448,2.187499999994902e-05,0.968609375,nan,nan,nan,nan
exact,nan,10000.0,382,0.00017794208542909473,9.37499999997815e-06,0.968603125,nan,nan,nan,nan
exact,nan,10000.0,383,0.00017794000450521708,1.5624999999963585e-05,0.9686,nan,nan,nan,nan
exact,nan,10000.0,384,0.000177940382855013,9.37499999997815e-06,0.968603125,nan,nan,nan,nan
exact,nan,10000.0,385,0.00017794173618312925,1.87499999999563e-05,0.968609375,nan,nan,nan,nan
exact,nan,10000.0,386,0.00017794224550016224,1.2499999999970868e-05,0.968603125,nan,nan,nan,nan
exact,nan,10000.0,387,0.00017793987353798002,1.87499999999563e-05,0.968603125,nan,nan,nan,nan
exact,nan,10000.0,388,0.00017793936422094703,1.2499999999970868e-05,0.968603125,nan,nan,nan,nan
exact,nan,10000.0,389,0.00017794108134694397,1.2499999999970868e-05,0.96860625,nan,nan,nan,nan
exact,nan,10000.0,390,0.00017794239101931453,1.2499999999970868e-05,0.96860625,nan,nan,nan,0.999978125
exact,nan,10000.0,391,0.00017793998995330185,1.5624999999963585e-05,0.9686,nan,nan,nan,nan
exact,nan,10000.0,392,0.00017793933511711657,9.37499999997815e-06,0.968603125,nan,nan,nan,nan
exact,nan,10000.0,393,0.00017794172163121402,1.5624999999963585e-05,0.96860625,nan,nan,nan,nan
exact,nan,10000.0,394,0.00017794189625419676,9.37499999997815e-06,0.96860625,nan,nan,nan,nan
exact,nan,10000.0,395,0.00017794004816096276,1.87499999999563e-05,0.968603125,nan,nan,nan,nan
exact,nan,10000.0,396,0.00017794070299714804,9.37499999997815e-06,0.968603125,nan,nan,nan,nan
exact,nan,10000.0,397,0.00017794164887163788,1.5624999999963585e-05,0.96860625,nan,nan,nan,nan
exact,nan,10000.0,398,0.00017794231825973839,3.124999999992717e-06,0.968603125,nan,nan,nan,nan
exact,nan,10000.0,399,0.0001779395097400993,1.5624999999963585e-05,0.968603125,nan,nan,nan,nan
exact,nan,10000.0,400,0.00017793939332477748,1.5624999999963585e-05,0.96860625,nan,nan,nan,0.9999875
exact,nan,10000.0,401,0.0001779416052158922,1.2499999999970868e-05,0.968603125,nan,nan,nan,nan
exact,nan,10000.0,402,0.00017794239101931453,6.249999999985434e-06,0.968603125,nan,nan,nan,nan
exact,nan,10000.0,403,0.00017794004816096276,9.37499999997815e-06,0.968603125,nan,nan,nan,nan
exact,nan,10000.0,404,0.0001779394515324384,1.87499999999563e-05,0.96860625,nan,nan,nan,nan
exact,nan,10000.0,405,0.0001779410376911983,1.2499999999970868e-05,0.96860625,nan,nan,nan,nan
exact,nan,10000.0,406,0.00017794070299714804,1.5624999999963585e-05,0.968603125,nan,nan,nan,nan
exact,nan,10000.0,407,0.00017794134328141809,1.5624999999963585e-05,0.968603125,nan,nan,nan,nan
exact,nan,10000.0,408,0.00017794108134694397,1.5624999999963585e-05,0.968603125,nan,nan,nan,nan
exact,nan,10000.0,409,0.00017793993174564093,9.37499999997815e-06,0.96860625,nan,nan,nan,nan
exact,nan,10000.0,410,0.00017794242012314498,2.187499999994902e-05,0.96860625,nan,nan,nan,0.999975
exact,nan,10000.0,411,0.00017794100858736783,2.187499999994902e-05,0.9686,nan,nan,nan,nan
exact,nan,10000.0,412,0.00017793926235754043,1.87499999999563e-05,0.96860625,nan,nan,nan,nan
exact,nan,10000.0,413,0.0001779399608494714,1.2499999999970868e-05,0.96860625,nan,nan,nan,nan
exact,nan,10000.0,414,0.0001779418671503663,1.87499999999563e-05,0.96860625,nan,nan,nan,nan
exact,nan,10000.0,415,0.00017794159066397697,1.2499999999970868e-05,0.968596875,nan,nan,nan,nan
exact,nan,10000.0,416,0.00017793929146137089,9.37499999997815e-06,0.96860625,nan,nan,nan,nan
exact,nan,10000.0,417,0.00017794004816096276,1.2499999999970868e-05,0.968609375,nan,nan,nan,nan
exact,nan,10000.0,418,0.00017794234736356884,1.87499999999563e-05,0.9686,nan,nan,nan,nan
exact,nan,10000.0,419,0.0001779399608494714,1.2499999999970868e-05,0.9686,nan,nan,nan,nan
exact,nan,10000.0,420,0.00017794102313928306,1.2499999999970868e-05,0.96860625,nan,nan,nan,0.9999875
exact,nan,10000.0,421,0.00017794108134694397,1.2499999999970868e-05,0.968609375,nan,nan,nan,nan
exact,nan,10000.0,422,0.00017794057202991098,1.5624999999963585e-05,0.9686,nan,nan,nan,nan
exact,nan,10000.0,423,0.00017794239101931453,1.2499999999970868e-05,0.9686,nan,nan,nan,nan
exact,nan,10000.0,424,0.00017794100858736783,9.37499999997815e-06,0.96860625,nan,nan,nan,nan
exact,nan,10000.0,425,0.00017793998995330185,1.2499999999970868e-05,0.968609375,nan,nan,nan,nan
exact,nan,10000.0,426,0.00017794004816096276,1.87499999999563e-05,0.968603125,nan,nan,nan,nan
exact,nan,10000.0,427,0.00017794209998100996,1.5624999999963585e-05,0.968596875,nan,nan,nan,nan
exact,nan,10000.0,428,0.00017794106679502875,1.5624999999963585e-05,0.96860625,nan,nan,nan,nan
exact,nan,10000.0,429,0.00017793998995330185,9.37499999997815e-06,0.96860625,nan,nan,nan,nan
exact,nan,10000.0,430,0.00017794065934140235,1.5624999999963585e-05,0.968603125,nan,nan,nan,0.99998125
exact,nan,10000.0,431,0.0001779411977622658,1.5624999999963585e-05,0.9686,nan,nan,nan,nan
exact,nan,10000.0,432,0.0001779407903086394,1.87499999999563e-05,0.96860625,nan,nan,nan,nan
exact,nan,10000.0,433,0.00017794004816096276,9.37499999997815e-06,0.968609375,nan,nan,nan,nan
exact,nan,10000.0,434,0.00017794070299714804,1.87499999999563e-05,0.968603125,nan,nan,nan,nan
exact,nan,10000.0,435,0.00017794169252738357,1.2499999999970868e-05,0.968596875,nan,nan,nan,nan
exact,nan,10000.0,436,0.00017793885490391403,2.187499999994902e-05,0.9686125,nan,nan,nan,nan
exact,nan,10000.0,437,0.00017794167797546834,1.2499999999970868e-05,0.96860625,nan,nan,nan,nan
exact,nan,10000.0,438,0.0001779422746039927,1.2499999999970868e-05,0.9686,nan,nan,nan,nan
exact,nan,10000.0,439,0.00017794004816096276,9.37499999997815e-06,0.9686,nan,nan,nan,nan
exact,nan,10000.0,440,0.00017794009181670845,1.87499999999563e-05,0.968609375,nan,nan,nan,0.99998125
exact,nan,10000.0,441,0.00017794137238524854,1.5624999999963585e-05,0.968603125,nan,nan,nan,nan
exact,nan,10000.0,442,0.00017794233281165361,1.2499999999970868e-05,0.9686,nan,nan,nan,nan
exact,nan,10000.0,443,0.00017793948063626885,1.2499999999970868e-05,0.968603125,nan,nan,nan,nan
exact,nan,10000.0,444,0.0001779394515324384,1.87499999999563e-05,0.968609375,nan,nan,nan,nan
exact,nan,10000.0,445,0.00017794163431972265,1.2499999999970868e-05,0.96860625,nan,nan,nan,nan
exact,nan,10000.0,446,0.0001779406302375719,1.2499999999970868e-05,0.9686,nan,nan,nan,nan
exact,nan,10000.0,447,0.00017794169252738357,9.37499999997815e-06,0.9686,nan,nan,nan,nan
exact,nan,10000.0,448,0.00017793943698052317,9.37499999997815e-06,0.968609375,nan,nan,nan,nan
exact,nan,10000.0,449,0.00017794111045077443,1.2499999999970868e-05,0.96860625,nan,nan,nan,nan
exact,nan,10000.0,450,0.0001779412414180115,1.87499999999563e-05,0.968603125,nan,nan,nan,0.999978125
exact,nan,10000.0,451,0.00017794148880057037,1.5624999999963585e-05,0.9686,nan,nan,nan,nan
exact,nan,10000.0,452,0.00017793921870179474,1.87499999999563e-05,0.968609375,nan,nan,nan,nan
exact,nan,10000.0,453,0.00017794004816096276,1.2499999999970868e-05,0.968609375,nan,nan,nan,nan
exact,nan,10000.0,454,0.00017794175073504448,1.87499999999563e-05,0.968603125,nan,nan,nan,nan
exact,nan,10000.0,455,0.0001779420708771795,1.2499999999970868e-05,0.968603125,nan,nan,nan,nan
exact,nan,10000.0,456,0.00017793968436308205,2.8125000000045475e-05,0.96860625,nan,nan,nan,nan
exact,nan,10000.0,457,0.00017794010636862367,2.187499999994902e-05,0.968609375,nan,nan,nan,nan
exact,nan,10000.0,458,0.00017794182349462062,1.2499999999970868e-05,0.968603125,nan,nan,nan,nan
exact,nan,10000.0,459,0.00017794231825973839,1.5624999999963585e-05,0.9686,nan,nan,nan,nan
exact,nan,10000.0,460,0.00017793933511711657,1.5624999999963585e-05,0.96860625,nan,nan,nan,0.9999875
exact,nan,10000.0,461,0.00017794010636862367,1.2499999999970868e-05,0.968609375,nan,nan,nan,nan
exact,nan,10000.0,462,0.00017794233281165361,1.2499999999970868e-05,0.968596875,nan,nan,nan,nan
exact,nan,10000.0,463,0.00017794060113374144,1.2499999999970868e-05,0.968603125,nan,nan,nan,nan
exact,nan,10000.0,464,0.000177940892172046,1.87499999999563e-05,0.968609375,nan,nan,nan,nan
exact,nan,10000.0,465,0.00017794100858736783,1.87499999999563e-05,0.968603125,nan,nan,nan,nan
exact,nan,10000.0,466,0.00017794064478948712,1.2499999999970868e-05,0.968603125,nan,nan,nan,nan
exact,nan,10000.0,467,0.0001779415033524856,2.187499999994902e-05,0.968603125,nan,nan,nan,nan
exact,nan,10000.0,468,0.00017794096493162215,1.87499999999563e-05,0.968603125,nan,nan,nan,nan
exact,nan,10000.0,469,0.00017793952429201454,1.2499999999970868e-05,0.9686125,nan,nan,nan,nan
exact,nan,10000.0,470,0.00017794202722143382,2.187499999994902e-05,0.9686,nan,nan,nan,0.9999875
exact,nan,10000.0,471,0.00017794067389331758,1.87499999999563e-05,0.9686,nan,nan,nan,nan
exact,nan,10000.0,472,0.0001779407903086394,1.87499999999563e-05,0.96860625,nan,nan,nan,nan
exact,nan,10000.0,473,0.000177940062712878,1.5624999999963585e-05,0.9686125,nan,nan,nan,nan
exact,nan,10000.0,474,0.00017794231825973839,1.2499999999970868e-05,0.9686,nan,nan,nan,nan
exact,nan,10000.0,475,0.00017794015002436936,2.5000000000052758e-05,0.96860625,nan,nan,nan,nan
exact,nan,10000.0,476,0.00017793932056520134,2.8125000000045475e-05,0.9686125,nan,nan,nan,nan
exact,nan,10000.0,477,0.0001779410376911983,1.87499999999563e-05,0.968603125,nan,nan,nan,nan
exact,nan,10000.0,478,0.00017794236191548407,1.2499999999970868e-05,0.968603125,nan,nan,nan,nan
exact,nan,10000.0,479,0.00017794019368011504,2.187499999994902e-05,0.968603125,nan,nan,nan,nan
exact,nan,10000.0,480,0.0001779392478056252,2.8125000000045475e-05,0.968609375,nan,nan,nan,0.9999875
exact,nan,10000.0,481,0.0001779410376911983,1.5624999999963585e-05,0.96860625,nan,nan,nan,nan
exact,nan,10000.0,482,0.00017794064478948712,1.5624999999963585e-05,0.968603125,nan,nan,nan,nan
exact,nan,10000.0,483,0.0001779420708771795,2.5000000000052758e-05,0.96860625,nan,nan,nan,nan
exact,nan,10000.0,484,0.0001779391459422186,2.187499999994902e-05,0.96860625,nan,nan,nan,nan
exact,nan,10000.0,485,0.00017794159066397697,1.2499999999970868e-05,0.9686,nan,nan,nan,nan
exact,nan,10000.0,486,0.0001779407903086394,1.5624999999963585e-05,0.968609375,nan,nan,nan,nan
exact,nan,10000.0,487,0.00017794202722143382,1.5624999999963585e-05,0.96860625,nan,nan,nan,nan
exact,nan,10000.0,488,0.00017793911683838814,2.187499999994902e-05,0.968603125,nan,nan,nan,nan
exact,nan,10000.0,489,0.00017793932056520134,1.87499999999563e-05,0.968609375,nan,nan,nan,nan
exact,nan,10000.0,490,0.00017794228915590793,1.87499999999563e-05,0.968603125,nan,nan,nan,0.99998125
exact,nan,10000.0,491,0.0001779420126695186,1.5624999999963585e-05,0.96860625,nan,nan,nan,nan
exact,nan,10000.0,492,0.00017793902952689677,2.5000000000052758e-05,0.96860625,nan,nan,nan,nan
exact,nan,10000.0,493,0.00017793920414987952,2.5000000000052758e-05,0.968609375,nan,nan,nan,nan
exact,nan,10000.0,494,0.00017794228915590793,1.87499999999563e-05,0.9686,nan,nan,nan,nan
exact,nan,10000.0,495,0.00017794041195884347,2.187499999994902e-05,0.968609375,nan,nan,nan,nan
exact,nan,10000.0,496,0.0001779409358277917,1.5624999999963585e-05,0.968603125,nan,nan,nan,nan
exact,nan,10000.0,497,0.00017793993174564093,9.37499999997815e-06,0.968603125,nan,nan,nan,nan
exact,nan,10000.0,498,0.00017794025188777596,1.87499999999563e-05,0.968609375,nan,nan,nan,nan
exact,nan,10000.0,499,0.00017794198356568813,2.187499999994902e-05,0.96860625,nan,nan,nan,nan
exact,nan,10000.0,500,0.0001779406302375719,2.187499999994902e-05,0.9686,nan,nan,nan,1.0
